task_id,title,owner_team,status,canonical_state,strategy_acceptance,data_readiness,parent_task,key_report,key_decision,key_artifacts,validation_command,notes
Task489,Broad Regime Intraday Cell Portfolio,Regime Research,Accepted,canonical,diagnostic-only,raw-ready,Task488,docs/reports/task_489_broad_regime_cell_portfolio/task_489_broad_regime_cell_portfolio.md,docs/reports/task_489_broad_regime_cell_portfolio/task_489_decision.csv,docs/reports/task_489_broad_regime_cell_portfolio,python -m unittest tests.test_task489_broad_regime_cell_portfolio,Current outer market/theme regime gate
Task490R,Firm-Grade Intraday Continuation Validation,Intraday Continuation Research,Diagnostic Only,diagnostic,diagnostic-only,raw-ready,Task489,docs/reports/task_490r_firm_grade_intraday_continuation_validation/task_490r_firm_grade_intraday_continuation_validation.md,docs/reports/task_490r_firm_grade_intraday_continuation_validation/task_decision.csv,docs/reports/task_490r_firm_grade_intraday_continuation_validation,python -m unittest tests.test_task490r_firm_grade_intraday_continuation_validation,OHLCV/VWAP high-return sleeve undercovered
Task491,Intraday Continuation Grid Development Loop,Intraday Continuation Research,Accepted,active,diagnostic-only,raw-ready,Task490R,docs/reports/task_491_intraday_continuation_grid_development/task_491_intraday_continuation_grid_development.md,docs/reports/task_491_intraday_continuation_grid_development/grid_development_decision.csv,docs/reports/task_491_intraday_continuation_grid_development,python -m unittest tests.test_task491_intraday_continuation_grid_development,Secondary pass with OHLCV/VWAP
Task492,Microstructure Source Collection,Data & Market Microstructure,Accepted,active,not-applicable,partial-source,Task491,docs/reports/task_492_microstructure_source_collection/task_492_microstructure_source_collection.md,docs/reports/task_492_microstructure_source_collection/task_492_decision.csv,docs/reports/task_492_microstructure_source_collection,python -m unittest tests.test_task492_microstructure_source_collection,Historical NBBO quote feature layer
Task493,Microstructure Enhanced Continuation Grid,Intraday Continuation Research,Accepted,canonical,diagnostic-only,partial-source,Task492,docs/reports/task_493_microstructure_enhanced_continuation_grid/task_493_microstructure_enhanced_continuation_grid.md,docs/reports/task_493_microstructure_enhanced_continuation_grid/task_493_decision.csv,docs/reports/task_493_microstructure_enhanced_continuation_grid,python -m unittest tests.test_task493_microstructure_enhanced_continuation_grid,Primary diagnostic pass after spread/NBBO size overlay
Task494,Microstructure Goal Synthesis,Research Governance,Accepted,active,diagnostic-only,partial-source,Task493,docs/reports/task_494_microstructure_goal_synthesis/task494_microstructure_goal_synthesis.md,docs/reports/task_494_microstructure_goal_synthesis/task491_vs_task493_goal_comparison.csv,docs/reports/task_494_microstructure_goal_synthesis,python -m src.backtest.analysis_structural_breakout_task494_microstructure_goal_synthesis,Task491 vs Task493 synthesis
Task495,Microstructure Live Source Readiness,Data & Market Microstructure,Accepted,canonical,not-applicable,live-ready,Task493,docs/reports/task_495_microstructure_live_source_readiness/task_495_microstructure_live_source_readiness.md,docs/reports/task_495_microstructure_live_source_readiness/task_495_decision.csv,docs/reports/task_495_microstructure_live_source_readiness,python -m unittest tests.test_task495_microstructure_live_source_readiness,Live quote/status/LULD archive ready; full depth provider required
Task496,Multi-Day Market Theme Regime V4,Regime Research,Accepted,active,diagnostic-only,partial-source,Task493,docs/reports/task_496_multi_day_regime_v4/task_496_multi_day_regime_v4.md,docs/reports/task_496_multi_day_regime_v4/task_496_decision.csv,docs/reports/task_496_multi_day_regime_v4,python -m unittest tests.test_task496_multi_day_regime_v4,Multi-day regime rebuilt separately from intraday continuation
Task497,Intraday Continuation Structure Separation,Intraday Continuation Research,Accepted,active,diagnostic-only,partial-source,Task496,docs/reports/task_497_intraday_continuation_structure/task_497_intraday_continuation_structure.md,docs/reports/task_497_intraday_continuation_structure/task_497_decision.csv,docs/reports/task_497_intraday_continuation_structure,python -m unittest tests.test_task497_intraday_continuation_structure,Entry-safe intraday continuation state separation
Task498,Entry Reduce Failure Root Cause Decomposition,Intraday Continuation Research,Accepted,active,diagnostic-only,partial-source,Task497,docs/reports/task_498_entry_reduce_failure_decomposition/task_498_entry_reduce_failure_decomposition.md,docs/reports/task_498_entry_reduce_failure_decomposition/task_498_decision.csv,docs/reports/task_498_entry_reduce_failure_decomposition,python -m unittest tests.test_task498_entry_reduce_failure_decomposition,Entry reduce failure root causes quantified
Task499,Regime Intraday Continuation Grid,Backtest & Simulation Infra,Accepted,active,diagnostic-only,partial-source,Task498,docs/reports/task_499_regime_intraday_continuation_grid/task_499_regime_intraday_continuation_grid.md,docs/reports/task_499_regime_intraday_continuation_grid/task_499_decision.csv,docs/reports/task_499_regime_intraday_continuation_grid,python -m unittest tests.test_task499_regime_intraday_continuation_grid,Goal grid diagnostic did not pass due holding horizon and avg net blockers
Task500,Goal Loop Synthesis,Research Governance,Accepted,active,diagnostic-only,partial-source,Task499,docs/reports/task_500_goal_loop_synthesis/task_500_goal_loop_synthesis.md,docs/reports/task_500_goal_loop_synthesis/task_500_decision.csv,docs/reports/task_500_goal_loop_synthesis,python -m unittest tests.test_task500_goal_loop_synthesis,Next iteration plan generated from measured blockers
Task501,Multi-Day Continuation Policy Rebuild,Backtest & Simulation Infra,Accepted,active,diagnostic-only,partial-source,Task500,docs/reports/task_501_multiday_continuation_policy_rebuild/task_501_multiday_continuation_policy_rebuild.md,docs/reports/task_501_multiday_continuation_policy_rebuild/task_501_decision.csv,docs/reports/task_501_multiday_continuation_policy_rebuild,python -m unittest tests.test_task501_multiday_continuation_policy_rebuild,Multi-day raw daily policy simulation fixed holding horizon but failed win and entry-reduce targets
Task502,Goal Feasibility Audit,Research Governance,Accepted,active,diagnostic-only,partial-source,Task501,docs/reports/task_502_goal_feasibility_audit/task_502_goal_feasibility_audit.md,docs/reports/task_502_goal_feasibility_audit/task_502_decision.csv,docs/reports/task_502_goal_feasibility_audit,python -m unittest tests.test_task502_goal_feasibility_audit,Current entry population cannot meet count 300-600 win 65 and entry-reduce 20 after multi-day policy simulation
Task503,Multi-Day Entry Population Rebuild,Intraday Continuation Research,Accepted,active,diagnostic-only,partial-source,Task502,docs/reports/task_503_multiday_entry_population_rebuild/task_503_multiday_entry_population_rebuild.md,docs/reports/task_503_multiday_entry_population_rebuild/task_503_decision.csv,docs/reports/task_503_multiday_entry_population_rebuild,python -m unittest tests.test_task503_multiday_entry_population_rebuild,Raw daily and intraday entry population rebuilt for multi-day continuation
Task504,Multi-Day Entry Cell Portfolio,Backtest & Simulation Infra,Accepted,active,diagnostic-only,partial-source,Task503,docs/reports/task_504_multiday_entry_cell_portfolio/task_504_multiday_entry_cell_portfolio.md,docs/reports/task_504_multiday_entry_cell_portfolio/task_504_decision.csv,docs/reports/task_504_multiday_entry_cell_portfolio,python -m unittest tests.test_task504_multiday_entry_cell_portfolio,Goal metrics passed on diagnostic raw-built multi-day entry cell portfolio
Task505,Two-Year PnL Grid,Backtest & Simulation Infra,Accepted,active,diagnostic-only,partial-source,Task504,docs/reports/task_505_two_year_pnl_grid/task_505_two_year_pnl_grid.md,docs/reports/task_505_two_year_pnl_grid/task_505_decision.csv,docs/reports/task_505_two_year_pnl_grid,python -m unittest tests.test_task505_two_year_pnl_grid,Best two-year diagnostic capital PnL grid selected from exact lifecycle population
Task506,Analyst Team Source Audit,Research Governance,Accepted,active,not-applicable,partial-source,Task505,docs/reports/task_506_analyst_team_source_audit/task_506_analyst_team_source_audit.md,docs/reports/task_506_analyst_team_source_audit/task_506_decision.csv,docs/reports/task_506_analyst_team_source_audit,python -m unittest tests.test_task506_507_analyst_team_harmonization,Four analyst team source availability audited without missing-source approximation
Task507,Analyst Harmonized Trading Logic,Research Governance,Accepted,active,diagnostic-only,blocked-source,Task506,docs/reports/task_507_analyst_harmonized_trading_logic/task_507_analyst_harmonized_trading_logic.md,docs/reports/task_507_analyst_harmonized_trading_logic/task_507_decision.csv,docs/reports/task_507_analyst_harmonized_trading_logic,python -m unittest tests.test_task506_507_analyst_team_harmonization,Technical-only diagnostic overlay; full four-analyst harmonization blocked by missing raw sources
Task508,Cost Stress Validation,Backtest & Simulation Infra,Accepted,active,diagnostic-only,partial-source,Task505,docs/reports/task_508_cost_stress_validation/task_508_cost_stress_validation.md,docs/reports/task_508_cost_stress_validation/task_508_decision.csv,docs/reports/task_508_cost_stress_validation,python -m unittest tests.test_task508_511_task505_validation,Explicit round-trip cost stress added to Task505 best strategy
Task509,Walk Forward OOS Validation,Backtest & Simulation Infra,Accepted,active,diagnostic-only,partial-source,Task505,docs/reports/task_509_walk_forward_oos_validation/task_509_walk_forward_oos_validation.md,docs/reports/task_509_walk_forward_oos_validation/task_509_decision.csv,docs/reports/task_509_walk_forward_oos_validation,python -m unittest tests.test_task508_511_task505_validation,Quarterly walk-forward audit exposes hindsight grid selection degradation
Task510,Entry Reduce Failure Decomposition,Intraday Continuation Research,Accepted,active,diagnostic-only,partial-source,Task505,docs/reports/task_510_entry_reduce_failure_decomposition/task_510_entry_reduce_failure_decomposition.md,docs/reports/task_510_entry_reduce_failure_decomposition/task_510_decision.csv,docs/reports/task_510_entry_reduce_failure_decomposition,python -m unittest tests.test_task508_511_task505_validation,Task505 entry-reduce failures decomposed by theme timing and continuation setup
Task511,Live Source Feature Revalidation,Data & Market Microstructure,Accepted,active,not-applicable,blocked-source,Task505,docs/reports/task_511_live_source_feature_revalidation/task_511_live_source_feature_revalidation.md,docs/reports/task_511_live_source_feature_revalidation/task_511_decision.csv,docs/reports/task_511_live_source_feature_revalidation,python -m unittest tests.test_task508_511_task505_validation,Live-source-grade revalidation blocked by missing raw receive timestamps historical status LULD and full depth book
Task512,Backtest Correctness Overfit Audit,Research Governance,Accepted,active,diagnostic-only,partial-source,Task505,docs/reports/task_512_backtest_correctness_overfit_audit/task_512_backtest_correctness_overfit_audit.md,docs/reports/task_512_backtest_correctness_overfit_audit/task_512_decision.csv,docs/reports/task_512_backtest_correctness_overfit_audit,python -m unittest tests.test_task512_backtest_correctness_overfit_audit,Task505 firm-grade audit fails due walk-forward degradation quarter collapse and concentration
Task513,Deterministic Event Replay Engine,Backtest & Simulation Infra,Accepted,active,diagnostic-only,partial-source,Task512,docs/reports/task_513_deterministic_event_replay_engine/task_513_deterministic_event_replay_engine.md,docs/reports/task_513_deterministic_event_replay_engine/task_513_decision.csv,docs/reports/task_513_deterministic_event_replay_engine,python -m unittest tests.test_task513_deterministic_event_replay_engine,Deterministic replay v1 produces stable event hash but lacks receive timestamps
Task514,Live Source Data Contract,Data & Market Microstructure,Accepted,active,not-applicable,blocked-source,Task513,docs/reports/task_514_live_source_data_contract/task_514_live_source_data_contract.md,docs/reports/task_514_live_source_data_contract/task_514_decision.csv,docs/reports/task_514_live_source_data_contract,python -m unittest tests.test_task514_live_source_data_contract,Live-source contract blocks full firm-grade validation until missing raw sources are collected
Task515,Portfolio Execution Realism,Execution & Risk,Accepted,active,diagnostic-only,blocked-source,Task513,docs/reports/task_515_portfolio_execution_realism/task_515_portfolio_execution_realism.md,docs/reports/task_515_portfolio_execution_realism/task_515_decision.csv,docs/reports/task_515_portfolio_execution_realism,python -m unittest tests.test_task515_portfolio_execution_realism,Execution realism scenarios remain diagnostic because broker truth fills status LULD and depth are unavailable
Task516,Vectorized Discovery Layer,Intraday Continuation Research,Accepted,active,diagnostic-only,partial-source,Task512,docs/reports/task_516_vectorized_discovery_layer/task_516_vectorized_discovery_layer.md,docs/reports/task_516_vectorized_discovery_layer/task_516_decision.csv,docs/reports/task_516_vectorized_discovery_layer,python -m unittest tests.test_task516_vectorized_discovery_layer,Fast discovery queue built; top candidates require deterministic replay before interpretation
Task517,Raw Native Deterministic Replay,Backtest & Simulation Infra,Accepted,active,diagnostic-only,partial-source,Task513,docs/reports/task_517_raw_native_deterministic_replay/task_517_raw_native_deterministic_replay.md,docs/reports/task_517_raw_native_deterministic_replay/task_517_decision.csv,docs/reports/task_517_raw_native_deterministic_replay,python -m unittest tests.test_task517_522_firm_grade_completion,Raw intraday native replay complete for Task505 rows but receive timestamp remains unavailable
Task518,Firm Grade Overfit Statistics,Research Governance,Accepted,active,diagnostic-only,partial-source,Task512,docs/reports/task_518_firm_grade_overfit_statistics/task_518_firm_grade_overfit_statistics.md,docs/reports/task_518_firm_grade_overfit_statistics/task_518_decision.csv,docs/reports/task_518_firm_grade_overfit_statistics,python -m unittest tests.test_task517_522_firm_grade_completion,Top family positive folds strong but entry-reduce remains above firm-grade threshold
Task519,Broker Truth Execution Readiness,Execution & Risk,Accepted,active,not-applicable,blocked-source,Task515,docs/reports/task_519_broker_truth_execution_readiness/task_519_broker_truth_execution_readiness.md,docs/reports/task_519_broker_truth_execution_readiness/task_519_decision.csv,docs/reports/task_519_broker_truth_execution_readiness,python -m unittest tests.test_task517_522_firm_grade_completion,Broker truth fill and historical halt LULD execution blockers remain
Task520,Live Source Acquisition Loop,Data & Market Microstructure,Accepted,active,not-applicable,blocked-source,Task514,docs/reports/task_520_live_source_acquisition_loop/task_520_live_source_acquisition_loop.md,docs/reports/task_520_live_source_acquisition_loop/task_520_decision.csv,docs/reports/task_520_live_source_acquisition_loop,python -m unittest tests.test_task517_522_firm_grade_completion,Live stream archive partially ready; order fill archive and full depth provider remain next blockers
Task521,Replay Queued Discovery Grid,Backtest & Simulation Infra,Accepted,active,diagnostic-only,partial-source,Task516,docs/reports/task_521_replay_queued_discovery_grid/task_521_replay_queued_discovery_grid.md,docs/reports/task_521_replay_queued_discovery_grid/task_521_decision.csv,docs/reports/task_521_replay_queued_discovery_grid,python -m unittest tests.test_task517_522_firm_grade_completion,Task516 top 25 replay queue evaluated under deterministic diagnostic replay
Task522,Firm Grade Promotion Gate,Research Governance,Accepted,active,diagnostic-only,blocked-source,Task517,docs/reports/task_522_firm_grade_promotion_gate/task_522_firm_grade_promotion_gate.md,docs/reports/task_522_firm_grade_promotion_gate/task_522_decision.csv,docs/reports/task_522_firm_grade_promotion_gate,python -m unittest tests.test_task517_522_firm_grade_completion,Firm-grade promotion blocked: overfit statistics broker truth execution and full live-source gate failed
Task523,Receive Timestamp Replay,Backtest & Simulation Infra,Accepted,active,not-applicable,blocked-source,Task517,docs/reports/task_523_receive_timestamp_replay/task_523_receive_timestamp_replay.md,docs/reports/task_523_receive_timestamp_replay/task_523_decision.csv,docs/reports/task_523_receive_timestamp_replay,python -m unittest tests.test_task523_receive_timestamp_replay,Historical Task505 replay separated from receive-timestamp live replay; all Task505 decisions lack receive_ts
Task524,Entry Reduce Suppression OOS,Intraday Continuation Research,Accepted,active,diagnostic-only,partial-source,Task518,docs/reports/task_524_entry_reduce_suppression_oos/task_524_entry_reduce_suppression_oos.md,docs/reports/task_524_entry_reduce_suppression_oos/task_524_decision.csv,docs/reports/task_524_entry_reduce_suppression_oos,python -m unittest tests.test_task524_entry_reduce_suppression_oos,Suppression families tested OOS; best trend-persistence-only nearly passes but entry-reduce remains above 30 percent
Task525,Broker Order Fill Archive Contract,Execution & Risk,Accepted,active,not-applicable,blocked-source,Task519,docs/reports/task_525_broker_order_fill_archive_contract/task_525_broker_order_fill_archive_contract.md,docs/reports/task_525_broker_order_fill_archive_contract/task_525_decision.csv,docs/reports/task_525_broker_order_fill_archive_contract,python -m unittest tests.test_task525_broker_order_fill_archive_contract,Broker order/fill archive schema and lineage contract defined; collector not yet implemented
Task526,Depth Scope Decision,Data & Market Microstructure,Accepted,active,not-applicable,blocked-source,Task520,docs/reports/task_526_depth_scope_decision/task_526_depth_scope_decision.md,docs/reports/task_526_depth_scope_decision/task_526_decision.csv,docs/reports/task_526_depth_scope_decision,python -m unittest tests.test_task526_depth_scope_decision,NBBO-only paper/shadow scope allowed; deployment-grade full-depth remains blocked without provider
Task527,Replay Queue Promotion Rerun,Research Governance,Accepted,active,diagnostic-only,partial-source,Task521,docs/reports/task_527_replay_queue_promotion_rerun/task_527_replay_queue_promotion_rerun.md,docs/reports/task_527_replay_queue_promotion_rerun/task_527_decision.csv,docs/reports/task_527_replay_queue_promotion_rerun,python -m unittest tests.test_task527_replay_queue_promotion_rerun,Replay queue rerun produced terminal decision; no promotion until suppression OOS passes
Task528,Firm Grade Gate V2,Research Governance,Accepted,active,diagnostic-only,blocked-source,Task527,docs/reports/task_528_firm_grade_gate_v2/task_528_firm_grade_gate_v2.md,docs/reports/task_528_firm_grade_gate_v2/task_528_decision.csv,docs/reports/task_528_firm_grade_gate_v2,python -m unittest tests.test_task528_firm_grade_gate_v2,Gate V2 emits next action queue; current decision needs suppression rerun and live-source collection
Task529,Trend Persistence Entry-Safe Refinement,Intraday Continuation Research,Accepted,active,diagnostic-only,partial-source,Task528,docs/reports/task_529_trend_persistence_entry_safe_refinement/task_529_trend_persistence_entry_safe_refinement.md,docs/reports/task_529_trend_persistence_entry_safe_refinement/task_529_decision.csv,docs/reports/task_529_trend_persistence_entry_safe_refinement,python -m unittest tests.test_task529_530_trend_persistence_refinement,Entry-safe close-position refinement passes OOS suppression target for trend-persistence family
Task530,Paper Shadow Candidate Rerun,Research Governance,Accepted,active,diagnostic-only,partial-source,Task529,docs/reports/task_530_paper_shadow_candidate_rerun/task_530_paper_shadow_candidate_rerun.md,docs/reports/task_530_paper_shadow_candidate_rerun/task_530_decision.csv,docs/reports/task_530_paper_shadow_candidate_rerun,python -m unittest tests.test_task529_530_trend_persistence_refinement,NBBO-only scope-limited paper shadow candidate promoted from Task529 refinement
Task531,Paper Shadow Order Fill Archive,Execution & Risk,Accepted,active,diagnostic-only,partial-source,Task530,docs/reports/task_531_paper_shadow_order_fill_archive/task_531_paper_shadow_order_fill_archive.md,docs/reports/task_531_paper_shadow_order_fill_archive/task_531_decision.csv,docs/reports/task_531_paper_shadow_order_fill_archive,python -m unittest tests.test_task531_paper_shadow_order_fill_archive,Paper/shadow decision-order-fill-lifecycle lineage archive implemented without broker order submission
Task532,External Quant Context Map,Research Governance,Accepted,active,not-applicable,partial-source,Task531,docs/reports/task_532_external_quant_context_map/task_532_external_quant_context_map.md,docs/reports/task_532_external_quant_context_map/task_532_decision.csv,docs/reports/task_532_external_quant_context_map,python -m unittest tests.test_task532_536_quant_context_frontend,External quant resources mapped into project governance and missing capability matrix
Task533,Factor Premium Validation Design,Research Governance,Accepted,active,not-applicable,blocked-source,Task532,docs/reports/task_533_factor_premium_validation_design/task_533_factor_premium_validation_design.md,docs/reports/task_533_factor_premium_validation_design/task_533_decision.csv,docs/reports/task_533_factor_premium_validation_design,python -m unittest tests.test_task532_536_quant_context_frontend,Fama-French and Fama-MacBeth validation designed as non-trigger validation layer
Task534,Statistical Validation Upgrade,Research Governance,Accepted,active,diagnostic-only,partial-source,Task533,docs/reports/task_534_statistical_validation_upgrade/task_534_statistical_validation_upgrade.md,docs/reports/task_534_statistical_validation_upgrade/task_534_decision.csv,docs/reports/task_534_statistical_validation_upgrade,python -m unittest tests.test_task532_536_quant_context_frontend,Fold stability confidence interval proxy and multiple-testing guardrail added
Task535,Frontend Research Cockpit V1,Frontend Team,Accepted,active,not-applicable,partial-source,Task534,docs/reports/task_535_frontend_research_cockpit_v1/task_535_frontend_research_cockpit_v1.md,docs/reports/task_535_frontend_research_cockpit_v1/task_535_decision.csv,docs/reports/task_535_frontend_research_cockpit_v1,python -m unittest tests.test_task532_536_quant_context_frontend,Streamlit research cockpit made task-registry driven with blocker board
Task536,Frontend API Boundary,Frontend Team,Accepted,active,not-applicable,partial-source,Task535,docs/reports/task_536_frontend_api_boundary/task_536_frontend_api_boundary.md,docs/reports/task_536_frontend_api_boundary/task_536_decision.csv,docs/reports/task_536_frontend_api_boundary,python -m unittest tests.test_task532_536_quant_context_frontend,Hybrid Streamlit now React FastAPI later catalog boundary defined
Task537,Factor Premium Validation,Research Governance,Accepted,active,diagnostic-only,blocked-source,Task536,docs/reports/task_537_factor_premium_validation/task_537_factor_premium_validation.md,docs/reports/task_537_factor_premium_validation/task_537_decision.csv,docs/reports/task_537_factor_premium_validation,python -m unittest tests.test_task537_factor_premium_validation,Fama-French daily factors acquired and entry-safe Fama-MacBeth diagnostic run; full fundamental factor premium remains blocked
Task538,Fundamental Factor Source Audit,Research Governance,Accepted,active,not-applicable,partial-source,Task537,docs/reports/task_538_fundamental_factor_source_audit/task_538_fundamental_factor_source_audit.md,docs/reports/task_538_fundamental_factor_source_audit/task_538_decision.csv,docs/reports/task_538_fundamental_factor_source_audit,python -m unittest tests.test_task538_fundamental_factor_source_audit,SEC company facts source partially acquired; market cap and estimate revision sources remain blocked
Task539,Market Cap Shares Source,Research Governance,Accepted,active,not-applicable,partial-source,Task538,docs/reports/task_539_market_cap_shares_source/task_539_market_cap_shares_source.md,docs/reports/task_539_market_cap_shares_source/task_539_decision.csv,docs/reports/task_539_market_cap_shares_source,python -m unittest tests.test_task539_market_cap_shares_source,SEC shares outstanding combined with daily close for diagnostic market cap panel; CRSP/Compustat-grade remains unavailable
Task540,Market Cap Coverage Gap,Research Governance,Accepted,active,not-applicable,partial-source,Task539,docs/reports/task_540_market_cap_coverage_gap/task_540_market_cap_coverage_gap.md,docs/reports/task_540_market_cap_coverage_gap/task_540_decision.csv,docs/reports/task_540_market_cap_coverage_gap,python -m unittest tests.test_task540_market_cap_coverage_gap,Market-cap coverage raised to 100 percent with source-graded SEC fallback shares; CRSP/Compustat-grade remains false
Task541,Size Book-to-Market Fama-MacBeth Diagnostic,Research Governance,Accepted,active,diagnostic-only,partial-source,Task540,docs/reports/task_541_size_bm_fama_macbeth/task_541_size_bm_fama_macbeth.md,docs/reports/task_541_size_bm_fama_macbeth/task_541_decision.csv,docs/reports/task_541_size_bm_fama_macbeth,python -m unittest tests.test_task541_size_bm_fama_macbeth,SEC book equity and previous-close market cap size BM diagnostics attached to Fama-MacBeth validation layer
Task542,Factor Adjusted Continuation Attribution,Research Governance,Accepted,active,diagnostic-only,partial-source,Task541,docs/reports/task_542_factor_adjusted_continuation_attribution/task_542_factor_adjusted_continuation_attribution.md,docs/reports/task_542_factor_adjusted_continuation_attribution/task_542_decision.csv,docs/reports/task_542_factor_adjusted_continuation_attribution,python -m unittest tests.test_task542_factor_adjusted_continuation_attribution,Task505 Task529 Task530 continuation candidates attributed against Fama-French plus size BM diagnostic factor model
Task543,Factor Adjusted Walk Forward Validation,Research Governance,Accepted,active,diagnostic-only,partial-source,Task542,docs/reports/task_543_factor_adjusted_walk_forward_validation/task_543_factor_adjusted_walk_forward_validation.md,docs/reports/task_543_factor_adjusted_walk_forward_validation/task_543_decision.csv,docs/reports/task_543_factor_adjusted_walk_forward_validation,python -m unittest tests.test_task543_factor_adjusted_walk_forward_validation,Task542 residual edge checked across validation recent OOS and quarters with underpowered OOS flagged
Task544,Factor Adjusted Sample Expansion Quarter Failure,Research Governance,Accepted,active,diagnostic-only,partial-source,Task543,docs/reports/task_544_factor_adjusted_sample_expansion_quarter_failure/task_544_factor_adjusted_sample_expansion_quarter_failure.md,docs/reports/task_544_factor_adjusted_sample_expansion_quarter_failure/task_544_decision.csv,docs/reports/task_544_factor_adjusted_sample_expansion_quarter_failure,python -m unittest tests.test_task544_sample_expansion_quarter_failure,Adjacent entry-safe sample expansion tested and 2025Q1-Q3 factor-adjusted residual failures decomposed
Task545,Factor Adjusted Failure State Suppression,Research Governance,Accepted,active,diagnostic-only,partial-source,Task544,docs/reports/task_545_factor_adjusted_failure_state_suppression/task_545_factor_adjusted_failure_state_suppression.md,docs/reports/task_545_factor_adjusted_failure_state_suppression/task_545_decision.csv,docs/reports/task_545_factor_adjusted_failure_state_suppression,python -m unittest tests.test_task545_factor_adjusted_failure_suppression,Entry-safe suppression variants tested against Task544 factor-adjusted failure states
Task546,Microstructure Live Capture Layer,Data & Market Microstructure,Accepted,active,diagnostic-only,blocked-source,Task545,docs/reports/task_546_microstructure_live_capture_layer/task_546_microstructure_live_capture_plan.md,docs/reports/task_546_microstructure_live_capture_layer/microstructure_capture_readiness_gate.csv,docs/reports/task_546_microstructure_live_capture_layer,python -m unittest tests.test_task546_microstructure_source_contract tests.test_task546_event_capture_schema tests.test_task546_order_fill_lineage_integration tests.test_task546_microstructure_feature_contract tests.test_task546_readiness_gate,Microstructure source contract capture schema order lineage feature contract and readiness gate added; NBBO paper shadow scope allowed full depth deployment blocked
Task547,Paper Shadow Microstructure Capture Run,Data & Market Microstructure,Accepted,active,diagnostic-only,blocked-source,Task546,docs/reports/task_547_paper_shadow_microstructure_capture_run/task_547_paper_shadow_microstructure_capture_run.md,docs/reports/task_547_paper_shadow_microstructure_capture_run/task_547_decision.csv,docs/reports/task_547_paper_shadow_microstructure_capture_run,python -m unittest tests.test_task547_paper_shadow_microstructure_capture,Paper shadow microstructure capture path implemented; current run has no live stream archive rows yet
Task548,Market Theme Regime Feature Expansion,Regime Research,Accepted,active,diagnostic-only,partial-source,Task547,docs/reports/task_548_market_theme_regime_feature_expansion/task_548_market_theme_regime_feature_expansion.md,docs/reports/task_548_market_theme_regime_feature_expansion/task_548_decision.csv,docs/reports/task_548_market_theme_regime_feature_expansion,python -m unittest tests.test_task548_555_quant_doc_alignment,Multi-day regime expanded with available pre-entry trend features; macro and cross-asset sources remain blockers
Task549,Theme Universe Leadership Contract,Regime Research,Accepted,active,not-applicable,partial-source,Task548,docs/reports/task_549_theme_universe_leadership_contract/task_549_theme_universe_leadership_contract.md,docs/reports/task_549_theme_universe_leadership_contract/task_549_decision.csv,docs/reports/task_549_theme_universe_leadership_contract,python -m unittest tests.test_task548_555_quant_doc_alignment,Theme universe version contract and leadership diagnostics created; ETF options and news remain source blockers
Task550,Anchored VWAP Band Walk Continuation,Intraday Continuation Research,Accepted,active,diagnostic-only,partial-source,Task549,docs/reports/task_550_anchored_vwap_band_walk_continuation/task_550_anchored_vwap_band_walk_continuation.md,docs/reports/task_550_anchored_vwap_band_walk_continuation/task_550_decision.csv,docs/reports/task_550_anchored_vwap_band_walk_continuation,python -m unittest tests.test_task548_555_quant_doc_alignment,OHLCV VWAP-safe anchored VWAP proxy band-walk and overextension diagnostics added without label assignment
Task551,Microstructure Source Capture Upgrade,Data & Market Microstructure,Accepted,active,not-applicable,blocked-source,Task550,docs/reports/task_551_microstructure_source_capture_upgrade/task_551_microstructure_source_capture_upgrade.md,docs/reports/task_551_microstructure_source_capture_upgrade/task_551_decision.csv,docs/reports/task_551_microstructure_source_capture_upgrade,python -m unittest tests.test_task548_555_quant_doc_alignment,NBBO/status/LULD/full-depth source contract upgraded; full depth and broker-truth remain blockers
Task552,Broker Truth Fill Execution Archive,Execution & Risk,Accepted,active,not-applicable,blocked-source,Task551,docs/reports/task_552_broker_truth_fill_execution_archive/task_552_broker_truth_fill_execution_archive.md,docs/reports/task_552_broker_truth_fill_execution_archive/task_552_decision.csv,docs/reports/task_552_broker_truth_fill_execution_archive,python -m unittest tests.test_task548_555_quant_doc_alignment,Broker-truth fill archive contract and lineage audit added; historical rows remain non-deployment
Task553,Portfolio Realism Simulator,Backtest & Simulation Infra,Accepted,active,diagnostic-only,partial-source,Task552,docs/reports/task_553_portfolio_realism_simulator/task_553_portfolio_realism_simulator.md,docs/reports/task_553_portfolio_realism_simulator/task_553_decision.csv,docs/reports/task_553_portfolio_realism_simulator,python -m unittest tests.test_task548_555_quant_doc_alignment,Fixed-notional portfolio path and exposure overlap proxy added; broker-truth fill absent so result remains diagnostic
Task554,Artifact Schema Metadata Governance,Research Governance,Accepted,active,not-applicable,partial-source,Task553,docs/reports/task_554_artifact_schema_metadata_governance/task_554_artifact_schema_metadata_governance.md,docs/reports/task_554_artifact_schema_metadata_governance/task_554_decision.csv,docs/reports/task_554_artifact_schema_metadata_governance,python -m unittest tests.test_task548_555_quant_doc_alignment,Artifact manifest v2 contract defined while preserving existing manifest compatibility
Task555,Frontend Regime Evidence Visualization,Frontend Team,Accepted,active,not-applicable,partial-source,Task554,docs/reports/task_555_frontend_regime_evidence_visualization/task_555_frontend_regime_evidence_visualization.md,docs/reports/task_555_frontend_regime_evidence_visualization/task_555_decision.csv,docs/reports/task_555_frontend_regime_evidence_visualization,python -m unittest tests.test_task548_555_quant_doc_alignment,Frontend visual evidence contract planned with catalog-only guardrail and no fake markers
Task556,VWAP Bandwalk Portfolio Revalidation,Backtest & Simulation Infra,Accepted,active,diagnostic-only,partial-source,Task550,docs/reports/task_556_vwap_bandwalk_portfolio_revalidation/task_556_vwap_bandwalk_portfolio_revalidation.md,docs/reports/task_556_vwap_bandwalk_portfolio_revalidation/task_556_decision.csv,docs/reports/task_556_vwap_bandwalk_portfolio_revalidation,python -m unittest tests.test_task556_vwap_bandwalk_portfolio_revalidation,Task550 entry-safe VWAP band-walk structure states replayed through Task553-style portfolio diagnostics
Task557,VWAP Acceptance Ontology Rebuild,Intraday Continuation Research,Accepted,active,diagnostic-only,partial-source,Task556,docs/reports/task_557_vwap_acceptance_ontology_rebuild/task_557_vwap_acceptance_ontology_rebuild.md,docs/reports/task_557_vwap_acceptance_ontology_rebuild/task_557_decision.csv,docs/reports/task_557_vwap_acceptance_ontology_rebuild,python -m unittest tests.test_task557_560_vwap_acceptance_development,Legacy failed VWAP reclaim naming replaced with entry-safe acceptance pullback failure chase ontology
Task558,Pullback Acceptance True Failure Test,Intraday Continuation Research,Accepted,active,diagnostic-only,partial-source,Task557,docs/reports/task_558_pullback_acceptance_true_failure_test/task_558_pullback_acceptance_true_failure_test.md,docs/reports/task_558_pullback_acceptance_true_failure_test/task_558_decision.csv,docs/reports/task_558_pullback_acceptance_true_failure_test,python -m unittest tests.test_task557_560_vwap_acceptance_development,Controlled pullback absorption compared against true failure using labels only for evaluation
Task559,Context Gate Re-Attach,Regime Research,Accepted,active,diagnostic-only,partial-source,Task558,docs/reports/task_559_context_gate_reattach/task_559_context_gate_reattach.md,docs/reports/task_559_context_gate_reattach/task_559_decision.csv,docs/reports/task_559_context_gate_reattach,python -m unittest tests.test_task557_560_vwap_acceptance_development,Multi-day market theme symbol context reattached to VWAP acceptance states
Task560,Microstructure Confirmation Requirement,Data & Market Microstructure,Accepted,active,not-applicable,blocked-source,Task559,docs/reports/task_560_microstructure_confirmation_requirement/task_560_microstructure_confirmation_requirement.md,docs/reports/task_560_microstructure_confirmation_requirement/task_560_decision.csv,docs/reports/task_560_microstructure_confirmation_requirement,python -m unittest tests.test_task557_560_vwap_acceptance_development,NBBO spread size status LULD order-fill requirements defined as blockers without OHLCV approximation
Task561,Regime Theme Gate Failure Decomposition,Regime Research,Accepted,active,diagnostic-only,partial-source,Task560,docs/reports/task_561_regime_theme_gate_failure_decomposition/task_561_regime_theme_gate_failure_decomposition.md,docs/reports/task_561_regime_theme_gate_failure_decomposition/task_561_decision.csv,docs/reports/task_561_regime_theme_gate_failure_decomposition,python -m unittest tests.test_task561_565_firm_grade_context_development,Context gate failure decomposed before further strategy tweaking
Task562,VWAP Acceptance OOS Stability Test,Intraday Continuation Research,Accepted,active,diagnostic-only,partial-source,Task561,docs/reports/task_562_vwap_acceptance_oos_stability_test/task_562_vwap_acceptance_oos_stability_test.md,docs/reports/task_562_vwap_acceptance_oos_stability_test/task_562_decision.csv,docs/reports/task_562_vwap_acceptance_oos_stability_test,python -m unittest tests.test_task561_565_firm_grade_context_development,VWAP acceptance states tested across train validation recent OOS quarter theme and symbol slices
Task563,Paper Shadow Microstructure Capture Activation,Data & Market Microstructure,Accepted,active,not-applicable,blocked-source,Task562,docs/reports/task_563_paper_shadow_microstructure_capture_activation/task_563_paper_shadow_microstructure_capture_activation.md,docs/reports/task_563_paper_shadow_microstructure_capture_activation/task_563_decision.csv,docs/reports/task_563_paper_shadow_microstructure_capture_activation,python -m unittest tests.test_task561_565_firm_grade_context_development,Task547 capture rows audited and market-hours NBBO status order-fill activation plan created
Task564,Event Driven Replay Promotion Gate,Backtest & Simulation Infra,Accepted,active,diagnostic-only,blocked-source,Task563,docs/reports/task_564_event_driven_replay_promotion_gate/task_564_event_driven_replay_promotion_gate.md,docs/reports/task_564_event_driven_replay_promotion_gate/task_564_decision.csv,docs/reports/task_564_event_driven_replay_promotion_gate,python -m unittest tests.test_task561_565_firm_grade_context_development,Context OOS stability and microstructure readiness converted into event-driven replay promotion gate
Task565,Regime VWAP Microstructure Retest,Backtest & Simulation Infra,Accepted,active,not-applicable,blocked-source,Task564,docs/reports/task_565_regime_vwap_microstructure_retest/task_565_regime_vwap_microstructure_retest.md,docs/reports/task_565_regime_vwap_microstructure_retest/task_565_decision.csv,docs/reports/task_565_regime_vwap_microstructure_retest,python -m unittest tests.test_task561_565_firm_grade_context_development,Final regime VWAP microstructure retest grid defined but blocked until live microstructure axes are ready
Task566,Hypothesis Validation Gate Refactor,Research Governance,Accepted,active,not-applicable,partial-source,Task565,docs/reports/task_566_hypothesis_validation_gate_refactor/task_566_hypothesis_validation_gate_refactor.md,docs/reports/task_566_hypothesis_validation_gate_refactor/task_566_decision.csv,docs/reports/task_566_hypothesis_validation_gate_refactor,python -m unittest tests.test_task566_570_firm_grade_validation_loop,Firm-grade hypothesis validation gates and team perfect goals frozen before more optimization
Task567,Capital Flow Regime V6,Regime Research,Accepted,active,diagnostic-only,partial-source,Task566,docs/reports/task_567_capital_flow_regime_v6/task_567_capital_flow_regime_v6.md,docs/reports/task_567_capital_flow_regime_v6/task_567_decision.csv,docs/reports/task_567_capital_flow_regime_v6,python -m unittest tests.test_task566_570_firm_grade_validation_loop,Capital-flow regime rebuilt from pre-entry market breadth liquidity theme and symbol persistence fields
Task568,VWAP Pullback Sleeve Robustness,Intraday Continuation Research,Accepted,active,diagnostic-only,partial-source,Task567,docs/reports/task_568_vwap_pullback_sleeve_robustness/task_568_vwap_pullback_sleeve_robustness.md,docs/reports/task_568_vwap_pullback_sleeve_robustness/task_568_decision.csv,docs/reports/task_568_vwap_pullback_sleeve_robustness,python -m unittest tests.test_task566_570_firm_grade_validation_loop,Controlled VWAP pullback and near-high absorption sleeves isolated and robustness-audited
Task569,Paper Shadow Microstructure Capture Run,Data & Market Microstructure,Accepted,active,not-applicable,blocked-source,Task568,docs/reports/task_569_paper_shadow_microstructure_capture_run/task_569_paper_shadow_microstructure_capture_run.md,docs/reports/task_569_paper_shadow_microstructure_capture_run/task_569_decision.csv,docs/reports/task_569_paper_shadow_microstructure_capture_run,python -m unittest tests.test_task566_570_firm_grade_validation_loop,Paper shadow capture rows audited and market-hours live NBBO status order-fill capture remains required
Task570,Event Driven Replay Promotion,Backtest & Simulation Infra,Accepted,active,not-applicable,blocked-source,Task569,docs/reports/task_570_event_driven_replay_promotion/task_570_event_driven_replay_promotion.md,docs/reports/task_570_event_driven_replay_promotion/task_570_decision.csv,docs/reports/task_570_event_driven_replay_promotion,python -m unittest tests.test_task566_570_firm_grade_validation_loop,Promotion gate blocks event-driven replay until microstructure and broker truth hard gates pass
Task571,Alpaca SIP Microstructure Capture Activation,Data & Market Microstructure,Accepted,active,not-applicable,blocked-source,Task570,docs/reports/task_571_alpaca_sip_microstructure_capture_activation/task_571_alpaca_sip_microstructure_capture_activation.md,docs/reports/task_571_alpaca_sip_microstructure_capture_activation/task_571_decision.csv,docs/reports/task_571_alpaca_sip_microstructure_capture_activation,python -m unittest tests.test_task571_alpaca_sip_microstructure_capture_activation,Alpaca SIP NBBO status LULD stream archive activation contract implemented; credentials/feed entitlement and market-hours capture remain required
Task572,Historical Quote Trade Source Acquisition,Data & Market Microstructure,Accepted,active,not-applicable,blocked-source,Task571,docs/reports/task_572_historical_quote_trade_source_acquisition/task_572_historical_quote_trade_source_acquisition.md,docs/reports/task_572_historical_quote_trade_source_acquisition/task_572_decision.csv,docs/reports/task_572_historical_quote_trade_source_acquisition,python -m unittest tests.test_task572_575_historical_microstructure_backfill,Historical Alpaca quotes/trades download contract and raw file audit added; missing sources remain blockers
Task573,Historical NBBO Feature Rebuild,Backtest & Simulation Infra,Accepted,active,diagnostic-only,blocked-source,Task572,docs/reports/task_573_historical_nbbo_feature_rebuild/task_573_historical_nbbo_feature_rebuild.md,docs/reports/task_573_historical_nbbo_feature_rebuild/task_573_decision.csv,docs/reports/task_573_historical_nbbo_feature_rebuild,python -m unittest tests.test_task572_575_historical_microstructure_backfill,Entry-time historical NBBO features rebuilt only from quote timestamps before exact lifecycle entry time
Task574,Historical Microstructure Failure Separation,Intraday Continuation Research,Accepted,active,diagnostic-only,blocked-source,Task573,docs/reports/task_574_historical_microstructure_failure_separation/task_574_historical_microstructure_failure_separation.md,docs/reports/task_574_historical_microstructure_failure_separation/task_574_decision.csv,docs/reports/task_574_historical_microstructure_failure_separation,python -m unittest tests.test_task572_575_historical_microstructure_backfill,Historical NBBO spread size imbalance buckets prepared for entry-reduce failure separation without live-ready claims
Task575,Microstructure Download Integration Gate,Research Governance,Accepted,active,not-applicable,blocked-source,Task574,docs/reports/task_575_microstructure_download_integration_gate/task_575_microstructure_download_integration_gate.md,docs/reports/task_575_microstructure_download_integration_gate/task_575_decision.csv,docs/reports/task_575_microstructure_download_integration_gate,python -m unittest tests.test_task572_575_historical_microstructure_backfill,Historical microstructure diagnostic readiness separated from receive timestamp live readiness and next action queue
Task576,Microstructure Aware Continuation Backtest,Intraday Continuation Research,Accepted,active,diagnostic-only,partial-source,Task575,docs/reports/task_576_microstructure_aware_continuation_backtest/task_576_microstructure_aware_continuation_backtest.md,docs/reports/task_576_microstructure_aware_continuation_backtest/task_576_decision.csv,docs/reports/task_576_microstructure_aware_continuation_backtest,python -m unittest tests.test_task576_microstructure_aware_continuation_backtest,Capital-flow regime VWAP sleeve and historical NBBO spread depth imbalance combined into diagnostic continuation backtest
Task577,Historical NBBO Trajectory Factor Rebuild,Data & Market Microstructure,Accepted,active,diagnostic-only,partial-source,Task576,docs/reports/task_577_historical_nbbo_trajectory_factor_rebuild/task_577_historical_nbbo_trajectory_factor_rebuild.md,docs/reports/task_577_historical_nbbo_trajectory_factor_rebuild/task_577_decision.csv,docs/reports/task_577_historical_nbbo_trajectory_factor_rebuild,python -m unittest tests.test_task577_580_nbbo_trajectory_validation,Entry-before-only NBBO quote trajectory factors built from historical quotes without receive timestamp live-ready claims
Task578,Regime VWAP NBBO Trajectory Backtest,Intraday Continuation Research,Accepted,active,diagnostic-only,partial-source,Task577,docs/reports/task_578_regime_vwap_nbbo_trajectory_backtest/task_578_regime_vwap_nbbo_trajectory_backtest.md,docs/reports/task_578_regime_vwap_nbbo_trajectory_backtest/task_578_decision.csv,docs/reports/task_578_regime_vwap_nbbo_trajectory_backtest,python -m unittest tests.test_task577_580_nbbo_trajectory_validation,Capital-flow regime VWAP sleeve and NBBO trajectory states tested for continuation failure separation
Task579,Live Paper Capture Readiness Upgrade,Execution & Risk,Accepted,active,not-applicable,blocked-source,Task578,docs/reports/task_579_live_paper_capture_readiness_upgrade/task_579_live_paper_capture_readiness_upgrade.md,docs/reports/task_579_live_paper_capture_readiness_upgrade/task_579_decision.csv,docs/reports/task_579_live_paper_capture_readiness_upgrade,python -m unittest tests.test_task577_580_nbbo_trajectory_validation,Historical NBBO diagnostic separated from live receive timestamp paper and broker truth readiness
Task580,NBBO Trajectory Firm Grade Gate,Research Governance,Accepted,active,not-applicable,blocked-source,Task579,docs/reports/task_580_nbbo_trajectory_firm_grade_gate/task_580_nbbo_trajectory_firm_grade_gate.md,docs/reports/task_580_nbbo_trajectory_firm_grade_gate/task_580_decision.csv,docs/reports/task_580_nbbo_trajectory_firm_grade_gate,python -m unittest tests.test_task577_580_nbbo_trajectory_validation,NBBO trajectory validation gate emits continue refine or live capture next action without deployment claim
Task581,Quote Pressure Price Response Refinement,Intraday Continuation Research,Accepted,active,diagnostic-only,partial-source,Task580,docs/reports/task_581_quote_pressure_price_response_refinement/task_581_quote_pressure_price_response_refinement.md,docs/reports/task_581_quote_pressure_price_response_refinement/task_581_decision.csv,docs/reports/task_581_quote_pressure_price_response_refinement,python -m unittest tests.test_task581_quote_pressure_price_response_refinement,Pre-entry NBBO pressure is paired with pre-entry mid/trade response without future data or missing source approximation
Task582,KIS Paper Trading Bridge,Execution & Risk,Accepted,active,not-applicable,partial-source,Task581,docs/reports/task_582_kis_paper_trading_bridge/task_582_kis_paper_trading_bridge.md,docs/reports/task_582_kis_paper_trading_bridge/task_582_decision.csv,docs/reports/task_582_kis_paper_trading_bridge,python -m src.app.task_582_kis_paper_trading_bridge --no-slack,KIS paper connectivity Slack notification and trading DB lineage are exposed while dummy fallback is blocked
Task583,Live Signal Refresh Repair,Data & Market Microstructure,Accepted,active,not-applicable,runtime-source,Task582,docs\reports\task_583_live_signal_refresh_repair\task_583_live_signal_refresh_repair.md,docs\reports\task_583_live_signal_refresh_repair\task_583_decision.csv,docs\reports\task_583_live_signal_refresh_repair,python -m unittest tests.test_task583_live_signal_refresh_repair,Refreshes indicator snapshots from runtime KIS quote/bar source without stale override.
Task584,Runtime Strategy Decision Gate,Intraday Continuation Research,Accepted,active,diagnostic-only,runtime-source,Task583,docs\reports\task_584_runtime_strategy_decision_gate\task_584_runtime_strategy_decision_gate.md,docs\reports\task_584_runtime_strategy_decision_gate\task_584_decision.csv,docs\reports\task_584_runtime_strategy_decision_gate,python -m unittest tests.test_task584_runtime_strategy_decision_gate,Creates pre-order runtime decision snapshots with reason codes.
Task585,KIS Paper Order Execution And Lineage,Execution & Risk,Accepted,active,diagnostic-only,runtime-source,Task584,docs\reports\task_585_kis_paper_order_execution\task_585_kis_paper_order_execution.md,docs\reports\task_585_kis_paper_order_execution\task_585_decision.csv,docs\reports\task_585_kis_paper_order_execution,python -m unittest tests.test_task585_kis_paper_order_execution,Executes KIS paper orders only from runtime candidates and records lineage.
Task586,Frontend Paper Ops Integration V2,Frontend Team,Accepted,active,diagnostic-only,runtime-source,Task585,docs\reports\task_586_frontend_paper_ops_integration\task_586_frontend_paper_ops_integration.md,docs\reports\task_586_frontend_paper_ops_integration\task_586_decision.csv,docs\reports\task_586_frontend_paper_ops_integration,python -m unittest tests.test_task586_frontend_paper_ops_integration,Catalog-backed paper ops v2 UI integration.
Task587,Slack Trading Report Integration,Execution & Risk,Accepted,active,diagnostic-only,runtime-source,Task585,docs\reports\task_587_slack_trading_report_integration\task_587_slack_trading_report_integration.md,docs\reports\task_587_slack_trading_report_integration\task_587_decision.csv,docs\reports\task_587_slack_trading_report_integration,python -m unittest tests.test_task587_slack_trading_report_integration,Reports no-trade/order/fill state to Slack when webhook is configured.
Task588,KIS Paper Market Hours Runtime Loop,Execution & Risk,Accepted,active,diagnostic-only,runtime-source,Task587,docs\reports\task_588_kis_paper_market_hours_runtime_loop\task_588_kis_paper_market_hours_runtime_loop.md,docs\reports\task_588_kis_paper_market_hours_runtime_loop\task_588_decision.csv,docs\reports\task_588_kis_paper_market_hours_runtime_loop,python -m unittest tests.test_task588_kis_paper_market_hours_runtime_loop,Runs market-hours KIS paper flow with duplicate-order guard and catalog updates.
Task589,Nasdaq Paper Ops Hardening,Execution & Risk,Accepted,active,diagnostic-only,runtime-source,Task588,docs\reports\task_589_nasdaq_paper_ops_hardening\task_589_nasdaq_paper_ops_hardening.md,docs\reports\task_589_nasdaq_paper_ops_hardening\paper_eod_summary.csv,docs\reports\task_589_nasdaq_paper_ops_hardening,python -m unittest tests.test_task589_nasdaq_paper_ops_hardening,"Adds Nasdaq holiday/early-close guard, EOD Slack report, and supervisor failure alert."
Task590,Runtime Market Data Source Unification,Data & Market Microstructure,Accepted,active,not-applicable,partial-runtime-source,Task589,docs/reports/task_590_runtime_market_data_source_unification/task_590_runtime_market_data_source_unification.md,docs/reports/task_590_runtime_market_data_source_unification/task_590_decision.csv,docs/reports/task_590_runtime_market_data_source_unification,python -m unittest tests.test_trader_terminal_catalog tests.test_task586_frontend_paper_ops_integration tests.test_task_089_market_signal_refresh,Paper entry charts and indicator context now prefer trading.db runtime bars and snapshots over one-off raw intraday CSV fallback.
Task591,Institutional Production Hardening Wave 1,Research Governance,Accepted,active,not-applicable,runtime-source,Task590,docs/reports/task_591_institutional_production_hardening_wave1/task_591_institutional_production_hardening_wave1.md,docs/reports/task_591_institutional_production_hardening_wave1/task_591_decision.csv,docs/reports/task_591_institutional_production_hardening_wave1,python -m unittest tests.test_runtime_import_contract tests.test_slack_client_safety tests.test_task587_slack_trading_report_integration tests.test_task589_nasdaq_paper_ops_hardening,Hardens runtime import compatibility and central Slack secret blocking without changing trading behavior.
Task592,Hibernate First Workstation Ops,Execution & Risk,Accepted,active,not-applicable,runtime-source,Task591,docs/reports/task_592_hibernate_first_workstation_ops/task_592_hibernate_first_workstation_ops.md,docs/reports/task_592_hibernate_first_workstation_ops/task_592_decision.csv,docs/reports/task_592_hibernate_first_workstation_ops,python -m unittest tests.test_task588_nasdaq_paper_supervisor_scripts tests.test_task588_kis_paper_market_hours_runtime_loop tests.test_runtime_import_contract,Locks the workstation policy to hibernate-first scheduled paper operations and disables normal shutdown power actions.
Task593,Mobile Remote Ops,Execution & Risk,Accepted,active,not-applicable,runtime-source,Task592,docs/reports/task_593_mobile_remote_ops/task_593_mobile_remote_ops.md,docs/reports/task_593_mobile_remote_ops/task_593_decision.csv,docs/reports/task_593_mobile_remote_ops,python -m unittest tests.test_mobile_remote_ops_contract,Enables phone-based remote monitoring through Tailscale private tailnet and stable Trader Terminal mobile server.
Task594,Investment App Frontend Overhaul,Research Governance,Accepted,active,not-applicable,runtime-source,Task593,docs/reports/task_594_investment_app_frontend_overhaul/task_594_investment_app_frontend_overhaul.md,docs/reports/task_594_investment_app_frontend_overhaul/task_594_decision.csv,docs/reports/task_594_investment_app_frontend_overhaul,python -m unittest tests.test_project_governance tests.test_task586_frontend_paper_ops_integration tests.test_trader_terminal_catalog tests.test_frontend_continuity_contract tests.test_mobile_remote_ops_contract tests.test_runtime_import_contract,Rebuilds paper-trading frontend into iPhone-first investment-app style account trade detail activity provenance and operations views.
Task595,Feedback Integrated Development Plan,Regime Research,Accepted,active,diagnostic-only,runtime-source,Task594,docs/reports/task_595_feedback_integrated_development_plan/task_595_feedback_integrated_development_plan.md,docs/reports/task_595_feedback_integrated_development_plan/task_595_decision.csv,docs/reports/task_595_feedback_integrated_development_plan,python scripts/task_registry_validate.py,필수 총괄 feedback-integrated development plan with team boards scorecard source scoreboard freshness gate and active lane triage.
Task596,Daily Feedback Complete Application,Research Governance,Accepted,active,diagnostic-only,runtime-source,Task595,docs/reports/task_596_daily_feedback_complete_application/task_596_daily_feedback_complete_application.md,docs/reports/task_596_daily_feedback_complete_application/task_596_decision.csv,docs/reports/task_596_daily_feedback_complete_application,python -m unittest tests.test_task583_live_signal_refresh_repair tests.test_task584_runtime_strategy_decision_gate tests.test_task589_nasdaq_paper_ops_hardening tests.test_task586_frontend_paper_ops_integration tests.test_trader_terminal_catalog,Applies daily feedback to theme_10x7 runtime universe coverage runtime state capture EOD blocker-first reporting and paper ops frontend visibility while remaining diagnostic-only.
Task597,Frontend Backend Paper Ops Triage,Research Governance,Accepted,active,diagnostic-only,runtime-source,Task596,docs/reports/task_597_frontend_backend_paper_ops_triage/task_597_frontend_backend_paper_ops_triage.md,docs/reports/task_597_frontend_backend_paper_ops_triage/task_597_decision.csv,docs/reports/task_597_frontend_backend_paper_ops_triage,python -m unittest tests.test_task589_nasdaq_paper_ops_hardening tests.test_trader_terminal_catalog tests.test_task586_frontend_paper_ops_integration tests.test_task583_live_signal_refresh_repair tests.test_task584_runtime_strategy_decision_gate,Adds 필수-reviewed owner triage and frontend/backend EOD freshness ordering diagnostics for paper ops while remaining diagnostic-only.
Task598,Paper Week Feedback Operating Plan,Research Governance,Accepted,active,diagnostic-only,runtime-source,Task597,docs/reports/task_598_paper_week_feedback_operating_plan/task_598_paper_week_feedback_operating_plan.md,docs/reports/task_598_paper_week_feedback_operating_plan/task_598_decision.csv,docs/reports/task_598_paper_week_feedback_operating_plan,python scripts/task_registry_validate.py,Converts the 2026-05-19 to 2026-06-02 paper-trading feedback into durable team diagnostics gates cadence and owner development plan while remaining diagnostic-only.
Task599,Strategy Acceptance Program,Regime Research,Accepted,active,not-accepted,runtime-source,Task598,docs/reports/task_599_strategy_acceptance_program/task_599_strategy_acceptance_program.md,docs/reports/task_599_strategy_acceptance_program/task_599_decision.csv,docs/reports/task_599_strategy_acceptance_program,python validate_readiness_registry.py,Defines the firm-grade program gates and readiness registry required to move from NOT_ACCEPTED to ACCEPTANCE_REVIEW while real capital remains forbidden.
T600-0,Position Lifecycle Contract,Execution & Risk,Accepted,active,not-accepted,runtime-source,Task599,docs/execution/position_lifecycle_contract.md,docs/reports/task_600_0_position_lifecycle_contract/task_600_0_decision.csv,docs/reports/task_600_0_position_lifecycle_contract,python validate_readiness_registry.py,Defines the position lifecycle state machine exit types required columns and acceptance rules before T600-1 implementation.
T601-0,Candidate Funnel Contract,Candidate Funnel Research,Accepted,active,not-accepted,runtime-source,T600-0,docs/candidate_funnel/candidate_funnel_contract.md,docs/reports/task_601_0_candidate_funnel_contract/task_601_0_decision.csv,docs/reports/task_601_0_candidate_funnel_contract,python validate_readiness_registry.py,Defines candidate_funnel_events SQL and funnel stage contract before T601-1 implementation.
T602-0,Replay Acceptance Contract,Replay & Simulation,Accepted,active,not-accepted,runtime-source,T601-0,docs/replay/replay_acceptance_contract.md,docs/reports/task_602_0_replay_acceptance_contract/task_602_0_decision.csv,docs/reports/task_602_0_replay_acceptance_contract,python validate_readiness_registry.py,Defines decision order fill and position replay match criteria before T602-1 implementation.
T603,Registry Consumption Audit,Research Governance,Accepted,active,not-accepted,runtime-source,T602-0,docs/reports/task_603_registry_consumption_audit/task_603_registry_consumption_audit.md,docs/reports/task_603_registry_consumption_audit/task_603_decision.csv,docs/reports/task_603_registry_consumption_audit,python validate_readiness_registry.py,Audits whether current status strings are consumed from registry/readiness sources or hardcoded/re-derived in code and generated catalogs.
T600-1,Position Lifecycle Implementation,Execution & Risk,Accepted,active,not-accepted,runtime-source,T600-0,docs/reports/task_600_1_position_lifecycle_implementation/lifecycle_test_report.md,docs/reports/task_600_1_position_lifecycle_implementation/task_600_1_decision.csv,docs/reports/task_600_1_position_lifecycle_implementation,python -m unittest tests.test_task600_603_acceptance_program_implementation,Implements exact-ID position_lifecycle and hard-stop candidate evidence without submitting exit orders.
T601-1,Candidate Funnel Events Implementation,Candidate Funnel Research,Accepted,active,not-accepted,runtime-source,T601-0,docs/reports/task_601_1_candidate_funnel_implementation/candidate_funnel_audit.md,docs/reports/task_601_1_candidate_funnel_implementation/task_601_1_decision.csv,docs/reports/task_601_1_candidate_funnel_implementation,python -m unittest tests.test_task600_603_acceptance_program_implementation,Populates candidate_funnel_events from generated decisions through ordered filled and closed stages using exact IDs only.
T602-1,Replay Acceptance Implementation,Replay & Simulation,Accepted,active,not-accepted,runtime-source,T602-0,docs/reports/task_602_1_replay_acceptance_implementation/paper_replay_acceptance_report.md,docs/reports/task_602_1_replay_acceptance_implementation/task_602_1_decision.csv,docs/reports/task_602_1_replay_acceptance_implementation,python -m unittest tests.test_task600_603_acceptance_program_implementation,Produces replay_validation and replay_diff surfaces for decision order fill and position matching.
T603-1,Registry Backed Readiness Consumption,Research Governance,Accepted,active,not-accepted,runtime-source,T603,docs/reports/task_603_1_registry_backed_readiness_consumption/task_603_1_registry_backed_readiness_consumption.md,docs/reports/task_603_1_registry_backed_readiness_consumption/task_603_1_decision.csv,docs/reports/task_603_1_registry_backed_readiness_consumption,python -m unittest tests.test_trader_terminal_catalog tests.test_task600_603_acceptance_program_implementation,Generates canonical readiness_registry.json for catalog and frontend consumption.
T600-2,Exit Generator Program,Execution & Risk,Accepted,active,not-accepted,runtime-source,T600-1,docs/reports/task_600_2_exit_generator_program/lifecycle_test_matrix.md,docs/reports/task_600_2_exit_generator_program/task_600_2_decision.csv,docs/reports/task_600_2_exit_generator_program,python -m unittest tests.test_task600_602_2_acceptance_blocker_forensics,Generates diagnostic SELL lifecycle rows from hard stop take profit and max hold rules without modifying broker-truth fills.
T601-2,Concentration Forensics,Candidate Funnel Research,Accepted,active,not-accepted,runtime-source,T601-1,docs/reports/task_601_2_concentration_forensics/concentration_rootcause.md,docs/reports/task_601_2_concentration_forensics/task_601_2_decision.csv,docs/reports/task_601_2_concentration_forensics,python -m unittest tests.test_task600_602_2_acceptance_blocker_forensics,Explains symbol concentration with symbol-stage counts entropy top shares and gini without changing cooldown ranking or portfolio selection.
T602-2,Position Replay Root Cause,Replay & Simulation,Accepted,active,not-accepted,runtime-source,T602-1,docs/reports/task_602_2_position_replay_root_cause/position_replay_failure_report.md,docs/reports/task_602_2_position_replay_root_cause/task_602_2_decision.csv,docs/reports/task_602_2_position_replay_root_cause,python -m unittest tests.test_task600_602_2_acceptance_blocker_forensics,Identifies top replay failure causes for Position Match zero percent and writes position_replay_diff.csv.
T600-3,Runtime Exit Engine,Execution & Risk,Accepted,active,not-accepted,runtime-source,T600-2,docs/reports/task_600_3_runtime_exit_engine/runtime_exit_report.md,docs/reports/task_600_3_runtime_exit_engine/task_600_3_decision.csv,docs/reports/task_600_3_runtime_exit_engine,python -m unittest tests.test_task600_3_runtime_exit_engine,Creates exact-ID controlled paper runtime SELL fills and closes 23 lifecycle rows while real capital remains forbidden.
T601-3,Portfolio Selection Layer,Candidate Funnel Research,Accepted,active,not-accepted,runtime-source,T601-2,docs/reports/task_601_3_portfolio_selection_layer/portfolio_selection_audit.md,docs/reports/task_601_3_portfolio_selection_layer/task_601_3_decision.csv,docs/reports/task_601_3_portfolio_selection_layer,python -m unittest tests.test_task601_3_portfolio_selection_layer,Adds candidate selection controls with top3_share 0.75 entropy improvement and 100 percent explanation coverage.
T602-3,Position Reconstruction Engine,Replay & Simulation,Accepted,active,not-accepted,runtime-source,T602-2,docs/reports/task_602_3_position_reconstruction_engine/position_replay_acceptance_report.md,docs/reports/task_602_3_position_reconstruction_engine/task_602_3_decision.csv,docs/reports/task_602_3_position_reconstruction_engine,python -m unittest tests.test_task602_3_position_reconstruction_engine,Reconstructs positions by exact entry and exit fill IDs with Position Match 95.8333 percent after T600-3 runtime paper exits.
T600-4,Broker Truth Exit Lifecycle Integration,Execution & Risk,Accepted,active,not-accepted,runtime-source,T600-3,docs/reports/task_600_4_broker_truth_exit_lifecycle/broker_truth_exit_report.md,docs/reports/task_600_4_broker_truth_exit_lifecycle/task_600_4_decision.csv,docs/reports/task_600_4_broker_truth_exit_lifecycle,python -m unittest tests.test_task600_4_broker_truth_exit_lifecycle,Implements exact broker truth exit mapper but current DB has broker_truth_sell_fills zero so acceptance remains blocked.
T602-4,Order Replay Recovery Program,Replay & Simulation,Accepted,active,not-accepted,runtime-source,T602-3,docs/reports/task_602_4_order_replay_recovery/order_replay_acceptance_report.md,docs/reports/task_602_4_order_replay_recovery/task_602_4_decision.csv,docs/reports/task_602_4_order_replay_recovery,python -m unittest tests.test_task602_4_order_replay_recovery,Recovers Order Match to 1.0 by exact order row reconstruction while preserving six decision lineage gaps.
T600-5,STOP TP Validation,Execution & Risk,Accepted,active,not-accepted,runtime-source,T600-4,docs/reports/task_600_5_stop_tp_validation/stop_tp_validation.md,docs/reports/task_600_5_stop_tp_validation/task_600_5_decision.csv,docs/reports/task_600_5_stop_tp_validation,python -m unittest tests.test_task600_5_stop_tp_validation,Validates actual runtime exits and reports STOP zero TP zero because ATR at entry source is unavailable.
T601-4,Concentration Stability,Candidate Funnel Research,Accepted,active,not-accepted,runtime-source,T601-3,docs/reports/task_601_4_concentration_stability/concentration_stability_report.md,docs/reports/task_601_4_concentration_stability/task_601_4_decision.csv,docs/reports/task_601_4_concentration_stability,python -m unittest tests.test_task601_4_concentration_stability,Validates recent multi-session selected concentration with top3_share 0.75 entropy 1.386294 and symbol_count 4.
TaskL0SourceAcquisitionHardening,L0 News Microstructure Collection Recovery and Hardening,Data & Market Microstructure,Accepted,active,not-applicable,l0-iex-smoke-collected,Task599,docs/reports/task_l0_source_acquisition_news_microstructure_hardening/l0_source_acquisition_news_microstructure_hardening_report.md,docs/reports/task_l0_source_acquisition_news_microstructure_hardening/task_l0_source_acquisition_news_microstructure_hardening_decision.csv,docs/reports/task_l0_source_acquisition_news_microstructure_hardening,python scripts/validate_l0_source_acquisition_hardening.py,L0 collection infrastructure ready and Alpaca IEX quote/trade smoke collected while strategy deployment and capital gates remain closed.
TaskL0MicrostructureFullUniverseBackgroundRefresh,L0 Microstructure Full Universe Background Refresh,Data & Market Microstructure,Accepted,active,not-applicable,background-source-collection-running,TaskL0SourceAcquisitionHardening,docs/reports/task_l0_microstructure_full_universe_background_refresh/l0_microstructure_full_universe_background_refresh_report.md,docs/reports/task_l0_microstructure_full_universe_background_refresh/task_l0_microstructure_full_universe_background_refresh_decision.csv,docs/reports/task_l0_microstructure_full_universe_background_refresh,python -m unittest tests.test_l0_microstructure_background_collector && python scripts/validate_l0_source_acquisition_hardening.py,Starts resumable full-period full-universe L0 quote trade collection with existing raw skip and no feature or broker gates opened.
TaskL0FullSourceBackgroundRefresh,L0 Full Source Background Refresh,Data & Market Microstructure,Accepted,active,not-applicable,background-source-collection-running,TaskL0SourceAcquisitionHardening,docs/reports/task_l0_full_source_background_refresh/l0_full_source_background_refresh_report.md,docs/reports/task_l0_full_source_background_refresh/task_l0_full_source_background_refresh_decision.csv,docs/reports/task_l0_full_source_background_refresh,python -m unittest tests.test_l0_news_background_collector tests.test_l0_microstructure_background_collector && python scripts/validate_l0_source_acquisition_hardening.py,Adds official GDELT Marketaux news background lanes alongside Alpaca microstructure while all trading gates remain closed.
TaskL0News3SourceFullBackfill,L0 News Three Source Full Backfill,Data & Market Microstructure,Accepted,active,not-applicable,background-source-collection-running,TaskL0FullSourceBackgroundRefresh,docs/reports/task_l0_news_3source_full_backfill/l0_news_3source_full_backfill_report.md,docs/reports/task_l0_news_3source_full_backfill/task_l0_news_3source_full_backfill_decision.csv,docs/reports/task_l0_news_3source_full_backfill,python -m unittest tests.test_l0_news_full_backfill tests.test_l0_news_background_collector && python scripts/validate_l0_source_acquisition_hardening.py,Plans smokes and starts source-specific full backfill for official_public_releases GDELT and Marketaux with Marketaux credential and official endpoint blockers explicit.
TaskL2CanonicalPrimitiveHardening,L2 Canonical Primitive Contract and Historical Live Separation Hardening,Data & Market Microstructure,Accepted,active,not-accepted,data-infrastructure-only,TaskL0FullSourceBackgroundRefresh,docs/reports/task_l2_canonical_primitive_hardening/l2_canonical_primitive_hardening_report.md,docs/reports/task_l2_canonical_primitive_hardening/task_l2_canonical_primitive_hardening_decision.csv,docs/reports/task_l2_canonical_primitive_hardening,python -m unittest tests.test_l2_canonical_primitive_hardening && python scripts/validate_l2_canonical_primitive_contract.py && python scripts/validate_l2_historical_live_separation.py && python scripts/validate_l2_no_trade_outputs.py && python scripts/validate_l3_inputs_are_l2_canonical.py,Adds canonical L2 primitive contract schema builders validators and historical live separation while strategy deployment and capital gates remain closed.
TaskL2LiveRuntimeCanonicalPath,L2 Live Runtime Canonical Path,Data & Market Microstructure,Accepted,active,not-accepted,data-infrastructure-only,TaskL2CanonicalPrimitiveHardening,docs/reports/task_l2_live_runtime_canonical_path/l2_live_runtime_canonical_path_report.md,docs/reports/task_l2_live_runtime_canonical_path/task_l2_live_runtime_canonical_path_decision.csv,docs/reports/task_l2_live_runtime_canonical_path,python -m unittest tests.test_l2_live_runtime_canonical_path tests.test_l2_canonical_primitive_hardening tests.test_task_089_market_signal_refresh tests.test_task583_live_signal_refresh_repair tests.test_task584_runtime_strategy_decision_gate && python scripts/validate_l2_live_runtime_canonical_path.py && python scripts/validate_l2_canonical_primitive_contract.py && python scripts/validate_l2_historical_live_separation.py && python scripts/validate_l2_no_trade_outputs.py && python scripts/validate_l3_inputs_are_l2_canonical.py,Wires live market bar and indicator runtime snapshots into canonical L2 receipts batches facts lineage and validators without opening strategy deployment or capital gates.
TaskL2NewsCanonicalPath,L2 News Canonical Path,Data & Market Microstructure,Accepted,active,not-accepted,data-infrastructure-only,TaskL2LiveRuntimeCanonicalPath,docs/reports/task_l2_news_canonical_path/l2_news_canonical_path_report.md,docs/reports/task_l2_news_canonical_path/task_l2_news_canonical_path_decision.csv,docs/reports/task_l2_news_canonical_path,python -m unittest tests.test_l2_news_canonical_path tests.test_l3_source_reliability && python scripts/validate_l2_news_canonical_path.py && python scripts/validate_l2_canonical_primitive_contract.py && python scripts/validate_l2_no_trade_outputs.py && python scripts/validate_l3_inputs_are_l2_canonical.py,Adds canonical L2 news_event writer from L0 news collector events while missing delayed or blocked news remains diagnostic blocker evidence and never negative signal trade output score output or order intent.
TaskL0BarFullUniverseL1L2Backfill,L0 Bar Full Universe L1 L2 Backfill,Data & Market Microstructure,Accepted,active,not-applicable,background-source-collection-running,TaskL0News3SourceFullBackfill,docs/reports/task_l0_bar_full_universe_l1_l2_backfill/l0_bar_full_universe_l1_l2_backfill_report.md,docs/reports/task_l0_bar_full_universe_l1_l2_backfill/task_l0_bar_full_universe_l1_l2_backfill_decision.csv,docs/reports/task_l0_bar_full_universe_l1_l2_backfill,python -m unittest tests.test_task_337_historical_intraday_backfill tests.test_l0_bar_full_backfill tests.test_l0_reference_snapshot tests.test_l0_collection_status && python scripts/task_registry_validate.py,Stops/postpones quote trade tick full collection and runs governed full-universe 5m bar daily-sharded bar plus reference asset calendar status collection in L1/L2-consumable form while news sources continue.
TaskL0PublicHeadlineBrowserCrawler,L0 Public Headline Browser Crawler Smoke,Data & Market Microstructure,Diagnostic Only,diagnostic,not-accepted,DATA_INFRASTRUCTURE_ONLY_NOT_DEPLOYMENT_READY,TaskL0BarFullUniverseL1L2Backfill,docs/reports/task_l0_public_headline_browser_crawler/task_l0_public_headline_browser_crawler_report.md,docs/reports/task_l0_public_headline_browser_crawler/task_l0_public_headline_browser_crawler_decision.csv,docs/reports/task_l0_public_headline_browser_crawler,python -m unittest tests.test_l0_source_acquisition_hardening tests.test_l2_news_canonical_path && python scripts/validate_l2_news_canonical_path.py --db-path trading.db && python scripts/validate_l2_no_trade_outputs.py --db-path trading.db,Smoke-tests evidence-bound Chrome Playwright public headline collection for PRNewswire and GlobeNewswire as discovery-only L0 news beside existing Marketaux GDELT official lanes.
TaskL0FreeNewsSourceMitigationResearch,L0 Free News Source Mitigation Research,Data & Market Microstructure,Diagnostic Only,diagnostic,not-accepted,DATA_INFRASTRUCTURE_ONLY_NOT_DEPLOYMENT_READY,TaskL0PublicHeadlineBrowserCrawler,docs/reports/task_l0_free_news_source_mitigation_research/task_l0_free_news_source_mitigation_research_report.md,docs/reports/task_l0_free_news_source_mitigation_research/task_l0_free_news_source_mitigation_research_decision.csv,docs/reports/task_l0_free_news_source_mitigation_research,python scripts/task_registry_validate.py && python scripts/operating_closeout_validate.py,Reframes free L0 news collection as machine-readable-first architecture with Chrome as fallback and plans mitigations for selector drift terms risk entity mapping and historical backfill uncertainty.
TaskL0SourceCapabilityProbe,L0 Public News Source Capability Probe,Data & Market Microstructure,Diagnostic Only,diagnostic,not-accepted,DATA_INFRASTRUCTURE_ONLY_NOT_DEPLOYMENT_READY,TaskL0FreeNewsSourceMitigationResearch,docs/reports/task_l0_source_capability_probe/task_l0_source_capability_probe_report.md,docs/reports/task_l0_source_capability_probe/task_l0_source_capability_probe_decision.csv,docs/reports/task_l0_source_capability_probe,python -m unittest tests.test_l0_source_capability_probe && python scripts/run_l0_source_capability_probe.py --summary-path data/artifacts/l0_source_capability_probe/capability_summary.json --event-path data/artifacts/l0_source_capability_probe/capability_events.jsonl && python scripts/run_l0_source_capability_probe.py --source-key cnbc_public_rss --source-key marketwatch_public_rss --source-key investing_public_rss --source-key bbc_public_rss --source-key ft_public_rss --source-key google_news_business_rss --source-key nasdaq_trader_notices --source-key guardian_open_platform --summary-path data/artifacts/l0_source_capability_probe/external_news_candidate_summary.json --event-path data/artifacts/l0_source_capability_probe/external_news_candidate_events.jsonl && python scripts/task_registry_validate.py,Implements machine-readable-first source capability probe for SEC newswire and external market macro candidates with seven viable RSS API additions and Google News blocked by robots guard before Chrome fallback.
TaskL0ChromeNewsCrawlerDeepReview,L0 Chrome News Crawler Deep Review,Data & Market Microstructure,Diagnostic Only,diagnostic,not-accepted,DATA_INFRASTRUCTURE_ONLY_NOT_DEPLOYMENT_READY,TaskL0SourceCapabilityProbe,docs/reports/task_l0_chrome_news_crawler_deep_review/task_l0_chrome_news_crawler_deep_review_report.md,docs/reports/task_l0_chrome_news_crawler_deep_review/task_l0_chrome_news_crawler_deep_review_decision.csv,docs/reports/task_l0_chrome_news_crawler_deep_review,python scripts/task_registry_validate.py && python scripts/operating_closeout_validate.py,Consolidates Chrome news crawler evidence and deep review packet concluding Chrome should be fallback and verification only after API RSS sitemap and JSON-LD routes.
TaskL0CrawlableNewsSourceDiscovery,L0 Crawlable Non-Newswire News Source Discovery,Data & Market Microstructure,Diagnostic Only,diagnostic,not-accepted,DATA_INFRASTRUCTURE_ONLY_NOT_DEPLOYMENT_READY,TaskL0ChromeNewsCrawlerDeepReview,docs/reports/task_l0_crawlable_news_source_discovery/task_l0_crawlable_news_source_discovery_report.md,docs/reports/task_l0_crawlable_news_source_discovery/task_l0_crawlable_news_source_discovery_decision.csv,docs/reports/task_l0_crawlable_news_source_discovery,python scripts/task_registry_validate.py,Finds and prioritizes free non-newswire RSS WordPress REST and sitemap candidates for macro crypto energy cyber semiconductor and broad public news context.
TaskL0PublicNewswireCollector,L0 Public Newswire Collector,Data & Market Microstructure,Diagnostic Only,diagnostic,not-accepted,DATA_INFRASTRUCTURE_ONLY_NOT_DEPLOYMENT_READY,TaskL0ChromeNewsCrawlerDeepReview,docs/reports/task_l0_public_newswire_collector/task_l0_public_newswire_collector_report.md,docs/reports/task_l0_public_newswire_collector/task_l0_public_newswire_collector_decision.csv,docs/reports/task_l0_public_newswire_collector,python -m unittest tests.test_l0_public_newswire_collector tests.test_l0_collection_status tests.test_l0_source_acquisition_hardening tests.test_l2_news_canonical_path tests.test_l3_source_reliability && python scripts/validate_l2_news_canonical_path.py --db-path data/artifacts/l0_public_newswire_mapping_l2_smoke_v3/news_l2_smoke.db && python scripts/validate_l2_no_trade_outputs.py --db-path data/artifacts/l0_public_newswire_mapping_l2_smoke_v3/news_l2_smoke.db && python scripts/validate_l2_news_canonical_path.py --db-path data/artifacts/l0_public_newswire_backfill_l2_smoke/news_l2_smoke.db && python scripts/validate_l2_no_trade_outputs.py --db-path data/artifacts/l0_public_newswire_backfill_l2_smoke/news_l2_smoke.db && python scripts/validate_l2_news_canonical_path.py --db-path data/artifacts/l0_public_newswire_context_refine_l2_smoke_v6/news_l2_smoke.db && python scripts/validate_l2_no_trade_outputs.py --db-path data/artifacts/l0_public_newswire_context_refine_l2_smoke_v6/news_l2_smoke.db && python scripts/validate_l2_news_canonical_path.py --db-path data/artifacts/l0_public_newswire_context_refine_l2_smoke_v8/news_l2_smoke.db && python scripts/validate_l2_no_trade_outputs.py --db-path data/artifacts/l0_public_newswire_context_refine_l2_smoke_v8/news_l2_smoke.db && python scripts/task_registry_validate.py,Adds PRNewswire GlobeNewswire and BusinessWire as public_newswire_feeds L0 collector with deterministic ticker/entity mapping expanded context-candidate routing watcher separate historical backfill mode unavailable archive accounting and L2 diagnostic ingestion.
TaskL0PublicNewswireContextRefineV013,L0 Public Newswire Context Refinement v0.1.3,Data & Market Microstructure,Diagnostic Only,diagnostic,not-accepted,DATA_INFRASTRUCTURE_ONLY_NOT_DEPLOYMENT_READY,TaskL0PublicNewswireCollector,docs/reports/task_l0_public_newswire_collector/task_l0_public_newswire_collector_report.md,docs/reports/task_l0_public_newswire_collector/task_l0_public_newswire_collector_decision.csv,docs/reports/task_l0_public_newswire_collector,python -m unittest tests.test_l0_public_newswire_collector tests.test_l2_news_canonical_path tests.test_l0_collection_status && python scripts/validate_l2_news_canonical_path.py --db-path data/artifacts/l0_public_newswire_context_refine_l2_smoke_v9/news_l2_smoke.db && python scripts/validate_l2_no_trade_outputs.py --db-path data/artifacts/l0_public_newswire_context_refine_l2_smoke_v9/news_l2_smoke.db && python scripts/validate_l2_news_canonical_path.py --db-path data/artifacts/l0_public_newswire_backfill_context_refine_l2_smoke_v3/news_l2_smoke.db && python scripts/validate_l2_no_trade_outputs.py --db-path data/artifacts/l0_public_newswire_backfill_context_refine_l2_smoke_v3/news_l2_smoke.db && python scripts/task_registry_validate.py,Adds v0.1.3 context-only classification for fixed-income central-bank auction corporate-results defense infrastructure and market-structure newswire rows without ticker inference and restarts background workers.
TaskL0PublicNewswireMappingV014,L0 Public Newswire Mapping Normalization v0.1.4,Data & Market Microstructure,Diagnostic Only,diagnostic,not-accepted,DATA_INFRASTRUCTURE_ONLY_NOT_DEPLOYMENT_READY,TaskL0PublicNewswireContextRefineV013,docs/reports/task_l0_public_newswire_collector/task_l0_public_newswire_collector_report.md,docs/reports/task_l0_public_newswire_collector/task_l0_public_newswire_collector_decision.csv,docs/reports/task_l0_public_newswire_collector,python -m unittest tests.test_l0_public_newswire_collector tests.test_l0_collection_status tests.test_l2_news_canonical_path tests.test_l3_source_reliability && python scripts/validate_l2_news_canonical_path.py --db-path data/artifacts/l0_public_newswire_mapping_v014_l2_smoke/news_l2_smoke.db && python scripts/validate_l2_no_trade_outputs.py --db-path data/artifacts/l0_public_newswire_mapping_v014_l2_smoke/news_l2_smoke.db && python scripts/validate_l3_inputs_are_l2_canonical.py --db-path data/artifacts/l0_public_newswire_mapping_v014_l2_smoke/news_l2_smoke.db && python scripts/task_registry_validate.py,Adds v0.1.4 deterministic newswire exact-alias normalization for HTML entities and Common Shares descriptors while keeping symbol-token fallback closed and restarts newswire workers.
TaskL0PublicNewswireSourceDeclaredExchangeV016,L0 Public Newswire Source-Declared Exchange Mapping v0.1.6,Data & Market Microstructure,Diagnostic Only,diagnostic,not-accepted,DATA_INFRASTRUCTURE_ONLY_NOT_DEPLOYMENT_READY,TaskL0PublicNewswireMappingV014,docs/reports/task_l0_public_newswire_collector/task_l0_public_newswire_collector_report.md,docs/reports/task_l0_public_newswire_collector/task_l0_public_newswire_collector_decision.csv,docs/reports/task_l0_public_newswire_collector,python -m unittest tests.test_l0_public_newswire_collector tests.test_l0_collection_status tests.test_l2_news_canonical_path tests.test_l3_source_reliability && python scripts/validate_l2_news_canonical_path.py --db-path data/artifacts/l0_public_newswire_v016_prn_bf_l2_smoke/news_l2_smoke.db && python scripts/validate_l2_no_trade_outputs.py --db-path data/artifacts/l0_public_newswire_v016_prn_bf_l2_smoke/news_l2_smoke.db && python scripts/validate_l3_inputs_are_l2_canonical.py --db-path data/artifacts/l0_public_newswire_v016_prn_bf_l2_smoke/news_l2_smoke.db && python scripts/task_registry_validate.py,Adds v0.1.6 article metadata description evidence and source-declared exchange-tag preservation for historical symbols outside the current active universe while keeping symbol-token fallback closed and newswire workers running.
TaskL0PublicNewswireMetadataEnrichmentV017,L0 Public Newswire Metadata Enrichment v0.1.7,Data & Market Microstructure,Diagnostic Only,diagnostic,not-accepted,DATA_INFRASTRUCTURE_ONLY_NOT_DEPLOYMENT_READY,TaskL0PublicNewswireSourceDeclaredExchangeV016,docs/reports/task_l0_public_newswire_collector/task_l0_public_newswire_collector_report.md,docs/reports/task_l0_public_newswire_collector/task_l0_public_newswire_collector_decision.csv,docs/reports/task_l0_public_newswire_collector,python -m unittest tests.test_l0_public_newswire_collector tests.test_l0_collection_status tests.test_l2_news_canonical_path tests.test_l3_source_reliability && python scripts/validate_l2_news_canonical_path.py --db-path data/artifacts/l0_public_newswire_v017_gnw_bf_l2_smoke/news_l2_smoke.db && python scripts/validate_l2_no_trade_outputs.py --db-path data/artifacts/l0_public_newswire_v017_gnw_bf_l2_smoke/news_l2_smoke.db && python scripts/validate_l3_inputs_are_l2_canonical.py --db-path data/artifacts/l0_public_newswire_v017_gnw_bf_l2_smoke/news_l2_smoke.db && python scripts/task_registry_validate.py,Adds v0.1.7 RSS description evidence and PRNewswire/GlobeNewswire sitemap article metadata enrichment with GlobeNewswire 80-row smoke 11 mapped 11 context 4 source-declared exchange rows and no trade gates.
TaskL3EconomicMeaningHardening,L3 Economic Meaning Engine Hardening,Research Governance,Diagnostic Only,diagnostic,NOT_ACCEPTED,DIAGNOSTIC_ONLY_NOT_DEPLOYMENT_READY,TaskL2LiveRuntimeCanonicalPath,docs/reports/task_l3_economic_meaning_hardening/l3_economic_meaning_hardening_report.md,docs/reports/task_l3_economic_meaning_hardening/task_l3_economic_meaning_hardening_decision.csv,docs/reports/task_l3_economic_meaning_hardening,python -m unittest tests.test_l3_confidence_components tests.test_l3_source_reliability tests.test_l3_event_priors tests.test_l3_freshness_decay tests.test_l3_evidence_edge_graph tests.test_l3_contradiction_detection tests.test_l3_legacy_compatibility,Adds diagnostic-only L3 v2 contracts confidence components source reliability event priors freshness decay evidence graph scoring and legacy compatibility without strategy deployment or capital permission.
TaskL3CalibrationRuleMigration,L3 Calibration Outcome Contract and Task742 Rule Migration,Research Governance,Diagnostic Only,diagnostic,NOT_ACCEPTED,DIAGNOSTIC_ONLY_NOT_DEPLOYMENT_READY,TaskL3EconomicMeaningHardening,docs/reports/task_l3_calibration_rule_migration/l3_calibration_rule_migration_report.md,docs/reports/task_l3_calibration_rule_migration/task_l3_calibration_rule_migration_decision.csv,docs/reports/task_l3_calibration_rule_migration,python -m unittest tests.test_l3_calibration_contracts tests.test_l3_calibration_bridge tests.test_l3_calibration_bridge_builder tests.test_l3_calibration_bridge_search tests.test_l3_task742_rule_migration && python scripts/validate_l3_calibration_contract.py && python scripts/validate_l3_calibration_bridge_contract.py && python scripts/build_l3_calibration_bridge_eligibility_audit.py && python scripts/validate_l3_bridge_eligibility_audit.py && python scripts/build_l3_explicit_bridge_search_audit.py && python scripts/validate_l3_explicit_bridge_search_audit.py && python scripts/build_l3_calibration_outcome_table.py && python scripts/validate_l3_calibration_outcome_table.py && python scripts/build_l3_task742_packet_bridge_gap_audit.py && python scripts/validate_l3_task742_packet_bridge_gap_audit.py && python scripts/build_l3_task742_remote_artifact_availability_audit.py && python scripts/build_l3_task742_schema_search_audit.py && python scripts/validate_l3_task742_schema_search_audit.py && python scripts/validate_l3_task742_rule_migration.py,Adds explicit-key-only L3 calibration bridge and outcome contract SQLite store audit buckets canonical source-event exact bridge search calibration outcome table Task742 packet bridge gap remote artifact availability audits renamed-schema search and GitHub-recovered Task742 diagnostic rule migration without inferred matching or trading permission.
TaskL3CanonicalEconomicMeaningRebuild,L3 Canonical Diagnostic Economic Meaning Rebuild,Research Governance,Diagnostic Only,diagnostic,NOT_ACCEPTED,DIAGNOSTIC_ONLY_NOT_DEPLOYMENT_READY,TaskL3CalibrationRuleMigration,docs/reports/task_l3_canonical_economic_meaning_rebuild/l3_canonical_rebuild_report.md,docs/reports/task_l3_canonical_economic_meaning_rebuild/l3_canonical_rebuild_decision.csv,docs/reports/task_l3_canonical_economic_meaning_rebuild,python -m unittest tests.test_l3_canonical_diagnostic_engine && python scripts/build_l3_canonical_diagnostic_rebuild.py && python scripts/validate_l3_canonical_diagnostic_rebuild.py,Closes Task742 packet recovery as unrecoverable and creates canonical source-event diagnostic context-only L3 meanings edges graphs and exact-bridge calibration audit without inferred matching or trading permission.
TaskL0PublicContextNewsCollector,L0 Public Context News Collector,Data & Market Microstructure,Diagnostic Only,diagnostic,not-accepted,DATA_INFRASTRUCTURE_ONLY_NOT_DEPLOYMENT_READY,TaskL0PublicNewswireCollector,docs/reports/task_l0_public_context_news_collector/task_l0_public_context_news_collector_report.md,docs/reports/task_l0_public_context_news_collector/task_l0_public_context_news_collector_decision.csv,docs/reports/task_l0_public_context_news_collector,python -m unittest tests.test_l0_public_context_news_collector tests.test_l0_collection_status tests.test_l2_news_canonical_path tests.test_l3_source_reliability && python scripts/validate_l2_news_canonical_path.py --db-path data/artifacts/l0_public_context_news_l2_smoke_v3/news_l2_smoke.db && python scripts/validate_l2_no_trade_outputs.py --db-path data/artifacts/l0_public_context_news_l2_smoke_v3/news_l2_smoke.db && python scripts/validate_l2_news_canonical_path.py --db-path data/artifacts/l0_public_context_news_backfill_l2_smoke/news_l2_smoke.db && python scripts/validate_l2_no_trade_outputs.py --db-path data/artifacts/l0_public_context_news_backfill_l2_smoke/news_l2_smoke.db && python scripts/validate_l2_news_canonical_path.py --db-path data/artifacts/l0_public_context_news_cftc_backfill_l2_smoke/news_l2_smoke.db && python scripts/validate_l2_no_trade_outputs.py --db-path data/artifacts/l0_public_context_news_cftc_backfill_l2_smoke/news_l2_smoke.db && python scripts/validate_l2_news_canonical_path.py --db-path data/artifacts/l0_public_context_news_official_expansion_l2_smoke_v1/news_l2_smoke.db && python scripts/validate_l2_no_trade_outputs.py --db-path data/artifacts/l0_public_context_news_official_expansion_l2_smoke_v1/news_l2_smoke.db && python scripts/validate_l3_inputs_are_l2_canonical.py --db-path data/artifacts/l0_public_context_news_official_expansion_l2_smoke_v1/news_l2_smoke.db && python scripts/task_registry_validate.py,Adds public_context_news_feeds macro policy market structure crypto central-bank energy defense and World Bank RSS/API collector with ticker mapping not required diagnostic L2 ingestion and Federal Register Federal Reserve CFTC World Bank historical backfill running.
TaskL0PublicMarketMacroNewsCollector,L0 Public Market Macro News Collector,Data & Market Microstructure,Diagnostic Only,diagnostic,not-accepted,DATA_INFRASTRUCTURE_ONLY_NOT_DEPLOYMENT_READY,TaskL0SourceCapabilityProbe,docs/reports/task_l0_public_market_macro_news_collector/task_l0_public_market_macro_news_collector_report.md,docs/reports/task_l0_public_market_macro_news_collector/task_l0_public_market_macro_news_collector_decision.csv,docs/reports/task_l0_public_market_macro_news_collector,python -m unittest tests.test_l0_public_market_macro_news_collector tests.test_l0_collection_status tests.test_l2_news_canonical_path tests.test_l3_source_reliability && python scripts/validate_l2_news_canonical_path.py --db-path data/artifacts/l0_public_market_macro_news_smoke/news_l2_smoke.db && python scripts/validate_l2_no_trade_outputs.py --db-path data/artifacts/l0_public_market_macro_news_smoke/news_l2_smoke.db && python scripts/validate_l2_news_canonical_path.py --db-path data/artifacts/l0_public_market_macro_news_expansion_l2_smoke_v2/news_l2_smoke.db && python scripts/validate_l2_no_trade_outputs.py --db-path data/artifacts/l0_public_market_macro_news_expansion_l2_smoke_v2/news_l2_smoke.db && python scripts/validate_l2_news_canonical_path.py --db-path data/artifacts/l0_public_market_macro_news_cnbc_backfill_l2_smoke_v4/news_l2_smoke.db && python scripts/validate_l2_no_trade_outputs.py --db-path data/artifacts/l0_public_market_macro_news_cnbc_backfill_l2_smoke_v4/news_l2_smoke.db && python scripts/validate_l2_news_canonical_path.py --db-path data/artifacts/l0_pm_wiki_bf_l2_smoke_v3/news_l2_smoke.db && python scripts/validate_l2_no_trade_outputs.py --db-path data/artifacts/l0_pm_wiki_bf_l2_smoke_v3/news_l2_smoke.db && python scripts/validate_l2_news_canonical_path.py --db-path data/artifacts/l0_pm_common_crawl_bf_l2_smoke_v3/news_l2_smoke.db && python scripts/validate_l2_no_trade_outputs.py --db-path data/artifacts/l0_pm_common_crawl_bf_l2_smoke_v3/news_l2_smoke.db && python scripts/validate_l2_news_canonical_path.py --db-path data/artifacts/l0_pm_common_crawl_bf_l2_smoke_v8/news_l2_smoke.db && python scripts/validate_l2_no_trade_outputs.py --db-path data/artifacts/l0_pm_common_crawl_bf_l2_smoke_v8/news_l2_smoke.db && python scripts/validate_l2_news_canonical_path.py --db-path data/artifacts/l0_pm_wordpress_bf_l2_smoke_v2/news_l2_smoke.db && python scripts/validate_l2_no_trade_outputs.py --db-path data/artifacts/l0_pm_wordpress_bf_l2_smoke_v2/news_l2_smoke.db && python scripts/validate_l2_news_canonical_path.py --db-path data/artifacts/l0_pm_ev_wp_bf_l2_smoke_v1/news_l2_smoke.db && python scripts/validate_l2_no_trade_outputs.py --db-path data/artifacts/l0_pm_ev_wp_bf_l2_smoke_v1/news_l2_smoke.db && python scripts/validate_l2_news_canonical_path.py --db-path data/artifacts/l0_pm_external_rss_l2_smoke_v1/news_l2_smoke.db && python scripts/validate_l2_no_trade_outputs.py --db-path data/artifacts/l0_pm_external_rss_l2_smoke_v1/news_l2_smoke.db && python scripts/validate_l2_news_canonical_path.py --db-path data/artifacts/l0_pm_external_wp_bf_l2_smoke_v1/news_l2_smoke.db && python scripts/validate_l2_no_trade_outputs.py --db-path data/artifacts/l0_pm_external_wp_bf_l2_smoke_v1/news_l2_smoke.db && python scripts/task_registry_validate.py,Adds public_market_macro_news_feeds 22-source RSS watcher plus Guardian 2016 API backfill CNBC sitemap article-meta historical backfill Wikimedia Current Events monthly historical backfill CNN Money Common Crawl CDX/WARC archive backfill The Hill/TechCrunch/Electrek/Teslarati/Semiconductor Engineering/Bitcoin Magazine/9to5Mac/9to5Google/PV Magazine USA WordPress REST archive backfill with ticker mapping not required diagnostic L2 ingestion and background workers running.
TaskL0NonNewswireSourceExpansionV2,L0 Non-Newswire Source Expansion v2,Data & Market Microstructure,Diagnostic Only,diagnostic,not-accepted,DATA_INFRASTRUCTURE_ONLY_NOT_DEPLOYMENT_READY,TaskL0CrawlableNewsSourceDiscovery,docs/reports/task_l0_non_newswire_source_expansion_v2/task_l0_non_newswire_source_expansion_v2_report.md,docs/reports/task_l0_non_newswire_source_expansion_v2/task_l0_non_newswire_source_expansion_v2_decision.csv,docs/reports/task_l0_non_newswire_source_expansion_v2,python -m unittest tests.test_l0_public_market_macro_news_collector && python scripts/validate_l2_news_canonical_path.py --db-path data/artifacts/l0_pm_non_newswire_v2_l2_smoke/news_l2_smoke.db && python scripts/validate_l2_no_trade_outputs.py --db-path data/artifacts/l0_pm_non_newswire_v2_l2_smoke/news_l2_smoke.db && python scripts/validate_l3_inputs_are_l2_canonical.py --db-path data/artifacts/l0_pm_non_newswire_v2_l2_smoke/news_l2_smoke.db && python scripts/task_registry_validate.py,Promotes additional non-newswire RSS sitemap and WordPress REST candidates into public_market_macro_news_collector v0.1.7 with 15 RSS live sources AP sitemap backfill and SpaceNews CarbonBrief RobotReport WordPress backfill smoke validated through L2.
TaskL0IndustryDiveMarketMacroNewsV018,L0 Industry Dive and Aggregator Market Macro News v0.1.8,Data & Market Microstructure,Diagnostic Only,diagnostic,not-accepted,DATA_INFRASTRUCTURE_ONLY_NOT_DEPLOYMENT_READY,TaskL0PublicMarketMacroNewsCollector,docs/reports/task_l0_public_market_macro_news_collector/task_l0_public_market_macro_news_collector_report.md,docs/reports/task_l0_public_market_macro_news_collector/task_l0_public_market_macro_news_collector_decision.csv,docs/reports/task_l0_public_market_macro_news_collector,python -m unittest tests.test_l0_public_market_macro_news_collector tests.test_l0_collection_status tests.test_l2_news_canonical_path tests.test_l3_source_reliability && python scripts/validate_l2_news_canonical_path.py --db-path data/artifacts/l0_public_market_macro_news_v3_l2_smoke_all/news_l2_smoke.db && python scripts/validate_l2_no_trade_outputs.py --db-path data/artifacts/l0_public_market_macro_news_v3_l2_smoke_all/news_l2_smoke.db && python scripts/validate_l3_inputs_are_l2_canonical.py --db-path data/artifacts/l0_public_market_macro_news_v3_l2_smoke_all/news_l2_smoke.db && python scripts/task_registry_validate.py,Adds Seeking Alpha Finviz and Industry Dive RSS monthly sitemap source family with background workers running and no trade gates.
TaskL0IndustrySectorDiveExpansionV019,L0 Industry Sector Dive Expansion v0.1.9,Data & Market Microstructure,Diagnostic Only,diagnostic,not-accepted,DATA_INFRASTRUCTURE_ONLY_NOT_DEPLOYMENT_READY,TaskL0IndustryDiveMarketMacroNewsV018,docs/reports/task_l0_public_market_macro_news_collector/task_l0_public_market_macro_news_collector_report.md,docs/reports/task_l0_public_market_macro_news_collector/task_l0_public_market_macro_news_collector_decision.csv,docs/reports/task_l0_public_market_macro_news_collector,python -m unittest tests.test_l0_public_market_macro_news_collector tests.test_l0_collection_status tests.test_l2_news_canonical_path tests.test_l3_source_reliability && python scripts/validate_l2_news_canonical_path.py --db-path data/artifacts/l0_industry_dive_expansion_v019_l2_smoke/news_l2_smoke.db && python scripts/validate_l2_no_trade_outputs.py --db-path data/artifacts/l0_industry_dive_expansion_v019_l2_smoke/news_l2_smoke.db && python scripts/validate_l3_inputs_are_l2_canonical.py --db-path data/artifacts/l0_industry_dive_expansion_v019_l2_smoke/news_l2_smoke.db && python scripts/task_registry_validate.py,Promotes additional sector-Dive RSS and monthly sitemap sources into public_market_macro_news_collector v0.1.9 with 58-source live watcher 22-source Industry sector backfill StockTitan kept candidate-only and no trade gates.
TaskL0StockTitanTickerRichLiveV0110,L0 StockTitan Ticker-Rich Live RSS v0.1.10,Data & Market Microstructure,Diagnostic Only,diagnostic,not-accepted,DATA_INFRASTRUCTURE_ONLY_NOT_DEPLOYMENT_READY,TaskL0IndustrySectorDiveExpansionV019,docs/reports/task_l0_public_market_macro_news_collector/task_l0_public_market_macro_news_collector_report.md,docs/reports/task_l0_public_market_macro_news_collector/task_l0_public_market_macro_news_collector_decision.csv,docs/reports/task_l0_public_market_macro_news_collector,python -m unittest tests.test_l0_public_market_macro_news_collector tests.test_l0_collection_status tests.test_l2_news_canonical_path tests.test_l3_source_reliability && python scripts/validate_l2_news_canonical_path.py --db-path data/artifacts/l0_stocktitan_public_rss_v0110_l2_smoke/news_l2_smoke.db && python scripts/validate_l2_no_trade_outputs.py --db-path data/artifacts/l0_stocktitan_public_rss_v0110_l2_smoke/news_l2_smoke.db && python scripts/validate_l3_inputs_are_l2_canonical.py --db-path data/artifacts/l0_stocktitan_public_rss_v0110_l2_smoke/news_l2_smoke.db && python scripts/task_registry_validate.py,Promotes StockTitan public RSS as live-only ticker-rich source with explicit source URL ticker mapping 100-row smoke 100 mapped rows archive pages not promoted after 403/410 probes and no trade gates.
TaskL0NonNewswireMarketSourcesV0111,L0 Non-Newswire Market Sources v0.1.11,Data & Market Microstructure,Diagnostic Only,diagnostic,not-accepted,DATA_INFRASTRUCTURE_ONLY_NOT_DEPLOYMENT_READY,TaskL0StockTitanTickerRichLiveV0110,docs/reports/task_l0_public_market_macro_news_collector/task_l0_public_market_macro_news_collector_report.md,docs/reports/task_l0_public_market_macro_news_collector/task_l0_public_market_macro_news_collector_decision.csv,docs/reports/task_l0_public_market_macro_news_collector,python -m unittest tests.test_l0_public_market_macro_news_collector tests.test_l0_collection_status tests.test_l2_news_canonical_path tests.test_l3_source_reliability && python scripts/validate_l2_news_canonical_path.py --db-path data/artifacts/l0_public_market_macro_news_v0111_l2_smoke/news_l2_smoke.db && python scripts/validate_l2_no_trade_outputs.py --db-path data/artifacts/l0_public_market_macro_news_v0111_l2_smoke/news_l2_smoke.db && python scripts/validate_l3_inputs_are_l2_canonical.py --db-path data/artifacts/l0_public_market_macro_news_v0111_l2_smoke/news_l2_smoke.db && python scripts/task_registry_validate.py,Promotes IBD InvestorPlace FXStreet Defense One Nareit ETF Trends HousingWire American Banker and Techmeme live RSS plus IBD InvestorPlace ETF Trends and HousingWire WordPress backfill with 599 L2 facts and no trade gates.
