slot_decision_explanation_id,lifecycle_id,symbol,entry_ts,entry_ts_utc,theme_id,split_name,candidate_role,slot_claim_basis,slot_risk_basis,replacement_hurdle_required_flag,same_entry_candidate_count,same_entry_theme_count,same_entry_relation_count,active_theme_count,active_relation_count,bundle_assignment_ready_flag,do_not_trade_reason,setup_quality_bucket,action_family,allowed_inputs_only_flag,outcome_used_flag,future_price_used_flag,label_used_flag
TASK617|GE|20240304T143000Z|slot_decision_explanation,TASK617|GE|20240304T143000Z,GE,2024-03-06 14:30:00+00:00,2024-03-04 14:30:00+00:00,industrial_automation_robotics,train_design,priority_candidate,setup=high_quality_setup|catalyst=contract_supply_combo|price=price_confirmed_but_extended|theme=participating_theme|relation=relation_reinforcing,capacity=slot_competition_low|same_entry_candidates=1|active_relations=0|risk=extension_proxy|microstructure=SOURCE_PENDING_NOT_USED,0,1,1,1,0,0,1,,high_quality_setup,STRENGTH_HOLD_CANDIDATE,1,0,0,0
TASK617|GE|20240305T144500Z|slot_decision_explanation,TASK617|GE|20240305T144500Z,GE,2024-03-07 14:30:00+00:00,2024-03-05 14:45:00+00:00,industrial_automation_robotics,train_design,priority_candidate,setup=high_quality_setup|catalyst=contract_supply_combo|price=price_confirmed_basic|theme=participating_theme|relation=relation_reinforcing,capacity=slot_competition_low|same_entry_candidates=1|active_relations=0|risk=proxy_neutral|microstructure=SOURCE_PENDING_NOT_USED,0,1,1,1,0,0,1,,high_quality_setup,STRENGTH_HOLD_CANDIDATE,1,0,0,0
TASK617|GE|20240306T143000Z|slot_decision_explanation,TASK617|GE|20240306T143000Z,GE,2024-03-08 14:30:00+00:00,2024-03-06 14:30:00+00:00,industrial_automation_robotics,train_design,priority_candidate,setup=high_quality_setup|catalyst=contract_supply_combo|price=price_confirmed_basic|theme=participating_theme|relation=relation_reinforcing,capacity=slot_competition_low|same_entry_candidates=1|active_relations=0|risk=proxy_neutral|microstructure=SOURCE_PENDING_NOT_USED,0,1,1,1,0,0,1,,high_quality_setup,STRENGTH_HOLD_CANDIDATE,1,0,0,0
TASK617|GE|20240307T164500Z|slot_decision_explanation,TASK617|GE|20240307T164500Z,GE,2024-03-11 14:30:00+00:00,2024-03-07 16:45:00+00:00,industrial_automation_robotics,train_design,priority_candidate,setup=high_quality_setup|catalyst=contract_supply_combo|price=price_confirmed_basic|theme=participating_theme|relation=relation_reinforcing,capacity=slot_competition_low|same_entry_candidates=1|active_relations=0|risk=proxy_neutral|microstructure=SOURCE_PENDING_NOT_USED,0,1,1,1,0,0,1,,high_quality_setup,STRENGTH_HOLD_CANDIDATE,1,0,0,0
TASK617|GE|20240313T134500Z|slot_decision_explanation,TASK617|GE|20240313T134500Z,GE,2024-03-15 14:30:00+00:00,2024-03-13 13:45:00+00:00,industrial_automation_robotics,train_design,priority_candidate,setup=high_quality_setup|catalyst=contract_supply_combo|price=price_confirmed_but_extended|theme=participating_theme|relation=relation_reinforcing,capacity=slot_competition_low|same_entry_candidates=1|active_relations=0|risk=extension_proxy|microstructure=SOURCE_PENDING_NOT_USED,0,1,1,1,0,0,1,,high_quality_setup,STRENGTH_HOLD_CANDIDATE,1,0,0,0
TASK617|GE|20240318T140000Z|slot_decision_explanation,TASK617|GE|20240318T140000Z,GE,2024-03-20 14:30:00+00:00,2024-03-18 14:00:00+00:00,industrial_automation_robotics,train_design,priority_candidate,setup=high_quality_setup|catalyst=contract_supply_combo|price=price_confirmed_but_extended|theme=participating_theme|relation=relation_reinforcing,capacity=slot_competition_low|same_entry_candidates=1|active_relations=0|risk=extension_proxy|microstructure=SOURCE_PENDING_NOT_USED,0,1,1,1,0,0,1,,high_quality_setup,STRENGTH_HOLD_CANDIDATE,1,0,0,0
TASK617|GE|20240319T140000Z|slot_decision_explanation,TASK617|GE|20240319T140000Z,GE,2024-03-21 14:30:00+00:00,2024-03-19 14:00:00+00:00,industrial_automation_robotics,train_design,priority_candidate,setup=high_quality_setup|catalyst=contract_supply_combo|price=price_confirmed_basic|theme=participating_theme|relation=relation_reinforcing,capacity=slot_competition_low|same_entry_candidates=1|active_relations=0|risk=proxy_neutral|microstructure=SOURCE_PENDING_NOT_USED,0,1,1,1,0,0,1,,high_quality_setup,STRENGTH_HOLD_CANDIDATE,1,0,0,0
TASK617|GE|20240320T134500Z|slot_decision_explanation,TASK617|GE|20240320T134500Z,GE,2024-03-22 14:30:00+00:00,2024-03-20 13:45:00+00:00,industrial_automation_robotics,train_design,priority_candidate,setup=high_quality_setup|catalyst=contract_supply_combo|price=price_confirmed_but_extended|theme=participating_theme|relation=relation_reinforcing,capacity=slot_competition_low|same_entry_candidates=1|active_relations=0|risk=extension_proxy|microstructure=SOURCE_PENDING_NOT_USED,0,1,1,1,0,0,1,,high_quality_setup,STRENGTH_HOLD_CANDIDATE,1,0,0,0
TASK617|GE|20240403T134500Z|slot_decision_explanation,TASK617|GE|20240403T134500Z,GE,2024-04-05 14:30:00+00:00,2024-04-03 13:45:00+00:00,industrial_automation_robotics,train_design,confirmation_required_candidate,setup=medium_quality_setup|catalyst=guidance_margin_upgrade|price=price_confirmed_but_extended|theme=participating_theme|relation=company_positive_confirmation_needed,capacity=slot_competition_low|same_entry_candidates=1|active_relations=0|risk=extension_proxy|microstructure=SOURCE_PENDING_NOT_USED,0,1,1,1,0,0,1,,medium_quality_setup,BASELINE_ALLOWED,1,0,0,0
TASK617|GE|20240404T134500Z|slot_decision_explanation,TASK617|GE|20240404T134500Z,GE,2024-04-08 14:30:00+00:00,2024-04-04 13:45:00+00:00,industrial_automation_robotics,train_design,normal_candidate,setup=research_only_setup|catalyst=guidance_margin_upgrade|price=price_confirmed_basic|theme=fading_leadership|relation=relation_sparse_research_only,capacity=slot_competition_low|same_entry_candidates=1|active_relations=0|risk=proxy_neutral|microstructure=SOURCE_PENDING_NOT_USED,0,1,1,1,0,0,1,,research_only_setup,RESEARCH_ONLY,1,0,0,0
TASK617|GE|20240410T133000Z|slot_decision_explanation,TASK617|GE|20240410T133000Z,GE,2024-04-12 14:30:00+00:00,2024-04-10 13:30:00+00:00,industrial_automation_robotics,train_design,normal_candidate,setup=research_only_setup|catalyst=guidance_margin_upgrade|price=price_confirmed_basic|theme=participating_theme|relation=relation_sparse_research_only,capacity=slot_competition_low|same_entry_candidates=1|active_relations=0|risk=proxy_neutral|microstructure=SOURCE_PENDING_NOT_USED,0,1,1,1,0,0,1,,research_only_setup,RESEARCH_ONLY,1,0,0,0
TASK617|GE|20240411T171500Z|slot_decision_explanation,TASK617|GE|20240411T171500Z,GE,2024-04-15 14:30:00+00:00,2024-04-11 17:15:00+00:00,industrial_automation_robotics,train_design,priority_candidate,setup=high_quality_setup|catalyst=guidance_margin_upgrade|price=price_confirmed_basic|theme=participating_theme|relation=relation_reinforcing,capacity=slot_competition_low|same_entry_candidates=1|active_relations=0|risk=proxy_neutral|microstructure=SOURCE_PENDING_NOT_USED,0,1,1,1,0,0,1,,high_quality_setup,STRENGTH_HOLD_CANDIDATE,1,0,0,0
TASK617|GE|20240416T134500Z|slot_decision_explanation,TASK617|GE|20240416T134500Z,GE,2024-04-18 14:30:00+00:00,2024-04-16 13:45:00+00:00,industrial_automation_robotics,train_design,normal_candidate,setup=research_only_setup|catalyst=guidance_margin_upgrade|price=price_confirmed_basic|theme=fading_leadership|relation=relation_sparse_research_only,capacity=slot_competition_low|same_entry_candidates=1|active_relations=0|risk=market_stress_proxy|microstructure=SOURCE_PENDING_NOT_USED,0,1,1,1,0,0,1,,research_only_setup,RESEARCH_ONLY,1,0,0,0
TASK617|ASTS|20240625T140000Z|slot_decision_explanation,TASK617|ASTS|20240625T140000Z,ASTS,2024-06-27 14:30:00+00:00,2024-06-25 14:00:00+00:00,aerospace_defense_space,train_design,priority_candidate,setup=high_quality_setup|catalyst=contract_customer_backlog|price=price_confirmed_basic|theme=emerging_leadership|relation=company_price_confirmed_macro_secondary,capacity=slot_competition_low|same_entry_candidates=1|active_relations=0|risk=proxy_neutral|microstructure=SOURCE_PENDING_NOT_USED,0,1,1,1,0,0,1,,high_quality_setup,BASELINE_ALLOWED,1,0,0,0
TASK617|ASTS|20240626T133000Z|slot_decision_explanation,TASK617|ASTS|20240626T133000Z,ASTS,2024-06-28 14:30:00+00:00,2024-06-26 13:30:00+00:00,aerospace_defense_space,train_design,priority_candidate,setup=high_quality_setup|catalyst=contract_customer_backlog|price=price_confirmed_but_extended|theme=emerging_leadership|relation=company_price_confirmed_macro_secondary,capacity=slot_competition_low|same_entry_candidates=1|active_relations=0|risk=extension_proxy|microstructure=SOURCE_PENDING_NOT_USED,0,1,1,1,0,0,1,,high_quality_setup,BASELINE_ALLOWED,1,0,0,0
TASK617|ASTS|20240627T133000Z|slot_decision_explanation,TASK617|ASTS|20240627T133000Z,ASTS,2024-07-01 14:30:00+00:00,2024-06-27 13:30:00+00:00,aerospace_defense_space,train_design,confirmation_required_candidate,setup=medium_quality_setup|catalyst=contract_customer_backlog|price=price_confirmed_but_extended|theme=participating_theme|relation=company_price_confirmed_macro_secondary,capacity=slot_competition_low|same_entry_candidates=1|active_relations=0|risk=extension_proxy|microstructure=SOURCE_PENDING_NOT_USED,0,1,1,1,0,0,1,,medium_quality_setup,BASELINE_ALLOWED,1,0,0,0
TASK617|ASTS|20240731T133000Z|slot_decision_explanation,TASK617|ASTS|20240731T133000Z,ASTS,2024-08-02 14:30:00+00:00,2024-07-31 13:30:00+00:00,aerospace_defense_space,train_design,priority_candidate,setup=high_quality_setup|catalyst=contract_customer_backlog|price=price_confirmed_basic|theme=persistent_leadership|relation=company_price_confirmed_macro_secondary,capacity=slot_competition_low|same_entry_candidates=1|active_relations=0|risk=high_liquidity_momentum_proxy|microstructure=SOURCE_PENDING_NOT_USED,0,1,1,1,0,0,1,,high_quality_setup,BASELINE_ALLOWED,1,0,0,0
TASK617|ASTS|20240801T140000Z|slot_decision_explanation,TASK617|ASTS|20240801T140000Z,ASTS,2024-08-05 14:30:00+00:00,2024-08-01 14:00:00+00:00,aerospace_defense_space,train_design,priority_candidate,setup=high_quality_setup|catalyst=contract_customer_backlog|price=price_confirmed_but_extended|theme=persistent_leadership|relation=company_price_confirmed_macro_secondary,capacity=slot_competition_low|same_entry_candidates=1|active_relations=0|risk=extension_proxy|microstructure=SOURCE_PENDING_NOT_USED,0,1,1,1,0,0,1,,high_quality_setup,BASELINE_ALLOWED,1,0,0,0
TASK617|ASTS|20240805T133000Z|slot_decision_explanation,TASK617|ASTS|20240805T133000Z,ASTS,2024-08-07 14:30:00+00:00,2024-08-05 13:30:00+00:00,aerospace_defense_space,train_design,priority_candidate,setup=high_quality_setup|catalyst=contract_customer_backlog|price=price_confirmed_basic|theme=persistent_leadership|relation=company_price_confirmed_macro_secondary,capacity=slot_competition_low|same_entry_candidates=1|active_relations=0|risk=market_stress_proxy|microstructure=SOURCE_PENDING_NOT_USED,0,1,1,1,0,0,1,,high_quality_setup,BASELINE_ALLOWED,1,0,0,0
TASK617|ASTS|20240806T143000Z|slot_decision_explanation,TASK617|ASTS|20240806T143000Z,ASTS,2024-08-08 14:30:00+00:00,2024-08-06 14:30:00+00:00,aerospace_defense_space,train_design,priority_candidate,setup=high_quality_setup|catalyst=contract_customer_backlog|price=price_accepted_needs_confirmation|theme=persistent_leadership|relation=company_price_confirmed_macro_secondary,capacity=slot_competition_low|same_entry_candidates=1|active_relations=0|risk=market_stress_proxy|microstructure=SOURCE_PENDING_NOT_USED,0,1,1,1,0,0,1,,high_quality_setup,BASELINE_ALLOWED,1,0,0,0
TASK617|ASTS|20240807T133000Z|slot_decision_explanation,TASK617|ASTS|20240807T133000Z,ASTS,2024-08-09 14:30:00+00:00,2024-08-07 13:30:00+00:00,aerospace_defense_space,train_design,priority_candidate,setup=high_quality_setup|catalyst=contract_customer_backlog|price=price_confirmed_basic|theme=persistent_leadership|relation=company_price_confirmed_macro_secondary,capacity=slot_competition_low|same_entry_candidates=1|active_relations=0|risk=market_stress_proxy|microstructure=SOURCE_PENDING_NOT_USED,0,1,1,1,0,0,1,,high_quality_setup,BASELINE_ALLOWED,1,0,0,0
TASK617|ASTS|20240808T150000Z|slot_decision_explanation,TASK617|ASTS|20240808T150000Z,ASTS,2024-08-12 14:30:00+00:00,2024-08-08 15:00:00+00:00,aerospace_defense_space,train_design,priority_candidate,setup=high_quality_setup|catalyst=contract_customer_backlog|price=price_confirmed_basic|theme=persistent_leadership|relation=company_price_confirmed_macro_secondary,capacity=slot_competition_low|same_entry_candidates=1|active_relations=0|risk=market_stress_proxy|microstructure=SOURCE_PENDING_NOT_USED,0,1,1,1,0,0,1,,high_quality_setup,BASELINE_ALLOWED,1,0,0,0
TASK617|ASTS|20240909T133000Z|slot_decision_explanation,TASK617|ASTS|20240909T133000Z,ASTS,2024-09-11 14:30:00+00:00,2024-09-09 13:30:00+00:00,aerospace_defense_space,train_design,priority_candidate,setup=high_quality_setup|catalyst=contract_customer_backlog|price=price_confirmed_basic|theme=participating_theme|relation=company_price_confirmed_macro_secondary,capacity=slot_competition_low|same_entry_candidates=1|active_relations=0|risk=proxy_neutral|microstructure=SOURCE_PENDING_NOT_USED,0,1,1,1,0,0,1,,high_quality_setup,BASELINE_ALLOWED,1,0,0,0
TASK617|RKLB|20240910T191500Z|slot_decision_explanation,TASK617|RKLB|20240910T191500Z,RKLB,2024-09-12 14:30:00+00:00,2024-09-10 19:15:00+00:00,aerospace_defense_space,train_design,research_only,setup=fragile_setup|catalyst=contract_supply_combo|price=price_fragile_or_unconfirmed|theme=participating_theme|relation=company_positive_confirmation_needed,capacity=slot_competition_low|same_entry_candidates=1|active_relations=0|risk=proxy_neutral|microstructure=SOURCE_PENDING_NOT_USED,0,1,1,1,0,0,1,,fragile_setup,BASELINE_ALLOWED,1,0,0,0
TASK617|RKLB|20240911T133000Z|slot_decision_explanation,TASK617|RKLB|20240911T133000Z,RKLB,2024-09-13 14:30:00+00:00,2024-09-11 13:30:00+00:00,aerospace_defense_space,train_design,confirmation_required_candidate,setup=medium_quality_setup|catalyst=contract_supply_combo|price=price_confirmed_basic|theme=participating_theme|relation=company_positive_confirmation_needed,capacity=slot_competition_low|same_entry_candidates=2|active_relations=0|risk=proxy_neutral|microstructure=SOURCE_PENDING_NOT_USED,0,2,2,1,0,0,1,,medium_quality_setup,BASELINE_ALLOWED,1,0,0,0
TASK617|ASTS|20240911T141500Z|slot_decision_explanation,TASK617|ASTS|20240911T141500Z,ASTS,2024-09-13 14:30:00+00:00,2024-09-11 14:15:00+00:00,aerospace_defense_space,train_design,normal_candidate,setup=research_only_setup|catalyst=contract_customer_backlog|price=price_confirmed_but_extended|theme=participating_theme|relation=relation_sparse_research_only,capacity=slot_competition_low|same_entry_candidates=2|active_relations=0|risk=extension_proxy|microstructure=SOURCE_PENDING_NOT_USED,0,2,2,1,0,0,1,,research_only_setup,RESEARCH_ONLY,1,0,0,0
TASK617|RKLB|20240912T173000Z|slot_decision_explanation,TASK617|RKLB|20240912T173000Z,RKLB,2024-09-16 14:30:00+00:00,2024-09-12 17:30:00+00:00,aerospace_defense_space,train_design,research_only,setup=fragile_setup|catalyst=contract_supply_combo|price=price_fragile_or_unconfirmed|theme=participating_theme|relation=company_positive_confirmation_needed,capacity=slot_competition_low|same_entry_candidates=2|active_relations=0|risk=extension_proxy|microstructure=SOURCE_PENDING_NOT_USED,0,2,2,1,0,0,1,,fragile_setup,BASELINE_ALLOWED,1,0,0,0
TASK617|ASTS|20240912T191500Z|slot_decision_explanation,TASK617|ASTS|20240912T191500Z,ASTS,2024-09-16 14:30:00+00:00,2024-09-12 19:15:00+00:00,aerospace_defense_space,train_design,normal_candidate,setup=research_only_setup|catalyst=contract_customer_backlog|price=price_accepted_needs_confirmation|theme=participating_theme|relation=relation_sparse_research_only,capacity=slot_competition_low|same_entry_candidates=2|active_relations=0|risk=extension_proxy|microstructure=SOURCE_PENDING_NOT_USED,0,2,2,1,0,0,1,,research_only_setup,RESEARCH_ONLY,1,0,0,0
TASK617|CEG|20240923T133000Z|slot_decision_explanation,TASK617|CEG|20240923T133000Z,CEG,2024-09-25 14:30:00+00:00,2024-09-23 13:30:00+00:00,power_grid_electrification,train_design,priority_candidate,setup=high_quality_setup|catalyst=contract_only|price=price_confirmed_but_extended|theme=persistent_leadership|relation=relation_reinforcing,capacity=slot_competition_low|same_entry_candidates=1|active_relations=0|risk=extension_proxy|microstructure=SOURCE_PENDING_NOT_USED,0,1,1,1,0,0,1,,high_quality_setup,STRENGTH_HOLD_CANDIDATE,1,0,0,0
TASK617|CEG|20240925T134500Z|slot_decision_explanation,TASK617|CEG|20240925T134500Z,CEG,2024-09-27 14:30:00+00:00,2024-09-25 13:45:00+00:00,power_grid_electrification,train_design,priority_candidate,setup=high_quality_setup|catalyst=contract_only|price=price_confirmed_but_extended|theme=persistent_leadership|relation=relation_reinforcing,capacity=slot_competition_low|same_entry_candidates=1|active_relations=0|risk=extension_proxy|microstructure=SOURCE_PENDING_NOT_USED,0,1,1,1,0,0,1,,high_quality_setup,STRENGTH_HOLD_CANDIDATE,1,0,0,0
TASK617|CEG|20240930T143000Z|slot_decision_explanation,TASK617|CEG|20240930T143000Z,CEG,2024-10-02 14:30:00+00:00,2024-09-30 14:30:00+00:00,power_grid_electrification,train_design,priority_candidate,setup=high_quality_setup|catalyst=contract_only|price=price_confirmed_basic|theme=persistent_leadership|relation=relation_reinforcing,capacity=slot_competition_low|same_entry_candidates=1|active_relations=0|risk=proxy_neutral|microstructure=SOURCE_PENDING_NOT_USED,0,1,1,1,0,0,1,,high_quality_setup,STRENGTH_HOLD_CANDIDATE,1,0,0,0
TASK617|CEG|20241001T151500Z|slot_decision_explanation,TASK617|CEG|20241001T151500Z,CEG,2024-10-03 14:30:00+00:00,2024-10-01 15:15:00+00:00,power_grid_electrification,train_design,priority_candidate,setup=high_quality_setup|catalyst=contract_only|price=price_confirmed_but_extended|theme=persistent_leadership|relation=relation_reinforcing,capacity=slot_competition_low|same_entry_candidates=1|active_relations=0|risk=extension_proxy|microstructure=SOURCE_PENDING_NOT_USED,0,1,1,1,0,0,1,,high_quality_setup,STRENGTH_HOLD_CANDIDATE,1,0,0,0
TASK617|CEG|20241002T140000Z|slot_decision_explanation,TASK617|CEG|20241002T140000Z,CEG,2024-10-04 14:30:00+00:00,2024-10-02 14:00:00+00:00,power_grid_electrification,train_design,priority_candidate,setup=high_quality_setup|catalyst=contract_only|price=price_confirmed_basic|theme=persistent_leadership|relation=relation_reinforcing,capacity=slot_competition_low|same_entry_candidates=1|active_relations=0|risk=proxy_neutral|microstructure=SOURCE_PENDING_NOT_USED,0,1,1,1,0,0,1,,high_quality_setup,STRENGTH_HOLD_CANDIDATE,1,0,0,0
TASK617|CEG|20241003T141500Z|slot_decision_explanation,TASK617|CEG|20241003T141500Z,CEG,2024-10-07 14:30:00+00:00,2024-10-03 14:15:00+00:00,power_grid_electrification,train_design,priority_candidate,setup=high_quality_setup|catalyst=contract_customer_backlog|price=price_confirmed_basic|theme=persistent_leadership|relation=relation_offsetting,capacity=slot_competition_low|same_entry_candidates=1|active_relations=0|risk=proxy_neutral|microstructure=SOURCE_PENDING_NOT_USED,0,1,1,1,0,0,1,,high_quality_setup,REDUCE_DURATION,1,0,0,0
TASK617|RTX|20241023T170000Z|slot_decision_explanation,TASK617|RTX|20241023T170000Z,RTX,2024-10-25 14:30:00+00:00,2024-10-23 17:00:00+00:00,aerospace_defense_space,train_design,priority_candidate,setup=high_quality_setup|catalyst=contract_customer_backlog|price=price_confirmed_but_extended|theme=participating_theme|relation=company_price_confirmed_macro_secondary,capacity=slot_competition_low|same_entry_candidates=1|active_relations=0|risk=extension_proxy|microstructure=SOURCE_PENDING_NOT_USED,0,1,1,1,0,0,1,,high_quality_setup,BASELINE_ALLOWED,1,0,0,0
TASK617|TEAM|20241104T151500Z|slot_decision_explanation,TASK617|TEAM|20241104T151500Z,TEAM,2024-11-06 14:30:00+00:00,2024-11-04 15:15:00+00:00,data_devops_software,train_design,priority_candidate,setup=high_quality_setup|catalyst=contract_customer_backlog|price=price_confirmed_basic|theme=participating_theme|relation=relation_reinforcing,capacity=slot_competition_low|same_entry_candidates=1|active_relations=0|risk=proxy_neutral|microstructure=SOURCE_PENDING_NOT_USED,0,1,1,1,0,0,1,,high_quality_setup,STRENGTH_HOLD_CANDIDATE,1,0,0,0
TASK617|TEAM|20241105T181500Z|slot_decision_explanation,TASK617|TEAM|20241105T181500Z,TEAM,2024-11-07 14:30:00+00:00,2024-11-05 18:15:00+00:00,data_devops_software,train_design,normal_candidate,setup=research_only_setup|catalyst=contract_customer_backlog|price=price_confirmed_basic|theme=persistent_leadership|relation=relation_sparse_research_only,capacity=slot_competition_low|same_entry_candidates=1|active_relations=0|risk=proxy_neutral|microstructure=SOURCE_PENDING_NOT_USED,0,1,1,1,0,0,1,,research_only_setup,RESEARCH_ONLY,1,0,0,0
TASK617|TEAM|20241106T143000Z|slot_decision_explanation,TASK617|TEAM|20241106T143000Z,TEAM,2024-11-08 14:30:00+00:00,2024-11-06 14:30:00+00:00,data_devops_software,train_design,normal_candidate,setup=research_only_setup|catalyst=contract_customer_backlog|price=price_confirmed_basic|theme=participating_theme|relation=relation_sparse_research_only,capacity=slot_competition_low|same_entry_candidates=1|active_relations=0|risk=proxy_neutral|microstructure=SOURCE_PENDING_NOT_USED,0,1,1,1,0,0,1,,research_only_setup,RESEARCH_ONLY,1,0,0,0
TASK617|TEAM|20241107T144500Z|slot_decision_explanation,TASK617|TEAM|20241107T144500Z,TEAM,2024-11-11 14:30:00+00:00,2024-11-07 14:45:00+00:00,data_devops_software,train_design,normal_candidate,setup=research_only_setup|catalyst=contract_customer_backlog|price=price_confirmed_basic|theme=participating_theme|relation=relation_sparse_research_only,capacity=slot_competition_low|same_entry_candidates=1|active_relations=0|risk=proxy_neutral|microstructure=SOURCE_PENDING_NOT_USED,0,1,1,1,0,0,1,,research_only_setup,RESEARCH_ONLY,1,0,0,0
TASK617|TEAM|20241111T151500Z|slot_decision_explanation,TASK617|TEAM|20241111T151500Z,TEAM,2024-11-13 14:30:00+00:00,2024-11-11 15:15:00+00:00,data_devops_software,train_design,normal_candidate,setup=research_only_setup|catalyst=contract_customer_backlog|price=price_confirmed_basic|theme=participating_theme|relation=relation_sparse_research_only,capacity=slot_competition_low|same_entry_candidates=1|active_relations=0|risk=proxy_neutral|microstructure=SOURCE_PENDING_NOT_USED,0,1,1,1,0,0,1,,research_only_setup,RESEARCH_ONLY,1,0,0,0
TASK617|TEAM|20241113T143000Z|slot_decision_explanation,TASK617|TEAM|20241113T143000Z,TEAM,2024-11-15 14:30:00+00:00,2024-11-13 14:30:00+00:00,data_devops_software,train_design,normal_candidate,setup=research_only_setup|catalyst=contract_customer_backlog|price=price_confirmed_basic|theme=persistent_leadership|relation=relation_sparse_research_only,capacity=slot_competition_low|same_entry_candidates=1|active_relations=0|risk=proxy_neutral|microstructure=SOURCE_PENDING_NOT_USED,0,1,1,1,0,0,1,,research_only_setup,RESEARCH_ONLY,1,0,0,0
TASK617|TEAM|20241114T164500Z|slot_decision_explanation,TASK617|TEAM|20241114T164500Z,TEAM,2024-11-18 14:30:00+00:00,2024-11-14 16:45:00+00:00,data_devops_software,train_design,normal_candidate,setup=research_only_setup|catalyst=contract_customer_backlog|price=price_confirmed_basic|theme=persistent_leadership|relation=relation_sparse_research_only,capacity=slot_competition_low|same_entry_candidates=1|active_relations=0|risk=proxy_neutral|microstructure=SOURCE_PENDING_NOT_USED,0,1,1,1,0,0,1,,research_only_setup,RESEARCH_ONLY,1,0,0,0
TASK617|DDOG|20241216T144500Z|slot_decision_explanation,TASK617|DDOG|20241216T144500Z,DDOG,2024-12-18 14:30:00+00:00,2024-12-16 14:45:00+00:00,data_devops_software,train_design,priority_candidate,setup=high_quality_setup|catalyst=contract_supply_combo|price=price_confirmed_but_extended|theme=participating_theme|relation=relation_reinforcing,capacity=slot_competition_low|same_entry_candidates=1|active_relations=0|risk=extension_proxy|microstructure=SOURCE_PENDING_NOT_USED,0,1,1,1,0,0,1,,high_quality_setup,STRENGTH_HOLD_CANDIDATE,1,0,0,0
TASK617|DDOG|20241217T154500Z|slot_decision_explanation,TASK617|DDOG|20241217T154500Z,DDOG,2024-12-19 14:30:00+00:00,2024-12-17 15:45:00+00:00,data_devops_software,train_design,normal_candidate,setup=research_only_setup|catalyst=contract_supply_combo|price=price_fragile_or_unconfirmed|theme=persistent_leadership|relation=relation_sparse_research_only,capacity=slot_competition_low|same_entry_candidates=1|active_relations=0|risk=proxy_neutral|microstructure=SOURCE_PENDING_NOT_USED,0,1,1,1,0,0,1,,research_only_setup,RESEARCH_ONLY,1,0,0,0
TASK617|CEG|20250115T144500Z|slot_decision_explanation,TASK617|CEG|20250115T144500Z,CEG,2025-01-17 14:30:00+00:00,2025-01-15 14:45:00+00:00,power_grid_electrification,train_design,confirmation_required_candidate,setup=medium_quality_setup|catalyst=guidance_margin_upgrade|price=price_confirmed_basic|theme=participating_theme|relation=relation_offsetting,capacity=slot_competition_low|same_entry_candidates=1|active_relations=0|risk=market_stress_proxy|microstructure=SOURCE_PENDING_NOT_USED,0,1,1,1,0,0,1,,medium_quality_setup,REDUCE_DURATION,1,0,0,0
TASK617|CEG|20250116T160000Z|slot_decision_explanation,TASK617|CEG|20250116T160000Z,CEG,2025-01-21 14:30:00+00:00,2025-01-16 16:00:00+00:00,power_grid_electrification,train_design,confirmation_required_candidate,setup=medium_quality_setup|catalyst=guidance_margin_upgrade|price=price_confirmed_basic|theme=participating_theme|relation=relation_offsetting,capacity=slot_competition_low|same_entry_candidates=1|active_relations=0|risk=market_stress_proxy|microstructure=SOURCE_PENDING_NOT_USED,0,1,1,1,0,0,1,,medium_quality_setup,REDUCE_DURATION,1,0,0,0
TASK617|RKLB|20250121T143000Z|slot_decision_explanation,TASK617|RKLB|20250121T143000Z,RKLB,2025-01-23 14:30:00+00:00,2025-01-21 14:30:00+00:00,aerospace_defense_space,train_design,priority_candidate,setup=high_quality_setup|catalyst=contract_customer_backlog|price=price_confirmed_but_extended|theme=participating_theme|relation=company_price_confirmed_macro_secondary,capacity=slot_competition_very_high|same_entry_candidates=29|active_relations=0|risk=extension_proxy|microstructure=SOURCE_PENDING_NOT_USED,1,29,6,15,0,0,1,,high_quality_setup,BASELINE_ALLOWED,1,0,0,0
TASK617|GD|20250121T143000Z|slot_decision_explanation,TASK617|GD|20250121T143000Z,GD,2025-01-23 14:30:00+00:00,2025-01-21 14:30:00+00:00,aerospace_defense_space,train_design,priority_candidate,setup=high_quality_setup|catalyst=contract_customer_backlog|price=price_confirmed_basic|theme=participating_theme|relation=company_price_confirmed_macro_secondary,capacity=slot_competition_very_high|same_entry_candidates=29|active_relations=0|risk=proxy_neutral|microstructure=SOURCE_PENDING_NOT_USED,1,29,6,15,0,0,1,,high_quality_setup,BASELINE_ALLOWED,1,0,0,0
TASK617|RTX|20250121T143000Z|slot_decision_explanation,TASK617|RTX|20250121T143000Z,RTX,2025-01-23 14:30:00+00:00,2025-01-21 14:30:00+00:00,aerospace_defense_space,train_design,priority_candidate,setup=high_quality_setup|catalyst=contract_customer_backlog|price=price_confirmed_basic|theme=participating_theme|relation=company_price_confirmed_macro_secondary,capacity=slot_competition_very_high|same_entry_candidates=29|active_relations=0|risk=high_liquidity_momentum_proxy|microstructure=SOURCE_PENDING_NOT_USED,1,29,6,15,0,0,1,,high_quality_setup,BASELINE_ALLOWED,1,0,0,0
TASK617|PWR|20250121T143000Z|slot_decision_explanation,TASK617|PWR|20250121T143000Z,PWR,2025-01-23 14:30:00+00:00,2025-01-21 14:30:00+00:00,power_grid_electrification,train_design,priority_candidate,setup=high_quality_setup|catalyst=contract_customer_backlog|price=price_confirmed_basic|theme=persistent_leadership|relation=relation_reinforcing,capacity=slot_competition_very_high|same_entry_candidates=29|active_relations=0|risk=proxy_neutral|microstructure=SOURCE_PENDING_NOT_USED,1,29,6,11,0,0,1,,high_quality_setup,STRENGTH_HOLD_CANDIDATE,1,0,0,0
TASK617|EMR|20250121T143000Z|slot_decision_explanation,TASK617|EMR|20250121T143000Z,EMR,2025-01-23 14:30:00+00:00,2025-01-21 14:30:00+00:00,industrial_automation_robotics,train_design,priority_candidate,setup=high_quality_setup|catalyst=contract_customer_backlog|price=price_confirmed_basic|theme=participating_theme|relation=company_price_confirmed_macro_secondary,capacity=slot_competition_very_high|same_entry_candidates=29|active_relations=0|risk=proxy_neutral|microstructure=SOURCE_PENDING_NOT_USED,1,29,3,15,0,0,1,,high_quality_setup,BASELINE_ALLOWED,1,0,0,0
TASK617|NOC|20250121T143000Z|slot_decision_explanation,TASK617|NOC|20250121T143000Z,NOC,2025-01-23 14:30:00+00:00,2025-01-21 14:30:00+00:00,aerospace_defense_space,train_design,priority_candidate,setup=high_quality_setup|catalyst=contract_customer_backlog|price=price_confirmed_but_extended|theme=participating_theme|relation=company_price_confirmed_macro_secondary,capacity=slot_competition_very_high|same_entry_candidates=29|active_relations=0|risk=extension_proxy|microstructure=SOURCE_PENDING_NOT_USED,1,29,6,15,0,0,1,,high_quality_setup,BASELINE_ALLOWED,1,0,0,0
TASK617|GE|20250121T143000Z|slot_decision_explanation,TASK617|GE|20250121T143000Z,GE,2025-01-23 14:30:00+00:00,2025-01-21 14:30:00+00:00,industrial_automation_robotics,train_design,priority_candidate,setup=high_quality_setup|catalyst=contract_customer_backlog|price=price_confirmed_basic|theme=participating_theme|relation=relation_reinforcing,capacity=slot_competition_very_high|same_entry_candidates=29|active_relations=0|risk=high_liquidity_momentum_proxy|microstructure=SOURCE_PENDING_NOT_USED,1,29,3,11,0,0,1,,high_quality_setup,STRENGTH_HOLD_CANDIDATE,1,0,0,0
TASK617|LMT|20250121T143000Z|slot_decision_explanation,TASK617|LMT|20250121T143000Z,LMT,2025-01-23 14:30:00+00:00,2025-01-21 14:30:00+00:00,aerospace_defense_space,train_design,priority_candidate,setup=high_quality_setup|catalyst=contract_customer_backlog|price=price_confirmed_basic|theme=participating_theme|relation=company_price_confirmed_macro_secondary,capacity=slot_competition_very_high|same_entry_candidates=29|active_relations=0|risk=proxy_neutral|microstructure=SOURCE_PENDING_NOT_USED,1,29,6,15,0,0,1,,high_quality_setup,BASELINE_ALLOWED,1,0,0,0
TASK617|ETN|20250121T143000Z|slot_decision_explanation,TASK617|ETN|20250121T143000Z,ETN,2025-01-23 14:30:00+00:00,2025-01-21 14:30:00+00:00,power_grid_electrification,train_design,priority_candidate,setup=high_quality_setup|catalyst=contract_customer_backlog|price=price_confirmed_basic|theme=persistent_leadership|relation=relation_reinforcing,capacity=slot_competition_very_high|same_entry_candidates=29|active_relations=0|risk=proxy_neutral|microstructure=SOURCE_PENDING_NOT_USED,1,29,6,11,0,0,1,,high_quality_setup,STRENGTH_HOLD_CANDIDATE,1,0,0,0
TASK617|IR|20250121T144500Z|slot_decision_explanation,TASK617|IR|20250121T144500Z,IR,2025-01-23 14:30:00+00:00,2025-01-21 14:45:00+00:00,industrial_automation_robotics,train_design,priority_candidate,setup=high_quality_setup|catalyst=contract_customer_backlog|price=price_confirmed_basic|theme=participating_theme|relation=company_price_confirmed_macro_secondary,capacity=slot_competition_very_high|same_entry_candidates=29|active_relations=0|risk=proxy_neutral|microstructure=SOURCE_PENDING_NOT_USED,1,29,3,15,0,0,1,,high_quality_setup,BASELINE_ALLOWED,1,0,0,0
TASK617|GM|20250121T150000Z|slot_decision_explanation,TASK617|GM|20250121T150000Z,GM,2025-01-23 14:30:00+00:00,2025-01-21 15:00:00+00:00,ev_autonomy_mobility,train_design,priority_candidate,setup=high_quality_setup|catalyst=contract_customer_backlog|price=price_confirmed_but_extended|theme=participating_theme|relation=company_price_confirmed_macro_secondary,capacity=slot_competition_very_high|same_entry_candidates=29|active_relations=0|risk=extension_proxy|microstructure=SOURCE_PENDING_NOT_USED,1,29,1,15,0,0,1,,high_quality_setup,BASELINE_ALLOWED,1,0,0,0
TASK617|GTLB|20250121T151500Z|slot_decision_explanation,TASK617|GTLB|20250121T151500Z,GTLB,2025-01-23 14:30:00+00:00,2025-01-21 15:15:00+00:00,data_devops_software,train_design,normal_candidate,setup=research_only_setup|catalyst=contract_customer_backlog|price=price_confirmed_basic|theme=fading_leadership|relation=relation_sparse_research_only,capacity=slot_competition_very_high|same_entry_candidates=29|active_relations=0|risk=proxy_neutral|microstructure=SOURCE_PENDING_NOT_USED,1,29,1,3,0,0,1,,research_only_setup,RESEARCH_ONLY,1,0,0,0
TASK617|ASTS|20250121T151500Z|slot_decision_explanation,TASK617|ASTS|20250121T151500Z,ASTS,2025-01-23 14:30:00+00:00,2025-01-21 15:15:00+00:00,aerospace_defense_space,train_design,priority_candidate,setup=high_quality_setup|catalyst=contract_customer_backlog|price=price_confirmed_but_extended|theme=participating_theme|relation=company_price_confirmed_macro_secondary,capacity=slot_competition_very_high|same_entry_candidates=29|active_relations=0|risk=extension_proxy|microstructure=SOURCE_PENDING_NOT_USED,1,29,6,15,0,0,1,,high_quality_setup,BASELINE_ALLOWED,1,0,0,0
TASK617|SOFI|20250121T151500Z|slot_decision_explanation,TASK617|SOFI|20250121T151500Z,SOFI,2025-01-23 14:30:00+00:00,2025-01-21 15:15:00+00:00,crypto_fintech,train_design,priority_candidate,setup=high_quality_setup|catalyst=contract_customer_backlog|price=price_confirmed_basic|theme=participating_theme|relation=company_price_confirmed_macro_secondary,capacity=slot_competition_very_high|same_entry_candidates=29|active_relations=0|risk=high_liquidity_momentum_proxy|microstructure=SOURCE_PENDING_NOT_USED,1,29,5,15,0,0,1,,high_quality_setup,BASELINE_ALLOWED,1,0,0,0
TASK617|TSM|20250121T160000Z|slot_decision_explanation,TASK617|TSM|20250121T160000Z,TSM,2025-01-23 14:30:00+00:00,2025-01-21 16:00:00+00:00,ai_semiconductors,train_design,priority_candidate,setup=high_quality_setup|catalyst=contract_customer_backlog|price=price_confirmed_but_extended|theme=participating_theme|relation=relation_reinforcing,capacity=slot_competition_very_high|same_entry_candidates=29|active_relations=0|risk=extension_proxy|microstructure=SOURCE_PENDING_NOT_USED,1,29,4,11,0,0,1,,high_quality_setup,STRENGTH_HOLD_CANDIDATE,1,0,0,0
TASK617|IBIT|20250121T160000Z|slot_decision_explanation,TASK617|IBIT|20250121T160000Z,IBIT,2025-01-23 14:30:00+00:00,2025-01-21 16:00:00+00:00,crypto_fintech,train_design,priority_candidate,setup=high_quality_setup|catalyst=contract_customer_backlog|price=price_confirmed_basic|theme=participating_theme|relation=company_price_confirmed_macro_secondary,capacity=slot_competition_very_high|same_entry_candidates=29|active_relations=0|risk=high_liquidity_momentum_proxy|microstructure=SOURCE_PENDING_NOT_USED,1,29,5,15,0,0,1,,high_quality_setup,BASELINE_ALLOWED,1,0,0,0
TASK617|GEV|20250121T164500Z|slot_decision_explanation,TASK617|GEV|20250121T164500Z,GEV,2025-01-23 14:30:00+00:00,2025-01-21 16:45:00+00:00,power_grid_electrification,train_design,priority_candidate,setup=high_quality_setup|catalyst=contract_customer_backlog|price=price_confirmed_basic|theme=persistent_leadership|relation=relation_reinforcing,capacity=slot_competition_very_high|same_entry_candidates=29|active_relations=0|risk=proxy_neutral|microstructure=SOURCE_PENDING_NOT_USED,1,29,6,11,0,0,1,,high_quality_setup,STRENGTH_HOLD_CANDIDATE,1,0,0,0
TASK617|OKTA|20250121T164500Z|slot_decision_explanation,TASK617|OKTA|20250121T164500Z,OKTA,2025-01-23 14:30:00+00:00,2025-01-21 16:45:00+00:00,cybersecurity,train_design,normal_candidate,setup=research_only_setup|catalyst=contract_customer_backlog|price=price_confirmed_basic|theme=participating_theme|relation=relation_sparse_research_only,capacity=slot_competition_very_high|same_entry_candidates=29|active_relations=0|risk=proxy_neutral|microstructure=SOURCE_PENDING_NOT_USED,1,29,2,3,0,0,1,,research_only_setup,RESEARCH_ONLY,1,0,0,0
TASK617|ASML|20250121T170000Z|slot_decision_explanation,TASK617|ASML|20250121T170000Z,ASML,2025-01-23 14:30:00+00:00,2025-01-21 17:00:00+00:00,ai_semiconductors,train_design,priority_candidate,setup=high_quality_setup|catalyst=contract_customer_backlog|price=price_confirmed_basic|theme=participating_theme|relation=relation_reinforcing,capacity=slot_competition_very_high|same_entry_candidates=29|active_relations=0|risk=proxy_neutral|microstructure=SOURCE_PENDING_NOT_USED,1,29,4,11,0,0,1,,high_quality_setup,STRENGTH_HOLD_CANDIDATE,1,0,0,0
TASK617|ORCL|20250121T173000Z|slot_decision_explanation,TASK617|ORCL|20250121T173000Z,ORCL,2025-01-23 14:30:00+00:00,2025-01-21 17:30:00+00:00,cloud_ai_platforms,train_design,confirmation_required_candidate,setup=medium_quality_setup|catalyst=contract_customer_backlog|price=price_confirmed_basic|theme=fading_leadership|relation=company_price_confirmed_macro_secondary,capacity=slot_competition_very_high|same_entry_candidates=29|active_relations=0|risk=high_liquidity_momentum_proxy|microstructure=SOURCE_PENDING_NOT_USED,1,29,1,15,0,0,1,,medium_quality_setup,BASELINE_ALLOWED,1,0,0,0
TASK617|ARM|20250121T174500Z|slot_decision_explanation,TASK617|ARM|20250121T174500Z,ARM,2025-01-23 14:30:00+00:00,2025-01-21 17:45:00+00:00,ai_semiconductors,train_design,priority_candidate,setup=high_quality_setup|catalyst=contract_customer_backlog|price=price_confirmed_basic|theme=participating_theme|relation=relation_reinforcing,capacity=slot_competition_very_high|same_entry_candidates=29|active_relations=0|risk=proxy_neutral|microstructure=SOURCE_PENDING_NOT_USED,1,29,4,11,0,0,1,,high_quality_setup,STRENGTH_HOLD_CANDIDATE,1,0,0,0
TASK617|HOOD|20250121T174500Z|slot_decision_explanation,TASK617|HOOD|20250121T174500Z,HOOD,2025-01-23 14:30:00+00:00,2025-01-21 17:45:00+00:00,crypto_fintech,train_design,priority_candidate,setup=high_quality_setup|catalyst=contract_customer_backlog|price=price_confirmed_basic|theme=participating_theme|relation=company_price_confirmed_macro_secondary,capacity=slot_competition_very_high|same_entry_candidates=29|active_relations=0|risk=high_liquidity_momentum_proxy|microstructure=SOURCE_PENDING_NOT_USED,1,29,5,15,0,0,1,,high_quality_setup,BASELINE_ALLOWED,1,0,0,0
TASK617|VST|20250121T174500Z|slot_decision_explanation,TASK617|VST|20250121T174500Z,VST,2025-01-23 14:30:00+00:00,2025-01-21 17:45:00+00:00,power_grid_electrification,train_design,priority_candidate,setup=high_quality_setup|catalyst=contract_customer_backlog|price=price_confirmed_basic|theme=persistent_leadership|relation=relation_reinforcing,capacity=slot_competition_very_high|same_entry_candidates=29|active_relations=0|risk=high_liquidity_momentum_proxy|microstructure=SOURCE_PENDING_NOT_USED,1,29,6,11,0,0,1,,high_quality_setup,STRENGTH_HOLD_CANDIDATE,1,0,0,0
TASK617|CEG|20250121T180000Z|slot_decision_explanation,TASK617|CEG|20250121T180000Z,CEG,2025-01-23 14:30:00+00:00,2025-01-21 18:00:00+00:00,power_grid_electrification,train_design,priority_candidate,setup=high_quality_setup|catalyst=contract_customer_backlog|price=price_confirmed_basic|theme=persistent_leadership|relation=relation_reinforcing,capacity=slot_competition_very_high|same_entry_candidates=29|active_relations=0|risk=high_liquidity_momentum_proxy|microstructure=SOURCE_PENDING_NOT_USED,1,29,6,11,0,0,1,,high_quality_setup,STRENGTH_HOLD_CANDIDATE,1,0,0,0
TASK617|MSTR|20250121T180000Z|slot_decision_explanation,TASK617|MSTR|20250121T180000Z,MSTR,2025-01-23 14:30:00+00:00,2025-01-21 18:00:00+00:00,crypto_fintech,train_design,priority_candidate,setup=high_quality_setup|catalyst=contract_customer_backlog|price=price_confirmed_basic|theme=participating_theme|relation=company_price_confirmed_macro_secondary,capacity=slot_competition_very_high|same_entry_candidates=29|active_relations=0|risk=high_liquidity_momentum_proxy|microstructure=SOURCE_PENDING_NOT_USED,1,29,5,15,0,0,1,,high_quality_setup,BASELINE_ALLOWED,1,0,0,0
TASK617|NET|20250121T180000Z|slot_decision_explanation,TASK617|NET|20250121T180000Z,NET,2025-01-23 14:30:00+00:00,2025-01-21 18:00:00+00:00,cybersecurity,train_design,normal_candidate,setup=research_only_setup|catalyst=contract_customer_backlog|price=price_confirmed_basic|theme=participating_theme|relation=relation_sparse_research_only,capacity=slot_competition_very_high|same_entry_candidates=29|active_relations=0|risk=proxy_neutral|microstructure=SOURCE_PENDING_NOT_USED,1,29,2,3,0,0,1,,research_only_setup,RESEARCH_ONLY,1,0,0,0
TASK617|AVGO|20250121T180000Z|slot_decision_explanation,TASK617|AVGO|20250121T180000Z,AVGO,2025-01-23 14:30:00+00:00,2025-01-21 18:00:00+00:00,ai_semiconductors,train_design,priority_candidate,setup=high_quality_setup|catalyst=contract_customer_backlog|price=price_confirmed_basic|theme=participating_theme|relation=relation_reinforcing,capacity=slot_competition_very_high|same_entry_candidates=29|active_relations=0|risk=proxy_neutral|microstructure=SOURCE_PENDING_NOT_USED,1,29,4,11,0,0,1,,high_quality_setup,STRENGTH_HOLD_CANDIDATE,1,0,0,0
TASK617|VRT|20250121T180000Z|slot_decision_explanation,TASK617|VRT|20250121T180000Z,VRT,2025-01-23 14:30:00+00:00,2025-01-21 18:00:00+00:00,power_grid_electrification,train_design,priority_candidate,setup=high_quality_setup|catalyst=contract_customer_backlog|price=price_confirmed_basic|theme=persistent_leadership|relation=relation_reinforcing,capacity=slot_competition_very_high|same_entry_candidates=29|active_relations=0|risk=high_liquidity_momentum_proxy|microstructure=SOURCE_PENDING_NOT_USED,1,29,6,11,0,0,1,,high_quality_setup,STRENGTH_HOLD_CANDIDATE,1,0,0,0
TASK617|COIN|20250121T181500Z|slot_decision_explanation,TASK617|COIN|20250121T181500Z,COIN,2025-01-23 14:30:00+00:00,2025-01-21 18:15:00+00:00,crypto_fintech,train_design,priority_candidate,setup=high_quality_setup|catalyst=contract_customer_backlog|price=price_confirmed_basic|theme=participating_theme|relation=company_price_confirmed_macro_secondary,capacity=slot_competition_very_high|same_entry_candidates=29|active_relations=0|risk=high_liquidity_momentum_proxy|microstructure=SOURCE_PENDING_NOT_USED,1,29,5,15,0,0,1,,high_quality_setup,BASELINE_ALLOWED,1,0,0,0
TASK617|ARM|20250122T143000Z|slot_decision_explanation,TASK617|ARM|20250122T143000Z,ARM,2025-01-24 14:30:00+00:00,2025-01-22 14:30:00+00:00,ai_semiconductors,train_design,priority_candidate,setup=high_quality_setup|catalyst=contract_customer_backlog|price=price_confirmed_but_extended|theme=persistent_leadership|relation=relation_reinforcing,capacity=slot_competition_very_high|same_entry_candidates=18|active_relations=0|risk=extension_proxy|microstructure=SOURCE_PENDING_NOT_USED,1,18,4,8,0,0,1,,high_quality_setup,STRENGTH_HOLD_CANDIDATE,1,0,0,0
TASK617|VRT|20250122T143000Z|slot_decision_explanation,TASK617|VRT|20250122T143000Z,VRT,2025-01-24 14:30:00+00:00,2025-01-22 14:30:00+00:00,power_grid_electrification,train_design,priority_candidate,setup=high_quality_setup|catalyst=contract_customer_backlog|price=price_confirmed_but_extended|theme=persistent_leadership|relation=relation_reinforcing,capacity=slot_competition_very_high|same_entry_candidates=18|active_relations=0|risk=extension_proxy|microstructure=SOURCE_PENDING_NOT_USED,1,18,2,8,0,0,1,,high_quality_setup,STRENGTH_HOLD_CANDIDATE,1,0,0,0
TASK617|ASML|20250122T143000Z|slot_decision_explanation,TASK617|ASML|20250122T143000Z,ASML,2025-01-24 14:30:00+00:00,2025-01-22 14:30:00+00:00,ai_semiconductors,train_design,priority_candidate,setup=high_quality_setup|catalyst=contract_customer_backlog|price=price_confirmed_basic|theme=persistent_leadership|relation=relation_reinforcing,capacity=slot_competition_very_high|same_entry_candidates=18|active_relations=0|risk=proxy_neutral|microstructure=SOURCE_PENDING_NOT_USED,1,18,4,8,0,0,1,,high_quality_setup,STRENGTH_HOLD_CANDIDATE,1,0,0,0
TASK617|AMZN|20250122T144500Z|slot_decision_explanation,TASK617|AMZN|20250122T144500Z,AMZN,2025-01-24 14:30:00+00:00,2025-01-22 14:45:00+00:00,cloud_ai_platforms,train_design,priority_candidate,setup=high_quality_setup|catalyst=contract_customer_backlog|price=price_confirmed_basic|theme=participating_theme|relation=company_price_confirmed_macro_secondary,capacity=slot_competition_very_high|same_entry_candidates=18|active_relations=0|risk=high_liquidity_momentum_proxy|microstructure=SOURCE_PENDING_NOT_USED,1,18,3,7,0,0,1,,high_quality_setup,BASELINE_ALLOWED,1,0,0,0
TASK617|MSFT|20250122T144500Z|slot_decision_explanation,TASK617|MSFT|20250122T144500Z,MSFT,2025-01-24 14:30:00+00:00,2025-01-22 14:45:00+00:00,cloud_ai_platforms,train_design,priority_candidate,setup=high_quality_setup|catalyst=contract_customer_backlog|price=price_confirmed_basic|theme=participating_theme|relation=company_price_confirmed_macro_secondary,capacity=slot_competition_very_high|same_entry_candidates=18|active_relations=0|risk=high_liquidity_momentum_proxy|microstructure=SOURCE_PENDING_NOT_USED,1,18,3,7,0,0,1,,high_quality_setup,BASELINE_ALLOWED,1,0,0,0
TASK617|IBIT|20250122T150000Z|slot_decision_explanation,TASK617|IBIT|20250122T150000Z,IBIT,2025-01-24 14:30:00+00:00,2025-01-22 15:00:00+00:00,crypto_fintech,train_design,priority_candidate,setup=high_quality_setup|catalyst=contract_customer_backlog|price=price_confirmed_but_extended|theme=emerging_leadership|relation=company_price_confirmed_macro_secondary,capacity=slot_competition_very_high|same_entry_candidates=18|active_relations=0|risk=extension_proxy|microstructure=SOURCE_PENDING_NOT_USED,1,18,3,7,0,0,1,,high_quality_setup,BASELINE_ALLOWED,1,0,0,0
TASK617|COIN|20250122T150000Z|slot_decision_explanation,TASK617|COIN|20250122T150000Z,COIN,2025-01-24 14:30:00+00:00,2025-01-22 15:00:00+00:00,crypto_fintech,train_design,priority_candidate,setup=high_quality_setup|catalyst=contract_customer_backlog|price=price_confirmed_but_extended|theme=emerging_leadership|relation=company_price_confirmed_macro_secondary,capacity=slot_competition_very_high|same_entry_candidates=18|active_relations=0|risk=extension_proxy|microstructure=SOURCE_PENDING_NOT_USED,1,18,3,7,0,0,1,,high_quality_setup,BASELINE_ALLOWED,1,0,0,0
TASK617|HOOD|20250122T150000Z|slot_decision_explanation,TASK617|HOOD|20250122T150000Z,HOOD,2025-01-24 14:30:00+00:00,2025-01-22 15:00:00+00:00,crypto_fintech,train_design,priority_candidate,setup=high_quality_setup|catalyst=contract_customer_backlog|price=price_confirmed_basic|theme=emerging_leadership|relation=company_price_confirmed_macro_secondary,capacity=slot_competition_very_high|same_entry_candidates=18|active_relations=0|risk=proxy_neutral|microstructure=SOURCE_PENDING_NOT_USED,1,18,3,7,0,0,1,,high_quality_setup,BASELINE_ALLOWED,1,0,0,0
TASK617|CRWD|20250122T150000Z|slot_decision_explanation,TASK617|CRWD|20250122T150000Z,CRWD,2025-01-24 14:30:00+00:00,2025-01-22 15:00:00+00:00,cybersecurity,train_design,normal_candidate,setup=research_only_setup|catalyst=contract_customer_backlog|price=price_confirmed_basic|theme=participating_theme|relation=relation_sparse_research_only,capacity=slot_competition_very_high|same_entry_candidates=18|active_relations=0|risk=proxy_neutral|microstructure=SOURCE_PENDING_NOT_USED,1,18,3,3,0,0,1,,research_only_setup,RESEARCH_ONLY,1,0,0,0
TASK617|TSM|20250122T150000Z|slot_decision_explanation,TASK617|TSM|20250122T150000Z,TSM,2025-01-24 14:30:00+00:00,2025-01-22 15:00:00+00:00,ai_semiconductors,train_design,priority_candidate,setup=high_quality_setup|catalyst=contract_customer_backlog|price=price_confirmed_basic|theme=persistent_leadership|relation=relation_reinforcing,capacity=slot_competition_very_high|same_entry_candidates=18|active_relations=0|risk=high_liquidity_momentum_proxy|microstructure=SOURCE_PENDING_NOT_USED,1,18,4,8,0,0,1,,high_quality_setup,STRENGTH_HOLD_CANDIDATE,1,0,0,0
TASK617|OKTA|20250122T151500Z|slot_decision_explanation,TASK617|OKTA|20250122T151500Z,OKTA,2025-01-24 14:30:00+00:00,2025-01-22 15:15:00+00:00,cybersecurity,train_design,normal_candidate,setup=research_only_setup|catalyst=contract_customer_backlog|price=price_confirmed_basic|theme=participating_theme|relation=relation_sparse_research_only,capacity=slot_competition_very_high|same_entry_candidates=18|active_relations=0|risk=proxy_neutral|microstructure=SOURCE_PENDING_NOT_USED,1,18,3,3,0,0,1,,research_only_setup,RESEARCH_ONLY,1,0,0,0
TASK617|RKLB|20250122T151500Z|slot_decision_explanation,TASK617|RKLB|20250122T151500Z,RKLB,2025-01-24 14:30:00+00:00,2025-01-22 15:15:00+00:00,aerospace_defense_space,train_design,priority_candidate,setup=high_quality_setup|catalyst=contract_customer_backlog|price=price_confirmed_basic|theme=participating_theme|relation=company_price_confirmed_macro_secondary,capacity=slot_competition_very_high|same_entry_candidates=18|active_relations=0|risk=high_liquidity_momentum_proxy|microstructure=SOURCE_PENDING_NOT_USED,1,18,1,7,0,0,1,,high_quality_setup,BASELINE_ALLOWED,1,0,0,0
TASK617|NET|20250122T151500Z|slot_decision_explanation,TASK617|NET|20250122T151500Z,NET,2025-01-24 14:30:00+00:00,2025-01-22 15:15:00+00:00,cybersecurity,train_design,normal_candidate,setup=research_only_setup|catalyst=contract_customer_backlog|price=price_confirmed_basic|theme=participating_theme|relation=relation_sparse_research_only,capacity=slot_competition_very_high|same_entry_candidates=18|active_relations=0|risk=proxy_neutral|microstructure=SOURCE_PENDING_NOT_USED,1,18,3,3,0,0,1,,research_only_setup,RESEARCH_ONLY,1,0,0,0
TASK617|CEG|20250122T151500Z|slot_decision_explanation,TASK617|CEG|20250122T151500Z,CEG,2025-01-24 14:30:00+00:00,2025-01-22 15:15:00+00:00,power_grid_electrification,train_design,priority_candidate,setup=high_quality_setup|catalyst=contract_customer_backlog|price=price_confirmed_basic|theme=persistent_leadership|relation=relation_reinforcing,capacity=slot_competition_very_high|same_entry_candidates=18|active_relations=0|risk=high_liquidity_momentum_proxy|microstructure=SOURCE_PENDING_NOT_USED,1,18,2,8,0,0,1,,high_quality_setup,STRENGTH_HOLD_CANDIDATE,1,0,0,0
TASK617|MRVL|20250122T153000Z|slot_decision_explanation,TASK617|MRVL|20250122T153000Z,MRVL,2025-01-24 14:30:00+00:00,2025-01-22 15:30:00+00:00,ai_semiconductors,train_design,priority_candidate,setup=high_quality_setup|catalyst=contract_customer_backlog|price=price_confirmed_basic|theme=persistent_leadership|relation=relation_reinforcing,capacity=slot_competition_very_high|same_entry_candidates=18|active_relations=0|risk=high_liquidity_momentum_proxy|microstructure=SOURCE_PENDING_NOT_USED,1,18,4,8,0,0,1,,high_quality_setup,STRENGTH_HOLD_CANDIDATE,1,0,0,0
TASK617|GOOGL|20250122T163000Z|slot_decision_explanation,TASK617|GOOGL|20250122T163000Z,GOOGL,2025-01-24 14:30:00+00:00,2025-01-22 16:30:00+00:00,cloud_ai_platforms,train_design,priority_candidate,setup=high_quality_setup|catalyst=contract_customer_backlog|price=price_confirmed_basic|theme=participating_theme|relation=company_price_confirmed_macro_secondary,capacity=slot_competition_very_high|same_entry_candidates=18|active_relations=0|risk=high_liquidity_momentum_proxy|microstructure=SOURCE_PENDING_NOT_USED,1,18,3,7,0,0,1,,high_quality_setup,BASELINE_ALLOWED,1,0,0,0
TASK617|SNOW|20250122T164500Z|slot_decision_explanation,TASK617|SNOW|20250122T164500Z,SNOW,2025-01-24 14:30:00+00:00,2025-01-22 16:45:00+00:00,data_devops_software,train_design,priority_candidate,setup=high_quality_setup|catalyst=contract_customer_backlog|price=price_accepted_needs_confirmation|theme=participating_theme|relation=relation_reinforcing,capacity=slot_competition_very_high|same_entry_candidates=18|active_relations=0|risk=proxy_neutral|microstructure=SOURCE_PENDING_NOT_USED,1,18,1,8,0,0,1,,high_quality_setup,STRENGTH_HOLD_CANDIDATE,1,0,0,0
TASK617|GE|20250122T200000Z|slot_decision_explanation,TASK617|GE|20250122T200000Z,GE,2025-01-24 14:30:00+00:00,2025-01-22 20:00:00+00:00,industrial_automation_robotics,train_design,priority_candidate,setup=high_quality_setup|catalyst=contract_customer_backlog|price=price_confirmed_basic|theme=participating_theme|relation=relation_reinforcing,capacity=slot_competition_very_high|same_entry_candidates=18|active_relations=0|risk=proxy_neutral|microstructure=SOURCE_PENDING_NOT_USED,1,18,1,8,0,0,1,,high_quality_setup,STRENGTH_HOLD_CANDIDATE,1,0,0,0
TASK617|HOOD|20250123T143000Z|slot_decision_explanation,TASK617|HOOD|20250123T143000Z,HOOD,2025-01-27 14:30:00+00:00,2025-01-23 14:30:00+00:00,crypto_fintech,train_design,priority_candidate,setup=high_quality_setup|catalyst=contract_customer_backlog|price=price_confirmed_basic|theme=participating_theme|relation=company_price_confirmed_macro_secondary,capacity=slot_competition_very_high|same_entry_candidates=20|active_relations=0|risk=high_liquidity_momentum_proxy|microstructure=SOURCE_PENDING_NOT_USED,1,20,4,10,0,0,1,,high_quality_setup,BASELINE_ALLOWED,1,0,0,0
TASK617|COIN|20250123T143000Z|slot_decision_explanation,TASK617|COIN|20250123T143000Z,COIN,2025-01-27 14:30:00+00:00,2025-01-23 14:30:00+00:00,crypto_fintech,train_design,priority_candidate,setup=high_quality_setup|catalyst=contract_customer_backlog|price=price_confirmed_basic|theme=participating_theme|relation=company_price_confirmed_macro_secondary,capacity=slot_competition_very_high|same_entry_candidates=20|active_relations=0|risk=high_liquidity_momentum_proxy|microstructure=SOURCE_PENDING_NOT_USED,1,20,4,10,0,0,1,,high_quality_setup,BASELINE_ALLOWED,1,0,0,0
TASK617|TSM|20250123T143000Z|slot_decision_explanation,TASK617|TSM|20250123T143000Z,TSM,2025-01-27 14:30:00+00:00,2025-01-23 14:30:00+00:00,ai_semiconductors,train_design,priority_candidate,setup=high_quality_setup|catalyst=contract_customer_backlog|price=price_confirmed_basic|theme=participating_theme|relation=relation_reinforcing,capacity=slot_competition_very_high|same_entry_candidates=20|active_relations=0|risk=proxy_neutral|microstructure=SOURCE_PENDING_NOT_USED,1,20,4,9,0,0,1,,high_quality_setup,STRENGTH_HOLD_CANDIDATE,1,0,0,0
TASK617|GEV|20250123T143000Z|slot_decision_explanation,TASK617|GEV|20250123T143000Z,GEV,2025-01-27 14:30:00+00:00,2025-01-23 14:30:00+00:00,power_grid_electrification,train_design,priority_candidate,setup=high_quality_setup|catalyst=contract_customer_backlog|price=price_confirmed_basic|theme=persistent_leadership|relation=relation_reinforcing,capacity=slot_competition_very_high|same_entry_candidates=20|active_relations=0|risk=proxy_neutral|microstructure=SOURCE_PENDING_NOT_USED,1,20,3,9,0,0,1,,high_quality_setup,STRENGTH_HOLD_CANDIDATE,1,0,0,0
TASK617|ESTC|20250123T143000Z|slot_decision_explanation,TASK617|ESTC|20250123T143000Z,ESTC,2025-01-27 14:30:00+00:00,2025-01-23 14:30:00+00:00,data_devops_software,train_design,normal_candidate,setup=research_only_setup|catalyst=contract_customer_backlog|price=price_confirmed_basic|theme=fading_leadership|relation=relation_sparse_research_only,capacity=slot_competition_very_high|same_entry_candidates=20|active_relations=0|risk=proxy_neutral|microstructure=SOURCE_PENDING_NOT_USED,1,20,1,1,0,0,1,,research_only_setup,RESEARCH_ONLY,1,0,0,0
TASK617|IBIT|20250123T143000Z|slot_decision_explanation,TASK617|IBIT|20250123T143000Z,IBIT,2025-01-27 14:30:00+00:00,2025-01-23 14:30:00+00:00,crypto_fintech,train_design,priority_candidate,setup=high_quality_setup|catalyst=contract_customer_backlog|price=price_confirmed_basic|theme=participating_theme|relation=company_price_confirmed_macro_secondary,capacity=slot_competition_very_high|same_entry_candidates=20|active_relations=0|risk=high_liquidity_momentum_proxy|microstructure=SOURCE_PENDING_NOT_USED,1,20,4,10,0,0,1,,high_quality_setup,BASELINE_ALLOWED,1,0,0,0
TASK617|GE|20250123T143000Z|slot_decision_explanation,TASK617|GE|20250123T143000Z,GE,2025-01-27 14:30:00+00:00,2025-01-23 14:30:00+00:00,industrial_automation_robotics,train_design,priority_candidate,setup=high_quality_setup|catalyst=contract_customer_backlog|price=price_confirmed_basic|theme=participating_theme|relation=relation_reinforcing,capacity=slot_competition_very_high|same_entry_candidates=20|active_relations=0|risk=high_liquidity_momentum_proxy|microstructure=SOURCE_PENDING_NOT_USED,1,20,2,9,0,0,1,,high_quality_setup,STRENGTH_HOLD_CANDIDATE,1,0,0,0
TASK617|MRVL|20250123T143000Z|slot_decision_explanation,TASK617|MRVL|20250123T143000Z,MRVL,2025-01-27 14:30:00+00:00,2025-01-23 14:30:00+00:00,ai_semiconductors,train_design,priority_candidate,setup=high_quality_setup|catalyst=contract_customer_backlog|price=price_confirmed_basic|theme=participating_theme|relation=relation_reinforcing,capacity=slot_competition_very_high|same_entry_candidates=20|active_relations=0|risk=proxy_neutral|microstructure=SOURCE_PENDING_NOT_USED,1,20,4,9,0,0,1,,high_quality_setup,STRENGTH_HOLD_CANDIDATE,1,0,0,0
TASK617|ORCL|20250123T144500Z|slot_decision_explanation,TASK617|ORCL|20250123T144500Z,ORCL,2025-01-27 14:30:00+00:00,2025-01-23 14:45:00+00:00,cloud_ai_platforms,train_design,priority_candidate,setup=high_quality_setup|catalyst=contract_customer_backlog|price=price_confirmed_but_extended|theme=participating_theme|relation=company_price_confirmed_macro_secondary,capacity=slot_competition_very_high|same_entry_candidates=20|active_relations=0|risk=extension_proxy|microstructure=SOURCE_PENDING_NOT_USED,1,20,2,10,0,0,1,,high_quality_setup,BASELINE_ALLOWED,1,0,0,0
TASK617|CEG|20250123T144500Z|slot_decision_explanation,TASK617|CEG|20250123T144500Z,CEG,2025-01-27 14:30:00+00:00,2025-01-23 14:45:00+00:00,power_grid_electrification,train_design,priority_candidate,setup=high_quality_setup|catalyst=contract_customer_backlog|price=price_confirmed_basic|theme=persistent_leadership|relation=relation_reinforcing,capacity=slot_competition_very_high|same_entry_candidates=20|active_relations=0|risk=high_liquidity_momentum_proxy|microstructure=SOURCE_PENDING_NOT_USED,1,20,3,9,0,0,1,,high_quality_setup,STRENGTH_HOLD_CANDIDATE,1,0,0,0
TASK617|SOFI|20250123T151500Z|slot_decision_explanation,TASK617|SOFI|20250123T151500Z,SOFI,2025-01-27 14:30:00+00:00,2025-01-23 15:15:00+00:00,crypto_fintech,train_design,priority_candidate,setup=high_quality_setup|catalyst=contract_customer_backlog|price=price_confirmed_basic|theme=participating_theme|relation=company_price_confirmed_macro_secondary,capacity=slot_competition_very_high|same_entry_candidates=20|active_relations=0|risk=high_liquidity_momentum_proxy|microstructure=SOURCE_PENDING_NOT_USED,1,20,4,10,0,0,1,,high_quality_setup,BASELINE_ALLOWED,1,0,0,0
TASK617|ASML|20250123T153000Z|slot_decision_explanation,TASK617|ASML|20250123T153000Z,ASML,2025-01-27 14:30:00+00:00,2025-01-23 15:30:00+00:00,ai_semiconductors,train_design,priority_candidate,setup=high_quality_setup|catalyst=contract_customer_backlog|price=price_confirmed_basic|theme=participating_theme|relation=relation_reinforcing,capacity=slot_competition_very_high|same_entry_candidates=20|active_relations=0|risk=proxy_neutral|microstructure=SOURCE_PENDING_NOT_USED,1,20,4,9,0,0,1,,high_quality_setup,STRENGTH_HOLD_CANDIDATE,1,0,0,0
TASK617|NET|20250123T160000Z|slot_decision_explanation,TASK617|NET|20250123T160000Z,NET,2025-01-27 14:30:00+00:00,2025-01-23 16:00:00+00:00,cybersecurity,train_design,priority_candidate,setup=high_quality_setup|catalyst=contract_customer_backlog|price=price_confirmed_but_extended|theme=participating_theme|relation=relation_reinforcing,capacity=slot_competition_very_high|same_entry_candidates=20|active_relations=0|risk=extension_proxy|microstructure=SOURCE_PENDING_NOT_USED,1,20,1,9,0,0,1,,high_quality_setup,STRENGTH_HOLD_CANDIDATE,1,0,0,0
TASK617|PWR|20250123T160000Z|slot_decision_explanation,TASK617|PWR|20250123T160000Z,PWR,2025-01-27 14:30:00+00:00,2025-01-23 16:00:00+00:00,power_grid_electrification,train_design,priority_candidate,setup=high_quality_setup|catalyst=contract_customer_backlog|price=price_confirmed_basic|theme=persistent_leadership|relation=relation_reinforcing,capacity=slot_competition_very_high|same_entry_candidates=20|active_relations=0|risk=proxy_neutral|microstructure=SOURCE_PENDING_NOT_USED,1,20,3,9,0,0,1,,high_quality_setup,STRENGTH_HOLD_CANDIDATE,1,0,0,0
TASK617|RTX|20250123T161500Z|slot_decision_explanation,TASK617|RTX|20250123T161500Z,RTX,2025-01-27 14:30:00+00:00,2025-01-23 16:15:00+00:00,aerospace_defense_space,train_design,priority_candidate,setup=high_quality_setup|catalyst=contract_customer_backlog|price=price_confirmed_basic|theme=participating_theme|relation=company_price_confirmed_macro_secondary,capacity=slot_competition_very_high|same_entry_candidates=20|active_relations=0|risk=high_liquidity_momentum_proxy|microstructure=SOURCE_PENDING_NOT_USED,1,20,2,10,0,0,1,,high_quality_setup,BASELINE_ALLOWED,1,0,0,0
TASK617|EMR|20250123T163000Z|slot_decision_explanation,TASK617|EMR|20250123T163000Z,EMR,2025-01-27 14:30:00+00:00,2025-01-23 16:30:00+00:00,industrial_automation_robotics,train_design,priority_candidate,setup=high_quality_setup|catalyst=contract_customer_backlog|price=price_confirmed_basic|theme=participating_theme|relation=company_price_confirmed_macro_secondary,capacity=slot_competition_very_high|same_entry_candidates=20|active_relations=0|risk=proxy_neutral|microstructure=SOURCE_PENDING_NOT_USED,1,20,2,10,0,0,1,,high_quality_setup,BASELINE_ALLOWED,1,0,0,0
TASK617|META|20250123T163000Z|slot_decision_explanation,TASK617|META|20250123T163000Z,META,2025-01-27 14:30:00+00:00,2025-01-23 16:30:00+00:00,cloud_ai_platforms,train_design,priority_candidate,setup=high_quality_setup|catalyst=contract_customer_backlog|price=price_confirmed_basic|theme=participating_theme|relation=company_price_confirmed_macro_secondary,capacity=slot_competition_very_high|same_entry_candidates=20|active_relations=0|risk=proxy_neutral|microstructure=SOURCE_PENDING_NOT_USED,1,20,2,10,0,0,1,,high_quality_setup,BASELINE_ALLOWED,1,0,0,0
TASK617|MRNA|20250123T171500Z|slot_decision_explanation,TASK617|MRNA|20250123T171500Z,MRNA,2025-01-27 14:30:00+00:00,2025-01-23 17:15:00+00:00,biotech_glp1_healthcare,train_design,confirmation_required_candidate,setup=medium_quality_setup|catalyst=contract_customer_backlog|price=price_confirmed_basic|theme=participating_theme|relation=company_price_confirmed_macro_secondary,capacity=slot_competition_very_high|same_entry_candidates=20|active_relations=0|risk=proxy_neutral|microstructure=SOURCE_PENDING_NOT_USED,1,20,1,10,0,0,1,,medium_quality_setup,BASELINE_ALLOWED,1,0,0,0
TASK617|RKLB|20250123T194500Z|slot_decision_explanation,TASK617|RKLB|20250123T194500Z,RKLB,2025-01-27 14:30:00+00:00,2025-01-23 19:45:00+00:00,aerospace_defense_space,train_design,priority_candidate,setup=high_quality_setup|catalyst=contract_customer_backlog|price=price_confirmed_but_extended|theme=participating_theme|relation=company_price_confirmed_macro_secondary,capacity=slot_competition_very_high|same_entry_candidates=20|active_relations=0|risk=extension_proxy|microstructure=SOURCE_PENDING_NOT_USED,1,20,2,10,0,0,1,,high_quality_setup,BASELINE_ALLOWED,1,0,0,0
TASK617|AVGO|20250123T204500Z|slot_decision_explanation,TASK617|AVGO|20250123T204500Z,AVGO,2025-01-27 14:30:00+00:00,2025-01-23 20:45:00+00:00,ai_semiconductors,train_design,priority_candidate,setup=high_quality_setup|catalyst=contract_customer_backlog|price=price_confirmed_basic|theme=participating_theme|relation=relation_reinforcing,capacity=slot_competition_very_high|same_entry_candidates=20|active_relations=0|risk=proxy_neutral|microstructure=SOURCE_PENDING_NOT_USED,1,20,4,9,0,0,1,,high_quality_setup,STRENGTH_HOLD_CANDIDATE,1,0,0,0
TASK617|OKTA|20250127T143000Z|slot_decision_explanation,TASK617|OKTA|20250127T143000Z,OKTA,2025-01-29 14:30:00+00:00,2025-01-27 14:30:00+00:00,cybersecurity,train_design,priority_candidate,setup=high_quality_setup|catalyst=contract_customer_backlog|price=price_confirmed_basic|theme=participating_theme|relation=relation_reinforcing,capacity=slot_competition_very_high|same_entry_candidates=10|active_relations=0|risk=proxy_neutral|microstructure=SOURCE_PENDING_NOT_USED,1,10,3,4,0,0,1,,high_quality_setup,STRENGTH_HOLD_CANDIDATE,1,0,0,0
TASK617|MDB|20250127T143000Z|slot_decision_explanation,TASK617|MDB|20250127T143000Z,MDB,2025-01-29 14:30:00+00:00,2025-01-27 14:30:00+00:00,data_devops_software,train_design,priority_candidate,setup=medium_quality_setup|catalyst=contract_customer_backlog|price=price_confirmed_but_extended|theme=fading_leadership|relation=relation_reinforcing,capacity=slot_competition_very_high|same_entry_candidates=10|active_relations=0|risk=extension_proxy|microstructure=SOURCE_PENDING_NOT_USED,1,10,2,4,0,0,1,,medium_quality_setup,STRENGTH_HOLD_CANDIDATE,1,0,0,0
TASK617|ESTC|20250127T144500Z|slot_decision_explanation,TASK617|ESTC|20250127T144500Z,ESTC,2025-01-29 14:30:00+00:00,2025-01-27 14:45:00+00:00,data_devops_software,train_design,normal_candidate,setup=research_only_setup|catalyst=contract_customer_backlog|price=price_confirmed_basic|theme=fading_leadership|relation=relation_sparse_research_only,capacity=slot_competition_very_high|same_entry_candidates=10|active_relations=0|risk=proxy_neutral|microstructure=SOURCE_PENDING_NOT_USED,1,10,2,1,0,0,1,,research_only_setup,RESEARCH_ONLY,1,0,0,0
TASK617|RKLB|20250127T144500Z|slot_decision_explanation,TASK617|RKLB|20250127T144500Z,RKLB,2025-01-29 14:30:00+00:00,2025-01-27 14:45:00+00:00,aerospace_defense_space,train_design,confirmation_required_candidate,setup=medium_quality_setup|catalyst=contract_customer_backlog|price=price_confirmed_basic|theme=fading_leadership|relation=company_price_confirmed_macro_secondary,capacity=slot_competition_very_high|same_entry_candidates=10|active_relations=0|risk=proxy_neutral|microstructure=SOURCE_PENDING_NOT_USED,1,10,1,5,0,0,1,,medium_quality_setup,BASELINE_ALLOWED,1,0,0,0
TASK617|AMZN|20250127T144500Z|slot_decision_explanation,TASK617|AMZN|20250127T144500Z,AMZN,2025-01-29 14:30:00+00:00,2025-01-27 14:45:00+00:00,cloud_ai_platforms,train_design,confirmation_required_candidate,setup=medium_quality_setup|catalyst=contract_customer_backlog|price=price_confirmed_basic|theme=fading_leadership|relation=company_price_confirmed_macro_secondary,capacity=slot_competition_very_high|same_entry_candidates=10|active_relations=0|risk=high_liquidity_momentum_proxy|microstructure=SOURCE_PENDING_NOT_USED,1,10,3,5,0,0,1,,medium_quality_setup,BASELINE_ALLOWED,1,0,0,0
TASK617|HOOD|20250127T144500Z|slot_decision_explanation,TASK617|HOOD|20250127T144500Z,HOOD,2025-01-29 14:30:00+00:00,2025-01-27 14:45:00+00:00,crypto_fintech,train_design,confirmation_required_candidate,setup=medium_quality_setup|catalyst=contract_customer_backlog|price=price_confirmed_but_extended|theme=fading_leadership|relation=company_price_confirmed_macro_secondary,capacity=slot_competition_very_high|same_entry_candidates=10|active_relations=0|risk=extension_proxy|microstructure=SOURCE_PENDING_NOT_USED,1,10,1,5,0,0,1,,medium_quality_setup,BASELINE_ALLOWED,1,0,0,0
TASK617|CRWD|20250127T144500Z|slot_decision_explanation,TASK617|CRWD|20250127T144500Z,CRWD,2025-01-29 14:30:00+00:00,2025-01-27 14:45:00+00:00,cybersecurity,train_design,priority_candidate,setup=high_quality_setup|catalyst=contract_customer_backlog|price=price_confirmed_basic|theme=participating_theme|relation=relation_reinforcing,capacity=slot_competition_very_high|same_entry_candidates=10|active_relations=0|risk=proxy_neutral|microstructure=SOURCE_PENDING_NOT_USED,1,10,3,4,0,0,1,,high_quality_setup,STRENGTH_HOLD_CANDIDATE,1,0,0,0
TASK617|NET|20250127T144500Z|slot_decision_explanation,TASK617|NET|20250127T144500Z,NET,2025-01-29 14:30:00+00:00,2025-01-27 14:45:00+00:00,cybersecurity,train_design,priority_candidate,setup=high_quality_setup|catalyst=contract_customer_backlog|price=price_confirmed_basic|theme=participating_theme|relation=relation_reinforcing,capacity=slot_competition_very_high|same_entry_candidates=10|active_relations=0|risk=proxy_neutral|microstructure=SOURCE_PENDING_NOT_USED,1,10,3,4,0,0,1,,high_quality_setup,STRENGTH_HOLD_CANDIDATE,1,0,0,0
TASK617|META|20250127T150000Z|slot_decision_explanation,TASK617|META|20250127T150000Z,META,2025-01-29 14:30:00+00:00,2025-01-27 15:00:00+00:00,cloud_ai_platforms,train_design,confirmation_required_candidate,setup=medium_quality_setup|catalyst=contract_customer_backlog|price=price_confirmed_basic|theme=fading_leadership|relation=company_price_confirmed_macro_secondary,capacity=slot_competition_very_high|same_entry_candidates=10|active_relations=0|risk=high_liquidity_momentum_proxy|microstructure=SOURCE_PENDING_NOT_USED,1,10,3,5,0,0,1,,medium_quality_setup,BASELINE_ALLOWED,1,0,0,0
TASK617|CRM|20250127T151500Z|slot_decision_explanation,TASK617|CRM|20250127T151500Z,CRM,2025-01-29 14:30:00+00:00,2025-01-27 15:15:00+00:00,cloud_ai_platforms,train_design,confirmation_required_candidate,setup=medium_quality_setup|catalyst=contract_customer_backlog|price=price_confirmed_but_extended|theme=fading_leadership|relation=company_price_confirmed_macro_secondary,capacity=slot_competition_very_high|same_entry_candidates=10|active_relations=0|risk=extension_proxy|microstructure=SOURCE_PENDING_NOT_USED,1,10,3,5,0,0,1,,medium_quality_setup,BASELINE_ALLOWED,1,0,0,0
TASK617|TEAM|20250128T144500Z|slot_decision_explanation,TASK617|TEAM|20250128T144500Z,TEAM,2025-01-30 14:30:00+00:00,2025-01-28 14:45:00+00:00,data_devops_software,train_design,priority_candidate,setup=high_quality_setup|catalyst=contract_customer_backlog|price=price_confirmed_basic|theme=participating_theme|relation=relation_reinforcing,capacity=slot_competition_very_high|same_entry_candidates=16|active_relations=0|risk=proxy_neutral|microstructure=SOURCE_PENDING_NOT_USED,1,16,6,10,0,0,1,,high_quality_setup,STRENGTH_HOLD_CANDIDATE,1,0,0,0
TASK617|PANW|20250128T144500Z|slot_decision_explanation,TASK617|PANW|20250128T144500Z,PANW,2025-01-30 14:30:00+00:00,2025-01-28 14:45:00+00:00,cybersecurity,train_design,priority_candidate,setup=high_quality_setup|catalyst=contract_customer_backlog|price=price_confirmed_but_extended|theme=participating_theme|relation=relation_reinforcing,capacity=slot_competition_very_high|same_entry_candidates=16|active_relations=0|risk=extension_proxy|microstructure=SOURCE_PENDING_NOT_USED,1,16,6,10,0,0,1,,high_quality_setup,STRENGTH_HOLD_CANDIDATE,1,0,0,0
TASK617|MDB|20250128T144500Z|slot_decision_explanation,TASK617|MDB|20250128T144500Z,MDB,2025-01-30 14:30:00+00:00,2025-01-28 14:45:00+00:00,data_devops_software,train_design,priority_candidate,setup=high_quality_setup|catalyst=contract_customer_backlog|price=price_confirmed_basic|theme=participating_theme|relation=relation_reinforcing,capacity=slot_competition_very_high|same_entry_candidates=16|active_relations=0|risk=proxy_neutral|microstructure=SOURCE_PENDING_NOT_USED,1,16,6,10,0,0,1,,high_quality_setup,STRENGTH_HOLD_CANDIDATE,1,0,0,0
TASK617|GTLB|20250128T144500Z|slot_decision_explanation,TASK617|GTLB|20250128T144500Z,GTLB,2025-01-30 14:30:00+00:00,2025-01-28 14:45:00+00:00,data_devops_software,train_design,normal_candidate,setup=research_only_setup|catalyst=contract_customer_backlog|price=price_confirmed_but_extended|theme=participating_theme|relation=relation_sparse_research_only,capacity=slot_competition_very_high|same_entry_candidates=16|active_relations=0|risk=extension_proxy|microstructure=SOURCE_PENDING_NOT_USED,1,16,6,2,0,0,1,,research_only_setup,RESEARCH_ONLY,1,0,0,0
TASK617|NET|20250128T144500Z|slot_decision_explanation,TASK617|NET|20250128T144500Z,NET,2025-01-30 14:30:00+00:00,2025-01-28 14:45:00+00:00,cybersecurity,train_design,priority_candidate,setup=high_quality_setup|catalyst=contract_customer_backlog|price=price_confirmed_basic|theme=participating_theme|relation=relation_reinforcing,capacity=slot_competition_very_high|same_entry_candidates=16|active_relations=0|risk=proxy_neutral|microstructure=SOURCE_PENDING_NOT_USED,1,16,6,10,0,0,1,,high_quality_setup,STRENGTH_HOLD_CANDIDATE,1,0,0,0
TASK617|ESTC|20250128T144500Z|slot_decision_explanation,TASK617|ESTC|20250128T144500Z,ESTC,2025-01-30 14:30:00+00:00,2025-01-28 14:45:00+00:00,data_devops_software,train_design,normal_candidate,setup=research_only_setup|catalyst=contract_customer_backlog|price=price_confirmed_basic|theme=participating_theme|relation=relation_sparse_research_only,capacity=slot_competition_very_high|same_entry_candidates=16|active_relations=0|risk=proxy_neutral|microstructure=SOURCE_PENDING_NOT_USED,1,16,6,2,0,0,1,,research_only_setup,RESEARCH_ONLY,1,0,0,0
TASK617|DDOG|20250128T144500Z|slot_decision_explanation,TASK617|DDOG|20250128T144500Z,DDOG,2025-01-30 14:30:00+00:00,2025-01-28 14:45:00+00:00,data_devops_software,train_design,priority_candidate,setup=high_quality_setup|catalyst=contract_customer_backlog|price=price_confirmed_basic|theme=participating_theme|relation=relation_reinforcing,capacity=slot_competition_very_high|same_entry_candidates=16|active_relations=0|risk=high_liquidity_momentum_proxy|microstructure=SOURCE_PENDING_NOT_USED,1,16,6,10,0,0,1,,high_quality_setup,STRENGTH_HOLD_CANDIDATE,1,0,0,0
TASK617|CRM|20250128T144500Z|slot_decision_explanation,TASK617|CRM|20250128T144500Z,CRM,2025-01-30 14:30:00+00:00,2025-01-28 14:45:00+00:00,cloud_ai_platforms,train_design,priority_candidate,setup=high_quality_setup|catalyst=contract_customer_backlog|price=price_confirmed_basic|theme=participating_theme|relation=company_price_confirmed_macro_secondary,capacity=slot_competition_very_high|same_entry_candidates=16|active_relations=0|risk=high_liquidity_momentum_proxy|microstructure=SOURCE_PENDING_NOT_USED,1,16,3,4,0,0,1,,high_quality_setup,BASELINE_ALLOWED,1,0,0,0
TASK617|ZS|20250128T144500Z|slot_decision_explanation,TASK617|ZS|20250128T144500Z,ZS,2025-01-30 14:30:00+00:00,2025-01-28 14:45:00+00:00,cybersecurity,train_design,priority_candidate,setup=high_quality_setup|catalyst=contract_customer_backlog|price=price_confirmed_but_extended|theme=participating_theme|relation=relation_reinforcing,capacity=slot_competition_very_high|same_entry_candidates=16|active_relations=0|risk=extension_proxy|microstructure=SOURCE_PENDING_NOT_USED,1,16,6,10,0,0,1,,high_quality_setup,STRENGTH_HOLD_CANDIDATE,1,0,0,0
TASK617|SNOW|20250128T144500Z|slot_decision_explanation,TASK617|SNOW|20250128T144500Z,SNOW,2025-01-30 14:30:00+00:00,2025-01-28 14:45:00+00:00,data_devops_software,train_design,priority_candidate,setup=high_quality_setup|catalyst=contract_customer_backlog|price=price_confirmed_basic|theme=participating_theme|relation=relation_reinforcing,capacity=slot_competition_very_high|same_entry_candidates=16|active_relations=0|risk=high_liquidity_momentum_proxy|microstructure=SOURCE_PENDING_NOT_USED,1,16,6,10,0,0,1,,high_quality_setup,STRENGTH_HOLD_CANDIDATE,1,0,0,0
TASK617|CRWD|20250128T144500Z|slot_decision_explanation,TASK617|CRWD|20250128T144500Z,CRWD,2025-01-30 14:30:00+00:00,2025-01-28 14:45:00+00:00,cybersecurity,train_design,priority_candidate,setup=high_quality_setup|catalyst=contract_customer_backlog|price=price_confirmed_but_extended|theme=participating_theme|relation=relation_reinforcing,capacity=slot_competition_very_high|same_entry_candidates=16|active_relations=0|risk=extension_proxy|microstructure=SOURCE_PENDING_NOT_USED,1,16,6,10,0,0,1,,high_quality_setup,STRENGTH_HOLD_CANDIDATE,1,0,0,0
TASK617|OKTA|20250128T144500Z|slot_decision_explanation,TASK617|OKTA|20250128T144500Z,OKTA,2025-01-30 14:30:00+00:00,2025-01-28 14:45:00+00:00,cybersecurity,train_design,priority_candidate,setup=high_quality_setup|catalyst=contract_customer_backlog|price=price_confirmed_but_extended|theme=participating_theme|relation=relation_reinforcing,capacity=slot_competition_very_high|same_entry_candidates=16|active_relations=0|risk=extension_proxy|microstructure=SOURCE_PENDING_NOT_USED,1,16,6,10,0,0,1,,high_quality_setup,STRENGTH_HOLD_CANDIDATE,1,0,0,0
TASK617|S|20250128T144500Z|slot_decision_explanation,TASK617|S|20250128T144500Z,S,2025-01-30 14:30:00+00:00,2025-01-28 14:45:00+00:00,cybersecurity,train_design,priority_candidate,setup=high_quality_setup|catalyst=contract_customer_backlog|price=price_confirmed_but_extended|theme=participating_theme|relation=relation_reinforcing,capacity=slot_competition_very_high|same_entry_candidates=16|active_relations=0|risk=extension_proxy|microstructure=SOURCE_PENDING_NOT_USED,1,16,6,10,0,0,1,,high_quality_setup,STRENGTH_HOLD_CANDIDATE,1,0,0,0
TASK617|AMZN|20250128T144500Z|slot_decision_explanation,TASK617|AMZN|20250128T144500Z,AMZN,2025-01-30 14:30:00+00:00,2025-01-28 14:45:00+00:00,cloud_ai_platforms,train_design,priority_candidate,setup=high_quality_setup|catalyst=contract_customer_backlog|price=price_confirmed_basic|theme=participating_theme|relation=company_price_confirmed_macro_secondary,capacity=slot_competition_very_high|same_entry_candidates=16|active_relations=0|risk=high_liquidity_momentum_proxy|microstructure=SOURCE_PENDING_NOT_USED,1,16,3,4,0,0,1,,high_quality_setup,BASELINE_ALLOWED,1,0,0,0
TASK617|HOOD|20250128T150000Z|slot_decision_explanation,TASK617|HOOD|20250128T150000Z,HOOD,2025-01-30 14:30:00+00:00,2025-01-28 15:00:00+00:00,crypto_fintech,train_design,confirmation_required_candidate,setup=medium_quality_setup|catalyst=contract_customer_backlog|price=price_confirmed_basic|theme=fading_leadership|relation=company_price_confirmed_macro_secondary,capacity=slot_competition_very_high|same_entry_candidates=16|active_relations=0|risk=proxy_neutral|microstructure=SOURCE_PENDING_NOT_USED,1,16,1,4,0,0,1,,medium_quality_setup,BASELINE_ALLOWED,1,0,0,0
TASK617|META|20250128T163000Z|slot_decision_explanation,TASK617|META|20250128T163000Z,META,2025-01-30 14:30:00+00:00,2025-01-28 16:30:00+00:00,cloud_ai_platforms,train_design,priority_candidate,setup=high_quality_setup|catalyst=contract_customer_backlog|price=price_confirmed_basic|theme=participating_theme|relation=company_price_confirmed_macro_secondary,capacity=slot_competition_very_high|same_entry_candidates=16|active_relations=0|risk=high_liquidity_momentum_proxy|microstructure=SOURCE_PENDING_NOT_USED,1,16,3,4,0,0,1,,high_quality_setup,BASELINE_ALLOWED,1,0,0,0
TASK617|OKTA|20250129T154500Z|slot_decision_explanation,TASK617|OKTA|20250129T154500Z,OKTA,2025-01-31 14:30:00+00:00,2025-01-29 15:45:00+00:00,cybersecurity,train_design,priority_candidate,setup=high_quality_setup|catalyst=contract_customer_backlog|price=price_confirmed_basic|theme=participating_theme|relation=relation_reinforcing,capacity=slot_competition_low|same_entry_candidates=5|active_relations=0|risk=proxy_neutral|microstructure=SOURCE_PENDING_NOT_USED,1,5,1,1,0,0,1,,high_quality_setup,STRENGTH_HOLD_CANDIDATE,1,0,0,0
TASK617|HOOD|20250129T170000Z|slot_decision_explanation,TASK617|HOOD|20250129T170000Z,HOOD,2025-01-31 14:30:00+00:00,2025-01-29 17:00:00+00:00,crypto_fintech,train_design,priority_candidate,setup=high_quality_setup|catalyst=contract_customer_backlog|price=price_confirmed_basic|theme=participating_theme|relation=company_price_confirmed_macro_secondary,capacity=same_relation_crowded|same_entry_candidates=5|active_relations=0|risk=proxy_neutral|microstructure=SOURCE_PENDING_NOT_USED,1,5,3,4,0,0,1,,high_quality_setup,BASELINE_ALLOWED,1,0,0,0
TASK617|IBIT|20250129T171500Z|slot_decision_explanation,TASK617|IBIT|20250129T171500Z,IBIT,2025-01-31 14:30:00+00:00,2025-01-29 17:15:00+00:00,crypto_fintech,train_design,priority_candidate,setup=high_quality_setup|catalyst=contract_customer_backlog|price=price_confirmed_basic|theme=participating_theme|relation=company_price_confirmed_macro_secondary,capacity=same_relation_crowded|same_entry_candidates=5|active_relations=0|risk=proxy_neutral|microstructure=SOURCE_PENDING_NOT_USED,1,5,3,4,0,0,1,,high_quality_setup,BASELINE_ALLOWED,1,0,0,0
TASK617|META|20250129T194500Z|slot_decision_explanation,TASK617|META|20250129T194500Z,META,2025-01-31 14:30:00+00:00,2025-01-29 19:45:00+00:00,cloud_ai_platforms,train_design,priority_candidate,setup=high_quality_setup|catalyst=contract_customer_backlog|price=price_confirmed_basic|theme=participating_theme|relation=company_price_confirmed_macro_secondary,capacity=same_relation_crowded|same_entry_candidates=5|active_relations=0|risk=proxy_neutral|microstructure=SOURCE_PENDING_NOT_USED,1,5,1,4,0,0,1,,high_quality_setup,BASELINE_ALLOWED,1,0,0,0
TASK617|COIN|20250129T201500Z|slot_decision_explanation,TASK617|COIN|20250129T201500Z,COIN,2025-01-31 14:30:00+00:00,2025-01-29 20:15:00+00:00,crypto_fintech,train_design,research_only,setup=fragile_setup|catalyst=contract_customer_backlog|price=price_fragile_or_unconfirmed|theme=participating_theme|relation=company_price_confirmed_macro_secondary,capacity=same_relation_crowded|same_entry_candidates=5|active_relations=0|risk=extension_proxy|microstructure=SOURCE_PENDING_NOT_USED,1,5,3,4,0,0,1,,fragile_setup,BASELINE_ALLOWED,1,0,0,0
TASK617|GE|20250130T143000Z|slot_decision_explanation,TASK617|GE|20250130T143000Z,GE,2025-02-03 14:30:00+00:00,2025-01-30 14:30:00+00:00,industrial_automation_robotics,train_design,priority_candidate,setup=medium_quality_setup|catalyst=contract_customer_backlog|price=price_confirmed_basic|theme=participating_theme|relation=relation_reinforcing,capacity=slot_competition_very_high|same_entry_candidates=18|active_relations=0|risk=high_liquidity_momentum_proxy|microstructure=SOURCE_PENDING_NOT_USED,1,18,2,7,0,0,1,,medium_quality_setup,STRENGTH_HOLD_CANDIDATE,1,0,0,0
TASK617|HOOD|20250130T143000Z|slot_decision_explanation,TASK617|HOOD|20250130T143000Z,HOOD,2025-02-03 14:30:00+00:00,2025-01-30 14:30:00+00:00,crypto_fintech,train_design,priority_candidate,setup=high_quality_setup|catalyst=contract_customer_backlog|price=price_confirmed_but_extended|theme=persistent_leadership|relation=company_price_confirmed_macro_secondary,capacity=slot_competition_very_high|same_entry_candidates=18|active_relations=0|risk=extension_proxy|microstructure=SOURCE_PENDING_NOT_USED,1,18,3,9,0,0,1,,high_quality_setup,BASELINE_ALLOWED,1,0,0,0
TASK617|RKLB|20250130T143000Z|slot_decision_explanation,TASK617|RKLB|20250130T143000Z,RKLB,2025-02-03 14:30:00+00:00,2025-01-30 14:30:00+00:00,aerospace_defense_space,train_design,confirmation_required_candidate,setup=medium_quality_setup|catalyst=contract_customer_backlog|price=price_confirmed_but_extended|theme=fading_leadership|relation=company_price_confirmed_macro_secondary,capacity=slot_competition_very_high|same_entry_candidates=18|active_relations=0|risk=extension_proxy|microstructure=SOURCE_PENDING_NOT_USED,1,18,2,9,0,0,1,,medium_quality_setup,BASELINE_ALLOWED,1,0,0,0
TASK617|META|20250130T143000Z|slot_decision_explanation,TASK617|META|20250130T143000Z,META,2025-02-03 14:30:00+00:00,2025-01-30 14:30:00+00:00,cloud_ai_platforms,train_design,priority_candidate,setup=high_quality_setup|catalyst=contract_customer_backlog|price=price_confirmed_basic|theme=participating_theme|relation=company_price_confirmed_macro_secondary,capacity=slot_competition_very_high|same_entry_candidates=18|active_relations=0|risk=high_liquidity_momentum_proxy|microstructure=SOURCE_PENDING_NOT_USED,1,18,2,9,0,0,1,,high_quality_setup,BASELINE_ALLOWED,1,0,0,0
TASK617|GOOGL|20250130T143000Z|slot_decision_explanation,TASK617|GOOGL|20250130T143000Z,GOOGL,2025-02-03 14:30:00+00:00,2025-01-30 14:30:00+00:00,cloud_ai_platforms,train_design,priority_candidate,setup=high_quality_setup|catalyst=contract_customer_backlog|price=price_confirmed_but_extended|theme=participating_theme|relation=company_price_confirmed_macro_secondary,capacity=slot_competition_very_high|same_entry_candidates=18|active_relations=0|risk=extension_proxy|microstructure=SOURCE_PENDING_NOT_USED,1,18,2,9,0,0,1,,high_quality_setup,BASELINE_ALLOWED,1,0,0,0
TASK617|PH|20250130T143000Z|slot_decision_explanation,TASK617|PH|20250130T143000Z,PH,2025-02-03 14:30:00+00:00,2025-01-30 14:30:00+00:00,industrial_automation_robotics,train_design,confirmation_required_candidate,setup=medium_quality_setup|catalyst=contract_customer_backlog|price=price_confirmed_basic|theme=participating_theme|relation=company_price_confirmed_macro_secondary,capacity=slot_competition_very_high|same_entry_candidates=18|active_relations=0|risk=proxy_neutral|microstructure=SOURCE_PENDING_NOT_USED,1,18,2,9,0,0,1,,medium_quality_setup,BASELINE_ALLOWED,1,0,0,0
TASK617|ZS|20250130T144500Z|slot_decision_explanation,TASK617|ZS|20250130T144500Z,ZS,2025-02-03 14:30:00+00:00,2025-01-30 14:45:00+00:00,cybersecurity,train_design,priority_candidate,setup=high_quality_setup|catalyst=contract_customer_backlog|price=price_confirmed_basic|theme=participating_theme|relation=relation_reinforcing,capacity=slot_competition_very_high|same_entry_candidates=18|active_relations=0|risk=proxy_neutral|microstructure=SOURCE_PENDING_NOT_USED,1,18,3,7,0,0,1,,high_quality_setup,STRENGTH_HOLD_CANDIDATE,1,0,0,0
TASK617|IBIT|20250130T144500Z|slot_decision_explanation,TASK617|IBIT|20250130T144500Z,IBIT,2025-02-03 14:30:00+00:00,2025-01-30 14:45:00+00:00,crypto_fintech,train_design,priority_candidate,setup=high_quality_setup|catalyst=contract_customer_backlog|price=price_confirmed_basic|theme=persistent_leadership|relation=company_price_confirmed_macro_secondary,capacity=slot_competition_very_high|same_entry_candidates=18|active_relations=0|risk=proxy_neutral|microstructure=SOURCE_PENDING_NOT_USED,1,18,3,9,0,0,1,,high_quality_setup,BASELINE_ALLOWED,1,0,0,0
TASK617|TEAM|20250130T144500Z|slot_decision_explanation,TASK617|TEAM|20250130T144500Z,TEAM,2025-02-03 14:30:00+00:00,2025-01-30 14:45:00+00:00,data_devops_software,train_design,priority_candidate,setup=high_quality_setup|catalyst=contract_customer_backlog|price=price_confirmed_basic|theme=emerging_leadership|relation=relation_reinforcing,capacity=slot_competition_very_high|same_entry_candidates=18|active_relations=0|risk=proxy_neutral|microstructure=SOURCE_PENDING_NOT_USED,1,18,5,7,0,0,1,,high_quality_setup,STRENGTH_HOLD_CANDIDATE,1,0,0,0
TASK617|COIN|20250130T144500Z|slot_decision_explanation,TASK617|COIN|20250130T144500Z,COIN,2025-02-03 14:30:00+00:00,2025-01-30 14:45:00+00:00,crypto_fintech,train_design,priority_candidate,setup=high_quality_setup|catalyst=contract_customer_backlog|price=price_confirmed_basic|theme=persistent_leadership|relation=company_price_confirmed_macro_secondary,capacity=slot_competition_very_high|same_entry_candidates=18|active_relations=0|risk=proxy_neutral|microstructure=SOURCE_PENDING_NOT_USED,1,18,3,9,0,0,1,,high_quality_setup,BASELINE_ALLOWED,1,0,0,0
TASK617|OKTA|20250130T144500Z|slot_decision_explanation,TASK617|OKTA|20250130T144500Z,OKTA,2025-02-03 14:30:00+00:00,2025-01-30 14:45:00+00:00,cybersecurity,train_design,priority_candidate,setup=high_quality_setup|catalyst=contract_customer_backlog|price=price_confirmed_basic|theme=participating_theme|relation=relation_reinforcing,capacity=slot_competition_very_high|same_entry_candidates=18|active_relations=0|risk=proxy_neutral|microstructure=SOURCE_PENDING_NOT_USED,1,18,3,7,0,0,1,,high_quality_setup,STRENGTH_HOLD_CANDIDATE,1,0,0,0
TASK617|CRWD|20250130T144500Z|slot_decision_explanation,TASK617|CRWD|20250130T144500Z,CRWD,2025-02-03 14:30:00+00:00,2025-01-30 14:45:00+00:00,cybersecurity,train_design,priority_candidate,setup=high_quality_setup|catalyst=contract_customer_backlog|price=price_confirmed_basic|theme=participating_theme|relation=relation_reinforcing,capacity=slot_competition_very_high|same_entry_candidates=18|active_relations=0|risk=proxy_neutral|microstructure=SOURCE_PENDING_NOT_USED,1,18,3,7,0,0,1,,high_quality_setup,STRENGTH_HOLD_CANDIDATE,1,0,0,0
TASK617|RTX|20250130T150000Z|slot_decision_explanation,TASK617|RTX|20250130T150000Z,RTX,2025-02-03 14:30:00+00:00,2025-01-30 15:00:00+00:00,aerospace_defense_space,train_design,confirmation_required_candidate,setup=medium_quality_setup|catalyst=contract_customer_backlog|price=price_confirmed_basic|theme=fading_leadership|relation=company_price_confirmed_macro_secondary,capacity=slot_competition_very_high|same_entry_candidates=18|active_relations=0|risk=proxy_neutral|microstructure=SOURCE_PENDING_NOT_USED,1,18,2,9,0,0,1,,medium_quality_setup,BASELINE_ALLOWED,1,0,0,0
TASK617|ESTC|20250130T151500Z|slot_decision_explanation,TASK617|ESTC|20250130T151500Z,ESTC,2025-02-03 14:30:00+00:00,2025-01-30 15:15:00+00:00,data_devops_software,train_design,normal_candidate,setup=research_only_setup|catalyst=contract_customer_backlog|price=price_accepted_needs_confirmation|theme=emerging_leadership|relation=relation_sparse_research_only,capacity=slot_competition_very_high|same_entry_candidates=18|active_relations=0|risk=proxy_neutral|microstructure=SOURCE_PENDING_NOT_USED,1,18,5,2,0,0,1,,research_only_setup,RESEARCH_ONLY,1,0,0,0
TASK617|GTLB|20250130T153000Z|slot_decision_explanation,TASK617|GTLB|20250130T153000Z,GTLB,2025-02-03 14:30:00+00:00,2025-01-30 15:30:00+00:00,data_devops_software,train_design,normal_candidate,setup=research_only_setup|catalyst=contract_customer_backlog|price=price_accepted_needs_confirmation|theme=emerging_leadership|relation=relation_sparse_research_only,capacity=slot_competition_very_high|same_entry_candidates=18|active_relations=0|risk=proxy_neutral|microstructure=SOURCE_PENDING_NOT_USED,1,18,5,2,0,0,1,,research_only_setup,RESEARCH_ONLY,1,0,0,0
TASK617|ISRG|20250130T161500Z|slot_decision_explanation,TASK617|ISRG|20250130T161500Z,ISRG,2025-02-03 14:30:00+00:00,2025-01-30 16:15:00+00:00,biotech_glp1_healthcare,train_design,priority_candidate,setup=high_quality_setup|catalyst=contract_customer_backlog|price=price_accepted_needs_confirmation|theme=participating_theme|relation=company_price_confirmed_macro_secondary,capacity=slot_competition_very_high|same_entry_candidates=18|active_relations=0|risk=proxy_neutral|microstructure=SOURCE_PENDING_NOT_USED,1,18,1,9,0,0,1,,high_quality_setup,BASELINE_ALLOWED,1,0,0,0
TASK617|SNOW|20250130T194500Z|slot_decision_explanation,TASK617|SNOW|20250130T194500Z,SNOW,2025-02-03 14:30:00+00:00,2025-01-30 19:45:00+00:00,data_devops_software,train_design,priority_candidate,setup=high_quality_setup|catalyst=contract_customer_backlog|price=price_confirmed_basic|theme=emerging_leadership|relation=relation_reinforcing,capacity=slot_competition_very_high|same_entry_candidates=18|active_relations=0|risk=high_liquidity_momentum_proxy|microstructure=SOURCE_PENDING_NOT_USED,1,18,5,7,0,0,1,,high_quality_setup,STRENGTH_HOLD_CANDIDATE,1,0,0,0
TASK617|PLTR|20250130T194500Z|slot_decision_explanation,TASK617|PLTR|20250130T194500Z,PLTR,2025-02-03 14:30:00+00:00,2025-01-30 19:45:00+00:00,data_devops_software,train_design,priority_candidate,setup=high_quality_setup|catalyst=contract_customer_backlog|price=price_confirmed_basic|theme=emerging_leadership|relation=relation_reinforcing,capacity=slot_competition_very_high|same_entry_candidates=18|active_relations=0|risk=high_liquidity_momentum_proxy|microstructure=SOURCE_PENDING_NOT_USED,1,18,5,7,0,0,1,,high_quality_setup,STRENGTH_HOLD_CANDIDATE,1,0,0,0
TASK617|HOOD|20250203T143000Z|slot_decision_explanation,TASK617|HOOD|20250203T143000Z,HOOD,2025-02-05 14:30:00+00:00,2025-02-03 14:30:00+00:00,crypto_fintech,train_design,priority_candidate,setup=high_quality_setup|catalyst=contract_customer_backlog|price=price_confirmed_basic|theme=emerging_leadership|relation=company_price_confirmed_macro_secondary,capacity=slot_competition_very_high|same_entry_candidates=21|active_relations=0|risk=proxy_neutral|microstructure=SOURCE_PENDING_NOT_USED,1,21,4,11,0,0,1,,high_quality_setup,BASELINE_ALLOWED,1,0,0,0
TASK617|MSTR|20250203T143000Z|slot_decision_explanation,TASK617|MSTR|20250203T143000Z,MSTR,2025-02-05 14:30:00+00:00,2025-02-03 14:30:00+00:00,crypto_fintech,train_design,priority_candidate,setup=high_quality_setup|catalyst=contract_customer_backlog|price=price_confirmed_basic|theme=emerging_leadership|relation=company_price_confirmed_macro_secondary,capacity=slot_competition_very_high|same_entry_candidates=21|active_relations=0|risk=proxy_neutral|microstructure=SOURCE_PENDING_NOT_USED,1,21,4,11,0,0,1,,high_quality_setup,BASELINE_ALLOWED,1,0,0,0
TASK617|TEAM|20250203T143000Z|slot_decision_explanation,TASK617|TEAM|20250203T143000Z,TEAM,2025-02-05 14:30:00+00:00,2025-02-03 14:30:00+00:00,data_devops_software,train_design,priority_candidate,setup=high_quality_setup|catalyst=contract_customer_backlog|price=price_confirmed_basic|theme=persistent_leadership|relation=relation_reinforcing,capacity=slot_competition_very_high|same_entry_candidates=21|active_relations=0|risk=proxy_neutral|microstructure=SOURCE_PENDING_NOT_USED,1,21,5,8,0,0,1,,high_quality_setup,STRENGTH_HOLD_CANDIDATE,1,0,0,0
TASK617|META|20250203T143000Z|slot_decision_explanation,TASK617|META|20250203T143000Z,META,2025-02-05 14:30:00+00:00,2025-02-03 14:30:00+00:00,cloud_ai_platforms,train_design,priority_candidate,setup=high_quality_setup|catalyst=contract_customer_backlog|price=price_confirmed_basic|theme=participating_theme|relation=company_price_confirmed_macro_secondary,capacity=slot_competition_very_high|same_entry_candidates=21|active_relations=0|risk=proxy_neutral|microstructure=SOURCE_PENDING_NOT_USED,1,21,3,11,0,0,1,,high_quality_setup,BASELINE_ALLOWED,1,0,0,0
TASK617|NET|20250203T144500Z|slot_decision_explanation,TASK617|NET|20250203T144500Z,NET,2025-02-05 14:30:00+00:00,2025-02-03 14:45:00+00:00,cybersecurity,train_design,priority_candidate,setup=high_quality_setup|catalyst=contract_customer_backlog|price=price_confirmed_but_extended|theme=participating_theme|relation=relation_reinforcing,capacity=slot_competition_very_high|same_entry_candidates=21|active_relations=0|risk=extension_proxy|microstructure=SOURCE_PENDING_NOT_USED,1,21,4,8,0,0,1,,high_quality_setup,STRENGTH_HOLD_CANDIDATE,1,0,0,0
TASK617|SNOW|20250203T144500Z|slot_decision_explanation,TASK617|SNOW|20250203T144500Z,SNOW,2025-02-05 14:30:00+00:00,2025-02-03 14:45:00+00:00,data_devops_software,train_design,priority_candidate,setup=high_quality_setup|catalyst=contract_customer_backlog|price=price_confirmed_basic|theme=persistent_leadership|relation=relation_reinforcing,capacity=slot_competition_very_high|same_entry_candidates=21|active_relations=0|risk=proxy_neutral|microstructure=SOURCE_PENDING_NOT_USED,1,21,5,8,0,0,1,,high_quality_setup,STRENGTH_HOLD_CANDIDATE,1,0,0,0
TASK617|ESTC|20250203T151500Z|slot_decision_explanation,TASK617|ESTC|20250203T151500Z,ESTC,2025-02-05 14:30:00+00:00,2025-02-03 15:15:00+00:00,data_devops_software,train_design,normal_candidate,setup=research_only_setup|catalyst=contract_customer_backlog|price=price_confirmed_but_extended|theme=persistent_leadership|relation=relation_sparse_research_only,capacity=slot_competition_very_high|same_entry_candidates=21|active_relations=0|risk=extension_proxy|microstructure=SOURCE_PENDING_NOT_USED,1,21,5,2,0,0,1,,research_only_setup,RESEARCH_ONLY,1,0,0,0
TASK617|COIN|20250203T151500Z|slot_decision_explanation,TASK617|COIN|20250203T151500Z,COIN,2025-02-05 14:30:00+00:00,2025-02-03 15:15:00+00:00,crypto_fintech,train_design,priority_candidate,setup=high_quality_setup|catalyst=contract_customer_backlog|price=price_confirmed_but_extended|theme=emerging_leadership|relation=company_price_confirmed_macro_secondary,capacity=slot_competition_very_high|same_entry_candidates=21|active_relations=0|risk=extension_proxy|microstructure=SOURCE_PENDING_NOT_USED,1,21,4,11,0,0,1,,high_quality_setup,BASELINE_ALLOWED,1,0,0,0
TASK617|GE|20250203T151500Z|slot_decision_explanation,TASK617|GE|20250203T151500Z,GE,2025-02-05 14:30:00+00:00,2025-02-03 15:15:00+00:00,industrial_automation_robotics,train_design,priority_candidate,setup=medium_quality_setup|catalyst=contract_customer_backlog|price=price_confirmed_basic|theme=participating_theme|relation=relation_reinforcing,capacity=slot_competition_very_high|same_entry_candidates=21|active_relations=0|risk=proxy_neutral|microstructure=SOURCE_PENDING_NOT_USED,1,21,1,8,0,0,1,,medium_quality_setup,STRENGTH_HOLD_CANDIDATE,1,0,0,0
TASK617|RKLB|20250203T151500Z|slot_decision_explanation,TASK617|RKLB|20250203T151500Z,RKLB,2025-02-05 14:30:00+00:00,2025-02-03 15:15:00+00:00,aerospace_defense_space,train_design,confirmation_required_candidate,setup=medium_quality_setup|catalyst=contract_customer_backlog|price=price_confirmed_basic|theme=participating_theme|relation=company_price_confirmed_macro_secondary,capacity=slot_competition_very_high|same_entry_candidates=21|active_relations=0|risk=proxy_neutral|microstructure=SOURCE_PENDING_NOT_USED,1,21,2,11,0,0,1,,medium_quality_setup,BASELINE_ALLOWED,1,0,0,0
TASK617|ISRG|20250203T151500Z|slot_decision_explanation,TASK617|ISRG|20250203T151500Z,ISRG,2025-02-05 14:30:00+00:00,2025-02-03 15:15:00+00:00,biotech_glp1_healthcare,train_design,confirmation_required_candidate,setup=medium_quality_setup|catalyst=contract_customer_backlog|price=price_confirmed_but_extended|theme=fading_leadership|relation=company_price_confirmed_macro_secondary,capacity=slot_competition_very_high|same_entry_candidates=21|active_relations=0|risk=extension_proxy|microstructure=SOURCE_PENDING_NOT_USED,1,21,2,11,0,0,1,,medium_quality_setup,BASELINE_ALLOWED,1,0,0,0
TASK617|SOFI|20250203T151500Z|slot_decision_explanation,TASK617|SOFI|20250203T151500Z,SOFI,2025-02-05 14:30:00+00:00,2025-02-03 15:15:00+00:00,crypto_fintech,train_design,priority_candidate,setup=high_quality_setup|catalyst=contract_customer_backlog|price=price_confirmed_basic|theme=emerging_leadership|relation=company_price_confirmed_macro_secondary,capacity=slot_competition_very_high|same_entry_candidates=21|active_relations=0|risk=proxy_neutral|microstructure=SOURCE_PENDING_NOT_USED,1,21,4,11,0,0,1,,high_quality_setup,BASELINE_ALLOWED,1,0,0,0
TASK617|FTNT|20250203T151500Z|slot_decision_explanation,TASK617|FTNT|20250203T151500Z,FTNT,2025-02-05 14:30:00+00:00,2025-02-03 15:15:00+00:00,cybersecurity,train_design,priority_candidate,setup=high_quality_setup|catalyst=contract_customer_backlog|price=price_confirmed_basic|theme=participating_theme|relation=relation_reinforcing,capacity=slot_competition_very_high|same_entry_candidates=21|active_relations=0|risk=proxy_neutral|microstructure=SOURCE_PENDING_NOT_USED,1,21,4,8,0,0,1,,high_quality_setup,STRENGTH_HOLD_CANDIDATE,1,0,0,0
TASK617|CRWD|20250203T151500Z|slot_decision_explanation,TASK617|CRWD|20250203T151500Z,CRWD,2025-02-05 14:30:00+00:00,2025-02-03 15:15:00+00:00,cybersecurity,train_design,priority_candidate,setup=high_quality_setup|catalyst=contract_customer_backlog|price=price_confirmed_basic|theme=participating_theme|relation=relation_reinforcing,capacity=slot_competition_very_high|same_entry_candidates=21|active_relations=0|risk=proxy_neutral|microstructure=SOURCE_PENDING_NOT_USED,1,21,4,8,0,0,1,,high_quality_setup,STRENGTH_HOLD_CANDIDATE,1,0,0,0
TASK617|GTLB|20250203T151500Z|slot_decision_explanation,TASK617|GTLB|20250203T151500Z,GTLB,2025-02-05 14:30:00+00:00,2025-02-03 15:15:00+00:00,data_devops_software,train_design,normal_candidate,setup=research_only_setup|catalyst=contract_customer_backlog|price=price_confirmed_basic|theme=persistent_leadership|relation=relation_sparse_research_only,capacity=slot_competition_very_high|same_entry_candidates=21|active_relations=0|risk=proxy_neutral|microstructure=SOURCE_PENDING_NOT_USED,1,21,5,2,0,0,1,,research_only_setup,RESEARCH_ONLY,1,0,0,0
TASK617|PLTR|20250203T153000Z|slot_decision_explanation,TASK617|PLTR|20250203T153000Z,PLTR,2025-02-05 14:30:00+00:00,2025-02-03 15:30:00+00:00,data_devops_software,train_design,priority_candidate,setup=high_quality_setup|catalyst=contract_customer_backlog|price=price_confirmed_but_extended|theme=persistent_leadership|relation=relation_reinforcing,capacity=slot_competition_very_high|same_entry_candidates=21|active_relations=0|risk=extension_proxy|microstructure=SOURCE_PENDING_NOT_USED,1,21,5,8,0,0,1,,high_quality_setup,STRENGTH_HOLD_CANDIDATE,1,0,0,0
TASK617|RTX|20250203T153000Z|slot_decision_explanation,TASK617|RTX|20250203T153000Z,RTX,2025-02-05 14:30:00+00:00,2025-02-03 15:30:00+00:00,aerospace_defense_space,train_design,confirmation_required_candidate,setup=medium_quality_setup|catalyst=contract_customer_backlog|price=price_confirmed_basic|theme=participating_theme|relation=company_price_confirmed_macro_secondary,capacity=slot_competition_very_high|same_entry_candidates=21|active_relations=0|risk=proxy_neutral|microstructure=SOURCE_PENDING_NOT_USED,1,21,2,11,0,0,1,,medium_quality_setup,BASELINE_ALLOWED,1,0,0,0
TASK617|OKTA|20250203T154500Z|slot_decision_explanation,TASK617|OKTA|20250203T154500Z,OKTA,2025-02-05 14:30:00+00:00,2025-02-03 15:45:00+00:00,cybersecurity,train_design,priority_candidate,setup=high_quality_setup|catalyst=contract_customer_backlog|price=price_confirmed_basic|theme=participating_theme|relation=relation_reinforcing,capacity=slot_competition_very_high|same_entry_candidates=21|active_relations=0|risk=proxy_neutral|microstructure=SOURCE_PENDING_NOT_USED,1,21,4,8,0,0,1,,high_quality_setup,STRENGTH_HOLD_CANDIDATE,1,0,0,0
TASK617|GOOGL|20250203T160000Z|slot_decision_explanation,TASK617|GOOGL|20250203T160000Z,GOOGL,2025-02-05 14:30:00+00:00,2025-02-03 16:00:00+00:00,cloud_ai_platforms,train_design,priority_candidate,setup=high_quality_setup|catalyst=contract_customer_backlog|price=price_confirmed_basic|theme=participating_theme|relation=company_price_confirmed_macro_secondary,capacity=slot_competition_very_high|same_entry_candidates=21|active_relations=0|risk=proxy_neutral|microstructure=SOURCE_PENDING_NOT_USED,1,21,3,11,0,0,1,,high_quality_setup,BASELINE_ALLOWED,1,0,0,0
TASK617|AMZN|20250203T163000Z|slot_decision_explanation,TASK617|AMZN|20250203T163000Z,AMZN,2025-02-05 14:30:00+00:00,2025-02-03 16:30:00+00:00,cloud_ai_platforms,train_design,priority_candidate,setup=high_quality_setup|catalyst=contract_customer_backlog|price=price_confirmed_basic|theme=participating_theme|relation=company_price_confirmed_macro_secondary,capacity=slot_competition_very_high|same_entry_candidates=21|active_relations=0|risk=proxy_neutral|microstructure=SOURCE_PENDING_NOT_USED,1,21,3,11,0,0,1,,high_quality_setup,BASELINE_ALLOWED,1,0,0,0
TASK617|VRTX|20250203T171500Z|slot_decision_explanation,TASK617|VRTX|20250203T171500Z,VRTX,2025-02-05 14:30:00+00:00,2025-02-03 17:15:00+00:00,biotech_glp1_healthcare,train_design,confirmation_required_candidate,setup=medium_quality_setup|catalyst=contract_customer_backlog|price=price_confirmed_basic|theme=fading_leadership|relation=company_price_confirmed_macro_secondary,capacity=slot_competition_very_high|same_entry_candidates=21|active_relations=0|risk=proxy_neutral|microstructure=SOURCE_PENDING_NOT_USED,1,21,2,11,0,0,1,,medium_quality_setup,BASELINE_ALLOWED,1,0,0,0
TASK617|PLTR|20250204T143000Z|slot_decision_explanation,TASK617|PLTR|20250204T143000Z,PLTR,2025-02-06 14:30:00+00:00,2025-02-04 14:30:00+00:00,data_devops_software,train_design,priority_candidate,setup=high_quality_setup|catalyst=guidance_margin_upgrade|price=price_confirmed_basic|theme=persistent_leadership|relation=relation_reinforcing,capacity=slot_competition_very_high|same_entry_candidates=12|active_relations=0|risk=proxy_neutral|microstructure=SOURCE_PENDING_NOT_USED,1,12,3,2,0,0,1,,high_quality_setup,STRENGTH_HOLD_CANDIDATE,1,0,0,0
TASK617|FTNT|20250204T143000Z|slot_decision_explanation,TASK617|FTNT|20250204T143000Z,FTNT,2025-02-06 14:30:00+00:00,2025-02-04 14:30:00+00:00,cybersecurity,train_design,confirmation_required_candidate,setup=medium_quality_setup|catalyst=guidance_margin_upgrade|price=price_confirmed_basic|theme=participating_theme|relation=company_positive_confirmation_needed,capacity=slot_competition_very_high|same_entry_candidates=12|active_relations=0|risk=proxy_neutral|microstructure=SOURCE_PENDING_NOT_USED,1,12,4,9,0,0,1,,medium_quality_setup,BASELINE_ALLOWED,1,0,0,0
TASK617|ISRG|20250204T143000Z|slot_decision_explanation,TASK617|ISRG|20250204T143000Z,ISRG,2025-02-06 14:30:00+00:00,2025-02-04 14:30:00+00:00,biotech_glp1_healthcare,train_design,confirmation_required_candidate,setup=medium_quality_setup|catalyst=guidance_margin_upgrade|price=price_confirmed_basic|theme=fading_leadership|relation=company_positive_confirmation_needed,capacity=slot_competition_very_high|same_entry_candidates=12|active_relations=0|risk=proxy_neutral|microstructure=SOURCE_PENDING_NOT_USED,1,12,1,9,0,0,1,,medium_quality_setup,BASELINE_ALLOWED,1,0,0,0
TASK617|GOOGL|20250204T144500Z|slot_decision_explanation,TASK617|GOOGL|20250204T144500Z,GOOGL,2025-02-06 14:30:00+00:00,2025-02-04 14:45:00+00:00,cloud_ai_platforms,train_design,confirmation_required_candidate,setup=medium_quality_setup|catalyst=guidance_margin_upgrade|price=price_confirmed_but_extended|theme=participating_theme|relation=company_positive_confirmation_needed,capacity=slot_competition_very_high|same_entry_candidates=12|active_relations=0|risk=extension_proxy|microstructure=SOURCE_PENDING_NOT_USED,1,12,3,9,0,0,1,,medium_quality_setup,BASELINE_ALLOWED,1,0,0,0
TASK617|NET|20250204T144500Z|slot_decision_explanation,TASK617|NET|20250204T144500Z,NET,2025-02-06 14:30:00+00:00,2025-02-04 14:45:00+00:00,cybersecurity,train_design,confirmation_required_candidate,setup=medium_quality_setup|catalyst=guidance_margin_upgrade|price=price_confirmed_basic|theme=participating_theme|relation=company_positive_confirmation_needed,capacity=slot_competition_very_high|same_entry_candidates=12|active_relations=0|risk=proxy_neutral|microstructure=SOURCE_PENDING_NOT_USED,1,12,4,9,0,0,1,,medium_quality_setup,BASELINE_ALLOWED,1,0,0,0
TASK617|AMZN|20250204T144500Z|slot_decision_explanation,TASK617|AMZN|20250204T144500Z,AMZN,2025-02-06 14:30:00+00:00,2025-02-04 14:45:00+00:00,cloud_ai_platforms,train_design,confirmation_required_candidate,setup=medium_quality_setup|catalyst=guidance_margin_upgrade|price=price_confirmed_basic|theme=participating_theme|relation=company_positive_confirmation_needed,capacity=slot_competition_very_high|same_entry_candidates=12|active_relations=0|risk=proxy_neutral|microstructure=SOURCE_PENDING_NOT_USED,1,12,3,9,0,0,1,,medium_quality_setup,BASELINE_ALLOWED,1,0,0,0
TASK617|HOOD|20250204T151500Z|slot_decision_explanation,TASK617|HOOD|20250204T151500Z,HOOD,2025-02-06 14:30:00+00:00,2025-02-04 15:15:00+00:00,crypto_fintech,train_design,confirmation_required_candidate,setup=medium_quality_setup|catalyst=guidance_margin_upgrade|price=price_confirmed_basic|theme=fading_leadership|relation=company_positive_confirmation_needed,capacity=slot_competition_very_high|same_entry_candidates=12|active_relations=0|risk=high_liquidity_momentum_proxy|microstructure=SOURCE_PENDING_NOT_USED,1,12,1,9,0,0,1,,medium_quality_setup,BASELINE_ALLOWED,1,0,0,0
TASK617|SNOW|20250204T153000Z|slot_decision_explanation,TASK617|SNOW|20250204T153000Z,SNOW,2025-02-06 14:30:00+00:00,2025-02-04 15:30:00+00:00,data_devops_software,train_design,priority_candidate,setup=high_quality_setup|catalyst=guidance_margin_upgrade|price=price_confirmed_but_extended|theme=persistent_leadership|relation=relation_reinforcing,capacity=slot_competition_very_high|same_entry_candidates=12|active_relations=0|risk=extension_proxy|microstructure=SOURCE_PENDING_NOT_USED,1,12,3,2,0,0,1,,high_quality_setup,STRENGTH_HOLD_CANDIDATE,1,0,0,0
TASK617|META|20250204T153000Z|slot_decision_explanation,TASK617|META|20250204T153000Z,META,2025-02-06 14:30:00+00:00,2025-02-04 15:30:00+00:00,cloud_ai_platforms,train_design,confirmation_required_candidate,setup=medium_quality_setup|catalyst=guidance_margin_upgrade|price=price_confirmed_basic|theme=participating_theme|relation=company_positive_confirmation_needed,capacity=slot_competition_very_high|same_entry_candidates=12|active_relations=0|risk=proxy_neutral|microstructure=SOURCE_PENDING_NOT_USED,1,12,3,9,0,0,1,,medium_quality_setup,BASELINE_ALLOWED,1,0,0,0
TASK617|ESTC|20250204T160000Z|slot_decision_explanation,TASK617|ESTC|20250204T160000Z,ESTC,2025-02-06 14:30:00+00:00,2025-02-04 16:00:00+00:00,data_devops_software,train_design,normal_candidate,setup=research_only_setup|catalyst=guidance_margin_upgrade|price=price_confirmed_but_extended|theme=persistent_leadership|relation=relation_sparse_research_only,capacity=slot_competition_very_high|same_entry_candidates=12|active_relations=0|risk=extension_proxy|microstructure=SOURCE_PENDING_NOT_USED,1,12,3,1,0,0,1,,research_only_setup,RESEARCH_ONLY,1,0,0,0
TASK617|OKTA|20250204T161500Z|slot_decision_explanation,TASK617|OKTA|20250204T161500Z,OKTA,2025-02-06 14:30:00+00:00,2025-02-04 16:15:00+00:00,cybersecurity,train_design,confirmation_required_candidate,setup=medium_quality_setup|catalyst=guidance_margin_upgrade|price=price_confirmed_basic|theme=participating_theme|relation=company_positive_confirmation_needed,capacity=slot_competition_very_high|same_entry_candidates=12|active_relations=0|risk=proxy_neutral|microstructure=SOURCE_PENDING_NOT_USED,1,12,4,9,0,0,1,,medium_quality_setup,BASELINE_ALLOWED,1,0,0,0
TASK617|CRWD|20250204T161500Z|slot_decision_explanation,TASK617|CRWD|20250204T161500Z,CRWD,2025-02-06 14:30:00+00:00,2025-02-04 16:15:00+00:00,cybersecurity,train_design,confirmation_required_candidate,setup=medium_quality_setup|catalyst=guidance_margin_upgrade|price=price_confirmed_basic|theme=participating_theme|relation=company_positive_confirmation_needed,capacity=slot_competition_very_high|same_entry_candidates=12|active_relations=0|risk=proxy_neutral|microstructure=SOURCE_PENDING_NOT_USED,1,12,4,9,0,0,1,,medium_quality_setup,BASELINE_ALLOWED,1,0,0,0
TASK617|AMGN|20250205T143000Z|slot_decision_explanation,TASK617|AMGN|20250205T143000Z,AMGN,2025-02-07 14:30:00+00:00,2025-02-05 14:30:00+00:00,biotech_glp1_healthcare,train_design,confirmation_required_candidate,setup=medium_quality_setup|catalyst=guidance_margin_upgrade|price=price_confirmed_but_extended|theme=participating_theme|relation=company_positive_confirmation_needed,capacity=slot_competition_very_high|same_entry_candidates=14|active_relations=0|risk=extension_proxy|microstructure=SOURCE_PENDING_NOT_USED,1,14,3,8,0,0,1,,medium_quality_setup,BASELINE_ALLOWED,1,0,0,0
TASK617|META|20250205T143000Z|slot_decision_explanation,TASK617|META|20250205T143000Z,META,2025-02-07 14:30:00+00:00,2025-02-05 14:30:00+00:00,cloud_ai_platforms,train_design,confirmation_required_candidate,setup=medium_quality_setup|catalyst=guidance_margin_upgrade|price=price_confirmed_basic|theme=fading_leadership|relation=company_positive_confirmation_needed,capacity=slot_competition_very_high|same_entry_candidates=14|active_relations=0|risk=proxy_neutral|microstructure=SOURCE_PENDING_NOT_USED,1,14,1,8,0,0,1,,medium_quality_setup,BASELINE_ALLOWED,1,0,0,0
TASK617|NET|20250205T143000Z|slot_decision_explanation,TASK617|NET|20250205T143000Z,NET,2025-02-07 14:30:00+00:00,2025-02-05 14:30:00+00:00,cybersecurity,train_design,confirmation_required_candidate,setup=medium_quality_setup|catalyst=guidance_margin_upgrade|price=price_confirmed_basic|theme=participating_theme|relation=company_positive_confirmation_needed,capacity=slot_competition_very_high|same_entry_candidates=14|active_relations=0|risk=proxy_neutral|microstructure=SOURCE_PENDING_NOT_USED,1,14,4,8,0,0,1,,medium_quality_setup,BASELINE_ALLOWED,1,0,0,0
TASK617|REGN|20250205T143000Z|slot_decision_explanation,TASK617|REGN|20250205T143000Z,REGN,2025-02-07 14:30:00+00:00,2025-02-05 14:30:00+00:00,biotech_glp1_healthcare,train_design,confirmation_required_candidate,setup=medium_quality_setup|catalyst=guidance_margin_upgrade|price=price_confirmed_basic|theme=participating_theme|relation=company_positive_confirmation_needed,capacity=slot_competition_very_high|same_entry_candidates=14|active_relations=0|risk=proxy_neutral|microstructure=SOURCE_PENDING_NOT_USED,1,14,3,8,0,0,1,,medium_quality_setup,BASELINE_ALLOWED,1,0,0,0
TASK617|OKTA|20250205T143000Z|slot_decision_explanation,TASK617|OKTA|20250205T143000Z,OKTA,2025-02-07 14:30:00+00:00,2025-02-05 14:30:00+00:00,cybersecurity,train_design,confirmation_required_candidate,setup=medium_quality_setup|catalyst=guidance_margin_upgrade|price=price_confirmed_basic|theme=participating_theme|relation=company_positive_confirmation_needed,capacity=slot_competition_very_high|same_entry_candidates=14|active_relations=0|risk=proxy_neutral|microstructure=SOURCE_PENDING_NOT_USED,1,14,4,8,0,0,1,,medium_quality_setup,BASELINE_ALLOWED,1,0,0,0
TASK617|BA|20250205T143000Z|slot_decision_explanation,TASK617|BA|20250205T143000Z,BA,2025-02-07 14:30:00+00:00,2025-02-05 14:30:00+00:00,aerospace_defense_space,train_design,priority_candidate,setup=high_quality_setup|catalyst=guidance_margin_upgrade|price=price_confirmed_basic|theme=participating_theme|relation=company_price_confirmed_macro_secondary,capacity=slot_competition_very_high|same_entry_candidates=14|active_relations=0|risk=proxy_neutral|microstructure=SOURCE_PENDING_NOT_USED,1,14,1,1,0,0,1,,high_quality_setup,BASELINE_ALLOWED,1,0,0,0
TASK617|SNOW|20250205T144500Z|slot_decision_explanation,TASK617|SNOW|20250205T144500Z,SNOW,2025-02-07 14:30:00+00:00,2025-02-05 14:45:00+00:00,data_devops_software,train_design,priority_candidate,setup=high_quality_setup|catalyst=guidance_margin_upgrade|price=price_confirmed_basic|theme=persistent_leadership|relation=relation_reinforcing,capacity=slot_competition_very_high|same_entry_candidates=14|active_relations=0|risk=proxy_neutral|microstructure=SOURCE_PENDING_NOT_USED,1,14,5,3,0,0,1,,high_quality_setup,STRENGTH_HOLD_CANDIDATE,1,0,0,0
TASK617|PLTR|20250205T150000Z|slot_decision_explanation,TASK617|PLTR|20250205T150000Z,PLTR,2025-02-07 14:30:00+00:00,2025-02-05 15:00:00+00:00,data_devops_software,train_design,priority_candidate,setup=high_quality_setup|catalyst=guidance_margin_upgrade|price=price_confirmed_basic|theme=persistent_leadership|relation=relation_reinforcing,capacity=slot_competition_very_high|same_entry_candidates=14|active_relations=0|risk=proxy_neutral|microstructure=SOURCE_PENDING_NOT_USED,1,14,5,3,0,0,1,,high_quality_setup,STRENGTH_HOLD_CANDIDATE,1,0,0,0
TASK617|GTLB|20250205T150000Z|slot_decision_explanation,TASK617|GTLB|20250205T150000Z,GTLB,2025-02-07 14:30:00+00:00,2025-02-05 15:00:00+00:00,data_devops_software,train_design,normal_candidate,setup=research_only_setup|catalyst=guidance_margin_upgrade|price=price_confirmed_basic|theme=persistent_leadership|relation=relation_sparse_research_only,capacity=slot_competition_very_high|same_entry_candidates=14|active_relations=0|risk=proxy_neutral|microstructure=SOURCE_PENDING_NOT_USED,1,14,5,2,0,0,1,,research_only_setup,RESEARCH_ONLY,1,0,0,0
TASK617|CRWD|20250205T161500Z|slot_decision_explanation,TASK617|CRWD|20250205T161500Z,CRWD,2025-02-07 14:30:00+00:00,2025-02-05 16:15:00+00:00,cybersecurity,train_design,confirmation_required_candidate,setup=medium_quality_setup|catalyst=guidance_margin_upgrade|price=price_confirmed_basic|theme=participating_theme|relation=company_positive_confirmation_needed,capacity=slot_competition_very_high|same_entry_candidates=14|active_relations=0|risk=proxy_neutral|microstructure=SOURCE_PENDING_NOT_USED,1,14,4,8,0,0,1,,medium_quality_setup,BASELINE_ALLOWED,1,0,0,0
TASK617|TEAM|20250205T163000Z|slot_decision_explanation,TASK617|TEAM|20250205T163000Z,TEAM,2025-02-07 14:30:00+00:00,2025-02-05 16:30:00+00:00,data_devops_software,train_design,priority_candidate,setup=high_quality_setup|catalyst=guidance_margin_upgrade|price=price_confirmed_but_extended|theme=persistent_leadership|relation=relation_reinforcing,capacity=slot_competition_very_high|same_entry_candidates=14|active_relations=0|risk=extension_proxy|microstructure=SOURCE_PENDING_NOT_USED,1,14,5,3,0,0,1,,high_quality_setup,STRENGTH_HOLD_CANDIDATE,1,0,0,0
TASK617|ESTC|20250205T164500Z|slot_decision_explanation,TASK617|ESTC|20250205T164500Z,ESTC,2025-02-07 14:30:00+00:00,2025-02-05 16:45:00+00:00,data_devops_software,train_design,normal_candidate,setup=research_only_setup|catalyst=guidance_margin_upgrade|price=price_confirmed_basic|theme=persistent_leadership|relation=relation_sparse_research_only,capacity=slot_competition_very_high|same_entry_candidates=14|active_relations=0|risk=proxy_neutral|microstructure=SOURCE_PENDING_NOT_USED,1,14,5,2,0,0,1,,research_only_setup,RESEARCH_ONLY,1,0,0,0
TASK617|FTNT|20250205T164500Z|slot_decision_explanation,TASK617|FTNT|20250205T164500Z,FTNT,2025-02-07 14:30:00+00:00,2025-02-05 16:45:00+00:00,cybersecurity,train_design,confirmation_required_candidate,setup=medium_quality_setup|catalyst=guidance_margin_upgrade|price=price_confirmed_basic|theme=participating_theme|relation=company_positive_confirmation_needed,capacity=slot_competition_very_high|same_entry_candidates=14|active_relations=0|risk=proxy_neutral|microstructure=SOURCE_PENDING_NOT_USED,1,14,4,8,0,0,1,,medium_quality_setup,BASELINE_ALLOWED,1,0,0,0
TASK617|ISRG|20250205T183000Z|slot_decision_explanation,TASK617|ISRG|20250205T183000Z,ISRG,2025-02-07 14:30:00+00:00,2025-02-05 18:30:00+00:00,biotech_glp1_healthcare,train_design,confirmation_required_candidate,setup=medium_quality_setup|catalyst=guidance_margin_upgrade|price=price_confirmed_basic|theme=participating_theme|relation=company_positive_confirmation_needed,capacity=slot_competition_very_high|same_entry_candidates=14|active_relations=0|risk=proxy_neutral|microstructure=SOURCE_PENDING_NOT_USED,1,14,3,8,0,0,1,,medium_quality_setup,BASELINE_ALLOWED,1,0,0,0
TASK617|PLTR|20250206T143000Z|slot_decision_explanation,TASK617|PLTR|20250206T143000Z,PLTR,2025-02-10 14:30:00+00:00,2025-02-06 14:30:00+00:00,data_devops_software,train_design,priority_candidate,setup=high_quality_setup|catalyst=guidance_margin_upgrade|price=price_confirmed_basic|theme=persistent_leadership|relation=relation_reinforcing,capacity=slot_competition_very_high|same_entry_candidates=11|active_relations=0|risk=proxy_neutral|microstructure=SOURCE_PENDING_NOT_USED,1,11,4,5,0,0,1,,high_quality_setup,STRENGTH_HOLD_CANDIDATE,1,0,0,0
TASK617|TEAM|20250206T143000Z|slot_decision_explanation,TASK617|TEAM|20250206T143000Z,TEAM,2025-02-10 14:30:00+00:00,2025-02-06 14:30:00+00:00,data_devops_software,train_design,priority_candidate,setup=high_quality_setup|catalyst=guidance_margin_upgrade|price=price_confirmed_but_extended|theme=persistent_leadership|relation=relation_reinforcing,capacity=slot_competition_very_high|same_entry_candidates=11|active_relations=0|risk=extension_proxy|microstructure=SOURCE_PENDING_NOT_USED,1,11,4,5,0,0,1,,high_quality_setup,STRENGTH_HOLD_CANDIDATE,1,0,0,0
TASK617|META|20250206T143000Z|slot_decision_explanation,TASK617|META|20250206T143000Z,META,2025-02-10 14:30:00+00:00,2025-02-06 14:30:00+00:00,cloud_ai_platforms,train_design,confirmation_required_candidate,setup=medium_quality_setup|catalyst=guidance_margin_upgrade|price=price_confirmed_basic|theme=participating_theme|relation=company_positive_confirmation_needed,capacity=slot_competition_very_high|same_entry_candidates=11|active_relations=0|risk=proxy_neutral|microstructure=SOURCE_PENDING_NOT_USED,1,11,1,3,0,0,1,,medium_quality_setup,BASELINE_ALLOWED,1,0,0,0
TASK617|BA|20250206T144500Z|slot_decision_explanation,TASK617|BA|20250206T144500Z,BA,2025-02-10 14:30:00+00:00,2025-02-06 14:45:00+00:00,aerospace_defense_space,train_design,confirmation_required_candidate,setup=medium_quality_setup|catalyst=guidance_margin_upgrade|price=price_confirmed_basic|theme=participating_theme|relation=company_price_confirmed_macro_secondary,capacity=slot_competition_very_high|same_entry_candidates=11|active_relations=0|risk=proxy_neutral|microstructure=SOURCE_PENDING_NOT_USED,1,11,2,2,0,0,1,,medium_quality_setup,BASELINE_ALLOWED,1,0,0,0
TASK617|ASTS|20250206T144500Z|slot_decision_explanation,TASK617|ASTS|20250206T144500Z,ASTS,2025-02-10 14:30:00+00:00,2025-02-06 14:45:00+00:00,aerospace_defense_space,train_design,confirmation_required_candidate,setup=medium_quality_setup|catalyst=guidance_margin_upgrade|price=price_confirmed_but_extended|theme=participating_theme|relation=company_price_confirmed_macro_secondary,capacity=slot_competition_very_high|same_entry_candidates=11|active_relations=0|risk=extension_proxy|microstructure=SOURCE_PENDING_NOT_USED,1,11,2,2,0,0,1,,medium_quality_setup,BASELINE_ALLOWED,1,0,0,0
TASK617|SNOW|20250206T150000Z|slot_decision_explanation,TASK617|SNOW|20250206T150000Z,SNOW,2025-02-10 14:30:00+00:00,2025-02-06 15:00:00+00:00,data_devops_software,train_design,priority_candidate,setup=high_quality_setup|catalyst=guidance_margin_upgrade|price=price_confirmed_but_extended|theme=persistent_leadership|relation=relation_reinforcing,capacity=slot_competition_very_high|same_entry_candidates=11|active_relations=0|risk=extension_proxy|microstructure=SOURCE_PENDING_NOT_USED,1,11,4,5,0,0,1,,high_quality_setup,STRENGTH_HOLD_CANDIDATE,1,0,0,0
TASK617|PH|20250206T150000Z|slot_decision_explanation,TASK617|PH|20250206T150000Z,PH,2025-02-10 14:30:00+00:00,2025-02-06 15:00:00+00:00,industrial_automation_robotics,train_design,priority_candidate,setup=medium_quality_setup|catalyst=guidance_margin_upgrade|price=price_confirmed_but_extended|theme=fading_leadership|relation=relation_reinforcing,capacity=slot_competition_very_high|same_entry_candidates=11|active_relations=0|risk=extension_proxy|microstructure=SOURCE_PENDING_NOT_USED,1,11,2,5,0,0,1,,medium_quality_setup,STRENGTH_HOLD_CANDIDATE,1,0,0,0
TASK617|GE|20250206T150000Z|slot_decision_explanation,TASK617|GE|20250206T150000Z,GE,2025-02-10 14:30:00+00:00,2025-02-06 15:00:00+00:00,industrial_automation_robotics,train_design,priority_candidate,setup=medium_quality_setup|catalyst=guidance_margin_upgrade|price=price_confirmed_basic|theme=fading_leadership|relation=relation_reinforcing,capacity=slot_competition_very_high|same_entry_candidates=11|active_relations=0|risk=high_liquidity_momentum_proxy|microstructure=SOURCE_PENDING_NOT_USED,1,11,2,5,0,0,1,,medium_quality_setup,STRENGTH_HOLD_CANDIDATE,1,0,0,0
TASK617|ESTC|20250206T150000Z|slot_decision_explanation,TASK617|ESTC|20250206T150000Z,ESTC,2025-02-10 14:30:00+00:00,2025-02-06 15:00:00+00:00,data_devops_software,train_design,normal_candidate,setup=research_only_setup|catalyst=guidance_margin_upgrade|price=price_confirmed_basic|theme=persistent_leadership|relation=relation_sparse_research_only,capacity=slot_competition_very_high|same_entry_candidates=11|active_relations=0|risk=proxy_neutral|microstructure=SOURCE_PENDING_NOT_USED,1,11,4,1,0,0,1,,research_only_setup,RESEARCH_ONLY,1,0,0,0
TASK617|CRWD|20250206T150000Z|slot_decision_explanation,TASK617|CRWD|20250206T150000Z,CRWD,2025-02-10 14:30:00+00:00,2025-02-06 15:00:00+00:00,cybersecurity,train_design,confirmation_required_candidate,setup=medium_quality_setup|catalyst=guidance_margin_upgrade|price=price_confirmed_basic|theme=persistent_leadership|relation=company_positive_confirmation_needed,capacity=slot_competition_very_high|same_entry_candidates=11|active_relations=0|risk=proxy_neutral|microstructure=SOURCE_PENDING_NOT_USED,1,11,1,3,0,0,1,,medium_quality_setup,BASELINE_ALLOWED,1,0,0,0
TASK617|LLY|20250206T153000Z|slot_decision_explanation,TASK617|LLY|20250206T153000Z,LLY,2025-02-10 14:30:00+00:00,2025-02-06 15:30:00+00:00,biotech_glp1_healthcare,train_design,confirmation_required_candidate,setup=medium_quality_setup|catalyst=guidance_margin_upgrade|price=price_confirmed_basic|theme=participating_theme|relation=company_positive_confirmation_needed,capacity=slot_competition_very_high|same_entry_candidates=11|active_relations=0|risk=proxy_neutral|microstructure=SOURCE_PENDING_NOT_USED,1,11,1,3,0,0,1,,medium_quality_setup,BASELINE_ALLOWED,1,0,0,0
TASK617|ZS|20250210T143000Z|slot_decision_explanation,TASK617|ZS|20250210T143000Z,ZS,2025-02-12 14:30:00+00:00,2025-02-10 14:30:00+00:00,cybersecurity,train_design,confirmation_required_candidate,setup=uncertain_setup|catalyst=supply_demand_shock|price=price_confirmed_basic|theme=persistent_leadership|relation=company_positive_confirmation_needed,capacity=slot_competition_very_high|same_entry_candidates=14|active_relations=0|risk=proxy_neutral|microstructure=SOURCE_PENDING_NOT_USED,1,14,4,9,0,0,1,,uncertain_setup,BASELINE_ALLOWED,1,0,0,0
TASK617|ASTS|20250210T143000Z|slot_decision_explanation,TASK617|ASTS|20250210T143000Z,ASTS,2025-02-12 14:30:00+00:00,2025-02-10 14:30:00+00:00,aerospace_defense_space,train_design,priority_candidate,setup=high_quality_setup|catalyst=guidance_margin_upgrade|price=price_confirmed_but_extended|theme=participating_theme|relation=company_price_confirmed_macro_secondary,capacity=slot_competition_very_high|same_entry_candidates=14|active_relations=0|risk=extension_proxy|microstructure=SOURCE_PENDING_NOT_USED,1,14,2,1,0,0,1,,high_quality_setup,BASELINE_ALLOWED,1,0,0,0
TASK617|NET|20250210T143000Z|slot_decision_explanation,TASK617|NET|20250210T143000Z,NET,2025-02-12 14:30:00+00:00,2025-02-10 14:30:00+00:00,cybersecurity,train_design,confirmation_required_candidate,setup=uncertain_setup|catalyst=supply_demand_shock|price=price_confirmed_but_extended|theme=persistent_leadership|relation=company_positive_confirmation_needed,capacity=slot_competition_very_high|same_entry_candidates=14|active_relations=0|risk=extension_proxy|microstructure=SOURCE_PENDING_NOT_USED,1,14,4,9,0,0,1,,uncertain_setup,BASELINE_ALLOWED,1,0,0,0
TASK617|CRWD|20250210T143000Z|slot_decision_explanation,TASK617|CRWD|20250210T143000Z,CRWD,2025-02-12 14:30:00+00:00,2025-02-10 14:30:00+00:00,cybersecurity,train_design,confirmation_required_candidate,setup=uncertain_setup|catalyst=supply_demand_shock|price=price_confirmed_basic|theme=persistent_leadership|relation=company_positive_confirmation_needed,capacity=slot_competition_very_high|same_entry_candidates=14|active_relations=0|risk=proxy_neutral|microstructure=SOURCE_PENDING_NOT_USED,1,14,4,9,0,0,1,,uncertain_setup,BASELINE_ALLOWED,1,0,0,0
TASK617|ESTC|20250210T143000Z|slot_decision_explanation,TASK617|ESTC|20250210T143000Z,ESTC,2025-02-12 14:30:00+00:00,2025-02-10 14:30:00+00:00,data_devops_software,train_design,normal_candidate,setup=research_only_setup|catalyst=guidance_margin_upgrade|price=price_confirmed_basic|theme=persistent_leadership|relation=relation_sparse_research_only,capacity=slot_competition_very_high|same_entry_candidates=14|active_relations=0|risk=proxy_neutral|microstructure=SOURCE_PENDING_NOT_USED,1,14,4,2,0,0,1,,research_only_setup,RESEARCH_ONLY,1,0,0,0
TASK617|ROK|20250210T143000Z|slot_decision_explanation,TASK617|ROK|20250210T143000Z,ROK,2025-02-12 14:30:00+00:00,2025-02-10 14:30:00+00:00,industrial_automation_robotics,train_design,confirmation_required_candidate,setup=medium_quality_setup|catalyst=contract_supply_combo|price=price_confirmed_basic|theme=participating_theme|relation=company_positive_confirmation_needed,capacity=slot_competition_very_high|same_entry_candidates=14|active_relations=0|risk=proxy_neutral|microstructure=SOURCE_PENDING_NOT_USED,1,14,1,9,0,0,1,,medium_quality_setup,BASELINE_ALLOWED,1,0,0,0
TASK617|AMZN|20250210T144500Z|slot_decision_explanation,TASK617|AMZN|20250210T144500Z,AMZN,2025-02-12 14:30:00+00:00,2025-02-10 14:45:00+00:00,cloud_ai_platforms,train_design,confirmation_required_candidate,setup=uncertain_setup|catalyst=supply_demand_shock|price=price_confirmed_basic|theme=participating_theme|relation=company_positive_confirmation_needed,capacity=slot_competition_very_high|same_entry_candidates=14|active_relations=0|risk=proxy_neutral|microstructure=SOURCE_PENDING_NOT_USED,1,14,1,9,0,0,1,,uncertain_setup,BASELINE_ALLOWED,1,0,0,0
TASK617|ISRG|20250210T150000Z|slot_decision_explanation,TASK617|ISRG|20250210T150000Z,ISRG,2025-02-12 14:30:00+00:00,2025-02-10 15:00:00+00:00,biotech_glp1_healthcare,train_design,confirmation_required_candidate,setup=uncertain_setup|catalyst=supply_demand_shock|price=price_confirmed_basic|theme=fading_leadership|relation=company_positive_confirmation_needed,capacity=slot_competition_very_high|same_entry_candidates=14|active_relations=0|risk=proxy_neutral|microstructure=SOURCE_PENDING_NOT_USED,1,14,1,9,0,0,1,,uncertain_setup,BASELINE_ALLOWED,1,0,0,0
TASK617|AFRM|20250210T150000Z|slot_decision_explanation,TASK617|AFRM|20250210T150000Z,AFRM,2025-02-12 14:30:00+00:00,2025-02-10 15:00:00+00:00,crypto_fintech,train_design,confirmation_required_candidate,setup=uncertain_setup|catalyst=supply_demand_shock|price=price_confirmed_but_extended|theme=emerging_leadership|relation=company_positive_confirmation_needed,capacity=slot_competition_very_high|same_entry_candidates=14|active_relations=0|risk=extension_proxy|microstructure=SOURCE_PENDING_NOT_USED,1,14,1,9,0,0,1,,uncertain_setup,BASELINE_ALLOWED,1,0,0,0
TASK617|PLTR|20250210T151500Z|slot_decision_explanation,TASK617|PLTR|20250210T151500Z,PLTR,2025-02-12 14:30:00+00:00,2025-02-10 15:15:00+00:00,data_devops_software,train_design,priority_candidate,setup=high_quality_setup|catalyst=guidance_margin_upgrade|price=price_confirmed_basic|theme=persistent_leadership|relation=relation_reinforcing,capacity=slot_competition_very_high|same_entry_candidates=14|active_relations=0|risk=proxy_neutral|microstructure=SOURCE_PENDING_NOT_USED,1,14,4,2,0,0,1,,high_quality_setup,STRENGTH_HOLD_CANDIDATE,1,0,0,0
TASK617|GTLB|20250210T151500Z|slot_decision_explanation,TASK617|GTLB|20250210T151500Z,GTLB,2025-02-12 14:30:00+00:00,2025-02-10 15:15:00+00:00,data_devops_software,train_design,normal_candidate,setup=research_only_setup|catalyst=guidance_margin_upgrade|price=price_confirmed_basic|theme=persistent_leadership|relation=relation_sparse_research_only,capacity=slot_competition_very_high|same_entry_candidates=14|active_relations=0|risk=proxy_neutral|microstructure=SOURCE_PENDING_NOT_USED,1,14,4,2,0,0,1,,research_only_setup,RESEARCH_ONLY,1,0,0,0
TASK617|FTNT|20250210T153000Z|slot_decision_explanation,TASK617|FTNT|20250210T153000Z,FTNT,2025-02-12 14:30:00+00:00,2025-02-10 15:30:00+00:00,cybersecurity,train_design,confirmation_required_candidate,setup=uncertain_setup|catalyst=supply_demand_shock|price=price_confirmed_basic|theme=persistent_leadership|relation=company_positive_confirmation_needed,capacity=slot_competition_very_high|same_entry_candidates=14|active_relations=0|risk=proxy_neutral|microstructure=SOURCE_PENDING_NOT_USED,1,14,4,9,0,0,1,,uncertain_setup,BASELINE_ALLOWED,1,0,0,0
TASK617|TEAM|20250210T160000Z|slot_decision_explanation,TASK617|TEAM|20250210T160000Z,TEAM,2025-02-12 14:30:00+00:00,2025-02-10 16:00:00+00:00,data_devops_software,train_design,priority_candidate,setup=high_quality_setup|catalyst=guidance_margin_upgrade|price=price_confirmed_basic|theme=persistent_leadership|relation=relation_reinforcing,capacity=slot_competition_very_high|same_entry_candidates=14|active_relations=0|risk=proxy_neutral|microstructure=SOURCE_PENDING_NOT_USED,1,14,4,2,0,0,1,,high_quality_setup,STRENGTH_HOLD_CANDIDATE,1,0,0,0
TASK617|RKLB|20250210T160000Z|slot_decision_explanation,TASK617|RKLB|20250210T160000Z,RKLB,2025-02-12 14:30:00+00:00,2025-02-10 16:00:00+00:00,aerospace_defense_space,train_design,confirmation_required_candidate,setup=medium_quality_setup|catalyst=contract_supply_combo|price=price_confirmed_but_extended|theme=participating_theme|relation=company_positive_confirmation_needed,capacity=slot_competition_very_high|same_entry_candidates=14|active_relations=0|risk=extension_proxy|microstructure=SOURCE_PENDING_NOT_USED,1,14,2,9,0,0,1,,medium_quality_setup,BASELINE_ALLOWED,1,0,0,0
TASK617|CEG|20250211T143000Z|slot_decision_explanation,TASK617|CEG|20250211T143000Z,CEG,2025-02-13 14:30:00+00:00,2025-02-11 14:30:00+00:00,power_grid_electrification,train_design,confirmation_required_candidate,setup=uncertain_setup|catalyst=supply_demand_shock|price=price_confirmed_basic|theme=fading_leadership|relation=company_positive_confirmation_needed,capacity=slot_competition_very_high|same_entry_candidates=10|active_relations=0|risk=proxy_neutral|microstructure=SOURCE_PENDING_NOT_USED,1,10,1,10,0,0,1,,uncertain_setup,BASELINE_ALLOWED,1,0,0,0
TASK617|NET|20250211T143000Z|slot_decision_explanation,TASK617|NET|20250211T143000Z,NET,2025-02-13 14:30:00+00:00,2025-02-11 14:30:00+00:00,cybersecurity,train_design,confirmation_required_candidate,setup=uncertain_setup|catalyst=supply_demand_shock|price=price_confirmed_basic|theme=persistent_leadership|relation=company_positive_confirmation_needed,capacity=slot_competition_very_high|same_entry_candidates=10|active_relations=0|risk=proxy_neutral|microstructure=SOURCE_PENDING_NOT_USED,1,10,3,10,0,0,1,,uncertain_setup,BASELINE_ALLOWED,1,0,0,0
TASK617|AMGN|20250211T150000Z|slot_decision_explanation,TASK617|AMGN|20250211T150000Z,AMGN,2025-02-13 14:30:00+00:00,2025-02-11 15:00:00+00:00,biotech_glp1_healthcare,train_design,confirmation_required_candidate,setup=uncertain_setup|catalyst=supply_demand_shock|price=price_confirmed_but_extended|theme=fading_leadership|relation=company_positive_confirmation_needed,capacity=slot_competition_very_high|same_entry_candidates=10|active_relations=0|risk=extension_proxy|microstructure=SOURCE_PENDING_NOT_USED,1,10,2,10,0,0,1,,uncertain_setup,BASELINE_ALLOWED,1,0,0,0
TASK617|META|20250211T150000Z|slot_decision_explanation,TASK617|META|20250211T150000Z,META,2025-02-13 14:30:00+00:00,2025-02-11 15:00:00+00:00,cloud_ai_platforms,train_design,confirmation_required_candidate,setup=uncertain_setup|catalyst=supply_demand_shock|price=price_confirmed_basic|theme=fading_leadership|relation=company_positive_confirmation_needed,capacity=slot_competition_very_high|same_entry_candidates=10|active_relations=0|risk=proxy_neutral|microstructure=SOURCE_PENDING_NOT_USED,1,10,1,10,0,0,1,,uncertain_setup,BASELINE_ALLOWED,1,0,0,0
TASK617|GE|20250211T153000Z|slot_decision_explanation,TASK617|GE|20250211T153000Z,GE,2025-02-13 14:30:00+00:00,2025-02-11 15:30:00+00:00,industrial_automation_robotics,train_design,confirmation_required_candidate,setup=medium_quality_setup|catalyst=contract_supply_combo|price=price_confirmed_basic|theme=participating_theme|relation=company_positive_confirmation_needed,capacity=slot_competition_very_high|same_entry_candidates=10|active_relations=0|risk=proxy_neutral|microstructure=SOURCE_PENDING_NOT_USED,1,10,2,10,0,0,1,,medium_quality_setup,BASELINE_ALLOWED,1,0,0,0
TASK617|ZS|20250211T153000Z|slot_decision_explanation,TASK617|ZS|20250211T153000Z,ZS,2025-02-13 14:30:00+00:00,2025-02-11 15:30:00+00:00,cybersecurity,train_design,confirmation_required_candidate,setup=uncertain_setup|catalyst=supply_demand_shock|price=price_confirmed_basic|theme=persistent_leadership|relation=company_positive_confirmation_needed,capacity=slot_competition_very_high|same_entry_candidates=10|active_relations=0|risk=proxy_neutral|microstructure=SOURCE_PENDING_NOT_USED,1,10,3,10,0,0,1,,uncertain_setup,BASELINE_ALLOWED,1,0,0,0
TASK617|ROK|20250211T153000Z|slot_decision_explanation,TASK617|ROK|20250211T153000Z,ROK,2025-02-13 14:30:00+00:00,2025-02-11 15:30:00+00:00,industrial_automation_robotics,train_design,confirmation_required_candidate,setup=medium_quality_setup|catalyst=contract_supply_combo|price=price_confirmed_basic|theme=participating_theme|relation=company_positive_confirmation_needed,capacity=slot_competition_very_high|same_entry_candidates=10|active_relations=0|risk=proxy_neutral|microstructure=SOURCE_PENDING_NOT_USED,1,10,2,10,0,0,1,,medium_quality_setup,BASELINE_ALLOWED,1,0,0,0
TASK617|CRWD|20250211T160000Z|slot_decision_explanation,TASK617|CRWD|20250211T160000Z,CRWD,2025-02-13 14:30:00+00:00,2025-02-11 16:00:00+00:00,cybersecurity,train_design,confirmation_required_candidate,setup=uncertain_setup|catalyst=supply_demand_shock|price=price_confirmed_basic|theme=persistent_leadership|relation=company_positive_confirmation_needed,capacity=slot_competition_very_high|same_entry_candidates=10|active_relations=0|risk=proxy_neutral|microstructure=SOURCE_PENDING_NOT_USED,1,10,3,10,0,0,1,,uncertain_setup,BASELINE_ALLOWED,1,0,0,0
TASK617|LLY|20250211T181500Z|slot_decision_explanation,TASK617|LLY|20250211T181500Z,LLY,2025-02-13 14:30:00+00:00,2025-02-11 18:15:00+00:00,biotech_glp1_healthcare,train_design,confirmation_required_candidate,setup=uncertain_setup|catalyst=supply_demand_shock|price=price_confirmed_basic|theme=fading_leadership|relation=company_positive_confirmation_needed,capacity=slot_competition_very_high|same_entry_candidates=10|active_relations=0|risk=proxy_neutral|microstructure=SOURCE_PENDING_NOT_USED,1,10,2,10,0,0,1,,uncertain_setup,BASELINE_ALLOWED,1,0,0,0
TASK617|BA|20250211T183000Z|slot_decision_explanation,TASK617|BA|20250211T183000Z,BA,2025-02-13 14:30:00+00:00,2025-02-11 18:30:00+00:00,aerospace_defense_space,train_design,confirmation_required_candidate,setup=medium_quality_setup|catalyst=contract_supply_combo|price=price_confirmed_basic|theme=participating_theme|relation=company_positive_confirmation_needed,capacity=slot_competition_very_high|same_entry_candidates=10|active_relations=0|risk=proxy_neutral|microstructure=SOURCE_PENDING_NOT_USED,1,10,1,10,0,0,1,,medium_quality_setup,BASELINE_ALLOWED,1,0,0,0
TASK617|META|20250212T143000Z|slot_decision_explanation,TASK617|META|20250212T143000Z,META,2025-02-14 14:30:00+00:00,2025-02-12 14:30:00+00:00,cloud_ai_platforms,train_design,confirmation_required_candidate,setup=uncertain_setup|catalyst=supply_demand_shock|price=price_confirmed_basic|theme=participating_theme|relation=company_positive_confirmation_needed,capacity=slot_competition_very_high|same_entry_candidates=18|active_relations=0|risk=proxy_neutral|microstructure=SOURCE_PENDING_NOT_USED,1,18,1,12,0,0,1,,uncertain_setup,BASELINE_ALLOWED,1,0,0,0
TASK617|ESTC|20250212T143000Z|slot_decision_explanation,TASK617|ESTC|20250212T143000Z,ESTC,2025-02-14 14:30:00+00:00,2025-02-12 14:30:00+00:00,data_devops_software,train_design,normal_candidate,setup=research_only_setup|catalyst=guidance_margin_upgrade|price=price_confirmed_basic|theme=persistent_leadership|relation=relation_sparse_research_only,capacity=slot_competition_very_high|same_entry_candidates=18|active_relations=0|risk=proxy_neutral|microstructure=SOURCE_PENDING_NOT_USED,1,18,5,3,0,0,1,,research_only_setup,RESEARCH_ONLY,1,0,0,0
TASK617|ARM|20250212T143000Z|slot_decision_explanation,TASK617|ARM|20250212T143000Z,ARM,2025-02-14 14:30:00+00:00,2025-02-12 14:30:00+00:00,ai_semiconductors,train_design,confirmation_required_candidate,setup=uncertain_setup|catalyst=supply_demand_shock|price=price_confirmed_but_extended|theme=fading_leadership|relation=company_positive_confirmation_needed,capacity=slot_competition_very_high|same_entry_candidates=18|active_relations=0|risk=extension_proxy|microstructure=SOURCE_PENDING_NOT_USED,1,18,1,12,0,0,1,,uncertain_setup,BASELINE_ALLOWED,1,0,0,0
TASK617|SNOW|20250212T143000Z|slot_decision_explanation,TASK617|SNOW|20250212T143000Z,SNOW,2025-02-14 14:30:00+00:00,2025-02-12 14:30:00+00:00,data_devops_software,train_design,priority_candidate,setup=high_quality_setup|catalyst=guidance_margin_upgrade|price=price_confirmed_but_extended|theme=persistent_leadership|relation=relation_reinforcing,capacity=slot_competition_very_high|same_entry_candidates=18|active_relations=0|risk=extension_proxy|microstructure=SOURCE_PENDING_NOT_USED,1,18,5,3,0,0,1,,high_quality_setup,STRENGTH_HOLD_CANDIDATE,1,0,0,0
TASK617|HOOD|20250212T143000Z|slot_decision_explanation,TASK617|HOOD|20250212T143000Z,HOOD,2025-02-14 14:30:00+00:00,2025-02-12 14:30:00+00:00,crypto_fintech,train_design,confirmation_required_candidate,setup=uncertain_setup|catalyst=supply_demand_shock|price=price_confirmed_but_extended|theme=participating_theme|relation=company_positive_confirmation_needed,capacity=slot_competition_very_high|same_entry_candidates=18|active_relations=0|risk=extension_proxy|microstructure=SOURCE_PENDING_NOT_USED,1,18,1,12,0,0,1,,uncertain_setup,BASELINE_ALLOWED,1,0,0,0
TASK617|PLTR|20250212T143000Z|slot_decision_explanation,TASK617|PLTR|20250212T143000Z,PLTR,2025-02-14 14:30:00+00:00,2025-02-12 14:30:00+00:00,data_devops_software,train_design,priority_candidate,setup=high_quality_setup|catalyst=guidance_margin_upgrade|price=price_confirmed_basic|theme=persistent_leadership|relation=relation_reinforcing,capacity=slot_competition_very_high|same_entry_candidates=18|active_relations=0|risk=proxy_neutral|microstructure=SOURCE_PENDING_NOT_USED,1,18,5,3,0,0,1,,high_quality_setup,STRENGTH_HOLD_CANDIDATE,1,0,0,0
TASK617|GE|20250212T143000Z|slot_decision_explanation,TASK617|GE|20250212T143000Z,GE,2025-02-14 14:30:00+00:00,2025-02-12 14:30:00+00:00,industrial_automation_robotics,train_design,confirmation_required_candidate,setup=medium_quality_setup|catalyst=contract_supply_combo|price=price_confirmed_basic|theme=fading_leadership|relation=company_positive_confirmation_needed,capacity=slot_competition_very_high|same_entry_candidates=18|active_relations=0|risk=proxy_neutral|microstructure=SOURCE_PENDING_NOT_USED,1,18,1,12,0,0,1,,medium_quality_setup,BASELINE_ALLOWED,1,0,0,0
TASK617|LLY|20250212T143000Z|slot_decision_explanation,TASK617|LLY|20250212T143000Z,LLY,2025-02-14 14:30:00+00:00,2025-02-12 14:30:00+00:00,biotech_glp1_healthcare,train_design,confirmation_required_candidate,setup=uncertain_setup|catalyst=supply_demand_shock|price=price_confirmed_basic|theme=participating_theme|relation=company_positive_confirmation_needed,capacity=slot_competition_very_high|same_entry_candidates=18|active_relations=0|risk=proxy_neutral|microstructure=SOURCE_PENDING_NOT_USED,1,18,3,12,0,0,1,,uncertain_setup,BASELINE_ALLOWED,1,0,0,0
TASK617|GTLB|20250212T143000Z|slot_decision_explanation,TASK617|GTLB|20250212T143000Z,GTLB,2025-02-14 14:30:00+00:00,2025-02-12 14:30:00+00:00,data_devops_software,train_design,normal_candidate,setup=research_only_setup|catalyst=guidance_margin_upgrade|price=price_confirmed_basic|theme=persistent_leadership|relation=relation_sparse_research_only,capacity=slot_competition_very_high|same_entry_candidates=18|active_relations=0|risk=proxy_neutral|microstructure=SOURCE_PENDING_NOT_USED,1,18,5,3,0,0,1,,research_only_setup,RESEARCH_ONLY,1,0,0,0
TASK617|RKLB|20250212T144500Z|slot_decision_explanation,TASK617|RKLB|20250212T144500Z,RKLB,2025-02-14 14:30:00+00:00,2025-02-12 14:45:00+00:00,aerospace_defense_space,train_design,normal_candidate,setup=research_only_setup|catalyst=contract_supply_combo|price=price_fragile_or_unconfirmed|theme=participating_theme|relation=relation_sparse_research_only,capacity=slot_competition_very_high|same_entry_candidates=18|active_relations=0|risk=proxy_neutral|microstructure=SOURCE_PENDING_NOT_USED,1,18,2,3,0,0,1,,research_only_setup,RESEARCH_ONLY,1,0,0,0
TASK617|BA|20250212T144500Z|slot_decision_explanation,TASK617|BA|20250212T144500Z,BA,2025-02-14 14:30:00+00:00,2025-02-12 14:45:00+00:00,aerospace_defense_space,train_design,confirmation_required_candidate,setup=medium_quality_setup|catalyst=contract_supply_combo|price=price_confirmed_basic|theme=participating_theme|relation=company_positive_confirmation_needed,capacity=slot_competition_very_high|same_entry_candidates=18|active_relations=0|risk=proxy_neutral|microstructure=SOURCE_PENDING_NOT_USED,1,18,2,12,0,0,1,,medium_quality_setup,BASELINE_ALLOWED,1,0,0,0
TASK617|ZS|20250212T144500Z|slot_decision_explanation,TASK617|ZS|20250212T144500Z,ZS,2025-02-14 14:30:00+00:00,2025-02-12 14:45:00+00:00,cybersecurity,train_design,confirmation_required_candidate,setup=uncertain_setup|catalyst=supply_demand_shock|price=price_confirmed_basic|theme=persistent_leadership|relation=company_positive_confirmation_needed,capacity=slot_competition_very_high|same_entry_candidates=18|active_relations=0|risk=proxy_neutral|microstructure=SOURCE_PENDING_NOT_USED,1,18,4,12,0,0,1,,uncertain_setup,BASELINE_ALLOWED,1,0,0,0
TASK617|TEAM|20250212T153000Z|slot_decision_explanation,TASK617|TEAM|20250212T153000Z,TEAM,2025-02-14 14:30:00+00:00,2025-02-12 15:30:00+00:00,data_devops_software,train_design,priority_candidate,setup=high_quality_setup|catalyst=guidance_margin_upgrade|price=price_confirmed_basic|theme=persistent_leadership|relation=relation_reinforcing,capacity=slot_competition_very_high|same_entry_candidates=18|active_relations=0|risk=proxy_neutral|microstructure=SOURCE_PENDING_NOT_USED,1,18,5,3,0,0,1,,high_quality_setup,STRENGTH_HOLD_CANDIDATE,1,0,0,0
TASK617|OKTA|20250212T153000Z|slot_decision_explanation,TASK617|OKTA|20250212T153000Z,OKTA,2025-02-14 14:30:00+00:00,2025-02-12 15:30:00+00:00,cybersecurity,train_design,confirmation_required_candidate,setup=uncertain_setup|catalyst=supply_demand_shock|price=price_confirmed_basic|theme=persistent_leadership|relation=company_positive_confirmation_needed,capacity=slot_competition_very_high|same_entry_candidates=18|active_relations=0|risk=proxy_neutral|microstructure=SOURCE_PENDING_NOT_USED,1,18,4,12,0,0,1,,uncertain_setup,BASELINE_ALLOWED,1,0,0,0
TASK617|CRWD|20250212T153000Z|slot_decision_explanation,TASK617|CRWD|20250212T153000Z,CRWD,2025-02-14 14:30:00+00:00,2025-02-12 15:30:00+00:00,cybersecurity,train_design,confirmation_required_candidate,setup=uncertain_setup|catalyst=supply_demand_shock|price=price_confirmed_but_extended|theme=persistent_leadership|relation=company_positive_confirmation_needed,capacity=slot_competition_very_high|same_entry_candidates=18|active_relations=0|risk=extension_proxy|microstructure=SOURCE_PENDING_NOT_USED,1,18,4,12,0,0,1,,uncertain_setup,BASELINE_ALLOWED,1,0,0,0
TASK617|NET|20250212T154500Z|slot_decision_explanation,TASK617|NET|20250212T154500Z,NET,2025-02-14 14:30:00+00:00,2025-02-12 15:45:00+00:00,cybersecurity,train_design,confirmation_required_candidate,setup=uncertain_setup|catalyst=supply_demand_shock|price=price_confirmed_basic|theme=persistent_leadership|relation=company_positive_confirmation_needed,capacity=slot_competition_very_high|same_entry_candidates=18|active_relations=0|risk=proxy_neutral|microstructure=SOURCE_PENDING_NOT_USED,1,18,4,12,0,0,1,,uncertain_setup,BASELINE_ALLOWED,1,0,0,0
TASK617|ISRG|20250212T154500Z|slot_decision_explanation,TASK617|ISRG|20250212T154500Z,ISRG,2025-02-14 14:30:00+00:00,2025-02-12 15:45:00+00:00,biotech_glp1_healthcare,train_design,confirmation_required_candidate,setup=uncertain_setup|catalyst=supply_demand_shock|price=price_confirmed_basic|theme=participating_theme|relation=company_positive_confirmation_needed,capacity=slot_competition_very_high|same_entry_candidates=18|active_relations=0|risk=proxy_neutral|microstructure=SOURCE_PENDING_NOT_USED,1,18,3,12,0,0,1,,uncertain_setup,BASELINE_ALLOWED,1,0,0,0
TASK617|AMGN|20250212T164500Z|slot_decision_explanation,TASK617|AMGN|20250212T164500Z,AMGN,2025-02-14 14:30:00+00:00,2025-02-12 16:45:00+00:00,biotech_glp1_healthcare,train_design,confirmation_required_candidate,setup=uncertain_setup|catalyst=supply_demand_shock|price=price_confirmed_basic|theme=participating_theme|relation=company_positive_confirmation_needed,capacity=slot_competition_very_high|same_entry_candidates=18|active_relations=0|risk=proxy_neutral|microstructure=SOURCE_PENDING_NOT_USED,1,18,3,12,0,0,1,,uncertain_setup,BASELINE_ALLOWED,1,0,0,0
TASK617|PH|20250213T144500Z|slot_decision_explanation,TASK617|PH|20250213T144500Z,PH,2025-02-18 14:30:00+00:00,2025-02-13 14:45:00+00:00,industrial_automation_robotics,train_design,priority_candidate,setup=medium_quality_setup|catalyst=guidance_margin_upgrade|price=price_confirmed_but_extended|theme=fading_leadership|relation=relation_reinforcing,capacity=same_relation_crowded|same_entry_candidates=5|active_relations=0|risk=extension_proxy|microstructure=SOURCE_PENDING_NOT_USED,1,5,1,4,0,0,1,,medium_quality_setup,STRENGTH_HOLD_CANDIDATE,1,0,0,0
TASK617|PLTR|20250213T153000Z|slot_decision_explanation,TASK617|PLTR|20250213T153000Z,PLTR,2025-02-18 14:30:00+00:00,2025-02-13 15:30:00+00:00,data_devops_software,train_design,priority_candidate,setup=high_quality_setup|catalyst=guidance_margin_upgrade|price=price_confirmed_basic|theme=persistent_leadership|relation=relation_reinforcing,capacity=same_theme_crowded|same_entry_candidates=5|active_relations=0|risk=high_liquidity_momentum_proxy|microstructure=SOURCE_PENDING_NOT_USED,1,5,4,4,0,0,1,,high_quality_setup,STRENGTH_HOLD_CANDIDATE,1,0,0,0
TASK617|TEAM|20250213T153000Z|slot_decision_explanation,TASK617|TEAM|20250213T153000Z,TEAM,2025-02-18 14:30:00+00:00,2025-02-13 15:30:00+00:00,data_devops_software,train_design,priority_candidate,setup=high_quality_setup|catalyst=guidance_margin_upgrade|price=price_confirmed_basic|theme=persistent_leadership|relation=relation_reinforcing,capacity=same_theme_crowded|same_entry_candidates=5|active_relations=0|risk=proxy_neutral|microstructure=SOURCE_PENDING_NOT_USED,1,5,4,4,0,0,1,,high_quality_setup,STRENGTH_HOLD_CANDIDATE,1,0,0,0
TASK617|SNOW|20250213T153000Z|slot_decision_explanation,TASK617|SNOW|20250213T153000Z,SNOW,2025-02-18 14:30:00+00:00,2025-02-13 15:30:00+00:00,data_devops_software,train_design,priority_candidate,setup=high_quality_setup|catalyst=guidance_margin_upgrade|price=price_confirmed_but_extended|theme=persistent_leadership|relation=relation_reinforcing,capacity=same_theme_crowded|same_entry_candidates=5|active_relations=0|risk=extension_proxy|microstructure=SOURCE_PENDING_NOT_USED,1,5,4,4,0,0,1,,high_quality_setup,STRENGTH_HOLD_CANDIDATE,1,0,0,0
TASK617|ESTC|20250213T190000Z|slot_decision_explanation,TASK617|ESTC|20250213T190000Z,ESTC,2025-02-18 14:30:00+00:00,2025-02-13 19:00:00+00:00,data_devops_software,train_design,normal_candidate,setup=research_only_setup|catalyst=guidance_margin_upgrade|price=price_confirmed_basic|theme=persistent_leadership|relation=relation_sparse_research_only,capacity=same_theme_crowded|same_entry_candidates=5|active_relations=0|risk=proxy_neutral|microstructure=SOURCE_PENDING_NOT_USED,1,5,4,1,0,0,1,,research_only_setup,RESEARCH_ONLY,1,0,0,0
TASK617|RIVN|20250218T143000Z|slot_decision_explanation,TASK617|RIVN|20250218T143000Z,RIVN,2025-02-20 14:30:00+00:00,2025-02-18 14:30:00+00:00,ev_autonomy_mobility,train_design,confirmation_required_candidate,setup=medium_quality_setup|catalyst=contract_customer_backlog|price=price_confirmed_basic|theme=participating_theme|relation=company_price_confirmed_macro_secondary,capacity=slot_competition_very_high|same_entry_candidates=15|active_relations=0|risk=proxy_neutral|microstructure=SOURCE_PENDING_NOT_USED,1,15,2,5,0,0,1,,medium_quality_setup,BASELINE_ALLOWED,1,0,0,0
TASK617|MRNA|20250218T143000Z|slot_decision_explanation,TASK617|MRNA|20250218T143000Z,MRNA,2025-02-20 14:30:00+00:00,2025-02-18 14:30:00+00:00,biotech_glp1_healthcare,train_design,priority_candidate,setup=high_quality_setup|catalyst=contract_customer_backlog|price=price_confirmed_but_extended|theme=participating_theme|relation=company_price_confirmed_macro_secondary,capacity=slot_competition_very_high|same_entry_candidates=15|active_relations=0|risk=extension_proxy|microstructure=SOURCE_PENDING_NOT_USED,1,15,1,5,0,0,1,,high_quality_setup,BASELINE_ALLOWED,1,0,0,0
TASK617|PANW|20250218T143000Z|slot_decision_explanation,TASK617|PANW|20250218T143000Z,PANW,2025-02-20 14:30:00+00:00,2025-02-18 14:30:00+00:00,cybersecurity,train_design,priority_candidate,setup=high_quality_setup|catalyst=contract_customer_backlog|price=price_confirmed_basic|theme=persistent_leadership|relation=relation_reinforcing,capacity=slot_competition_very_high|same_entry_candidates=15|active_relations=0|risk=high_liquidity_momentum_proxy|microstructure=SOURCE_PENDING_NOT_USED,1,15,6,8,0,0,1,,high_quality_setup,STRENGTH_HOLD_CANDIDATE,1,0,0,0
TASK617|FTNT|20250218T144500Z|slot_decision_explanation,TASK617|FTNT|20250218T144500Z,FTNT,2025-02-20 14:30:00+00:00,2025-02-18 14:45:00+00:00,cybersecurity,train_design,priority_candidate,setup=high_quality_setup|catalyst=contract_customer_backlog|price=price_confirmed_basic|theme=persistent_leadership|relation=relation_reinforcing,capacity=slot_competition_very_high|same_entry_candidates=15|active_relations=0|risk=high_liquidity_momentum_proxy|microstructure=SOURCE_PENDING_NOT_USED,1,15,6,8,0,0,1,,high_quality_setup,STRENGTH_HOLD_CANDIDATE,1,0,0,0
TASK617|ZS|20250218T144500Z|slot_decision_explanation,TASK617|ZS|20250218T144500Z,ZS,2025-02-20 14:30:00+00:00,2025-02-18 14:45:00+00:00,cybersecurity,train_design,priority_candidate,setup=high_quality_setup|catalyst=contract_customer_backlog|price=price_confirmed_basic|theme=persistent_leadership|relation=relation_reinforcing,capacity=slot_competition_very_high|same_entry_candidates=15|active_relations=0|risk=proxy_neutral|microstructure=SOURCE_PENDING_NOT_USED,1,15,6,8,0,0,1,,high_quality_setup,STRENGTH_HOLD_CANDIDATE,1,0,0,0
TASK617|BA|20250218T144500Z|slot_decision_explanation,TASK617|BA|20250218T144500Z,BA,2025-02-20 14:30:00+00:00,2025-02-18 14:45:00+00:00,aerospace_defense_space,train_design,confirmation_required_candidate,setup=medium_quality_setup|catalyst=contract_customer_backlog|price=price_confirmed_basic|theme=participating_theme|relation=company_price_confirmed_macro_secondary,capacity=slot_competition_very_high|same_entry_candidates=15|active_relations=0|risk=proxy_neutral|microstructure=SOURCE_PENDING_NOT_USED,1,15,2,5,0,0,1,,medium_quality_setup,BASELINE_ALLOWED,1,0,0,0
TASK617|NET|20250218T144500Z|slot_decision_explanation,TASK617|NET|20250218T144500Z,NET,2025-02-20 14:30:00+00:00,2025-02-18 14:45:00+00:00,cybersecurity,train_design,priority_candidate,setup=high_quality_setup|catalyst=contract_customer_backlog|price=price_confirmed_basic|theme=persistent_leadership|relation=relation_reinforcing,capacity=slot_competition_very_high|same_entry_candidates=15|active_relations=0|risk=high_liquidity_momentum_proxy|microstructure=SOURCE_PENDING_NOT_USED,1,15,6,8,0,0,1,,high_quality_setup,STRENGTH_HOLD_CANDIDATE,1,0,0,0
TASK617|GTLB|20250218T144500Z|slot_decision_explanation,TASK617|GTLB|20250218T144500Z,GTLB,2025-02-20 14:30:00+00:00,2025-02-18 14:45:00+00:00,data_devops_software,train_design,normal_candidate,setup=research_only_setup|catalyst=contract_customer_backlog|price=price_confirmed_basic|theme=persistent_leadership|relation=relation_sparse_research_only,capacity=slot_competition_very_high|same_entry_candidates=15|active_relations=0|risk=proxy_neutral|microstructure=SOURCE_PENDING_NOT_USED,1,15,4,2,0,0,1,,research_only_setup,RESEARCH_ONLY,1,0,0,0
TASK617|UBER|20250218T150000Z|slot_decision_explanation,TASK617|UBER|20250218T150000Z,UBER,2025-02-20 14:30:00+00:00,2025-02-18 15:00:00+00:00,ev_autonomy_mobility,train_design,confirmation_required_candidate,setup=medium_quality_setup|catalyst=contract_customer_backlog|price=price_confirmed_basic|theme=participating_theme|relation=company_price_confirmed_macro_secondary,capacity=slot_competition_very_high|same_entry_candidates=15|active_relations=0|risk=proxy_neutral|microstructure=SOURCE_PENDING_NOT_USED,1,15,2,5,0,0,1,,medium_quality_setup,BASELINE_ALLOWED,1,0,0,0
TASK617|RKLB|20250218T153000Z|slot_decision_explanation,TASK617|RKLB|20250218T153000Z,RKLB,2025-02-20 14:30:00+00:00,2025-02-18 15:30:00+00:00,aerospace_defense_space,train_design,confirmation_required_candidate,setup=medium_quality_setup|catalyst=contract_customer_backlog|price=price_accepted_needs_confirmation|theme=participating_theme|relation=company_price_confirmed_macro_secondary,capacity=slot_competition_very_high|same_entry_candidates=15|active_relations=0|risk=proxy_neutral|microstructure=SOURCE_PENDING_NOT_USED,1,15,2,5,0,0,1,,medium_quality_setup,BASELINE_ALLOWED,1,0,0,0
TASK617|TEAM|20250218T170000Z|slot_decision_explanation,TASK617|TEAM|20250218T170000Z,TEAM,2025-02-20 14:30:00+00:00,2025-02-18 17:00:00+00:00,data_devops_software,train_design,priority_candidate,setup=high_quality_setup|catalyst=contract_customer_backlog|price=price_confirmed_basic|theme=persistent_leadership|relation=relation_reinforcing,capacity=slot_competition_very_high|same_entry_candidates=15|active_relations=0|risk=proxy_neutral|microstructure=SOURCE_PENDING_NOT_USED,1,15,4,8,0,0,1,,high_quality_setup,STRENGTH_HOLD_CANDIDATE,1,0,0,0
TASK617|ESTC|20250218T170000Z|slot_decision_explanation,TASK617|ESTC|20250218T170000Z,ESTC,2025-02-20 14:30:00+00:00,2025-02-18 17:00:00+00:00,data_devops_software,train_design,normal_candidate,setup=research_only_setup|catalyst=contract_customer_backlog|price=price_confirmed_basic|theme=persistent_leadership|relation=relation_sparse_research_only,capacity=slot_competition_very_high|same_entry_candidates=15|active_relations=0|risk=proxy_neutral|microstructure=SOURCE_PENDING_NOT_USED,1,15,4,2,0,0,1,,research_only_setup,RESEARCH_ONLY,1,0,0,0
TASK617|OKTA|20250218T174500Z|slot_decision_explanation,TASK617|OKTA|20250218T174500Z,OKTA,2025-02-20 14:30:00+00:00,2025-02-18 17:45:00+00:00,cybersecurity,train_design,priority_candidate,setup=high_quality_setup|catalyst=contract_customer_backlog|price=price_confirmed_basic|theme=persistent_leadership|relation=relation_reinforcing,capacity=slot_competition_very_high|same_entry_candidates=15|active_relations=0|risk=proxy_neutral|microstructure=SOURCE_PENDING_NOT_USED,1,15,6,8,0,0,1,,high_quality_setup,STRENGTH_HOLD_CANDIDATE,1,0,0,0
TASK617|CRWD|20250218T204500Z|slot_decision_explanation,TASK617|CRWD|20250218T204500Z,CRWD,2025-02-20 14:30:00+00:00,2025-02-18 20:45:00+00:00,cybersecurity,train_design,priority_candidate,setup=high_quality_setup|catalyst=contract_customer_backlog|price=price_confirmed_but_extended|theme=persistent_leadership|relation=relation_reinforcing,capacity=slot_competition_very_high|same_entry_candidates=15|active_relations=0|risk=extension_proxy|microstructure=SOURCE_PENDING_NOT_USED,1,15,6,8,0,0,1,,high_quality_setup,STRENGTH_HOLD_CANDIDATE,1,0,0,0
TASK617|PLTR|20250218T204500Z|slot_decision_explanation,TASK617|PLTR|20250218T204500Z,PLTR,2025-02-20 14:30:00+00:00,2025-02-18 20:45:00+00:00,data_devops_software,train_design,priority_candidate,setup=high_quality_setup|catalyst=contract_customer_backlog|price=price_confirmed_basic|theme=persistent_leadership|relation=relation_reinforcing,capacity=slot_competition_very_high|same_entry_candidates=15|active_relations=0|risk=proxy_neutral|microstructure=SOURCE_PENDING_NOT_USED,1,15,4,8,0,0,1,,high_quality_setup,STRENGTH_HOLD_CANDIDATE,1,0,0,0
TASK617|VRTX|20250219T143000Z|slot_decision_explanation,TASK617|VRTX|20250219T143000Z,VRTX,2025-02-21 14:30:00+00:00,2025-02-19 14:30:00+00:00,biotech_glp1_healthcare,train_design,priority_candidate,setup=high_quality_setup|catalyst=contract_customer_backlog|price=price_confirmed_but_extended|theme=participating_theme|relation=company_price_confirmed_macro_secondary,capacity=slot_competition_high|same_entry_candidates=6|active_relations=0|risk=extension_proxy|microstructure=SOURCE_PENDING_NOT_USED,1,6,3,3,0,0,1,,high_quality_setup,BASELINE_ALLOWED,1,0,0,0
TASK617|AMGN|20250219T143000Z|slot_decision_explanation,TASK617|AMGN|20250219T143000Z,AMGN,2025-02-21 14:30:00+00:00,2025-02-19 14:30:00+00:00,biotech_glp1_healthcare,train_design,priority_candidate,setup=high_quality_setup|catalyst=contract_customer_backlog|price=price_confirmed_but_extended|theme=participating_theme|relation=company_price_confirmed_macro_secondary,capacity=slot_competition_high|same_entry_candidates=6|active_relations=0|risk=extension_proxy|microstructure=SOURCE_PENDING_NOT_USED,1,6,3,3,0,0,1,,high_quality_setup,BASELINE_ALLOWED,1,0,0,0
TASK617|LLY|20250219T153000Z|slot_decision_explanation,TASK617|LLY|20250219T153000Z,LLY,2025-02-21 14:30:00+00:00,2025-02-19 15:30:00+00:00,biotech_glp1_healthcare,train_design,priority_candidate,setup=high_quality_setup|catalyst=contract_customer_backlog|price=price_confirmed_basic|theme=participating_theme|relation=company_price_confirmed_macro_secondary,capacity=slot_competition_high|same_entry_candidates=6|active_relations=0|risk=proxy_neutral|microstructure=SOURCE_PENDING_NOT_USED,1,6,3,3,0,0,1,,high_quality_setup,BASELINE_ALLOWED,1,0,0,0
TASK617|PLTR|20250219T160000Z|slot_decision_explanation,TASK617|PLTR|20250219T160000Z,PLTR,2025-02-21 14:30:00+00:00,2025-02-19 16:00:00+00:00,data_devops_software,train_design,priority_candidate,setup=high_quality_setup|catalyst=contract_customer_backlog|price=price_confirmed_basic|theme=persistent_leadership|relation=relation_reinforcing,capacity=slot_competition_high|same_entry_candidates=6|active_relations=0|risk=proxy_neutral|microstructure=SOURCE_PENDING_NOT_USED,1,6,1,3,0,0,1,,high_quality_setup,STRENGTH_HOLD_CANDIDATE,1,0,0,0
TASK617|OKTA|20250219T173000Z|slot_decision_explanation,TASK617|OKTA|20250219T173000Z,OKTA,2025-02-21 14:30:00+00:00,2025-02-19 17:30:00+00:00,cybersecurity,train_design,priority_candidate,setup=high_quality_setup|catalyst=contract_customer_backlog|price=price_confirmed_basic|theme=persistent_leadership|relation=relation_reinforcing,capacity=slot_competition_high|same_entry_candidates=6|active_relations=0|risk=proxy_neutral|microstructure=SOURCE_PENDING_NOT_USED,1,6,2,3,0,0,1,,high_quality_setup,STRENGTH_HOLD_CANDIDATE,1,0,0,0
TASK617|FTNT|20250219T194500Z|slot_decision_explanation,TASK617|FTNT|20250219T194500Z,FTNT,2025-02-21 14:30:00+00:00,2025-02-19 19:45:00+00:00,cybersecurity,train_design,priority_candidate,setup=high_quality_setup|catalyst=contract_customer_backlog|price=price_confirmed_but_extended|theme=persistent_leadership|relation=relation_reinforcing,capacity=slot_competition_high|same_entry_candidates=6|active_relations=0|risk=extension_proxy|microstructure=SOURCE_PENDING_NOT_USED,1,6,2,3,0,0,1,,high_quality_setup,STRENGTH_HOLD_CANDIDATE,1,0,0,0
TASK617|LLY|20250220T143000Z|slot_decision_explanation,TASK617|LLY|20250220T143000Z,LLY,2025-02-24 14:30:00+00:00,2025-02-20 14:30:00+00:00,biotech_glp1_healthcare,train_design,priority_candidate,setup=high_quality_setup|catalyst=contract_customer_backlog|price=price_confirmed_basic|theme=participating_theme|relation=company_price_confirmed_macro_secondary,capacity=slot_competition_low|same_entry_candidates=5|active_relations=0|risk=proxy_neutral|microstructure=SOURCE_PENDING_NOT_USED,1,5,3,3,0,0,1,,high_quality_setup,BASELINE_ALLOWED,1,0,0,0
TASK617|AMGN|20250220T143000Z|slot_decision_explanation,TASK617|AMGN|20250220T143000Z,AMGN,2025-02-24 14:30:00+00:00,2025-02-20 14:30:00+00:00,biotech_glp1_healthcare,train_design,priority_candidate,setup=high_quality_setup|catalyst=contract_customer_backlog|price=price_confirmed_basic|theme=participating_theme|relation=company_price_confirmed_macro_secondary,capacity=slot_competition_low|same_entry_candidates=5|active_relations=0|risk=proxy_neutral|microstructure=SOURCE_PENDING_NOT_USED,1,5,3,3,0,0,1,,high_quality_setup,BASELINE_ALLOWED,1,0,0,0
TASK617|VRTX|20250220T144500Z|slot_decision_explanation,TASK617|VRTX|20250220T144500Z,VRTX,2025-02-24 14:30:00+00:00,2025-02-20 14:45:00+00:00,biotech_glp1_healthcare,train_design,priority_candidate,setup=high_quality_setup|catalyst=contract_customer_backlog|price=price_confirmed_basic|theme=participating_theme|relation=company_price_confirmed_macro_secondary,capacity=slot_competition_low|same_entry_candidates=5|active_relations=0|risk=proxy_neutral|microstructure=SOURCE_PENDING_NOT_USED,1,5,3,3,0,0,1,,high_quality_setup,BASELINE_ALLOWED,1,0,0,0
TASK617|FTNT|20250220T190000Z|slot_decision_explanation,TASK617|FTNT|20250220T190000Z,FTNT,2025-02-24 14:30:00+00:00,2025-02-20 19:00:00+00:00,cybersecurity,train_design,priority_candidate,setup=high_quality_setup|catalyst=contract_customer_backlog|price=price_confirmed_basic|theme=participating_theme|relation=relation_reinforcing,capacity=slot_competition_low|same_entry_candidates=5|active_relations=0|risk=high_liquidity_momentum_proxy|microstructure=SOURCE_PENDING_NOT_USED,1,5,1,2,0,0,1,,high_quality_setup,STRENGTH_HOLD_CANDIDATE,1,0,0,0
TASK617|PLTR|20250220T194500Z|slot_decision_explanation,TASK617|PLTR|20250220T194500Z,PLTR,2025-02-24 14:30:00+00:00,2025-02-20 19:45:00+00:00,data_devops_software,train_design,priority_candidate,setup=high_quality_setup|catalyst=contract_customer_backlog|price=price_confirmed_basic|theme=participating_theme|relation=relation_reinforcing,capacity=slot_competition_low|same_entry_candidates=5|active_relations=0|risk=proxy_neutral|microstructure=SOURCE_PENDING_NOT_USED,1,5,1,2,0,0,1,,high_quality_setup,STRENGTH_HOLD_CANDIDATE,1,0,0,0
TASK617|AMGN|20250304T143000Z|slot_decision_explanation,TASK617|AMGN|20250304T143000Z,AMGN,2025-03-06 14:30:00+00:00,2025-03-04 14:30:00+00:00,biotech_glp1_healthcare,train_design,confirmation_required_candidate,setup=medium_quality_setup|catalyst=guidance_margin_upgrade|price=price_confirmed_basic|theme=fading_leadership|relation=company_positive_confirmation_needed,capacity=slot_competition_low|same_entry_candidates=3|active_relations=0|risk=market_stress_proxy|microstructure=SOURCE_PENDING_NOT_USED,0,3,1,2,0,0,1,,medium_quality_setup,BASELINE_ALLOWED,1,0,0,0
TASK617|OKTA|20250304T143000Z|slot_decision_explanation,TASK617|OKTA|20250304T143000Z,OKTA,2025-03-06 14:30:00+00:00,2025-03-04 14:30:00+00:00,cybersecurity,train_design,confirmation_required_candidate,setup=medium_quality_setup|catalyst=guidance_margin_upgrade|price=price_confirmed_basic|theme=fading_leadership|relation=company_positive_confirmation_needed,capacity=slot_competition_low|same_entry_candidates=3|active_relations=0|risk=high_liquidity_momentum_proxy|microstructure=SOURCE_PENDING_NOT_USED,0,3,1,2,0,0,1,,medium_quality_setup,BASELINE_ALLOWED,1,0,0,0
TASK617|ASTS|20250304T170000Z|slot_decision_explanation,TASK617|ASTS|20250304T170000Z,ASTS,2025-03-06 14:30:00+00:00,2025-03-04 17:00:00+00:00,aerospace_defense_space,train_design,priority_candidate,setup=high_quality_setup|catalyst=guidance_margin_upgrade|price=price_confirmed_but_extended|theme=narrow_leader|relation=company_price_confirmed_macro_secondary,capacity=slot_competition_low|same_entry_candidates=3|active_relations=0|risk=stress_plus_extension_proxy|microstructure=SOURCE_PENDING_NOT_USED,0,3,1,1,0,0,1,,high_quality_setup,BASELINE_ALLOWED,1,0,0,0
TASK617|ASTS|20250305T143000Z|slot_decision_explanation,TASK617|ASTS|20250305T143000Z,ASTS,2025-03-07 14:30:00+00:00,2025-03-05 14:30:00+00:00,aerospace_defense_space,train_design,confirmation_required_candidate,setup=medium_quality_setup|catalyst=guidance_margin_upgrade|price=price_confirmed_but_extended|theme=fading_leadership|relation=company_price_confirmed_macro_secondary,capacity=slot_competition_high|same_entry_candidates=6|active_relations=0|risk=stress_plus_extension_proxy|microstructure=SOURCE_PENDING_NOT_USED,1,6,2,1,0,0,1,,medium_quality_setup,BASELINE_ALLOWED,1,0,0,0
TASK617|AMGN|20250305T144500Z|slot_decision_explanation,TASK617|AMGN|20250305T144500Z,AMGN,2025-03-07 14:30:00+00:00,2025-03-05 14:45:00+00:00,biotech_glp1_healthcare,train_design,confirmation_required_candidate,setup=medium_quality_setup|catalyst=guidance_margin_upgrade|price=price_confirmed_basic|theme=participating_theme|relation=company_positive_confirmation_needed,capacity=slot_competition_high|same_entry_candidates=6|active_relations=0|risk=market_stress_proxy|microstructure=SOURCE_PENDING_NOT_USED,1,6,3,5,0,0,1,,medium_quality_setup,BASELINE_ALLOWED,1,0,0,0
TASK617|GD|20250305T144500Z|slot_decision_explanation,TASK617|GD|20250305T144500Z,GD,2025-03-07 14:30:00+00:00,2025-03-05 14:45:00+00:00,aerospace_defense_space,train_design,confirmation_required_candidate,setup=medium_quality_setup|catalyst=guidance_margin_upgrade|price=price_confirmed_basic|theme=fading_leadership|relation=company_positive_confirmation_needed,capacity=slot_competition_high|same_entry_candidates=6|active_relations=0|risk=market_stress_proxy|microstructure=SOURCE_PENDING_NOT_USED,1,6,2,5,0,0,1,,medium_quality_setup,BASELINE_ALLOWED,1,0,0,0
TASK617|LLY|20250305T150000Z|slot_decision_explanation,TASK617|LLY|20250305T150000Z,LLY,2025-03-07 14:30:00+00:00,2025-03-05 15:00:00+00:00,biotech_glp1_healthcare,train_design,confirmation_required_candidate,setup=medium_quality_setup|catalyst=guidance_margin_upgrade|price=price_confirmed_basic|theme=participating_theme|relation=company_positive_confirmation_needed,capacity=slot_competition_high|same_entry_candidates=6|active_relations=0|risk=market_stress_proxy|microstructure=SOURCE_PENDING_NOT_USED,1,6,3,5,0,0,1,,medium_quality_setup,BASELINE_ALLOWED,1,0,0,0
TASK617|OKTA|20250305T150000Z|slot_decision_explanation,TASK617|OKTA|20250305T150000Z,OKTA,2025-03-07 14:30:00+00:00,2025-03-05 15:00:00+00:00,cybersecurity,train_design,confirmation_required_candidate,setup=medium_quality_setup|catalyst=guidance_margin_upgrade|price=price_confirmed_basic|theme=fading_leadership|relation=company_positive_confirmation_needed,capacity=slot_competition_high|same_entry_candidates=6|active_relations=0|risk=high_liquidity_momentum_proxy|microstructure=SOURCE_PENDING_NOT_USED,1,6,1,5,0,0,1,,medium_quality_setup,BASELINE_ALLOWED,1,0,0,0
TASK617|MRNA|20250305T201500Z|slot_decision_explanation,TASK617|MRNA|20250305T201500Z,MRNA,2025-03-07 14:30:00+00:00,2025-03-05 20:15:00+00:00,biotech_glp1_healthcare,train_design,confirmation_required_candidate,setup=medium_quality_setup|catalyst=guidance_margin_upgrade|price=price_confirmed_but_extended|theme=participating_theme|relation=company_positive_confirmation_needed,capacity=slot_competition_high|same_entry_candidates=6|active_relations=0|risk=stress_plus_extension_proxy|microstructure=SOURCE_PENDING_NOT_USED,1,6,3,5,0,0,1,,medium_quality_setup,BASELINE_ALLOWED,1,0,0,0
TASK617|ZS|20250306T150000Z|slot_decision_explanation,TASK617|ZS|20250306T150000Z,ZS,2025-03-10 14:30:00+00:00,2025-03-06 15:00:00+00:00,cybersecurity,train_design,confirmation_required_candidate,setup=medium_quality_setup|catalyst=guidance_margin_upgrade|price=price_confirmed_basic|theme=narrow_leader|relation=company_positive_confirmation_needed,capacity=slot_competition_low|same_entry_candidates=2|active_relations=0|risk=market_stress_proxy|microstructure=SOURCE_PENDING_NOT_USED,0,2,2,2,0,0,1,,medium_quality_setup,BASELINE_ALLOWED,1,0,0,0
TASK617|OKTA|20250306T150000Z|slot_decision_explanation,TASK617|OKTA|20250306T150000Z,OKTA,2025-03-10 14:30:00+00:00,2025-03-06 15:00:00+00:00,cybersecurity,train_design,confirmation_required_candidate,setup=medium_quality_setup|catalyst=guidance_margin_upgrade|price=price_confirmed_basic|theme=narrow_leader|relation=company_positive_confirmation_needed,capacity=slot_competition_low|same_entry_candidates=2|active_relations=0|risk=high_liquidity_momentum_proxy|microstructure=SOURCE_PENDING_NOT_USED,0,2,2,2,0,0,1,,medium_quality_setup,BASELINE_ALLOWED,1,0,0,0
TASK617|REGN|20250310T133000Z|slot_decision_explanation,TASK617|REGN|20250310T133000Z,REGN,2025-03-12 14:30:00+00:00,2025-03-10 13:30:00+00:00,biotech_glp1_healthcare,train_design,normal_candidate,setup=research_only_setup|catalyst=guidance_margin_upgrade|price=price_confirmed_basic|theme=fading_leadership|relation=relation_sparse_research_only,capacity=slot_competition_low|same_entry_candidates=4|active_relations=0|risk=market_stress_proxy|microstructure=SOURCE_PENDING_NOT_USED,0,4,3,3,0,0,1,,research_only_setup,RESEARCH_ONLY,1,0,0,0
TASK617|NOC|20250310T133000Z|slot_decision_explanation,TASK617|NOC|20250310T133000Z,NOC,2025-03-12 14:30:00+00:00,2025-03-10 13:30:00+00:00,aerospace_defense_space,train_design,confirmation_required_candidate,setup=medium_quality_setup|catalyst=guidance_margin_upgrade|price=price_confirmed_basic|theme=narrow_leader|relation=company_positive_confirmation_needed,capacity=slot_competition_low|same_entry_candidates=4|active_relations=0|risk=market_stress_proxy|microstructure=SOURCE_PENDING_NOT_USED,0,4,1,1,0,0,1,,medium_quality_setup,BASELINE_ALLOWED,1,0,0,0
TASK617|AMGN|20250310T133000Z|slot_decision_explanation,TASK617|AMGN|20250310T133000Z,AMGN,2025-03-12 14:30:00+00:00,2025-03-10 13:30:00+00:00,biotech_glp1_healthcare,train_design,normal_candidate,setup=research_only_setup|catalyst=guidance_margin_upgrade|price=price_confirmed_but_extended|theme=fading_leadership|relation=relation_sparse_research_only,capacity=slot_competition_low|same_entry_candidates=4|active_relations=0|risk=stress_plus_extension_proxy|microstructure=SOURCE_PENDING_NOT_USED,0,4,3,3,0,0,1,,research_only_setup,RESEARCH_ONLY,1,0,0,0
TASK617|VRTX|20250310T133000Z|slot_decision_explanation,TASK617|VRTX|20250310T133000Z,VRTX,2025-03-12 14:30:00+00:00,2025-03-10 13:30:00+00:00,biotech_glp1_healthcare,train_design,normal_candidate,setup=research_only_setup|catalyst=guidance_margin_upgrade|price=price_confirmed_basic|theme=fading_leadership|relation=relation_sparse_research_only,capacity=slot_competition_low|same_entry_candidates=4|active_relations=0|risk=market_stress_proxy|microstructure=SOURCE_PENDING_NOT_USED,0,4,3,3,0,0,1,,research_only_setup,RESEARCH_ONLY,1,0,0,0
TASK617|RTX|20250325T133000Z|slot_decision_explanation,TASK617|RTX|20250325T133000Z,RTX,2025-03-27 14:30:00+00:00,2025-03-25 13:30:00+00:00,aerospace_defense_space,train_design,confirmation_required_candidate,setup=medium_quality_setup|catalyst=guidance_margin_upgrade|price=price_confirmed_basic|theme=participating_theme|relation=company_price_confirmed_macro_secondary,capacity=slot_competition_low|same_entry_candidates=4|active_relations=0|risk=market_stress_proxy|microstructure=SOURCE_PENDING_NOT_USED,0,4,3,1,0,0,1,,medium_quality_setup,BASELINE_ALLOWED,1,0,0,0
TASK617|NOC|20250325T133000Z|slot_decision_explanation,TASK617|NOC|20250325T133000Z,NOC,2025-03-27 14:30:00+00:00,2025-03-25 13:30:00+00:00,aerospace_defense_space,train_design,confirmation_required_candidate,setup=medium_quality_setup|catalyst=guidance_margin_upgrade|price=price_confirmed_but_extended|theme=participating_theme|relation=company_positive_confirmation_needed,capacity=slot_competition_low|same_entry_candidates=4|active_relations=0|risk=stress_plus_extension_proxy|microstructure=SOURCE_PENDING_NOT_USED,0,4,3,3,0,0,1,,medium_quality_setup,BASELINE_ALLOWED,1,0,0,0
TASK617|GD|20250325T143000Z|slot_decision_explanation,TASK617|GD|20250325T143000Z,GD,2025-03-27 14:30:00+00:00,2025-03-25 14:30:00+00:00,aerospace_defense_space,train_design,confirmation_required_candidate,setup=medium_quality_setup|catalyst=guidance_margin_upgrade|price=price_confirmed_basic|theme=participating_theme|relation=company_positive_confirmation_needed,capacity=slot_competition_low|same_entry_candidates=4|active_relations=0|risk=market_stress_proxy|microstructure=SOURCE_PENDING_NOT_USED,0,4,3,3,0,0,1,,medium_quality_setup,BASELINE_ALLOWED,1,0,0,0
TASK617|ZS|20250325T150000Z|slot_decision_explanation,TASK617|ZS|20250325T150000Z,ZS,2025-03-27 14:30:00+00:00,2025-03-25 15:00:00+00:00,cybersecurity,train_design,confirmation_required_candidate,setup=medium_quality_setup|catalyst=guidance_margin_upgrade|price=price_confirmed_basic|theme=participating_theme|relation=company_positive_confirmation_needed,capacity=slot_competition_low|same_entry_candidates=4|active_relations=0|risk=market_stress_proxy|microstructure=SOURCE_PENDING_NOT_USED,0,4,1,3,0,0,1,,medium_quality_setup,BASELINE_ALLOWED,1,0,0,0
TASK617|NOC|20250326T134500Z|slot_decision_explanation,TASK617|NOC|20250326T134500Z,NOC,2025-03-28 14:30:00+00:00,2025-03-26 13:45:00+00:00,aerospace_defense_space,train_design,confirmation_required_candidate,setup=medium_quality_setup|catalyst=guidance_margin_upgrade|price=price_confirmed_but_extended|theme=fading_leadership|relation=company_positive_confirmation_needed,capacity=slot_competition_low|same_entry_candidates=3|active_relations=0|risk=stress_plus_extension_proxy|microstructure=SOURCE_PENDING_NOT_USED,0,3,2,3,0,0,1,,medium_quality_setup,BASELINE_ALLOWED,1,0,0,0
TASK617|GD|20250326T140000Z|slot_decision_explanation,TASK617|GD|20250326T140000Z,GD,2025-03-28 14:30:00+00:00,2025-03-26 14:00:00+00:00,aerospace_defense_space,train_design,confirmation_required_candidate,setup=medium_quality_setup|catalyst=guidance_margin_upgrade|price=price_confirmed_basic|theme=fading_leadership|relation=company_positive_confirmation_needed,capacity=slot_competition_low|same_entry_candidates=3|active_relations=0|risk=market_stress_proxy|microstructure=SOURCE_PENDING_NOT_USED,0,3,2,3,0,0,1,,medium_quality_setup,BASELINE_ALLOWED,1,0,0,0
TASK617|F|20250326T140000Z|slot_decision_explanation,TASK617|F|20250326T140000Z,F,2025-03-28 14:30:00+00:00,2025-03-26 14:00:00+00:00,ev_autonomy_mobility,train_design,confirmation_required_candidate,setup=medium_quality_setup|catalyst=guidance_margin_upgrade|price=price_confirmed_basic|theme=fading_leadership|relation=company_positive_confirmation_needed,capacity=slot_competition_low|same_entry_candidates=3|active_relations=0|risk=market_stress_proxy|microstructure=SOURCE_PENDING_NOT_USED,0,3,1,3,0,0,1,,medium_quality_setup,BASELINE_ALLOWED,1,0,0,0
TASK617|RIVN|20250327T134500Z|slot_decision_explanation,TASK617|RIVN|20250327T134500Z,RIVN,2025-03-31 14:30:00+00:00,2025-03-27 13:45:00+00:00,ev_autonomy_mobility,train_design,normal_candidate,setup=research_only_setup|catalyst=guidance_margin_upgrade|price=price_confirmed_but_extended|theme=participating_theme|relation=relation_sparse_research_only,capacity=slot_competition_low|same_entry_candidates=3|active_relations=0|risk=stress_plus_extension_proxy|microstructure=SOURCE_PENDING_NOT_USED,0,3,1,1,0,0,1,,research_only_setup,RESEARCH_ONLY,1,0,0,0
TASK617|GD|20250327T140000Z|slot_decision_explanation,TASK617|GD|20250327T140000Z,GD,2025-03-31 14:30:00+00:00,2025-03-27 14:00:00+00:00,aerospace_defense_space,train_design,confirmation_required_candidate,setup=medium_quality_setup|catalyst=guidance_margin_upgrade|price=price_confirmed_basic|theme=fading_leadership|relation=company_positive_confirmation_needed,capacity=slot_competition_low|same_entry_candidates=3|active_relations=0|risk=market_stress_proxy|microstructure=SOURCE_PENDING_NOT_USED,0,3,2,2,0,0,1,,medium_quality_setup,BASELINE_ALLOWED,1,0,0,0
TASK617|NOC|20250327T143000Z|slot_decision_explanation,TASK617|NOC|20250327T143000Z,NOC,2025-03-31 14:30:00+00:00,2025-03-27 14:30:00+00:00,aerospace_defense_space,train_design,confirmation_required_candidate,setup=medium_quality_setup|catalyst=guidance_margin_upgrade|price=price_confirmed_basic|theme=fading_leadership|relation=company_positive_confirmation_needed,capacity=slot_competition_low|same_entry_candidates=3|active_relations=0|risk=market_stress_proxy|microstructure=SOURCE_PENDING_NOT_USED,0,3,2,2,0,0,1,,medium_quality_setup,BASELINE_ALLOWED,1,0,0,0
TASK617|NOC|20250403T133000Z|slot_decision_explanation,TASK617|NOC|20250403T133000Z,NOC,2025-04-07 14:30:00+00:00,2025-04-03 13:30:00+00:00,aerospace_defense_space,train_design,confirmation_required_candidate,setup=medium_quality_setup|catalyst=guidance_margin_upgrade|price=price_confirmed_basic|theme=narrow_leader|relation=company_positive_confirmation_needed,capacity=slot_competition_low|same_entry_candidates=1|active_relations=0|risk=market_stress_proxy|microstructure=SOURCE_PENDING_NOT_USED,0,1,1,1,0,0,1,,medium_quality_setup,BASELINE_ALLOWED,1,0,0,0
TASK617|NOC|20250409T133000Z|slot_decision_explanation,TASK617|NOC|20250409T133000Z,NOC,2025-04-11 14:30:00+00:00,2025-04-09 13:30:00+00:00,aerospace_defense_space,train_design,confirmation_required_candidate,setup=medium_quality_setup|catalyst=contract_customer_backlog|price=price_confirmed_basic|theme=fading_leadership|relation=company_price_confirmed_macro_secondary,capacity=slot_competition_low|same_entry_candidates=4|active_relations=0|risk=market_stress_proxy|microstructure=SOURCE_PENDING_NOT_USED,0,4,3,3,0,0,1,,medium_quality_setup,BASELINE_ALLOWED,1,0,0,0
TASK617|CRWD|20250409T160000Z|slot_decision_explanation,TASK617|CRWD|20250409T160000Z,CRWD,2025-04-11 14:30:00+00:00,2025-04-09 16:00:00+00:00,cybersecurity,train_design,normal_candidate,setup=research_only_setup|catalyst=contract_customer_backlog|price=price_confirmed_basic|theme=narrow_leader|relation=relation_sparse_research_only,capacity=slot_competition_low|same_entry_candidates=4|active_relations=0|risk=high_liquidity_momentum_proxy|microstructure=SOURCE_PENDING_NOT_USED,0,4,1,1,0,0,1,,research_only_setup,RESEARCH_ONLY,1,0,0,0
TASK617|RKLB|20250409T171500Z|slot_decision_explanation,TASK617|RKLB|20250409T171500Z,RKLB,2025-04-11 14:30:00+00:00,2025-04-09 17:15:00+00:00,aerospace_defense_space,train_design,confirmation_required_candidate,setup=medium_quality_setup|catalyst=contract_customer_backlog|price=price_accepted_needs_confirmation|theme=fading_leadership|relation=company_price_confirmed_macro_secondary,capacity=slot_competition_low|same_entry_candidates=4|active_relations=0|risk=stress_plus_extension_proxy|microstructure=SOURCE_PENDING_NOT_USED,0,4,3,3,0,0,1,,medium_quality_setup,BASELINE_ALLOWED,1,0,0,0
TASK617|ASTS|20250409T171500Z|slot_decision_explanation,TASK617|ASTS|20250409T171500Z,ASTS,2025-04-11 14:30:00+00:00,2025-04-09 17:15:00+00:00,aerospace_defense_space,train_design,confirmation_required_candidate,setup=medium_quality_setup|catalyst=contract_customer_backlog|price=price_confirmed_but_extended|theme=fading_leadership|relation=company_price_confirmed_macro_secondary,capacity=slot_competition_low|same_entry_candidates=4|active_relations=0|risk=stress_plus_extension_proxy|microstructure=SOURCE_PENDING_NOT_USED,0,4,3,3,0,0,1,,medium_quality_setup,BASELINE_ALLOWED,1,0,0,0
TASK617|RKLB|20250415T133000Z|slot_decision_explanation,TASK617|RKLB|20250415T133000Z,RKLB,2025-04-17 14:30:00+00:00,2025-04-15 13:30:00+00:00,aerospace_defense_space,train_design,confirmation_required_candidate,setup=medium_quality_setup|catalyst=contract_customer_backlog|price=price_confirmed_but_extended|theme=fading_leadership|relation=company_price_confirmed_macro_secondary,capacity=slot_competition_low|same_entry_candidates=2|active_relations=0|risk=stress_plus_extension_proxy|microstructure=SOURCE_PENDING_NOT_USED,0,2,2,2,0,0,1,,medium_quality_setup,BASELINE_ALLOWED,1,0,0,0
TASK617|NOC|20250415T154500Z|slot_decision_explanation,TASK617|NOC|20250415T154500Z,NOC,2025-04-17 14:30:00+00:00,2025-04-15 15:45:00+00:00,aerospace_defense_space,train_design,confirmation_required_candidate,setup=medium_quality_setup|catalyst=contract_customer_backlog|price=price_confirmed_basic|theme=fading_leadership|relation=company_price_confirmed_macro_secondary,capacity=slot_competition_low|same_entry_candidates=2|active_relations=0|risk=market_stress_proxy|microstructure=SOURCE_PENDING_NOT_USED,0,2,2,2,0,0,1,,medium_quality_setup,BASELINE_ALLOWED,1,0,0,0
TASK617|COIN|20250422T133000Z|slot_decision_explanation,TASK617|COIN|20250422T133000Z,COIN,2025-04-24 14:30:00+00:00,2025-04-22 13:30:00+00:00,crypto_fintech,train_design,normal_candidate,setup=research_only_setup|catalyst=contract_customer_backlog|price=price_confirmed_basic|theme=narrow_leader|relation=relation_sparse_research_only,capacity=slot_competition_low|same_entry_candidates=2|active_relations=0|risk=market_stress_proxy|microstructure=SOURCE_PENDING_NOT_USED,0,2,2,2,0,0,1,,research_only_setup,RESEARCH_ONLY,1,0,0,0
TASK617|IBIT|20250422T133000Z|slot_decision_explanation,TASK617|IBIT|20250422T133000Z,IBIT,2025-04-24 14:30:00+00:00,2025-04-22 13:30:00+00:00,crypto_fintech,train_design,normal_candidate,setup=research_only_setup|catalyst=contract_customer_backlog|price=price_confirmed_basic|theme=narrow_leader|relation=relation_sparse_research_only,capacity=slot_competition_low|same_entry_candidates=2|active_relations=0|risk=market_stress_proxy|microstructure=SOURCE_PENDING_NOT_USED,0,2,2,2,0,0,1,,research_only_setup,RESEARCH_ONLY,1,0,0,0
TASK617|MSTR|20250424T134500Z|slot_decision_explanation,TASK617|MSTR|20250424T134500Z,MSTR,2025-04-28 14:30:00+00:00,2025-04-24 13:45:00+00:00,crypto_fintech,train_design,confirmation_required_candidate,setup=medium_quality_setup|catalyst=contract_customer_backlog|price=price_confirmed_basic|theme=fading_leadership|relation=company_price_confirmed_macro_secondary,capacity=slot_competition_low|same_entry_candidates=1|active_relations=0|risk=market_stress_proxy|microstructure=SOURCE_PENDING_NOT_USED,0,1,1,1,0,0,1,,medium_quality_setup,BASELINE_ALLOWED,1,0,0,0
TASK617|SOFI|20250428T133000Z|slot_decision_explanation,TASK617|SOFI|20250428T133000Z,SOFI,2025-04-30 14:30:00+00:00,2025-04-28 13:30:00+00:00,crypto_fintech,train_design,priority_candidate,setup=high_quality_setup|catalyst=contract_customer_backlog|price=price_confirmed_basic|theme=persistent_leadership|relation=company_price_confirmed_macro_secondary,capacity=slot_competition_low|same_entry_candidates=2|active_relations=0|risk=market_stress_proxy|microstructure=SOURCE_PENDING_NOT_USED,0,2,1,1,0,0,1,,high_quality_setup,BASELINE_ALLOWED,1,0,0,0
TASK617|PLTR|20250428T191500Z|slot_decision_explanation,TASK617|PLTR|20250428T191500Z,PLTR,2025-04-30 14:30:00+00:00,2025-04-28 19:15:00+00:00,data_devops_software,train_design,priority_candidate,setup=medium_quality_setup|catalyst=contract_customer_backlog|price=price_accepted_needs_confirmation|theme=participating_theme|relation=relation_reinforcing,capacity=slot_competition_low|same_entry_candidates=2|active_relations=0|risk=market_stress_proxy|microstructure=SOURCE_PENDING_NOT_USED,0,2,1,1,0,0,1,,medium_quality_setup,STRENGTH_HOLD_CANDIDATE,1,0,0,0
TASK617|SOFI|20250429T133000Z|slot_decision_explanation,TASK617|SOFI|20250429T133000Z,SOFI,2025-05-01 14:30:00+00:00,2025-04-29 13:30:00+00:00,crypto_fintech,train_design,priority_candidate,setup=high_quality_setup|catalyst=contract_customer_backlog|price=price_confirmed_basic|theme=persistent_leadership|relation=company_price_confirmed_macro_secondary,capacity=slot_competition_high|same_entry_candidates=7|active_relations=0|risk=market_stress_proxy|microstructure=SOURCE_PENDING_NOT_USED,1,7,2,4,0,0,1,,high_quality_setup,BASELINE_ALLOWED,1,0,0,0
TASK617|MSTR|20250429T140000Z|slot_decision_explanation,TASK617|MSTR|20250429T140000Z,MSTR,2025-05-01 14:30:00+00:00,2025-04-29 14:00:00+00:00,crypto_fintech,train_design,priority_candidate,setup=high_quality_setup|catalyst=contract_customer_backlog|price=price_confirmed_basic|theme=persistent_leadership|relation=company_price_confirmed_macro_secondary,capacity=slot_competition_high|same_entry_candidates=7|active_relations=0|risk=market_stress_proxy|microstructure=SOURCE_PENDING_NOT_USED,1,7,2,4,0,0,1,,high_quality_setup,BASELINE_ALLOWED,1,0,0,0
TASK617|GM|20250429T153000Z|slot_decision_explanation,TASK617|GM|20250429T153000Z,GM,2025-05-01 14:30:00+00:00,2025-04-29 15:30:00+00:00,ev_autonomy_mobility,train_design,priority_candidate,setup=high_quality_setup|catalyst=contract_customer_backlog|price=price_confirmed_basic|theme=participating_theme|relation=company_price_confirmed_macro_secondary,capacity=slot_competition_high|same_entry_candidates=7|active_relations=0|risk=market_stress_proxy|microstructure=SOURCE_PENDING_NOT_USED,1,7,2,4,0,0,1,,high_quality_setup,BASELINE_ALLOWED,1,0,0,0
TASK617|OKTA|20250429T171500Z|slot_decision_explanation,TASK617|OKTA|20250429T171500Z,OKTA,2025-05-01 14:30:00+00:00,2025-04-29 17:15:00+00:00,cybersecurity,train_design,priority_candidate,setup=high_quality_setup|catalyst=contract_customer_backlog|price=price_confirmed_but_extended|theme=emerging_leadership|relation=relation_reinforcing,capacity=slot_competition_high|same_entry_candidates=7|active_relations=0|risk=stress_plus_extension_proxy|microstructure=SOURCE_PENDING_NOT_USED,1,7,1,3,0,0,1,,high_quality_setup,STRENGTH_HOLD_CANDIDATE,1,0,0,0
TASK617|GEV|20250429T174500Z|slot_decision_explanation,TASK617|GEV|20250429T174500Z,GEV,2025-05-01 14:30:00+00:00,2025-04-29 17:45:00+00:00,power_grid_electrification,train_design,priority_candidate,setup=medium_quality_setup|catalyst=contract_customer_backlog|price=price_confirmed_basic|theme=fading_leadership|relation=relation_reinforcing,capacity=slot_competition_high|same_entry_candidates=7|active_relations=0|risk=market_stress_proxy|microstructure=SOURCE_PENDING_NOT_USED,1,7,1,3,0,0,1,,medium_quality_setup,STRENGTH_HOLD_CANDIDATE,1,0,0,0
TASK617|UBER|20250429T174500Z|slot_decision_explanation,TASK617|UBER|20250429T174500Z,UBER,2025-05-01 14:30:00+00:00,2025-04-29 17:45:00+00:00,ev_autonomy_mobility,train_design,priority_candidate,setup=high_quality_setup|catalyst=contract_customer_backlog|price=price_confirmed_basic|theme=participating_theme|relation=company_price_confirmed_macro_secondary,capacity=slot_competition_high|same_entry_candidates=7|active_relations=0|risk=market_stress_proxy|microstructure=SOURCE_PENDING_NOT_USED,1,7,2,4,0,0,1,,high_quality_setup,BASELINE_ALLOWED,1,0,0,0
TASK617|PLTR|20250429T180000Z|slot_decision_explanation,TASK617|PLTR|20250429T180000Z,PLTR,2025-05-01 14:30:00+00:00,2025-04-29 18:00:00+00:00,data_devops_software,train_design,priority_candidate,setup=fragile_setup|catalyst=contract_customer_backlog|price=price_fragile_or_unconfirmed|theme=fading_leadership|relation=relation_reinforcing,capacity=slot_competition_high|same_entry_candidates=7|active_relations=0|risk=market_stress_proxy|microstructure=SOURCE_PENDING_NOT_USED,1,7,1,3,0,0,1,,fragile_setup,STRENGTH_HOLD_CANDIDATE,1,0,0,0
TASK617|GEV|20250430T133000Z|slot_decision_explanation,TASK617|GEV|20250430T133000Z,GEV,2025-05-02 14:30:00+00:00,2025-04-30 13:30:00+00:00,power_grid_electrification,train_design,priority_candidate,setup=high_quality_setup|catalyst=contract_customer_backlog|price=price_confirmed_basic|theme=participating_theme|relation=relation_reinforcing,capacity=slot_competition_high|same_entry_candidates=7|active_relations=0|risk=market_stress_proxy|microstructure=SOURCE_PENDING_NOT_USED,1,7,1,4,0,0,1,,high_quality_setup,STRENGTH_HOLD_CANDIDATE,1,0,0,0
TASK617|ZS|20250430T140000Z|slot_decision_explanation,TASK617|ZS|20250430T140000Z,ZS,2025-05-02 14:30:00+00:00,2025-04-30 14:00:00+00:00,cybersecurity,train_design,priority_candidate,setup=high_quality_setup|catalyst=contract_customer_backlog|price=price_confirmed_basic|theme=participating_theme|relation=relation_reinforcing,capacity=slot_competition_high|same_entry_candidates=7|active_relations=0|risk=market_stress_proxy|microstructure=SOURCE_PENDING_NOT_USED,1,7,2,4,0,0,1,,high_quality_setup,STRENGTH_HOLD_CANDIDATE,1,0,0,0
TASK617|PLTR|20250430T140000Z|slot_decision_explanation,TASK617|PLTR|20250430T140000Z,PLTR,2025-05-02 14:30:00+00:00,2025-04-30 14:00:00+00:00,data_devops_software,train_design,priority_candidate,setup=medium_quality_setup|catalyst=contract_customer_backlog|price=price_confirmed_basic|theme=participating_theme|relation=relation_reinforcing,capacity=slot_competition_high|same_entry_candidates=7|active_relations=0|risk=market_stress_proxy|microstructure=SOURCE_PENDING_NOT_USED,1,7,1,4,0,0,1,,medium_quality_setup,STRENGTH_HOLD_CANDIDATE,1,0,0,0
TASK617|UBER|20250430T140000Z|slot_decision_explanation,TASK617|UBER|20250430T140000Z,UBER,2025-05-02 14:30:00+00:00,2025-04-30 14:00:00+00:00,ev_autonomy_mobility,train_design,confirmation_required_candidate,setup=medium_quality_setup|catalyst=contract_customer_backlog|price=price_confirmed_basic|theme=fading_leadership|relation=company_price_confirmed_macro_secondary,capacity=slot_competition_high|same_entry_candidates=7|active_relations=0|risk=market_stress_proxy|microstructure=SOURCE_PENDING_NOT_USED,1,7,2,3,0,0,1,,medium_quality_setup,BASELINE_ALLOWED,1,0,0,0
TASK617|MSTR|20250430T141500Z|slot_decision_explanation,TASK617|MSTR|20250430T141500Z,MSTR,2025-05-02 14:30:00+00:00,2025-04-30 14:15:00+00:00,crypto_fintech,train_design,priority_candidate,setup=high_quality_setup|catalyst=contract_customer_backlog|price=price_confirmed_but_extended|theme=participating_theme|relation=company_price_confirmed_macro_secondary,capacity=slot_competition_high|same_entry_candidates=7|active_relations=0|risk=stress_plus_extension_proxy|microstructure=SOURCE_PENDING_NOT_USED,1,7,1,3,0,0,1,,high_quality_setup,BASELINE_ALLOWED,1,0,0,0
TASK617|OKTA|20250430T141500Z|slot_decision_explanation,TASK617|OKTA|20250430T141500Z,OKTA,2025-05-02 14:30:00+00:00,2025-04-30 14:15:00+00:00,cybersecurity,train_design,priority_candidate,setup=high_quality_setup|catalyst=contract_customer_backlog|price=price_confirmed_basic|theme=participating_theme|relation=relation_reinforcing,capacity=slot_competition_high|same_entry_candidates=7|active_relations=0|risk=high_liquidity_momentum_proxy|microstructure=SOURCE_PENDING_NOT_USED,1,7,2,4,0,0,1,,high_quality_setup,STRENGTH_HOLD_CANDIDATE,1,0,0,0
TASK617|RIVN|20250430T143000Z|slot_decision_explanation,TASK617|RIVN|20250430T143000Z,RIVN,2025-05-02 14:30:00+00:00,2025-04-30 14:30:00+00:00,ev_autonomy_mobility,train_design,confirmation_required_candidate,setup=medium_quality_setup|catalyst=contract_customer_backlog|price=price_confirmed_basic|theme=fading_leadership|relation=company_price_confirmed_macro_secondary,capacity=slot_competition_high|same_entry_candidates=7|active_relations=0|risk=market_stress_proxy|microstructure=SOURCE_PENDING_NOT_USED,1,7,2,3,0,0,1,,medium_quality_setup,BASELINE_ALLOWED,1,0,0,0
TASK617|LMT|20250501T134500Z|slot_decision_explanation,TASK617|LMT|20250501T134500Z,LMT,2025-05-05 14:30:00+00:00,2025-05-01 13:45:00+00:00,aerospace_defense_space,train_design,confirmation_required_candidate,setup=medium_quality_setup|catalyst=guidance_margin_upgrade|price=price_confirmed_but_extended|theme=fading_leadership|relation=company_positive_confirmation_needed,capacity=slot_competition_very_high|same_entry_candidates=9|active_relations=0|risk=stress_plus_extension_proxy|microstructure=SOURCE_PENDING_NOT_USED,1,9,1,1,0,0,1,,medium_quality_setup,BASELINE_ALLOWED,1,0,0,0
TASK617|UBER|20250501T140000Z|slot_decision_explanation,TASK617|UBER|20250501T140000Z,UBER,2025-05-05 14:30:00+00:00,2025-05-01 14:00:00+00:00,ev_autonomy_mobility,train_design,normal_candidate,setup=research_only_setup|catalyst=guidance_margin_upgrade|price=price_confirmed_basic|theme=fading_leadership|relation=relation_sparse_research_only,capacity=slot_competition_very_high|same_entry_candidates=9|active_relations=0|risk=market_stress_proxy|microstructure=SOURCE_PENDING_NOT_USED,1,9,2,4,0,0,1,,research_only_setup,RESEARCH_ONLY,1,0,0,0
TASK617|ETN|20250501T141500Z|slot_decision_explanation,TASK617|ETN|20250501T141500Z,ETN,2025-05-05 14:30:00+00:00,2025-05-01 14:15:00+00:00,power_grid_electrification,train_design,confirmation_required_candidate,setup=medium_quality_setup|catalyst=guidance_margin_upgrade|price=price_confirmed_basic|theme=participating_theme|relation=relation_offsetting,capacity=slot_competition_very_high|same_entry_candidates=9|active_relations=0|risk=high_liquidity_momentum_proxy|microstructure=SOURCE_PENDING_NOT_USED,1,9,4,4,0,0,1,,medium_quality_setup,REDUCE_DURATION,1,0,0,0
TASK617|ZS|20250501T141500Z|slot_decision_explanation,TASK617|ZS|20250501T141500Z,ZS,2025-05-05 14:30:00+00:00,2025-05-01 14:15:00+00:00,cybersecurity,train_design,normal_candidate,setup=research_only_setup|catalyst=guidance_margin_upgrade|price=price_confirmed_basic|theme=participating_theme|relation=relation_sparse_research_only,capacity=slot_competition_very_high|same_entry_candidates=9|active_relations=0|risk=market_stress_proxy|microstructure=SOURCE_PENDING_NOT_USED,1,9,1,4,0,0,1,,research_only_setup,RESEARCH_ONLY,1,0,0,0
TASK617|RIVN|20250501T141500Z|slot_decision_explanation,TASK617|RIVN|20250501T141500Z,RIVN,2025-05-05 14:30:00+00:00,2025-05-01 14:15:00+00:00,ev_autonomy_mobility,train_design,normal_candidate,setup=research_only_setup|catalyst=guidance_margin_upgrade|price=price_confirmed_basic|theme=fading_leadership|relation=relation_sparse_research_only,capacity=slot_competition_very_high|same_entry_candidates=9|active_relations=0|risk=market_stress_proxy|microstructure=SOURCE_PENDING_NOT_USED,1,9,2,4,0,0,1,,research_only_setup,RESEARCH_ONLY,1,0,0,0
TASK617|GEV|20250501T144500Z|slot_decision_explanation,TASK617|GEV|20250501T144500Z,GEV,2025-05-05 14:30:00+00:00,2025-05-01 14:45:00+00:00,power_grid_electrification,train_design,priority_candidate,setup=high_quality_setup|catalyst=guidance_margin_upgrade|price=price_confirmed_basic|theme=participating_theme|relation=relation_offsetting,capacity=slot_competition_very_high|same_entry_candidates=9|active_relations=0|risk=high_liquidity_momentum_proxy|microstructure=SOURCE_PENDING_NOT_USED,1,9,4,4,0,0,1,,high_quality_setup,REDUCE_DURATION,1,0,0,0
TASK617|IBIT|20250501T144500Z|slot_decision_explanation,TASK617|IBIT|20250501T144500Z,IBIT,2025-05-05 14:30:00+00:00,2025-05-01 14:45:00+00:00,crypto_fintech,train_design,normal_candidate,setup=research_only_setup|catalyst=guidance_margin_upgrade|price=price_confirmed_basic|theme=participating_theme|relation=relation_sparse_research_only,capacity=slot_competition_very_high|same_entry_candidates=9|active_relations=0|risk=market_stress_proxy|microstructure=SOURCE_PENDING_NOT_USED,1,9,1,4,0,0,1,,research_only_setup,RESEARCH_ONLY,1,0,0,0
TASK617|PWR|20250501T150000Z|slot_decision_explanation,TASK617|PWR|20250501T150000Z,PWR,2025-05-05 14:30:00+00:00,2025-05-01 15:00:00+00:00,power_grid_electrification,train_design,confirmation_required_candidate,setup=medium_quality_setup|catalyst=guidance_margin_upgrade|price=price_confirmed_but_extended|theme=participating_theme|relation=relation_offsetting,capacity=slot_competition_very_high|same_entry_candidates=9|active_relations=0|risk=stress_plus_extension_proxy|microstructure=SOURCE_PENDING_NOT_USED,1,9,4,4,0,0,1,,medium_quality_setup,REDUCE_DURATION,1,0,0,0
TASK617|VST|20250501T151500Z|slot_decision_explanation,TASK617|VST|20250501T151500Z,VST,2025-05-05 14:30:00+00:00,2025-05-01 15:15:00+00:00,power_grid_electrification,train_design,confirmation_required_candidate,setup=medium_quality_setup|catalyst=guidance_margin_upgrade|price=price_confirmed_basic|theme=participating_theme|relation=relation_offsetting,capacity=slot_competition_very_high|same_entry_candidates=9|active_relations=0|risk=high_liquidity_momentum_proxy|microstructure=SOURCE_PENDING_NOT_USED,1,9,4,4,0,0,1,,medium_quality_setup,REDUCE_DURATION,1,0,0,0
TASK617|CRWD|20250505T133000Z|slot_decision_explanation,TASK617|CRWD|20250505T133000Z,CRWD,2025-05-07 14:30:00+00:00,2025-05-05 13:30:00+00:00,cybersecurity,train_design,confirmation_required_candidate,setup=medium_quality_setup|catalyst=guidance_margin_upgrade|price=price_confirmed_basic|theme=emerging_leadership|relation=company_positive_confirmation_needed,capacity=slot_competition_very_high|same_entry_candidates=9|active_relations=0|risk=proxy_neutral|microstructure=SOURCE_PENDING_NOT_USED,1,9,2,5,0,0,1,,medium_quality_setup,BASELINE_ALLOWED,1,0,0,0
TASK617|ZS|20250505T133000Z|slot_decision_explanation,TASK617|ZS|20250505T133000Z,ZS,2025-05-07 14:30:00+00:00,2025-05-05 13:30:00+00:00,cybersecurity,train_design,confirmation_required_candidate,setup=medium_quality_setup|catalyst=guidance_margin_upgrade|price=price_confirmed_basic|theme=emerging_leadership|relation=company_positive_confirmation_needed,capacity=slot_competition_very_high|same_entry_candidates=9|active_relations=0|risk=proxy_neutral|microstructure=SOURCE_PENDING_NOT_USED,1,9,2,5,0,0,1,,medium_quality_setup,BASELINE_ALLOWED,1,0,0,0
TASK617|UBER|20250505T133000Z|slot_decision_explanation,TASK617|UBER|20250505T133000Z,UBER,2025-05-07 14:30:00+00:00,2025-05-05 13:30:00+00:00,ev_autonomy_mobility,train_design,confirmation_required_candidate,setup=medium_quality_setup|catalyst=guidance_margin_upgrade|price=price_confirmed_but_extended|theme=participating_theme|relation=company_positive_confirmation_needed,capacity=slot_competition_very_high|same_entry_candidates=9|active_relations=0|risk=extension_proxy|microstructure=SOURCE_PENDING_NOT_USED,1,9,1,5,0,0,1,,medium_quality_setup,BASELINE_ALLOWED,1,0,0,0
TASK617|BA|20250505T134500Z|slot_decision_explanation,TASK617|BA|20250505T134500Z,BA,2025-05-07 14:30:00+00:00,2025-05-05 13:45:00+00:00,aerospace_defense_space,train_design,confirmation_required_candidate,setup=medium_quality_setup|catalyst=guidance_margin_upgrade|price=price_confirmed_basic|theme=late_leadership|relation=company_price_confirmed_macro_secondary,capacity=slot_competition_very_high|same_entry_candidates=9|active_relations=0|risk=proxy_neutral|microstructure=SOURCE_PENDING_NOT_USED,1,9,1,1,0,0,1,,medium_quality_setup,BASELINE_ALLOWED,1,0,0,0
TASK617|DDOG|20250505T134500Z|slot_decision_explanation,TASK617|DDOG|20250505T134500Z,DDOG,2025-05-07 14:30:00+00:00,2025-05-05 13:45:00+00:00,data_devops_software,train_design,priority_candidate,setup=high_quality_setup|catalyst=guidance_margin_upgrade|price=price_confirmed_basic|theme=participating_theme|relation=relation_reinforcing,capacity=slot_competition_very_high|same_entry_candidates=9|active_relations=0|risk=proxy_neutral|microstructure=SOURCE_PENDING_NOT_USED,1,9,2,2,0,0,1,,high_quality_setup,STRENGTH_HOLD_CANDIDATE,1,0,0,0
TASK617|GEV|20250505T134500Z|slot_decision_explanation,TASK617|GEV|20250505T134500Z,GEV,2025-05-07 14:30:00+00:00,2025-05-05 13:45:00+00:00,power_grid_electrification,train_design,normal_candidate,setup=research_only_setup|catalyst=guidance_margin_upgrade|price=price_confirmed_basic|theme=persistent_leadership|relation=relation_sparse_research_only,capacity=slot_competition_very_high|same_entry_candidates=9|active_relations=0|risk=proxy_neutral|microstructure=SOURCE_PENDING_NOT_USED,1,9,2,1,0,0,1,,research_only_setup,RESEARCH_ONLY,1,0,0,0
TASK617|PWR|20250505T141500Z|slot_decision_explanation,TASK617|PWR|20250505T141500Z,PWR,2025-05-07 14:30:00+00:00,2025-05-05 14:15:00+00:00,power_grid_electrification,train_design,confirmation_required_candidate,setup=medium_quality_setup|catalyst=guidance_margin_upgrade|price=price_confirmed_basic|theme=persistent_leadership|relation=company_positive_confirmation_needed,capacity=slot_competition_very_high|same_entry_candidates=9|active_relations=0|risk=proxy_neutral|microstructure=SOURCE_PENDING_NOT_USED,1,9,2,5,0,0,1,,medium_quality_setup,BASELINE_ALLOWED,1,0,0,0
TASK617|PLTR|20250505T160000Z|slot_decision_explanation,TASK617|PLTR|20250505T160000Z,PLTR,2025-05-07 14:30:00+00:00,2025-05-05 16:00:00+00:00,data_devops_software,train_design,priority_candidate,setup=high_quality_setup|catalyst=guidance_margin_upgrade|price=price_confirmed_basic|theme=participating_theme|relation=relation_reinforcing,capacity=slot_competition_very_high|same_entry_candidates=9|active_relations=0|risk=proxy_neutral|microstructure=SOURCE_PENDING_NOT_USED,1,9,2,2,0,0,1,,high_quality_setup,STRENGTH_HOLD_CANDIDATE,1,0,0,0
TASK617|MSTR|20250505T180000Z|slot_decision_explanation,TASK617|MSTR|20250505T180000Z,MSTR,2025-05-07 14:30:00+00:00,2025-05-05 18:00:00+00:00,crypto_fintech,train_design,confirmation_required_candidate,setup=medium_quality_setup|catalyst=guidance_margin_upgrade|price=price_confirmed_basic|theme=persistent_leadership|relation=company_positive_confirmation_needed,capacity=slot_competition_very_high|same_entry_candidates=9|active_relations=0|risk=proxy_neutral|microstructure=SOURCE_PENDING_NOT_USED,1,9,1,5,0,0,1,,medium_quality_setup,BASELINE_ALLOWED,1,0,0,0
TASK617|UBER|20250506T133000Z|slot_decision_explanation,TASK617|UBER|20250506T133000Z,UBER,2025-05-08 14:30:00+00:00,2025-05-06 13:30:00+00:00,ev_autonomy_mobility,train_design,confirmation_required_candidate,setup=medium_quality_setup|catalyst=guidance_margin_upgrade|price=price_confirmed_basic|theme=participating_theme|relation=company_positive_confirmation_needed,capacity=slot_competition_very_high|same_entry_candidates=11|active_relations=0|risk=proxy_neutral|microstructure=SOURCE_PENDING_NOT_USED,1,11,1,7,0,0,1,,medium_quality_setup,BASELINE_ALLOWED,1,0,0,0
TASK617|VST|20250506T133000Z|slot_decision_explanation,TASK617|VST|20250506T133000Z,VST,2025-05-08 14:30:00+00:00,2025-05-06 13:30:00+00:00,power_grid_electrification,train_design,confirmation_required_candidate,setup=medium_quality_setup|catalyst=guidance_margin_upgrade|price=price_confirmed_but_extended|theme=persistent_leadership|relation=company_positive_confirmation_needed,capacity=slot_competition_very_high|same_entry_candidates=11|active_relations=0|risk=extension_proxy|microstructure=SOURCE_PENDING_NOT_USED,1,11,3,7,0,0,1,,medium_quality_setup,BASELINE_ALLOWED,1,0,0,0
TASK617|CEG|20250506T133000Z|slot_decision_explanation,TASK617|CEG|20250506T133000Z,CEG,2025-05-08 14:30:00+00:00,2025-05-06 13:30:00+00:00,power_grid_electrification,train_design,normal_candidate,setup=research_only_setup|catalyst=guidance_margin_upgrade|price=price_confirmed_basic|theme=persistent_leadership|relation=relation_sparse_research_only,capacity=slot_competition_very_high|same_entry_candidates=11|active_relations=0|risk=proxy_neutral|microstructure=SOURCE_PENDING_NOT_USED,1,11,3,2,0,0,1,,research_only_setup,RESEARCH_ONLY,1,0,0,0
TASK617|MSFT|20250506T133000Z|slot_decision_explanation,TASK617|MSFT|20250506T133000Z,MSFT,2025-05-08 14:30:00+00:00,2025-05-06 13:30:00+00:00,cloud_ai_platforms,train_design,confirmation_required_candidate,setup=medium_quality_setup|catalyst=guidance_margin_upgrade|price=price_confirmed_basic|theme=late_leadership|relation=company_positive_confirmation_needed,capacity=slot_competition_very_high|same_entry_candidates=11|active_relations=0|risk=proxy_neutral|microstructure=SOURCE_PENDING_NOT_USED,1,11,1,7,0,0,1,,medium_quality_setup,BASELINE_ALLOWED,1,0,0,0
TASK617|ZS|20250506T140000Z|slot_decision_explanation,TASK617|ZS|20250506T140000Z,ZS,2025-05-08 14:30:00+00:00,2025-05-06 14:00:00+00:00,cybersecurity,train_design,confirmation_required_candidate,setup=medium_quality_setup|catalyst=guidance_margin_upgrade|price=price_confirmed_basic|theme=emerging_leadership|relation=company_positive_confirmation_needed,capacity=slot_competition_very_high|same_entry_candidates=11|active_relations=0|risk=proxy_neutral|microstructure=SOURCE_PENDING_NOT_USED,1,11,2,7,0,0,1,,medium_quality_setup,BASELINE_ALLOWED,1,0,0,0
TASK617|CRWD|20250506T141500Z|slot_decision_explanation,TASK617|CRWD|20250506T141500Z,CRWD,2025-05-08 14:30:00+00:00,2025-05-06 14:15:00+00:00,cybersecurity,train_design,confirmation_required_candidate,setup=medium_quality_setup|catalyst=guidance_margin_upgrade|price=price_confirmed_basic|theme=emerging_leadership|relation=company_positive_confirmation_needed,capacity=slot_competition_very_high|same_entry_candidates=11|active_relations=0|risk=proxy_neutral|microstructure=SOURCE_PENDING_NOT_USED,1,11,2,7,0,0,1,,medium_quality_setup,BASELINE_ALLOWED,1,0,0,0
TASK617|IBIT|20250506T141500Z|slot_decision_explanation,TASK617|IBIT|20250506T141500Z,IBIT,2025-05-08 14:30:00+00:00,2025-05-06 14:15:00+00:00,crypto_fintech,train_design,confirmation_required_candidate,setup=medium_quality_setup|catalyst=guidance_margin_upgrade|price=price_confirmed_basic|theme=persistent_leadership|relation=company_positive_confirmation_needed,capacity=slot_competition_very_high|same_entry_candidates=11|active_relations=0|risk=proxy_neutral|microstructure=SOURCE_PENDING_NOT_USED,1,11,2,7,0,0,1,,medium_quality_setup,BASELINE_ALLOWED,1,0,0,0
TASK617|DDOG|20250506T143000Z|slot_decision_explanation,TASK617|DDOG|20250506T143000Z,DDOG,2025-05-08 14:30:00+00:00,2025-05-06 14:30:00+00:00,data_devops_software,train_design,priority_candidate,setup=high_quality_setup|catalyst=guidance_margin_upgrade|price=price_confirmed_basic|theme=participating_theme|relation=relation_reinforcing,capacity=slot_competition_very_high|same_entry_candidates=11|active_relations=0|risk=proxy_neutral|microstructure=SOURCE_PENDING_NOT_USED,1,11,1,1,0,0,1,,high_quality_setup,STRENGTH_HOLD_CANDIDATE,1,0,0,0
TASK617|GEV|20250506T143000Z|slot_decision_explanation,TASK617|GEV|20250506T143000Z,GEV,2025-05-08 14:30:00+00:00,2025-05-06 14:30:00+00:00,power_grid_electrification,train_design,normal_candidate,setup=research_only_setup|catalyst=guidance_margin_upgrade|price=price_confirmed_basic|theme=persistent_leadership|relation=relation_sparse_research_only,capacity=slot_competition_very_high|same_entry_candidates=11|active_relations=0|risk=proxy_neutral|microstructure=SOURCE_PENDING_NOT_USED,1,11,3,2,0,0,1,,research_only_setup,RESEARCH_ONLY,1,0,0,0
TASK617|BA|20250506T150000Z|slot_decision_explanation,TASK617|BA|20250506T150000Z,BA,2025-05-08 14:30:00+00:00,2025-05-06 15:00:00+00:00,aerospace_defense_space,train_design,confirmation_required_candidate,setup=medium_quality_setup|catalyst=guidance_margin_upgrade|price=price_confirmed_but_extended|theme=late_leadership|relation=company_price_confirmed_macro_secondary,capacity=slot_competition_very_high|same_entry_candidates=11|active_relations=0|risk=extension_proxy|microstructure=SOURCE_PENDING_NOT_USED,1,11,1,1,0,0,1,,medium_quality_setup,BASELINE_ALLOWED,1,0,0,0
TASK617|MSTR|20250506T190000Z|slot_decision_explanation,TASK617|MSTR|20250506T190000Z,MSTR,2025-05-08 14:30:00+00:00,2025-05-06 19:00:00+00:00,crypto_fintech,train_design,confirmation_required_candidate,setup=medium_quality_setup|catalyst=guidance_margin_upgrade|price=price_confirmed_basic|theme=persistent_leadership|relation=company_positive_confirmation_needed,capacity=slot_competition_very_high|same_entry_candidates=11|active_relations=0|risk=proxy_neutral|microstructure=SOURCE_PENDING_NOT_USED,1,11,2,7,0,0,1,,medium_quality_setup,BASELINE_ALLOWED,1,0,0,0
TASK617|S|20250512T133000Z|slot_decision_explanation,TASK617|S|20250512T133000Z,S,2025-05-14 14:30:00+00:00,2025-05-12 13:30:00+00:00,cybersecurity,train_design,confirmation_required_candidate,setup=medium_quality_setup|catalyst=guidance_margin_upgrade|price=price_confirmed_basic|theme=participating_theme|relation=company_positive_confirmation_needed,capacity=slot_competition_very_high|same_entry_candidates=17|active_relations=0|risk=proxy_neutral|microstructure=SOURCE_PENDING_NOT_USED,1,17,4,13,0,0,1,,medium_quality_setup,BASELINE_ALLOWED,1,0,0,0
TASK617|NET|20250512T134500Z|slot_decision_explanation,TASK617|NET|20250512T134500Z,NET,2025-05-14 14:30:00+00:00,2025-05-12 13:45:00+00:00,cybersecurity,train_design,confirmation_required_candidate,setup=medium_quality_setup|catalyst=guidance_margin_upgrade|price=price_confirmed_basic|theme=participating_theme|relation=company_positive_confirmation_needed,capacity=slot_competition_very_high|same_entry_candidates=17|active_relations=0|risk=proxy_neutral|microstructure=SOURCE_PENDING_NOT_USED,1,17,4,13,0,0,1,,medium_quality_setup,BASELINE_ALLOWED,1,0,0,0
TASK617|AFRM|20250512T134500Z|slot_decision_explanation,TASK617|AFRM|20250512T134500Z,AFRM,2025-05-14 14:30:00+00:00,2025-05-12 13:45:00+00:00,crypto_fintech,train_design,confirmation_required_candidate,setup=medium_quality_setup|catalyst=guidance_margin_upgrade|price=price_confirmed_basic|theme=persistent_leadership|relation=company_positive_confirmation_needed,capacity=slot_competition_very_high|same_entry_candidates=17|active_relations=0|risk=high_liquidity_momentum_proxy|microstructure=SOURCE_PENDING_NOT_USED,1,17,2,13,0,0,1,,medium_quality_setup,BASELINE_ALLOWED,1,0,0,0
TASK617|ASML|20250512T140000Z|slot_decision_explanation,TASK617|ASML|20250512T140000Z,ASML,2025-05-14 14:30:00+00:00,2025-05-12 14:00:00+00:00,ai_semiconductors,train_design,confirmation_required_candidate,setup=medium_quality_setup|catalyst=guidance_margin_upgrade|price=price_confirmed_basic|theme=participating_theme|relation=company_positive_confirmation_needed,capacity=slot_competition_very_high|same_entry_candidates=17|active_relations=0|risk=proxy_neutral|microstructure=SOURCE_PENDING_NOT_USED,1,17,2,13,0,0,1,,medium_quality_setup,BASELINE_ALLOWED,1,0,0,0
TASK617|CEG|20250512T140000Z|slot_decision_explanation,TASK617|CEG|20250512T140000Z,CEG,2025-05-14 14:30:00+00:00,2025-05-12 14:00:00+00:00,power_grid_electrification,train_design,priority_candidate,setup=high_quality_setup|catalyst=guidance_margin_upgrade|price=price_confirmed_basic|theme=persistent_leadership|relation=relation_reinforcing,capacity=slot_competition_very_high|same_entry_candidates=17|active_relations=0|risk=high_liquidity_momentum_proxy|microstructure=SOURCE_PENDING_NOT_USED,1,17,3,4,0,0,1,,high_quality_setup,STRENGTH_HOLD_CANDIDATE,1,0,0,0
TASK617|COIN|20250512T143000Z|slot_decision_explanation,TASK617|COIN|20250512T143000Z,COIN,2025-05-14 14:30:00+00:00,2025-05-12 14:30:00+00:00,crypto_fintech,train_design,confirmation_required_candidate,setup=medium_quality_setup|catalyst=guidance_margin_upgrade|price=price_confirmed_basic|theme=persistent_leadership|relation=company_positive_confirmation_needed,capacity=slot_competition_very_high|same_entry_candidates=17|active_relations=0|risk=high_liquidity_momentum_proxy|microstructure=SOURCE_PENDING_NOT_USED,1,17,2,13,0,0,1,,medium_quality_setup,BASELINE_ALLOWED,1,0,0,0
TASK617|UBER|20250512T144500Z|slot_decision_explanation,TASK617|UBER|20250512T144500Z,UBER,2025-05-14 14:30:00+00:00,2025-05-12 14:45:00+00:00,ev_autonomy_mobility,train_design,confirmation_required_candidate,setup=medium_quality_setup|catalyst=guidance_margin_upgrade|price=price_confirmed_basic|theme=participating_theme|relation=company_positive_confirmation_needed,capacity=slot_competition_very_high|same_entry_candidates=17|active_relations=0|risk=high_liquidity_momentum_proxy|microstructure=SOURCE_PENDING_NOT_USED,1,17,2,13,0,0,1,,medium_quality_setup,BASELINE_ALLOWED,1,0,0,0
TASK617|LCID|20250512T144500Z|slot_decision_explanation,TASK617|LCID|20250512T144500Z,LCID,2025-05-14 14:30:00+00:00,2025-05-12 14:45:00+00:00,ev_autonomy_mobility,train_design,confirmation_required_candidate,setup=medium_quality_setup|catalyst=guidance_margin_upgrade|price=price_confirmed_but_extended|theme=participating_theme|relation=company_positive_confirmation_needed,capacity=slot_competition_very_high|same_entry_candidates=17|active_relations=0|risk=extension_proxy|microstructure=SOURCE_PENDING_NOT_USED,1,17,2,13,0,0,1,,medium_quality_setup,BASELINE_ALLOWED,1,0,0,0
TASK617|ZS|20250512T163000Z|slot_decision_explanation,TASK617|ZS|20250512T163000Z,ZS,2025-05-14 14:30:00+00:00,2025-05-12 16:30:00+00:00,cybersecurity,train_design,confirmation_required_candidate,setup=medium_quality_setup|catalyst=guidance_margin_upgrade|price=price_confirmed_basic|theme=participating_theme|relation=company_positive_confirmation_needed,capacity=slot_competition_very_high|same_entry_candidates=17|active_relations=0|risk=proxy_neutral|microstructure=SOURCE_PENDING_NOT_USED,1,17,4,13,0,0,1,,medium_quality_setup,BASELINE_ALLOWED,1,0,0,0
TASK617|TER|20250512T163000Z|slot_decision_explanation,TASK617|TER|20250512T163000Z,TER,2025-05-14 14:30:00+00:00,2025-05-12 16:30:00+00:00,industrial_automation_robotics,train_design,priority_candidate,setup=high_quality_setup|catalyst=guidance_margin_upgrade|price=price_confirmed_basic|theme=participating_theme|relation=relation_reinforcing,capacity=slot_competition_very_high|same_entry_candidates=17|active_relations=0|risk=high_liquidity_momentum_proxy|microstructure=SOURCE_PENDING_NOT_USED,1,17,2,4,0,0,1,,high_quality_setup,STRENGTH_HOLD_CANDIDATE,1,0,0,0
TASK617|GEV|20250512T164500Z|slot_decision_explanation,TASK617|GEV|20250512T164500Z,GEV,2025-05-14 14:30:00+00:00,2025-05-12 16:45:00+00:00,power_grid_electrification,train_design,priority_candidate,setup=high_quality_setup|catalyst=guidance_margin_upgrade|price=price_confirmed_but_extended|theme=persistent_leadership|relation=relation_reinforcing,capacity=slot_competition_very_high|same_entry_candidates=17|active_relations=0|risk=extension_proxy|microstructure=SOURCE_PENDING_NOT_USED,1,17,3,4,0,0,1,,high_quality_setup,STRENGTH_HOLD_CANDIDATE,1,0,0,0
TASK617|TSM|20250512T164500Z|slot_decision_explanation,TASK617|TSM|20250512T164500Z,TSM,2025-05-14 14:30:00+00:00,2025-05-12 16:45:00+00:00,ai_semiconductors,train_design,confirmation_required_candidate,setup=medium_quality_setup|catalyst=guidance_margin_upgrade|price=price_confirmed_basic|theme=participating_theme|relation=company_positive_confirmation_needed,capacity=slot_competition_very_high|same_entry_candidates=17|active_relations=0|risk=high_liquidity_momentum_proxy|microstructure=SOURCE_PENDING_NOT_USED,1,17,2,13,0,0,1,,medium_quality_setup,BASELINE_ALLOWED,1,0,0,0
TASK617|MDB|20250512T170000Z|slot_decision_explanation,TASK617|MDB|20250512T170000Z,MDB,2025-05-14 14:30:00+00:00,2025-05-12 17:00:00+00:00,data_devops_software,train_design,priority_candidate,setup=high_quality_setup|catalyst=guidance_margin_upgrade|price=price_confirmed_basic|theme=emerging_leadership|relation=relation_reinforcing,capacity=slot_competition_very_high|same_entry_candidates=17|active_relations=0|risk=proxy_neutral|microstructure=SOURCE_PENDING_NOT_USED,1,17,1,4,0,0,1,,high_quality_setup,STRENGTH_HOLD_CANDIDATE,1,0,0,0
TASK617|MSFT|20250512T170000Z|slot_decision_explanation,TASK617|MSFT|20250512T170000Z,MSFT,2025-05-14 14:30:00+00:00,2025-05-12 17:00:00+00:00,cloud_ai_platforms,train_design,confirmation_required_candidate,setup=medium_quality_setup|catalyst=guidance_margin_upgrade|price=price_confirmed_basic|theme=participating_theme|relation=company_positive_confirmation_needed,capacity=slot_competition_very_high|same_entry_candidates=17|active_relations=0|risk=proxy_neutral|microstructure=SOURCE_PENDING_NOT_USED,1,17,1,13,0,0,1,,medium_quality_setup,BASELINE_ALLOWED,1,0,0,0
TASK617|IR|20250512T170000Z|slot_decision_explanation,TASK617|IR|20250512T170000Z,IR,2025-05-14 14:30:00+00:00,2025-05-12 17:00:00+00:00,industrial_automation_robotics,train_design,confirmation_required_candidate,setup=medium_quality_setup|catalyst=guidance_margin_upgrade|price=price_confirmed_basic|theme=participating_theme|relation=company_positive_confirmation_needed,capacity=slot_competition_very_high|same_entry_candidates=17|active_relations=0|risk=high_liquidity_momentum_proxy|microstructure=SOURCE_PENDING_NOT_USED,1,17,2,13,0,0,1,,medium_quality_setup,BASELINE_ALLOWED,1,0,0,0
TASK617|PWR|20250512T173000Z|slot_decision_explanation,TASK617|PWR|20250512T173000Z,PWR,2025-05-14 14:30:00+00:00,2025-05-12 17:30:00+00:00,power_grid_electrification,train_design,confirmation_required_candidate,setup=medium_quality_setup|catalyst=guidance_margin_upgrade|price=price_confirmed_basic|theme=persistent_leadership|relation=company_positive_confirmation_needed,capacity=slot_competition_very_high|same_entry_candidates=17|active_relations=0|risk=proxy_neutral|microstructure=SOURCE_PENDING_NOT_USED,1,17,3,13,0,0,1,,medium_quality_setup,BASELINE_ALLOWED,1,0,0,0
TASK617|OKTA|20250512T181500Z|slot_decision_explanation,TASK617|OKTA|20250512T181500Z,OKTA,2025-05-14 14:30:00+00:00,2025-05-12 18:15:00+00:00,cybersecurity,train_design,confirmation_required_candidate,setup=medium_quality_setup|catalyst=guidance_margin_upgrade|price=price_confirmed_basic|theme=participating_theme|relation=company_positive_confirmation_needed,capacity=slot_competition_very_high|same_entry_candidates=17|active_relations=0|risk=proxy_neutral|microstructure=SOURCE_PENDING_NOT_USED,1,17,4,13,0,0,1,,medium_quality_setup,BASELINE_ALLOWED,1,0,0,0
TASK617|PWR|20250513T133000Z|slot_decision_explanation,TASK617|PWR|20250513T133000Z,PWR,2025-05-15 14:30:00+00:00,2025-05-13 13:30:00+00:00,power_grid_electrification,train_design,confirmation_required_candidate,setup=medium_quality_setup|catalyst=guidance_margin_upgrade|price=price_confirmed_basic|theme=persistent_leadership|relation=company_positive_confirmation_needed,capacity=slot_competition_very_high|same_entry_candidates=25|active_relations=0|risk=proxy_neutral|microstructure=SOURCE_PENDING_NOT_USED,1,25,5,19,0,0,1,,medium_quality_setup,BASELINE_ALLOWED,1,0,0,0
TASK617|NVDA|20250513T133000Z|slot_decision_explanation,TASK617|NVDA|20250513T133000Z,NVDA,2025-05-15 14:30:00+00:00,2025-05-13 13:30:00+00:00,ai_semiconductors,train_design,confirmation_required_candidate,setup=medium_quality_setup|catalyst=guidance_margin_upgrade|price=price_confirmed_basic|theme=participating_theme|relation=company_positive_confirmation_needed,capacity=slot_competition_very_high|same_entry_candidates=25|active_relations=0|risk=high_liquidity_momentum_proxy|microstructure=SOURCE_PENDING_NOT_USED,1,25,4,19,0,0,1,,medium_quality_setup,BASELINE_ALLOWED,1,0,0,0
TASK617|ORCL|20250513T133000Z|slot_decision_explanation,TASK617|ORCL|20250513T133000Z,ORCL,2025-05-15 14:30:00+00:00,2025-05-13 13:30:00+00:00,cloud_ai_platforms,train_design,confirmation_required_candidate,setup=medium_quality_setup|catalyst=guidance_margin_upgrade|price=price_confirmed_basic|theme=participating_theme|relation=company_positive_confirmation_needed,capacity=slot_competition_very_high|same_entry_candidates=25|active_relations=0|risk=proxy_neutral|microstructure=SOURCE_PENDING_NOT_USED,1,25,2,19,0,0,1,,medium_quality_setup,BASELINE_ALLOWED,1,0,0,0
TASK617|ETN|20250513T133000Z|slot_decision_explanation,TASK617|ETN|20250513T133000Z,ETN,2025-05-15 14:30:00+00:00,2025-05-13 13:30:00+00:00,power_grid_electrification,train_design,confirmation_required_candidate,setup=medium_quality_setup|catalyst=guidance_margin_upgrade|price=price_confirmed_basic|theme=persistent_leadership|relation=company_positive_confirmation_needed,capacity=slot_competition_very_high|same_entry_candidates=25|active_relations=0|risk=proxy_neutral|microstructure=SOURCE_PENDING_NOT_USED,1,25,5,19,0,0,1,,medium_quality_setup,BASELINE_ALLOWED,1,0,0,0
TASK617|AVGO|20250513T133000Z|slot_decision_explanation,TASK617|AVGO|20250513T133000Z,AVGO,2025-05-15 14:30:00+00:00,2025-05-13 13:30:00+00:00,ai_semiconductors,train_design,confirmation_required_candidate,setup=medium_quality_setup|catalyst=guidance_margin_upgrade|price=price_confirmed_basic|theme=participating_theme|relation=company_positive_confirmation_needed,capacity=slot_competition_very_high|same_entry_candidates=25|active_relations=0|risk=high_liquidity_momentum_proxy|microstructure=SOURCE_PENDING_NOT_USED,1,25,4,19,0,0,1,,medium_quality_setup,BASELINE_ALLOWED,1,0,0,0
TASK617|VST|20250513T133000Z|slot_decision_explanation,TASK617|VST|20250513T133000Z,VST,2025-05-15 14:30:00+00:00,2025-05-13 13:30:00+00:00,power_grid_electrification,train_design,confirmation_required_candidate,setup=medium_quality_setup|catalyst=guidance_margin_upgrade|price=price_confirmed_basic|theme=persistent_leadership|relation=company_positive_confirmation_needed,capacity=slot_competition_very_high|same_entry_candidates=25|active_relations=0|risk=high_liquidity_momentum_proxy|microstructure=SOURCE_PENDING_NOT_USED,1,25,5,19,0,0,1,,medium_quality_setup,BASELINE_ALLOWED,1,0,0,0
TASK617|CRWD|20250513T133000Z|slot_decision_explanation,TASK617|CRWD|20250513T133000Z,CRWD,2025-05-15 14:30:00+00:00,2025-05-13 13:30:00+00:00,cybersecurity,train_design,confirmation_required_candidate,setup=medium_quality_setup|catalyst=guidance_margin_upgrade|price=price_confirmed_basic|theme=participating_theme|relation=company_positive_confirmation_needed,capacity=slot_competition_very_high|same_entry_candidates=25|active_relations=0|risk=proxy_neutral|microstructure=SOURCE_PENDING_NOT_USED,1,25,3,19,0,0,1,,medium_quality_setup,BASELINE_ALLOWED,1,0,0,0
TASK617|BA|20250513T133000Z|slot_decision_explanation,TASK617|BA|20250513T133000Z,BA,2025-05-15 14:30:00+00:00,2025-05-13 13:30:00+00:00,aerospace_defense_space,train_design,confirmation_required_candidate,setup=medium_quality_setup|catalyst=guidance_margin_upgrade|price=price_confirmed_basic|theme=participating_theme|relation=company_price_confirmed_macro_secondary,capacity=slot_competition_very_high|same_entry_candidates=25|active_relations=0|risk=proxy_neutral|microstructure=SOURCE_PENDING_NOT_USED,1,25,1,1,0,0,1,,medium_quality_setup,BASELINE_ALLOWED,1,0,0,0
TASK617|ARM|20250513T133000Z|slot_decision_explanation,TASK617|ARM|20250513T133000Z,ARM,2025-05-15 14:30:00+00:00,2025-05-13 13:30:00+00:00,ai_semiconductors,train_design,confirmation_required_candidate,setup=medium_quality_setup|catalyst=guidance_margin_upgrade|price=price_confirmed_basic|theme=participating_theme|relation=company_positive_confirmation_needed,capacity=slot_competition_very_high|same_entry_candidates=25|active_relations=0|risk=high_liquidity_momentum_proxy|microstructure=SOURCE_PENDING_NOT_USED,1,25,4,19,0,0,1,,medium_quality_setup,BASELINE_ALLOWED,1,0,0,0
TASK617|PLTR|20250513T133000Z|slot_decision_explanation,TASK617|PLTR|20250513T133000Z,PLTR,2025-05-15 14:30:00+00:00,2025-05-13 13:30:00+00:00,data_devops_software,train_design,priority_candidate,setup=high_quality_setup|catalyst=guidance_margin_upgrade|price=price_confirmed_basic|theme=emerging_leadership|relation=relation_reinforcing,capacity=slot_competition_very_high|same_entry_candidates=25|active_relations=0|risk=proxy_neutral|microstructure=SOURCE_PENDING_NOT_USED,1,25,1,5,0,0,1,,high_quality_setup,STRENGTH_HOLD_CANDIDATE,1,0,0,0
TASK617|MSFT|20250513T133000Z|slot_decision_explanation,TASK617|MSFT|20250513T133000Z,MSFT,2025-05-15 14:30:00+00:00,2025-05-13 13:30:00+00:00,cloud_ai_platforms,train_design,confirmation_required_candidate,setup=medium_quality_setup|catalyst=guidance_margin_upgrade|price=price_confirmed_basic|theme=participating_theme|relation=company_positive_confirmation_needed,capacity=slot_competition_very_high|same_entry_candidates=25|active_relations=0|risk=proxy_neutral|microstructure=SOURCE_PENDING_NOT_USED,1,25,2,19,0,0,1,,medium_quality_setup,BASELINE_ALLOWED,1,0,0,0
TASK617|GEV|20250513T133000Z|slot_decision_explanation,TASK617|GEV|20250513T133000Z,GEV,2025-05-15 14:30:00+00:00,2025-05-13 13:30:00+00:00,power_grid_electrification,train_design,priority_candidate,setup=high_quality_setup|catalyst=guidance_margin_upgrade|price=price_confirmed_basic|theme=persistent_leadership|relation=relation_reinforcing,capacity=slot_competition_very_high|same_entry_candidates=25|active_relations=0|risk=high_liquidity_momentum_proxy|microstructure=SOURCE_PENDING_NOT_USED,1,25,5,5,0,0,1,,high_quality_setup,STRENGTH_HOLD_CANDIDATE,1,0,0,0
TASK617|ROK|20250513T133000Z|slot_decision_explanation,TASK617|ROK|20250513T133000Z,ROK,2025-05-15 14:30:00+00:00,2025-05-13 13:30:00+00:00,industrial_automation_robotics,train_design,priority_candidate,setup=high_quality_setup|catalyst=guidance_margin_upgrade|price=price_confirmed_basic|theme=participating_theme|relation=relation_reinforcing,capacity=slot_competition_very_high|same_entry_candidates=25|active_relations=0|risk=proxy_neutral|microstructure=SOURCE_PENDING_NOT_USED,1,25,3,5,0,0,1,,high_quality_setup,STRENGTH_HOLD_CANDIDATE,1,0,0,0
TASK617|ZS|20250513T134500Z|slot_decision_explanation,TASK617|ZS|20250513T134500Z,ZS,2025-05-15 14:30:00+00:00,2025-05-13 13:45:00+00:00,cybersecurity,train_design,confirmation_required_candidate,setup=medium_quality_setup|catalyst=guidance_margin_upgrade|price=price_confirmed_basic|theme=participating_theme|relation=company_positive_confirmation_needed,capacity=slot_competition_very_high|same_entry_candidates=25|active_relations=0|risk=proxy_neutral|microstructure=SOURCE_PENDING_NOT_USED,1,25,3,19,0,0,1,,medium_quality_setup,BASELINE_ALLOWED,1,0,0,0
TASK617|GE|20250513T134500Z|slot_decision_explanation,TASK617|GE|20250513T134500Z,GE,2025-05-15 14:30:00+00:00,2025-05-13 13:45:00+00:00,industrial_automation_robotics,train_design,priority_candidate,setup=high_quality_setup|catalyst=guidance_margin_upgrade|price=price_confirmed_basic|theme=participating_theme|relation=relation_reinforcing,capacity=slot_competition_very_high|same_entry_candidates=25|active_relations=0|risk=proxy_neutral|microstructure=SOURCE_PENDING_NOT_USED,1,25,3,5,0,0,1,,high_quality_setup,STRENGTH_HOLD_CANDIDATE,1,0,0,0
TASK617|COIN|20250513T134500Z|slot_decision_explanation,TASK617|COIN|20250513T134500Z,COIN,2025-05-15 14:30:00+00:00,2025-05-13 13:45:00+00:00,crypto_fintech,train_design,confirmation_required_candidate,setup=medium_quality_setup|catalyst=guidance_margin_upgrade|price=price_confirmed_but_extended|theme=persistent_leadership|relation=company_positive_confirmation_needed,capacity=slot_competition_very_high|same_entry_candidates=25|active_relations=0|risk=extension_proxy|microstructure=SOURCE_PENDING_NOT_USED,1,25,5,19,0,0,1,,medium_quality_setup,BASELINE_ALLOWED,1,0,0,0
TASK617|NET|20250513T134500Z|slot_decision_explanation,TASK617|NET|20250513T134500Z,NET,2025-05-15 14:30:00+00:00,2025-05-13 13:45:00+00:00,cybersecurity,train_design,confirmation_required_candidate,setup=medium_quality_setup|catalyst=guidance_margin_upgrade|price=price_confirmed_basic|theme=participating_theme|relation=company_positive_confirmation_needed,capacity=slot_competition_very_high|same_entry_candidates=25|active_relations=0|risk=proxy_neutral|microstructure=SOURCE_PENDING_NOT_USED,1,25,3,19,0,0,1,,medium_quality_setup,BASELINE_ALLOWED,1,0,0,0
TASK617|NEE|20250513T134500Z|slot_decision_explanation,TASK617|NEE|20250513T134500Z,NEE,2025-05-15 14:30:00+00:00,2025-05-13 13:45:00+00:00,power_grid_electrification,train_design,confirmation_required_candidate,setup=medium_quality_setup|catalyst=guidance_margin_upgrade|price=price_confirmed_basic|theme=persistent_leadership|relation=company_positive_confirmation_needed,capacity=slot_competition_very_high|same_entry_candidates=25|active_relations=0|risk=high_liquidity_momentum_proxy|microstructure=SOURCE_PENDING_NOT_USED,1,25,5,19,0,0,1,,medium_quality_setup,BASELINE_ALLOWED,1,0,0,0
TASK617|UBER|20250513T134500Z|slot_decision_explanation,TASK617|UBER|20250513T134500Z,UBER,2025-05-15 14:30:00+00:00,2025-05-13 13:45:00+00:00,ev_autonomy_mobility,train_design,confirmation_required_candidate,setup=medium_quality_setup|catalyst=guidance_margin_upgrade|price=price_confirmed_basic|theme=participating_theme|relation=company_positive_confirmation_needed,capacity=slot_competition_very_high|same_entry_candidates=25|active_relations=0|risk=proxy_neutral|microstructure=SOURCE_PENDING_NOT_USED,1,25,1,19,0,0,1,,medium_quality_setup,BASELINE_ALLOWED,1,0,0,0
TASK617|PH|20250513T140000Z|slot_decision_explanation,TASK617|PH|20250513T140000Z,PH,2025-05-15 14:30:00+00:00,2025-05-13 14:00:00+00:00,industrial_automation_robotics,train_design,priority_candidate,setup=high_quality_setup|catalyst=guidance_margin_upgrade|price=price_confirmed_basic|theme=participating_theme|relation=relation_reinforcing,capacity=slot_competition_very_high|same_entry_candidates=25|active_relations=0|risk=proxy_neutral|microstructure=SOURCE_PENDING_NOT_USED,1,25,3,5,0,0,1,,high_quality_setup,STRENGTH_HOLD_CANDIDATE,1,0,0,0
TASK617|HOOD|20250513T140000Z|slot_decision_explanation,TASK617|HOOD|20250513T140000Z,HOOD,2025-05-15 14:30:00+00:00,2025-05-13 14:00:00+00:00,crypto_fintech,train_design,confirmation_required_candidate,setup=medium_quality_setup|catalyst=guidance_margin_upgrade|price=price_confirmed_but_extended|theme=persistent_leadership|relation=company_positive_confirmation_needed,capacity=slot_competition_very_high|same_entry_candidates=25|active_relations=0|risk=extension_proxy|microstructure=SOURCE_PENDING_NOT_USED,1,25,5,19,0,0,1,,medium_quality_setup,BASELINE_ALLOWED,1,0,0,0
TASK617|AMD|20250513T144500Z|slot_decision_explanation,TASK617|AMD|20250513T144500Z,AMD,2025-05-15 14:30:00+00:00,2025-05-13 14:45:00+00:00,ai_semiconductors,train_design,confirmation_required_candidate,setup=medium_quality_setup|catalyst=guidance_margin_upgrade|price=price_confirmed_but_extended|theme=participating_theme|relation=company_positive_confirmation_needed,capacity=slot_competition_very_high|same_entry_candidates=25|active_relations=0|risk=extension_proxy|microstructure=SOURCE_PENDING_NOT_USED,1,25,4,19,0,0,1,,medium_quality_setup,BASELINE_ALLOWED,1,0,0,0
TASK617|AFRM|20250513T151500Z|slot_decision_explanation,TASK617|AFRM|20250513T151500Z,AFRM,2025-05-15 14:30:00+00:00,2025-05-13 15:15:00+00:00,crypto_fintech,train_design,confirmation_required_candidate,setup=medium_quality_setup|catalyst=guidance_margin_upgrade|price=price_confirmed_basic|theme=persistent_leadership|relation=company_positive_confirmation_needed,capacity=slot_competition_very_high|same_entry_candidates=25|active_relations=0|risk=high_liquidity_momentum_proxy|microstructure=SOURCE_PENDING_NOT_USED,1,25,5,19,0,0,1,,medium_quality_setup,BASELINE_ALLOWED,1,0,0,0
TASK617|IBIT|20250513T160000Z|slot_decision_explanation,TASK617|IBIT|20250513T160000Z,IBIT,2025-05-15 14:30:00+00:00,2025-05-13 16:00:00+00:00,crypto_fintech,train_design,confirmation_required_candidate,setup=medium_quality_setup|catalyst=guidance_margin_upgrade|price=price_confirmed_but_extended|theme=persistent_leadership|relation=company_positive_confirmation_needed,capacity=slot_competition_very_high|same_entry_candidates=25|active_relations=0|risk=extension_proxy|microstructure=SOURCE_PENDING_NOT_USED,1,25,5,19,0,0,1,,medium_quality_setup,BASELINE_ALLOWED,1,0,0,0
TASK617|MSTR|20250513T160000Z|slot_decision_explanation,TASK617|MSTR|20250513T160000Z,MSTR,2025-05-15 14:30:00+00:00,2025-05-13 16:00:00+00:00,crypto_fintech,train_design,confirmation_required_candidate,setup=medium_quality_setup|catalyst=guidance_margin_upgrade|price=price_confirmed_but_extended|theme=persistent_leadership|relation=company_positive_confirmation_needed,capacity=slot_competition_very_high|same_entry_candidates=25|active_relations=0|risk=extension_proxy|microstructure=SOURCE_PENDING_NOT_USED,1,25,5,19,0,0,1,,medium_quality_setup,BASELINE_ALLOWED,1,0,0,0
TASK617|TSM|20250514T133000Z|slot_decision_explanation,TASK617|TSM|20250514T133000Z,TSM,2025-05-16 14:30:00+00:00,2025-05-14 13:30:00+00:00,ai_semiconductors,train_design,confirmation_required_candidate,setup=medium_quality_setup|catalyst=guidance_margin_upgrade|price=price_confirmed_basic|theme=emerging_leadership|relation=company_positive_confirmation_needed,capacity=slot_competition_very_high|same_entry_candidates=15|active_relations=0|risk=proxy_neutral|microstructure=SOURCE_PENDING_NOT_USED,1,15,4,14,0,0,1,,medium_quality_setup,BASELINE_ALLOWED,1,0,0,0
TASK617|MSFT|20250514T134500Z|slot_decision_explanation,TASK617|MSFT|20250514T134500Z,MSFT,2025-05-16 14:30:00+00:00,2025-05-14 13:45:00+00:00,cloud_ai_platforms,train_design,confirmation_required_candidate,setup=medium_quality_setup|catalyst=guidance_margin_upgrade|price=price_confirmed_but_extended|theme=participating_theme|relation=company_positive_confirmation_needed,capacity=slot_competition_very_high|same_entry_candidates=15|active_relations=0|risk=extension_proxy|microstructure=SOURCE_PENDING_NOT_USED,1,15,2,14,0,0,1,,medium_quality_setup,BASELINE_ALLOWED,1,0,0,0
TASK617|LCID|20250514T134500Z|slot_decision_explanation,TASK617|LCID|20250514T134500Z,LCID,2025-05-16 14:30:00+00:00,2025-05-14 13:45:00+00:00,ev_autonomy_mobility,train_design,confirmation_required_candidate,setup=medium_quality_setup|catalyst=guidance_margin_upgrade|price=price_confirmed_but_extended|theme=participating_theme|relation=company_positive_confirmation_needed,capacity=slot_competition_very_high|same_entry_candidates=15|active_relations=0|risk=extension_proxy|microstructure=SOURCE_PENDING_NOT_USED,1,15,3,14,0,0,1,,medium_quality_setup,BASELINE_ALLOWED,1,0,0,0
TASK617|CRM|20250514T140000Z|slot_decision_explanation,TASK617|CRM|20250514T140000Z,CRM,2025-05-16 14:30:00+00:00,2025-05-14 14:00:00+00:00,cloud_ai_platforms,train_design,confirmation_required_candidate,setup=medium_quality_setup|catalyst=guidance_margin_upgrade|price=price_confirmed_but_extended|theme=participating_theme|relation=company_positive_confirmation_needed,capacity=slot_competition_very_high|same_entry_candidates=15|active_relations=0|risk=extension_proxy|microstructure=SOURCE_PENDING_NOT_USED,1,15,2,14,0,0,1,,medium_quality_setup,BASELINE_ALLOWED,1,0,0,0
TASK617|F|20250514T140000Z|slot_decision_explanation,TASK617|F|20250514T140000Z,F,2025-05-16 14:30:00+00:00,2025-05-14 14:00:00+00:00,ev_autonomy_mobility,train_design,confirmation_required_candidate,setup=medium_quality_setup|catalyst=guidance_margin_upgrade|price=price_confirmed_basic|theme=participating_theme|relation=company_positive_confirmation_needed,capacity=slot_competition_very_high|same_entry_candidates=15|active_relations=0|risk=proxy_neutral|microstructure=SOURCE_PENDING_NOT_USED,1,15,3,14,0,0,1,,medium_quality_setup,BASELINE_ALLOWED,1,0,0,0
TASK617|ZS|20250514T143000Z|slot_decision_explanation,TASK617|ZS|20250514T143000Z,ZS,2025-05-16 14:30:00+00:00,2025-05-14 14:30:00+00:00,cybersecurity,train_design,confirmation_required_candidate,setup=medium_quality_setup|catalyst=guidance_margin_upgrade|price=price_confirmed_basic|theme=participating_theme|relation=company_positive_confirmation_needed,capacity=slot_competition_very_high|same_entry_candidates=15|active_relations=0|risk=proxy_neutral|microstructure=SOURCE_PENDING_NOT_USED,1,15,2,14,0,0,1,,medium_quality_setup,BASELINE_ALLOWED,1,0,0,0
TASK617|AVGO|20250514T144500Z|slot_decision_explanation,TASK617|AVGO|20250514T144500Z,AVGO,2025-05-16 14:30:00+00:00,2025-05-14 14:45:00+00:00,ai_semiconductors,train_design,confirmation_required_candidate,setup=medium_quality_setup|catalyst=guidance_margin_upgrade|price=price_confirmed_basic|theme=emerging_leadership|relation=company_positive_confirmation_needed,capacity=slot_competition_very_high|same_entry_candidates=15|active_relations=0|risk=proxy_neutral|microstructure=SOURCE_PENDING_NOT_USED,1,15,4,14,0,0,1,,medium_quality_setup,BASELINE_ALLOWED,1,0,0,0
TASK617|AFRM|20250514T144500Z|slot_decision_explanation,TASK617|AFRM|20250514T144500Z,AFRM,2025-05-16 14:30:00+00:00,2025-05-14 14:45:00+00:00,crypto_fintech,train_design,confirmation_required_candidate,setup=medium_quality_setup|catalyst=guidance_margin_upgrade|price=price_confirmed_basic|theme=persistent_leadership|relation=company_positive_confirmation_needed,capacity=slot_competition_very_high|same_entry_candidates=15|active_relations=0|risk=proxy_neutral|microstructure=SOURCE_PENDING_NOT_USED,1,15,2,14,0,0,1,,medium_quality_setup,BASELINE_ALLOWED,1,0,0,0
TASK617|RKLB|20250514T150000Z|slot_decision_explanation,TASK617|RKLB|20250514T150000Z,RKLB,2025-05-16 14:30:00+00:00,2025-05-14 15:00:00+00:00,aerospace_defense_space,train_design,confirmation_required_candidate,setup=medium_quality_setup|catalyst=guidance_margin_upgrade|price=price_confirmed_but_extended|theme=participating_theme|relation=company_price_confirmed_macro_secondary,capacity=slot_competition_very_high|same_entry_candidates=15|active_relations=0|risk=extension_proxy|microstructure=SOURCE_PENDING_NOT_USED,1,15,1,1,0,0,1,,medium_quality_setup,BASELINE_ALLOWED,1,0,0,0
TASK617|NVDA|20250514T154500Z|slot_decision_explanation,TASK617|NVDA|20250514T154500Z,NVDA,2025-05-16 14:30:00+00:00,2025-05-14 15:45:00+00:00,ai_semiconductors,train_design,confirmation_required_candidate,setup=medium_quality_setup|catalyst=guidance_margin_upgrade|price=price_confirmed_basic|theme=emerging_leadership|relation=company_positive_confirmation_needed,capacity=slot_competition_very_high|same_entry_candidates=15|active_relations=0|risk=proxy_neutral|microstructure=SOURCE_PENDING_NOT_USED,1,15,4,14,0,0,1,,medium_quality_setup,BASELINE_ALLOWED,1,0,0,0
TASK617|COIN|20250514T160000Z|slot_decision_explanation,TASK617|COIN|20250514T160000Z,COIN,2025-05-16 14:30:00+00:00,2025-05-14 16:00:00+00:00,crypto_fintech,train_design,confirmation_required_candidate,setup=medium_quality_setup|catalyst=guidance_margin_upgrade|price=price_confirmed_basic|theme=persistent_leadership|relation=company_positive_confirmation_needed,capacity=slot_competition_very_high|same_entry_candidates=15|active_relations=0|risk=proxy_neutral|microstructure=SOURCE_PENDING_NOT_USED,1,15,2,14,0,0,1,,medium_quality_setup,BASELINE_ALLOWED,1,0,0,0
TASK617|RIVN|20250514T163000Z|slot_decision_explanation,TASK617|RIVN|20250514T163000Z,RIVN,2025-05-16 14:30:00+00:00,2025-05-14 16:30:00+00:00,ev_autonomy_mobility,train_design,confirmation_required_candidate,setup=medium_quality_setup|catalyst=guidance_margin_upgrade|price=price_confirmed_basic|theme=participating_theme|relation=company_positive_confirmation_needed,capacity=slot_competition_very_high|same_entry_candidates=15|active_relations=0|risk=proxy_neutral|microstructure=SOURCE_PENDING_NOT_USED,1,15,3,14,0,0,1,,medium_quality_setup,BASELINE_ALLOWED,1,0,0,0
TASK617|ARM|20250514T170000Z|slot_decision_explanation,TASK617|ARM|20250514T170000Z,ARM,2025-05-16 14:30:00+00:00,2025-05-14 17:00:00+00:00,ai_semiconductors,train_design,confirmation_required_candidate,setup=medium_quality_setup|catalyst=guidance_margin_upgrade|price=price_confirmed_but_extended|theme=emerging_leadership|relation=company_positive_confirmation_needed,capacity=slot_competition_very_high|same_entry_candidates=15|active_relations=0|risk=extension_proxy|microstructure=SOURCE_PENDING_NOT_USED,1,15,4,14,0,0,1,,medium_quality_setup,BASELINE_ALLOWED,1,0,0,0
TASK617|NET|20250514T194500Z|slot_decision_explanation,TASK617|NET|20250514T194500Z,NET,2025-05-16 14:30:00+00:00,2025-05-14 19:45:00+00:00,cybersecurity,train_design,confirmation_required_candidate,setup=medium_quality_setup|catalyst=guidance_margin_upgrade|price=price_confirmed_basic|theme=participating_theme|relation=company_positive_confirmation_needed,capacity=slot_competition_very_high|same_entry_candidates=15|active_relations=0|risk=proxy_neutral|microstructure=SOURCE_PENDING_NOT_USED,1,15,2,14,0,0,1,,medium_quality_setup,BASELINE_ALLOWED,1,0,0,0
TASK617|VRT|20250514T194500Z|slot_decision_explanation,TASK617|VRT|20250514T194500Z,VRT,2025-05-16 14:30:00+00:00,2025-05-14 19:45:00+00:00,power_grid_electrification,train_design,confirmation_required_candidate,setup=medium_quality_setup|catalyst=guidance_margin_upgrade|price=price_confirmed_basic|theme=persistent_leadership|relation=company_positive_confirmation_needed,capacity=slot_competition_very_high|same_entry_candidates=15|active_relations=0|risk=proxy_neutral|microstructure=SOURCE_PENDING_NOT_USED,1,15,1,14,0,0,1,,medium_quality_setup,BASELINE_ALLOWED,1,0,0,0
TASK617|RIVN|20250515T133000Z|slot_decision_explanation,TASK617|RIVN|20250515T133000Z,RIVN,2025-05-19 14:30:00+00:00,2025-05-15 13:30:00+00:00,ev_autonomy_mobility,train_design,confirmation_required_candidate,setup=medium_quality_setup|catalyst=guidance_margin_upgrade|price=price_confirmed_basic|theme=participating_theme|relation=company_positive_confirmation_needed,capacity=slot_competition_very_high|same_entry_candidates=26|active_relations=0|risk=proxy_neutral|microstructure=SOURCE_PENDING_NOT_USED,1,26,3,17,0,0,1,,medium_quality_setup,BASELINE_ALLOWED,1,0,0,0
TASK617|BA|20250515T133000Z|slot_decision_explanation,TASK617|BA|20250515T133000Z,BA,2025-05-19 14:30:00+00:00,2025-05-15 13:30:00+00:00,aerospace_defense_space,train_design,priority_candidate,setup=high_quality_setup|catalyst=guidance_margin_upgrade|price=price_confirmed_basic|theme=participating_theme|relation=company_price_confirmed_macro_secondary,capacity=slot_competition_very_high|same_entry_candidates=26|active_relations=0|risk=proxy_neutral|microstructure=SOURCE_PENDING_NOT_USED,1,26,2,2,0,0,1,,high_quality_setup,BASELINE_ALLOWED,1,0,0,0
TASK617|HON|20250515T133000Z|slot_decision_explanation,TASK617|HON|20250515T133000Z,HON,2025-05-19 14:30:00+00:00,2025-05-15 13:30:00+00:00,industrial_automation_robotics,train_design,confirmation_required_candidate,setup=medium_quality_setup|catalyst=guidance_margin_upgrade|price=price_confirmed_but_extended|theme=participating_theme|relation=company_positive_confirmation_needed,capacity=slot_competition_very_high|same_entry_candidates=26|active_relations=0|risk=extension_proxy|microstructure=SOURCE_PENDING_NOT_USED,1,26,4,17,0,0,1,,medium_quality_setup,BASELINE_ALLOWED,1,0,0,0
TASK617|MSFT|20250515T133000Z|slot_decision_explanation,TASK617|MSFT|20250515T133000Z,MSFT,2025-05-19 14:30:00+00:00,2025-05-15 13:30:00+00:00,cloud_ai_platforms,train_design,confirmation_required_candidate,setup=medium_quality_setup|catalyst=guidance_margin_upgrade|price=price_confirmed_but_extended|theme=participating_theme|relation=company_positive_confirmation_needed,capacity=slot_competition_very_high|same_entry_candidates=26|active_relations=0|risk=extension_proxy|microstructure=SOURCE_PENDING_NOT_USED,1,26,1,17,0,0,1,,medium_quality_setup,BASELINE_ALLOWED,1,0,0,0
TASK617|GE|20250515T133000Z|slot_decision_explanation,TASK617|GE|20250515T133000Z,GE,2025-05-19 14:30:00+00:00,2025-05-15 13:30:00+00:00,industrial_automation_robotics,train_design,priority_candidate,setup=high_quality_setup|catalyst=guidance_margin_upgrade|price=price_confirmed_but_extended|theme=participating_theme|relation=relation_reinforcing,capacity=slot_competition_very_high|same_entry_candidates=26|active_relations=0|risk=extension_proxy|microstructure=SOURCE_PENDING_NOT_USED,1,26,4,6,0,0,1,,high_quality_setup,STRENGTH_HOLD_CANDIDATE,1,0,0,0
TASK617|ESTC|20250515T133000Z|slot_decision_explanation,TASK617|ESTC|20250515T133000Z,ESTC,2025-05-19 14:30:00+00:00,2025-05-15 13:30:00+00:00,data_devops_software,train_design,normal_candidate,setup=research_only_setup|catalyst=guidance_margin_upgrade|price=price_confirmed_basic|theme=participating_theme|relation=relation_sparse_research_only,capacity=slot_competition_very_high|same_entry_candidates=26|active_relations=0|risk=proxy_neutral|microstructure=SOURCE_PENDING_NOT_USED,1,26,3,1,0,0,1,,research_only_setup,RESEARCH_ONLY,1,0,0,0
TASK617|CRWD|20250515T133000Z|slot_decision_explanation,TASK617|CRWD|20250515T133000Z,CRWD,2025-05-19 14:30:00+00:00,2025-05-15 13:30:00+00:00,cybersecurity,train_design,confirmation_required_candidate,setup=medium_quality_setup|catalyst=guidance_margin_upgrade|price=price_confirmed_basic|theme=participating_theme|relation=company_positive_confirmation_needed,capacity=slot_competition_very_high|same_entry_candidates=26|active_relations=0|risk=proxy_neutral|microstructure=SOURCE_PENDING_NOT_USED,1,26,4,17,0,0,1,,medium_quality_setup,BASELINE_ALLOWED,1,0,0,0
TASK617|UBER|20250515T133000Z|slot_decision_explanation,TASK617|UBER|20250515T133000Z,UBER,2025-05-19 14:30:00+00:00,2025-05-15 13:30:00+00:00,ev_autonomy_mobility,train_design,confirmation_required_candidate,setup=medium_quality_setup|catalyst=guidance_margin_upgrade|price=price_confirmed_basic|theme=participating_theme|relation=company_positive_confirmation_needed,capacity=slot_competition_very_high|same_entry_candidates=26|active_relations=0|risk=proxy_neutral|microstructure=SOURCE_PENDING_NOT_USED,1,26,3,17,0,0,1,,medium_quality_setup,BASELINE_ALLOWED,1,0,0,0
TASK617|F|20250515T134500Z|slot_decision_explanation,TASK617|F|20250515T134500Z,F,2025-05-19 14:30:00+00:00,2025-05-15 13:45:00+00:00,ev_autonomy_mobility,train_design,confirmation_required_candidate,setup=medium_quality_setup|catalyst=guidance_margin_upgrade|price=price_confirmed_basic|theme=participating_theme|relation=company_positive_confirmation_needed,capacity=slot_competition_very_high|same_entry_candidates=26|active_relations=0|risk=proxy_neutral|microstructure=SOURCE_PENDING_NOT_USED,1,26,3,17,0,0,1,,medium_quality_setup,BASELINE_ALLOWED,1,0,0,0
TASK617|NEE|20250515T134500Z|slot_decision_explanation,TASK617|NEE|20250515T134500Z,NEE,2025-05-19 14:30:00+00:00,2025-05-15 13:45:00+00:00,power_grid_electrification,train_design,confirmation_required_candidate,setup=medium_quality_setup|catalyst=guidance_margin_upgrade|price=price_confirmed_basic|theme=persistent_leadership|relation=company_positive_confirmation_needed,capacity=slot_competition_very_high|same_entry_candidates=26|active_relations=0|risk=proxy_neutral|microstructure=SOURCE_PENDING_NOT_USED,1,26,3,17,0,0,1,,medium_quality_setup,BASELINE_ALLOWED,1,0,0,0
TASK617|ROK|20250515T140000Z|slot_decision_explanation,TASK617|ROK|20250515T140000Z,ROK,2025-05-19 14:30:00+00:00,2025-05-15 14:00:00+00:00,industrial_automation_robotics,train_design,priority_candidate,setup=high_quality_setup|catalyst=guidance_margin_upgrade|price=price_confirmed_basic|theme=participating_theme|relation=relation_reinforcing,capacity=slot_competition_very_high|same_entry_candidates=26|active_relations=0|risk=proxy_neutral|microstructure=SOURCE_PENDING_NOT_USED,1,26,4,6,0,0,1,,high_quality_setup,STRENGTH_HOLD_CANDIDATE,1,0,0,0
TASK617|OKTA|20250515T143000Z|slot_decision_explanation,TASK617|OKTA|20250515T143000Z,OKTA,2025-05-19 14:30:00+00:00,2025-05-15 14:30:00+00:00,cybersecurity,train_design,confirmation_required_candidate,setup=medium_quality_setup|catalyst=guidance_margin_upgrade|price=price_confirmed_basic|theme=participating_theme|relation=company_positive_confirmation_needed,capacity=slot_competition_very_high|same_entry_candidates=26|active_relations=0|risk=proxy_neutral|microstructure=SOURCE_PENDING_NOT_USED,1,26,4,17,0,0,1,,medium_quality_setup,BASELINE_ALLOWED,1,0,0,0
TASK617|ZS|20250515T144500Z|slot_decision_explanation,TASK617|ZS|20250515T144500Z,ZS,2025-05-19 14:30:00+00:00,2025-05-15 14:45:00+00:00,cybersecurity,train_design,confirmation_required_candidate,setup=medium_quality_setup|catalyst=guidance_margin_upgrade|price=price_confirmed_basic|theme=participating_theme|relation=company_positive_confirmation_needed,capacity=slot_competition_very_high|same_entry_candidates=26|active_relations=0|risk=proxy_neutral|microstructure=SOURCE_PENDING_NOT_USED,1,26,4,17,0,0,1,,medium_quality_setup,BASELINE_ALLOWED,1,0,0,0
TASK617|AVGO|20250515T144500Z|slot_decision_explanation,TASK617|AVGO|20250515T144500Z,AVGO,2025-05-19 14:30:00+00:00,2025-05-15 14:45:00+00:00,ai_semiconductors,train_design,confirmation_required_candidate,setup=medium_quality_setup|catalyst=guidance_margin_upgrade|price=price_confirmed_basic|theme=emerging_leadership|relation=company_positive_confirmation_needed,capacity=slot_competition_very_high|same_entry_candidates=26|active_relations=0|risk=proxy_neutral|microstructure=SOURCE_PENDING_NOT_USED,1,26,4,17,0,0,1,,medium_quality_setup,BASELINE_ALLOWED,1,0,0,0
TASK617|SNOW|20250515T144500Z|slot_decision_explanation,TASK617|SNOW|20250515T144500Z,SNOW,2025-05-19 14:30:00+00:00,2025-05-15 14:45:00+00:00,data_devops_software,train_design,priority_candidate,setup=high_quality_setup|catalyst=contract_customer_backlog|price=price_confirmed_basic|theme=participating_theme|relation=relation_reinforcing,capacity=slot_competition_very_high|same_entry_candidates=26|active_relations=0|risk=proxy_neutral|microstructure=SOURCE_PENDING_NOT_USED,1,26,3,6,0,0,1,,high_quality_setup,STRENGTH_HOLD_CANDIDATE,1,0,0,0
TASK617|RKLB|20250515T151500Z|slot_decision_explanation,TASK617|RKLB|20250515T151500Z,RKLB,2025-05-19 14:30:00+00:00,2025-05-15 15:15:00+00:00,aerospace_defense_space,train_design,priority_candidate,setup=high_quality_setup|catalyst=guidance_margin_upgrade|price=price_confirmed_basic|theme=participating_theme|relation=company_price_confirmed_macro_secondary,capacity=slot_competition_very_high|same_entry_candidates=26|active_relations=0|risk=proxy_neutral|microstructure=SOURCE_PENDING_NOT_USED,1,26,2,2,0,0,1,,high_quality_setup,BASELINE_ALLOWED,1,0,0,0
TASK617|IBIT|20250515T153000Z|slot_decision_explanation,TASK617|IBIT|20250515T153000Z,IBIT,2025-05-19 14:30:00+00:00,2025-05-15 15:30:00+00:00,crypto_fintech,train_design,confirmation_required_candidate,setup=medium_quality_setup|catalyst=guidance_margin_upgrade|price=price_confirmed_basic|theme=persistent_leadership|relation=company_positive_confirmation_needed,capacity=slot_competition_very_high|same_entry_candidates=26|active_relations=0|risk=proxy_neutral|microstructure=SOURCE_PENDING_NOT_USED,1,26,2,17,0,0,1,,medium_quality_setup,BASELINE_ALLOWED,1,0,0,0
TASK617|ASML|20250515T153000Z|slot_decision_explanation,TASK617|ASML|20250515T153000Z,ASML,2025-05-19 14:30:00+00:00,2025-05-15 15:30:00+00:00,ai_semiconductors,train_design,confirmation_required_candidate,setup=medium_quality_setup|catalyst=guidance_margin_upgrade|price=price_confirmed_basic|theme=emerging_leadership|relation=company_positive_confirmation_needed,capacity=slot_competition_very_high|same_entry_candidates=26|active_relations=0|risk=proxy_neutral|microstructure=SOURCE_PENDING_NOT_USED,1,26,4,17,0,0,1,,medium_quality_setup,BASELINE_ALLOWED,1,0,0,0
TASK617|NET|20250515T153000Z|slot_decision_explanation,TASK617|NET|20250515T153000Z,NET,2025-05-19 14:30:00+00:00,2025-05-15 15:30:00+00:00,cybersecurity,train_design,confirmation_required_candidate,setup=medium_quality_setup|catalyst=guidance_margin_upgrade|price=price_confirmed_basic|theme=participating_theme|relation=company_positive_confirmation_needed,capacity=slot_competition_very_high|same_entry_candidates=26|active_relations=0|risk=proxy_neutral|microstructure=SOURCE_PENDING_NOT_USED,1,26,4,17,0,0,1,,medium_quality_setup,BASELINE_ALLOWED,1,0,0,0
TASK617|NVDA|20250515T153000Z|slot_decision_explanation,TASK617|NVDA|20250515T153000Z,NVDA,2025-05-19 14:30:00+00:00,2025-05-15 15:30:00+00:00,ai_semiconductors,train_design,confirmation_required_candidate,setup=medium_quality_setup|catalyst=guidance_margin_upgrade|price=price_confirmed_basic|theme=emerging_leadership|relation=company_positive_confirmation_needed,capacity=slot_competition_very_high|same_entry_candidates=26|active_relations=0|risk=proxy_neutral|microstructure=SOURCE_PENDING_NOT_USED,1,26,4,17,0,0,1,,medium_quality_setup,BASELINE_ALLOWED,1,0,0,0
TASK617|TSM|20250515T163000Z|slot_decision_explanation,TASK617|TSM|20250515T163000Z,TSM,2025-05-19 14:30:00+00:00,2025-05-15 16:30:00+00:00,ai_semiconductors,train_design,confirmation_required_candidate,setup=medium_quality_setup|catalyst=guidance_margin_upgrade|price=price_confirmed_basic|theme=emerging_leadership|relation=company_positive_confirmation_needed,capacity=slot_competition_very_high|same_entry_candidates=26|active_relations=0|risk=proxy_neutral|microstructure=SOURCE_PENDING_NOT_USED,1,26,4,17,0,0,1,,medium_quality_setup,BASELINE_ALLOWED,1,0,0,0
TASK617|GEV|20250515T171500Z|slot_decision_explanation,TASK617|GEV|20250515T171500Z,GEV,2025-05-19 14:30:00+00:00,2025-05-15 17:15:00+00:00,power_grid_electrification,train_design,priority_candidate,setup=high_quality_setup|catalyst=guidance_margin_upgrade|price=price_confirmed_basic|theme=persistent_leadership|relation=relation_reinforcing,capacity=slot_competition_very_high|same_entry_candidates=26|active_relations=0|risk=proxy_neutral|microstructure=SOURCE_PENDING_NOT_USED,1,26,3,6,0,0,1,,high_quality_setup,STRENGTH_HOLD_CANDIDATE,1,0,0,0
TASK617|PH|20250515T173000Z|slot_decision_explanation,TASK617|PH|20250515T173000Z,PH,2025-05-19 14:30:00+00:00,2025-05-15 17:30:00+00:00,industrial_automation_robotics,train_design,priority_candidate,setup=high_quality_setup|catalyst=guidance_margin_upgrade|price=price_confirmed_but_extended|theme=participating_theme|relation=relation_reinforcing,capacity=slot_competition_very_high|same_entry_candidates=26|active_relations=0|risk=extension_proxy|microstructure=SOURCE_PENDING_NOT_USED,1,26,4,6,0,0,1,,high_quality_setup,STRENGTH_HOLD_CANDIDATE,1,0,0,0
TASK617|PLTR|20250515T173000Z|slot_decision_explanation,TASK617|PLTR|20250515T173000Z,PLTR,2025-05-19 14:30:00+00:00,2025-05-15 17:30:00+00:00,data_devops_software,train_design,priority_candidate,setup=high_quality_setup|catalyst=guidance_margin_upgrade|price=price_confirmed_basic|theme=participating_theme|relation=relation_reinforcing,capacity=slot_competition_very_high|same_entry_candidates=26|active_relations=0|risk=proxy_neutral|microstructure=SOURCE_PENDING_NOT_USED,1,26,3,6,0,0,1,,high_quality_setup,STRENGTH_HOLD_CANDIDATE,1,0,0,0
TASK617|PWR|20250515T181500Z|slot_decision_explanation,TASK617|PWR|20250515T181500Z,PWR,2025-05-19 14:30:00+00:00,2025-05-15 18:15:00+00:00,power_grid_electrification,train_design,confirmation_required_candidate,setup=medium_quality_setup|catalyst=guidance_margin_upgrade|price=price_confirmed_basic|theme=persistent_leadership|relation=company_positive_confirmation_needed,capacity=slot_competition_very_high|same_entry_candidates=26|active_relations=0|risk=proxy_neutral|microstructure=SOURCE_PENDING_NOT_USED,1,26,3,17,0,0,1,,medium_quality_setup,BASELINE_ALLOWED,1,0,0,0
TASK617|HOOD|20250515T183000Z|slot_decision_explanation,TASK617|HOOD|20250515T183000Z,HOOD,2025-05-19 14:30:00+00:00,2025-05-15 18:30:00+00:00,crypto_fintech,train_design,confirmation_required_candidate,setup=medium_quality_setup|catalyst=guidance_margin_upgrade|price=price_confirmed_basic|theme=persistent_leadership|relation=company_positive_confirmation_needed,capacity=slot_competition_very_high|same_entry_candidates=26|active_relations=0|risk=proxy_neutral|microstructure=SOURCE_PENDING_NOT_USED,1,26,2,17,0,0,1,,medium_quality_setup,BASELINE_ALLOWED,1,0,0,0
TASK617|NVDA|20250519T133000Z|slot_decision_explanation,TASK617|NVDA|20250519T133000Z,NVDA,2025-05-21 14:30:00+00:00,2025-05-19 13:30:00+00:00,ai_semiconductors,train_design,confirmation_required_candidate,setup=medium_quality_setup|catalyst=guidance_margin_upgrade|price=price_confirmed_basic|theme=emerging_leadership|relation=company_positive_confirmation_needed,capacity=slot_competition_very_high|same_entry_candidates=34|active_relations=0|risk=proxy_neutral|microstructure=SOURCE_PENDING_NOT_USED,1,34,4,24,0,0,1,,medium_quality_setup,BASELINE_ALLOWED,1,0,0,0
TASK617|IR|20250519T133000Z|slot_decision_explanation,TASK617|IR|20250519T133000Z,IR,2025-05-21 14:30:00+00:00,2025-05-19 13:30:00+00:00,industrial_automation_robotics,train_design,confirmation_required_candidate,setup=medium_quality_setup|catalyst=guidance_margin_upgrade|price=price_confirmed_basic|theme=late_leadership|relation=company_positive_confirmation_needed,capacity=slot_competition_very_high|same_entry_candidates=34|active_relations=0|risk=proxy_neutral|microstructure=SOURCE_PENDING_NOT_USED,1,34,6,24,0,0,1,,medium_quality_setup,BASELINE_ALLOWED,1,0,0,0
TASK617|VRT|20250519T133000Z|slot_decision_explanation,TASK617|VRT|20250519T133000Z,VRT,2025-05-21 14:30:00+00:00,2025-05-19 13:30:00+00:00,power_grid_electrification,train_design,confirmation_required_candidate,setup=medium_quality_setup|catalyst=guidance_margin_upgrade|price=price_confirmed_basic|theme=persistent_leadership|relation=company_positive_confirmation_needed,capacity=slot_competition_very_high|same_entry_candidates=34|active_relations=0|risk=proxy_neutral|microstructure=SOURCE_PENDING_NOT_USED,1,34,6,24,0,0,1,,medium_quality_setup,BASELINE_ALLOWED,1,0,0,0
TASK617|VST|20250519T133000Z|slot_decision_explanation,TASK617|VST|20250519T133000Z,VST,2025-05-21 14:30:00+00:00,2025-05-19 13:30:00+00:00,power_grid_electrification,train_design,confirmation_required_candidate,setup=medium_quality_setup|catalyst=guidance_margin_upgrade|price=price_confirmed_basic|theme=persistent_leadership|relation=company_positive_confirmation_needed,capacity=slot_competition_very_high|same_entry_candidates=34|active_relations=0|risk=proxy_neutral|microstructure=SOURCE_PENDING_NOT_USED,1,34,6,24,0,0,1,,medium_quality_setup,BASELINE_ALLOWED,1,0,0,0
TASK617|ZS|20250519T133000Z|slot_decision_explanation,TASK617|ZS|20250519T133000Z,ZS,2025-05-21 14:30:00+00:00,2025-05-19 13:30:00+00:00,cybersecurity,train_design,confirmation_required_candidate,setup=medium_quality_setup|catalyst=guidance_margin_upgrade|price=price_confirmed_basic|theme=participating_theme|relation=company_positive_confirmation_needed,capacity=slot_competition_very_high|same_entry_candidates=34|active_relations=0|risk=proxy_neutral|microstructure=SOURCE_PENDING_NOT_USED,1,34,5,24,0,0,1,,medium_quality_setup,BASELINE_ALLOWED,1,0,0,0
TASK617|CEG|20250519T133000Z|slot_decision_explanation,TASK617|CEG|20250519T133000Z,CEG,2025-05-21 14:30:00+00:00,2025-05-19 13:30:00+00:00,power_grid_electrification,train_design,priority_candidate,setup=high_quality_setup|catalyst=guidance_margin_upgrade|price=price_confirmed_basic|theme=persistent_leadership|relation=relation_reinforcing,capacity=slot_competition_very_high|same_entry_candidates=34|active_relations=0|risk=proxy_neutral|microstructure=SOURCE_PENDING_NOT_USED,1,34,6,7,0,0,1,,high_quality_setup,STRENGTH_HOLD_CANDIDATE,1,0,0,0
TASK617|RKLB|20250519T133000Z|slot_decision_explanation,TASK617|RKLB|20250519T133000Z,RKLB,2025-05-21 14:30:00+00:00,2025-05-19 13:30:00+00:00,aerospace_defense_space,train_design,priority_candidate,setup=high_quality_setup|catalyst=guidance_margin_upgrade|price=price_confirmed_basic|theme=participating_theme|relation=company_price_confirmed_macro_secondary,capacity=slot_competition_very_high|same_entry_candidates=34|active_relations=0|risk=proxy_neutral|microstructure=SOURCE_PENDING_NOT_USED,1,34,3,3,0,0,1,,high_quality_setup,BASELINE_ALLOWED,1,0,0,0
TASK617|BA|20250519T133000Z|slot_decision_explanation,TASK617|BA|20250519T133000Z,BA,2025-05-21 14:30:00+00:00,2025-05-19 13:30:00+00:00,aerospace_defense_space,train_design,priority_candidate,setup=high_quality_setup|catalyst=guidance_margin_upgrade|price=price_confirmed_basic|theme=participating_theme|relation=company_price_confirmed_macro_secondary,capacity=slot_competition_very_high|same_entry_candidates=34|active_relations=0|risk=proxy_neutral|microstructure=SOURCE_PENDING_NOT_USED,1,34,3,3,0,0,1,,high_quality_setup,BASELINE_ALLOWED,1,0,0,0
TASK617|DDOG|20250519T133000Z|slot_decision_explanation,TASK617|DDOG|20250519T133000Z,DDOG,2025-05-21 14:30:00+00:00,2025-05-19 13:30:00+00:00,data_devops_software,train_design,priority_candidate,setup=high_quality_setup|catalyst=guidance_margin_upgrade|price=price_confirmed_basic|theme=participating_theme|relation=relation_reinforcing,capacity=slot_competition_very_high|same_entry_candidates=34|active_relations=0|risk=proxy_neutral|microstructure=SOURCE_PENDING_NOT_USED,1,34,2,7,0,0,1,,high_quality_setup,STRENGTH_HOLD_CANDIDATE,1,0,0,0
TASK617|TSM|20250519T133000Z|slot_decision_explanation,TASK617|TSM|20250519T133000Z,TSM,2025-05-21 14:30:00+00:00,2025-05-19 13:30:00+00:00,ai_semiconductors,train_design,confirmation_required_candidate,setup=medium_quality_setup|catalyst=guidance_margin_upgrade|price=price_confirmed_basic|theme=emerging_leadership|relation=company_positive_confirmation_needed,capacity=slot_competition_very_high|same_entry_candidates=34|active_relations=0|risk=proxy_neutral|microstructure=SOURCE_PENDING_NOT_USED,1,34,4,24,0,0,1,,medium_quality_setup,BASELINE_ALLOWED,1,0,0,0
TASK617|CRWD|20250519T133000Z|slot_decision_explanation,TASK617|CRWD|20250519T133000Z,CRWD,2025-05-21 14:30:00+00:00,2025-05-19 13:30:00+00:00,cybersecurity,train_design,confirmation_required_candidate,setup=medium_quality_setup|catalyst=guidance_margin_upgrade|price=price_confirmed_basic|theme=participating_theme|relation=company_positive_confirmation_needed,capacity=slot_competition_very_high|same_entry_candidates=34|active_relations=0|risk=proxy_neutral|microstructure=SOURCE_PENDING_NOT_USED,1,34,5,24,0,0,1,,medium_quality_setup,BASELINE_ALLOWED,1,0,0,0
TASK617|PANW|20250519T133000Z|slot_decision_explanation,TASK617|PANW|20250519T133000Z,PANW,2025-05-21 14:30:00+00:00,2025-05-19 13:30:00+00:00,cybersecurity,train_design,confirmation_required_candidate,setup=medium_quality_setup|catalyst=guidance_margin_upgrade|price=price_confirmed_but_extended|theme=participating_theme|relation=company_positive_confirmation_needed,capacity=slot_competition_very_high|same_entry_candidates=34|active_relations=0|risk=extension_proxy|microstructure=SOURCE_PENDING_NOT_USED,1,34,5,24,0,0,1,,medium_quality_setup,BASELINE_ALLOWED,1,0,0,0
TASK617|GE|20250519T133000Z|slot_decision_explanation,TASK617|GE|20250519T133000Z,GE,2025-05-21 14:30:00+00:00,2025-05-19 13:30:00+00:00,industrial_automation_robotics,train_design,priority_candidate,setup=high_quality_setup|catalyst=guidance_margin_upgrade|price=price_confirmed_basic|theme=late_leadership|relation=relation_reinforcing,capacity=slot_competition_very_high|same_entry_candidates=34|active_relations=0|risk=proxy_neutral|microstructure=SOURCE_PENDING_NOT_USED,1,34,6,7,0,0,1,,high_quality_setup,STRENGTH_HOLD_CANDIDATE,1,0,0,0
TASK617|GEV|20250519T133000Z|slot_decision_explanation,TASK617|GEV|20250519T133000Z,GEV,2025-05-21 14:30:00+00:00,2025-05-19 13:30:00+00:00,power_grid_electrification,train_design,priority_candidate,setup=high_quality_setup|catalyst=guidance_margin_upgrade|price=price_confirmed_basic|theme=persistent_leadership|relation=relation_reinforcing,capacity=slot_competition_very_high|same_entry_candidates=34|active_relations=0|risk=proxy_neutral|microstructure=SOURCE_PENDING_NOT_USED,1,34,6,7,0,0,1,,high_quality_setup,STRENGTH_HOLD_CANDIDATE,1,0,0,0
TASK617|IBIT|20250519T133000Z|slot_decision_explanation,TASK617|IBIT|20250519T133000Z,IBIT,2025-05-21 14:30:00+00:00,2025-05-19 13:30:00+00:00,crypto_fintech,train_design,confirmation_required_candidate,setup=medium_quality_setup|catalyst=guidance_margin_upgrade|price=price_confirmed_but_extended|theme=persistent_leadership|relation=company_positive_confirmation_needed,capacity=slot_competition_very_high|same_entry_candidates=34|active_relations=0|risk=extension_proxy|microstructure=SOURCE_PENDING_NOT_USED,1,34,3,24,0,0,1,,medium_quality_setup,BASELINE_ALLOWED,1,0,0,0
TASK617|PWR|20250519T133000Z|slot_decision_explanation,TASK617|PWR|20250519T133000Z,PWR,2025-05-21 14:30:00+00:00,2025-05-19 13:30:00+00:00,power_grid_electrification,train_design,confirmation_required_candidate,setup=medium_quality_setup|catalyst=guidance_margin_upgrade|price=price_confirmed_basic|theme=persistent_leadership|relation=company_positive_confirmation_needed,capacity=slot_competition_very_high|same_entry_candidates=34|active_relations=0|risk=proxy_neutral|microstructure=SOURCE_PENDING_NOT_USED,1,34,6,24,0,0,1,,medium_quality_setup,BASELINE_ALLOWED,1,0,0,0
TASK617|ROK|20250519T133000Z|slot_decision_explanation,TASK617|ROK|20250519T133000Z,ROK,2025-05-21 14:30:00+00:00,2025-05-19 13:30:00+00:00,industrial_automation_robotics,train_design,priority_candidate,setup=high_quality_setup|catalyst=guidance_margin_upgrade|price=price_confirmed_but_extended|theme=late_leadership|relation=relation_reinforcing,capacity=slot_competition_very_high|same_entry_candidates=34|active_relations=0|risk=extension_proxy|microstructure=SOURCE_PENDING_NOT_USED,1,34,6,7,0,0,1,,high_quality_setup,STRENGTH_HOLD_CANDIDATE,1,0,0,0
TASK617|MSFT|20250519T133000Z|slot_decision_explanation,TASK617|MSFT|20250519T133000Z,MSFT,2025-05-21 14:30:00+00:00,2025-05-19 13:30:00+00:00,cloud_ai_platforms,train_design,confirmation_required_candidate,setup=medium_quality_setup|catalyst=guidance_margin_upgrade|price=price_confirmed_basic|theme=participating_theme|relation=company_positive_confirmation_needed,capacity=slot_competition_very_high|same_entry_candidates=34|active_relations=0|risk=proxy_neutral|microstructure=SOURCE_PENDING_NOT_USED,1,34,1,24,0,0,1,,medium_quality_setup,BASELINE_ALLOWED,1,0,0,0
TASK617|OKTA|20250519T133000Z|slot_decision_explanation,TASK617|OKTA|20250519T133000Z,OKTA,2025-05-21 14:30:00+00:00,2025-05-19 13:30:00+00:00,cybersecurity,train_design,confirmation_required_candidate,setup=medium_quality_setup|catalyst=guidance_margin_upgrade|price=price_confirmed_basic|theme=participating_theme|relation=company_positive_confirmation_needed,capacity=slot_competition_very_high|same_entry_candidates=34|active_relations=0|risk=proxy_neutral|microstructure=SOURCE_PENDING_NOT_USED,1,34,5,24,0,0,1,,medium_quality_setup,BASELINE_ALLOWED,1,0,0,0
TASK617|AVGO|20250519T133000Z|slot_decision_explanation,TASK617|AVGO|20250519T133000Z,AVGO,2025-05-21 14:30:00+00:00,2025-05-19 13:30:00+00:00,ai_semiconductors,train_design,confirmation_required_candidate,setup=medium_quality_setup|catalyst=guidance_margin_upgrade|price=price_confirmed_basic|theme=emerging_leadership|relation=company_positive_confirmation_needed,capacity=slot_competition_very_high|same_entry_candidates=34|active_relations=0|risk=proxy_neutral|microstructure=SOURCE_PENDING_NOT_USED,1,34,4,24,0,0,1,,medium_quality_setup,BASELINE_ALLOWED,1,0,0,0
TASK617|HOOD|20250519T133000Z|slot_decision_explanation,TASK617|HOOD|20250519T133000Z,HOOD,2025-05-21 14:30:00+00:00,2025-05-19 13:30:00+00:00,crypto_fintech,train_design,confirmation_required_candidate,setup=medium_quality_setup|catalyst=guidance_margin_upgrade|price=price_confirmed_basic|theme=persistent_leadership|relation=company_positive_confirmation_needed,capacity=slot_competition_very_high|same_entry_candidates=34|active_relations=0|risk=proxy_neutral|microstructure=SOURCE_PENDING_NOT_USED,1,34,3,24,0,0,1,,medium_quality_setup,BASELINE_ALLOWED,1,0,0,0
TASK617|EMR|20250519T134500Z|slot_decision_explanation,TASK617|EMR|20250519T134500Z,EMR,2025-05-21 14:30:00+00:00,2025-05-19 13:45:00+00:00,industrial_automation_robotics,train_design,confirmation_required_candidate,setup=medium_quality_setup|catalyst=guidance_margin_upgrade|price=price_confirmed_basic|theme=late_leadership|relation=company_positive_confirmation_needed,capacity=slot_competition_very_high|same_entry_candidates=34|active_relations=0|risk=proxy_neutral|microstructure=SOURCE_PENDING_NOT_USED,1,34,6,24,0,0,1,,medium_quality_setup,BASELINE_ALLOWED,1,0,0,0
TASK617|RTX|20250519T134500Z|slot_decision_explanation,TASK617|RTX|20250519T134500Z,RTX,2025-05-21 14:30:00+00:00,2025-05-19 13:45:00+00:00,aerospace_defense_space,train_design,priority_candidate,setup=high_quality_setup|catalyst=guidance_margin_upgrade|price=price_confirmed_basic|theme=participating_theme|relation=company_price_confirmed_macro_secondary,capacity=slot_competition_very_high|same_entry_candidates=34|active_relations=0|risk=proxy_neutral|microstructure=SOURCE_PENDING_NOT_USED,1,34,3,3,0,0,1,,high_quality_setup,BASELINE_ALLOWED,1,0,0,0
TASK617|SNOW|20250519T134500Z|slot_decision_explanation,TASK617|SNOW|20250519T134500Z,SNOW,2025-05-21 14:30:00+00:00,2025-05-19 13:45:00+00:00,data_devops_software,train_design,priority_candidate,setup=high_quality_setup|catalyst=contract_customer_backlog|price=price_confirmed_basic|theme=participating_theme|relation=relation_reinforcing,capacity=slot_competition_very_high|same_entry_candidates=34|active_relations=0|risk=proxy_neutral|microstructure=SOURCE_PENDING_NOT_USED,1,34,2,7,0,0,1,,high_quality_setup,STRENGTH_HOLD_CANDIDATE,1,0,0,0
TASK617|ETN|20250519T134500Z|slot_decision_explanation,TASK617|ETN|20250519T134500Z,ETN,2025-05-21 14:30:00+00:00,2025-05-19 13:45:00+00:00,power_grid_electrification,train_design,confirmation_required_candidate,setup=medium_quality_setup|catalyst=guidance_margin_upgrade|price=price_confirmed_basic|theme=persistent_leadership|relation=company_positive_confirmation_needed,capacity=slot_competition_very_high|same_entry_candidates=34|active_relations=0|risk=proxy_neutral|microstructure=SOURCE_PENDING_NOT_USED,1,34,6,24,0,0,1,,medium_quality_setup,BASELINE_ALLOWED,1,0,0,0
TASK617|TSLA|20250519T134500Z|slot_decision_explanation,TASK617|TSLA|20250519T134500Z,TSLA,2025-05-21 14:30:00+00:00,2025-05-19 13:45:00+00:00,ev_autonomy_mobility,train_design,confirmation_required_candidate,setup=medium_quality_setup|catalyst=guidance_margin_upgrade|price=price_confirmed_basic|theme=participating_theme|relation=company_positive_confirmation_needed,capacity=slot_competition_very_high|same_entry_candidates=34|active_relations=0|risk=proxy_neutral|microstructure=SOURCE_PENDING_NOT_USED,1,34,4,24,0,0,1,,medium_quality_setup,BASELINE_ALLOWED,1,0,0,0
TASK617|RIVN|20250519T134500Z|slot_decision_explanation,TASK617|RIVN|20250519T134500Z,RIVN,2025-05-21 14:30:00+00:00,2025-05-19 13:45:00+00:00,ev_autonomy_mobility,train_design,confirmation_required_candidate,setup=medium_quality_setup|catalyst=guidance_margin_upgrade|price=price_confirmed_basic|theme=participating_theme|relation=company_positive_confirmation_needed,capacity=slot_competition_very_high|same_entry_candidates=34|active_relations=0|risk=proxy_neutral|microstructure=SOURCE_PENDING_NOT_USED,1,34,4,24,0,0,1,,medium_quality_setup,BASELINE_ALLOWED,1,0,0,0
TASK617|PH|20250519T134500Z|slot_decision_explanation,TASK617|PH|20250519T134500Z,PH,2025-05-21 14:30:00+00:00,2025-05-19 13:45:00+00:00,industrial_automation_robotics,train_design,priority_candidate,setup=high_quality_setup|catalyst=guidance_margin_upgrade|price=price_confirmed_basic|theme=late_leadership|relation=relation_reinforcing,capacity=slot_competition_very_high|same_entry_candidates=34|active_relations=0|risk=proxy_neutral|microstructure=SOURCE_PENDING_NOT_USED,1,34,6,7,0,0,1,,high_quality_setup,STRENGTH_HOLD_CANDIDATE,1,0,0,0
TASK617|HON|20250519T134500Z|slot_decision_explanation,TASK617|HON|20250519T134500Z,HON,2025-05-21 14:30:00+00:00,2025-05-19 13:45:00+00:00,industrial_automation_robotics,train_design,confirmation_required_candidate,setup=medium_quality_setup|catalyst=guidance_margin_upgrade|price=price_confirmed_but_extended|theme=late_leadership|relation=company_positive_confirmation_needed,capacity=slot_competition_very_high|same_entry_candidates=34|active_relations=0|risk=extension_proxy|microstructure=SOURCE_PENDING_NOT_USED,1,34,6,24,0,0,1,,medium_quality_setup,BASELINE_ALLOWED,1,0,0,0
TASK617|UBER|20250519T140000Z|slot_decision_explanation,TASK617|UBER|20250519T140000Z,UBER,2025-05-21 14:30:00+00:00,2025-05-19 14:00:00+00:00,ev_autonomy_mobility,train_design,confirmation_required_candidate,setup=medium_quality_setup|catalyst=guidance_margin_upgrade|price=price_confirmed_basic|theme=participating_theme|relation=company_positive_confirmation_needed,capacity=slot_competition_very_high|same_entry_candidates=34|active_relations=0|risk=proxy_neutral|microstructure=SOURCE_PENDING_NOT_USED,1,34,4,24,0,0,1,,medium_quality_setup,BASELINE_ALLOWED,1,0,0,0
TASK617|NET|20250519T143000Z|slot_decision_explanation,TASK617|NET|20250519T143000Z,NET,2025-05-21 14:30:00+00:00,2025-05-19 14:30:00+00:00,cybersecurity,train_design,confirmation_required_candidate,setup=medium_quality_setup|catalyst=guidance_margin_upgrade|price=price_confirmed_basic|theme=participating_theme|relation=company_positive_confirmation_needed,capacity=slot_competition_very_high|same_entry_candidates=34|active_relations=0|risk=proxy_neutral|microstructure=SOURCE_PENDING_NOT_USED,1,34,5,24,0,0,1,,medium_quality_setup,BASELINE_ALLOWED,1,0,0,0
TASK617|F|20250519T143000Z|slot_decision_explanation,TASK617|F|20250519T143000Z,F,2025-05-21 14:30:00+00:00,2025-05-19 14:30:00+00:00,ev_autonomy_mobility,train_design,confirmation_required_candidate,setup=medium_quality_setup|catalyst=guidance_margin_upgrade|price=price_confirmed_basic|theme=participating_theme|relation=company_positive_confirmation_needed,capacity=slot_competition_very_high|same_entry_candidates=34|active_relations=0|risk=proxy_neutral|microstructure=SOURCE_PENDING_NOT_USED,1,34,4,24,0,0,1,,medium_quality_setup,BASELINE_ALLOWED,1,0,0,0
TASK617|ASML|20250519T144500Z|slot_decision_explanation,TASK617|ASML|20250519T144500Z,ASML,2025-05-21 14:30:00+00:00,2025-05-19 14:45:00+00:00,ai_semiconductors,train_design,confirmation_required_candidate,setup=medium_quality_setup|catalyst=guidance_margin_upgrade|price=price_confirmed_basic|theme=emerging_leadership|relation=company_positive_confirmation_needed,capacity=slot_competition_very_high|same_entry_candidates=34|active_relations=0|risk=proxy_neutral|microstructure=SOURCE_PENDING_NOT_USED,1,34,4,24,0,0,1,,medium_quality_setup,BASELINE_ALLOWED,1,0,0,0
TASK617|MSTR|20250519T144500Z|slot_decision_explanation,TASK617|MSTR|20250519T144500Z,MSTR,2025-05-21 14:30:00+00:00,2025-05-19 14:45:00+00:00,crypto_fintech,train_design,confirmation_required_candidate,setup=medium_quality_setup|catalyst=guidance_margin_upgrade|price=price_confirmed_basic|theme=persistent_leadership|relation=company_positive_confirmation_needed,capacity=slot_competition_very_high|same_entry_candidates=34|active_relations=0|risk=proxy_neutral|microstructure=SOURCE_PENDING_NOT_USED,1,34,3,24,0,0,1,,medium_quality_setup,BASELINE_ALLOWED,1,0,0,0
TASK617|SNOW|20250521T134500Z|slot_decision_explanation,TASK617|SNOW|20250521T134500Z,SNOW,2025-05-23 14:30:00+00:00,2025-05-21 13:45:00+00:00,data_devops_software,train_design,priority_candidate,setup=high_quality_setup|catalyst=contract_customer_backlog|price=price_confirmed_basic|theme=participating_theme|relation=relation_reinforcing,capacity=slot_competition_low|same_entry_candidates=1|active_relations=0|risk=high_liquidity_momentum_proxy|microstructure=SOURCE_PENDING_NOT_USED,0,1,1,1,0,0,1,,high_quality_setup,STRENGTH_HOLD_CANDIDATE,1,0,0,0
TASK617|SNOW|20250522T150000Z|slot_decision_explanation,TASK617|SNOW|20250522T150000Z,SNOW,2025-05-27 14:30:00+00:00,2025-05-22 15:00:00+00:00,data_devops_software,train_design,normal_candidate,setup=research_only_setup|catalyst=contract_customer_backlog|price=price_confirmed_but_extended|theme=participating_theme|relation=relation_sparse_research_only,capacity=slot_competition_low|same_entry_candidates=1|active_relations=0|risk=extension_proxy|microstructure=SOURCE_PENDING_NOT_USED,0,1,1,1,0,0,1,,research_only_setup,RESEARCH_ONLY,1,0,0,0
TASK617|GE|20250527T133000Z|slot_decision_explanation,TASK617|GE|20250527T133000Z,GE,2025-05-29 14:30:00+00:00,2025-05-27 13:30:00+00:00,industrial_automation_robotics,train_design,normal_candidate,setup=research_only_setup|catalyst=contract_customer_backlog|price=price_confirmed_but_extended|theme=emerging_leadership|relation=relation_sparse_research_only,capacity=slot_competition_very_high|same_entry_candidates=32|active_relations=0|risk=extension_proxy|microstructure=SOURCE_PENDING_NOT_USED,1,32,6,25,0,0,1,,research_only_setup,RESEARCH_ONLY,1,0,0,0
TASK617|ARM|20250527T133000Z|slot_decision_explanation,TASK617|ARM|20250527T133000Z,ARM,2025-05-29 14:30:00+00:00,2025-05-27 13:30:00+00:00,ai_semiconductors,train_design,normal_candidate,setup=research_only_setup|catalyst=contract_customer_backlog|price=price_confirmed_basic|theme=persistent_leadership|relation=relation_sparse_research_only,capacity=slot_competition_very_high|same_entry_candidates=32|active_relations=0|risk=proxy_neutral|microstructure=SOURCE_PENDING_NOT_USED,1,32,5,25,0,0,1,,research_only_setup,RESEARCH_ONLY,1,0,0,0
TASK617|PYPL|20250527T133000Z|slot_decision_explanation,TASK617|PYPL|20250527T133000Z,PYPL,2025-05-29 14:30:00+00:00,2025-05-27 13:30:00+00:00,crypto_fintech,train_design,normal_candidate,setup=research_only_setup|catalyst=contract_customer_backlog|price=price_confirmed_basic|theme=participating_theme|relation=relation_sparse_research_only,capacity=slot_competition_very_high|same_entry_candidates=32|active_relations=0|risk=proxy_neutral|microstructure=SOURCE_PENDING_NOT_USED,1,32,2,25,0,0,1,,research_only_setup,RESEARCH_ONLY,1,0,0,0
TASK617|VRT|20250527T133000Z|slot_decision_explanation,TASK617|VRT|20250527T133000Z,VRT,2025-05-29 14:30:00+00:00,2025-05-27 13:30:00+00:00,power_grid_electrification,train_design,priority_candidate,setup=high_quality_setup|catalyst=contract_customer_backlog|price=price_confirmed_but_extended|theme=persistent_leadership|relation=relation_offsetting,capacity=slot_competition_very_high|same_entry_candidates=32|active_relations=0|risk=extension_proxy|microstructure=SOURCE_PENDING_NOT_USED,1,32,6,6,0,0,1,,high_quality_setup,REDUCE_DURATION,1,0,0,0
TASK617|ASML|20250527T133000Z|slot_decision_explanation,TASK617|ASML|20250527T133000Z,ASML,2025-05-29 14:30:00+00:00,2025-05-27 13:30:00+00:00,ai_semiconductors,train_design,normal_candidate,setup=research_only_setup|catalyst=contract_customer_backlog|price=price_confirmed_but_extended|theme=persistent_leadership|relation=relation_sparse_research_only,capacity=slot_competition_very_high|same_entry_candidates=32|active_relations=0|risk=extension_proxy|microstructure=SOURCE_PENDING_NOT_USED,1,32,5,25,0,0,1,,research_only_setup,RESEARCH_ONLY,1,0,0,0
TASK617|CRWD|20250527T133000Z|slot_decision_explanation,TASK617|CRWD|20250527T133000Z,CRWD,2025-05-29 14:30:00+00:00,2025-05-27 13:30:00+00:00,cybersecurity,train_design,normal_candidate,setup=research_only_setup|catalyst=contract_customer_backlog|price=price_confirmed_basic|theme=participating_theme|relation=relation_sparse_research_only,capacity=slot_competition_very_high|same_entry_candidates=32|active_relations=0|risk=proxy_neutral|microstructure=SOURCE_PENDING_NOT_USED,1,32,4,25,0,0,1,,research_only_setup,RESEARCH_ONLY,1,0,0,0
TASK617|SNOW|20250527T133000Z|slot_decision_explanation,TASK617|SNOW|20250527T133000Z,SNOW,2025-05-29 14:30:00+00:00,2025-05-27 13:30:00+00:00,data_devops_software,train_design,normal_candidate,setup=research_only_setup|catalyst=contract_customer_backlog|price=price_confirmed_but_extended|theme=participating_theme|relation=relation_sparse_research_only,capacity=slot_competition_very_high|same_entry_candidates=32|active_relations=0|risk=extension_proxy|microstructure=SOURCE_PENDING_NOT_USED,1,32,2,25,0,0,1,,research_only_setup,RESEARCH_ONLY,1,0,0,0
TASK617|GEV|20250527T133000Z|slot_decision_explanation,TASK617|GEV|20250527T133000Z,GEV,2025-05-29 14:30:00+00:00,2025-05-27 13:30:00+00:00,power_grid_electrification,train_design,priority_candidate,setup=high_quality_setup|catalyst=contract_customer_backlog|price=price_confirmed_basic|theme=persistent_leadership|relation=relation_offsetting,capacity=slot_competition_very_high|same_entry_candidates=32|active_relations=0|risk=proxy_neutral|microstructure=SOURCE_PENDING_NOT_USED,1,32,6,6,0,0,1,,high_quality_setup,REDUCE_DURATION,1,0,0,0
TASK617|ETN|20250527T133000Z|slot_decision_explanation,TASK617|ETN|20250527T133000Z,ETN,2025-05-29 14:30:00+00:00,2025-05-27 13:30:00+00:00,power_grid_electrification,train_design,priority_candidate,setup=high_quality_setup|catalyst=contract_customer_backlog|price=price_confirmed_basic|theme=persistent_leadership|relation=relation_offsetting,capacity=slot_competition_very_high|same_entry_candidates=32|active_relations=0|risk=proxy_neutral|microstructure=SOURCE_PENDING_NOT_USED,1,32,6,6,0,0,1,,high_quality_setup,REDUCE_DURATION,1,0,0,0
TASK617|ZS|20250527T134500Z|slot_decision_explanation,TASK617|ZS|20250527T134500Z,ZS,2025-05-29 14:30:00+00:00,2025-05-27 13:45:00+00:00,cybersecurity,train_design,normal_candidate,setup=research_only_setup|catalyst=contract_customer_backlog|price=price_confirmed_basic|theme=participating_theme|relation=relation_sparse_research_only,capacity=slot_competition_very_high|same_entry_candidates=32|active_relations=0|risk=proxy_neutral|microstructure=SOURCE_PENDING_NOT_USED,1,32,4,25,0,0,1,,research_only_setup,RESEARCH_ONLY,1,0,0,0
TASK617|ORCL|20250527T134500Z|slot_decision_explanation,TASK617|ORCL|20250527T134500Z,ORCL,2025-05-29 14:30:00+00:00,2025-05-27 13:45:00+00:00,cloud_ai_platforms,train_design,normal_candidate,setup=research_only_setup|catalyst=contract_customer_backlog|price=price_confirmed_basic|theme=participating_theme|relation=relation_sparse_research_only,capacity=slot_competition_very_high|same_entry_candidates=32|active_relations=0|risk=proxy_neutral|microstructure=SOURCE_PENDING_NOT_USED,1,32,4,25,0,0,1,,research_only_setup,RESEARCH_ONLY,1,0,0,0
TASK617|GOOGL|20250527T134500Z|slot_decision_explanation,TASK617|GOOGL|20250527T134500Z,GOOGL,2025-05-29 14:30:00+00:00,2025-05-27 13:45:00+00:00,cloud_ai_platforms,train_design,normal_candidate,setup=research_only_setup|catalyst=contract_customer_backlog|price=price_confirmed_basic|theme=participating_theme|relation=relation_sparse_research_only,capacity=slot_competition_very_high|same_entry_candidates=32|active_relations=0|risk=proxy_neutral|microstructure=SOURCE_PENDING_NOT_USED,1,32,4,25,0,0,1,,research_only_setup,RESEARCH_ONLY,1,0,0,0
TASK617|RKLB|20250527T134500Z|slot_decision_explanation,TASK617|RKLB|20250527T134500Z,RKLB,2025-05-29 14:30:00+00:00,2025-05-27 13:45:00+00:00,aerospace_defense_space,train_design,priority_candidate,setup=high_quality_setup|catalyst=contract_customer_backlog|price=price_confirmed_but_extended|theme=participating_theme|relation=company_price_confirmed_macro_secondary,capacity=slot_competition_very_high|same_entry_candidates=32|active_relations=0|risk=extension_proxy|microstructure=SOURCE_PENDING_NOT_USED,1,32,1,1,0,0,1,,high_quality_setup,BASELINE_ALLOWED,1,0,0,0
TASK617|HOOD|20250527T134500Z|slot_decision_explanation,TASK617|HOOD|20250527T134500Z,HOOD,2025-05-29 14:30:00+00:00,2025-05-27 13:45:00+00:00,crypto_fintech,train_design,normal_candidate,setup=research_only_setup|catalyst=contract_customer_backlog|price=price_confirmed_basic|theme=participating_theme|relation=relation_sparse_research_only,capacity=slot_competition_very_high|same_entry_candidates=32|active_relations=0|risk=proxy_neutral|microstructure=SOURCE_PENDING_NOT_USED,1,32,2,25,0,0,1,,research_only_setup,RESEARCH_ONLY,1,0,0,0
TASK617|AVGO|20250527T134500Z|slot_decision_explanation,TASK617|AVGO|20250527T134500Z,AVGO,2025-05-29 14:30:00+00:00,2025-05-27 13:45:00+00:00,ai_semiconductors,train_design,normal_candidate,setup=research_only_setup|catalyst=contract_customer_backlog|price=price_confirmed_but_extended|theme=persistent_leadership|relation=relation_sparse_research_only,capacity=slot_competition_very_high|same_entry_candidates=32|active_relations=0|risk=extension_proxy|microstructure=SOURCE_PENDING_NOT_USED,1,32,5,25,0,0,1,,research_only_setup,RESEARCH_ONLY,1,0,0,0
TASK617|NET|20250527T134500Z|slot_decision_explanation,TASK617|NET|20250527T134500Z,NET,2025-05-29 14:30:00+00:00,2025-05-27 13:45:00+00:00,cybersecurity,train_design,normal_candidate,setup=research_only_setup|catalyst=contract_customer_backlog|price=price_confirmed_basic|theme=participating_theme|relation=relation_sparse_research_only,capacity=slot_competition_very_high|same_entry_candidates=32|active_relations=0|risk=proxy_neutral|microstructure=SOURCE_PENDING_NOT_USED,1,32,4,25,0,0,1,,research_only_setup,RESEARCH_ONLY,1,0,0,0
TASK617|TSM|20250527T134500Z|slot_decision_explanation,TASK617|TSM|20250527T134500Z,TSM,2025-05-29 14:30:00+00:00,2025-05-27 13:45:00+00:00,ai_semiconductors,train_design,normal_candidate,setup=research_only_setup|catalyst=contract_customer_backlog|price=price_confirmed_basic|theme=persistent_leadership|relation=relation_sparse_research_only,capacity=slot_competition_very_high|same_entry_candidates=32|active_relations=0|risk=proxy_neutral|microstructure=SOURCE_PENDING_NOT_USED,1,32,5,25,0,0,1,,research_only_setup,RESEARCH_ONLY,1,0,0,0
TASK617|TSLA|20250527T140000Z|slot_decision_explanation,TASK617|TSLA|20250527T140000Z,TSLA,2025-05-29 14:30:00+00:00,2025-05-27 14:00:00+00:00,ev_autonomy_mobility,train_design,normal_candidate,setup=research_only_setup|catalyst=contract_customer_backlog|price=price_confirmed_basic|theme=participating_theme|relation=relation_sparse_research_only,capacity=slot_competition_very_high|same_entry_candidates=32|active_relations=0|risk=proxy_neutral|microstructure=SOURCE_PENDING_NOT_USED,1,32,2,25,0,0,1,,research_only_setup,RESEARCH_ONLY,1,0,0,0
TASK617|NVDA|20250527T140000Z|slot_decision_explanation,TASK617|NVDA|20250527T140000Z,NVDA,2025-05-29 14:30:00+00:00,2025-05-27 14:00:00+00:00,ai_semiconductors,train_design,normal_candidate,setup=research_only_setup|catalyst=contract_customer_backlog|price=price_confirmed_basic|theme=persistent_leadership|relation=relation_sparse_research_only,capacity=slot_competition_very_high|same_entry_candidates=32|active_relations=0|risk=proxy_neutral|microstructure=SOURCE_PENDING_NOT_USED,1,32,5,25,0,0,1,,research_only_setup,RESEARCH_ONLY,1,0,0,0
TASK617|CEG|20250527T140000Z|slot_decision_explanation,TASK617|CEG|20250527T140000Z,CEG,2025-05-29 14:30:00+00:00,2025-05-27 14:00:00+00:00,power_grid_electrification,train_design,priority_candidate,setup=high_quality_setup|catalyst=contract_customer_backlog|price=price_confirmed_but_extended|theme=persistent_leadership|relation=relation_offsetting,capacity=slot_competition_very_high|same_entry_candidates=32|active_relations=0|risk=extension_proxy|microstructure=SOURCE_PENDING_NOT_USED,1,32,6,6,0,0,1,,high_quality_setup,REDUCE_DURATION,1,0,0,0
TASK617|AMZN|20250527T140000Z|slot_decision_explanation,TASK617|AMZN|20250527T140000Z,AMZN,2025-05-29 14:30:00+00:00,2025-05-27 14:00:00+00:00,cloud_ai_platforms,train_design,normal_candidate,setup=research_only_setup|catalyst=contract_customer_backlog|price=price_confirmed_basic|theme=participating_theme|relation=relation_sparse_research_only,capacity=slot_competition_very_high|same_entry_candidates=32|active_relations=0|risk=proxy_neutral|microstructure=SOURCE_PENDING_NOT_USED,1,32,4,25,0,0,1,,research_only_setup,RESEARCH_ONLY,1,0,0,0
TASK617|DDOG|20250527T140000Z|slot_decision_explanation,TASK617|DDOG|20250527T140000Z,DDOG,2025-05-29 14:30:00+00:00,2025-05-27 14:00:00+00:00,data_devops_software,train_design,normal_candidate,setup=research_only_setup|catalyst=contract_customer_backlog|price=price_confirmed_basic|theme=participating_theme|relation=relation_sparse_research_only,capacity=slot_competition_very_high|same_entry_candidates=32|active_relations=0|risk=proxy_neutral|microstructure=SOURCE_PENDING_NOT_USED,1,32,2,25,0,0,1,,research_only_setup,RESEARCH_ONLY,1,0,0,0
TASK617|ROK|20250527T141500Z|slot_decision_explanation,TASK617|ROK|20250527T141500Z,ROK,2025-05-29 14:30:00+00:00,2025-05-27 14:15:00+00:00,industrial_automation_robotics,train_design,normal_candidate,setup=research_only_setup|catalyst=contract_customer_backlog|price=price_confirmed_basic|theme=emerging_leadership|relation=relation_sparse_research_only,capacity=slot_competition_very_high|same_entry_candidates=32|active_relations=0|risk=proxy_neutral|microstructure=SOURCE_PENDING_NOT_USED,1,32,6,25,0,0,1,,research_only_setup,RESEARCH_ONLY,1,0,0,0
TASK617|PWR|20250527T141500Z|slot_decision_explanation,TASK617|PWR|20250527T141500Z,PWR,2025-05-29 14:30:00+00:00,2025-05-27 14:15:00+00:00,power_grid_electrification,train_design,priority_candidate,setup=high_quality_setup|catalyst=contract_customer_backlog|price=price_confirmed_basic|theme=persistent_leadership|relation=relation_offsetting,capacity=slot_competition_very_high|same_entry_candidates=32|active_relations=0|risk=proxy_neutral|microstructure=SOURCE_PENDING_NOT_USED,1,32,6,6,0,0,1,,high_quality_setup,REDUCE_DURATION,1,0,0,0
TASK617|PH|20250527T141500Z|slot_decision_explanation,TASK617|PH|20250527T141500Z,PH,2025-05-29 14:30:00+00:00,2025-05-27 14:15:00+00:00,industrial_automation_robotics,train_design,normal_candidate,setup=research_only_setup|catalyst=contract_customer_backlog|price=price_confirmed_basic|theme=emerging_leadership|relation=relation_sparse_research_only,capacity=slot_competition_very_high|same_entry_candidates=32|active_relations=0|risk=proxy_neutral|microstructure=SOURCE_PENDING_NOT_USED,1,32,6,25,0,0,1,,research_only_setup,RESEARCH_ONLY,1,0,0,0
TASK617|IR|20250527T143000Z|slot_decision_explanation,TASK617|IR|20250527T143000Z,IR,2025-05-29 14:30:00+00:00,2025-05-27 14:30:00+00:00,industrial_automation_robotics,train_design,normal_candidate,setup=research_only_setup|catalyst=contract_customer_backlog|price=price_confirmed_basic|theme=emerging_leadership|relation=relation_sparse_research_only,capacity=slot_competition_very_high|same_entry_candidates=32|active_relations=0|risk=proxy_neutral|microstructure=SOURCE_PENDING_NOT_USED,1,32,6,25,0,0,1,,research_only_setup,RESEARCH_ONLY,1,0,0,0
TASK617|S|20250527T143000Z|slot_decision_explanation,TASK617|S|20250527T143000Z,S,2025-05-29 14:30:00+00:00,2025-05-27 14:30:00+00:00,cybersecurity,train_design,normal_candidate,setup=research_only_setup|catalyst=contract_customer_backlog|price=price_confirmed_basic|theme=participating_theme|relation=relation_sparse_research_only,capacity=slot_competition_very_high|same_entry_candidates=32|active_relations=0|risk=proxy_neutral|microstructure=SOURCE_PENDING_NOT_USED,1,32,4,25,0,0,1,,research_only_setup,RESEARCH_ONLY,1,0,0,0
TASK617|UBER|20250527T143000Z|slot_decision_explanation,TASK617|UBER|20250527T143000Z,UBER,2025-05-29 14:30:00+00:00,2025-05-27 14:30:00+00:00,ev_autonomy_mobility,train_design,normal_candidate,setup=research_only_setup|catalyst=contract_customer_backlog|price=price_confirmed_basic|theme=participating_theme|relation=relation_sparse_research_only,capacity=slot_competition_very_high|same_entry_candidates=32|active_relations=0|risk=proxy_neutral|microstructure=SOURCE_PENDING_NOT_USED,1,32,2,25,0,0,1,,research_only_setup,RESEARCH_ONLY,1,0,0,0
TASK617|EMR|20250527T150000Z|slot_decision_explanation,TASK617|EMR|20250527T150000Z,EMR,2025-05-29 14:30:00+00:00,2025-05-27 15:00:00+00:00,industrial_automation_robotics,train_design,normal_candidate,setup=research_only_setup|catalyst=contract_customer_backlog|price=price_confirmed_basic|theme=emerging_leadership|relation=relation_sparse_research_only,capacity=slot_competition_very_high|same_entry_candidates=32|active_relations=0|risk=proxy_neutral|microstructure=SOURCE_PENDING_NOT_USED,1,32,6,25,0,0,1,,research_only_setup,RESEARCH_ONLY,1,0,0,0
TASK617|VST|20250527T150000Z|slot_decision_explanation,TASK617|VST|20250527T150000Z,VST,2025-05-29 14:30:00+00:00,2025-05-27 15:00:00+00:00,power_grid_electrification,train_design,priority_candidate,setup=high_quality_setup|catalyst=contract_customer_backlog|price=price_confirmed_basic|theme=persistent_leadership|relation=relation_offsetting,capacity=slot_competition_very_high|same_entry_candidates=32|active_relations=0|risk=proxy_neutral|microstructure=SOURCE_PENDING_NOT_USED,1,32,6,6,0,0,1,,high_quality_setup,REDUCE_DURATION,1,0,0,0
TASK617|HON|20250527T163000Z|slot_decision_explanation,TASK617|HON|20250527T163000Z,HON,2025-05-29 14:30:00+00:00,2025-05-27 16:30:00+00:00,industrial_automation_robotics,train_design,normal_candidate,setup=research_only_setup|catalyst=contract_customer_backlog|price=price_confirmed_basic|theme=emerging_leadership|relation=relation_sparse_research_only,capacity=slot_competition_very_high|same_entry_candidates=32|active_relations=0|risk=proxy_neutral|microstructure=SOURCE_PENDING_NOT_USED,1,32,6,25,0,0,1,,research_only_setup,RESEARCH_ONLY,1,0,0,0
TASK617|MSFT|20250527T180000Z|slot_decision_explanation,TASK617|MSFT|20250527T180000Z,MSFT,2025-05-29 14:30:00+00:00,2025-05-27 18:00:00+00:00,cloud_ai_platforms,train_design,normal_candidate,setup=research_only_setup|catalyst=contract_customer_backlog|price=price_confirmed_basic|theme=participating_theme|relation=relation_sparse_research_only,capacity=slot_competition_very_high|same_entry_candidates=32|active_relations=0|risk=proxy_neutral|microstructure=SOURCE_PENDING_NOT_USED,1,32,4,25,0,0,1,,research_only_setup,RESEARCH_ONLY,1,0,0,0
TASK617|DDOG|20250528T133000Z|slot_decision_explanation,TASK617|DDOG|20250528T133000Z,DDOG,2025-05-30 14:30:00+00:00,2025-05-28 13:30:00+00:00,data_devops_software,train_design,normal_candidate,setup=research_only_setup|catalyst=contract_customer_backlog|price=price_confirmed_basic|theme=participating_theme|relation=relation_sparse_research_only,capacity=slot_competition_very_high|same_entry_candidates=16|active_relations=0|risk=proxy_neutral|microstructure=SOURCE_PENDING_NOT_USED,1,16,1,12,0,0,1,,research_only_setup,RESEARCH_ONLY,1,0,0,0
TASK617|HON|20250528T133000Z|slot_decision_explanation,TASK617|HON|20250528T133000Z,HON,2025-05-30 14:30:00+00:00,2025-05-28 13:30:00+00:00,industrial_automation_robotics,train_design,normal_candidate,setup=research_only_setup|catalyst=contract_customer_backlog|price=price_confirmed_basic|theme=emerging_leadership|relation=relation_sparse_research_only,capacity=slot_competition_very_high|same_entry_candidates=16|active_relations=0|risk=proxy_neutral|microstructure=SOURCE_PENDING_NOT_USED,1,16,3,12,0,0,1,,research_only_setup,RESEARCH_ONLY,1,0,0,0
TASK617|CEG|20250528T133000Z|slot_decision_explanation,TASK617|CEG|20250528T133000Z,CEG,2025-05-30 14:30:00+00:00,2025-05-28 13:30:00+00:00,power_grid_electrification,train_design,priority_candidate,setup=high_quality_setup|catalyst=contract_customer_backlog|price=price_confirmed_basic|theme=persistent_leadership|relation=relation_offsetting,capacity=slot_competition_very_high|same_entry_candidates=16|active_relations=0|risk=proxy_neutral|microstructure=SOURCE_PENDING_NOT_USED,1,16,3,3,0,0,1,,high_quality_setup,REDUCE_DURATION,1,0,0,0
TASK617|MSFT|20250528T133000Z|slot_decision_explanation,TASK617|MSFT|20250528T133000Z,MSFT,2025-05-30 14:30:00+00:00,2025-05-28 13:30:00+00:00,cloud_ai_platforms,train_design,normal_candidate,setup=research_only_setup|catalyst=contract_customer_backlog|price=price_confirmed_basic|theme=participating_theme|relation=relation_sparse_research_only,capacity=slot_competition_very_high|same_entry_candidates=16|active_relations=0|risk=proxy_neutral|microstructure=SOURCE_PENDING_NOT_USED,1,16,2,12,0,0,1,,research_only_setup,RESEARCH_ONLY,1,0,0,0
TASK617|VRT|20250528T133000Z|slot_decision_explanation,TASK617|VRT|20250528T133000Z,VRT,2025-05-30 14:30:00+00:00,2025-05-28 13:30:00+00:00,power_grid_electrification,train_design,priority_candidate,setup=high_quality_setup|catalyst=contract_customer_backlog|price=price_confirmed_basic|theme=persistent_leadership|relation=relation_offsetting,capacity=slot_competition_very_high|same_entry_candidates=16|active_relations=0|risk=proxy_neutral|microstructure=SOURCE_PENDING_NOT_USED,1,16,3,3,0,0,1,,high_quality_setup,REDUCE_DURATION,1,0,0,0
TASK617|PYPL|20250528T133000Z|slot_decision_explanation,TASK617|PYPL|20250528T133000Z,PYPL,2025-05-30 14:30:00+00:00,2025-05-28 13:30:00+00:00,crypto_fintech,train_design,normal_candidate,setup=research_only_setup|catalyst=contract_customer_backlog|price=price_confirmed_basic|theme=fading_leadership|relation=relation_sparse_research_only,capacity=slot_competition_very_high|same_entry_candidates=16|active_relations=0|risk=proxy_neutral|microstructure=SOURCE_PENDING_NOT_USED,1,16,1,12,0,0,1,,research_only_setup,RESEARCH_ONLY,1,0,0,0
TASK617|GE|20250528T133000Z|slot_decision_explanation,TASK617|GE|20250528T133000Z,GE,2025-05-30 14:30:00+00:00,2025-05-28 13:30:00+00:00,industrial_automation_robotics,train_design,normal_candidate,setup=research_only_setup|catalyst=contract_customer_backlog|price=price_confirmed_basic|theme=emerging_leadership|relation=relation_sparse_research_only,capacity=slot_competition_very_high|same_entry_candidates=16|active_relations=0|risk=proxy_neutral|microstructure=SOURCE_PENDING_NOT_USED,1,16,3,12,0,0,1,,research_only_setup,RESEARCH_ONLY,1,0,0,0
TASK617|GEV|20250528T133000Z|slot_decision_explanation,TASK617|GEV|20250528T133000Z,GEV,2025-05-30 14:30:00+00:00,2025-05-28 13:30:00+00:00,power_grid_electrification,train_design,priority_candidate,setup=high_quality_setup|catalyst=contract_customer_backlog|price=price_confirmed_basic|theme=persistent_leadership|relation=relation_offsetting,capacity=slot_competition_very_high|same_entry_candidates=16|active_relations=0|risk=proxy_neutral|microstructure=SOURCE_PENDING_NOT_USED,1,16,3,3,0,0,1,,high_quality_setup,REDUCE_DURATION,1,0,0,0
TASK617|TSM|20250528T140000Z|slot_decision_explanation,TASK617|TSM|20250528T140000Z,TSM,2025-05-30 14:30:00+00:00,2025-05-28 14:00:00+00:00,ai_semiconductors,train_design,normal_candidate,setup=research_only_setup|catalyst=contract_customer_backlog|price=price_confirmed_basic|theme=persistent_leadership|relation=relation_sparse_research_only,capacity=slot_competition_very_high|same_entry_candidates=16|active_relations=0|risk=proxy_neutral|microstructure=SOURCE_PENDING_NOT_USED,1,16,4,12,0,0,1,,research_only_setup,RESEARCH_ONLY,1,0,0,0
TASK617|RIVN|20250528T140000Z|slot_decision_explanation,TASK617|RIVN|20250528T140000Z,RIVN,2025-05-30 14:30:00+00:00,2025-05-28 14:00:00+00:00,ev_autonomy_mobility,train_design,normal_candidate,setup=research_only_setup|catalyst=contract_customer_backlog|price=price_confirmed_basic|theme=participating_theme|relation=relation_sparse_research_only,capacity=slot_competition_very_high|same_entry_candidates=16|active_relations=0|risk=proxy_neutral|microstructure=SOURCE_PENDING_NOT_USED,1,16,1,12,0,0,1,,research_only_setup,RESEARCH_ONLY,1,0,0,0
TASK617|ROK|20250528T141500Z|slot_decision_explanation,TASK617|ROK|20250528T141500Z,ROK,2025-05-30 14:30:00+00:00,2025-05-28 14:15:00+00:00,industrial_automation_robotics,train_design,normal_candidate,setup=research_only_setup|catalyst=contract_customer_backlog|price=price_confirmed_basic|theme=emerging_leadership|relation=relation_sparse_research_only,capacity=slot_competition_very_high|same_entry_candidates=16|active_relations=0|risk=proxy_neutral|microstructure=SOURCE_PENDING_NOT_USED,1,16,3,12,0,0,1,,research_only_setup,RESEARCH_ONLY,1,0,0,0
TASK617|ARM|20250528T163000Z|slot_decision_explanation,TASK617|ARM|20250528T163000Z,ARM,2025-05-30 14:30:00+00:00,2025-05-28 16:30:00+00:00,ai_semiconductors,train_design,normal_candidate,setup=research_only_setup|catalyst=contract_customer_backlog|price=price_confirmed_basic|theme=persistent_leadership|relation=relation_sparse_research_only,capacity=slot_competition_very_high|same_entry_candidates=16|active_relations=0|risk=proxy_neutral|microstructure=SOURCE_PENDING_NOT_USED,1,16,4,12,0,0,1,,research_only_setup,RESEARCH_ONLY,1,0,0,0
TASK617|AVGO|20250528T171500Z|slot_decision_explanation,TASK617|AVGO|20250528T171500Z,AVGO,2025-05-30 14:30:00+00:00,2025-05-28 17:15:00+00:00,ai_semiconductors,train_design,normal_candidate,setup=research_only_setup|catalyst=contract_customer_backlog|price=price_confirmed_basic|theme=persistent_leadership|relation=relation_sparse_research_only,capacity=slot_competition_very_high|same_entry_candidates=16|active_relations=0|risk=proxy_neutral|microstructure=SOURCE_PENDING_NOT_USED,1,16,4,12,0,0,1,,research_only_setup,RESEARCH_ONLY,1,0,0,0
TASK617|NVDA|20250528T171500Z|slot_decision_explanation,TASK617|NVDA|20250528T171500Z,NVDA,2025-05-30 14:30:00+00:00,2025-05-28 17:15:00+00:00,ai_semiconductors,train_design,normal_candidate,setup=research_only_setup|catalyst=contract_customer_backlog|price=price_confirmed_basic|theme=persistent_leadership|relation=relation_sparse_research_only,capacity=slot_competition_very_high|same_entry_candidates=16|active_relations=0|risk=proxy_neutral|microstructure=SOURCE_PENDING_NOT_USED,1,16,4,12,0,0,1,,research_only_setup,RESEARCH_ONLY,1,0,0,0
TASK617|ORCL|20250528T181500Z|slot_decision_explanation,TASK617|ORCL|20250528T181500Z,ORCL,2025-05-30 14:30:00+00:00,2025-05-28 18:15:00+00:00,cloud_ai_platforms,train_design,normal_candidate,setup=research_only_setup|catalyst=contract_customer_backlog|price=price_confirmed_but_extended|theme=participating_theme|relation=relation_sparse_research_only,capacity=slot_competition_very_high|same_entry_candidates=16|active_relations=0|risk=extension_proxy|microstructure=SOURCE_PENDING_NOT_USED,1,16,2,12,0,0,1,,research_only_setup,RESEARCH_ONLY,1,0,0,0
TASK617|BA|20250528T183000Z|slot_decision_explanation,TASK617|BA|20250528T183000Z,BA,2025-05-30 14:30:00+00:00,2025-05-28 18:30:00+00:00,aerospace_defense_space,train_design,priority_candidate,setup=high_quality_setup|catalyst=contract_customer_backlog|price=price_confirmed_basic|theme=participating_theme|relation=company_price_confirmed_macro_secondary,capacity=slot_competition_very_high|same_entry_candidates=16|active_relations=0|risk=proxy_neutral|microstructure=SOURCE_PENDING_NOT_USED,1,16,1,1,0,0,1,,high_quality_setup,BASELINE_ALLOWED,1,0,0,0
TASK617|RTX|20250529T133000Z|slot_decision_explanation,TASK617|RTX|20250529T133000Z,RTX,2025-06-02 14:30:00+00:00,2025-05-29 13:30:00+00:00,aerospace_defense_space,train_design,priority_candidate,setup=high_quality_setup|catalyst=contract_customer_backlog|price=price_confirmed_basic|theme=participating_theme|relation=company_price_confirmed_macro_secondary,capacity=slot_competition_low|same_entry_candidates=3|active_relations=0|risk=proxy_neutral|microstructure=SOURCE_PENDING_NOT_USED,0,3,2,2,0,0,1,,high_quality_setup,BASELINE_ALLOWED,1,0,0,0
TASK617|BA|20250529T134500Z|slot_decision_explanation,TASK617|BA|20250529T134500Z,BA,2025-06-02 14:30:00+00:00,2025-05-29 13:45:00+00:00,aerospace_defense_space,train_design,priority_candidate,setup=high_quality_setup|catalyst=contract_customer_backlog|price=price_confirmed_but_extended|theme=participating_theme|relation=company_price_confirmed_macro_secondary,capacity=slot_competition_low|same_entry_candidates=3|active_relations=0|risk=extension_proxy|microstructure=SOURCE_PENDING_NOT_USED,0,3,2,2,0,0,1,,high_quality_setup,BASELINE_ALLOWED,1,0,0,0
TASK617|DDOG|20250529T144500Z|slot_decision_explanation,TASK617|DDOG|20250529T144500Z,DDOG,2025-06-02 14:30:00+00:00,2025-05-29 14:45:00+00:00,data_devops_software,train_design,priority_candidate,setup=high_quality_setup|catalyst=contract_customer_backlog|price=price_confirmed_basic|theme=participating_theme|relation=relation_reinforcing,capacity=slot_competition_low|same_entry_candidates=3|active_relations=0|risk=proxy_neutral|microstructure=SOURCE_PENDING_NOT_USED,0,3,1,1,0,0,1,,high_quality_setup,STRENGTH_HOLD_CANDIDATE,1,0,0,0
TASK617|DDOG|20250605T134500Z|slot_decision_explanation,TASK617|DDOG|20250605T134500Z,DDOG,2025-06-09 14:30:00+00:00,2025-06-05 13:45:00+00:00,data_devops_software,train_design,priority_candidate,setup=high_quality_setup|catalyst=contract_supply_combo|price=price_confirmed_basic|theme=emerging_leadership|relation=relation_reinforcing,capacity=slot_competition_low|same_entry_candidates=2|active_relations=0|risk=high_liquidity_momentum_proxy|microstructure=SOURCE_PENDING_NOT_USED,0,2,2,2,0,0,1,,high_quality_setup,STRENGTH_HOLD_CANDIDATE,1,0,0,0
TASK617|SNOW|20250605T140000Z|slot_decision_explanation,TASK617|SNOW|20250605T140000Z,SNOW,2025-06-09 14:30:00+00:00,2025-06-05 14:00:00+00:00,data_devops_software,train_design,priority_candidate,setup=high_quality_setup|catalyst=contract_supply_combo|price=price_confirmed_basic|theme=emerging_leadership|relation=relation_reinforcing,capacity=slot_competition_low|same_entry_candidates=2|active_relations=0|risk=high_liquidity_momentum_proxy|microstructure=SOURCE_PENDING_NOT_USED,0,2,2,2,0,0,1,,high_quality_setup,STRENGTH_HOLD_CANDIDATE,1,0,0,0
TASK617|TSM|20250609T133000Z|slot_decision_explanation,TASK617|TSM|20250609T133000Z,TSM,2025-06-11 14:30:00+00:00,2025-06-09 13:30:00+00:00,ai_semiconductors,train_design,priority_candidate,setup=high_quality_setup|catalyst=contract_customer_backlog|price=price_confirmed_but_extended|theme=persistent_leadership|relation=relation_reinforcing,capacity=slot_competition_very_high|same_entry_candidates=26|active_relations=0|risk=extension_proxy|microstructure=SOURCE_PENDING_NOT_USED,1,26,6,12,0,0,1,,high_quality_setup,STRENGTH_HOLD_CANDIDATE,1,0,0,0
TASK617|AFRM|20250609T133000Z|slot_decision_explanation,TASK617|AFRM|20250609T133000Z,AFRM,2025-06-11 14:30:00+00:00,2025-06-09 13:30:00+00:00,crypto_fintech,train_design,priority_candidate,setup=high_quality_setup|catalyst=contract_customer_backlog|price=price_confirmed_basic|theme=persistent_leadership|relation=company_price_confirmed_macro_secondary,capacity=slot_competition_very_high|same_entry_candidates=26|active_relations=0|risk=proxy_neutral|microstructure=SOURCE_PENDING_NOT_USED,1,26,4,14,0,0,1,,high_quality_setup,BASELINE_ALLOWED,1,0,0,0
TASK617|EMR|20250609T133000Z|slot_decision_explanation,TASK617|EMR|20250609T133000Z,EMR,2025-06-11 14:30:00+00:00,2025-06-09 13:30:00+00:00,industrial_automation_robotics,train_design,priority_candidate,setup=high_quality_setup|catalyst=contract_customer_backlog|price=price_confirmed_but_extended|theme=participating_theme|relation=company_price_confirmed_macro_secondary,capacity=slot_competition_very_high|same_entry_candidates=26|active_relations=0|risk=extension_proxy|microstructure=SOURCE_PENDING_NOT_USED,1,26,3,14,0,0,1,,high_quality_setup,BASELINE_ALLOWED,1,0,0,0
TASK617|ORCL|20250609T133000Z|slot_decision_explanation,TASK617|ORCL|20250609T133000Z,ORCL,2025-06-11 14:30:00+00:00,2025-06-09 13:30:00+00:00,cloud_ai_platforms,train_design,priority_candidate,setup=high_quality_setup|catalyst=contract_customer_backlog|price=price_confirmed_but_extended|theme=participating_theme|relation=company_price_confirmed_macro_secondary,capacity=slot_competition_very_high|same_entry_candidates=26|active_relations=0|risk=extension_proxy|microstructure=SOURCE_PENDING_NOT_USED,1,26,4,14,0,0,1,,high_quality_setup,BASELINE_ALLOWED,1,0,0,0
TASK617|ASTS|20250609T133000Z|slot_decision_explanation,TASK617|ASTS|20250609T133000Z,ASTS,2025-06-11 14:30:00+00:00,2025-06-09 13:30:00+00:00,aerospace_defense_space,train_design,priority_candidate,setup=high_quality_setup|catalyst=contract_customer_backlog|price=price_confirmed_but_extended|theme=emerging_leadership|relation=company_price_confirmed_macro_secondary,capacity=slot_competition_very_high|same_entry_candidates=26|active_relations=0|risk=extension_proxy|microstructure=SOURCE_PENDING_NOT_USED,1,26,4,14,0,0,1,,high_quality_setup,BASELINE_ALLOWED,1,0,0,0
TASK617|BA|20250609T133000Z|slot_decision_explanation,TASK617|BA|20250609T133000Z,BA,2025-06-11 14:30:00+00:00,2025-06-09 13:30:00+00:00,aerospace_defense_space,train_design,priority_candidate,setup=high_quality_setup|catalyst=contract_customer_backlog|price=price_confirmed_basic|theme=emerging_leadership|relation=company_price_confirmed_macro_secondary,capacity=slot_competition_very_high|same_entry_candidates=26|active_relations=0|risk=high_liquidity_momentum_proxy|microstructure=SOURCE_PENDING_NOT_USED,1,26,4,14,0,0,1,,high_quality_setup,BASELINE_ALLOWED,1,0,0,0
TASK617|RKLB|20250609T133000Z|slot_decision_explanation,TASK617|RKLB|20250609T133000Z,RKLB,2025-06-11 14:30:00+00:00,2025-06-09 13:30:00+00:00,aerospace_defense_space,train_design,priority_candidate,setup=high_quality_setup|catalyst=contract_customer_backlog|price=price_confirmed_basic|theme=emerging_leadership|relation=company_price_confirmed_macro_secondary,capacity=slot_competition_very_high|same_entry_candidates=26|active_relations=0|risk=high_liquidity_momentum_proxy|microstructure=SOURCE_PENDING_NOT_USED,1,26,4,14,0,0,1,,high_quality_setup,BASELINE_ALLOWED,1,0,0,0
TASK617|AVGO|20250609T134500Z|slot_decision_explanation,TASK617|AVGO|20250609T134500Z,AVGO,2025-06-11 14:30:00+00:00,2025-06-09 13:45:00+00:00,ai_semiconductors,train_design,priority_candidate,setup=high_quality_setup|catalyst=contract_customer_backlog|price=price_confirmed_basic|theme=persistent_leadership|relation=relation_reinforcing,capacity=slot_competition_very_high|same_entry_candidates=26|active_relations=0|risk=proxy_neutral|microstructure=SOURCE_PENDING_NOT_USED,1,26,6,12,0,0,1,,high_quality_setup,STRENGTH_HOLD_CANDIDATE,1,0,0,0
TASK617|CEG|20250609T134500Z|slot_decision_explanation,TASK617|CEG|20250609T134500Z,CEG,2025-06-11 14:30:00+00:00,2025-06-09 13:45:00+00:00,power_grid_electrification,train_design,priority_candidate,setup=high_quality_setup|catalyst=contract_customer_backlog|price=price_accepted_needs_confirmation|theme=participating_theme|relation=relation_reinforcing,capacity=slot_competition_very_high|same_entry_candidates=26|active_relations=0|risk=proxy_neutral|microstructure=SOURCE_PENDING_NOT_USED,1,26,2,12,0,0,1,,high_quality_setup,STRENGTH_HOLD_CANDIDATE,1,0,0,0
TASK617|ASML|20250609T134500Z|slot_decision_explanation,TASK617|ASML|20250609T134500Z,ASML,2025-06-11 14:30:00+00:00,2025-06-09 13:45:00+00:00,ai_semiconductors,train_design,priority_candidate,setup=high_quality_setup|catalyst=contract_customer_backlog|price=price_confirmed_basic|theme=persistent_leadership|relation=relation_reinforcing,capacity=slot_competition_very_high|same_entry_candidates=26|active_relations=0|risk=proxy_neutral|microstructure=SOURCE_PENDING_NOT_USED,1,26,6,12,0,0,1,,high_quality_setup,STRENGTH_HOLD_CANDIDATE,1,0,0,0
TASK617|GOOGL|20250609T140000Z|slot_decision_explanation,TASK617|GOOGL|20250609T140000Z,GOOGL,2025-06-11 14:30:00+00:00,2025-06-09 14:00:00+00:00,cloud_ai_platforms,train_design,priority_candidate,setup=high_quality_setup|catalyst=contract_customer_backlog|price=price_confirmed_basic|theme=participating_theme|relation=company_price_confirmed_macro_secondary,capacity=slot_competition_very_high|same_entry_candidates=26|active_relations=0|risk=proxy_neutral|microstructure=SOURCE_PENDING_NOT_USED,1,26,4,14,0,0,1,,high_quality_setup,BASELINE_ALLOWED,1,0,0,0
TASK617|MSFT|20250609T140000Z|slot_decision_explanation,TASK617|MSFT|20250609T140000Z,MSFT,2025-06-11 14:30:00+00:00,2025-06-09 14:00:00+00:00,cloud_ai_platforms,train_design,priority_candidate,setup=high_quality_setup|catalyst=contract_customer_backlog|price=price_confirmed_basic|theme=participating_theme|relation=company_price_confirmed_macro_secondary,capacity=slot_competition_very_high|same_entry_candidates=26|active_relations=0|risk=proxy_neutral|microstructure=SOURCE_PENDING_NOT_USED,1,26,4,14,0,0,1,,high_quality_setup,BASELINE_ALLOWED,1,0,0,0
TASK617|ARM|20250609T140000Z|slot_decision_explanation,TASK617|ARM|20250609T140000Z,ARM,2025-06-11 14:30:00+00:00,2025-06-09 14:00:00+00:00,ai_semiconductors,train_design,priority_candidate,setup=high_quality_setup|catalyst=contract_customer_backlog|price=price_confirmed_basic|theme=persistent_leadership|relation=relation_reinforcing,capacity=slot_competition_very_high|same_entry_candidates=26|active_relations=0|risk=proxy_neutral|microstructure=SOURCE_PENDING_NOT_USED,1,26,6,12,0,0,1,,high_quality_setup,STRENGTH_HOLD_CANDIDATE,1,0,0,0
TASK617|ZS|20250609T141500Z|slot_decision_explanation,TASK617|ZS|20250609T141500Z,ZS,2025-06-11 14:30:00+00:00,2025-06-09 14:15:00+00:00,cybersecurity,train_design,priority_candidate,setup=high_quality_setup|catalyst=contract_customer_backlog|price=price_confirmed_but_extended|theme=participating_theme|relation=relation_reinforcing,capacity=slot_competition_very_high|same_entry_candidates=26|active_relations=0|risk=extension_proxy|microstructure=SOURCE_PENDING_NOT_USED,1,26,1,12,0,0,1,,high_quality_setup,STRENGTH_HOLD_CANDIDATE,1,0,0,0
TASK617|ETN|20250609T141500Z|slot_decision_explanation,TASK617|ETN|20250609T141500Z,ETN,2025-06-11 14:30:00+00:00,2025-06-09 14:15:00+00:00,power_grid_electrification,train_design,priority_candidate,setup=high_quality_setup|catalyst=contract_customer_backlog|price=price_confirmed_basic|theme=participating_theme|relation=relation_reinforcing,capacity=slot_competition_very_high|same_entry_candidates=26|active_relations=0|risk=proxy_neutral|microstructure=SOURCE_PENDING_NOT_USED,1,26,2,12,0,0,1,,high_quality_setup,STRENGTH_HOLD_CANDIDATE,1,0,0,0
TASK617|AMD|20250609T141500Z|slot_decision_explanation,TASK617|AMD|20250609T141500Z,AMD,2025-06-11 14:30:00+00:00,2025-06-09 14:15:00+00:00,ai_semiconductors,train_design,priority_candidate,setup=high_quality_setup|catalyst=contract_customer_backlog|price=price_confirmed_basic|theme=persistent_leadership|relation=relation_reinforcing,capacity=slot_competition_very_high|same_entry_candidates=26|active_relations=0|risk=proxy_neutral|microstructure=SOURCE_PENDING_NOT_USED,1,26,6,12,0,0,1,,high_quality_setup,STRENGTH_HOLD_CANDIDATE,1,0,0,0
TASK617|PLTR|20250609T143000Z|slot_decision_explanation,TASK617|PLTR|20250609T143000Z,PLTR,2025-06-11 14:30:00+00:00,2025-06-09 14:30:00+00:00,data_devops_software,train_design,priority_candidate,setup=high_quality_setup|catalyst=contract_customer_backlog|price=price_confirmed_basic|theme=participating_theme|relation=relation_reinforcing,capacity=slot_competition_very_high|same_entry_candidates=26|active_relations=0|risk=proxy_neutral|microstructure=SOURCE_PENDING_NOT_USED,1,26,2,12,0,0,1,,high_quality_setup,STRENGTH_HOLD_CANDIDATE,1,0,0,0
TASK617|NVDA|20250609T143000Z|slot_decision_explanation,TASK617|NVDA|20250609T143000Z,NVDA,2025-06-11 14:30:00+00:00,2025-06-09 14:30:00+00:00,ai_semiconductors,train_design,priority_candidate,setup=high_quality_setup|catalyst=contract_customer_backlog|price=price_confirmed_basic|theme=persistent_leadership|relation=relation_reinforcing,capacity=slot_competition_very_high|same_entry_candidates=26|active_relations=0|risk=proxy_neutral|microstructure=SOURCE_PENDING_NOT_USED,1,26,6,12,0,0,1,,high_quality_setup,STRENGTH_HOLD_CANDIDATE,1,0,0,0
TASK617|IBIT|20250609T143000Z|slot_decision_explanation,TASK617|IBIT|20250609T143000Z,IBIT,2025-06-11 14:30:00+00:00,2025-06-09 14:30:00+00:00,crypto_fintech,train_design,priority_candidate,setup=high_quality_setup|catalyst=contract_customer_backlog|price=price_confirmed_basic|theme=persistent_leadership|relation=company_price_confirmed_macro_secondary,capacity=slot_competition_very_high|same_entry_candidates=26|active_relations=0|risk=proxy_neutral|microstructure=SOURCE_PENDING_NOT_USED,1,26,4,14,0,0,1,,high_quality_setup,BASELINE_ALLOWED,1,0,0,0
TASK617|ROK|20250609T144500Z|slot_decision_explanation,TASK617|ROK|20250609T144500Z,ROK,2025-06-11 14:30:00+00:00,2025-06-09 14:45:00+00:00,industrial_automation_robotics,train_design,priority_candidate,setup=high_quality_setup|catalyst=contract_customer_backlog|price=price_confirmed_basic|theme=participating_theme|relation=relation_reinforcing,capacity=slot_competition_very_high|same_entry_candidates=26|active_relations=0|risk=proxy_neutral|microstructure=SOURCE_PENDING_NOT_USED,1,26,3,12,0,0,1,,high_quality_setup,STRENGTH_HOLD_CANDIDATE,1,0,0,0
TASK617|AMZN|20250609T153000Z|slot_decision_explanation,TASK617|AMZN|20250609T153000Z,AMZN,2025-06-11 14:30:00+00:00,2025-06-09 15:30:00+00:00,cloud_ai_platforms,train_design,priority_candidate,setup=high_quality_setup|catalyst=contract_customer_backlog|price=price_confirmed_basic|theme=participating_theme|relation=company_price_confirmed_macro_secondary,capacity=slot_competition_very_high|same_entry_candidates=26|active_relations=0|risk=proxy_neutral|microstructure=SOURCE_PENDING_NOT_USED,1,26,4,14,0,0,1,,high_quality_setup,BASELINE_ALLOWED,1,0,0,0
TASK617|RTX|20250609T154500Z|slot_decision_explanation,TASK617|RTX|20250609T154500Z,RTX,2025-06-11 14:30:00+00:00,2025-06-09 15:45:00+00:00,aerospace_defense_space,train_design,priority_candidate,setup=high_quality_setup|catalyst=contract_customer_backlog|price=price_confirmed_basic|theme=emerging_leadership|relation=company_price_confirmed_macro_secondary,capacity=slot_competition_very_high|same_entry_candidates=26|active_relations=0|risk=high_liquidity_momentum_proxy|microstructure=SOURCE_PENDING_NOT_USED,1,26,4,14,0,0,1,,high_quality_setup,BASELINE_ALLOWED,1,0,0,0
TASK617|DDOG|20250609T164500Z|slot_decision_explanation,TASK617|DDOG|20250609T164500Z,DDOG,2025-06-11 14:30:00+00:00,2025-06-09 16:45:00+00:00,data_devops_software,train_design,priority_candidate,setup=high_quality_setup|catalyst=contract_customer_backlog|price=price_confirmed_but_extended|theme=participating_theme|relation=relation_reinforcing,capacity=slot_competition_very_high|same_entry_candidates=26|active_relations=0|risk=extension_proxy|microstructure=SOURCE_PENDING_NOT_USED,1,26,2,12,0,0,1,,high_quality_setup,STRENGTH_HOLD_CANDIDATE,1,0,0,0
TASK617|IR|20250609T180000Z|slot_decision_explanation,TASK617|IR|20250609T180000Z,IR,2025-06-11 14:30:00+00:00,2025-06-09 18:00:00+00:00,industrial_automation_robotics,train_design,priority_candidate,setup=high_quality_setup|catalyst=contract_customer_backlog|price=price_confirmed_but_extended|theme=participating_theme|relation=company_price_confirmed_macro_secondary,capacity=slot_competition_very_high|same_entry_candidates=26|active_relations=0|risk=extension_proxy|microstructure=SOURCE_PENDING_NOT_USED,1,26,3,14,0,0,1,,high_quality_setup,BASELINE_ALLOWED,1,0,0,0
TASK617|COIN|20250609T190000Z|slot_decision_explanation,TASK617|COIN|20250609T190000Z,COIN,2025-06-11 14:30:00+00:00,2025-06-09 19:00:00+00:00,crypto_fintech,train_design,research_only,setup=fragile_setup|catalyst=contract_customer_backlog|price=price_fragile_or_unconfirmed|theme=persistent_leadership|relation=company_price_confirmed_macro_secondary,capacity=slot_competition_very_high|same_entry_candidates=26|active_relations=0|risk=proxy_neutral|microstructure=SOURCE_PENDING_NOT_USED,1,26,4,14,0,0,1,,fragile_setup,BASELINE_ALLOWED,1,0,0,0
TASK617|HOOD|20250609T193000Z|slot_decision_explanation,TASK617|HOOD|20250609T193000Z,HOOD,2025-06-11 14:30:00+00:00,2025-06-09 19:30:00+00:00,crypto_fintech,train_design,priority_candidate,setup=high_quality_setup|catalyst=contract_customer_backlog|price=price_confirmed_but_extended|theme=persistent_leadership|relation=company_price_confirmed_macro_secondary,capacity=slot_competition_very_high|same_entry_candidates=26|active_relations=0|risk=extension_proxy|microstructure=SOURCE_PENDING_NOT_USED,1,26,4,14,0,0,1,,high_quality_setup,BASELINE_ALLOWED,1,0,0,0
TASK617|RTX|20250610T133000Z|slot_decision_explanation,TASK617|RTX|20250610T133000Z,RTX,2025-06-12 14:30:00+00:00,2025-06-10 13:30:00+00:00,aerospace_defense_space,train_design,priority_candidate,setup=high_quality_setup|catalyst=contract_customer_backlog|price=price_confirmed_basic|theme=participating_theme|relation=company_price_confirmed_macro_secondary,capacity=slot_competition_very_high|same_entry_candidates=16|active_relations=0|risk=proxy_neutral|microstructure=SOURCE_PENDING_NOT_USED,1,16,2,7,0,0,1,,high_quality_setup,BASELINE_ALLOWED,1,0,0,0
TASK617|NET|20250610T133000Z|slot_decision_explanation,TASK617|NET|20250610T133000Z,NET,2025-06-12 14:30:00+00:00,2025-06-10 13:30:00+00:00,cybersecurity,train_design,priority_candidate,setup=medium_quality_setup|catalyst=contract_customer_backlog|price=price_confirmed_but_extended|theme=participating_theme|relation=relation_reinforcing,capacity=slot_competition_very_high|same_entry_candidates=16|active_relations=0|risk=extension_proxy|microstructure=SOURCE_PENDING_NOT_USED,1,16,2,9,0,0,1,,medium_quality_setup,STRENGTH_HOLD_CANDIDATE,1,0,0,0
TASK617|NVO|20250610T134500Z|slot_decision_explanation,TASK617|NVO|20250610T134500Z,NVO,2025-06-12 14:30:00+00:00,2025-06-10 13:45:00+00:00,biotech_glp1_healthcare,train_design,priority_candidate,setup=high_quality_setup|catalyst=contract_customer_backlog|price=price_confirmed_basic|theme=participating_theme|relation=company_price_confirmed_macro_secondary,capacity=slot_competition_very_high|same_entry_candidates=16|active_relations=0|risk=proxy_neutral|microstructure=SOURCE_PENDING_NOT_USED,1,16,1,7,0,0,1,,high_quality_setup,BASELINE_ALLOWED,1,0,0,0
TASK617|ARM|20250610T134500Z|slot_decision_explanation,TASK617|ARM|20250610T134500Z,ARM,2025-06-12 14:30:00+00:00,2025-06-10 13:45:00+00:00,ai_semiconductors,train_design,priority_candidate,setup=high_quality_setup|catalyst=contract_customer_backlog|price=price_confirmed_basic|theme=participating_theme|relation=relation_reinforcing,capacity=slot_competition_very_high|same_entry_candidates=16|active_relations=0|risk=proxy_neutral|microstructure=SOURCE_PENDING_NOT_USED,1,16,6,9,0,0,1,,high_quality_setup,STRENGTH_HOLD_CANDIDATE,1,0,0,0
TASK617|ASML|20250610T134500Z|slot_decision_explanation,TASK617|ASML|20250610T134500Z,ASML,2025-06-12 14:30:00+00:00,2025-06-10 13:45:00+00:00,ai_semiconductors,train_design,priority_candidate,setup=high_quality_setup|catalyst=contract_customer_backlog|price=price_confirmed_basic|theme=participating_theme|relation=relation_reinforcing,capacity=slot_competition_very_high|same_entry_candidates=16|active_relations=0|risk=proxy_neutral|microstructure=SOURCE_PENDING_NOT_USED,1,16,6,9,0,0,1,,high_quality_setup,STRENGTH_HOLD_CANDIDATE,1,0,0,0
TASK617|TER|20250610T134500Z|slot_decision_explanation,TASK617|TER|20250610T134500Z,TER,2025-06-12 14:30:00+00:00,2025-06-10 13:45:00+00:00,industrial_automation_robotics,train_design,priority_candidate,setup=high_quality_setup|catalyst=contract_customer_backlog|price=price_confirmed_basic|theme=participating_theme|relation=relation_reinforcing,capacity=slot_competition_very_high|same_entry_candidates=16|active_relations=0|risk=proxy_neutral|microstructure=SOURCE_PENDING_NOT_USED,1,16,2,9,0,0,1,,high_quality_setup,STRENGTH_HOLD_CANDIDATE,1,0,0,0
TASK617|GOOGL|20250610T134500Z|slot_decision_explanation,TASK617|GOOGL|20250610T134500Z,GOOGL,2025-06-12 14:30:00+00:00,2025-06-10 13:45:00+00:00,cloud_ai_platforms,train_design,priority_candidate,setup=high_quality_setup|catalyst=contract_customer_backlog|price=price_confirmed_basic|theme=participating_theme|relation=company_price_confirmed_macro_secondary,capacity=slot_competition_very_high|same_entry_candidates=16|active_relations=0|risk=proxy_neutral|microstructure=SOURCE_PENDING_NOT_USED,1,16,2,7,0,0,1,,high_quality_setup,BASELINE_ALLOWED,1,0,0,0
TASK617|EMR|20250610T140000Z|slot_decision_explanation,TASK617|EMR|20250610T140000Z,EMR,2025-06-12 14:30:00+00:00,2025-06-10 14:00:00+00:00,industrial_automation_robotics,train_design,priority_candidate,setup=high_quality_setup|catalyst=contract_customer_backlog|price=price_confirmed_but_extended|theme=participating_theme|relation=company_price_confirmed_macro_secondary,capacity=slot_competition_very_high|same_entry_candidates=16|active_relations=0|risk=extension_proxy|microstructure=SOURCE_PENDING_NOT_USED,1,16,2,7,0,0,1,,high_quality_setup,BASELINE_ALLOWED,1,0,0,0
TASK617|AMD|20250610T140000Z|slot_decision_explanation,TASK617|AMD|20250610T140000Z,AMD,2025-06-12 14:30:00+00:00,2025-06-10 14:00:00+00:00,ai_semiconductors,train_design,priority_candidate,setup=high_quality_setup|catalyst=contract_customer_backlog|price=price_confirmed_basic|theme=participating_theme|relation=relation_reinforcing,capacity=slot_competition_very_high|same_entry_candidates=16|active_relations=0|risk=proxy_neutral|microstructure=SOURCE_PENDING_NOT_USED,1,16,6,9,0,0,1,,high_quality_setup,STRENGTH_HOLD_CANDIDATE,1,0,0,0
TASK617|NVDA|20250610T150000Z|slot_decision_explanation,TASK617|NVDA|20250610T150000Z,NVDA,2025-06-12 14:30:00+00:00,2025-06-10 15:00:00+00:00,ai_semiconductors,train_design,priority_candidate,setup=high_quality_setup|catalyst=contract_customer_backlog|price=price_confirmed_basic|theme=participating_theme|relation=relation_reinforcing,capacity=slot_competition_very_high|same_entry_candidates=16|active_relations=0|risk=proxy_neutral|microstructure=SOURCE_PENDING_NOT_USED,1,16,6,9,0,0,1,,high_quality_setup,STRENGTH_HOLD_CANDIDATE,1,0,0,0
TASK617|AVGO|20250610T154500Z|slot_decision_explanation,TASK617|AVGO|20250610T154500Z,AVGO,2025-06-12 14:30:00+00:00,2025-06-10 15:45:00+00:00,ai_semiconductors,train_design,priority_candidate,setup=high_quality_setup|catalyst=contract_customer_backlog|price=price_accepted_needs_confirmation|theme=participating_theme|relation=relation_reinforcing,capacity=slot_competition_very_high|same_entry_candidates=16|active_relations=0|risk=proxy_neutral|microstructure=SOURCE_PENDING_NOT_USED,1,16,6,9,0,0,1,,high_quality_setup,STRENGTH_HOLD_CANDIDATE,1,0,0,0
TASK617|ASTS|20250610T163000Z|slot_decision_explanation,TASK617|ASTS|20250610T163000Z,ASTS,2025-06-12 14:30:00+00:00,2025-06-10 16:30:00+00:00,aerospace_defense_space,train_design,priority_candidate,setup=high_quality_setup|catalyst=contract_customer_backlog|price=price_confirmed_basic|theme=participating_theme|relation=company_price_confirmed_macro_secondary,capacity=slot_competition_very_high|same_entry_candidates=16|active_relations=0|risk=proxy_neutral|microstructure=SOURCE_PENDING_NOT_USED,1,16,2,7,0,0,1,,high_quality_setup,BASELINE_ALLOWED,1,0,0,0
TASK617|CRWD|20250610T181500Z|slot_decision_explanation,TASK617|CRWD|20250610T181500Z,CRWD,2025-06-12 14:30:00+00:00,2025-06-10 18:15:00+00:00,cybersecurity,train_design,priority_candidate,setup=medium_quality_setup|catalyst=contract_customer_backlog|price=price_confirmed_basic|theme=participating_theme|relation=relation_reinforcing,capacity=slot_competition_very_high|same_entry_candidates=16|active_relations=0|risk=proxy_neutral|microstructure=SOURCE_PENDING_NOT_USED,1,16,2,9,0,0,1,,medium_quality_setup,STRENGTH_HOLD_CANDIDATE,1,0,0,0
TASK617|TSM|20250610T184500Z|slot_decision_explanation,TASK617|TSM|20250610T184500Z,TSM,2025-06-12 14:30:00+00:00,2025-06-10 18:45:00+00:00,ai_semiconductors,train_design,priority_candidate,setup=high_quality_setup|catalyst=contract_customer_backlog|price=price_confirmed_basic|theme=participating_theme|relation=relation_reinforcing,capacity=slot_competition_very_high|same_entry_candidates=16|active_relations=0|risk=proxy_neutral|microstructure=SOURCE_PENDING_NOT_USED,1,16,6,9,0,0,1,,high_quality_setup,STRENGTH_HOLD_CANDIDATE,1,0,0,0
TASK617|IBIT|20250610T191500Z|slot_decision_explanation,TASK617|IBIT|20250610T191500Z,IBIT,2025-06-12 14:30:00+00:00,2025-06-10 19:15:00+00:00,crypto_fintech,train_design,priority_candidate,setup=high_quality_setup|catalyst=contract_customer_backlog|price=price_confirmed_basic|theme=emerging_leadership|relation=company_price_confirmed_macro_secondary,capacity=slot_competition_very_high|same_entry_candidates=16|active_relations=0|risk=proxy_neutral|microstructure=SOURCE_PENDING_NOT_USED,1,16,1,7,0,0,1,,high_quality_setup,BASELINE_ALLOWED,1,0,0,0
TASK617|META|20250610T194500Z|slot_decision_explanation,TASK617|META|20250610T194500Z,META,2025-06-12 14:30:00+00:00,2025-06-10 19:45:00+00:00,cloud_ai_platforms,train_design,priority_candidate,setup=high_quality_setup|catalyst=contract_customer_backlog|price=price_confirmed_basic|theme=participating_theme|relation=company_price_confirmed_macro_secondary,capacity=slot_competition_very_high|same_entry_candidates=16|active_relations=0|risk=proxy_neutral|microstructure=SOURCE_PENDING_NOT_USED,1,16,2,7,0,0,1,,high_quality_setup,BASELINE_ALLOWED,1,0,0,0
TASK617|MSFT|20250611T133000Z|slot_decision_explanation,TASK617|MSFT|20250611T133000Z,MSFT,2025-06-13 14:30:00+00:00,2025-06-11 13:30:00+00:00,cloud_ai_platforms,train_design,confirmation_required_candidate,setup=medium_quality_setup|catalyst=contract_customer_backlog|price=price_confirmed_basic|theme=fading_leadership|relation=company_price_confirmed_macro_secondary,capacity=slot_competition_very_high|same_entry_candidates=17|active_relations=0|risk=proxy_neutral|microstructure=SOURCE_PENDING_NOT_USED,1,17,2,9,0,0,1,,medium_quality_setup,BASELINE_ALLOWED,1,0,0,0
TASK617|AFRM|20250611T133000Z|slot_decision_explanation,TASK617|AFRM|20250611T133000Z,AFRM,2025-06-13 14:30:00+00:00,2025-06-11 13:30:00+00:00,crypto_fintech,train_design,priority_candidate,setup=high_quality_setup|catalyst=contract_customer_backlog|price=price_confirmed_basic|theme=participating_theme|relation=company_price_confirmed_macro_secondary,capacity=slot_competition_very_high|same_entry_candidates=17|active_relations=0|risk=proxy_neutral|microstructure=SOURCE_PENDING_NOT_USED,1,17,3,9,0,0,1,,high_quality_setup,BASELINE_ALLOWED,1,0,0,0
TASK617|GEV|20250611T133000Z|slot_decision_explanation,TASK617|GEV|20250611T133000Z,GEV,2025-06-13 14:30:00+00:00,2025-06-11 13:30:00+00:00,power_grid_electrification,train_design,priority_candidate,setup=high_quality_setup|catalyst=contract_customer_backlog|price=price_confirmed_but_extended|theme=participating_theme|relation=relation_reinforcing,capacity=slot_competition_very_high|same_entry_candidates=17|active_relations=0|risk=extension_proxy|microstructure=SOURCE_PENDING_NOT_USED,1,17,1,8,0,0,1,,high_quality_setup,STRENGTH_HOLD_CANDIDATE,1,0,0,0
TASK617|ORCL|20250611T133000Z|slot_decision_explanation,TASK617|ORCL|20250611T133000Z,ORCL,2025-06-13 14:30:00+00:00,2025-06-11 13:30:00+00:00,cloud_ai_platforms,train_design,confirmation_required_candidate,setup=medium_quality_setup|catalyst=contract_customer_backlog|price=price_confirmed_basic|theme=fading_leadership|relation=company_price_confirmed_macro_secondary,capacity=slot_competition_very_high|same_entry_candidates=17|active_relations=0|risk=proxy_neutral|microstructure=SOURCE_PENDING_NOT_USED,1,17,2,9,0,0,1,,medium_quality_setup,BASELINE_ALLOWED,1,0,0,0
TASK617|NVO|20250611T134500Z|slot_decision_explanation,TASK617|NVO|20250611T134500Z,NVO,2025-06-13 14:30:00+00:00,2025-06-11 13:45:00+00:00,biotech_glp1_healthcare,train_design,priority_candidate,setup=high_quality_setup|catalyst=contract_customer_backlog|price=price_confirmed_basic|theme=participating_theme|relation=company_price_confirmed_macro_secondary,capacity=slot_competition_very_high|same_entry_candidates=17|active_relations=0|risk=proxy_neutral|microstructure=SOURCE_PENDING_NOT_USED,1,17,1,9,0,0,1,,high_quality_setup,BASELINE_ALLOWED,1,0,0,0
TASK617|GE|20250611T134500Z|slot_decision_explanation,TASK617|GE|20250611T134500Z,GE,2025-06-13 14:30:00+00:00,2025-06-11 13:45:00+00:00,industrial_automation_robotics,train_design,priority_candidate,setup=high_quality_setup|catalyst=contract_customer_backlog|price=price_confirmed_basic|theme=participating_theme|relation=relation_reinforcing,capacity=slot_competition_very_high|same_entry_candidates=17|active_relations=0|risk=proxy_neutral|microstructure=SOURCE_PENDING_NOT_USED,1,17,2,8,0,0,1,,high_quality_setup,STRENGTH_HOLD_CANDIDATE,1,0,0,0
TASK617|TSM|20250611T134500Z|slot_decision_explanation,TASK617|TSM|20250611T134500Z,TSM,2025-06-13 14:30:00+00:00,2025-06-11 13:45:00+00:00,ai_semiconductors,train_design,priority_candidate,setup=high_quality_setup|catalyst=contract_customer_backlog|price=price_confirmed_basic|theme=participating_theme|relation=relation_reinforcing,capacity=slot_competition_very_high|same_entry_candidates=17|active_relations=0|risk=proxy_neutral|microstructure=SOURCE_PENDING_NOT_USED,1,17,2,8,0,0,1,,high_quality_setup,STRENGTH_HOLD_CANDIDATE,1,0,0,0
TASK617|AVGO|20250611T134500Z|slot_decision_explanation,TASK617|AVGO|20250611T134500Z,AVGO,2025-06-13 14:30:00+00:00,2025-06-11 13:45:00+00:00,ai_semiconductors,train_design,priority_candidate,setup=high_quality_setup|catalyst=contract_customer_backlog|price=price_confirmed_basic|theme=participating_theme|relation=relation_reinforcing,capacity=slot_competition_very_high|same_entry_candidates=17|active_relations=0|risk=proxy_neutral|microstructure=SOURCE_PENDING_NOT_USED,1,17,2,8,0,0,1,,high_quality_setup,STRENGTH_HOLD_CANDIDATE,1,0,0,0
TASK617|ZS|20250611T141500Z|slot_decision_explanation,TASK617|ZS|20250611T141500Z,ZS,2025-06-13 14:30:00+00:00,2025-06-11 14:15:00+00:00,cybersecurity,train_design,priority_candidate,setup=medium_quality_setup|catalyst=contract_customer_backlog|price=price_confirmed_basic|theme=fading_leadership|relation=relation_reinforcing,capacity=slot_competition_very_high|same_entry_candidates=17|active_relations=0|risk=proxy_neutral|microstructure=SOURCE_PENDING_NOT_USED,1,17,3,8,0,0,1,,medium_quality_setup,STRENGTH_HOLD_CANDIDATE,1,0,0,0
TASK617|CRWD|20250611T141500Z|slot_decision_explanation,TASK617|CRWD|20250611T141500Z,CRWD,2025-06-13 14:30:00+00:00,2025-06-11 14:15:00+00:00,cybersecurity,train_design,priority_candidate,setup=medium_quality_setup|catalyst=contract_customer_backlog|price=price_confirmed_basic|theme=fading_leadership|relation=relation_reinforcing,capacity=slot_competition_very_high|same_entry_candidates=17|active_relations=0|risk=proxy_neutral|microstructure=SOURCE_PENDING_NOT_USED,1,17,3,8,0,0,1,,medium_quality_setup,STRENGTH_HOLD_CANDIDATE,1,0,0,0
TASK617|ASTS|20250611T141500Z|slot_decision_explanation,TASK617|ASTS|20250611T141500Z,ASTS,2025-06-13 14:30:00+00:00,2025-06-11 14:15:00+00:00,aerospace_defense_space,train_design,priority_candidate,setup=high_quality_setup|catalyst=contract_customer_backlog|price=price_confirmed_basic|theme=participating_theme|relation=company_price_confirmed_macro_secondary,capacity=slot_competition_very_high|same_entry_candidates=17|active_relations=0|risk=high_liquidity_momentum_proxy|microstructure=SOURCE_PENDING_NOT_USED,1,17,3,9,0,0,1,,high_quality_setup,BASELINE_ALLOWED,1,0,0,0
TASK617|HOOD|20250611T143000Z|slot_decision_explanation,TASK617|HOOD|20250611T143000Z,HOOD,2025-06-13 14:30:00+00:00,2025-06-11 14:30:00+00:00,crypto_fintech,train_design,priority_candidate,setup=high_quality_setup|catalyst=contract_customer_backlog|price=price_confirmed_but_extended|theme=participating_theme|relation=company_price_confirmed_macro_secondary,capacity=slot_competition_very_high|same_entry_candidates=17|active_relations=0|risk=extension_proxy|microstructure=SOURCE_PENDING_NOT_USED,1,17,3,9,0,0,1,,high_quality_setup,BASELINE_ALLOWED,1,0,0,0
TASK617|SOFI|20250611T143000Z|slot_decision_explanation,TASK617|SOFI|20250611T143000Z,SOFI,2025-06-13 14:30:00+00:00,2025-06-11 14:30:00+00:00,crypto_fintech,train_design,priority_candidate,setup=high_quality_setup|catalyst=contract_customer_backlog|price=price_confirmed_basic|theme=participating_theme|relation=company_price_confirmed_macro_secondary,capacity=slot_competition_very_high|same_entry_candidates=17|active_relations=0|risk=proxy_neutral|microstructure=SOURCE_PENDING_NOT_USED,1,17,3,9,0,0,1,,high_quality_setup,BASELINE_ALLOWED,1,0,0,0
TASK617|NET|20250611T144500Z|slot_decision_explanation,TASK617|NET|20250611T144500Z,NET,2025-06-13 14:30:00+00:00,2025-06-11 14:45:00+00:00,cybersecurity,train_design,priority_candidate,setup=medium_quality_setup|catalyst=contract_customer_backlog|price=price_confirmed_basic|theme=fading_leadership|relation=relation_reinforcing,capacity=slot_competition_very_high|same_entry_candidates=17|active_relations=0|risk=proxy_neutral|microstructure=SOURCE_PENDING_NOT_USED,1,17,3,8,0,0,1,,medium_quality_setup,STRENGTH_HOLD_CANDIDATE,1,0,0,0
TASK617|RTX|20250611T150000Z|slot_decision_explanation,TASK617|RTX|20250611T150000Z,RTX,2025-06-13 14:30:00+00:00,2025-06-11 15:00:00+00:00,aerospace_defense_space,train_design,priority_candidate,setup=high_quality_setup|catalyst=contract_customer_backlog|price=price_confirmed_basic|theme=participating_theme|relation=company_price_confirmed_macro_secondary,capacity=slot_competition_very_high|same_entry_candidates=17|active_relations=0|risk=high_liquidity_momentum_proxy|microstructure=SOURCE_PENDING_NOT_USED,1,17,3,9,0,0,1,,high_quality_setup,BASELINE_ALLOWED,1,0,0,0
TASK617|ROK|20250611T170000Z|slot_decision_explanation,TASK617|ROK|20250611T170000Z,ROK,2025-06-13 14:30:00+00:00,2025-06-11 17:00:00+00:00,industrial_automation_robotics,train_design,priority_candidate,setup=high_quality_setup|catalyst=contract_customer_backlog|price=price_confirmed_basic|theme=participating_theme|relation=relation_reinforcing,capacity=slot_competition_very_high|same_entry_candidates=17|active_relations=0|risk=proxy_neutral|microstructure=SOURCE_PENDING_NOT_USED,1,17,2,8,0,0,1,,high_quality_setup,STRENGTH_HOLD_CANDIDATE,1,0,0,0
TASK617|RKLB|20250611T173000Z|slot_decision_explanation,TASK617|RKLB|20250611T173000Z,RKLB,2025-06-13 14:30:00+00:00,2025-06-11 17:30:00+00:00,aerospace_defense_space,train_design,priority_candidate,setup=high_quality_setup|catalyst=contract_customer_backlog|price=price_accepted_needs_confirmation|theme=participating_theme|relation=company_price_confirmed_macro_secondary,capacity=slot_competition_very_high|same_entry_candidates=17|active_relations=0|risk=high_liquidity_momentum_proxy|microstructure=SOURCE_PENDING_NOT_USED,1,17,3,9,0,0,1,,high_quality_setup,BASELINE_ALLOWED,1,0,0,0
TASK617|NVDA|20250612T133000Z|slot_decision_explanation,TASK617|NVDA|20250612T133000Z,NVDA,2025-06-16 14:30:00+00:00,2025-06-12 13:30:00+00:00,ai_semiconductors,train_design,priority_candidate,setup=high_quality_setup|catalyst=contract_customer_backlog|price=price_confirmed_not_extended|theme=participating_theme|relation=relation_reinforcing,capacity=slot_competition_very_high|same_entry_candidates=18|active_relations=0|risk=proxy_neutral|microstructure=SOURCE_PENDING_NOT_USED,1,18,4,7,0,0,1,,high_quality_setup,STRENGTH_HOLD_CANDIDATE,1,0,0,0
TASK617|HOOD|20250612T133000Z|slot_decision_explanation,TASK617|HOOD|20250612T133000Z,HOOD,2025-06-16 14:30:00+00:00,2025-06-12 13:30:00+00:00,crypto_fintech,train_design,priority_candidate,setup=high_quality_setup|catalyst=contract_customer_backlog|price=price_confirmed_basic|theme=participating_theme|relation=company_price_confirmed_macro_secondary,capacity=slot_competition_very_high|same_entry_candidates=18|active_relations=0|risk=proxy_neutral|microstructure=SOURCE_PENDING_NOT_USED,1,18,2,6,0,0,1,,high_quality_setup,BASELINE_ALLOWED,1,0,0,0
TASK617|ZS|20250612T133000Z|slot_decision_explanation,TASK617|ZS|20250612T133000Z,ZS,2025-06-16 14:30:00+00:00,2025-06-12 13:30:00+00:00,cybersecurity,train_design,priority_candidate,setup=medium_quality_setup|catalyst=contract_customer_backlog|price=price_confirmed_but_extended|theme=fading_leadership|relation=relation_reinforcing,capacity=slot_competition_very_high|same_entry_candidates=18|active_relations=0|risk=extension_proxy|microstructure=SOURCE_PENDING_NOT_USED,1,18,3,7,0,0,1,,medium_quality_setup,STRENGTH_HOLD_CANDIDATE,1,0,0,0
TASK617|SOFI|20250612T133000Z|slot_decision_explanation,TASK617|SOFI|20250612T133000Z,SOFI,2025-06-16 14:30:00+00:00,2025-06-12 13:30:00+00:00,crypto_fintech,train_design,priority_candidate,setup=high_quality_setup|catalyst=contract_customer_backlog|price=price_confirmed_basic|theme=participating_theme|relation=company_price_confirmed_macro_secondary,capacity=slot_competition_very_high|same_entry_candidates=18|active_relations=0|risk=proxy_neutral|microstructure=SOURCE_PENDING_NOT_USED,1,18,2,6,0,0,1,,high_quality_setup,BASELINE_ALLOWED,1,0,0,0
TASK617|ORCL|20250612T133000Z|slot_decision_explanation,TASK617|ORCL|20250612T133000Z,ORCL,2025-06-16 14:30:00+00:00,2025-06-12 13:30:00+00:00,cloud_ai_platforms,train_design,priority_candidate,setup=high_quality_setup|catalyst=contract_customer_backlog|price=price_confirmed_basic|theme=participating_theme|relation=company_price_confirmed_macro_secondary,capacity=slot_competition_very_high|same_entry_candidates=18|active_relations=0|risk=high_liquidity_momentum_proxy|microstructure=SOURCE_PENDING_NOT_USED,1,18,3,6,0,0,1,,high_quality_setup,BASELINE_ALLOWED,1,0,0,0
TASK617|AVGO|20250612T133000Z|slot_decision_explanation,TASK617|AVGO|20250612T133000Z,AVGO,2025-06-16 14:30:00+00:00,2025-06-12 13:30:00+00:00,ai_semiconductors,train_design,priority_candidate,setup=high_quality_setup|catalyst=contract_customer_backlog|price=price_confirmed_basic|theme=participating_theme|relation=relation_reinforcing,capacity=slot_competition_very_high|same_entry_candidates=18|active_relations=0|risk=proxy_neutral|microstructure=SOURCE_PENDING_NOT_USED,1,18,4,7,0,0,1,,high_quality_setup,STRENGTH_HOLD_CANDIDATE,1,0,0,0
TASK617|CRWD|20250612T133000Z|slot_decision_explanation,TASK617|CRWD|20250612T133000Z,CRWD,2025-06-16 14:30:00+00:00,2025-06-12 13:30:00+00:00,cybersecurity,train_design,priority_candidate,setup=medium_quality_setup|catalyst=contract_customer_backlog|price=price_confirmed_but_extended|theme=fading_leadership|relation=relation_reinforcing,capacity=slot_competition_very_high|same_entry_candidates=18|active_relations=0|risk=extension_proxy|microstructure=SOURCE_PENDING_NOT_USED,1,18,3,7,0,0,1,,medium_quality_setup,STRENGTH_HOLD_CANDIDATE,1,0,0,0
TASK617|MRVL|20250612T133000Z|slot_decision_explanation,TASK617|MRVL|20250612T133000Z,MRVL,2025-06-16 14:30:00+00:00,2025-06-12 13:30:00+00:00,ai_semiconductors,train_design,priority_candidate,setup=high_quality_setup|catalyst=contract_customer_backlog|price=price_confirmed_basic|theme=participating_theme|relation=relation_reinforcing,capacity=slot_competition_very_high|same_entry_candidates=18|active_relations=0|risk=proxy_neutral|microstructure=SOURCE_PENDING_NOT_USED,1,18,4,7,0,0,1,,high_quality_setup,STRENGTH_HOLD_CANDIDATE,1,0,0,0
TASK617|NET|20250612T133000Z|slot_decision_explanation,TASK617|NET|20250612T133000Z,NET,2025-06-16 14:30:00+00:00,2025-06-12 13:30:00+00:00,cybersecurity,train_design,priority_candidate,setup=medium_quality_setup|catalyst=contract_customer_backlog|price=price_confirmed_basic|theme=fading_leadership|relation=relation_reinforcing,capacity=slot_competition_very_high|same_entry_candidates=18|active_relations=0|risk=proxy_neutral|microstructure=SOURCE_PENDING_NOT_USED,1,18,3,7,0,0,1,,medium_quality_setup,STRENGTH_HOLD_CANDIDATE,1,0,0,0
TASK617|RTX|20250612T134500Z|slot_decision_explanation,TASK617|RTX|20250612T134500Z,RTX,2025-06-16 14:30:00+00:00,2025-06-12 13:45:00+00:00,aerospace_defense_space,train_design,normal_candidate,setup=research_only_setup|catalyst=contract_customer_backlog|price=price_confirmed_basic|theme=participating_theme|relation=relation_sparse_research_only,capacity=slot_competition_very_high|same_entry_candidates=18|active_relations=0|risk=high_liquidity_momentum_proxy|microstructure=SOURCE_PENDING_NOT_USED,1,18,2,3,0,0,1,,research_only_setup,RESEARCH_ONLY,1,0,0,0
TASK617|VST|20250612T140000Z|slot_decision_explanation,TASK617|VST|20250612T140000Z,VST,2025-06-16 14:30:00+00:00,2025-06-12 14:00:00+00:00,power_grid_electrification,train_design,priority_candidate,setup=high_quality_setup|catalyst=contract_customer_backlog|price=price_confirmed_but_extended|theme=participating_theme|relation=relation_offsetting,capacity=slot_competition_very_high|same_entry_candidates=18|active_relations=0|risk=extension_proxy|microstructure=SOURCE_PENDING_NOT_USED,1,18,2,2,0,0,1,,high_quality_setup,REDUCE_DURATION,1,0,0,0
TASK617|MSFT|20250612T140000Z|slot_decision_explanation,TASK617|MSFT|20250612T140000Z,MSFT,2025-06-16 14:30:00+00:00,2025-06-12 14:00:00+00:00,cloud_ai_platforms,train_design,priority_candidate,setup=high_quality_setup|catalyst=contract_customer_backlog|price=price_confirmed_basic|theme=participating_theme|relation=company_price_confirmed_macro_secondary,capacity=slot_competition_very_high|same_entry_candidates=18|active_relations=0|risk=high_liquidity_momentum_proxy|microstructure=SOURCE_PENDING_NOT_USED,1,18,3,6,0,0,1,,high_quality_setup,BASELINE_ALLOWED,1,0,0,0
TASK617|TSM|20250612T141500Z|slot_decision_explanation,TASK617|TSM|20250612T141500Z,TSM,2025-06-16 14:30:00+00:00,2025-06-12 14:15:00+00:00,ai_semiconductors,train_design,priority_candidate,setup=high_quality_setup|catalyst=contract_customer_backlog|price=price_confirmed_basic|theme=participating_theme|relation=relation_reinforcing,capacity=slot_competition_very_high|same_entry_candidates=18|active_relations=0|risk=proxy_neutral|microstructure=SOURCE_PENDING_NOT_USED,1,18,4,7,0,0,1,,high_quality_setup,STRENGTH_HOLD_CANDIDATE,1,0,0,0
TASK617|NVO|20250612T143000Z|slot_decision_explanation,TASK617|NVO|20250612T143000Z,NVO,2025-06-16 14:30:00+00:00,2025-06-12 14:30:00+00:00,biotech_glp1_healthcare,train_design,priority_candidate,setup=high_quality_setup|catalyst=contract_customer_backlog|price=price_confirmed_basic|theme=participating_theme|relation=company_price_confirmed_macro_secondary,capacity=slot_competition_very_high|same_entry_candidates=18|active_relations=0|risk=proxy_neutral|microstructure=SOURCE_PENDING_NOT_USED,1,18,1,6,0,0,1,,high_quality_setup,BASELINE_ALLOWED,1,0,0,0
TASK617|ROK|20250612T153000Z|slot_decision_explanation,TASK617|ROK|20250612T153000Z,ROK,2025-06-16 14:30:00+00:00,2025-06-12 15:30:00+00:00,industrial_automation_robotics,train_design,normal_candidate,setup=research_only_setup|catalyst=contract_customer_backlog|price=price_confirmed_basic|theme=participating_theme|relation=relation_sparse_research_only,capacity=slot_competition_very_high|same_entry_candidates=18|active_relations=0|risk=proxy_neutral|microstructure=SOURCE_PENDING_NOT_USED,1,18,1,3,0,0,1,,research_only_setup,RESEARCH_ONLY,1,0,0,0
TASK617|GEV|20250612T154500Z|slot_decision_explanation,TASK617|GEV|20250612T154500Z,GEV,2025-06-16 14:30:00+00:00,2025-06-12 15:45:00+00:00,power_grid_electrification,train_design,priority_candidate,setup=high_quality_setup|catalyst=contract_customer_backlog|price=price_confirmed_basic|theme=participating_theme|relation=relation_offsetting,capacity=slot_competition_very_high|same_entry_candidates=18|active_relations=0|risk=proxy_neutral|microstructure=SOURCE_PENDING_NOT_USED,1,18,2,2,0,0,1,,high_quality_setup,REDUCE_DURATION,1,0,0,0
TASK617|GOOGL|20250612T163000Z|slot_decision_explanation,TASK617|GOOGL|20250612T163000Z,GOOGL,2025-06-16 14:30:00+00:00,2025-06-12 16:30:00+00:00,cloud_ai_platforms,train_design,priority_candidate,setup=high_quality_setup|catalyst=contract_customer_backlog|price=price_confirmed_basic|theme=participating_theme|relation=company_price_confirmed_macro_secondary,capacity=slot_competition_very_high|same_entry_candidates=18|active_relations=0|risk=high_liquidity_momentum_proxy|microstructure=SOURCE_PENDING_NOT_USED,1,18,3,6,0,0,1,,high_quality_setup,BASELINE_ALLOWED,1,0,0,0
TASK617|ASTS|20250612T173000Z|slot_decision_explanation,TASK617|ASTS|20250612T173000Z,ASTS,2025-06-16 14:30:00+00:00,2025-06-12 17:30:00+00:00,aerospace_defense_space,train_design,normal_candidate,setup=research_only_setup|catalyst=contract_customer_backlog|price=price_confirmed_but_extended|theme=participating_theme|relation=relation_sparse_research_only,capacity=slot_competition_very_high|same_entry_candidates=18|active_relations=0|risk=extension_proxy|microstructure=SOURCE_PENDING_NOT_USED,1,18,2,3,0,0,1,,research_only_setup,RESEARCH_ONLY,1,0,0,0
TASK617|DDOG|20250617T134500Z|slot_decision_explanation,TASK617|DDOG|20250617T134500Z,DDOG,2025-06-20 14:30:00+00:00,2025-06-17 13:45:00+00:00,data_devops_software,train_design,priority_candidate,setup=medium_quality_setup|catalyst=contract_customer_backlog|price=price_confirmed_but_extended|theme=fading_leadership|relation=relation_reinforcing,capacity=slot_competition_low|same_entry_candidates=2|active_relations=0|risk=extension_proxy|microstructure=SOURCE_PENDING_NOT_USED,0,2,2,2,0,0,1,,medium_quality_setup,STRENGTH_HOLD_CANDIDATE,1,0,0,0
TASK617|SNOW|20250617T134500Z|slot_decision_explanation,TASK617|SNOW|20250617T134500Z,SNOW,2025-06-20 14:30:00+00:00,2025-06-17 13:45:00+00:00,data_devops_software,train_design,priority_candidate,setup=medium_quality_setup|catalyst=contract_customer_backlog|price=price_confirmed_basic|theme=fading_leadership|relation=relation_reinforcing,capacity=slot_competition_low|same_entry_candidates=2|active_relations=0|risk=proxy_neutral|microstructure=SOURCE_PENDING_NOT_USED,0,2,2,2,0,0,1,,medium_quality_setup,STRENGTH_HOLD_CANDIDATE,1,0,0,0
TASK617|DDOG|20250623T133000Z|slot_decision_explanation,TASK617|DDOG|20250623T133000Z,DDOG,2025-06-25 14:30:00+00:00,2025-06-23 13:30:00+00:00,data_devops_software,train_design,priority_candidate,setup=medium_quality_setup|catalyst=contract_customer_backlog|price=price_confirmed_basic|theme=fading_leadership|relation=relation_reinforcing,capacity=slot_competition_low|same_entry_candidates=3|active_relations=0|risk=proxy_neutral|microstructure=SOURCE_PENDING_NOT_USED,0,3,3,3,0,0,1,,medium_quality_setup,STRENGTH_HOLD_CANDIDATE,1,0,0,0
TASK617|SNOW|20250623T133000Z|slot_decision_explanation,TASK617|SNOW|20250623T133000Z,SNOW,2025-06-25 14:30:00+00:00,2025-06-23 13:30:00+00:00,data_devops_software,train_design,priority_candidate,setup=medium_quality_setup|catalyst=contract_customer_backlog|price=price_confirmed_basic|theme=fading_leadership|relation=relation_reinforcing,capacity=slot_competition_low|same_entry_candidates=3|active_relations=0|risk=proxy_neutral|microstructure=SOURCE_PENDING_NOT_USED,0,3,3,3,0,0,1,,medium_quality_setup,STRENGTH_HOLD_CANDIDATE,1,0,0,0
TASK617|PLTR|20250623T141500Z|slot_decision_explanation,TASK617|PLTR|20250623T141500Z,PLTR,2025-06-25 14:30:00+00:00,2025-06-23 14:15:00+00:00,data_devops_software,train_design,priority_candidate,setup=medium_quality_setup|catalyst=contract_customer_backlog|price=price_confirmed_basic|theme=fading_leadership|relation=relation_reinforcing,capacity=slot_competition_low|same_entry_candidates=3|active_relations=0|risk=proxy_neutral|microstructure=SOURCE_PENDING_NOT_USED,0,3,3,3,0,0,1,,medium_quality_setup,STRENGTH_HOLD_CANDIDATE,1,0,0,0
TASK617|PLTR|20250624T141500Z|slot_decision_explanation,TASK617|PLTR|20250624T141500Z,PLTR,2025-06-26 14:30:00+00:00,2025-06-24 14:15:00+00:00,data_devops_software,train_design,priority_candidate,setup=medium_quality_setup|catalyst=contract_customer_backlog|price=price_confirmed_basic|theme=participating_theme|relation=relation_reinforcing,capacity=slot_competition_low|same_entry_candidates=2|active_relations=0|risk=proxy_neutral|microstructure=SOURCE_PENDING_NOT_USED,0,2,2,2,0,0,1,,medium_quality_setup,STRENGTH_HOLD_CANDIDATE,1,0,0,0
TASK617|SNOW|20250624T161500Z|slot_decision_explanation,TASK617|SNOW|20250624T161500Z,SNOW,2025-06-26 14:30:00+00:00,2025-06-24 16:15:00+00:00,data_devops_software,train_design,priority_candidate,setup=medium_quality_setup|catalyst=contract_customer_backlog|price=price_confirmed_basic|theme=participating_theme|relation=relation_reinforcing,capacity=slot_competition_low|same_entry_candidates=2|active_relations=0|risk=proxy_neutral|microstructure=SOURCE_PENDING_NOT_USED,0,2,2,2,0,0,1,,medium_quality_setup,STRENGTH_HOLD_CANDIDATE,1,0,0,0
TASK617|PLTR|20250625T133000Z|slot_decision_explanation,TASK617|PLTR|20250625T133000Z,PLTR,2025-06-27 14:30:00+00:00,2025-06-25 13:30:00+00:00,data_devops_software,train_design,priority_candidate,setup=medium_quality_setup|catalyst=contract_customer_backlog|price=price_confirmed_basic|theme=fading_leadership|relation=relation_reinforcing,capacity=slot_competition_low|same_entry_candidates=1|active_relations=0|risk=proxy_neutral|microstructure=SOURCE_PENDING_NOT_USED,0,1,1,1,0,0,1,,medium_quality_setup,STRENGTH_HOLD_CANDIDATE,1,0,0,0
TASK617|PLTR|20250626T133000Z|slot_decision_explanation,TASK617|PLTR|20250626T133000Z,PLTR,2025-06-30 14:30:00+00:00,2025-06-26 13:30:00+00:00,data_devops_software,train_design,priority_candidate,setup=medium_quality_setup|catalyst=contract_customer_backlog|price=price_confirmed_basic|theme=participating_theme|relation=relation_reinforcing,capacity=slot_competition_low|same_entry_candidates=4|active_relations=0|risk=proxy_neutral|microstructure=SOURCE_PENDING_NOT_USED,0,4,3,3,0,0,1,,medium_quality_setup,STRENGTH_HOLD_CANDIDATE,1,0,0,0
TASK617|ASTS|20250626T133000Z|slot_decision_explanation,TASK617|ASTS|20250626T133000Z,ASTS,2025-06-30 14:30:00+00:00,2025-06-26 13:30:00+00:00,aerospace_defense_space,train_design,priority_candidate,setup=high_quality_setup|catalyst=guidance_margin_upgrade|price=price_confirmed_but_extended|theme=persistent_leadership|relation=company_price_confirmed_macro_secondary,capacity=slot_competition_low|same_entry_candidates=4|active_relations=0|risk=extension_proxy|microstructure=SOURCE_PENDING_NOT_USED,0,4,1,1,0,0,1,,high_quality_setup,BASELINE_ALLOWED,1,0,0,0
TASK617|MDB|20250626T150000Z|slot_decision_explanation,TASK617|MDB|20250626T150000Z,MDB,2025-06-30 14:30:00+00:00,2025-06-26 15:00:00+00:00,data_devops_software,train_design,priority_candidate,setup=fragile_setup|catalyst=contract_customer_backlog|price=price_fragile_or_unconfirmed|theme=participating_theme|relation=relation_reinforcing,capacity=slot_competition_low|same_entry_candidates=4|active_relations=0|risk=proxy_neutral|microstructure=SOURCE_PENDING_NOT_USED,0,4,3,3,0,0,1,,fragile_setup,STRENGTH_HOLD_CANDIDATE,1,0,0,0
TASK617|DDOG|20250626T154500Z|slot_decision_explanation,TASK617|DDOG|20250626T154500Z,DDOG,2025-06-30 14:30:00+00:00,2025-06-26 15:45:00+00:00,data_devops_software,train_design,priority_candidate,setup=medium_quality_setup|catalyst=contract_customer_backlog|price=price_confirmed_basic|theme=participating_theme|relation=relation_reinforcing,capacity=slot_competition_low|same_entry_candidates=4|active_relations=0|risk=proxy_neutral|microstructure=SOURCE_PENDING_NOT_USED,0,4,3,3,0,0,1,,medium_quality_setup,STRENGTH_HOLD_CANDIDATE,1,0,0,0
TASK617|GM|20250701T133000Z|slot_decision_explanation,TASK617|GM|20250701T133000Z,GM,2025-07-03 14:30:00+00:00,2025-07-01 13:30:00+00:00,ev_autonomy_mobility,validation,confirmation_required_candidate,setup=medium_quality_setup|catalyst=contract_customer_backlog|price=price_confirmed_basic|theme=participating_theme|relation=company_price_confirmed_macro_secondary,capacity=slot_competition_very_high|same_entry_candidates=24|active_relations=0|risk=high_liquidity_momentum_proxy|microstructure=SOURCE_PENDING_NOT_USED,1,24,4,17,0,0,1,,medium_quality_setup,BASELINE_ALLOWED,1,0,0,0
TASK617|HON|20250701T133000Z|slot_decision_explanation,TASK617|HON|20250701T133000Z,HON,2025-07-03 14:30:00+00:00,2025-07-01 13:30:00+00:00,industrial_automation_robotics,validation,priority_candidate,setup=high_quality_setup|catalyst=contract_customer_backlog|price=price_confirmed_basic|theme=participating_theme|relation=company_price_confirmed_macro_secondary,capacity=slot_competition_very_high|same_entry_candidates=24|active_relations=0|risk=proxy_neutral|microstructure=SOURCE_PENDING_NOT_USED,1,24,6,17,0,0,1,,high_quality_setup,BASELINE_ALLOWED,1,0,0,0
TASK617|COIN|20250701T133000Z|slot_decision_explanation,TASK617|COIN|20250701T133000Z,COIN,2025-07-03 14:30:00+00:00,2025-07-01 13:30:00+00:00,crypto_fintech,validation,priority_candidate,setup=high_quality_setup|catalyst=contract_customer_backlog|price=price_confirmed_but_extended|theme=persistent_leadership|relation=company_price_confirmed_macro_secondary,capacity=slot_competition_very_high|same_entry_candidates=24|active_relations=0|risk=extension_proxy|microstructure=SOURCE_PENDING_NOT_USED,1,24,5,17,0,0,1,,high_quality_setup,BASELINE_ALLOWED,1,0,0,0
TASK617|ROK|20250701T133000Z|slot_decision_explanation,TASK617|ROK|20250701T133000Z,ROK,2025-07-03 14:30:00+00:00,2025-07-01 13:30:00+00:00,industrial_automation_robotics,validation,priority_candidate,setup=high_quality_setup|catalyst=contract_customer_backlog|price=price_confirmed_basic|theme=participating_theme|relation=relation_reinforcing,capacity=slot_competition_very_high|same_entry_candidates=24|active_relations=0|risk=proxy_neutral|microstructure=SOURCE_PENDING_NOT_USED,1,24,6,7,0,0,1,,high_quality_setup,STRENGTH_HOLD_CANDIDATE,1,0,0,0
TASK617|ASML|20250701T133000Z|slot_decision_explanation,TASK617|ASML|20250701T133000Z,ASML,2025-07-03 14:30:00+00:00,2025-07-01 13:30:00+00:00,ai_semiconductors,validation,priority_candidate,setup=high_quality_setup|catalyst=contract_customer_backlog|price=price_confirmed_basic|theme=emerging_leadership|relation=relation_reinforcing,capacity=slot_competition_very_high|same_entry_candidates=24|active_relations=0|risk=proxy_neutral|microstructure=SOURCE_PENDING_NOT_USED,1,24,1,7,0,0,1,,high_quality_setup,STRENGTH_HOLD_CANDIDATE,1,0,0,0
TASK617|F|20250701T133000Z|slot_decision_explanation,TASK617|F|20250701T133000Z,F,2025-07-03 14:30:00+00:00,2025-07-01 13:30:00+00:00,ev_autonomy_mobility,validation,confirmation_required_candidate,setup=medium_quality_setup|catalyst=contract_customer_backlog|price=price_confirmed_but_extended|theme=participating_theme|relation=company_price_confirmed_macro_secondary,capacity=slot_competition_very_high|same_entry_candidates=24|active_relations=0|risk=extension_proxy|microstructure=SOURCE_PENDING_NOT_USED,1,24,4,17,0,0,1,,medium_quality_setup,BASELINE_ALLOWED,1,0,0,0
TASK617|MRNA|20250701T134500Z|slot_decision_explanation,TASK617|MRNA|20250701T134500Z,MRNA,2025-07-03 14:30:00+00:00,2025-07-01 13:45:00+00:00,biotech_glp1_healthcare,validation,confirmation_required_candidate,setup=medium_quality_setup|catalyst=contract_customer_backlog|price=price_confirmed_basic|theme=fading_leadership|relation=company_price_confirmed_macro_secondary,capacity=slot_competition_very_high|same_entry_candidates=24|active_relations=0|risk=proxy_neutral|microstructure=SOURCE_PENDING_NOT_USED,1,24,1,17,0,0,1,,medium_quality_setup,BASELINE_ALLOWED,1,0,0,0
TASK617|SOFI|20250701T134500Z|slot_decision_explanation,TASK617|SOFI|20250701T134500Z,SOFI,2025-07-03 14:30:00+00:00,2025-07-01 13:45:00+00:00,crypto_fintech,validation,priority_candidate,setup=high_quality_setup|catalyst=contract_customer_backlog|price=price_confirmed_basic|theme=persistent_leadership|relation=company_price_confirmed_macro_secondary,capacity=slot_competition_very_high|same_entry_candidates=24|active_relations=0|risk=high_liquidity_momentum_proxy|microstructure=SOURCE_PENDING_NOT_USED,1,24,5,17,0,0,1,,high_quality_setup,BASELINE_ALLOWED,1,0,0,0
TASK617|AFRM|20250701T134500Z|slot_decision_explanation,TASK617|AFRM|20250701T134500Z,AFRM,2025-07-03 14:30:00+00:00,2025-07-01 13:45:00+00:00,crypto_fintech,validation,priority_candidate,setup=high_quality_setup|catalyst=contract_customer_backlog|price=price_confirmed_basic|theme=persistent_leadership|relation=company_price_confirmed_macro_secondary,capacity=slot_competition_very_high|same_entry_candidates=24|active_relations=0|risk=high_liquidity_momentum_proxy|microstructure=SOURCE_PENDING_NOT_USED,1,24,5,17,0,0,1,,high_quality_setup,BASELINE_ALLOWED,1,0,0,0
TASK617|HOOD|20250701T134500Z|slot_decision_explanation,TASK617|HOOD|20250701T134500Z,HOOD,2025-07-03 14:30:00+00:00,2025-07-01 13:45:00+00:00,crypto_fintech,validation,priority_candidate,setup=high_quality_setup|catalyst=contract_customer_backlog|price=price_confirmed_basic|theme=persistent_leadership|relation=company_price_confirmed_macro_secondary,capacity=slot_competition_very_high|same_entry_candidates=24|active_relations=0|risk=high_liquidity_momentum_proxy|microstructure=SOURCE_PENDING_NOT_USED,1,24,5,17,0,0,1,,high_quality_setup,BASELINE_ALLOWED,1,0,0,0
TASK617|ORCL|20250701T134500Z|slot_decision_explanation,TASK617|ORCL|20250701T134500Z,ORCL,2025-07-03 14:30:00+00:00,2025-07-01 13:45:00+00:00,cloud_ai_platforms,validation,priority_candidate,setup=high_quality_setup|catalyst=contract_customer_backlog|price=price_confirmed_basic|theme=participating_theme|relation=company_price_confirmed_macro_secondary,capacity=slot_competition_very_high|same_entry_candidates=24|active_relations=0|risk=proxy_neutral|microstructure=SOURCE_PENDING_NOT_USED,1,24,2,17,0,0,1,,high_quality_setup,BASELINE_ALLOWED,1,0,0,0
TASK617|VRT|20250701T134500Z|slot_decision_explanation,TASK617|VRT|20250701T134500Z,VRT,2025-07-03 14:30:00+00:00,2025-07-01 13:45:00+00:00,power_grid_electrification,validation,priority_candidate,setup=high_quality_setup|catalyst=contract_customer_backlog|price=price_confirmed_basic|theme=participating_theme|relation=relation_reinforcing,capacity=slot_competition_very_high|same_entry_candidates=24|active_relations=0|risk=high_liquidity_momentum_proxy|microstructure=SOURCE_PENDING_NOT_USED,1,24,3,7,0,0,1,,high_quality_setup,STRENGTH_HOLD_CANDIDATE,1,0,0,0
TASK617|MBLY|20250701T134500Z|slot_decision_explanation,TASK617|MBLY|20250701T134500Z,MBLY,2025-07-03 14:30:00+00:00,2025-07-01 13:45:00+00:00,ev_autonomy_mobility,validation,confirmation_required_candidate,setup=medium_quality_setup|catalyst=contract_customer_backlog|price=price_confirmed_basic|theme=participating_theme|relation=company_price_confirmed_macro_secondary,capacity=slot_competition_very_high|same_entry_candidates=24|active_relations=0|risk=high_liquidity_momentum_proxy|microstructure=SOURCE_PENDING_NOT_USED,1,24,4,17,0,0,1,,medium_quality_setup,BASELINE_ALLOWED,1,0,0,0
TASK617|NET|20250701T134500Z|slot_decision_explanation,TASK617|NET|20250701T134500Z,NET,2025-07-03 14:30:00+00:00,2025-07-01 13:45:00+00:00,cybersecurity,validation,priority_candidate,setup=medium_quality_setup|catalyst=contract_customer_backlog|price=price_confirmed_basic|theme=fading_leadership|relation=relation_reinforcing,capacity=slot_competition_very_high|same_entry_candidates=24|active_relations=0|risk=high_liquidity_momentum_proxy|microstructure=SOURCE_PENDING_NOT_USED,1,24,1,7,0,0,1,,medium_quality_setup,STRENGTH_HOLD_CANDIDATE,1,0,0,0
TASK617|UBER|20250701T134500Z|slot_decision_explanation,TASK617|UBER|20250701T134500Z,UBER,2025-07-03 14:30:00+00:00,2025-07-01 13:45:00+00:00,ev_autonomy_mobility,validation,confirmation_required_candidate,setup=medium_quality_setup|catalyst=contract_customer_backlog|price=price_confirmed_basic|theme=participating_theme|relation=company_price_confirmed_macro_secondary,capacity=slot_competition_very_high|same_entry_candidates=24|active_relations=0|risk=high_liquidity_momentum_proxy|microstructure=SOURCE_PENDING_NOT_USED,1,24,4,17,0,0,1,,medium_quality_setup,BASELINE_ALLOWED,1,0,0,0
TASK617|IR|20250701T134500Z|slot_decision_explanation,TASK617|IR|20250701T134500Z,IR,2025-07-03 14:30:00+00:00,2025-07-01 13:45:00+00:00,industrial_automation_robotics,validation,priority_candidate,setup=high_quality_setup|catalyst=contract_customer_backlog|price=price_confirmed_basic|theme=participating_theme|relation=company_price_confirmed_macro_secondary,capacity=slot_competition_very_high|same_entry_candidates=24|active_relations=0|risk=proxy_neutral|microstructure=SOURCE_PENDING_NOT_USED,1,24,6,17,0,0,1,,high_quality_setup,BASELINE_ALLOWED,1,0,0,0
TASK617|PH|20250701T140000Z|slot_decision_explanation,TASK617|PH|20250701T140000Z,PH,2025-07-03 14:30:00+00:00,2025-07-01 14:00:00+00:00,industrial_automation_robotics,validation,priority_candidate,setup=high_quality_setup|catalyst=contract_customer_backlog|price=price_confirmed_basic|theme=participating_theme|relation=company_price_confirmed_macro_secondary,capacity=slot_competition_very_high|same_entry_candidates=24|active_relations=0|risk=proxy_neutral|microstructure=SOURCE_PENDING_NOT_USED,1,24,6,17,0,0,1,,high_quality_setup,BASELINE_ALLOWED,1,0,0,0
TASK617|TER|20250701T140000Z|slot_decision_explanation,TASK617|TER|20250701T140000Z,TER,2025-07-03 14:30:00+00:00,2025-07-01 14:00:00+00:00,industrial_automation_robotics,validation,priority_candidate,setup=high_quality_setup|catalyst=contract_customer_backlog|price=price_confirmed_basic|theme=participating_theme|relation=relation_reinforcing,capacity=slot_competition_very_high|same_entry_candidates=24|active_relations=0|risk=proxy_neutral|microstructure=SOURCE_PENDING_NOT_USED,1,24,6,7,0,0,1,,high_quality_setup,STRENGTH_HOLD_CANDIDATE,1,0,0,0
TASK617|PYPL|20250701T140000Z|slot_decision_explanation,TASK617|PYPL|20250701T140000Z,PYPL,2025-07-03 14:30:00+00:00,2025-07-01 14:00:00+00:00,crypto_fintech,validation,priority_candidate,setup=high_quality_setup|catalyst=contract_customer_backlog|price=price_confirmed_basic|theme=persistent_leadership|relation=company_price_confirmed_macro_secondary,capacity=slot_competition_very_high|same_entry_candidates=24|active_relations=0|risk=high_liquidity_momentum_proxy|microstructure=SOURCE_PENDING_NOT_USED,1,24,5,17,0,0,1,,high_quality_setup,BASELINE_ALLOWED,1,0,0,0
TASK617|EMR|20250701T140000Z|slot_decision_explanation,TASK617|EMR|20250701T140000Z,EMR,2025-07-03 14:30:00+00:00,2025-07-01 14:00:00+00:00,industrial_automation_robotics,validation,priority_candidate,setup=high_quality_setup|catalyst=contract_customer_backlog|price=price_confirmed_basic|theme=participating_theme|relation=company_price_confirmed_macro_secondary,capacity=slot_competition_very_high|same_entry_candidates=24|active_relations=0|risk=proxy_neutral|microstructure=SOURCE_PENDING_NOT_USED,1,24,6,17,0,0,1,,high_quality_setup,BASELINE_ALLOWED,1,0,0,0
TASK617|GD|20250701T150000Z|slot_decision_explanation,TASK617|GD|20250701T150000Z,GD,2025-07-03 14:30:00+00:00,2025-07-01 15:00:00+00:00,aerospace_defense_space,validation,priority_candidate,setup=high_quality_setup|catalyst=contract_customer_backlog|price=price_confirmed_basic|theme=persistent_leadership|relation=company_price_confirmed_macro_secondary,capacity=slot_competition_very_high|same_entry_candidates=24|active_relations=0|risk=proxy_neutral|microstructure=SOURCE_PENDING_NOT_USED,1,24,1,17,0,0,1,,high_quality_setup,BASELINE_ALLOWED,1,0,0,0
TASK617|PWR|20250701T170000Z|slot_decision_explanation,TASK617|PWR|20250701T170000Z,PWR,2025-07-03 14:30:00+00:00,2025-07-01 17:00:00+00:00,power_grid_electrification,validation,priority_candidate,setup=high_quality_setup|catalyst=contract_customer_backlog|price=price_confirmed_basic|theme=participating_theme|relation=relation_reinforcing,capacity=slot_competition_very_high|same_entry_candidates=24|active_relations=0|risk=proxy_neutral|microstructure=SOURCE_PENDING_NOT_USED,1,24,3,7,0,0,1,,high_quality_setup,STRENGTH_HOLD_CANDIDATE,1,0,0,0
TASK617|AMZN|20250701T170000Z|slot_decision_explanation,TASK617|AMZN|20250701T170000Z,AMZN,2025-07-03 14:30:00+00:00,2025-07-01 17:00:00+00:00,cloud_ai_platforms,validation,priority_candidate,setup=high_quality_setup|catalyst=contract_customer_backlog|price=price_confirmed_basic|theme=participating_theme|relation=company_price_confirmed_macro_secondary,capacity=slot_competition_very_high|same_entry_candidates=24|active_relations=0|risk=proxy_neutral|microstructure=SOURCE_PENDING_NOT_USED,1,24,2,17,0,0,1,,high_quality_setup,BASELINE_ALLOWED,1,0,0,0
TASK617|ETN|20250701T171500Z|slot_decision_explanation,TASK617|ETN|20250701T171500Z,ETN,2025-07-03 14:30:00+00:00,2025-07-01 17:15:00+00:00,power_grid_electrification,validation,priority_candidate,setup=high_quality_setup|catalyst=contract_customer_backlog|price=price_confirmed_basic|theme=participating_theme|relation=relation_reinforcing,capacity=slot_competition_very_high|same_entry_candidates=24|active_relations=0|risk=proxy_neutral|microstructure=SOURCE_PENDING_NOT_USED,1,24,3,7,0,0,1,,high_quality_setup,STRENGTH_HOLD_CANDIDATE,1,0,0,0
TASK617|DDOG|20250702T133000Z|slot_decision_explanation,TASK617|DDOG|20250702T133000Z,DDOG,2025-07-07 14:30:00+00:00,2025-07-02 13:30:00+00:00,data_devops_software,validation,priority_candidate,setup=medium_quality_setup|catalyst=contract_customer_backlog|price=price_confirmed_basic|theme=fading_leadership|relation=relation_reinforcing,capacity=slot_competition_very_high|same_entry_candidates=34|active_relations=0|risk=proxy_neutral|microstructure=SOURCE_PENDING_NOT_USED,1,34,1,12,0,0,1,,medium_quality_setup,STRENGTH_HOLD_CANDIDATE,1,0,0,0
TASK617|ARM|20250702T133000Z|slot_decision_explanation,TASK617|ARM|20250702T133000Z,ARM,2025-07-07 14:30:00+00:00,2025-07-02 13:30:00+00:00,ai_semiconductors,validation,priority_candidate,setup=high_quality_setup|catalyst=contract_customer_backlog|price=price_confirmed_basic|theme=emerging_leadership|relation=relation_reinforcing,capacity=slot_competition_very_high|same_entry_candidates=34|active_relations=0|risk=proxy_neutral|microstructure=SOURCE_PENDING_NOT_USED,1,34,7,12,0,0,1,,high_quality_setup,STRENGTH_HOLD_CANDIDATE,1,0,0,0
TASK617|MSFT|20250702T133000Z|slot_decision_explanation,TASK617|MSFT|20250702T133000Z,MSFT,2025-07-07 14:30:00+00:00,2025-07-02 13:30:00+00:00,cloud_ai_platforms,validation,priority_candidate,setup=high_quality_setup|catalyst=contract_customer_backlog|price=price_confirmed_basic|theme=participating_theme|relation=company_price_confirmed_macro_secondary,capacity=slot_competition_very_high|same_entry_candidates=34|active_relations=0|risk=proxy_neutral|microstructure=SOURCE_PENDING_NOT_USED,1,34,4,22,0,0,1,,high_quality_setup,BASELINE_ALLOWED,1,0,0,0
TASK617|TSM|20250702T133000Z|slot_decision_explanation,TASK617|TSM|20250702T133000Z,TSM,2025-07-07 14:30:00+00:00,2025-07-02 13:30:00+00:00,ai_semiconductors,validation,priority_candidate,setup=high_quality_setup|catalyst=contract_customer_backlog|price=price_confirmed_basic|theme=emerging_leadership|relation=relation_reinforcing,capacity=slot_competition_very_high|same_entry_candidates=34|active_relations=0|risk=proxy_neutral|microstructure=SOURCE_PENDING_NOT_USED,1,34,7,12,0,0,1,,high_quality_setup,STRENGTH_HOLD_CANDIDATE,1,0,0,0
TASK617|MBLY|20250702T133000Z|slot_decision_explanation,TASK617|MBLY|20250702T133000Z,MBLY,2025-07-07 14:30:00+00:00,2025-07-02 13:30:00+00:00,ev_autonomy_mobility,validation,confirmation_required_candidate,setup=medium_quality_setup|catalyst=contract_customer_backlog|price=price_confirmed_basic|theme=participating_theme|relation=company_price_confirmed_macro_secondary,capacity=slot_competition_very_high|same_entry_candidates=34|active_relations=0|risk=proxy_neutral|microstructure=SOURCE_PENDING_NOT_USED,1,34,4,22,0,0,1,,medium_quality_setup,BASELINE_ALLOWED,1,0,0,0
TASK617|ETN|20250702T133000Z|slot_decision_explanation,TASK617|ETN|20250702T133000Z,ETN,2025-07-07 14:30:00+00:00,2025-07-02 13:30:00+00:00,power_grid_electrification,validation,priority_candidate,setup=high_quality_setup|catalyst=contract_customer_backlog|price=price_confirmed_but_extended|theme=participating_theme|relation=relation_reinforcing,capacity=slot_competition_very_high|same_entry_candidates=34|active_relations=0|risk=extension_proxy|microstructure=SOURCE_PENDING_NOT_USED,1,34,2,12,0,0,1,,high_quality_setup,STRENGTH_HOLD_CANDIDATE,1,0,0,0
TASK617|PYPL|20250702T133000Z|slot_decision_explanation,TASK617|PYPL|20250702T133000Z,PYPL,2025-07-07 14:30:00+00:00,2025-07-02 13:30:00+00:00,crypto_fintech,validation,priority_candidate,setup=high_quality_setup|catalyst=contract_customer_backlog|price=price_confirmed_basic|theme=persistent_leadership|relation=company_price_confirmed_macro_secondary,capacity=slot_competition_very_high|same_entry_candidates=34|active_relations=0|risk=high_liquidity_momentum_proxy|microstructure=SOURCE_PENDING_NOT_USED,1,34,6,22,0,0,1,,high_quality_setup,BASELINE_ALLOWED,1,0,0,0
TASK617|ASML|20250702T133000Z|slot_decision_explanation,TASK617|ASML|20250702T133000Z,ASML,2025-07-07 14:30:00+00:00,2025-07-02 13:30:00+00:00,ai_semiconductors,validation,priority_candidate,setup=high_quality_setup|catalyst=contract_customer_backlog|price=price_confirmed_basic|theme=emerging_leadership|relation=relation_reinforcing,capacity=slot_competition_very_high|same_entry_candidates=34|active_relations=0|risk=proxy_neutral|microstructure=SOURCE_PENDING_NOT_USED,1,34,7,12,0,0,1,,high_quality_setup,STRENGTH_HOLD_CANDIDATE,1,0,0,0
TASK617|MRNA|20250702T134500Z|slot_decision_explanation,TASK617|MRNA|20250702T134500Z,MRNA,2025-07-07 14:30:00+00:00,2025-07-02 13:45:00+00:00,biotech_glp1_healthcare,validation,priority_candidate,setup=high_quality_setup|catalyst=contract_customer_backlog|price=price_confirmed_basic|theme=participating_theme|relation=company_price_confirmed_macro_secondary,capacity=slot_competition_very_high|same_entry_candidates=34|active_relations=0|risk=proxy_neutral|microstructure=SOURCE_PENDING_NOT_USED,1,34,1,22,0,0,1,,high_quality_setup,BASELINE_ALLOWED,1,0,0,0
TASK617|ORCL|20250702T134500Z|slot_decision_explanation,TASK617|ORCL|20250702T134500Z,ORCL,2025-07-07 14:30:00+00:00,2025-07-02 13:45:00+00:00,cloud_ai_platforms,validation,priority_candidate,setup=high_quality_setup|catalyst=contract_customer_backlog|price=price_confirmed_basic|theme=participating_theme|relation=company_price_confirmed_macro_secondary,capacity=slot_competition_very_high|same_entry_candidates=34|active_relations=0|risk=proxy_neutral|microstructure=SOURCE_PENDING_NOT_USED,1,34,4,22,0,0,1,,high_quality_setup,BASELINE_ALLOWED,1,0,0,0
TASK617|GOOGL|20250702T134500Z|slot_decision_explanation,TASK617|GOOGL|20250702T134500Z,GOOGL,2025-07-07 14:30:00+00:00,2025-07-02 13:45:00+00:00,cloud_ai_platforms,validation,priority_candidate,setup=high_quality_setup|catalyst=contract_customer_backlog|price=price_confirmed_basic|theme=participating_theme|relation=company_price_confirmed_macro_secondary,capacity=slot_competition_very_high|same_entry_candidates=34|active_relations=0|risk=proxy_neutral|microstructure=SOURCE_PENDING_NOT_USED,1,34,4,22,0,0,1,,high_quality_setup,BASELINE_ALLOWED,1,0,0,0
TASK617|RTX|20250702T140000Z|slot_decision_explanation,TASK617|RTX|20250702T140000Z,RTX,2025-07-07 14:30:00+00:00,2025-07-02 14:00:00+00:00,aerospace_defense_space,validation,confirmation_required_candidate,setup=medium_quality_setup|catalyst=contract_customer_backlog|price=price_confirmed_basic|theme=persistent_leadership|relation=company_price_confirmed_macro_secondary,capacity=slot_competition_very_high|same_entry_candidates=34|active_relations=0|risk=proxy_neutral|microstructure=SOURCE_PENDING_NOT_USED,1,34,3,22,0,0,1,,medium_quality_setup,BASELINE_ALLOWED,1,0,0,0
TASK617|AMZN|20250702T140000Z|slot_decision_explanation,TASK617|AMZN|20250702T140000Z,AMZN,2025-07-07 14:30:00+00:00,2025-07-02 14:00:00+00:00,cloud_ai_platforms,validation,priority_candidate,setup=high_quality_setup|catalyst=contract_customer_backlog|price=price_confirmed_basic|theme=participating_theme|relation=company_price_confirmed_macro_secondary,capacity=slot_competition_very_high|same_entry_candidates=34|active_relations=0|risk=proxy_neutral|microstructure=SOURCE_PENDING_NOT_USED,1,34,4,22,0,0,1,,high_quality_setup,BASELINE_ALLOWED,1,0,0,0
TASK617|HOOD|20250702T140000Z|slot_decision_explanation,TASK617|HOOD|20250702T140000Z,HOOD,2025-07-07 14:30:00+00:00,2025-07-02 14:00:00+00:00,crypto_fintech,validation,priority_candidate,setup=high_quality_setup|catalyst=contract_customer_backlog|price=price_confirmed_but_extended|theme=persistent_leadership|relation=company_price_confirmed_macro_secondary,capacity=slot_competition_very_high|same_entry_candidates=34|active_relations=0|risk=extension_proxy|microstructure=SOURCE_PENDING_NOT_USED,1,34,6,22,0,0,1,,high_quality_setup,BASELINE_ALLOWED,1,0,0,0
TASK617|AMD|20250702T140000Z|slot_decision_explanation,TASK617|AMD|20250702T140000Z,AMD,2025-07-07 14:30:00+00:00,2025-07-02 14:00:00+00:00,ai_semiconductors,validation,priority_candidate,setup=high_quality_setup|catalyst=contract_customer_backlog|price=price_confirmed_but_extended|theme=emerging_leadership|relation=relation_reinforcing,capacity=slot_competition_very_high|same_entry_candidates=34|active_relations=0|risk=extension_proxy|microstructure=SOURCE_PENDING_NOT_USED,1,34,7,12,0,0,1,,high_quality_setup,STRENGTH_HOLD_CANDIDATE,1,0,0,0
TASK617|RKLB|20250702T140000Z|slot_decision_explanation,TASK617|RKLB|20250702T140000Z,RKLB,2025-07-07 14:30:00+00:00,2025-07-02 14:00:00+00:00,aerospace_defense_space,validation,confirmation_required_candidate,setup=medium_quality_setup|catalyst=contract_customer_backlog|price=price_confirmed_basic|theme=persistent_leadership|relation=company_price_confirmed_macro_secondary,capacity=slot_competition_very_high|same_entry_candidates=34|active_relations=0|risk=proxy_neutral|microstructure=SOURCE_PENDING_NOT_USED,1,34,3,22,0,0,1,,medium_quality_setup,BASELINE_ALLOWED,1,0,0,0
TASK617|NVDA|20250702T140000Z|slot_decision_explanation,TASK617|NVDA|20250702T140000Z,NVDA,2025-07-07 14:30:00+00:00,2025-07-02 14:00:00+00:00,ai_semiconductors,validation,priority_candidate,setup=high_quality_setup|catalyst=contract_customer_backlog|price=price_confirmed_basic|theme=emerging_leadership|relation=relation_reinforcing,capacity=slot_competition_very_high|same_entry_candidates=34|active_relations=0|risk=proxy_neutral|microstructure=SOURCE_PENDING_NOT_USED,1,34,7,12,0,0,1,,high_quality_setup,STRENGTH_HOLD_CANDIDATE,1,0,0,0
TASK617|MSTR|20250702T140000Z|slot_decision_explanation,TASK617|MSTR|20250702T140000Z,MSTR,2025-07-07 14:30:00+00:00,2025-07-02 14:00:00+00:00,crypto_fintech,validation,priority_candidate,setup=high_quality_setup|catalyst=contract_customer_backlog|price=price_confirmed_but_extended|theme=persistent_leadership|relation=company_price_confirmed_macro_secondary,capacity=slot_competition_very_high|same_entry_candidates=34|active_relations=0|risk=extension_proxy|microstructure=SOURCE_PENDING_NOT_USED,1,34,6,22,0,0,1,,high_quality_setup,BASELINE_ALLOWED,1,0,0,0
TASK617|SOFI|20250702T140000Z|slot_decision_explanation,TASK617|SOFI|20250702T140000Z,SOFI,2025-07-07 14:30:00+00:00,2025-07-02 14:00:00+00:00,crypto_fintech,validation,priority_candidate,setup=high_quality_setup|catalyst=contract_customer_backlog|price=price_confirmed_basic|theme=persistent_leadership|relation=company_price_confirmed_macro_secondary,capacity=slot_competition_very_high|same_entry_candidates=34|active_relations=0|risk=high_liquidity_momentum_proxy|microstructure=SOURCE_PENDING_NOT_USED,1,34,6,22,0,0,1,,high_quality_setup,BASELINE_ALLOWED,1,0,0,0
TASK617|MRVL|20250702T140000Z|slot_decision_explanation,TASK617|MRVL|20250702T140000Z,MRVL,2025-07-07 14:30:00+00:00,2025-07-02 14:00:00+00:00,ai_semiconductors,validation,priority_candidate,setup=high_quality_setup|catalyst=contract_customer_backlog|price=price_confirmed_basic|theme=emerging_leadership|relation=relation_reinforcing,capacity=slot_competition_very_high|same_entry_candidates=34|active_relations=0|risk=proxy_neutral|microstructure=SOURCE_PENDING_NOT_USED,1,34,7,12,0,0,1,,high_quality_setup,STRENGTH_HOLD_CANDIDATE,1,0,0,0
TASK617|UBER|20250702T140000Z|slot_decision_explanation,TASK617|UBER|20250702T140000Z,UBER,2025-07-07 14:30:00+00:00,2025-07-02 14:00:00+00:00,ev_autonomy_mobility,validation,confirmation_required_candidate,setup=medium_quality_setup|catalyst=contract_customer_backlog|price=price_confirmed_basic|theme=participating_theme|relation=company_price_confirmed_macro_secondary,capacity=slot_competition_very_high|same_entry_candidates=34|active_relations=0|risk=proxy_neutral|microstructure=SOURCE_PENDING_NOT_USED,1,34,4,22,0,0,1,,medium_quality_setup,BASELINE_ALLOWED,1,0,0,0
TASK617|AVGO|20250702T140000Z|slot_decision_explanation,TASK617|AVGO|20250702T140000Z,AVGO,2025-07-07 14:30:00+00:00,2025-07-02 14:00:00+00:00,ai_semiconductors,validation,priority_candidate,setup=high_quality_setup|catalyst=contract_customer_backlog|price=price_confirmed_basic|theme=emerging_leadership|relation=relation_reinforcing,capacity=slot_competition_very_high|same_entry_candidates=34|active_relations=0|risk=proxy_neutral|microstructure=SOURCE_PENDING_NOT_USED,1,34,7,12,0,0,1,,high_quality_setup,STRENGTH_HOLD_CANDIDATE,1,0,0,0
TASK617|VRT|20250702T141500Z|slot_decision_explanation,TASK617|VRT|20250702T141500Z,VRT,2025-07-07 14:30:00+00:00,2025-07-02 14:15:00+00:00,power_grid_electrification,validation,priority_candidate,setup=high_quality_setup|catalyst=contract_customer_backlog|price=price_confirmed_basic|theme=participating_theme|relation=relation_reinforcing,capacity=slot_competition_very_high|same_entry_candidates=34|active_relations=0|risk=proxy_neutral|microstructure=SOURCE_PENDING_NOT_USED,1,34,2,12,0,0,1,,high_quality_setup,STRENGTH_HOLD_CANDIDATE,1,0,0,0
TASK617|HON|20250702T141500Z|slot_decision_explanation,TASK617|HON|20250702T141500Z,HON,2025-07-07 14:30:00+00:00,2025-07-02 14:15:00+00:00,industrial_automation_robotics,validation,priority_candidate,setup=high_quality_setup|catalyst=contract_customer_backlog|price=price_confirmed_basic|theme=participating_theme|relation=company_price_confirmed_macro_secondary,capacity=slot_competition_very_high|same_entry_candidates=34|active_relations=0|risk=proxy_neutral|microstructure=SOURCE_PENDING_NOT_USED,1,34,6,22,0,0,1,,high_quality_setup,BASELINE_ALLOWED,1,0,0,0
TASK617|TER|20250702T141500Z|slot_decision_explanation,TASK617|TER|20250702T141500Z,TER,2025-07-07 14:30:00+00:00,2025-07-02 14:15:00+00:00,industrial_automation_robotics,validation,priority_candidate,setup=high_quality_setup|catalyst=contract_customer_backlog|price=price_confirmed_but_extended|theme=participating_theme|relation=relation_reinforcing,capacity=slot_competition_very_high|same_entry_candidates=34|active_relations=0|risk=extension_proxy|microstructure=SOURCE_PENDING_NOT_USED,1,34,6,12,0,0,1,,high_quality_setup,STRENGTH_HOLD_CANDIDATE,1,0,0,0
TASK617|AFRM|20250702T141500Z|slot_decision_explanation,TASK617|AFRM|20250702T141500Z,AFRM,2025-07-07 14:30:00+00:00,2025-07-02 14:15:00+00:00,crypto_fintech,validation,priority_candidate,setup=high_quality_setup|catalyst=contract_customer_backlog|price=price_confirmed_basic|theme=persistent_leadership|relation=company_price_confirmed_macro_secondary,capacity=slot_competition_very_high|same_entry_candidates=34|active_relations=0|risk=high_liquidity_momentum_proxy|microstructure=SOURCE_PENDING_NOT_USED,1,34,6,22,0,0,1,,high_quality_setup,BASELINE_ALLOWED,1,0,0,0
TASK617|IR|20250702T143000Z|slot_decision_explanation,TASK617|IR|20250702T143000Z,IR,2025-07-07 14:30:00+00:00,2025-07-02 14:30:00+00:00,industrial_automation_robotics,validation,priority_candidate,setup=high_quality_setup|catalyst=contract_customer_backlog|price=price_confirmed_basic|theme=participating_theme|relation=company_price_confirmed_macro_secondary,capacity=slot_competition_very_high|same_entry_candidates=34|active_relations=0|risk=proxy_neutral|microstructure=SOURCE_PENDING_NOT_USED,1,34,6,22,0,0,1,,high_quality_setup,BASELINE_ALLOWED,1,0,0,0
TASK617|EMR|20250702T143000Z|slot_decision_explanation,TASK617|EMR|20250702T143000Z,EMR,2025-07-07 14:30:00+00:00,2025-07-02 14:30:00+00:00,industrial_automation_robotics,validation,priority_candidate,setup=high_quality_setup|catalyst=contract_customer_backlog|price=price_confirmed_basic|theme=participating_theme|relation=company_price_confirmed_macro_secondary,capacity=slot_competition_very_high|same_entry_candidates=34|active_relations=0|risk=proxy_neutral|microstructure=SOURCE_PENDING_NOT_USED,1,34,6,22,0,0,1,,high_quality_setup,BASELINE_ALLOWED,1,0,0,0
TASK617|ROK|20250702T143000Z|slot_decision_explanation,TASK617|ROK|20250702T143000Z,ROK,2025-07-07 14:30:00+00:00,2025-07-02 14:30:00+00:00,industrial_automation_robotics,validation,priority_candidate,setup=high_quality_setup|catalyst=contract_customer_backlog|price=price_confirmed_basic|theme=participating_theme|relation=relation_reinforcing,capacity=slot_competition_very_high|same_entry_candidates=34|active_relations=0|risk=proxy_neutral|microstructure=SOURCE_PENDING_NOT_USED,1,34,6,12,0,0,1,,high_quality_setup,STRENGTH_HOLD_CANDIDATE,1,0,0,0
TASK617|PH|20250702T143000Z|slot_decision_explanation,TASK617|PH|20250702T143000Z,PH,2025-07-07 14:30:00+00:00,2025-07-02 14:30:00+00:00,industrial_automation_robotics,validation,priority_candidate,setup=high_quality_setup|catalyst=contract_customer_backlog|price=price_confirmed_basic|theme=participating_theme|relation=company_price_confirmed_macro_secondary,capacity=slot_competition_very_high|same_entry_candidates=34|active_relations=0|risk=proxy_neutral|microstructure=SOURCE_PENDING_NOT_USED,1,34,6,22,0,0,1,,high_quality_setup,BASELINE_ALLOWED,1,0,0,0
TASK617|COIN|20250702T144500Z|slot_decision_explanation,TASK617|COIN|20250702T144500Z,COIN,2025-07-07 14:30:00+00:00,2025-07-02 14:45:00+00:00,crypto_fintech,validation,research_only,setup=fragile_setup|catalyst=contract_customer_backlog|price=price_fragile_or_unconfirmed|theme=persistent_leadership|relation=company_price_confirmed_macro_secondary,capacity=slot_competition_very_high|same_entry_candidates=34|active_relations=0|risk=high_liquidity_momentum_proxy|microstructure=SOURCE_PENDING_NOT_USED,1,34,6,22,0,0,1,,fragile_setup,BASELINE_ALLOWED,1,0,0,0
TASK617|F|20250702T144500Z|slot_decision_explanation,TASK617|F|20250702T144500Z,F,2025-07-07 14:30:00+00:00,2025-07-02 14:45:00+00:00,ev_autonomy_mobility,validation,confirmation_required_candidate,setup=medium_quality_setup|catalyst=contract_customer_backlog|price=price_confirmed_basic|theme=participating_theme|relation=company_price_confirmed_macro_secondary,capacity=slot_competition_very_high|same_entry_candidates=34|active_relations=0|risk=proxy_neutral|microstructure=SOURCE_PENDING_NOT_USED,1,34,4,22,0,0,1,,medium_quality_setup,BASELINE_ALLOWED,1,0,0,0
TASK617|GM|20250702T151500Z|slot_decision_explanation,TASK617|GM|20250702T151500Z,GM,2025-07-07 14:30:00+00:00,2025-07-02 15:15:00+00:00,ev_autonomy_mobility,validation,confirmation_required_candidate,setup=medium_quality_setup|catalyst=contract_customer_backlog|price=price_confirmed_basic|theme=participating_theme|relation=company_price_confirmed_macro_secondary,capacity=slot_competition_very_high|same_entry_candidates=34|active_relations=0|risk=proxy_neutral|microstructure=SOURCE_PENDING_NOT_USED,1,34,4,22,0,0,1,,medium_quality_setup,BASELINE_ALLOWED,1,0,0,0
TASK617|ASTS|20250702T190000Z|slot_decision_explanation,TASK617|ASTS|20250702T190000Z,ASTS,2025-07-07 14:30:00+00:00,2025-07-02 19:00:00+00:00,aerospace_defense_space,validation,research_only,setup=fragile_setup|catalyst=contract_customer_backlog|price=price_fragile_or_unconfirmed|theme=persistent_leadership|relation=company_price_confirmed_macro_secondary,capacity=slot_competition_very_high|same_entry_candidates=34|active_relations=0|risk=proxy_neutral|microstructure=SOURCE_PENDING_NOT_USED,1,34,3,22,0,0,1,,fragile_setup,BASELINE_ALLOWED,1,0,0,0
TASK617|PWR|20250707T133000Z|slot_decision_explanation,TASK617|PWR|20250707T133000Z,PWR,2025-07-09 14:30:00+00:00,2025-07-07 13:30:00+00:00,power_grid_electrification,validation,priority_candidate,setup=high_quality_setup|catalyst=contract_customer_backlog|price=price_confirmed_basic|theme=participating_theme|relation=relation_reinforcing,capacity=slot_competition_very_high|same_entry_candidates=19|active_relations=0|risk=proxy_neutral|microstructure=SOURCE_PENDING_NOT_USED,1,19,5,7,0,0,1,,high_quality_setup,STRENGTH_HOLD_CANDIDATE,1,0,0,0
TASK617|GEV|20250707T133000Z|slot_decision_explanation,TASK617|GEV|20250707T133000Z,GEV,2025-07-09 14:30:00+00:00,2025-07-07 13:30:00+00:00,power_grid_electrification,validation,priority_candidate,setup=high_quality_setup|catalyst=contract_customer_backlog|price=price_confirmed_basic|theme=participating_theme|relation=relation_reinforcing,capacity=slot_competition_very_high|same_entry_candidates=19|active_relations=0|risk=proxy_neutral|microstructure=SOURCE_PENDING_NOT_USED,1,19,5,7,0,0,1,,high_quality_setup,STRENGTH_HOLD_CANDIDATE,1,0,0,0
TASK617|VST|20250707T133000Z|slot_decision_explanation,TASK617|VST|20250707T133000Z,VST,2025-07-09 14:30:00+00:00,2025-07-07 13:30:00+00:00,power_grid_electrification,validation,priority_candidate,setup=high_quality_setup|catalyst=contract_customer_backlog|price=price_confirmed_basic|theme=participating_theme|relation=relation_reinforcing,capacity=slot_competition_very_high|same_entry_candidates=19|active_relations=0|risk=proxy_neutral|microstructure=SOURCE_PENDING_NOT_USED,1,19,5,7,0,0,1,,high_quality_setup,STRENGTH_HOLD_CANDIDATE,1,0,0,0
TASK617|VRT|20250707T133000Z|slot_decision_explanation,TASK617|VRT|20250707T133000Z,VRT,2025-07-09 14:30:00+00:00,2025-07-07 13:30:00+00:00,power_grid_electrification,validation,priority_candidate,setup=high_quality_setup|catalyst=contract_customer_backlog|price=price_confirmed_basic|theme=participating_theme|relation=relation_reinforcing,capacity=slot_competition_very_high|same_entry_candidates=19|active_relations=0|risk=proxy_neutral|microstructure=SOURCE_PENDING_NOT_USED,1,19,5,7,0,0,1,,high_quality_setup,STRENGTH_HOLD_CANDIDATE,1,0,0,0
TASK617|AVGO|20250707T133000Z|slot_decision_explanation,TASK617|AVGO|20250707T133000Z,AVGO,2025-07-09 14:30:00+00:00,2025-07-07 13:30:00+00:00,ai_semiconductors,validation,priority_candidate,setup=high_quality_setup|catalyst=contract_customer_backlog|price=price_confirmed_basic|theme=emerging_leadership|relation=relation_reinforcing,capacity=slot_competition_very_high|same_entry_candidates=19|active_relations=0|risk=proxy_neutral|microstructure=SOURCE_PENDING_NOT_USED,1,19,1,7,0,0,1,,high_quality_setup,STRENGTH_HOLD_CANDIDATE,1,0,0,0
TASK617|PYPL|20250707T133000Z|slot_decision_explanation,TASK617|PYPL|20250707T133000Z,PYPL,2025-07-09 14:30:00+00:00,2025-07-07 13:30:00+00:00,crypto_fintech,validation,priority_candidate,setup=high_quality_setup|catalyst=contract_customer_backlog|price=price_confirmed_basic|theme=persistent_leadership|relation=company_price_confirmed_macro_secondary,capacity=slot_competition_very_high|same_entry_candidates=19|active_relations=0|risk=proxy_neutral|microstructure=SOURCE_PENDING_NOT_USED,1,19,5,11,0,0,1,,high_quality_setup,BASELINE_ALLOWED,1,0,0,0
TASK617|GD|20250707T133000Z|slot_decision_explanation,TASK617|GD|20250707T133000Z,GD,2025-07-09 14:30:00+00:00,2025-07-07 13:30:00+00:00,aerospace_defense_space,validation,priority_candidate,setup=high_quality_setup|catalyst=contract_customer_backlog|price=price_confirmed_basic|theme=persistent_leadership|relation=company_price_confirmed_macro_secondary,capacity=slot_competition_very_high|same_entry_candidates=19|active_relations=0|risk=proxy_neutral|microstructure=SOURCE_PENDING_NOT_USED,1,19,2,11,0,0,1,,high_quality_setup,BASELINE_ALLOWED,1,0,0,0
TASK617|AMZN|20250707T133000Z|slot_decision_explanation,TASK617|AMZN|20250707T133000Z,AMZN,2025-07-09 14:30:00+00:00,2025-07-07 13:30:00+00:00,cloud_ai_platforms,validation,priority_candidate,setup=high_quality_setup|catalyst=contract_customer_backlog|price=price_confirmed_basic|theme=participating_theme|relation=company_price_confirmed_macro_secondary,capacity=slot_competition_very_high|same_entry_candidates=19|active_relations=0|risk=proxy_neutral|microstructure=SOURCE_PENDING_NOT_USED,1,19,1,11,0,0,1,,high_quality_setup,BASELINE_ALLOWED,1,0,0,0
TASK617|ROK|20250707T134500Z|slot_decision_explanation,TASK617|ROK|20250707T134500Z,ROK,2025-07-09 14:30:00+00:00,2025-07-07 13:45:00+00:00,industrial_automation_robotics,validation,priority_candidate,setup=high_quality_setup|catalyst=contract_customer_backlog|price=price_confirmed_basic|theme=participating_theme|relation=relation_reinforcing,capacity=slot_competition_very_high|same_entry_candidates=19|active_relations=0|risk=proxy_neutral|microstructure=SOURCE_PENDING_NOT_USED,1,19,2,7,0,0,1,,high_quality_setup,STRENGTH_HOLD_CANDIDATE,1,0,0,0
TASK617|AFRM|20250707T134500Z|slot_decision_explanation,TASK617|AFRM|20250707T134500Z,AFRM,2025-07-09 14:30:00+00:00,2025-07-07 13:45:00+00:00,crypto_fintech,validation,priority_candidate,setup=high_quality_setup|catalyst=contract_customer_backlog|price=price_confirmed_basic|theme=persistent_leadership|relation=company_price_confirmed_macro_secondary,capacity=slot_competition_very_high|same_entry_candidates=19|active_relations=0|risk=proxy_neutral|microstructure=SOURCE_PENDING_NOT_USED,1,19,5,11,0,0,1,,high_quality_setup,BASELINE_ALLOWED,1,0,0,0
TASK617|SOFI|20250707T134500Z|slot_decision_explanation,TASK617|SOFI|20250707T134500Z,SOFI,2025-07-09 14:30:00+00:00,2025-07-07 13:45:00+00:00,crypto_fintech,validation,priority_candidate,setup=high_quality_setup|catalyst=contract_customer_backlog|price=price_confirmed_basic|theme=persistent_leadership|relation=company_price_confirmed_macro_secondary,capacity=slot_competition_very_high|same_entry_candidates=19|active_relations=0|risk=proxy_neutral|microstructure=SOURCE_PENDING_NOT_USED,1,19,5,11,0,0,1,,high_quality_setup,BASELINE_ALLOWED,1,0,0,0
TASK617|UBER|20250707T134500Z|slot_decision_explanation,TASK617|UBER|20250707T134500Z,UBER,2025-07-09 14:30:00+00:00,2025-07-07 13:45:00+00:00,ev_autonomy_mobility,validation,priority_candidate,setup=high_quality_setup|catalyst=contract_customer_backlog|price=price_confirmed_basic|theme=participating_theme|relation=company_price_confirmed_macro_secondary,capacity=slot_competition_very_high|same_entry_candidates=19|active_relations=0|risk=proxy_neutral|microstructure=SOURCE_PENDING_NOT_USED,1,19,2,11,0,0,1,,high_quality_setup,BASELINE_ALLOWED,1,0,0,0
TASK617|COIN|20250707T134500Z|slot_decision_explanation,TASK617|COIN|20250707T134500Z,COIN,2025-07-09 14:30:00+00:00,2025-07-07 13:45:00+00:00,crypto_fintech,validation,priority_candidate,setup=high_quality_setup|catalyst=contract_customer_backlog|price=price_confirmed_basic|theme=persistent_leadership|relation=company_price_confirmed_macro_secondary,capacity=slot_competition_very_high|same_entry_candidates=19|active_relations=0|risk=proxy_neutral|microstructure=SOURCE_PENDING_NOT_USED,1,19,5,11,0,0,1,,high_quality_setup,BASELINE_ALLOWED,1,0,0,0
TASK617|F|20250707T134500Z|slot_decision_explanation,TASK617|F|20250707T134500Z,F,2025-07-09 14:30:00+00:00,2025-07-07 13:45:00+00:00,ev_autonomy_mobility,validation,priority_candidate,setup=high_quality_setup|catalyst=contract_customer_backlog|price=price_confirmed_basic|theme=participating_theme|relation=company_price_confirmed_macro_secondary,capacity=slot_competition_very_high|same_entry_candidates=19|active_relations=0|risk=proxy_neutral|microstructure=SOURCE_PENDING_NOT_USED,1,19,2,11,0,0,1,,high_quality_setup,BASELINE_ALLOWED,1,0,0,0
TASK617|EMR|20250707T134500Z|slot_decision_explanation,TASK617|EMR|20250707T134500Z,EMR,2025-07-09 14:30:00+00:00,2025-07-07 13:45:00+00:00,industrial_automation_robotics,validation,priority_candidate,setup=high_quality_setup|catalyst=contract_customer_backlog|price=price_confirmed_basic|theme=participating_theme|relation=company_price_confirmed_macro_secondary,capacity=slot_competition_very_high|same_entry_candidates=19|active_relations=0|risk=high_liquidity_momentum_proxy|microstructure=SOURCE_PENDING_NOT_USED,1,19,2,11,0,0,1,,high_quality_setup,BASELINE_ALLOWED,1,0,0,0
TASK617|NET|20250707T140000Z|slot_decision_explanation,TASK617|NET|20250707T140000Z,NET,2025-07-09 14:30:00+00:00,2025-07-07 14:00:00+00:00,cybersecurity,validation,normal_candidate,setup=research_only_setup|catalyst=contract_customer_backlog|price=price_confirmed_basic|theme=participating_theme|relation=relation_sparse_research_only,capacity=slot_competition_very_high|same_entry_candidates=19|active_relations=0|risk=proxy_neutral|microstructure=SOURCE_PENDING_NOT_USED,1,19,1,1,0,0,1,,research_only_setup,RESEARCH_ONLY,1,0,0,0
TASK617|HOOD|20250707T140000Z|slot_decision_explanation,TASK617|HOOD|20250707T140000Z,HOOD,2025-07-09 14:30:00+00:00,2025-07-07 14:00:00+00:00,crypto_fintech,validation,priority_candidate,setup=high_quality_setup|catalyst=contract_customer_backlog|price=price_confirmed_basic|theme=persistent_leadership|relation=company_price_confirmed_macro_secondary,capacity=slot_competition_very_high|same_entry_candidates=19|active_relations=0|risk=proxy_neutral|microstructure=SOURCE_PENDING_NOT_USED,1,19,5,11,0,0,1,,high_quality_setup,BASELINE_ALLOWED,1,0,0,0
TASK617|RKLB|20250707T151500Z|slot_decision_explanation,TASK617|RKLB|20250707T151500Z,RKLB,2025-07-09 14:30:00+00:00,2025-07-07 15:15:00+00:00,aerospace_defense_space,validation,priority_candidate,setup=high_quality_setup|catalyst=contract_customer_backlog|price=price_confirmed_basic|theme=persistent_leadership|relation=company_price_confirmed_macro_secondary,capacity=slot_competition_very_high|same_entry_candidates=19|active_relations=0|risk=proxy_neutral|microstructure=SOURCE_PENDING_NOT_USED,1,19,2,11,0,0,1,,high_quality_setup,BASELINE_ALLOWED,1,0,0,0
TASK617|CEG|20250707T151500Z|slot_decision_explanation,TASK617|CEG|20250707T151500Z,CEG,2025-07-09 14:30:00+00:00,2025-07-07 15:15:00+00:00,power_grid_electrification,validation,priority_candidate,setup=fragile_setup|catalyst=contract_customer_backlog|price=price_fragile_or_unconfirmed|theme=participating_theme|relation=relation_reinforcing,capacity=slot_competition_very_high|same_entry_candidates=19|active_relations=0|risk=proxy_neutral|microstructure=SOURCE_PENDING_NOT_USED,1,19,5,7,0,0,1,,fragile_setup,STRENGTH_HOLD_CANDIDATE,1,0,0,0
TASK617|SOFI|20250708T133000Z|slot_decision_explanation,TASK617|SOFI|20250708T133000Z,SOFI,2025-07-10 14:30:00+00:00,2025-07-08 13:30:00+00:00,crypto_fintech,validation,confirmation_required_candidate,setup=medium_quality_setup|catalyst=guidance_margin_upgrade|price=price_confirmed_but_extended|theme=persistent_leadership|relation=company_positive_confirmation_needed,capacity=slot_competition_very_high|same_entry_candidates=18|active_relations=0|risk=extension_proxy|microstructure=SOURCE_PENDING_NOT_USED,1,18,1,14,0,0,1,,medium_quality_setup,BASELINE_ALLOWED,1,0,0,0
TASK617|MBLY|20250708T133000Z|slot_decision_explanation,TASK617|MBLY|20250708T133000Z,MBLY,2025-07-10 14:30:00+00:00,2025-07-08 13:30:00+00:00,ev_autonomy_mobility,validation,confirmation_required_candidate,setup=medium_quality_setup|catalyst=guidance_margin_upgrade|price=price_confirmed_but_extended|theme=participating_theme|relation=company_positive_confirmation_needed,capacity=slot_competition_very_high|same_entry_candidates=18|active_relations=0|risk=extension_proxy|microstructure=SOURCE_PENDING_NOT_USED,1,18,5,14,0,0,1,,medium_quality_setup,BASELINE_ALLOWED,1,0,0,0
TASK617|GM|20250708T133000Z|slot_decision_explanation,TASK617|GM|20250708T133000Z,GM,2025-07-10 14:30:00+00:00,2025-07-08 13:30:00+00:00,ev_autonomy_mobility,validation,confirmation_required_candidate,setup=medium_quality_setup|catalyst=guidance_margin_upgrade|price=price_confirmed_basic|theme=participating_theme|relation=company_positive_confirmation_needed,capacity=slot_competition_very_high|same_entry_candidates=18|active_relations=0|risk=proxy_neutral|microstructure=SOURCE_PENDING_NOT_USED,1,18,5,14,0,0,1,,medium_quality_setup,BASELINE_ALLOWED,1,0,0,0
TASK617|MRNA|20250708T133000Z|slot_decision_explanation,TASK617|MRNA|20250708T133000Z,MRNA,2025-07-10 14:30:00+00:00,2025-07-08 13:30:00+00:00,biotech_glp1_healthcare,validation,confirmation_required_candidate,setup=medium_quality_setup|catalyst=guidance_margin_upgrade|price=price_confirmed_but_extended|theme=participating_theme|relation=company_positive_confirmation_needed,capacity=slot_competition_very_high|same_entry_candidates=18|active_relations=0|risk=extension_proxy|microstructure=SOURCE_PENDING_NOT_USED,1,18,1,14,0,0,1,,medium_quality_setup,BASELINE_ALLOWED,1,0,0,0
TASK617|LCID|20250708T133000Z|slot_decision_explanation,TASK617|LCID|20250708T133000Z,LCID,2025-07-10 14:30:00+00:00,2025-07-08 13:30:00+00:00,ev_autonomy_mobility,validation,confirmation_required_candidate,setup=medium_quality_setup|catalyst=guidance_margin_upgrade|price=price_confirmed_but_extended|theme=participating_theme|relation=company_positive_confirmation_needed,capacity=slot_competition_very_high|same_entry_candidates=18|active_relations=0|risk=extension_proxy|microstructure=SOURCE_PENDING_NOT_USED,1,18,5,14,0,0,1,,medium_quality_setup,BASELINE_ALLOWED,1,0,0,0
TASK617|ASML|20250708T133000Z|slot_decision_explanation,TASK617|ASML|20250708T133000Z,ASML,2025-07-10 14:30:00+00:00,2025-07-08 13:30:00+00:00,ai_semiconductors,validation,confirmation_required_candidate,setup=medium_quality_setup|catalyst=guidance_margin_upgrade|price=price_confirmed_basic|theme=emerging_leadership|relation=company_positive_confirmation_needed,capacity=slot_competition_very_high|same_entry_candidates=18|active_relations=0|risk=proxy_neutral|microstructure=SOURCE_PENDING_NOT_USED,1,18,4,14,0,0,1,,medium_quality_setup,BASELINE_ALLOWED,1,0,0,0
TASK617|GD|20250708T133000Z|slot_decision_explanation,TASK617|GD|20250708T133000Z,GD,2025-07-10 14:30:00+00:00,2025-07-08 13:30:00+00:00,aerospace_defense_space,validation,confirmation_required_candidate,setup=medium_quality_setup|catalyst=guidance_margin_upgrade|price=price_confirmed_basic|theme=persistent_leadership|relation=company_positive_confirmation_needed,capacity=slot_competition_very_high|same_entry_candidates=18|active_relations=0|risk=proxy_neutral|microstructure=SOURCE_PENDING_NOT_USED,1,18,2,14,0,0,1,,medium_quality_setup,BASELINE_ALLOWED,1,0,0,0
TASK617|DDOG|20250708T134500Z|slot_decision_explanation,TASK617|DDOG|20250708T134500Z,DDOG,2025-07-10 14:30:00+00:00,2025-07-08 13:45:00+00:00,data_devops_software,validation,priority_candidate,setup=medium_quality_setup|catalyst=guidance_margin_upgrade|price=price_confirmed_basic|theme=participating_theme|relation=relation_reinforcing,capacity=slot_competition_very_high|same_entry_candidates=18|active_relations=0|risk=high_liquidity_momentum_proxy|microstructure=SOURCE_PENDING_NOT_USED,1,18,2,3,0,0,1,,medium_quality_setup,STRENGTH_HOLD_CANDIDATE,1,0,0,0
TASK617|TER|20250708T141500Z|slot_decision_explanation,TASK617|TER|20250708T141500Z,TER,2025-07-10 14:30:00+00:00,2025-07-08 14:15:00+00:00,industrial_automation_robotics,validation,priority_candidate,setup=high_quality_setup|catalyst=guidance_margin_upgrade|price=price_confirmed_basic|theme=participating_theme|relation=relation_reinforcing,capacity=slot_competition_very_high|same_entry_candidates=18|active_relations=0|risk=proxy_neutral|microstructure=SOURCE_PENDING_NOT_USED,1,18,3,3,0,0,1,,high_quality_setup,STRENGTH_HOLD_CANDIDATE,1,0,0,0
TASK617|F|20250708T141500Z|slot_decision_explanation,TASK617|F|20250708T141500Z,F,2025-07-10 14:30:00+00:00,2025-07-08 14:15:00+00:00,ev_autonomy_mobility,validation,confirmation_required_candidate,setup=medium_quality_setup|catalyst=guidance_margin_upgrade|price=price_confirmed_basic|theme=participating_theme|relation=company_positive_confirmation_needed,capacity=slot_competition_very_high|same_entry_candidates=18|active_relations=0|risk=proxy_neutral|microstructure=SOURCE_PENDING_NOT_USED,1,18,5,14,0,0,1,,medium_quality_setup,BASELINE_ALLOWED,1,0,0,0
TASK617|AMD|20250708T141500Z|slot_decision_explanation,TASK617|AMD|20250708T141500Z,AMD,2025-07-10 14:30:00+00:00,2025-07-08 14:15:00+00:00,ai_semiconductors,validation,confirmation_required_candidate,setup=medium_quality_setup|catalyst=guidance_margin_upgrade|price=price_confirmed_basic|theme=emerging_leadership|relation=company_positive_confirmation_needed,capacity=slot_competition_very_high|same_entry_candidates=18|active_relations=0|risk=proxy_neutral|microstructure=SOURCE_PENDING_NOT_USED,1,18,4,14,0,0,1,,medium_quality_setup,BASELINE_ALLOWED,1,0,0,0
TASK617|EMR|20250708T161500Z|slot_decision_explanation,TASK617|EMR|20250708T161500Z,EMR,2025-07-10 14:30:00+00:00,2025-07-08 16:15:00+00:00,industrial_automation_robotics,validation,confirmation_required_candidate,setup=medium_quality_setup|catalyst=guidance_margin_upgrade|price=price_confirmed_basic|theme=participating_theme|relation=company_positive_confirmation_needed,capacity=slot_competition_very_high|same_entry_candidates=18|active_relations=0|risk=proxy_neutral|microstructure=SOURCE_PENDING_NOT_USED,1,18,3,14,0,0,1,,medium_quality_setup,BASELINE_ALLOWED,1,0,0,0
TASK617|ARM|20250708T161500Z|slot_decision_explanation,TASK617|ARM|20250708T161500Z,ARM,2025-07-10 14:30:00+00:00,2025-07-08 16:15:00+00:00,ai_semiconductors,validation,confirmation_required_candidate,setup=medium_quality_setup|catalyst=guidance_margin_upgrade|price=price_accepted_needs_confirmation|theme=emerging_leadership|relation=company_positive_confirmation_needed,capacity=slot_competition_very_high|same_entry_candidates=18|active_relations=0|risk=proxy_neutral|microstructure=SOURCE_PENDING_NOT_USED,1,18,4,14,0,0,1,,medium_quality_setup,BASELINE_ALLOWED,1,0,0,0
TASK617|NVDA|20250708T161500Z|slot_decision_explanation,TASK617|NVDA|20250708T161500Z,NVDA,2025-07-10 14:30:00+00:00,2025-07-08 16:15:00+00:00,ai_semiconductors,validation,confirmation_required_candidate,setup=medium_quality_setup|catalyst=guidance_margin_upgrade|price=price_confirmed_basic|theme=emerging_leadership|relation=company_positive_confirmation_needed,capacity=slot_competition_very_high|same_entry_candidates=18|active_relations=0|risk=proxy_neutral|microstructure=SOURCE_PENDING_NOT_USED,1,18,4,14,0,0,1,,medium_quality_setup,BASELINE_ALLOWED,1,0,0,0
TASK617|RKLB|20250708T161500Z|slot_decision_explanation,TASK617|RKLB|20250708T161500Z,RKLB,2025-07-10 14:30:00+00:00,2025-07-08 16:15:00+00:00,aerospace_defense_space,validation,priority_candidate,setup=high_quality_setup|catalyst=guidance_margin_upgrade|price=price_confirmed_basic|theme=persistent_leadership|relation=company_price_confirmed_macro_secondary,capacity=slot_competition_very_high|same_entry_candidates=18|active_relations=0|risk=proxy_neutral|microstructure=SOURCE_PENDING_NOT_USED,1,18,2,1,0,0,1,,high_quality_setup,BASELINE_ALLOWED,1,0,0,0
TASK617|PH|20250708T161500Z|slot_decision_explanation,TASK617|PH|20250708T161500Z,PH,2025-07-10 14:30:00+00:00,2025-07-08 16:15:00+00:00,industrial_automation_robotics,validation,confirmation_required_candidate,setup=medium_quality_setup|catalyst=guidance_margin_upgrade|price=price_confirmed_basic|theme=participating_theme|relation=company_positive_confirmation_needed,capacity=slot_competition_very_high|same_entry_candidates=18|active_relations=0|risk=proxy_neutral|microstructure=SOURCE_PENDING_NOT_USED,1,18,3,14,0,0,1,,medium_quality_setup,BASELINE_ALLOWED,1,0,0,0
TASK617|PLTR|20250708T170000Z|slot_decision_explanation,TASK617|PLTR|20250708T170000Z,PLTR,2025-07-10 14:30:00+00:00,2025-07-08 17:00:00+00:00,data_devops_software,validation,priority_candidate,setup=fragile_setup|catalyst=guidance_margin_upgrade|price=price_fragile_or_unconfirmed|theme=participating_theme|relation=relation_reinforcing,capacity=slot_competition_very_high|same_entry_candidates=18|active_relations=0|risk=high_liquidity_momentum_proxy|microstructure=SOURCE_PENDING_NOT_USED,1,18,2,3,0,0,1,,fragile_setup,STRENGTH_HOLD_CANDIDATE,1,0,0,0
TASK617|UBER|20250708T194500Z|slot_decision_explanation,TASK617|UBER|20250708T194500Z,UBER,2025-07-10 14:30:00+00:00,2025-07-08 19:45:00+00:00,ev_autonomy_mobility,validation,confirmation_required_candidate,setup=medium_quality_setup|catalyst=guidance_margin_upgrade|price=price_confirmed_basic|theme=participating_theme|relation=company_positive_confirmation_needed,capacity=slot_competition_very_high|same_entry_candidates=18|active_relations=0|risk=proxy_neutral|microstructure=SOURCE_PENDING_NOT_USED,1,18,5,14,0,0,1,,medium_quality_setup,BASELINE_ALLOWED,1,0,0,0
TASK617|TER|20250709T133000Z|slot_decision_explanation,TASK617|TER|20250709T133000Z,TER,2025-07-11 14:30:00+00:00,2025-07-09 13:30:00+00:00,industrial_automation_robotics,validation,priority_candidate,setup=medium_quality_setup|catalyst=guidance_margin_upgrade|price=price_confirmed_basic|theme=fading_leadership|relation=relation_reinforcing,capacity=slot_competition_very_high|same_entry_candidates=26|active_relations=0|risk=proxy_neutral|microstructure=SOURCE_PENDING_NOT_USED,1,26,1,4,0,0,1,,medium_quality_setup,STRENGTH_HOLD_CANDIDATE,1,0,0,0
TASK617|NVDA|20250709T133000Z|slot_decision_explanation,TASK617|NVDA|20250709T133000Z,NVDA,2025-07-11 14:30:00+00:00,2025-07-09 13:30:00+00:00,ai_semiconductors,validation,confirmation_required_candidate,setup=medium_quality_setup|catalyst=guidance_margin_upgrade|price=price_confirmed_basic|theme=participating_theme|relation=company_positive_confirmation_needed,capacity=slot_competition_very_high|same_entry_candidates=26|active_relations=0|risk=proxy_neutral|microstructure=SOURCE_PENDING_NOT_USED,1,26,4,20,0,0,1,,medium_quality_setup,BASELINE_ALLOWED,1,0,0,0
TASK617|RKLB|20250709T133000Z|slot_decision_explanation,TASK617|RKLB|20250709T133000Z,RKLB,2025-07-11 14:30:00+00:00,2025-07-09 13:30:00+00:00,aerospace_defense_space,validation,priority_candidate,setup=high_quality_setup|catalyst=guidance_margin_upgrade|price=price_confirmed_basic|theme=participating_theme|relation=company_price_confirmed_macro_secondary,capacity=slot_competition_very_high|same_entry_candidates=26|active_relations=0|risk=proxy_neutral|microstructure=SOURCE_PENDING_NOT_USED,1,26,3,2,0,0,1,,high_quality_setup,BASELINE_ALLOWED,1,0,0,0
TASK617|GEV|20250709T133000Z|slot_decision_explanation,TASK617|GEV|20250709T133000Z,GEV,2025-07-11 14:30:00+00:00,2025-07-09 13:30:00+00:00,power_grid_electrification,validation,priority_candidate,setup=high_quality_setup|catalyst=guidance_margin_upgrade|price=price_confirmed_basic|theme=participating_theme|relation=relation_reinforcing,capacity=slot_competition_very_high|same_entry_candidates=26|active_relations=0|risk=proxy_neutral|microstructure=SOURCE_PENDING_NOT_USED,1,26,4,4,0,0,1,,high_quality_setup,STRENGTH_HOLD_CANDIDATE,1,0,0,0
TASK617|VRT|20250709T133000Z|slot_decision_explanation,TASK617|VRT|20250709T133000Z,VRT,2025-07-11 14:30:00+00:00,2025-07-09 13:30:00+00:00,power_grid_electrification,validation,confirmation_required_candidate,setup=medium_quality_setup|catalyst=guidance_margin_upgrade|price=price_confirmed_but_extended|theme=participating_theme|relation=company_positive_confirmation_needed,capacity=slot_competition_very_high|same_entry_candidates=26|active_relations=0|risk=extension_proxy|microstructure=SOURCE_PENDING_NOT_USED,1,26,4,20,0,0,1,,medium_quality_setup,BASELINE_ALLOWED,1,0,0,0
TASK617|BA|20250709T133000Z|slot_decision_explanation,TASK617|BA|20250709T133000Z,BA,2025-07-11 14:30:00+00:00,2025-07-09 13:30:00+00:00,aerospace_defense_space,validation,priority_candidate,setup=high_quality_setup|catalyst=guidance_margin_upgrade|price=price_confirmed_basic|theme=participating_theme|relation=company_price_confirmed_macro_secondary,capacity=slot_competition_very_high|same_entry_candidates=26|active_relations=0|risk=proxy_neutral|microstructure=SOURCE_PENDING_NOT_USED,1,26,3,2,0,0,1,,high_quality_setup,BASELINE_ALLOWED,1,0,0,0
TASK617|AVGO|20250709T133000Z|slot_decision_explanation,TASK617|AVGO|20250709T133000Z,AVGO,2025-07-11 14:30:00+00:00,2025-07-09 13:30:00+00:00,ai_semiconductors,validation,confirmation_required_candidate,setup=medium_quality_setup|catalyst=guidance_margin_upgrade|price=price_confirmed_basic|theme=participating_theme|relation=company_positive_confirmation_needed,capacity=slot_competition_very_high|same_entry_candidates=26|active_relations=0|risk=proxy_neutral|microstructure=SOURCE_PENDING_NOT_USED,1,26,4,20,0,0,1,,medium_quality_setup,BASELINE_ALLOWED,1,0,0,0
TASK617|TSM|20250709T133000Z|slot_decision_explanation,TASK617|TSM|20250709T133000Z,TSM,2025-07-11 14:30:00+00:00,2025-07-09 13:30:00+00:00,ai_semiconductors,validation,confirmation_required_candidate,setup=medium_quality_setup|catalyst=guidance_margin_upgrade|price=price_confirmed_basic|theme=participating_theme|relation=company_positive_confirmation_needed,capacity=slot_competition_very_high|same_entry_candidates=26|active_relations=0|risk=proxy_neutral|microstructure=SOURCE_PENDING_NOT_USED,1,26,4,20,0,0,1,,medium_quality_setup,BASELINE_ALLOWED,1,0,0,0
TASK617|MSFT|20250709T133000Z|slot_decision_explanation,TASK617|MSFT|20250709T133000Z,MSFT,2025-07-11 14:30:00+00:00,2025-07-09 13:30:00+00:00,cloud_ai_platforms,validation,confirmation_required_candidate,setup=medium_quality_setup|catalyst=guidance_margin_upgrade|price=price_confirmed_basic|theme=participating_theme|relation=company_positive_confirmation_needed,capacity=slot_competition_very_high|same_entry_candidates=26|active_relations=0|risk=proxy_neutral|microstructure=SOURCE_PENDING_NOT_USED,1,26,2,20,0,0,1,,medium_quality_setup,BASELINE_ALLOWED,1,0,0,0
TASK617|MDB|20250709T134500Z|slot_decision_explanation,TASK617|MDB|20250709T134500Z,MDB,2025-07-11 14:30:00+00:00,2025-07-09 13:45:00+00:00,data_devops_software,validation,priority_candidate,setup=high_quality_setup|catalyst=guidance_margin_upgrade|price=price_confirmed_basic|theme=participating_theme|relation=relation_reinforcing,capacity=slot_competition_very_high|same_entry_candidates=26|active_relations=0|risk=proxy_neutral|microstructure=SOURCE_PENDING_NOT_USED,1,26,2,4,0,0,1,,high_quality_setup,STRENGTH_HOLD_CANDIDATE,1,0,0,0
TASK617|NET|20250709T134500Z|slot_decision_explanation,TASK617|NET|20250709T134500Z,NET,2025-07-11 14:30:00+00:00,2025-07-09 13:45:00+00:00,cybersecurity,validation,confirmation_required_candidate,setup=medium_quality_setup|catalyst=guidance_margin_upgrade|price=price_confirmed_basic|theme=participating_theme|relation=company_positive_confirmation_needed,capacity=slot_competition_very_high|same_entry_candidates=26|active_relations=0|risk=proxy_neutral|microstructure=SOURCE_PENDING_NOT_USED,1,26,3,20,0,0,1,,medium_quality_setup,BASELINE_ALLOWED,1,0,0,0
TASK617|GM|20250709T134500Z|slot_decision_explanation,TASK617|GM|20250709T134500Z,GM,2025-07-11 14:30:00+00:00,2025-07-09 13:45:00+00:00,ev_autonomy_mobility,validation,confirmation_required_candidate,setup=medium_quality_setup|catalyst=guidance_margin_upgrade|price=price_confirmed_basic|theme=participating_theme|relation=company_positive_confirmation_needed,capacity=slot_competition_very_high|same_entry_candidates=26|active_relations=0|risk=high_liquidity_momentum_proxy|microstructure=SOURCE_PENDING_NOT_USED,1,26,2,20,0,0,1,,medium_quality_setup,BASELINE_ALLOWED,1,0,0,0
TASK617|META|20250709T134500Z|slot_decision_explanation,TASK617|META|20250709T134500Z,META,2025-07-11 14:30:00+00:00,2025-07-09 13:45:00+00:00,cloud_ai_platforms,validation,confirmation_required_candidate,setup=medium_quality_setup|catalyst=guidance_margin_upgrade|price=price_confirmed_basic|theme=participating_theme|relation=company_positive_confirmation_needed,capacity=slot_competition_very_high|same_entry_candidates=26|active_relations=0|risk=proxy_neutral|microstructure=SOURCE_PENDING_NOT_USED,1,26,2,20,0,0,1,,medium_quality_setup,BASELINE_ALLOWED,1,0,0,0
TASK617|HOOD|20250709T140000Z|slot_decision_explanation,TASK617|HOOD|20250709T140000Z,HOOD,2025-07-11 14:30:00+00:00,2025-07-09 14:00:00+00:00,crypto_fintech,validation,confirmation_required_candidate,setup=medium_quality_setup|catalyst=guidance_margin_upgrade|price=price_confirmed_basic|theme=persistent_leadership|relation=company_positive_confirmation_needed,capacity=slot_competition_very_high|same_entry_candidates=26|active_relations=0|risk=proxy_neutral|microstructure=SOURCE_PENDING_NOT_USED,1,26,5,20,0,0,1,,medium_quality_setup,BASELINE_ALLOWED,1,0,0,0
TASK617|AMD|20250709T140000Z|slot_decision_explanation,TASK617|AMD|20250709T140000Z,AMD,2025-07-11 14:30:00+00:00,2025-07-09 14:00:00+00:00,ai_semiconductors,validation,confirmation_required_candidate,setup=medium_quality_setup|catalyst=guidance_margin_upgrade|price=price_confirmed_basic|theme=participating_theme|relation=company_positive_confirmation_needed,capacity=slot_competition_very_high|same_entry_candidates=26|active_relations=0|risk=proxy_neutral|microstructure=SOURCE_PENDING_NOT_USED,1,26,4,20,0,0,1,,medium_quality_setup,BASELINE_ALLOWED,1,0,0,0
TASK617|VST|20250709T143000Z|slot_decision_explanation,TASK617|VST|20250709T143000Z,VST,2025-07-11 14:30:00+00:00,2025-07-09 14:30:00+00:00,power_grid_electrification,validation,confirmation_required_candidate,setup=medium_quality_setup|catalyst=guidance_margin_upgrade|price=price_confirmed_basic|theme=participating_theme|relation=company_positive_confirmation_needed,capacity=slot_competition_very_high|same_entry_candidates=26|active_relations=0|risk=proxy_neutral|microstructure=SOURCE_PENDING_NOT_USED,1,26,4,20,0,0,1,,medium_quality_setup,BASELINE_ALLOWED,1,0,0,0
TASK617|PLTR|20250709T150000Z|slot_decision_explanation,TASK617|PLTR|20250709T150000Z,PLTR,2025-07-11 14:30:00+00:00,2025-07-09 15:00:00+00:00,data_devops_software,validation,priority_candidate,setup=high_quality_setup|catalyst=guidance_margin_upgrade|price=price_confirmed_basic|theme=participating_theme|relation=relation_reinforcing,capacity=slot_competition_very_high|same_entry_candidates=26|active_relations=0|risk=proxy_neutral|microstructure=SOURCE_PENDING_NOT_USED,1,26,2,4,0,0,1,,high_quality_setup,STRENGTH_HOLD_CANDIDATE,1,0,0,0
TASK617|COIN|20250709T151500Z|slot_decision_explanation,TASK617|COIN|20250709T151500Z,COIN,2025-07-11 14:30:00+00:00,2025-07-09 15:15:00+00:00,crypto_fintech,validation,confirmation_required_candidate,setup=medium_quality_setup|catalyst=guidance_margin_upgrade|price=price_confirmed_basic|theme=persistent_leadership|relation=company_positive_confirmation_needed,capacity=slot_competition_very_high|same_entry_candidates=26|active_relations=0|risk=proxy_neutral|microstructure=SOURCE_PENDING_NOT_USED,1,26,5,20,0,0,1,,medium_quality_setup,BASELINE_ALLOWED,1,0,0,0
TASK617|ZS|20250709T151500Z|slot_decision_explanation,TASK617|ZS|20250709T151500Z,ZS,2025-07-11 14:30:00+00:00,2025-07-09 15:15:00+00:00,cybersecurity,validation,confirmation_required_candidate,setup=medium_quality_setup|catalyst=guidance_margin_upgrade|price=price_confirmed_basic|theme=participating_theme|relation=company_positive_confirmation_needed,capacity=slot_competition_very_high|same_entry_candidates=26|active_relations=0|risk=proxy_neutral|microstructure=SOURCE_PENDING_NOT_USED,1,26,3,20,0,0,1,,medium_quality_setup,BASELINE_ALLOWED,1,0,0,0
TASK617|PWR|20250709T154500Z|slot_decision_explanation,TASK617|PWR|20250709T154500Z,PWR,2025-07-11 14:30:00+00:00,2025-07-09 15:45:00+00:00,power_grid_electrification,validation,confirmation_required_candidate,setup=medium_quality_setup|catalyst=guidance_margin_upgrade|price=price_confirmed_basic|theme=participating_theme|relation=company_positive_confirmation_needed,capacity=slot_competition_very_high|same_entry_candidates=26|active_relations=0|risk=proxy_neutral|microstructure=SOURCE_PENDING_NOT_USED,1,26,4,20,0,0,1,,medium_quality_setup,BASELINE_ALLOWED,1,0,0,0
TASK617|AFRM|20250709T163000Z|slot_decision_explanation,TASK617|AFRM|20250709T163000Z,AFRM,2025-07-11 14:30:00+00:00,2025-07-09 16:30:00+00:00,crypto_fintech,validation,research_only,setup=fragile_setup|catalyst=guidance_margin_upgrade|price=price_fragile_or_unconfirmed|theme=persistent_leadership|relation=company_positive_confirmation_needed,capacity=slot_competition_very_high|same_entry_candidates=26|active_relations=0|risk=extension_proxy|microstructure=SOURCE_PENDING_NOT_USED,1,26,5,20,0,0,1,,fragile_setup,BASELINE_ALLOWED,1,0,0,0
TASK617|F|20250709T170000Z|slot_decision_explanation,TASK617|F|20250709T170000Z,F,2025-07-11 14:30:00+00:00,2025-07-09 17:00:00+00:00,ev_autonomy_mobility,validation,confirmation_required_candidate,setup=medium_quality_setup|catalyst=guidance_margin_upgrade|price=price_confirmed_but_extended|theme=participating_theme|relation=company_positive_confirmation_needed,capacity=slot_competition_very_high|same_entry_candidates=26|active_relations=0|risk=extension_proxy|microstructure=SOURCE_PENDING_NOT_USED,1,26,2,20,0,0,1,,medium_quality_setup,BASELINE_ALLOWED,1,0,0,0
TASK617|GD|20250709T184500Z|slot_decision_explanation,TASK617|GD|20250709T184500Z,GD,2025-07-11 14:30:00+00:00,2025-07-09 18:45:00+00:00,aerospace_defense_space,validation,confirmation_required_candidate,setup=medium_quality_setup|catalyst=guidance_margin_upgrade|price=price_confirmed_basic|theme=participating_theme|relation=company_positive_confirmation_needed,capacity=slot_competition_very_high|same_entry_candidates=26|active_relations=0|risk=proxy_neutral|microstructure=SOURCE_PENDING_NOT_USED,1,26,3,20,0,0,1,,medium_quality_setup,BASELINE_ALLOWED,1,0,0,0
TASK617|IBIT|20250709T191500Z|slot_decision_explanation,TASK617|IBIT|20250709T191500Z,IBIT,2025-07-11 14:30:00+00:00,2025-07-09 19:15:00+00:00,crypto_fintech,validation,confirmation_required_candidate,setup=medium_quality_setup|catalyst=guidance_margin_upgrade|price=price_confirmed_but_extended|theme=persistent_leadership|relation=company_positive_confirmation_needed,capacity=slot_competition_very_high|same_entry_candidates=26|active_relations=0|risk=extension_proxy|microstructure=SOURCE_PENDING_NOT_USED,1,26,5,20,0,0,1,,medium_quality_setup,BASELINE_ALLOWED,1,0,0,0
TASK617|CRWD|20250709T194500Z|slot_decision_explanation,TASK617|CRWD|20250709T194500Z,CRWD,2025-07-11 14:30:00+00:00,2025-07-09 19:45:00+00:00,cybersecurity,validation,confirmation_required_candidate,setup=medium_quality_setup|catalyst=guidance_margin_upgrade|price=price_confirmed_basic|theme=participating_theme|relation=company_positive_confirmation_needed,capacity=slot_competition_very_high|same_entry_candidates=26|active_relations=0|risk=proxy_neutral|microstructure=SOURCE_PENDING_NOT_USED,1,26,3,20,0,0,1,,medium_quality_setup,BASELINE_ALLOWED,1,0,0,0
TASK617|SOFI|20250709T194500Z|slot_decision_explanation,TASK617|SOFI|20250709T194500Z,SOFI,2025-07-11 14:30:00+00:00,2025-07-09 19:45:00+00:00,crypto_fintech,validation,confirmation_required_candidate,setup=medium_quality_setup|catalyst=guidance_margin_upgrade|price=price_confirmed_basic|theme=persistent_leadership|relation=company_positive_confirmation_needed,capacity=slot_competition_very_high|same_entry_candidates=26|active_relations=0|risk=proxy_neutral|microstructure=SOURCE_PENDING_NOT_USED,1,26,5,20,0,0,1,,medium_quality_setup,BASELINE_ALLOWED,1,0,0,0
TASK617|COIN|20250710T133000Z|slot_decision_explanation,TASK617|COIN|20250710T133000Z,COIN,2025-07-14 14:30:00+00:00,2025-07-10 13:30:00+00:00,crypto_fintech,validation,confirmation_required_candidate,setup=medium_quality_setup|catalyst=guidance_margin_upgrade|price=price_confirmed_basic|theme=persistent_leadership|relation=company_positive_confirmation_needed,capacity=slot_competition_very_high|same_entry_candidates=18|active_relations=0|risk=proxy_neutral|microstructure=SOURCE_PENDING_NOT_USED,1,18,4,13,0,0,1,,medium_quality_setup,BASELINE_ALLOWED,1,0,0,0
TASK617|SOFI|20250710T133000Z|slot_decision_explanation,TASK617|SOFI|20250710T133000Z,SOFI,2025-07-14 14:30:00+00:00,2025-07-10 13:30:00+00:00,crypto_fintech,validation,confirmation_required_candidate,setup=medium_quality_setup|catalyst=guidance_margin_upgrade|price=price_confirmed_basic|theme=persistent_leadership|relation=company_positive_confirmation_needed,capacity=slot_competition_very_high|same_entry_candidates=18|active_relations=0|risk=proxy_neutral|microstructure=SOURCE_PENDING_NOT_USED,1,18,4,13,0,0,1,,medium_quality_setup,BASELINE_ALLOWED,1,0,0,0
TASK617|EMR|20250710T133000Z|slot_decision_explanation,TASK617|EMR|20250710T133000Z,EMR,2025-07-14 14:30:00+00:00,2025-07-10 13:30:00+00:00,industrial_automation_robotics,validation,confirmation_required_candidate,setup=medium_quality_setup|catalyst=guidance_margin_upgrade|price=price_confirmed_but_extended|theme=participating_theme|relation=company_positive_confirmation_needed,capacity=slot_competition_very_high|same_entry_candidates=18|active_relations=0|risk=extension_proxy|microstructure=SOURCE_PENDING_NOT_USED,1,18,4,13,0,0,1,,medium_quality_setup,BASELINE_ALLOWED,1,0,0,0
TASK617|GD|20250710T133000Z|slot_decision_explanation,TASK617|GD|20250710T133000Z,GD,2025-07-14 14:30:00+00:00,2025-07-10 13:30:00+00:00,aerospace_defense_space,validation,confirmation_required_candidate,setup=medium_quality_setup|catalyst=guidance_margin_upgrade|price=price_confirmed_basic|theme=persistent_leadership|relation=company_positive_confirmation_needed,capacity=slot_competition_very_high|same_entry_candidates=18|active_relations=0|risk=proxy_neutral|microstructure=SOURCE_PENDING_NOT_USED,1,18,4,13,0,0,1,,medium_quality_setup,BASELINE_ALLOWED,1,0,0,0
TASK617|GM|20250710T140000Z|slot_decision_explanation,TASK617|GM|20250710T140000Z,GM,2025-07-14 14:30:00+00:00,2025-07-10 14:00:00+00:00,ev_autonomy_mobility,validation,confirmation_required_candidate,setup=medium_quality_setup|catalyst=guidance_margin_upgrade|price=price_confirmed_basic|theme=participating_theme|relation=company_positive_confirmation_needed,capacity=slot_competition_very_high|same_entry_candidates=18|active_relations=0|risk=high_liquidity_momentum_proxy|microstructure=SOURCE_PENDING_NOT_USED,1,18,3,13,0,0,1,,medium_quality_setup,BASELINE_ALLOWED,1,0,0,0
TASK617|ROK|20250710T140000Z|slot_decision_explanation,TASK617|ROK|20250710T140000Z,ROK,2025-07-14 14:30:00+00:00,2025-07-10 14:00:00+00:00,industrial_automation_robotics,validation,priority_candidate,setup=high_quality_setup|catalyst=guidance_margin_upgrade|price=price_confirmed_but_extended|theme=participating_theme|relation=relation_reinforcing,capacity=slot_competition_very_high|same_entry_candidates=18|active_relations=0|risk=extension_proxy|microstructure=SOURCE_PENDING_NOT_USED,1,18,4,3,0,0,1,,high_quality_setup,STRENGTH_HOLD_CANDIDATE,1,0,0,0
TASK617|ASTS|20250710T143000Z|slot_decision_explanation,TASK617|ASTS|20250710T143000Z,ASTS,2025-07-14 14:30:00+00:00,2025-07-10 14:30:00+00:00,aerospace_defense_space,validation,research_only,setup=fragile_setup|catalyst=guidance_margin_upgrade|price=price_fragile_or_unconfirmed|theme=persistent_leadership|relation=company_price_confirmed_macro_secondary,capacity=slot_competition_very_high|same_entry_candidates=18|active_relations=0|risk=proxy_neutral|microstructure=SOURCE_PENDING_NOT_USED,1,18,4,2,0,0,1,,fragile_setup,BASELINE_ALLOWED,1,0,0,0
TASK617|F|20250710T143000Z|slot_decision_explanation,TASK617|F|20250710T143000Z,F,2025-07-14 14:30:00+00:00,2025-07-10 14:30:00+00:00,ev_autonomy_mobility,validation,confirmation_required_candidate,setup=medium_quality_setup|catalyst=guidance_margin_upgrade|price=price_confirmed_basic|theme=participating_theme|relation=company_positive_confirmation_needed,capacity=slot_competition_very_high|same_entry_candidates=18|active_relations=0|risk=high_liquidity_momentum_proxy|microstructure=SOURCE_PENDING_NOT_USED,1,18,3,13,0,0,1,,medium_quality_setup,BASELINE_ALLOWED,1,0,0,0
TASK617|TER|20250710T143000Z|slot_decision_explanation,TASK617|TER|20250710T143000Z,TER,2025-07-14 14:30:00+00:00,2025-07-10 14:30:00+00:00,industrial_automation_robotics,validation,priority_candidate,setup=high_quality_setup|catalyst=guidance_margin_upgrade|price=price_confirmed_basic|theme=participating_theme|relation=relation_reinforcing,capacity=slot_competition_very_high|same_entry_candidates=18|active_relations=0|risk=proxy_neutral|microstructure=SOURCE_PENDING_NOT_USED,1,18,4,3,0,0,1,,high_quality_setup,STRENGTH_HOLD_CANDIDATE,1,0,0,0
TASK617|IBIT|20250710T144500Z|slot_decision_explanation,TASK617|IBIT|20250710T144500Z,IBIT,2025-07-14 14:30:00+00:00,2025-07-10 14:45:00+00:00,crypto_fintech,validation,confirmation_required_candidate,setup=medium_quality_setup|catalyst=guidance_margin_upgrade|price=price_confirmed_basic|theme=persistent_leadership|relation=company_positive_confirmation_needed,capacity=slot_competition_very_high|same_entry_candidates=18|active_relations=0|risk=proxy_neutral|microstructure=SOURCE_PENDING_NOT_USED,1,18,4,13,0,0,1,,medium_quality_setup,BASELINE_ALLOWED,1,0,0,0
TASK617|PH|20250710T144500Z|slot_decision_explanation,TASK617|PH|20250710T144500Z,PH,2025-07-14 14:30:00+00:00,2025-07-10 14:45:00+00:00,industrial_automation_robotics,validation,confirmation_required_candidate,setup=medium_quality_setup|catalyst=guidance_margin_upgrade|price=price_confirmed_but_extended|theme=participating_theme|relation=company_positive_confirmation_needed,capacity=slot_competition_very_high|same_entry_candidates=18|active_relations=0|risk=extension_proxy|microstructure=SOURCE_PENDING_NOT_USED,1,18,4,13,0,0,1,,medium_quality_setup,BASELINE_ALLOWED,1,0,0,0
TASK617|MRNA|20250710T151500Z|slot_decision_explanation,TASK617|MRNA|20250710T151500Z,MRNA,2025-07-14 14:30:00+00:00,2025-07-10 15:15:00+00:00,biotech_glp1_healthcare,validation,confirmation_required_candidate,setup=medium_quality_setup|catalyst=guidance_margin_upgrade|price=price_confirmed_basic|theme=participating_theme|relation=company_positive_confirmation_needed,capacity=slot_competition_very_high|same_entry_candidates=18|active_relations=0|risk=proxy_neutral|microstructure=SOURCE_PENDING_NOT_USED,1,18,1,13,0,0,1,,medium_quality_setup,BASELINE_ALLOWED,1,0,0,0
TASK617|UBER|20250710T153000Z|slot_decision_explanation,TASK617|UBER|20250710T153000Z,UBER,2025-07-14 14:30:00+00:00,2025-07-10 15:30:00+00:00,ev_autonomy_mobility,validation,confirmation_required_candidate,setup=medium_quality_setup|catalyst=guidance_margin_upgrade|price=price_confirmed_basic|theme=participating_theme|relation=company_positive_confirmation_needed,capacity=slot_competition_very_high|same_entry_candidates=18|active_relations=0|risk=high_liquidity_momentum_proxy|microstructure=SOURCE_PENDING_NOT_USED,1,18,3,13,0,0,1,,medium_quality_setup,BASELINE_ALLOWED,1,0,0,0
TASK617|HOOD|20250710T154500Z|slot_decision_explanation,TASK617|HOOD|20250710T154500Z,HOOD,2025-07-14 14:30:00+00:00,2025-07-10 15:45:00+00:00,crypto_fintech,validation,confirmation_required_candidate,setup=medium_quality_setup|catalyst=guidance_margin_upgrade|price=price_confirmed_but_extended|theme=persistent_leadership|relation=company_positive_confirmation_needed,capacity=slot_competition_very_high|same_entry_candidates=18|active_relations=0|risk=extension_proxy|microstructure=SOURCE_PENDING_NOT_USED,1,18,4,13,0,0,1,,medium_quality_setup,BASELINE_ALLOWED,1,0,0,0
TASK617|RKLB|20250710T161500Z|slot_decision_explanation,TASK617|RKLB|20250710T161500Z,RKLB,2025-07-14 14:30:00+00:00,2025-07-10 16:15:00+00:00,aerospace_defense_space,validation,priority_candidate,setup=high_quality_setup|catalyst=guidance_margin_upgrade|price=price_confirmed_basic|theme=persistent_leadership|relation=company_price_confirmed_macro_secondary,capacity=slot_competition_very_high|same_entry_candidates=18|active_relations=0|risk=proxy_neutral|microstructure=SOURCE_PENDING_NOT_USED,1,18,4,2,0,0,1,,high_quality_setup,BASELINE_ALLOWED,1,0,0,0
TASK617|GEV|20250710T170000Z|slot_decision_explanation,TASK617|GEV|20250710T170000Z,GEV,2025-07-14 14:30:00+00:00,2025-07-10 17:00:00+00:00,power_grid_electrification,validation,priority_candidate,setup=high_quality_setup|catalyst=guidance_margin_upgrade|price=price_confirmed_basic|theme=emerging_leadership|relation=relation_reinforcing,capacity=slot_competition_very_high|same_entry_candidates=18|active_relations=0|risk=high_liquidity_momentum_proxy|microstructure=SOURCE_PENDING_NOT_USED,1,18,2,3,0,0,1,,high_quality_setup,STRENGTH_HOLD_CANDIDATE,1,0,0,0
TASK617|VST|20250710T183000Z|slot_decision_explanation,TASK617|VST|20250710T183000Z,VST,2025-07-14 14:30:00+00:00,2025-07-10 18:30:00+00:00,power_grid_electrification,validation,confirmation_required_candidate,setup=medium_quality_setup|catalyst=guidance_margin_upgrade|price=price_confirmed_basic|theme=emerging_leadership|relation=company_positive_confirmation_needed,capacity=slot_competition_very_high|same_entry_candidates=18|active_relations=0|risk=high_liquidity_momentum_proxy|microstructure=SOURCE_PENDING_NOT_USED,1,18,2,13,0,0,1,,medium_quality_setup,BASELINE_ALLOWED,1,0,0,0
TASK617|RTX|20250710T193000Z|slot_decision_explanation,TASK617|RTX|20250710T193000Z,RTX,2025-07-14 14:30:00+00:00,2025-07-10 19:30:00+00:00,aerospace_defense_space,validation,confirmation_required_candidate,setup=medium_quality_setup|catalyst=guidance_margin_upgrade|price=price_confirmed_but_extended|theme=persistent_leadership|relation=company_positive_confirmation_needed,capacity=slot_competition_very_high|same_entry_candidates=18|active_relations=0|risk=extension_proxy|microstructure=SOURCE_PENDING_NOT_USED,1,18,4,13,0,0,1,,medium_quality_setup,BASELINE_ALLOWED,1,0,0,0
TASK617|ASTS|20250714T133000Z|slot_decision_explanation,TASK617|ASTS|20250714T133000Z,ASTS,2025-07-16 14:30:00+00:00,2025-07-14 13:30:00+00:00,aerospace_defense_space,validation,priority_candidate,setup=high_quality_setup|catalyst=guidance_margin_upgrade|price=price_confirmed_basic|theme=persistent_leadership|relation=company_price_confirmed_macro_secondary,capacity=slot_competition_very_high|same_entry_candidates=23|active_relations=0|risk=proxy_neutral|microstructure=SOURCE_PENDING_NOT_USED,1,23,4,2,0,0,1,,high_quality_setup,BASELINE_ALLOWED,1,0,0,0
TASK617|RTX|20250714T133000Z|slot_decision_explanation,TASK617|RTX|20250714T133000Z,RTX,2025-07-16 14:30:00+00:00,2025-07-14 13:30:00+00:00,aerospace_defense_space,validation,confirmation_required_candidate,setup=medium_quality_setup|catalyst=guidance_margin_upgrade|price=price_confirmed_basic|theme=persistent_leadership|relation=company_positive_confirmation_needed,capacity=slot_competition_very_high|same_entry_candidates=23|active_relations=0|risk=proxy_neutral|microstructure=SOURCE_PENDING_NOT_USED,1,23,4,15,0,0,1,,medium_quality_setup,BASELINE_ALLOWED,1,0,0,0
TASK617|GD|20250714T134500Z|slot_decision_explanation,TASK617|GD|20250714T134500Z,GD,2025-07-16 14:30:00+00:00,2025-07-14 13:45:00+00:00,aerospace_defense_space,validation,confirmation_required_candidate,setup=medium_quality_setup|catalyst=guidance_margin_upgrade|price=price_confirmed_basic|theme=persistent_leadership|relation=company_positive_confirmation_needed,capacity=slot_competition_very_high|same_entry_candidates=23|active_relations=0|risk=proxy_neutral|microstructure=SOURCE_PENDING_NOT_USED,1,23,4,15,0,0,1,,medium_quality_setup,BASELINE_ALLOWED,1,0,0,0
TASK617|DDOG|20250714T134500Z|slot_decision_explanation,TASK617|DDOG|20250714T134500Z,DDOG,2025-07-16 14:30:00+00:00,2025-07-14 13:45:00+00:00,data_devops_software,validation,priority_candidate,setup=medium_quality_setup|catalyst=guidance_margin_upgrade|price=price_confirmed_basic|theme=fading_leadership|relation=relation_reinforcing,capacity=slot_competition_very_high|same_entry_candidates=23|active_relations=0|risk=proxy_neutral|microstructure=SOURCE_PENDING_NOT_USED,1,23,2,6,0,0,1,,medium_quality_setup,STRENGTH_HOLD_CANDIDATE,1,0,0,0
TASK617|RKLB|20250714T134500Z|slot_decision_explanation,TASK617|RKLB|20250714T134500Z,RKLB,2025-07-16 14:30:00+00:00,2025-07-14 13:45:00+00:00,aerospace_defense_space,validation,priority_candidate,setup=high_quality_setup|catalyst=guidance_margin_upgrade|price=price_confirmed_basic|theme=persistent_leadership|relation=company_price_confirmed_macro_secondary,capacity=slot_competition_very_high|same_entry_candidates=23|active_relations=0|risk=proxy_neutral|microstructure=SOURCE_PENDING_NOT_USED,1,23,4,2,0,0,1,,high_quality_setup,BASELINE_ALLOWED,1,0,0,0
TASK617|GE|20250714T134500Z|slot_decision_explanation,TASK617|GE|20250714T134500Z,GE,2025-07-16 14:30:00+00:00,2025-07-14 13:45:00+00:00,industrial_automation_robotics,validation,priority_candidate,setup=high_quality_setup|catalyst=guidance_margin_upgrade|price=price_confirmed_basic|theme=participating_theme|relation=relation_reinforcing,capacity=slot_competition_very_high|same_entry_candidates=23|active_relations=0|risk=proxy_neutral|microstructure=SOURCE_PENDING_NOT_USED,1,23,4,6,0,0,1,,high_quality_setup,STRENGTH_HOLD_CANDIDATE,1,0,0,0
TASK617|AMZN|20250714T134500Z|slot_decision_explanation,TASK617|AMZN|20250714T134500Z,AMZN,2025-07-16 14:30:00+00:00,2025-07-14 13:45:00+00:00,cloud_ai_platforms,validation,confirmation_required_candidate,setup=medium_quality_setup|catalyst=guidance_margin_upgrade|price=price_confirmed_basic|theme=participating_theme|relation=company_positive_confirmation_needed,capacity=slot_competition_very_high|same_entry_candidates=23|active_relations=0|risk=proxy_neutral|microstructure=SOURCE_PENDING_NOT_USED,1,23,3,15,0,0,1,,medium_quality_setup,BASELINE_ALLOWED,1,0,0,0
TASK617|ETN|20250714T140000Z|slot_decision_explanation,TASK617|ETN|20250714T140000Z,ETN,2025-07-16 14:30:00+00:00,2025-07-14 14:00:00+00:00,power_grid_electrification,validation,confirmation_required_candidate,setup=medium_quality_setup|catalyst=guidance_margin_upgrade|price=price_confirmed_basic|theme=participating_theme|relation=company_positive_confirmation_needed,capacity=slot_competition_very_high|same_entry_candidates=23|active_relations=0|risk=proxy_neutral|microstructure=SOURCE_PENDING_NOT_USED,1,23,5,15,0,0,1,,medium_quality_setup,BASELINE_ALLOWED,1,0,0,0
TASK617|VRT|20250714T140000Z|slot_decision_explanation,TASK617|VRT|20250714T140000Z,VRT,2025-07-16 14:30:00+00:00,2025-07-14 14:00:00+00:00,power_grid_electrification,validation,confirmation_required_candidate,setup=medium_quality_setup|catalyst=guidance_margin_upgrade|price=price_confirmed_basic|theme=participating_theme|relation=company_positive_confirmation_needed,capacity=slot_competition_very_high|same_entry_candidates=23|active_relations=0|risk=proxy_neutral|microstructure=SOURCE_PENDING_NOT_USED,1,23,5,15,0,0,1,,medium_quality_setup,BASELINE_ALLOWED,1,0,0,0
TASK617|MSTR|20250714T140000Z|slot_decision_explanation,TASK617|MSTR|20250714T140000Z,MSTR,2025-07-16 14:30:00+00:00,2025-07-14 14:00:00+00:00,crypto_fintech,validation,confirmation_required_candidate,setup=medium_quality_setup|catalyst=guidance_margin_upgrade|price=price_confirmed_basic|theme=persistent_leadership|relation=company_positive_confirmation_needed,capacity=slot_competition_very_high|same_entry_candidates=23|active_relations=0|risk=proxy_neutral|microstructure=SOURCE_PENDING_NOT_USED,1,23,1,15,0,0,1,,medium_quality_setup,BASELINE_ALLOWED,1,0,0,0
TASK617|PWR|20250714T140000Z|slot_decision_explanation,TASK617|PWR|20250714T140000Z,PWR,2025-07-16 14:30:00+00:00,2025-07-14 14:00:00+00:00,power_grid_electrification,validation,confirmation_required_candidate,setup=medium_quality_setup|catalyst=guidance_margin_upgrade|price=price_confirmed_basic|theme=participating_theme|relation=company_positive_confirmation_needed,capacity=slot_competition_very_high|same_entry_candidates=23|active_relations=0|risk=proxy_neutral|microstructure=SOURCE_PENDING_NOT_USED,1,23,5,15,0,0,1,,medium_quality_setup,BASELINE_ALLOWED,1,0,0,0
TASK617|HON|20250714T140000Z|slot_decision_explanation,TASK617|HON|20250714T140000Z,HON,2025-07-16 14:30:00+00:00,2025-07-14 14:00:00+00:00,industrial_automation_robotics,validation,confirmation_required_candidate,setup=medium_quality_setup|catalyst=guidance_margin_upgrade|price=price_confirmed_basic|theme=participating_theme|relation=company_positive_confirmation_needed,capacity=slot_competition_very_high|same_entry_candidates=23|active_relations=0|risk=proxy_neutral|microstructure=SOURCE_PENDING_NOT_USED,1,23,4,15,0,0,1,,medium_quality_setup,BASELINE_ALLOWED,1,0,0,0
TASK617|GEV|20250714T141500Z|slot_decision_explanation,TASK617|GEV|20250714T141500Z,GEV,2025-07-16 14:30:00+00:00,2025-07-14 14:15:00+00:00,power_grid_electrification,validation,priority_candidate,setup=high_quality_setup|catalyst=guidance_margin_upgrade|price=price_confirmed_basic|theme=participating_theme|relation=relation_reinforcing,capacity=slot_competition_very_high|same_entry_candidates=23|active_relations=0|risk=proxy_neutral|microstructure=SOURCE_PENDING_NOT_USED,1,23,5,6,0,0,1,,high_quality_setup,STRENGTH_HOLD_CANDIDATE,1,0,0,0
TASK617|PLTR|20250714T143000Z|slot_decision_explanation,TASK617|PLTR|20250714T143000Z,PLTR,2025-07-16 14:30:00+00:00,2025-07-14 14:30:00+00:00,data_devops_software,validation,priority_candidate,setup=medium_quality_setup|catalyst=guidance_margin_upgrade|price=price_confirmed_basic|theme=fading_leadership|relation=relation_reinforcing,capacity=slot_competition_very_high|same_entry_candidates=23|active_relations=0|risk=proxy_neutral|microstructure=SOURCE_PENDING_NOT_USED,1,23,2,6,0,0,1,,medium_quality_setup,STRENGTH_HOLD_CANDIDATE,1,0,0,0
TASK617|MSFT|20250714T144500Z|slot_decision_explanation,TASK617|MSFT|20250714T144500Z,MSFT,2025-07-16 14:30:00+00:00,2025-07-14 14:45:00+00:00,cloud_ai_platforms,validation,confirmation_required_candidate,setup=medium_quality_setup|catalyst=guidance_margin_upgrade|price=price_confirmed_basic|theme=participating_theme|relation=company_positive_confirmation_needed,capacity=slot_competition_very_high|same_entry_candidates=23|active_relations=0|risk=proxy_neutral|microstructure=SOURCE_PENDING_NOT_USED,1,23,3,15,0,0,1,,medium_quality_setup,BASELINE_ALLOWED,1,0,0,0
TASK617|AVGO|20250714T150000Z|slot_decision_explanation,TASK617|AVGO|20250714T150000Z,AVGO,2025-07-16 14:30:00+00:00,2025-07-14 15:00:00+00:00,ai_semiconductors,validation,research_only,setup=fragile_setup|catalyst=guidance_margin_upgrade|price=price_fragile_or_unconfirmed|theme=participating_theme|relation=company_positive_confirmation_needed,capacity=slot_competition_very_high|same_entry_candidates=23|active_relations=0|risk=proxy_neutral|microstructure=SOURCE_PENDING_NOT_USED,1,23,2,15,0,0,1,,fragile_setup,BASELINE_ALLOWED,1,0,0,0
TASK617|AMD|20250714T150000Z|slot_decision_explanation,TASK617|AMD|20250714T150000Z,AMD,2025-07-16 14:30:00+00:00,2025-07-14 15:00:00+00:00,ai_semiconductors,validation,confirmation_required_candidate,setup=medium_quality_setup|catalyst=guidance_margin_upgrade|price=price_confirmed_basic|theme=participating_theme|relation=company_positive_confirmation_needed,capacity=slot_competition_very_high|same_entry_candidates=23|active_relations=0|risk=proxy_neutral|microstructure=SOURCE_PENDING_NOT_USED,1,23,2,15,0,0,1,,medium_quality_setup,BASELINE_ALLOWED,1,0,0,0
TASK617|EMR|20250714T153000Z|slot_decision_explanation,TASK617|EMR|20250714T153000Z,EMR,2025-07-16 14:30:00+00:00,2025-07-14 15:30:00+00:00,industrial_automation_robotics,validation,confirmation_required_candidate,setup=medium_quality_setup|catalyst=guidance_margin_upgrade|price=price_confirmed_but_extended|theme=participating_theme|relation=company_positive_confirmation_needed,capacity=slot_competition_very_high|same_entry_candidates=23|active_relations=0|risk=extension_proxy|microstructure=SOURCE_PENDING_NOT_USED,1,23,4,15,0,0,1,,medium_quality_setup,BASELINE_ALLOWED,1,0,0,0
TASK617|ORCL|20250714T154500Z|slot_decision_explanation,TASK617|ORCL|20250714T154500Z,ORCL,2025-07-16 14:30:00+00:00,2025-07-14 15:45:00+00:00,cloud_ai_platforms,validation,research_only,setup=fragile_setup|catalyst=guidance_margin_upgrade|price=price_fragile_or_unconfirmed|theme=participating_theme|relation=company_positive_confirmation_needed,capacity=slot_competition_very_high|same_entry_candidates=23|active_relations=0|risk=extension_proxy|microstructure=SOURCE_PENDING_NOT_USED,1,23,3,15,0,0,1,,fragile_setup,BASELINE_ALLOWED,1,0,0,0
TASK617|ROK|20250714T164500Z|slot_decision_explanation,TASK617|ROK|20250714T164500Z,ROK,2025-07-16 14:30:00+00:00,2025-07-14 16:45:00+00:00,industrial_automation_robotics,validation,priority_candidate,setup=high_quality_setup|catalyst=guidance_margin_upgrade|price=price_confirmed_basic|theme=participating_theme|relation=relation_reinforcing,capacity=slot_competition_very_high|same_entry_candidates=23|active_relations=0|risk=proxy_neutral|microstructure=SOURCE_PENDING_NOT_USED,1,23,4,6,0,0,1,,high_quality_setup,STRENGTH_HOLD_CANDIDATE,1,0,0,0
TASK617|F|20250714T181500Z|slot_decision_explanation,TASK617|F|20250714T181500Z,F,2025-07-16 14:30:00+00:00,2025-07-14 18:15:00+00:00,ev_autonomy_mobility,validation,confirmation_required_candidate,setup=medium_quality_setup|catalyst=guidance_margin_upgrade|price=price_confirmed_basic|theme=participating_theme|relation=company_positive_confirmation_needed,capacity=slot_competition_very_high|same_entry_candidates=23|active_relations=0|risk=proxy_neutral|microstructure=SOURCE_PENDING_NOT_USED,1,23,2,15,0,0,1,,medium_quality_setup,BASELINE_ALLOWED,1,0,0,0
TASK617|GM|20250714T190000Z|slot_decision_explanation,TASK617|GM|20250714T190000Z,GM,2025-07-16 14:30:00+00:00,2025-07-14 19:00:00+00:00,ev_autonomy_mobility,validation,confirmation_required_candidate,setup=medium_quality_setup|catalyst=guidance_margin_upgrade|price=price_confirmed_basic|theme=participating_theme|relation=company_positive_confirmation_needed,capacity=slot_competition_very_high|same_entry_candidates=23|active_relations=0|risk=proxy_neutral|microstructure=SOURCE_PENDING_NOT_USED,1,23,2,15,0,0,1,,medium_quality_setup,BASELINE_ALLOWED,1,0,0,0
TASK617|CEG|20250714T191500Z|slot_decision_explanation,TASK617|CEG|20250714T191500Z,CEG,2025-07-16 14:30:00+00:00,2025-07-14 19:15:00+00:00,power_grid_electrification,validation,priority_candidate,setup=high_quality_setup|catalyst=guidance_margin_upgrade|price=price_confirmed_basic|theme=participating_theme|relation=relation_reinforcing,capacity=slot_competition_very_high|same_entry_candidates=23|active_relations=0|risk=proxy_neutral|microstructure=SOURCE_PENDING_NOT_USED,1,23,5,6,0,0,1,,high_quality_setup,STRENGTH_HOLD_CANDIDATE,1,0,0,0
TASK617|ASTS|20250715T140000Z|slot_decision_explanation,TASK617|ASTS|20250715T140000Z,ASTS,2025-07-17 14:30:00+00:00,2025-07-15 14:00:00+00:00,aerospace_defense_space,validation,priority_candidate,setup=high_quality_setup|catalyst=guidance_margin_upgrade|price=price_confirmed_basic|theme=persistent_leadership|relation=company_price_confirmed_macro_secondary,capacity=slot_competition_low|same_entry_candidates=1|active_relations=0|risk=proxy_neutral|microstructure=SOURCE_PENDING_NOT_USED,0,1,1,1,0,0,1,,high_quality_setup,BASELINE_ALLOWED,1,0,0,0
TASK617|ASTS|20250716T180000Z|slot_decision_explanation,TASK617|ASTS|20250716T180000Z,ASTS,2025-07-18 14:30:00+00:00,2025-07-16 18:00:00+00:00,aerospace_defense_space,validation,priority_candidate,setup=high_quality_setup|catalyst=guidance_margin_upgrade|price=price_confirmed_basic|theme=persistent_leadership|relation=company_price_confirmed_macro_secondary,capacity=slot_competition_low|same_entry_candidates=1|active_relations=0|risk=proxy_neutral|microstructure=SOURCE_PENDING_NOT_USED,0,1,1,1,0,0,1,,high_quality_setup,BASELINE_ALLOWED,1,0,0,0
TASK617|ASTS|20250717T133000Z|slot_decision_explanation,TASK617|ASTS|20250717T133000Z,ASTS,2025-07-21 14:30:00+00:00,2025-07-17 13:30:00+00:00,aerospace_defense_space,validation,priority_candidate,setup=high_quality_setup|catalyst=guidance_margin_upgrade|price=price_confirmed_basic|theme=persistent_leadership|relation=company_price_confirmed_macro_secondary,capacity=slot_competition_low|same_entry_candidates=1|active_relations=0|risk=proxy_neutral|microstructure=SOURCE_PENDING_NOT_USED,0,1,1,1,0,0,1,,high_quality_setup,BASELINE_ALLOWED,1,0,0,0
TASK617|IBIT|20250721T133000Z|slot_decision_explanation,TASK617|IBIT|20250721T133000Z,IBIT,2025-07-23 14:30:00+00:00,2025-07-21 13:30:00+00:00,crypto_fintech,validation,confirmation_required_candidate,setup=medium_quality_setup|catalyst=supply_demand_shock|price=price_confirmed_basic|theme=persistent_leadership|relation=company_positive_confirmation_needed,capacity=slot_competition_very_high|same_entry_candidates=26|active_relations=0|risk=proxy_neutral|microstructure=SOURCE_PENDING_NOT_USED,1,26,5,22,0,0,1,,medium_quality_setup,BASELINE_ALLOWED,1,0,0,0
TASK617|MSFT|20250721T133000Z|slot_decision_explanation,TASK617|MSFT|20250721T133000Z,MSFT,2025-07-23 14:30:00+00:00,2025-07-21 13:30:00+00:00,cloud_ai_platforms,validation,confirmation_required_candidate,setup=medium_quality_setup|catalyst=supply_demand_shock|price=price_confirmed_basic|theme=participating_theme|relation=company_positive_confirmation_needed,capacity=slot_competition_very_high|same_entry_candidates=26|active_relations=0|risk=proxy_neutral|microstructure=SOURCE_PENDING_NOT_USED,1,26,4,22,0,0,1,,medium_quality_setup,BASELINE_ALLOWED,1,0,0,0
TASK617|MSTR|20250721T133000Z|slot_decision_explanation,TASK617|MSTR|20250721T133000Z,MSTR,2025-07-23 14:30:00+00:00,2025-07-21 13:30:00+00:00,crypto_fintech,validation,confirmation_required_candidate,setup=medium_quality_setup|catalyst=supply_demand_shock|price=price_confirmed_basic|theme=persistent_leadership|relation=company_positive_confirmation_needed,capacity=slot_competition_very_high|same_entry_candidates=26|active_relations=0|risk=proxy_neutral|microstructure=SOURCE_PENDING_NOT_USED,1,26,5,22,0,0,1,,medium_quality_setup,BASELINE_ALLOWED,1,0,0,0
TASK617|PYPL|20250721T133000Z|slot_decision_explanation,TASK617|PYPL|20250721T133000Z,PYPL,2025-07-23 14:30:00+00:00,2025-07-21 13:30:00+00:00,crypto_fintech,validation,confirmation_required_candidate,setup=medium_quality_setup|catalyst=supply_demand_shock|price=price_confirmed_basic|theme=persistent_leadership|relation=company_positive_confirmation_needed,capacity=slot_competition_very_high|same_entry_candidates=26|active_relations=0|risk=proxy_neutral|microstructure=SOURCE_PENDING_NOT_USED,1,26,5,22,0,0,1,,medium_quality_setup,BASELINE_ALLOWED,1,0,0,0
TASK617|AMZN|20250721T133000Z|slot_decision_explanation,TASK617|AMZN|20250721T133000Z,AMZN,2025-07-23 14:30:00+00:00,2025-07-21 13:30:00+00:00,cloud_ai_platforms,validation,confirmation_required_candidate,setup=medium_quality_setup|catalyst=supply_demand_shock|price=price_confirmed_basic|theme=participating_theme|relation=company_positive_confirmation_needed,capacity=slot_competition_very_high|same_entry_candidates=26|active_relations=0|risk=proxy_neutral|microstructure=SOURCE_PENDING_NOT_USED,1,26,4,22,0,0,1,,medium_quality_setup,BASELINE_ALLOWED,1,0,0,0
TASK617|ARM|20250721T133000Z|slot_decision_explanation,TASK617|ARM|20250721T133000Z,ARM,2025-07-23 14:30:00+00:00,2025-07-21 13:30:00+00:00,ai_semiconductors,validation,confirmation_required_candidate,setup=medium_quality_setup|catalyst=supply_demand_shock|price=price_confirmed_basic|theme=emerging_leadership|relation=company_positive_confirmation_needed,capacity=slot_competition_very_high|same_entry_candidates=26|active_relations=0|risk=proxy_neutral|microstructure=SOURCE_PENDING_NOT_USED,1,26,4,22,0,0,1,,medium_quality_setup,BASELINE_ALLOWED,1,0,0,0
TASK617|GOOGL|20250721T133000Z|slot_decision_explanation,TASK617|GOOGL|20250721T133000Z,GOOGL,2025-07-23 14:30:00+00:00,2025-07-21 13:30:00+00:00,cloud_ai_platforms,validation,confirmation_required_candidate,setup=medium_quality_setup|catalyst=supply_demand_shock|price=price_confirmed_basic|theme=participating_theme|relation=company_positive_confirmation_needed,capacity=slot_competition_very_high|same_entry_candidates=26|active_relations=0|risk=proxy_neutral|microstructure=SOURCE_PENDING_NOT_USED,1,26,4,22,0,0,1,,medium_quality_setup,BASELINE_ALLOWED,1,0,0,0
TASK617|NEE|20250721T134500Z|slot_decision_explanation,TASK617|NEE|20250721T134500Z,NEE,2025-07-23 14:30:00+00:00,2025-07-21 13:45:00+00:00,power_grid_electrification,validation,confirmation_required_candidate,setup=medium_quality_setup|catalyst=supply_demand_shock|price=price_confirmed_basic|theme=participating_theme|relation=company_positive_confirmation_needed,capacity=slot_competition_very_high|same_entry_candidates=26|active_relations=0|risk=proxy_neutral|microstructure=SOURCE_PENDING_NOT_USED,1,26,1,22,0,0,1,,medium_quality_setup,BASELINE_ALLOWED,1,0,0,0
TASK617|AVGO|20250721T134500Z|slot_decision_explanation,TASK617|AVGO|20250721T134500Z,AVGO,2025-07-23 14:30:00+00:00,2025-07-21 13:45:00+00:00,ai_semiconductors,validation,confirmation_required_candidate,setup=medium_quality_setup|catalyst=supply_demand_shock|price=price_confirmed_basic|theme=emerging_leadership|relation=company_positive_confirmation_needed,capacity=slot_competition_very_high|same_entry_candidates=26|active_relations=0|risk=proxy_neutral|microstructure=SOURCE_PENDING_NOT_USED,1,26,4,22,0,0,1,,medium_quality_setup,BASELINE_ALLOWED,1,0,0,0
TASK617|ORCL|20250721T134500Z|slot_decision_explanation,TASK617|ORCL|20250721T134500Z,ORCL,2025-07-23 14:30:00+00:00,2025-07-21 13:45:00+00:00,cloud_ai_platforms,validation,confirmation_required_candidate,setup=medium_quality_setup|catalyst=supply_demand_shock|price=price_confirmed_basic|theme=participating_theme|relation=company_positive_confirmation_needed,capacity=slot_competition_very_high|same_entry_candidates=26|active_relations=0|risk=proxy_neutral|microstructure=SOURCE_PENDING_NOT_USED,1,26,4,22,0,0,1,,medium_quality_setup,BASELINE_ALLOWED,1,0,0,0
TASK617|PANW|20250721T134500Z|slot_decision_explanation,TASK617|PANW|20250721T134500Z,PANW,2025-07-23 14:30:00+00:00,2025-07-21 13:45:00+00:00,cybersecurity,validation,confirmation_required_candidate,setup=medium_quality_setup|catalyst=supply_demand_shock|price=price_confirmed_but_extended|theme=participating_theme|relation=company_positive_confirmation_needed,capacity=slot_competition_very_high|same_entry_candidates=26|active_relations=0|risk=extension_proxy|microstructure=SOURCE_PENDING_NOT_USED,1,26,4,22,0,0,1,,medium_quality_setup,BASELINE_ALLOWED,1,0,0,0
TASK617|FTNT|20250721T134500Z|slot_decision_explanation,TASK617|FTNT|20250721T134500Z,FTNT,2025-07-23 14:30:00+00:00,2025-07-21 13:45:00+00:00,cybersecurity,validation,confirmation_required_candidate,setup=medium_quality_setup|catalyst=supply_demand_shock|price=price_confirmed_but_extended|theme=participating_theme|relation=company_positive_confirmation_needed,capacity=slot_competition_very_high|same_entry_candidates=26|active_relations=0|risk=extension_proxy|microstructure=SOURCE_PENDING_NOT_USED,1,26,4,22,0,0,1,,medium_quality_setup,BASELINE_ALLOWED,1,0,0,0
TASK617|NET|20250721T134500Z|slot_decision_explanation,TASK617|NET|20250721T134500Z,NET,2025-07-23 14:30:00+00:00,2025-07-21 13:45:00+00:00,cybersecurity,validation,confirmation_required_candidate,setup=medium_quality_setup|catalyst=supply_demand_shock|price=price_confirmed_basic|theme=participating_theme|relation=company_positive_confirmation_needed,capacity=slot_competition_very_high|same_entry_candidates=26|active_relations=0|risk=high_liquidity_momentum_proxy|microstructure=SOURCE_PENDING_NOT_USED,1,26,4,22,0,0,1,,medium_quality_setup,BASELINE_ALLOWED,1,0,0,0
TASK617|S|20250721T134500Z|slot_decision_explanation,TASK617|S|20250721T134500Z,S,2025-07-23 14:30:00+00:00,2025-07-21 13:45:00+00:00,cybersecurity,validation,confirmation_required_candidate,setup=medium_quality_setup|catalyst=supply_demand_shock|price=price_confirmed_but_extended|theme=participating_theme|relation=company_positive_confirmation_needed,capacity=slot_competition_very_high|same_entry_candidates=26|active_relations=0|risk=extension_proxy|microstructure=SOURCE_PENDING_NOT_USED,1,26,4,22,0,0,1,,medium_quality_setup,BASELINE_ALLOWED,1,0,0,0
TASK617|COIN|20250721T134500Z|slot_decision_explanation,TASK617|COIN|20250721T134500Z,COIN,2025-07-23 14:30:00+00:00,2025-07-21 13:45:00+00:00,crypto_fintech,validation,confirmation_required_candidate,setup=medium_quality_setup|catalyst=supply_demand_shock|price=price_confirmed_basic|theme=persistent_leadership|relation=company_positive_confirmation_needed,capacity=slot_competition_very_high|same_entry_candidates=26|active_relations=0|risk=proxy_neutral|microstructure=SOURCE_PENDING_NOT_USED,1,26,5,22,0,0,1,,medium_quality_setup,BASELINE_ALLOWED,1,0,0,0
TASK617|HON|20250721T134500Z|slot_decision_explanation,TASK617|HON|20250721T134500Z,HON,2025-07-23 14:30:00+00:00,2025-07-21 13:45:00+00:00,industrial_automation_robotics,validation,confirmation_required_candidate,setup=medium_quality_setup|catalyst=supply_demand_shock|price=price_confirmed_basic|theme=participating_theme|relation=company_positive_confirmation_needed,capacity=slot_competition_very_high|same_entry_candidates=26|active_relations=0|risk=proxy_neutral|microstructure=SOURCE_PENDING_NOT_USED,1,26,3,22,0,0,1,,medium_quality_setup,BASELINE_ALLOWED,1,0,0,0
TASK617|TSM|20250721T134500Z|slot_decision_explanation,TASK617|TSM|20250721T134500Z,TSM,2025-07-23 14:30:00+00:00,2025-07-21 13:45:00+00:00,ai_semiconductors,validation,confirmation_required_candidate,setup=medium_quality_setup|catalyst=supply_demand_shock|price=price_confirmed_basic|theme=emerging_leadership|relation=company_positive_confirmation_needed,capacity=slot_competition_very_high|same_entry_candidates=26|active_relations=0|risk=proxy_neutral|microstructure=SOURCE_PENDING_NOT_USED,1,26,4,22,0,0,1,,medium_quality_setup,BASELINE_ALLOWED,1,0,0,0
TASK617|BA|20250721T134500Z|slot_decision_explanation,TASK617|BA|20250721T134500Z,BA,2025-07-23 14:30:00+00:00,2025-07-21 13:45:00+00:00,aerospace_defense_space,validation,priority_candidate,setup=high_quality_setup|catalyst=contract_supply_combo|price=price_confirmed_but_extended|theme=persistent_leadership|relation=company_price_confirmed_macro_secondary,capacity=slot_competition_very_high|same_entry_candidates=26|active_relations=0|risk=extension_proxy|microstructure=SOURCE_PENDING_NOT_USED,1,26,2,1,0,0,1,,high_quality_setup,BASELINE_ALLOWED,1,0,0,0
TASK617|MBLY|20250721T140000Z|slot_decision_explanation,TASK617|MBLY|20250721T140000Z,MBLY,2025-07-23 14:30:00+00:00,2025-07-21 14:00:00+00:00,ev_autonomy_mobility,validation,confirmation_required_candidate,setup=medium_quality_setup|catalyst=supply_demand_shock|price=price_confirmed_basic|theme=participating_theme|relation=company_positive_confirmation_needed,capacity=slot_competition_very_high|same_entry_candidates=26|active_relations=0|risk=proxy_neutral|microstructure=SOURCE_PENDING_NOT_USED,1,26,2,22,0,0,1,,medium_quality_setup,BASELINE_ALLOWED,1,0,0,0
TASK617|PLTR|20250721T141500Z|slot_decision_explanation,TASK617|PLTR|20250721T141500Z,PLTR,2025-07-23 14:30:00+00:00,2025-07-21 14:15:00+00:00,data_devops_software,validation,priority_candidate,setup=medium_quality_setup|catalyst=contract_supply_combo|price=price_confirmed_basic|theme=participating_theme|relation=relation_reinforcing,capacity=slot_competition_very_high|same_entry_candidates=26|active_relations=0|risk=proxy_neutral|microstructure=SOURCE_PENDING_NOT_USED,1,26,1,3,0,0,1,,medium_quality_setup,STRENGTH_HOLD_CANDIDATE,1,0,0,0
TASK617|ROK|20250721T141500Z|slot_decision_explanation,TASK617|ROK|20250721T141500Z,ROK,2025-07-23 14:30:00+00:00,2025-07-21 14:15:00+00:00,industrial_automation_robotics,validation,priority_candidate,setup=high_quality_setup|catalyst=contract_supply_combo|price=price_confirmed_but_extended|theme=participating_theme|relation=relation_reinforcing,capacity=slot_competition_very_high|same_entry_candidates=26|active_relations=0|risk=extension_proxy|microstructure=SOURCE_PENDING_NOT_USED,1,26,3,3,0,0,1,,high_quality_setup,STRENGTH_HOLD_CANDIDATE,1,0,0,0
TASK617|GM|20250721T141500Z|slot_decision_explanation,TASK617|GM|20250721T141500Z,GM,2025-07-23 14:30:00+00:00,2025-07-21 14:15:00+00:00,ev_autonomy_mobility,validation,confirmation_required_candidate,setup=medium_quality_setup|catalyst=supply_demand_shock|price=price_confirmed_basic|theme=participating_theme|relation=company_positive_confirmation_needed,capacity=slot_competition_very_high|same_entry_candidates=26|active_relations=0|risk=proxy_neutral|microstructure=SOURCE_PENDING_NOT_USED,1,26,2,22,0,0,1,,medium_quality_setup,BASELINE_ALLOWED,1,0,0,0
TASK617|HOOD|20250721T143000Z|slot_decision_explanation,TASK617|HOOD|20250721T143000Z,HOOD,2025-07-23 14:30:00+00:00,2025-07-21 14:30:00+00:00,crypto_fintech,validation,confirmation_required_candidate,setup=medium_quality_setup|catalyst=supply_demand_shock|price=price_accepted_needs_confirmation|theme=persistent_leadership|relation=company_positive_confirmation_needed,capacity=slot_competition_very_high|same_entry_candidates=26|active_relations=0|risk=proxy_neutral|microstructure=SOURCE_PENDING_NOT_USED,1,26,5,22,0,0,1,,medium_quality_setup,BASELINE_ALLOWED,1,0,0,0
TASK617|AMD|20250721T143000Z|slot_decision_explanation,TASK617|AMD|20250721T143000Z,AMD,2025-07-23 14:30:00+00:00,2025-07-21 14:30:00+00:00,ai_semiconductors,validation,confirmation_required_candidate,setup=medium_quality_setup|catalyst=supply_demand_shock|price=price_confirmed_basic|theme=emerging_leadership|relation=company_positive_confirmation_needed,capacity=slot_competition_very_high|same_entry_candidates=26|active_relations=0|risk=proxy_neutral|microstructure=SOURCE_PENDING_NOT_USED,1,26,4,22,0,0,1,,medium_quality_setup,BASELINE_ALLOWED,1,0,0,0
TASK617|GD|20250721T153000Z|slot_decision_explanation,TASK617|GD|20250721T153000Z,GD,2025-07-23 14:30:00+00:00,2025-07-21 15:30:00+00:00,aerospace_defense_space,validation,confirmation_required_candidate,setup=medium_quality_setup|catalyst=supply_demand_shock|price=price_confirmed_basic|theme=persistent_leadership|relation=company_positive_confirmation_needed,capacity=slot_competition_very_high|same_entry_candidates=26|active_relations=0|risk=proxy_neutral|microstructure=SOURCE_PENDING_NOT_USED,1,26,2,22,0,0,1,,medium_quality_setup,BASELINE_ALLOWED,1,0,0,0
TASK617|GE|20250721T163000Z|slot_decision_explanation,TASK617|GE|20250721T163000Z,GE,2025-07-23 14:30:00+00:00,2025-07-21 16:30:00+00:00,industrial_automation_robotics,validation,priority_candidate,setup=high_quality_setup|catalyst=contract_supply_combo|price=price_confirmed_basic|theme=participating_theme|relation=relation_reinforcing,capacity=slot_competition_very_high|same_entry_candidates=26|active_relations=0|risk=proxy_neutral|microstructure=SOURCE_PENDING_NOT_USED,1,26,3,3,0,0,1,,high_quality_setup,STRENGTH_HOLD_CANDIDATE,1,0,0,0
TASK617|AMGN|20250722T133000Z|slot_decision_explanation,TASK617|AMGN|20250722T133000Z,AMGN,2025-07-24 14:30:00+00:00,2025-07-22 13:30:00+00:00,biotech_glp1_healthcare,validation,confirmation_required_candidate,setup=medium_quality_setup|catalyst=supply_demand_shock|price=price_confirmed_basic|theme=participating_theme|relation=company_positive_confirmation_needed,capacity=slot_competition_very_high|same_entry_candidates=18|active_relations=0|risk=proxy_neutral|microstructure=SOURCE_PENDING_NOT_USED,1,18,2,14,0,0,1,,medium_quality_setup,BASELINE_ALLOWED,1,0,0,0
TASK617|PYPL|20250722T133000Z|slot_decision_explanation,TASK617|PYPL|20250722T133000Z,PYPL,2025-07-24 14:30:00+00:00,2025-07-22 13:30:00+00:00,crypto_fintech,validation,confirmation_required_candidate,setup=medium_quality_setup|catalyst=supply_demand_shock|price=price_confirmed_basic|theme=persistent_leadership|relation=company_positive_confirmation_needed,capacity=slot_competition_very_high|same_entry_candidates=18|active_relations=0|risk=proxy_neutral|microstructure=SOURCE_PENDING_NOT_USED,1,18,3,14,0,0,1,,medium_quality_setup,BASELINE_ALLOWED,1,0,0,0
TASK617|GD|20250722T133000Z|slot_decision_explanation,TASK617|GD|20250722T133000Z,GD,2025-07-24 14:30:00+00:00,2025-07-22 13:30:00+00:00,aerospace_defense_space,validation,confirmation_required_candidate,setup=medium_quality_setup|catalyst=supply_demand_shock|price=price_confirmed_basic|theme=participating_theme|relation=company_positive_confirmation_needed,capacity=slot_competition_very_high|same_entry_candidates=18|active_relations=0|risk=proxy_neutral|microstructure=SOURCE_PENDING_NOT_USED,1,18,4,14,0,0,1,,medium_quality_setup,BASELINE_ALLOWED,1,0,0,0
TASK617|RIVN|20250722T133000Z|slot_decision_explanation,TASK617|RIVN|20250722T133000Z,RIVN,2025-07-24 14:30:00+00:00,2025-07-22 13:30:00+00:00,ev_autonomy_mobility,validation,confirmation_required_candidate,setup=medium_quality_setup|catalyst=supply_demand_shock|price=price_confirmed_basic|theme=participating_theme|relation=company_positive_confirmation_needed,capacity=slot_competition_very_high|same_entry_candidates=18|active_relations=0|risk=high_liquidity_momentum_proxy|microstructure=SOURCE_PENDING_NOT_USED,1,18,2,14,0,0,1,,medium_quality_setup,BASELINE_ALLOWED,1,0,0,0
TASK617|LCID|20250722T133000Z|slot_decision_explanation,TASK617|LCID|20250722T133000Z,LCID,2025-07-24 14:30:00+00:00,2025-07-22 13:30:00+00:00,ev_autonomy_mobility,validation,confirmation_required_candidate,setup=medium_quality_setup|catalyst=supply_demand_shock|price=price_confirmed_but_extended|theme=participating_theme|relation=company_positive_confirmation_needed,capacity=slot_competition_very_high|same_entry_candidates=18|active_relations=0|risk=extension_proxy|microstructure=SOURCE_PENDING_NOT_USED,1,18,2,14,0,0,1,,medium_quality_setup,BASELINE_ALLOWED,1,0,0,0
TASK617|NOC|20250722T133000Z|slot_decision_explanation,TASK617|NOC|20250722T133000Z,NOC,2025-07-24 14:30:00+00:00,2025-07-22 13:30:00+00:00,aerospace_defense_space,validation,confirmation_required_candidate,setup=medium_quality_setup|catalyst=supply_demand_shock|price=price_confirmed_but_extended|theme=participating_theme|relation=company_positive_confirmation_needed,capacity=slot_competition_very_high|same_entry_candidates=18|active_relations=0|risk=extension_proxy|microstructure=SOURCE_PENDING_NOT_USED,1,18,4,14,0,0,1,,medium_quality_setup,BASELINE_ALLOWED,1,0,0,0
TASK617|HON|20250722T134500Z|slot_decision_explanation,TASK617|HON|20250722T134500Z,HON,2025-07-24 14:30:00+00:00,2025-07-22 13:45:00+00:00,industrial_automation_robotics,validation,confirmation_required_candidate,setup=medium_quality_setup|catalyst=supply_demand_shock|price=price_confirmed_basic|theme=participating_theme|relation=company_positive_confirmation_needed,capacity=slot_competition_very_high|same_entry_candidates=18|active_relations=0|risk=proxy_neutral|microstructure=SOURCE_PENDING_NOT_USED,1,18,4,14,0,0,1,,medium_quality_setup,BASELINE_ALLOWED,1,0,0,0
TASK617|MRNA|20250722T134500Z|slot_decision_explanation,TASK617|MRNA|20250722T134500Z,MRNA,2025-07-24 14:30:00+00:00,2025-07-22 13:45:00+00:00,biotech_glp1_healthcare,validation,confirmation_required_candidate,setup=medium_quality_setup|catalyst=supply_demand_shock|price=price_confirmed_basic|theme=participating_theme|relation=company_positive_confirmation_needed,capacity=slot_competition_very_high|same_entry_candidates=18|active_relations=0|risk=proxy_neutral|microstructure=SOURCE_PENDING_NOT_USED,1,18,2,14,0,0,1,,medium_quality_setup,BASELINE_ALLOWED,1,0,0,0
TASK617|ROK|20250722T141500Z|slot_decision_explanation,TASK617|ROK|20250722T141500Z,ROK,2025-07-24 14:30:00+00:00,2025-07-22 14:15:00+00:00,industrial_automation_robotics,validation,priority_candidate,setup=high_quality_setup|catalyst=contract_supply_combo|price=price_confirmed_basic|theme=participating_theme|relation=relation_reinforcing,capacity=slot_competition_very_high|same_entry_candidates=18|active_relations=0|risk=proxy_neutral|microstructure=SOURCE_PENDING_NOT_USED,1,18,4,2,0,0,1,,high_quality_setup,STRENGTH_HOLD_CANDIDATE,1,0,0,0
TASK617|PH|20250722T144500Z|slot_decision_explanation,TASK617|PH|20250722T144500Z,PH,2025-07-24 14:30:00+00:00,2025-07-22 14:45:00+00:00,industrial_automation_robotics,validation,confirmation_required_candidate,setup=medium_quality_setup|catalyst=supply_demand_shock|price=price_confirmed_but_extended|theme=participating_theme|relation=company_positive_confirmation_needed,capacity=slot_competition_very_high|same_entry_candidates=18|active_relations=0|risk=extension_proxy|microstructure=SOURCE_PENDING_NOT_USED,1,18,4,14,0,0,1,,medium_quality_setup,BASELINE_ALLOWED,1,0,0,0
TASK617|EMR|20250722T144500Z|slot_decision_explanation,TASK617|EMR|20250722T144500Z,EMR,2025-07-24 14:30:00+00:00,2025-07-22 14:45:00+00:00,industrial_automation_robotics,validation,confirmation_required_candidate,setup=medium_quality_setup|catalyst=supply_demand_shock|price=price_confirmed_basic|theme=participating_theme|relation=company_positive_confirmation_needed,capacity=slot_competition_very_high|same_entry_candidates=18|active_relations=0|risk=proxy_neutral|microstructure=SOURCE_PENDING_NOT_USED,1,18,4,14,0,0,1,,medium_quality_setup,BASELINE_ALLOWED,1,0,0,0
TASK617|BA|20250722T144500Z|slot_decision_explanation,TASK617|BA|20250722T144500Z,BA,2025-07-24 14:30:00+00:00,2025-07-22 14:45:00+00:00,aerospace_defense_space,validation,priority_candidate,setup=high_quality_setup|catalyst=contract_supply_combo|price=price_confirmed_basic|theme=participating_theme|relation=company_price_confirmed_macro_secondary,capacity=slot_competition_very_high|same_entry_candidates=18|active_relations=0|risk=high_liquidity_momentum_proxy|microstructure=SOURCE_PENDING_NOT_USED,1,18,4,2,0,0,1,,high_quality_setup,BASELINE_ALLOWED,1,0,0,0
TASK617|SOFI|20250722T153000Z|slot_decision_explanation,TASK617|SOFI|20250722T153000Z,SOFI,2025-07-24 14:30:00+00:00,2025-07-22 15:30:00+00:00,crypto_fintech,validation,confirmation_required_candidate,setup=medium_quality_setup|catalyst=supply_demand_shock|price=price_accepted_needs_confirmation|theme=persistent_leadership|relation=company_positive_confirmation_needed,capacity=slot_competition_very_high|same_entry_candidates=18|active_relations=0|risk=proxy_neutral|microstructure=SOURCE_PENDING_NOT_USED,1,18,3,14,0,0,1,,medium_quality_setup,BASELINE_ALLOWED,1,0,0,0
TASK617|NEE|20250722T160000Z|slot_decision_explanation,TASK617|NEE|20250722T160000Z,NEE,2025-07-24 14:30:00+00:00,2025-07-22 16:00:00+00:00,power_grid_electrification,validation,confirmation_required_candidate,setup=medium_quality_setup|catalyst=supply_demand_shock|price=price_confirmed_basic|theme=participating_theme|relation=company_positive_confirmation_needed,capacity=slot_competition_very_high|same_entry_candidates=18|active_relations=0|risk=proxy_neutral|microstructure=SOURCE_PENDING_NOT_USED,1,18,2,14,0,0,1,,medium_quality_setup,BASELINE_ALLOWED,1,0,0,0
TASK617|ASTS|20250722T174500Z|slot_decision_explanation,TASK617|ASTS|20250722T174500Z,ASTS,2025-07-24 14:30:00+00:00,2025-07-22 17:45:00+00:00,aerospace_defense_space,validation,priority_candidate,setup=high_quality_setup|catalyst=guidance_margin_upgrade|price=price_accepted_needs_confirmation|theme=participating_theme|relation=company_price_confirmed_macro_secondary,capacity=slot_competition_very_high|same_entry_candidates=18|active_relations=0|risk=high_liquidity_momentum_proxy|microstructure=SOURCE_PENDING_NOT_USED,1,18,4,2,0,0,1,,high_quality_setup,BASELINE_ALLOWED,1,0,0,0
TASK617|IBIT|20250722T181500Z|slot_decision_explanation,TASK617|IBIT|20250722T181500Z,IBIT,2025-07-24 14:30:00+00:00,2025-07-22 18:15:00+00:00,crypto_fintech,validation,confirmation_required_candidate,setup=medium_quality_setup|catalyst=supply_demand_shock|price=price_confirmed_basic|theme=persistent_leadership|relation=company_positive_confirmation_needed,capacity=slot_competition_very_high|same_entry_candidates=18|active_relations=0|risk=proxy_neutral|microstructure=SOURCE_PENDING_NOT_USED,1,18,3,14,0,0,1,,medium_quality_setup,BASELINE_ALLOWED,1,0,0,0
TASK617|ETN|20250722T183000Z|slot_decision_explanation,TASK617|ETN|20250722T183000Z,ETN,2025-07-24 14:30:00+00:00,2025-07-22 18:30:00+00:00,power_grid_electrification,validation,confirmation_required_candidate,setup=medium_quality_setup|catalyst=supply_demand_shock|price=price_confirmed_basic|theme=participating_theme|relation=company_positive_confirmation_needed,capacity=slot_competition_very_high|same_entry_candidates=18|active_relations=0|risk=proxy_neutral|microstructure=SOURCE_PENDING_NOT_USED,1,18,2,14,0,0,1,,medium_quality_setup,BASELINE_ALLOWED,1,0,0,0
TASK617|DDOG|20250722T184500Z|slot_decision_explanation,TASK617|DDOG|20250722T184500Z,DDOG,2025-07-24 14:30:00+00:00,2025-07-22 18:45:00+00:00,data_devops_software,validation,priority_candidate,setup=fragile_setup|catalyst=contract_supply_combo|price=price_fragile_or_unconfirmed|theme=participating_theme|relation=relation_reinforcing,capacity=slot_competition_very_high|same_entry_candidates=18|active_relations=0|risk=proxy_neutral|microstructure=SOURCE_PENDING_NOT_USED,1,18,1,2,0,0,1,,fragile_setup,STRENGTH_HOLD_CANDIDATE,1,0,0,0
TASK617|GEV|20250723T133000Z|slot_decision_explanation,TASK617|GEV|20250723T133000Z,GEV,2025-07-25 14:30:00+00:00,2025-07-23 13:30:00+00:00,power_grid_electrification,validation,priority_candidate,setup=high_quality_setup|catalyst=guidance_margin_upgrade|price=price_confirmed_but_extended|theme=participating_theme|relation=relation_reinforcing,capacity=slot_competition_very_high|same_entry_candidates=29|active_relations=0|risk=extension_proxy|microstructure=SOURCE_PENDING_NOT_USED,1,29,5,5,0,0,1,,high_quality_setup,STRENGTH_HOLD_CANDIDATE,1,0,0,0
TASK617|GM|20250723T133000Z|slot_decision_explanation,TASK617|GM|20250723T133000Z,GM,2025-07-25 14:30:00+00:00,2025-07-23 13:30:00+00:00,ev_autonomy_mobility,validation,confirmation_required_candidate,setup=medium_quality_setup|catalyst=guidance_margin_upgrade|price=price_confirmed_basic|theme=participating_theme|relation=company_positive_confirmation_needed,capacity=slot_competition_very_high|same_entry_candidates=29|active_relations=0|risk=high_liquidity_momentum_proxy|microstructure=SOURCE_PENDING_NOT_USED,1,29,2,22,0,0,1,,medium_quality_setup,BASELINE_ALLOWED,1,0,0,0
TASK617|RTX|20250723T133000Z|slot_decision_explanation,TASK617|RTX|20250723T133000Z,RTX,2025-07-25 14:30:00+00:00,2025-07-23 13:30:00+00:00,aerospace_defense_space,validation,confirmation_required_candidate,setup=medium_quality_setup|catalyst=guidance_margin_upgrade|price=price_confirmed_basic|theme=persistent_leadership|relation=company_positive_confirmation_needed,capacity=slot_competition_very_high|same_entry_candidates=29|active_relations=0|risk=high_liquidity_momentum_proxy|microstructure=SOURCE_PENDING_NOT_USED,1,29,5,22,0,0,1,,medium_quality_setup,BASELINE_ALLOWED,1,0,0,0
TASK617|ROK|20250723T133000Z|slot_decision_explanation,TASK617|ROK|20250723T133000Z,ROK,2025-07-25 14:30:00+00:00,2025-07-23 13:30:00+00:00,industrial_automation_robotics,validation,priority_candidate,setup=high_quality_setup|catalyst=guidance_margin_upgrade|price=price_confirmed_but_extended|theme=participating_theme|relation=relation_reinforcing,capacity=slot_competition_very_high|same_entry_candidates=29|active_relations=0|risk=extension_proxy|microstructure=SOURCE_PENDING_NOT_USED,1,29,5,5,0,0,1,,high_quality_setup,STRENGTH_HOLD_CANDIDATE,1,0,0,0
TASK617|RKLB|20250723T133000Z|slot_decision_explanation,TASK617|RKLB|20250723T133000Z,RKLB,2025-07-25 14:30:00+00:00,2025-07-23 13:30:00+00:00,aerospace_defense_space,validation,priority_candidate,setup=high_quality_setup|catalyst=guidance_margin_upgrade|price=price_confirmed_basic|theme=persistent_leadership|relation=company_price_confirmed_macro_secondary,capacity=slot_competition_very_high|same_entry_candidates=29|active_relations=0|risk=high_liquidity_momentum_proxy|microstructure=SOURCE_PENDING_NOT_USED,1,29,5,2,0,0,1,,high_quality_setup,BASELINE_ALLOWED,1,0,0,0
TASK617|VRT|20250723T133000Z|slot_decision_explanation,TASK617|VRT|20250723T133000Z,VRT,2025-07-25 14:30:00+00:00,2025-07-23 13:30:00+00:00,power_grid_electrification,validation,confirmation_required_candidate,setup=medium_quality_setup|catalyst=guidance_margin_upgrade|price=price_confirmed_basic|theme=participating_theme|relation=company_positive_confirmation_needed,capacity=slot_competition_very_high|same_entry_candidates=29|active_relations=0|risk=high_liquidity_momentum_proxy|microstructure=SOURCE_PENDING_NOT_USED,1,29,5,22,0,0,1,,medium_quality_setup,BASELINE_ALLOWED,1,0,0,0
TASK617|GE|20250723T133000Z|slot_decision_explanation,TASK617|GE|20250723T133000Z,GE,2025-07-25 14:30:00+00:00,2025-07-23 13:30:00+00:00,industrial_automation_robotics,validation,priority_candidate,setup=high_quality_setup|catalyst=guidance_margin_upgrade|price=price_confirmed_but_extended|theme=participating_theme|relation=relation_reinforcing,capacity=slot_competition_very_high|same_entry_candidates=29|active_relations=0|risk=extension_proxy|microstructure=SOURCE_PENDING_NOT_USED,1,29,5,5,0,0,1,,high_quality_setup,STRENGTH_HOLD_CANDIDATE,1,0,0,0
TASK617|EMR|20250723T133000Z|slot_decision_explanation,TASK617|EMR|20250723T133000Z,EMR,2025-07-25 14:30:00+00:00,2025-07-23 13:30:00+00:00,industrial_automation_robotics,validation,confirmation_required_candidate,setup=medium_quality_setup|catalyst=guidance_margin_upgrade|price=price_confirmed_basic|theme=participating_theme|relation=company_positive_confirmation_needed,capacity=slot_competition_very_high|same_entry_candidates=29|active_relations=0|risk=proxy_neutral|microstructure=SOURCE_PENDING_NOT_USED,1,29,5,22,0,0,1,,medium_quality_setup,BASELINE_ALLOWED,1,0,0,0
TASK617|HON|20250723T133000Z|slot_decision_explanation,TASK617|HON|20250723T133000Z,HON,2025-07-25 14:30:00+00:00,2025-07-23 13:30:00+00:00,industrial_automation_robotics,validation,confirmation_required_candidate,setup=medium_quality_setup|catalyst=guidance_margin_upgrade|price=price_confirmed_basic|theme=participating_theme|relation=company_positive_confirmation_needed,capacity=slot_competition_very_high|same_entry_candidates=29|active_relations=0|risk=proxy_neutral|microstructure=SOURCE_PENDING_NOT_USED,1,29,5,22,0,0,1,,medium_quality_setup,BASELINE_ALLOWED,1,0,0,0
TASK617|MRNA|20250723T133000Z|slot_decision_explanation,TASK617|MRNA|20250723T133000Z,MRNA,2025-07-25 14:30:00+00:00,2025-07-23 13:30:00+00:00,biotech_glp1_healthcare,validation,confirmation_required_candidate,setup=medium_quality_setup|catalyst=guidance_margin_upgrade|price=price_confirmed_basic|theme=participating_theme|relation=company_positive_confirmation_needed,capacity=slot_competition_very_high|same_entry_candidates=29|active_relations=0|risk=high_liquidity_momentum_proxy|microstructure=SOURCE_PENDING_NOT_USED,1,29,3,22,0,0,1,,medium_quality_setup,BASELINE_ALLOWED,1,0,0,0
TASK617|GD|20250723T133000Z|slot_decision_explanation,TASK617|GD|20250723T133000Z,GD,2025-07-25 14:30:00+00:00,2025-07-23 13:30:00+00:00,aerospace_defense_space,validation,confirmation_required_candidate,setup=medium_quality_setup|catalyst=guidance_margin_upgrade|price=price_confirmed_basic|theme=persistent_leadership|relation=company_positive_confirmation_needed,capacity=slot_competition_very_high|same_entry_candidates=29|active_relations=0|risk=proxy_neutral|microstructure=SOURCE_PENDING_NOT_USED,1,29,5,22,0,0,1,,medium_quality_setup,BASELINE_ALLOWED,1,0,0,0
TASK617|PWR|20250723T133000Z|slot_decision_explanation,TASK617|PWR|20250723T133000Z,PWR,2025-07-25 14:30:00+00:00,2025-07-23 13:30:00+00:00,power_grid_electrification,validation,confirmation_required_candidate,setup=medium_quality_setup|catalyst=guidance_margin_upgrade|price=price_confirmed_but_extended|theme=participating_theme|relation=company_positive_confirmation_needed,capacity=slot_competition_very_high|same_entry_candidates=29|active_relations=0|risk=extension_proxy|microstructure=SOURCE_PENDING_NOT_USED,1,29,5,22,0,0,1,,medium_quality_setup,BASELINE_ALLOWED,1,0,0,0
TASK617|ETN|20250723T133000Z|slot_decision_explanation,TASK617|ETN|20250723T133000Z,ETN,2025-07-25 14:30:00+00:00,2025-07-23 13:30:00+00:00,power_grid_electrification,validation,confirmation_required_candidate,setup=medium_quality_setup|catalyst=guidance_margin_upgrade|price=price_confirmed_basic|theme=participating_theme|relation=company_positive_confirmation_needed,capacity=slot_competition_very_high|same_entry_candidates=29|active_relations=0|risk=proxy_neutral|microstructure=SOURCE_PENDING_NOT_USED,1,29,5,22,0,0,1,,medium_quality_setup,BASELINE_ALLOWED,1,0,0,0
TASK617|SOFI|20250723T141500Z|slot_decision_explanation,TASK617|SOFI|20250723T141500Z,SOFI,2025-07-25 14:30:00+00:00,2025-07-23 14:15:00+00:00,crypto_fintech,validation,confirmation_required_candidate,setup=medium_quality_setup|catalyst=guidance_margin_upgrade|price=price_confirmed_basic|theme=persistent_leadership|relation=company_positive_confirmation_needed,capacity=slot_competition_very_high|same_entry_candidates=29|active_relations=0|risk=proxy_neutral|microstructure=SOURCE_PENDING_NOT_USED,1,29,2,22,0,0,1,,medium_quality_setup,BASELINE_ALLOWED,1,0,0,0
TASK617|MDB|20250723T141500Z|slot_decision_explanation,TASK617|MDB|20250723T141500Z,MDB,2025-07-25 14:30:00+00:00,2025-07-23 14:15:00+00:00,data_devops_software,validation,priority_candidate,setup=medium_quality_setup|catalyst=guidance_margin_upgrade|price=price_confirmed_but_extended|theme=participating_theme|relation=relation_reinforcing,capacity=slot_competition_very_high|same_entry_candidates=29|active_relations=0|risk=extension_proxy|microstructure=SOURCE_PENDING_NOT_USED,1,29,2,5,0,0,1,,medium_quality_setup,STRENGTH_HOLD_CANDIDATE,1,0,0,0
TASK617|NVO|20250723T144500Z|slot_decision_explanation,TASK617|NVO|20250723T144500Z,NVO,2025-07-25 14:30:00+00:00,2025-07-23 14:45:00+00:00,biotech_glp1_healthcare,validation,confirmation_required_candidate,setup=medium_quality_setup|catalyst=guidance_margin_upgrade|price=price_confirmed_basic|theme=participating_theme|relation=company_positive_confirmation_needed,capacity=slot_competition_very_high|same_entry_candidates=29|active_relations=0|risk=high_liquidity_momentum_proxy|microstructure=SOURCE_PENDING_NOT_USED,1,29,3,22,0,0,1,,medium_quality_setup,BASELINE_ALLOWED,1,0,0,0
TASK617|BA|20250723T144500Z|slot_decision_explanation,TASK617|BA|20250723T144500Z,BA,2025-07-25 14:30:00+00:00,2025-07-23 14:45:00+00:00,aerospace_defense_space,validation,priority_candidate,setup=high_quality_setup|catalyst=guidance_margin_upgrade|price=price_confirmed_but_extended|theme=persistent_leadership|relation=company_price_confirmed_macro_secondary,capacity=slot_competition_very_high|same_entry_candidates=29|active_relations=0|risk=extension_proxy|microstructure=SOURCE_PENDING_NOT_USED,1,29,5,2,0,0,1,,high_quality_setup,BASELINE_ALLOWED,1,0,0,0
TASK617|VST|20250723T150000Z|slot_decision_explanation,TASK617|VST|20250723T150000Z,VST,2025-07-25 14:30:00+00:00,2025-07-23 15:00:00+00:00,power_grid_electrification,validation,confirmation_required_candidate,setup=medium_quality_setup|catalyst=guidance_margin_upgrade|price=price_confirmed_basic|theme=participating_theme|relation=company_positive_confirmation_needed,capacity=slot_competition_very_high|same_entry_candidates=29|active_relations=0|risk=high_liquidity_momentum_proxy|microstructure=SOURCE_PENDING_NOT_USED,1,29,5,22,0,0,1,,medium_quality_setup,BASELINE_ALLOWED,1,0,0,0
TASK617|AVGO|20250723T150000Z|slot_decision_explanation,TASK617|AVGO|20250723T150000Z,AVGO,2025-07-25 14:30:00+00:00,2025-07-23 15:00:00+00:00,ai_semiconductors,validation,confirmation_required_candidate,setup=medium_quality_setup|catalyst=guidance_margin_upgrade|price=price_confirmed_basic|theme=participating_theme|relation=company_positive_confirmation_needed,capacity=slot_competition_very_high|same_entry_candidates=29|active_relations=0|risk=proxy_neutral|microstructure=SOURCE_PENDING_NOT_USED,1,29,4,22,0,0,1,,medium_quality_setup,BASELINE_ALLOWED,1,0,0,0
TASK617|PLTR|20250723T151500Z|slot_decision_explanation,TASK617|PLTR|20250723T151500Z,PLTR,2025-07-25 14:30:00+00:00,2025-07-23 15:15:00+00:00,data_devops_software,validation,priority_candidate,setup=medium_quality_setup|catalyst=guidance_margin_upgrade|price=price_confirmed_basic|theme=participating_theme|relation=relation_reinforcing,capacity=slot_competition_very_high|same_entry_candidates=29|active_relations=0|risk=proxy_neutral|microstructure=SOURCE_PENDING_NOT_USED,1,29,2,5,0,0,1,,medium_quality_setup,STRENGTH_HOLD_CANDIDATE,1,0,0,0
TASK617|ORCL|20250723T151500Z|slot_decision_explanation,TASK617|ORCL|20250723T151500Z,ORCL,2025-07-25 14:30:00+00:00,2025-07-23 15:15:00+00:00,cloud_ai_platforms,validation,confirmation_required_candidate,setup=medium_quality_setup|catalyst=guidance_margin_upgrade|price=price_confirmed_basic|theme=participating_theme|relation=company_positive_confirmation_needed,capacity=slot_competition_very_high|same_entry_candidates=29|active_relations=0|risk=proxy_neutral|microstructure=SOURCE_PENDING_NOT_USED,1,29,1,22,0,0,1,,medium_quality_setup,BASELINE_ALLOWED,1,0,0,0
TASK617|AMD|20250723T153000Z|slot_decision_explanation,TASK617|AMD|20250723T153000Z,AMD,2025-07-25 14:30:00+00:00,2025-07-23 15:30:00+00:00,ai_semiconductors,validation,confirmation_required_candidate,setup=medium_quality_setup|catalyst=guidance_margin_upgrade|price=price_confirmed_basic|theme=participating_theme|relation=company_positive_confirmation_needed,capacity=slot_competition_very_high|same_entry_candidates=29|active_relations=0|risk=proxy_neutral|microstructure=SOURCE_PENDING_NOT_USED,1,29,4,22,0,0,1,,medium_quality_setup,BASELINE_ALLOWED,1,0,0,0
TASK617|IBIT|20250723T154500Z|slot_decision_explanation,TASK617|IBIT|20250723T154500Z,IBIT,2025-07-25 14:30:00+00:00,2025-07-23 15:45:00+00:00,crypto_fintech,validation,confirmation_required_candidate,setup=medium_quality_setup|catalyst=guidance_margin_upgrade|price=price_confirmed_basic|theme=persistent_leadership|relation=company_positive_confirmation_needed,capacity=slot_competition_very_high|same_entry_candidates=29|active_relations=0|risk=proxy_neutral|microstructure=SOURCE_PENDING_NOT_USED,1,29,2,22,0,0,1,,medium_quality_setup,BASELINE_ALLOWED,1,0,0,0
TASK617|F|20250723T160000Z|slot_decision_explanation,TASK617|F|20250723T160000Z,F,2025-07-25 14:30:00+00:00,2025-07-23 16:00:00+00:00,ev_autonomy_mobility,validation,confirmation_required_candidate,setup=medium_quality_setup|catalyst=guidance_margin_upgrade|price=price_confirmed_basic|theme=participating_theme|relation=company_positive_confirmation_needed,capacity=slot_competition_very_high|same_entry_candidates=29|active_relations=0|risk=high_liquidity_momentum_proxy|microstructure=SOURCE_PENDING_NOT_USED,1,29,2,22,0,0,1,,medium_quality_setup,BASELINE_ALLOWED,1,0,0,0
TASK617|NOC|20250723T160000Z|slot_decision_explanation,TASK617|NOC|20250723T160000Z,NOC,2025-07-25 14:30:00+00:00,2025-07-23 16:00:00+00:00,aerospace_defense_space,validation,confirmation_required_candidate,setup=medium_quality_setup|catalyst=guidance_margin_upgrade|price=price_confirmed_basic|theme=persistent_leadership|relation=company_positive_confirmation_needed,capacity=slot_competition_very_high|same_entry_candidates=29|active_relations=0|risk=proxy_neutral|microstructure=SOURCE_PENDING_NOT_USED,1,29,5,22,0,0,1,,medium_quality_setup,BASELINE_ALLOWED,1,0,0,0
TASK617|PH|20250723T161500Z|slot_decision_explanation,TASK617|PH|20250723T161500Z,PH,2025-07-25 14:30:00+00:00,2025-07-23 16:15:00+00:00,industrial_automation_robotics,validation,confirmation_required_candidate,setup=medium_quality_setup|catalyst=guidance_margin_upgrade|price=price_confirmed_basic|theme=participating_theme|relation=company_positive_confirmation_needed,capacity=slot_competition_very_high|same_entry_candidates=29|active_relations=0|risk=proxy_neutral|microstructure=SOURCE_PENDING_NOT_USED,1,29,5,22,0,0,1,,medium_quality_setup,BASELINE_ALLOWED,1,0,0,0
TASK617|NVDA|20250723T180000Z|slot_decision_explanation,TASK617|NVDA|20250723T180000Z,NVDA,2025-07-25 14:30:00+00:00,2025-07-23 18:00:00+00:00,ai_semiconductors,validation,confirmation_required_candidate,setup=medium_quality_setup|catalyst=guidance_margin_upgrade|price=price_confirmed_but_extended|theme=participating_theme|relation=company_positive_confirmation_needed,capacity=slot_competition_very_high|same_entry_candidates=29|active_relations=0|risk=extension_proxy|microstructure=SOURCE_PENDING_NOT_USED,1,29,4,22,0,0,1,,medium_quality_setup,BASELINE_ALLOWED,1,0,0,0
TASK617|TSM|20250723T193000Z|slot_decision_explanation,TASK617|TSM|20250723T193000Z,TSM,2025-07-25 14:30:00+00:00,2025-07-23 19:30:00+00:00,ai_semiconductors,validation,confirmation_required_candidate,setup=medium_quality_setup|catalyst=guidance_margin_upgrade|price=price_confirmed_basic|theme=participating_theme|relation=company_positive_confirmation_needed,capacity=slot_competition_very_high|same_entry_candidates=29|active_relations=0|risk=proxy_neutral|microstructure=SOURCE_PENDING_NOT_USED,1,29,4,22,0,0,1,,medium_quality_setup,BASELINE_ALLOWED,1,0,0,0
TASK617|AMGN|20250723T194500Z|slot_decision_explanation,TASK617|AMGN|20250723T194500Z,AMGN,2025-07-25 14:30:00+00:00,2025-07-23 19:45:00+00:00,biotech_glp1_healthcare,validation,confirmation_required_candidate,setup=medium_quality_setup|catalyst=guidance_margin_upgrade|price=price_confirmed_basic|theme=participating_theme|relation=company_positive_confirmation_needed,capacity=slot_competition_very_high|same_entry_candidates=29|active_relations=0|risk=proxy_neutral|microstructure=SOURCE_PENDING_NOT_USED,1,29,3,22,0,0,1,,medium_quality_setup,BASELINE_ALLOWED,1,0,0,0
TASK617|NVO|20250724T133000Z|slot_decision_explanation,TASK617|NVO|20250724T133000Z,NVO,2025-07-28 14:30:00+00:00,2025-07-24 13:30:00+00:00,biotech_glp1_healthcare,validation,confirmation_required_candidate,setup=medium_quality_setup|catalyst=guidance_margin_upgrade|price=price_confirmed_basic|theme=participating_theme|relation=company_positive_confirmation_needed,capacity=slot_competition_very_high|same_entry_candidates=18|active_relations=0|risk=proxy_neutral|microstructure=SOURCE_PENDING_NOT_USED,1,18,1,13,0,0,1,,medium_quality_setup,BASELINE_ALLOWED,1,0,0,0
TASK617|AMZN|20250724T133000Z|slot_decision_explanation,TASK617|AMZN|20250724T133000Z,AMZN,2025-07-28 14:30:00+00:00,2025-07-24 13:30:00+00:00,cloud_ai_platforms,validation,confirmation_required_candidate,setup=medium_quality_setup|catalyst=guidance_margin_upgrade|price=price_confirmed_but_extended|theme=participating_theme|relation=company_positive_confirmation_needed,capacity=slot_competition_very_high|same_entry_candidates=18|active_relations=0|risk=extension_proxy|microstructure=SOURCE_PENDING_NOT_USED,1,18,1,13,0,0,1,,medium_quality_setup,BASELINE_ALLOWED,1,0,0,0
TASK617|GE|20250724T133000Z|slot_decision_explanation,TASK617|GE|20250724T133000Z,GE,2025-07-28 14:30:00+00:00,2025-07-24 13:30:00+00:00,industrial_automation_robotics,validation,priority_candidate,setup=high_quality_setup|catalyst=guidance_margin_upgrade|price=price_confirmed_basic|theme=participating_theme|relation=relation_reinforcing,capacity=slot_competition_very_high|same_entry_candidates=18|active_relations=0|risk=high_liquidity_momentum_proxy|microstructure=SOURCE_PENDING_NOT_USED,1,18,4,3,0,0,1,,high_quality_setup,STRENGTH_HOLD_CANDIDATE,1,0,0,0
TASK617|GD|20250724T133000Z|slot_decision_explanation,TASK617|GD|20250724T133000Z,GD,2025-07-28 14:30:00+00:00,2025-07-24 13:30:00+00:00,aerospace_defense_space,validation,confirmation_required_candidate,setup=medium_quality_setup|catalyst=guidance_margin_upgrade|price=price_confirmed_but_extended|theme=persistent_leadership|relation=company_positive_confirmation_needed,capacity=slot_competition_very_high|same_entry_candidates=18|active_relations=0|risk=extension_proxy|microstructure=SOURCE_PENDING_NOT_USED,1,18,4,13,0,0,1,,medium_quality_setup,BASELINE_ALLOWED,1,0,0,0
TASK617|PH|20250724T133000Z|slot_decision_explanation,TASK617|PH|20250724T133000Z,PH,2025-07-28 14:30:00+00:00,2025-07-24 13:30:00+00:00,industrial_automation_robotics,validation,confirmation_required_candidate,setup=medium_quality_setup|catalyst=guidance_margin_upgrade|price=price_confirmed_but_extended|theme=participating_theme|relation=company_positive_confirmation_needed,capacity=slot_competition_very_high|same_entry_candidates=18|active_relations=0|risk=extension_proxy|microstructure=SOURCE_PENDING_NOT_USED,1,18,4,13,0,0,1,,medium_quality_setup,BASELINE_ALLOWED,1,0,0,0
TASK617|PYPL|20250724T133000Z|slot_decision_explanation,TASK617|PYPL|20250724T133000Z,PYPL,2025-07-28 14:30:00+00:00,2025-07-24 13:30:00+00:00,crypto_fintech,validation,confirmation_required_candidate,setup=medium_quality_setup|catalyst=guidance_margin_upgrade|price=price_confirmed_but_extended|theme=persistent_leadership|relation=company_positive_confirmation_needed,capacity=slot_competition_very_high|same_entry_candidates=18|active_relations=0|risk=extension_proxy|microstructure=SOURCE_PENDING_NOT_USED,1,18,2,13,0,0,1,,medium_quality_setup,BASELINE_ALLOWED,1,0,0,0
TASK617|AMD|20250724T133000Z|slot_decision_explanation,TASK617|AMD|20250724T133000Z,AMD,2025-07-28 14:30:00+00:00,2025-07-24 13:30:00+00:00,ai_semiconductors,validation,confirmation_required_candidate,setup=medium_quality_setup|catalyst=guidance_margin_upgrade|price=price_confirmed_basic|theme=participating_theme|relation=company_positive_confirmation_needed,capacity=slot_competition_very_high|same_entry_candidates=18|active_relations=0|risk=proxy_neutral|microstructure=SOURCE_PENDING_NOT_USED,1,18,3,13,0,0,1,,medium_quality_setup,BASELINE_ALLOWED,1,0,0,0
TASK617|RTX|20250724T134500Z|slot_decision_explanation,TASK617|RTX|20250724T134500Z,RTX,2025-07-28 14:30:00+00:00,2025-07-24 13:45:00+00:00,aerospace_defense_space,validation,priority_candidate,setup=high_quality_setup|catalyst=guidance_margin_upgrade|price=price_confirmed_basic|theme=persistent_leadership|relation=company_price_confirmed_macro_secondary,capacity=slot_competition_very_high|same_entry_candidates=18|active_relations=0|risk=proxy_neutral|microstructure=SOURCE_PENDING_NOT_USED,1,18,4,2,0,0,1,,high_quality_setup,BASELINE_ALLOWED,1,0,0,0
TASK617|NOC|20250724T134500Z|slot_decision_explanation,TASK617|NOC|20250724T134500Z,NOC,2025-07-28 14:30:00+00:00,2025-07-24 13:45:00+00:00,aerospace_defense_space,validation,confirmation_required_candidate,setup=medium_quality_setup|catalyst=guidance_margin_upgrade|price=price_confirmed_but_extended|theme=persistent_leadership|relation=company_positive_confirmation_needed,capacity=slot_competition_very_high|same_entry_candidates=18|active_relations=0|risk=extension_proxy|microstructure=SOURCE_PENDING_NOT_USED,1,18,4,13,0,0,1,,medium_quality_setup,BASELINE_ALLOWED,1,0,0,0
TASK617|EMR|20250724T134500Z|slot_decision_explanation,TASK617|EMR|20250724T134500Z,EMR,2025-07-28 14:30:00+00:00,2025-07-24 13:45:00+00:00,industrial_automation_robotics,validation,confirmation_required_candidate,setup=medium_quality_setup|catalyst=guidance_margin_upgrade|price=price_confirmed_but_extended|theme=participating_theme|relation=company_positive_confirmation_needed,capacity=slot_competition_very_high|same_entry_candidates=18|active_relations=0|risk=extension_proxy|microstructure=SOURCE_PENDING_NOT_USED,1,18,4,13,0,0,1,,medium_quality_setup,BASELINE_ALLOWED,1,0,0,0
TASK617|ETN|20250724T140000Z|slot_decision_explanation,TASK617|ETN|20250724T140000Z,ETN,2025-07-28 14:30:00+00:00,2025-07-24 14:00:00+00:00,power_grid_electrification,validation,confirmation_required_candidate,setup=medium_quality_setup|catalyst=guidance_margin_upgrade|price=price_confirmed_basic|theme=participating_theme|relation=company_positive_confirmation_needed,capacity=slot_competition_very_high|same_entry_candidates=18|active_relations=0|risk=proxy_neutral|microstructure=SOURCE_PENDING_NOT_USED,1,18,2,13,0,0,1,,medium_quality_setup,BASELINE_ALLOWED,1,0,0,0
TASK617|PLTR|20250724T141500Z|slot_decision_explanation,TASK617|PLTR|20250724T141500Z,PLTR,2025-07-28 14:30:00+00:00,2025-07-24 14:15:00+00:00,data_devops_software,validation,priority_candidate,setup=medium_quality_setup|catalyst=contract_customer_backlog|price=price_confirmed_basic|theme=participating_theme|relation=relation_reinforcing,capacity=slot_competition_very_high|same_entry_candidates=18|active_relations=0|risk=proxy_neutral|microstructure=SOURCE_PENDING_NOT_USED,1,18,1,3,0,0,1,,medium_quality_setup,STRENGTH_HOLD_CANDIDATE,1,0,0,0
TASK617|ROK|20250724T141500Z|slot_decision_explanation,TASK617|ROK|20250724T141500Z,ROK,2025-07-28 14:30:00+00:00,2025-07-24 14:15:00+00:00,industrial_automation_robotics,validation,priority_candidate,setup=high_quality_setup|catalyst=guidance_margin_upgrade|price=price_confirmed_but_extended|theme=participating_theme|relation=relation_reinforcing,capacity=slot_competition_very_high|same_entry_candidates=18|active_relations=0|risk=extension_proxy|microstructure=SOURCE_PENDING_NOT_USED,1,18,4,3,0,0,1,,high_quality_setup,STRENGTH_HOLD_CANDIDATE,1,0,0,0
TASK617|PWR|20250724T141500Z|slot_decision_explanation,TASK617|PWR|20250724T141500Z,PWR,2025-07-28 14:30:00+00:00,2025-07-24 14:15:00+00:00,power_grid_electrification,validation,confirmation_required_candidate,setup=medium_quality_setup|catalyst=guidance_margin_upgrade|price=price_confirmed_but_extended|theme=participating_theme|relation=company_positive_confirmation_needed,capacity=slot_competition_very_high|same_entry_candidates=18|active_relations=0|risk=extension_proxy|microstructure=SOURCE_PENDING_NOT_USED,1,18,2,13,0,0,1,,medium_quality_setup,BASELINE_ALLOWED,1,0,0,0
TASK617|IBIT|20250724T144500Z|slot_decision_explanation,TASK617|IBIT|20250724T144500Z,IBIT,2025-07-28 14:30:00+00:00,2025-07-24 14:45:00+00:00,crypto_fintech,validation,confirmation_required_candidate,setup=medium_quality_setup|catalyst=guidance_margin_upgrade|price=price_confirmed_basic|theme=persistent_leadership|relation=company_positive_confirmation_needed,capacity=slot_competition_very_high|same_entry_candidates=18|active_relations=0|risk=proxy_neutral|microstructure=SOURCE_PENDING_NOT_USED,1,18,2,13,0,0,1,,medium_quality_setup,BASELINE_ALLOWED,1,0,0,0
TASK617|ASTS|20250724T144500Z|slot_decision_explanation,TASK617|ASTS|20250724T144500Z,ASTS,2025-07-28 14:30:00+00:00,2025-07-24 14:45:00+00:00,aerospace_defense_space,validation,priority_candidate,setup=high_quality_setup|catalyst=guidance_margin_upgrade|price=price_confirmed_basic|theme=persistent_leadership|relation=company_price_confirmed_macro_secondary,capacity=slot_competition_very_high|same_entry_candidates=18|active_relations=0|risk=proxy_neutral|microstructure=SOURCE_PENDING_NOT_USED,1,18,4,2,0,0,1,,high_quality_setup,BASELINE_ALLOWED,1,0,0,0
TASK617|NVDA|20250724T164500Z|slot_decision_explanation,TASK617|NVDA|20250724T164500Z,NVDA,2025-07-28 14:30:00+00:00,2025-07-24 16:45:00+00:00,ai_semiconductors,validation,confirmation_required_candidate,setup=medium_quality_setup|catalyst=guidance_margin_upgrade|price=price_confirmed_basic|theme=participating_theme|relation=company_positive_confirmation_needed,capacity=slot_competition_very_high|same_entry_candidates=18|active_relations=0|risk=proxy_neutral|microstructure=SOURCE_PENDING_NOT_USED,1,18,3,13,0,0,1,,medium_quality_setup,BASELINE_ALLOWED,1,0,0,0
TASK617|TSM|20250724T170000Z|slot_decision_explanation,TASK617|TSM|20250724T170000Z,TSM,2025-07-28 14:30:00+00:00,2025-07-24 17:00:00+00:00,ai_semiconductors,validation,confirmation_required_candidate,setup=medium_quality_setup|catalyst=guidance_margin_upgrade|price=price_confirmed_basic|theme=participating_theme|relation=company_positive_confirmation_needed,capacity=slot_competition_very_high|same_entry_candidates=18|active_relations=0|risk=proxy_neutral|microstructure=SOURCE_PENDING_NOT_USED,1,18,3,13,0,0,1,,medium_quality_setup,BASELINE_ALLOWED,1,0,0,0
TASK617|BA|20250728T133000Z|slot_decision_explanation,TASK617|BA|20250728T133000Z,BA,2025-07-30 14:30:00+00:00,2025-07-28 13:30:00+00:00,aerospace_defense_space,validation,priority_candidate,setup=high_quality_setup|catalyst=guidance_margin_upgrade|price=price_confirmed_basic|theme=participating_theme|relation=company_price_confirmed_macro_secondary,capacity=slot_competition_very_high|same_entry_candidates=12|active_relations=0|risk=proxy_neutral|microstructure=SOURCE_PENDING_NOT_USED,1,12,2,1,0,0,1,,high_quality_setup,BASELINE_ALLOWED,1,0,0,0
TASK617|GEV|20250728T133000Z|slot_decision_explanation,TASK617|GEV|20250728T133000Z,GEV,2025-07-30 14:30:00+00:00,2025-07-28 13:30:00+00:00,power_grid_electrification,validation,confirmation_required_candidate,setup=medium_quality_setup|catalyst=guidance_margin_upgrade|price=price_confirmed_basic|theme=participating_theme|relation=company_positive_confirmation_needed,capacity=slot_competition_very_high|same_entry_candidates=12|active_relations=0|risk=proxy_neutral|microstructure=SOURCE_PENDING_NOT_USED,1,12,2,10,0,0,1,,medium_quality_setup,BASELINE_ALLOWED,1,0,0,0
TASK617|VRT|20250728T133000Z|slot_decision_explanation,TASK617|VRT|20250728T133000Z,VRT,2025-07-30 14:30:00+00:00,2025-07-28 13:30:00+00:00,power_grid_electrification,validation,confirmation_required_candidate,setup=medium_quality_setup|catalyst=guidance_margin_upgrade|price=price_confirmed_basic|theme=participating_theme|relation=company_positive_confirmation_needed,capacity=slot_competition_very_high|same_entry_candidates=12|active_relations=0|risk=proxy_neutral|microstructure=SOURCE_PENDING_NOT_USED,1,12,2,10,0,0,1,,medium_quality_setup,BASELINE_ALLOWED,1,0,0,0
TASK617|AMD|20250728T134500Z|slot_decision_explanation,TASK617|AMD|20250728T134500Z,AMD,2025-07-30 14:30:00+00:00,2025-07-28 13:45:00+00:00,ai_semiconductors,validation,confirmation_required_candidate,setup=medium_quality_setup|catalyst=guidance_margin_upgrade|price=price_confirmed_basic|theme=participating_theme|relation=company_positive_confirmation_needed,capacity=slot_competition_very_high|same_entry_candidates=12|active_relations=0|risk=proxy_neutral|microstructure=SOURCE_PENDING_NOT_USED,1,12,3,10,0,0,1,,medium_quality_setup,BASELINE_ALLOWED,1,0,0,0
TASK617|NVDA|20250728T134500Z|slot_decision_explanation,TASK617|NVDA|20250728T134500Z,NVDA,2025-07-30 14:30:00+00:00,2025-07-28 13:45:00+00:00,ai_semiconductors,validation,confirmation_required_candidate,setup=medium_quality_setup|catalyst=guidance_margin_upgrade|price=price_confirmed_basic|theme=participating_theme|relation=company_positive_confirmation_needed,capacity=slot_competition_very_high|same_entry_candidates=12|active_relations=0|risk=proxy_neutral|microstructure=SOURCE_PENDING_NOT_USED,1,12,3,10,0,0,1,,medium_quality_setup,BASELINE_ALLOWED,1,0,0,0
TASK617|PH|20250728T134500Z|slot_decision_explanation,TASK617|PH|20250728T134500Z,PH,2025-07-30 14:30:00+00:00,2025-07-28 13:45:00+00:00,industrial_automation_robotics,validation,confirmation_required_candidate,setup=medium_quality_setup|catalyst=guidance_margin_upgrade|price=price_confirmed_but_extended|theme=participating_theme|relation=company_positive_confirmation_needed,capacity=slot_competition_very_high|same_entry_candidates=12|active_relations=0|risk=extension_proxy|microstructure=SOURCE_PENDING_NOT_USED,1,12,1,10,0,0,1,,medium_quality_setup,BASELINE_ALLOWED,1,0,0,0
TASK617|GM|20250728T140000Z|slot_decision_explanation,TASK617|GM|20250728T140000Z,GM,2025-07-30 14:30:00+00:00,2025-07-28 14:00:00+00:00,ev_autonomy_mobility,validation,confirmation_required_candidate,setup=medium_quality_setup|catalyst=guidance_margin_upgrade|price=price_confirmed_basic|theme=participating_theme|relation=company_positive_confirmation_needed,capacity=slot_competition_very_high|same_entry_candidates=12|active_relations=0|risk=proxy_neutral|microstructure=SOURCE_PENDING_NOT_USED,1,12,1,10,0,0,1,,medium_quality_setup,BASELINE_ALLOWED,1,0,0,0
TASK617|ASTS|20250728T143000Z|slot_decision_explanation,TASK617|ASTS|20250728T143000Z,ASTS,2025-07-30 14:30:00+00:00,2025-07-28 14:30:00+00:00,aerospace_defense_space,validation,research_only,setup=fragile_setup|catalyst=guidance_margin_upgrade|price=price_fragile_or_unconfirmed|theme=participating_theme|relation=company_positive_confirmation_needed,capacity=slot_competition_very_high|same_entry_candidates=12|active_relations=0|risk=proxy_neutral|microstructure=SOURCE_PENDING_NOT_USED,1,12,2,10,0,0,1,,fragile_setup,BASELINE_ALLOWED,1,0,0,0
TASK617|HOOD|20250728T163000Z|slot_decision_explanation,TASK617|HOOD|20250728T163000Z,HOOD,2025-07-30 14:30:00+00:00,2025-07-28 16:30:00+00:00,crypto_fintech,validation,research_only,setup=fragile_setup|catalyst=guidance_margin_upgrade|price=price_fragile_or_unconfirmed|theme=participating_theme|relation=company_positive_confirmation_needed,capacity=slot_competition_very_high|same_entry_candidates=12|active_relations=0|risk=proxy_neutral|microstructure=SOURCE_PENDING_NOT_USED,1,12,1,10,0,0,1,,fragile_setup,BASELINE_ALLOWED,1,0,0,0
TASK617|AVGO|20250728T170000Z|slot_decision_explanation,TASK617|AVGO|20250728T170000Z,AVGO,2025-07-30 14:30:00+00:00,2025-07-28 17:00:00+00:00,ai_semiconductors,validation,confirmation_required_candidate,setup=medium_quality_setup|catalyst=guidance_margin_upgrade|price=price_confirmed_but_extended|theme=participating_theme|relation=company_positive_confirmation_needed,capacity=slot_competition_very_high|same_entry_candidates=12|active_relations=0|risk=extension_proxy|microstructure=SOURCE_PENDING_NOT_USED,1,12,3,10,0,0,1,,medium_quality_setup,BASELINE_ALLOWED,1,0,0,0
TASK617|DDOG|20250728T171500Z|slot_decision_explanation,TASK617|DDOG|20250728T171500Z,DDOG,2025-07-30 14:30:00+00:00,2025-07-28 17:15:00+00:00,data_devops_software,validation,priority_candidate,setup=medium_quality_setup|catalyst=contract_customer_backlog|price=price_confirmed_basic|theme=participating_theme|relation=relation_reinforcing,capacity=slot_competition_very_high|same_entry_candidates=12|active_relations=0|risk=proxy_neutral|microstructure=SOURCE_PENDING_NOT_USED,1,12,1,1,0,0,1,,medium_quality_setup,STRENGTH_HOLD_CANDIDATE,1,0,0,0
TASK617|ORCL|20250728T180000Z|slot_decision_explanation,TASK617|ORCL|20250728T180000Z,ORCL,2025-07-30 14:30:00+00:00,2025-07-28 18:00:00+00:00,cloud_ai_platforms,validation,confirmation_required_candidate,setup=medium_quality_setup|catalyst=guidance_margin_upgrade|price=price_confirmed_basic|theme=participating_theme|relation=company_positive_confirmation_needed,capacity=slot_competition_very_high|same_entry_candidates=12|active_relations=0|risk=proxy_neutral|microstructure=SOURCE_PENDING_NOT_USED,1,12,1,10,0,0,1,,medium_quality_setup,BASELINE_ALLOWED,1,0,0,0
TASK617|DDOG|20250729T133000Z|slot_decision_explanation,TASK617|DDOG|20250729T133000Z,DDOG,2025-07-31 14:30:00+00:00,2025-07-29 13:30:00+00:00,data_devops_software,validation,priority_candidate,setup=medium_quality_setup|catalyst=contract_customer_backlog|price=price_confirmed_basic|theme=fading_leadership|relation=relation_reinforcing,capacity=slot_competition_high|same_entry_candidates=8|active_relations=0|risk=proxy_neutral|microstructure=SOURCE_PENDING_NOT_USED,1,8,2,2,0,0,1,,medium_quality_setup,STRENGTH_HOLD_CANDIDATE,1,0,0,0
TASK617|MDB|20250729T133000Z|slot_decision_explanation,TASK617|MDB|20250729T133000Z,MDB,2025-07-31 14:30:00+00:00,2025-07-29 13:30:00+00:00,data_devops_software,validation,priority_candidate,setup=medium_quality_setup|catalyst=contract_customer_backlog|price=price_confirmed_basic|theme=fading_leadership|relation=relation_reinforcing,capacity=slot_competition_high|same_entry_candidates=8|active_relations=0|risk=proxy_neutral|microstructure=SOURCE_PENDING_NOT_USED,1,8,2,2,0,0,1,,medium_quality_setup,STRENGTH_HOLD_CANDIDATE,1,0,0,0
TASK617|NVDA|20250729T134500Z|slot_decision_explanation,TASK617|NVDA|20250729T134500Z,NVDA,2025-07-31 14:30:00+00:00,2025-07-29 13:45:00+00:00,ai_semiconductors,validation,confirmation_required_candidate,setup=medium_quality_setup|catalyst=guidance_margin_upgrade|price=price_confirmed_basic|theme=participating_theme|relation=company_positive_confirmation_needed,capacity=slot_competition_high|same_entry_candidates=8|active_relations=0|risk=proxy_neutral|microstructure=SOURCE_PENDING_NOT_USED,1,8,3,6,0,0,1,,medium_quality_setup,BASELINE_ALLOWED,1,0,0,0
TASK617|TSM|20250729T134500Z|slot_decision_explanation,TASK617|TSM|20250729T134500Z,TSM,2025-07-31 14:30:00+00:00,2025-07-29 13:45:00+00:00,ai_semiconductors,validation,confirmation_required_candidate,setup=medium_quality_setup|catalyst=guidance_margin_upgrade|price=price_confirmed_basic|theme=participating_theme|relation=company_positive_confirmation_needed,capacity=slot_competition_high|same_entry_candidates=8|active_relations=0|risk=proxy_neutral|microstructure=SOURCE_PENDING_NOT_USED,1,8,3,6,0,0,1,,medium_quality_setup,BASELINE_ALLOWED,1,0,0,0
TASK617|AMD|20250729T134500Z|slot_decision_explanation,TASK617|AMD|20250729T134500Z,AMD,2025-07-31 14:30:00+00:00,2025-07-29 13:45:00+00:00,ai_semiconductors,validation,confirmation_required_candidate,setup=medium_quality_setup|catalyst=guidance_margin_upgrade|price=price_confirmed_basic|theme=participating_theme|relation=company_positive_confirmation_needed,capacity=slot_competition_high|same_entry_candidates=8|active_relations=0|risk=proxy_neutral|microstructure=SOURCE_PENDING_NOT_USED,1,8,3,6,0,0,1,,medium_quality_setup,BASELINE_ALLOWED,1,0,0,0
TASK617|ORCL|20250729T134500Z|slot_decision_explanation,TASK617|ORCL|20250729T134500Z,ORCL,2025-07-31 14:30:00+00:00,2025-07-29 13:45:00+00:00,cloud_ai_platforms,validation,confirmation_required_candidate,setup=medium_quality_setup|catalyst=guidance_margin_upgrade|price=price_confirmed_basic|theme=participating_theme|relation=company_positive_confirmation_needed,capacity=slot_competition_high|same_entry_candidates=8|active_relations=0|risk=proxy_neutral|microstructure=SOURCE_PENDING_NOT_USED,1,8,2,6,0,0,1,,medium_quality_setup,BASELINE_ALLOWED,1,0,0,0
TASK617|AMGN|20250729T140000Z|slot_decision_explanation,TASK617|AMGN|20250729T140000Z,AMGN,2025-07-31 14:30:00+00:00,2025-07-29 14:00:00+00:00,biotech_glp1_healthcare,validation,confirmation_required_candidate,setup=medium_quality_setup|catalyst=guidance_margin_upgrade|price=price_confirmed_basic|theme=fading_leadership|relation=company_positive_confirmation_needed,capacity=slot_competition_high|same_entry_candidates=8|active_relations=0|risk=proxy_neutral|microstructure=SOURCE_PENDING_NOT_USED,1,8,1,6,0,0,1,,medium_quality_setup,BASELINE_ALLOWED,1,0,0,0
TASK617|GOOGL|20250729T153000Z|slot_decision_explanation,TASK617|GOOGL|20250729T153000Z,GOOGL,2025-07-31 14:30:00+00:00,2025-07-29 15:30:00+00:00,cloud_ai_platforms,validation,confirmation_required_candidate,setup=medium_quality_setup|catalyst=guidance_margin_upgrade|price=price_confirmed_basic|theme=participating_theme|relation=company_positive_confirmation_needed,capacity=slot_competition_high|same_entry_candidates=8|active_relations=0|risk=proxy_neutral|microstructure=SOURCE_PENDING_NOT_USED,1,8,2,6,0,0,1,,medium_quality_setup,BASELINE_ALLOWED,1,0,0,0
TASK617|CEG|20250730T133000Z|slot_decision_explanation,TASK617|CEG|20250730T133000Z,CEG,2025-08-01 14:30:00+00:00,2025-07-30 13:30:00+00:00,power_grid_electrification,validation,priority_candidate,setup=high_quality_setup|catalyst=guidance_margin_upgrade|price=price_confirmed_basic|theme=persistent_leadership|relation=relation_reinforcing,capacity=same_relation_crowded|same_entry_candidates=5|active_relations=0|risk=proxy_neutral|microstructure=SOURCE_PENDING_NOT_USED,1,5,1,4,0,0,1,,high_quality_setup,STRENGTH_HOLD_CANDIDATE,1,0,0,0
TASK617|ASTS|20250730T134500Z|slot_decision_explanation,TASK617|ASTS|20250730T134500Z,ASTS,2025-08-01 14:30:00+00:00,2025-07-30 13:45:00+00:00,aerospace_defense_space,validation,confirmation_required_candidate,setup=medium_quality_setup|catalyst=guidance_margin_upgrade|price=price_confirmed_basic|theme=participating_theme|relation=company_positive_confirmation_needed,capacity=slot_competition_low|same_entry_candidates=5|active_relations=0|risk=proxy_neutral|microstructure=SOURCE_PENDING_NOT_USED,1,5,1,1,0,0,1,,medium_quality_setup,BASELINE_ALLOWED,1,0,0,0
TASK617|PLTR|20250730T140000Z|slot_decision_explanation,TASK617|PLTR|20250730T140000Z,PLTR,2025-08-01 14:30:00+00:00,2025-07-30 14:00:00+00:00,data_devops_software,validation,priority_candidate,setup=high_quality_setup|catalyst=contract_customer_backlog|price=price_confirmed_basic|theme=participating_theme|relation=relation_reinforcing,capacity=same_relation_crowded|same_entry_candidates=5|active_relations=0|risk=proxy_neutral|microstructure=SOURCE_PENDING_NOT_USED,1,5,3,4,0,0,1,,high_quality_setup,STRENGTH_HOLD_CANDIDATE,1,0,0,0
TASK617|MDB|20250730T161500Z|slot_decision_explanation,TASK617|MDB|20250730T161500Z,MDB,2025-08-01 14:30:00+00:00,2025-07-30 16:15:00+00:00,data_devops_software,validation,priority_candidate,setup=high_quality_setup|catalyst=contract_customer_backlog|price=price_confirmed_basic|theme=participating_theme|relation=relation_reinforcing,capacity=same_relation_crowded|same_entry_candidates=5|active_relations=0|risk=proxy_neutral|microstructure=SOURCE_PENDING_NOT_USED,1,5,3,4,0,0,1,,high_quality_setup,STRENGTH_HOLD_CANDIDATE,1,0,0,0
TASK617|DDOG|20250730T171500Z|slot_decision_explanation,TASK617|DDOG|20250730T171500Z,DDOG,2025-08-01 14:30:00+00:00,2025-07-30 17:15:00+00:00,data_devops_software,validation,priority_candidate,setup=fragile_setup|catalyst=contract_customer_backlog|price=price_fragile_or_unconfirmed|theme=participating_theme|relation=relation_reinforcing,capacity=same_relation_crowded|same_entry_candidates=5|active_relations=0|risk=extension_proxy|microstructure=SOURCE_PENDING_NOT_USED,1,5,3,4,0,0,1,,fragile_setup,STRENGTH_HOLD_CANDIDATE,1,0,0,0
TASK617|ASTS|20250731T134500Z|slot_decision_explanation,TASK617|ASTS|20250731T134500Z,ASTS,2025-08-04 14:30:00+00:00,2025-07-31 13:45:00+00:00,aerospace_defense_space,validation,confirmation_required_candidate,setup=medium_quality_setup|catalyst=guidance_margin_upgrade|price=price_confirmed_basic|theme=participating_theme|relation=company_positive_confirmation_needed,capacity=slot_competition_low|same_entry_candidates=2|active_relations=0|risk=proxy_neutral|microstructure=SOURCE_PENDING_NOT_USED,0,2,1,1,0,0,1,,medium_quality_setup,BASELINE_ALLOWED,1,0,0,0
TASK617|CEG|20250731T141500Z|slot_decision_explanation,TASK617|CEG|20250731T141500Z,CEG,2025-08-04 14:30:00+00:00,2025-07-31 14:15:00+00:00,power_grid_electrification,validation,priority_candidate,setup=high_quality_setup|catalyst=contract_supply_combo|price=price_confirmed_basic|theme=persistent_leadership|relation=relation_reinforcing,capacity=slot_competition_low|same_entry_candidates=2|active_relations=0|risk=proxy_neutral|microstructure=SOURCE_PENDING_NOT_USED,0,2,1,1,0,0,1,,high_quality_setup,STRENGTH_HOLD_CANDIDATE,1,0,0,0
TASK617|GOOGL|20250804T133000Z|slot_decision_explanation,TASK617|GOOGL|20250804T133000Z,GOOGL,2025-08-06 14:30:00+00:00,2025-08-04 13:30:00+00:00,cloud_ai_platforms,validation,confirmation_required_candidate,setup=medium_quality_setup|catalyst=guidance_margin_upgrade|price=price_confirmed_basic|theme=fading_leadership|relation=company_positive_confirmation_needed,capacity=slot_competition_very_high|same_entry_candidates=19|active_relations=0|risk=proxy_neutral|microstructure=SOURCE_PENDING_NOT_USED,1,19,4,16,0,0,1,,medium_quality_setup,BASELINE_ALLOWED,1,0,0,0
TASK617|CEG|20250804T133000Z|slot_decision_explanation,TASK617|CEG|20250804T133000Z,CEG,2025-08-06 14:30:00+00:00,2025-08-04 13:30:00+00:00,power_grid_electrification,validation,confirmation_required_candidate,setup=medium_quality_setup|catalyst=guidance_margin_upgrade|price=price_confirmed_basic|theme=participating_theme|relation=company_positive_confirmation_needed,capacity=slot_competition_very_high|same_entry_candidates=19|active_relations=0|risk=proxy_neutral|microstructure=SOURCE_PENDING_NOT_USED,1,19,4,16,0,0,1,,medium_quality_setup,BASELINE_ALLOWED,1,0,0,0
TASK617|VST|20250804T133000Z|slot_decision_explanation,TASK617|VST|20250804T133000Z,VST,2025-08-06 14:30:00+00:00,2025-08-04 13:30:00+00:00,power_grid_electrification,validation,confirmation_required_candidate,setup=medium_quality_setup|catalyst=guidance_margin_upgrade|price=price_confirmed_basic|theme=participating_theme|relation=company_positive_confirmation_needed,capacity=slot_competition_very_high|same_entry_candidates=19|active_relations=0|risk=proxy_neutral|microstructure=SOURCE_PENDING_NOT_USED,1,19,4,16,0,0,1,,medium_quality_setup,BASELINE_ALLOWED,1,0,0,0
TASK617|MSFT|20250804T133000Z|slot_decision_explanation,TASK617|MSFT|20250804T133000Z,MSFT,2025-08-06 14:30:00+00:00,2025-08-04 13:30:00+00:00,cloud_ai_platforms,validation,confirmation_required_candidate,setup=medium_quality_setup|catalyst=guidance_margin_upgrade|price=price_confirmed_but_extended|theme=fading_leadership|relation=company_positive_confirmation_needed,capacity=slot_competition_very_high|same_entry_candidates=19|active_relations=0|risk=extension_proxy|microstructure=SOURCE_PENDING_NOT_USED,1,19,4,16,0,0,1,,medium_quality_setup,BASELINE_ALLOWED,1,0,0,0
TASK617|ORCL|20250804T133000Z|slot_decision_explanation,TASK617|ORCL|20250804T133000Z,ORCL,2025-08-06 14:30:00+00:00,2025-08-04 13:30:00+00:00,cloud_ai_platforms,validation,confirmation_required_candidate,setup=medium_quality_setup|catalyst=guidance_margin_upgrade|price=price_confirmed_basic|theme=fading_leadership|relation=company_positive_confirmation_needed,capacity=slot_competition_very_high|same_entry_candidates=19|active_relations=0|risk=proxy_neutral|microstructure=SOURCE_PENDING_NOT_USED,1,19,4,16,0,0,1,,medium_quality_setup,BASELINE_ALLOWED,1,0,0,0
TASK617|AMD|20250804T133000Z|slot_decision_explanation,TASK617|AMD|20250804T133000Z,AMD,2025-08-06 14:30:00+00:00,2025-08-04 13:30:00+00:00,ai_semiconductors,validation,confirmation_required_candidate,setup=medium_quality_setup|catalyst=guidance_margin_upgrade|price=price_confirmed_basic|theme=participating_theme|relation=company_positive_confirmation_needed,capacity=slot_competition_very_high|same_entry_candidates=19|active_relations=0|risk=proxy_neutral|microstructure=SOURCE_PENDING_NOT_USED,1,19,3,16,0,0,1,,medium_quality_setup,BASELINE_ALLOWED,1,0,0,0
TASK617|GEV|20250804T133000Z|slot_decision_explanation,TASK617|GEV|20250804T133000Z,GEV,2025-08-06 14:30:00+00:00,2025-08-04 13:30:00+00:00,power_grid_electrification,validation,confirmation_required_candidate,setup=medium_quality_setup|catalyst=guidance_margin_upgrade|price=price_confirmed_basic|theme=participating_theme|relation=company_positive_confirmation_needed,capacity=slot_competition_very_high|same_entry_candidates=19|active_relations=0|risk=proxy_neutral|microstructure=SOURCE_PENDING_NOT_USED,1,19,4,16,0,0,1,,medium_quality_setup,BASELINE_ALLOWED,1,0,0,0
TASK617|META|20250804T133000Z|slot_decision_explanation,TASK617|META|20250804T133000Z,META,2025-08-06 14:30:00+00:00,2025-08-04 13:30:00+00:00,cloud_ai_platforms,validation,confirmation_required_candidate,setup=medium_quality_setup|catalyst=guidance_margin_upgrade|price=price_confirmed_basic|theme=fading_leadership|relation=company_positive_confirmation_needed,capacity=slot_competition_very_high|same_entry_candidates=19|active_relations=0|risk=proxy_neutral|microstructure=SOURCE_PENDING_NOT_USED,1,19,4,16,0,0,1,,medium_quality_setup,BASELINE_ALLOWED,1,0,0,0
TASK617|NVDA|20250804T133000Z|slot_decision_explanation,TASK617|NVDA|20250804T133000Z,NVDA,2025-08-06 14:30:00+00:00,2025-08-04 13:30:00+00:00,ai_semiconductors,validation,confirmation_required_candidate,setup=medium_quality_setup|catalyst=guidance_margin_upgrade|price=price_confirmed_basic|theme=participating_theme|relation=company_positive_confirmation_needed,capacity=slot_competition_very_high|same_entry_candidates=19|active_relations=0|risk=proxy_neutral|microstructure=SOURCE_PENDING_NOT_USED,1,19,3,16,0,0,1,,medium_quality_setup,BASELINE_ALLOWED,1,0,0,0
TASK617|NOC|20250804T134500Z|slot_decision_explanation,TASK617|NOC|20250804T134500Z,NOC,2025-08-06 14:30:00+00:00,2025-08-04 13:45:00+00:00,aerospace_defense_space,validation,confirmation_required_candidate,setup=medium_quality_setup|catalyst=guidance_margin_upgrade|price=price_confirmed_basic|theme=participating_theme|relation=company_positive_confirmation_needed,capacity=slot_competition_very_high|same_entry_candidates=19|active_relations=0|risk=proxy_neutral|microstructure=SOURCE_PENDING_NOT_USED,1,19,3,16,0,0,1,,medium_quality_setup,BASELINE_ALLOWED,1,0,0,0
TASK617|AVGO|20250804T134500Z|slot_decision_explanation,TASK617|AVGO|20250804T134500Z,AVGO,2025-08-06 14:30:00+00:00,2025-08-04 13:45:00+00:00,ai_semiconductors,validation,confirmation_required_candidate,setup=medium_quality_setup|catalyst=guidance_margin_upgrade|price=price_confirmed_basic|theme=participating_theme|relation=company_positive_confirmation_needed,capacity=slot_competition_very_high|same_entry_candidates=19|active_relations=0|risk=proxy_neutral|microstructure=SOURCE_PENDING_NOT_USED,1,19,3,16,0,0,1,,medium_quality_setup,BASELINE_ALLOWED,1,0,0,0
TASK617|RTX|20250804T134500Z|slot_decision_explanation,TASK617|RTX|20250804T134500Z,RTX,2025-08-06 14:30:00+00:00,2025-08-04 13:45:00+00:00,aerospace_defense_space,validation,priority_candidate,setup=high_quality_setup|catalyst=guidance_margin_upgrade|price=price_confirmed_basic|theme=participating_theme|relation=company_price_confirmed_macro_secondary,capacity=slot_competition_very_high|same_entry_candidates=19|active_relations=0|risk=proxy_neutral|microstructure=SOURCE_PENDING_NOT_USED,1,19,3,2,0,0,1,,high_quality_setup,BASELINE_ALLOWED,1,0,0,0
TASK617|AFRM|20250804T134500Z|slot_decision_explanation,TASK617|AFRM|20250804T134500Z,AFRM,2025-08-06 14:30:00+00:00,2025-08-04 13:45:00+00:00,crypto_fintech,validation,confirmation_required_candidate,setup=medium_quality_setup|catalyst=guidance_margin_upgrade|price=price_confirmed_but_extended|theme=fading_leadership|relation=company_positive_confirmation_needed,capacity=slot_competition_very_high|same_entry_candidates=19|active_relations=0|risk=extension_proxy|microstructure=SOURCE_PENDING_NOT_USED,1,19,3,16,0,0,1,,medium_quality_setup,BASELINE_ALLOWED,1,0,0,0
TASK617|GE|20250804T134500Z|slot_decision_explanation,TASK617|GE|20250804T134500Z,GE,2025-08-06 14:30:00+00:00,2025-08-04 13:45:00+00:00,industrial_automation_robotics,validation,confirmation_required_candidate,setup=medium_quality_setup|catalyst=guidance_margin_upgrade|price=price_confirmed_basic|theme=fading_leadership|relation=company_price_confirmed_macro_secondary,capacity=slot_competition_very_high|same_entry_candidates=19|active_relations=0|risk=high_liquidity_momentum_proxy|microstructure=SOURCE_PENDING_NOT_USED,1,19,2,2,0,0,1,,medium_quality_setup,BASELINE_ALLOWED,1,0,0,0
TASK617|ETN|20250804T134500Z|slot_decision_explanation,TASK617|ETN|20250804T134500Z,ETN,2025-08-06 14:30:00+00:00,2025-08-04 13:45:00+00:00,power_grid_electrification,validation,confirmation_required_candidate,setup=medium_quality_setup|catalyst=guidance_margin_upgrade|price=price_confirmed_basic|theme=participating_theme|relation=company_positive_confirmation_needed,capacity=slot_competition_very_high|same_entry_candidates=19|active_relations=0|risk=proxy_neutral|microstructure=SOURCE_PENDING_NOT_USED,1,19,4,16,0,0,1,,medium_quality_setup,BASELINE_ALLOWED,1,0,0,0
TASK617|GD|20250804T140000Z|slot_decision_explanation,TASK617|GD|20250804T140000Z,GD,2025-08-06 14:30:00+00:00,2025-08-04 14:00:00+00:00,aerospace_defense_space,validation,confirmation_required_candidate,setup=medium_quality_setup|catalyst=guidance_margin_upgrade|price=price_confirmed_basic|theme=participating_theme|relation=company_positive_confirmation_needed,capacity=slot_competition_very_high|same_entry_candidates=19|active_relations=0|risk=proxy_neutral|microstructure=SOURCE_PENDING_NOT_USED,1,19,3,16,0,0,1,,medium_quality_setup,BASELINE_ALLOWED,1,0,0,0
TASK617|HOOD|20250804T140000Z|slot_decision_explanation,TASK617|HOOD|20250804T140000Z,HOOD,2025-08-06 14:30:00+00:00,2025-08-04 14:00:00+00:00,crypto_fintech,validation,confirmation_required_candidate,setup=medium_quality_setup|catalyst=guidance_margin_upgrade|price=price_confirmed_but_extended|theme=fading_leadership|relation=company_positive_confirmation_needed,capacity=slot_competition_very_high|same_entry_candidates=19|active_relations=0|risk=extension_proxy|microstructure=SOURCE_PENDING_NOT_USED,1,19,3,16,0,0,1,,medium_quality_setup,BASELINE_ALLOWED,1,0,0,0
TASK617|TER|20250804T181500Z|slot_decision_explanation,TASK617|TER|20250804T181500Z,TER,2025-08-06 14:30:00+00:00,2025-08-04 18:15:00+00:00,industrial_automation_robotics,validation,priority_candidate,setup=fragile_setup|catalyst=guidance_margin_upgrade|price=price_fragile_or_unconfirmed|theme=fading_leadership|relation=relation_reinforcing,capacity=slot_competition_very_high|same_entry_candidates=19|active_relations=0|risk=high_liquidity_momentum_proxy|microstructure=SOURCE_PENDING_NOT_USED,1,19,2,1,0,0,1,,fragile_setup,STRENGTH_HOLD_CANDIDATE,1,0,0,0
TASK617|SOFI|20250804T183000Z|slot_decision_explanation,TASK617|SOFI|20250804T183000Z,SOFI,2025-08-06 14:30:00+00:00,2025-08-04 18:30:00+00:00,crypto_fintech,validation,research_only,setup=fragile_setup|catalyst=guidance_margin_upgrade|price=price_fragile_or_unconfirmed|theme=fading_leadership|relation=company_positive_confirmation_needed,capacity=slot_competition_very_high|same_entry_candidates=19|active_relations=0|risk=extension_proxy|microstructure=SOURCE_PENDING_NOT_USED,1,19,3,16,0,0,1,,fragile_setup,BASELINE_ALLOWED,1,0,0,0
TASK617|GOOGL|20250805T133000Z|slot_decision_explanation,TASK617|GOOGL|20250805T133000Z,GOOGL,2025-08-07 14:30:00+00:00,2025-08-05 13:30:00+00:00,cloud_ai_platforms,validation,confirmation_required_candidate,setup=medium_quality_setup|catalyst=guidance_margin_upgrade|price=price_confirmed_basic|theme=fading_leadership|relation=company_positive_confirmation_needed,capacity=slot_competition_very_high|same_entry_candidates=12|active_relations=0|risk=proxy_neutral|microstructure=SOURCE_PENDING_NOT_USED,1,12,3,10,0,0,1,,medium_quality_setup,BASELINE_ALLOWED,1,0,0,0
TASK617|AVGO|20250805T133000Z|slot_decision_explanation,TASK617|AVGO|20250805T133000Z,AVGO,2025-08-07 14:30:00+00:00,2025-08-05 13:30:00+00:00,ai_semiconductors,validation,confirmation_required_candidate,setup=medium_quality_setup|catalyst=guidance_margin_upgrade|price=price_confirmed_basic|theme=participating_theme|relation=company_positive_confirmation_needed,capacity=slot_competition_very_high|same_entry_candidates=12|active_relations=0|risk=proxy_neutral|microstructure=SOURCE_PENDING_NOT_USED,1,12,1,10,0,0,1,,medium_quality_setup,BASELINE_ALLOWED,1,0,0,0
TASK617|GEV|20250805T133000Z|slot_decision_explanation,TASK617|GEV|20250805T133000Z,GEV,2025-08-07 14:30:00+00:00,2025-08-05 13:30:00+00:00,power_grid_electrification,validation,confirmation_required_candidate,setup=medium_quality_setup|catalyst=guidance_margin_upgrade|price=price_confirmed_basic|theme=participating_theme|relation=company_positive_confirmation_needed,capacity=slot_competition_very_high|same_entry_candidates=12|active_relations=0|risk=proxy_neutral|microstructure=SOURCE_PENDING_NOT_USED,1,12,3,10,0,0,1,,medium_quality_setup,BASELINE_ALLOWED,1,0,0,0
TASK617|ORCL|20250805T133000Z|slot_decision_explanation,TASK617|ORCL|20250805T133000Z,ORCL,2025-08-07 14:30:00+00:00,2025-08-05 13:30:00+00:00,cloud_ai_platforms,validation,confirmation_required_candidate,setup=medium_quality_setup|catalyst=guidance_margin_upgrade|price=price_confirmed_but_extended|theme=fading_leadership|relation=company_positive_confirmation_needed,capacity=slot_competition_very_high|same_entry_candidates=12|active_relations=0|risk=extension_proxy|microstructure=SOURCE_PENDING_NOT_USED,1,12,3,10,0,0,1,,medium_quality_setup,BASELINE_ALLOWED,1,0,0,0
TASK617|VST|20250805T133000Z|slot_decision_explanation,TASK617|VST|20250805T133000Z,VST,2025-08-07 14:30:00+00:00,2025-08-05 13:30:00+00:00,power_grid_electrification,validation,confirmation_required_candidate,setup=medium_quality_setup|catalyst=guidance_margin_upgrade|price=price_confirmed_but_extended|theme=participating_theme|relation=company_positive_confirmation_needed,capacity=slot_competition_very_high|same_entry_candidates=12|active_relations=0|risk=extension_proxy|microstructure=SOURCE_PENDING_NOT_USED,1,12,3,10,0,0,1,,medium_quality_setup,BASELINE_ALLOWED,1,0,0,0
TASK617|GD|20250805T133000Z|slot_decision_explanation,TASK617|GD|20250805T133000Z,GD,2025-08-07 14:30:00+00:00,2025-08-05 13:30:00+00:00,aerospace_defense_space,validation,confirmation_required_candidate,setup=medium_quality_setup|catalyst=guidance_margin_upgrade|price=price_confirmed_but_extended|theme=participating_theme|relation=company_positive_confirmation_needed,capacity=slot_competition_very_high|same_entry_candidates=12|active_relations=0|risk=extension_proxy|microstructure=SOURCE_PENDING_NOT_USED,1,12,3,10,0,0,1,,medium_quality_setup,BASELINE_ALLOWED,1,0,0,0
TASK617|VRT|20250805T134500Z|slot_decision_explanation,TASK617|VRT|20250805T134500Z,VRT,2025-08-07 14:30:00+00:00,2025-08-05 13:45:00+00:00,power_grid_electrification,validation,confirmation_required_candidate,setup=medium_quality_setup|catalyst=guidance_margin_upgrade|price=price_confirmed_basic|theme=participating_theme|relation=company_positive_confirmation_needed,capacity=slot_competition_very_high|same_entry_candidates=12|active_relations=0|risk=proxy_neutral|microstructure=SOURCE_PENDING_NOT_USED,1,12,3,10,0,0,1,,medium_quality_setup,BASELINE_ALLOWED,1,0,0,0
TASK617|RKLB|20250805T134500Z|slot_decision_explanation,TASK617|RKLB|20250805T134500Z,RKLB,2025-08-07 14:30:00+00:00,2025-08-05 13:45:00+00:00,aerospace_defense_space,validation,priority_candidate,setup=high_quality_setup|catalyst=guidance_margin_upgrade|price=price_confirmed_basic|theme=participating_theme|relation=company_price_confirmed_macro_secondary,capacity=slot_competition_very_high|same_entry_candidates=12|active_relations=0|risk=proxy_neutral|microstructure=SOURCE_PENDING_NOT_USED,1,12,3,1,0,0,1,,high_quality_setup,BASELINE_ALLOWED,1,0,0,0
TASK617|META|20250805T134500Z|slot_decision_explanation,TASK617|META|20250805T134500Z,META,2025-08-07 14:30:00+00:00,2025-08-05 13:45:00+00:00,cloud_ai_platforms,validation,confirmation_required_candidate,setup=medium_quality_setup|catalyst=guidance_margin_upgrade|price=price_confirmed_basic|theme=fading_leadership|relation=company_positive_confirmation_needed,capacity=slot_competition_very_high|same_entry_candidates=12|active_relations=0|risk=proxy_neutral|microstructure=SOURCE_PENDING_NOT_USED,1,12,3,10,0,0,1,,medium_quality_setup,BASELINE_ALLOWED,1,0,0,0
TASK617|TER|20250805T140000Z|slot_decision_explanation,TASK617|TER|20250805T140000Z,TER,2025-08-07 14:30:00+00:00,2025-08-05 14:00:00+00:00,industrial_automation_robotics,validation,priority_candidate,setup=medium_quality_setup|catalyst=guidance_margin_upgrade|price=price_confirmed_basic|theme=fading_leadership|relation=relation_reinforcing,capacity=slot_competition_very_high|same_entry_candidates=12|active_relations=0|risk=high_liquidity_momentum_proxy|microstructure=SOURCE_PENDING_NOT_USED,1,12,1,1,0,0,1,,medium_quality_setup,STRENGTH_HOLD_CANDIDATE,1,0,0,0
TASK617|HOOD|20250805T140000Z|slot_decision_explanation,TASK617|HOOD|20250805T140000Z,HOOD,2025-08-07 14:30:00+00:00,2025-08-05 14:00:00+00:00,crypto_fintech,validation,confirmation_required_candidate,setup=medium_quality_setup|catalyst=guidance_margin_upgrade|price=price_confirmed_basic|theme=fading_leadership|relation=company_positive_confirmation_needed,capacity=slot_competition_very_high|same_entry_candidates=12|active_relations=0|risk=proxy_neutral|microstructure=SOURCE_PENDING_NOT_USED,1,12,1,10,0,0,1,,medium_quality_setup,BASELINE_ALLOWED,1,0,0,0
TASK617|ASTS|20250805T160000Z|slot_decision_explanation,TASK617|ASTS|20250805T160000Z,ASTS,2025-08-07 14:30:00+00:00,2025-08-05 16:00:00+00:00,aerospace_defense_space,validation,research_only,setup=fragile_setup|catalyst=guidance_margin_upgrade|price=price_fragile_or_unconfirmed|theme=participating_theme|relation=company_positive_confirmation_needed,capacity=slot_competition_very_high|same_entry_candidates=12|active_relations=0|risk=proxy_neutral|microstructure=SOURCE_PENDING_NOT_USED,1,12,3,10,0,0,1,,fragile_setup,BASELINE_ALLOWED,1,0,0,0
TASK617|NVDA|20250806T134500Z|slot_decision_explanation,TASK617|NVDA|20250806T134500Z,NVDA,2025-08-08 14:30:00+00:00,2025-08-06 13:45:00+00:00,ai_semiconductors,validation,confirmation_required_candidate,setup=medium_quality_setup|catalyst=guidance_margin_upgrade|price=price_confirmed_basic|theme=fading_leadership|relation=company_positive_confirmation_needed,capacity=slot_competition_very_high|same_entry_candidates=9|active_relations=0|risk=proxy_neutral|microstructure=SOURCE_PENDING_NOT_USED,1,9,2,8,0,0,1,,medium_quality_setup,BASELINE_ALLOWED,1,0,0,0
TASK617|GEV|20250806T134500Z|slot_decision_explanation,TASK617|GEV|20250806T134500Z,GEV,2025-08-08 14:30:00+00:00,2025-08-06 13:45:00+00:00,power_grid_electrification,validation,confirmation_required_candidate,setup=medium_quality_setup|catalyst=guidance_margin_upgrade|price=price_confirmed_basic|theme=participating_theme|relation=company_positive_confirmation_needed,capacity=slot_competition_very_high|same_entry_candidates=9|active_relations=0|risk=proxy_neutral|microstructure=SOURCE_PENDING_NOT_USED,1,9,2,8,0,0,1,,medium_quality_setup,BASELINE_ALLOWED,1,0,0,0
TASK617|VRT|20250806T134500Z|slot_decision_explanation,TASK617|VRT|20250806T134500Z,VRT,2025-08-08 14:30:00+00:00,2025-08-06 13:45:00+00:00,power_grid_electrification,validation,confirmation_required_candidate,setup=medium_quality_setup|catalyst=guidance_margin_upgrade|price=price_confirmed_basic|theme=participating_theme|relation=company_positive_confirmation_needed,capacity=slot_competition_very_high|same_entry_candidates=9|active_relations=0|risk=proxy_neutral|microstructure=SOURCE_PENDING_NOT_USED,1,9,2,8,0,0,1,,medium_quality_setup,BASELINE_ALLOWED,1,0,0,0
TASK617|AVGO|20250806T143000Z|slot_decision_explanation,TASK617|AVGO|20250806T143000Z,AVGO,2025-08-08 14:30:00+00:00,2025-08-06 14:30:00+00:00,ai_semiconductors,validation,confirmation_required_candidate,setup=medium_quality_setup|catalyst=guidance_margin_upgrade|price=price_confirmed_basic|theme=fading_leadership|relation=company_positive_confirmation_needed,capacity=slot_competition_very_high|same_entry_candidates=9|active_relations=0|risk=proxy_neutral|microstructure=SOURCE_PENDING_NOT_USED,1,9,2,8,0,0,1,,medium_quality_setup,BASELINE_ALLOWED,1,0,0,0
TASK617|GOOGL|20250806T144500Z|slot_decision_explanation,TASK617|GOOGL|20250806T144500Z,GOOGL,2025-08-08 14:30:00+00:00,2025-08-06 14:45:00+00:00,cloud_ai_platforms,validation,confirmation_required_candidate,setup=medium_quality_setup|catalyst=guidance_margin_upgrade|price=price_confirmed_basic|theme=fading_leadership|relation=company_positive_confirmation_needed,capacity=slot_competition_very_high|same_entry_candidates=9|active_relations=0|risk=proxy_neutral|microstructure=SOURCE_PENDING_NOT_USED,1,9,2,8,0,0,1,,medium_quality_setup,BASELINE_ALLOWED,1,0,0,0
TASK617|RTX|20250806T144500Z|slot_decision_explanation,TASK617|RTX|20250806T144500Z,RTX,2025-08-08 14:30:00+00:00,2025-08-06 14:45:00+00:00,aerospace_defense_space,validation,confirmation_required_candidate,setup=medium_quality_setup|catalyst=guidance_margin_upgrade|price=price_confirmed_basic|theme=participating_theme|relation=company_price_confirmed_macro_secondary,capacity=slot_competition_very_high|same_entry_candidates=9|active_relations=0|risk=proxy_neutral|microstructure=SOURCE_PENDING_NOT_USED,1,9,3,1,0,0,1,,medium_quality_setup,BASELINE_ALLOWED,1,0,0,0
TASK617|NOC|20250806T144500Z|slot_decision_explanation,TASK617|NOC|20250806T144500Z,NOC,2025-08-08 14:30:00+00:00,2025-08-06 14:45:00+00:00,aerospace_defense_space,validation,confirmation_required_candidate,setup=medium_quality_setup|catalyst=guidance_margin_upgrade|price=price_confirmed_basic|theme=participating_theme|relation=company_positive_confirmation_needed,capacity=slot_competition_very_high|same_entry_candidates=9|active_relations=0|risk=proxy_neutral|microstructure=SOURCE_PENDING_NOT_USED,1,9,3,8,0,0,1,,medium_quality_setup,BASELINE_ALLOWED,1,0,0,0
TASK617|GD|20250806T150000Z|slot_decision_explanation,TASK617|GD|20250806T150000Z,GD,2025-08-08 14:30:00+00:00,2025-08-06 15:00:00+00:00,aerospace_defense_space,validation,confirmation_required_candidate,setup=medium_quality_setup|catalyst=guidance_margin_upgrade|price=price_confirmed_but_extended|theme=participating_theme|relation=company_positive_confirmation_needed,capacity=slot_competition_very_high|same_entry_candidates=9|active_relations=0|risk=extension_proxy|microstructure=SOURCE_PENDING_NOT_USED,1,9,3,8,0,0,1,,medium_quality_setup,BASELINE_ALLOWED,1,0,0,0
TASK617|META|20250806T161500Z|slot_decision_explanation,TASK617|META|20250806T161500Z,META,2025-08-08 14:30:00+00:00,2025-08-06 16:15:00+00:00,cloud_ai_platforms,validation,confirmation_required_candidate,setup=medium_quality_setup|catalyst=guidance_margin_upgrade|price=price_confirmed_basic|theme=fading_leadership|relation=company_positive_confirmation_needed,capacity=slot_competition_very_high|same_entry_candidates=9|active_relations=0|risk=proxy_neutral|microstructure=SOURCE_PENDING_NOT_USED,1,9,2,8,0,0,1,,medium_quality_setup,BASELINE_ALLOWED,1,0,0,0
TASK617|NOC|20250807T133000Z|slot_decision_explanation,TASK617|NOC|20250807T133000Z,NOC,2025-08-11 14:30:00+00:00,2025-08-07 13:30:00+00:00,aerospace_defense_space,validation,confirmation_required_candidate,setup=medium_quality_setup|catalyst=guidance_margin_upgrade|price=price_confirmed_but_extended|theme=participating_theme|relation=company_positive_confirmation_needed,capacity=slot_competition_high|same_entry_candidates=7|active_relations=0|risk=extension_proxy|microstructure=SOURCE_PENDING_NOT_USED,1,7,2,6,0,0,1,,medium_quality_setup,BASELINE_ALLOWED,1,0,0,0
TASK617|TSM|20250807T133000Z|slot_decision_explanation,TASK617|TSM|20250807T133000Z,TSM,2025-08-11 14:30:00+00:00,2025-08-07 13:30:00+00:00,ai_semiconductors,validation,confirmation_required_candidate,setup=medium_quality_setup|catalyst=guidance_margin_upgrade|price=price_confirmed_basic|theme=participating_theme|relation=company_positive_confirmation_needed,capacity=slot_competition_high|same_entry_candidates=7|active_relations=0|risk=proxy_neutral|microstructure=SOURCE_PENDING_NOT_USED,1,7,4,6,0,0,1,,medium_quality_setup,BASELINE_ALLOWED,1,0,0,0
TASK617|AVGO|20250807T134500Z|slot_decision_explanation,TASK617|AVGO|20250807T134500Z,AVGO,2025-08-11 14:30:00+00:00,2025-08-07 13:45:00+00:00,ai_semiconductors,validation,confirmation_required_candidate,setup=medium_quality_setup|catalyst=guidance_margin_upgrade|price=price_confirmed_basic|theme=participating_theme|relation=company_positive_confirmation_needed,capacity=slot_competition_high|same_entry_candidates=7|active_relations=0|risk=proxy_neutral|microstructure=SOURCE_PENDING_NOT_USED,1,7,4,6,0,0,1,,medium_quality_setup,BASELINE_ALLOWED,1,0,0,0
TASK617|AMD|20250807T134500Z|slot_decision_explanation,TASK617|AMD|20250807T134500Z,AMD,2025-08-11 14:30:00+00:00,2025-08-07 13:45:00+00:00,ai_semiconductors,validation,confirmation_required_candidate,setup=medium_quality_setup|catalyst=guidance_margin_upgrade|price=price_confirmed_basic|theme=participating_theme|relation=company_positive_confirmation_needed,capacity=slot_competition_high|same_entry_candidates=7|active_relations=0|risk=proxy_neutral|microstructure=SOURCE_PENDING_NOT_USED,1,7,4,6,0,0,1,,medium_quality_setup,BASELINE_ALLOWED,1,0,0,0
TASK617|HOOD|20250807T134500Z|slot_decision_explanation,TASK617|HOOD|20250807T134500Z,HOOD,2025-08-11 14:30:00+00:00,2025-08-07 13:45:00+00:00,crypto_fintech,validation,confirmation_required_candidate,setup=medium_quality_setup|catalyst=guidance_margin_upgrade|price=price_confirmed_but_extended|theme=fading_leadership|relation=company_positive_confirmation_needed,capacity=slot_competition_high|same_entry_candidates=7|active_relations=0|risk=extension_proxy|microstructure=SOURCE_PENDING_NOT_USED,1,7,1,6,0,0,1,,medium_quality_setup,BASELINE_ALLOWED,1,0,0,0
TASK617|NVDA|20250807T134500Z|slot_decision_explanation,TASK617|NVDA|20250807T134500Z,NVDA,2025-08-11 14:30:00+00:00,2025-08-07 13:45:00+00:00,ai_semiconductors,validation,confirmation_required_candidate,setup=medium_quality_setup|catalyst=guidance_margin_upgrade|price=price_confirmed_basic|theme=participating_theme|relation=company_positive_confirmation_needed,capacity=slot_competition_high|same_entry_candidates=7|active_relations=0|risk=proxy_neutral|microstructure=SOURCE_PENDING_NOT_USED,1,7,4,6,0,0,1,,medium_quality_setup,BASELINE_ALLOWED,1,0,0,0
TASK617|RTX|20250807T190000Z|slot_decision_explanation,TASK617|RTX|20250807T190000Z,RTX,2025-08-11 14:30:00+00:00,2025-08-07 19:00:00+00:00,aerospace_defense_space,validation,priority_candidate,setup=high_quality_setup|catalyst=guidance_margin_upgrade|price=price_confirmed_basic|theme=participating_theme|relation=company_price_confirmed_macro_secondary,capacity=slot_competition_high|same_entry_candidates=7|active_relations=0|risk=proxy_neutral|microstructure=SOURCE_PENDING_NOT_USED,1,7,2,1,0,0,1,,high_quality_setup,BASELINE_ALLOWED,1,0,0,0
TASK617|AVGO|20250814T133000Z|slot_decision_explanation,TASK617|AVGO|20250814T133000Z,AVGO,2025-08-18 14:30:00+00:00,2025-08-14 13:30:00+00:00,ai_semiconductors,validation,priority_candidate,setup=high_quality_setup|catalyst=contract_customer_backlog|price=price_confirmed_basic|theme=participating_theme|relation=relation_reinforcing,capacity=slot_competition_high|same_entry_candidates=8|active_relations=0|risk=proxy_neutral|microstructure=SOURCE_PENDING_NOT_USED,1,8,4,6,0,0,1,,high_quality_setup,STRENGTH_HOLD_CANDIDATE,1,0,0,0
TASK617|AMD|20250814T133000Z|slot_decision_explanation,TASK617|AMD|20250814T133000Z,AMD,2025-08-18 14:30:00+00:00,2025-08-14 13:30:00+00:00,ai_semiconductors,validation,priority_candidate,setup=high_quality_setup|catalyst=contract_customer_backlog|price=price_confirmed_but_extended|theme=participating_theme|relation=relation_reinforcing,capacity=slot_competition_high|same_entry_candidates=8|active_relations=0|risk=extension_proxy|microstructure=SOURCE_PENDING_NOT_USED,1,8,4,6,0,0,1,,high_quality_setup,STRENGTH_HOLD_CANDIDATE,1,0,0,0
TASK617|VST|20250814T133000Z|slot_decision_explanation,TASK617|VST|20250814T133000Z,VST,2025-08-18 14:30:00+00:00,2025-08-14 13:30:00+00:00,power_grid_electrification,validation,priority_candidate,setup=medium_quality_setup|catalyst=contract_customer_backlog|price=price_confirmed_basic|theme=fading_leadership|relation=relation_reinforcing,capacity=slot_competition_high|same_entry_candidates=8|active_relations=0|risk=proxy_neutral|microstructure=SOURCE_PENDING_NOT_USED,1,8,2,6,0,0,1,,medium_quality_setup,STRENGTH_HOLD_CANDIDATE,1,0,0,0
TASK617|MRVL|20250814T133000Z|slot_decision_explanation,TASK617|MRVL|20250814T133000Z,MRVL,2025-08-18 14:30:00+00:00,2025-08-14 13:30:00+00:00,ai_semiconductors,validation,priority_candidate,setup=high_quality_setup|catalyst=contract_customer_backlog|price=price_confirmed_but_extended|theme=participating_theme|relation=relation_reinforcing,capacity=slot_competition_high|same_entry_candidates=8|active_relations=0|risk=extension_proxy|microstructure=SOURCE_PENDING_NOT_USED,1,8,4,6,0,0,1,,high_quality_setup,STRENGTH_HOLD_CANDIDATE,1,0,0,0
TASK617|META|20250814T133000Z|slot_decision_explanation,TASK617|META|20250814T133000Z,META,2025-08-18 14:30:00+00:00,2025-08-14 13:30:00+00:00,cloud_ai_platforms,validation,confirmation_required_candidate,setup=medium_quality_setup|catalyst=contract_customer_backlog|price=price_confirmed_basic|theme=fading_leadership|relation=company_price_confirmed_macro_secondary,capacity=slot_competition_high|same_entry_candidates=8|active_relations=0|risk=proxy_neutral|microstructure=SOURCE_PENDING_NOT_USED,1,8,2,2,0,0,1,,medium_quality_setup,BASELINE_ALLOWED,1,0,0,0
TASK617|NVDA|20250814T133000Z|slot_decision_explanation,TASK617|NVDA|20250814T133000Z,NVDA,2025-08-18 14:30:00+00:00,2025-08-14 13:30:00+00:00,ai_semiconductors,validation,priority_candidate,setup=high_quality_setup|catalyst=contract_customer_backlog|price=price_confirmed_but_extended|theme=participating_theme|relation=relation_reinforcing,capacity=slot_competition_high|same_entry_candidates=8|active_relations=0|risk=extension_proxy|microstructure=SOURCE_PENDING_NOT_USED,1,8,4,6,0,0,1,,high_quality_setup,STRENGTH_HOLD_CANDIDATE,1,0,0,0
TASK617|GEV|20250814T140000Z|slot_decision_explanation,TASK617|GEV|20250814T140000Z,GEV,2025-08-18 14:30:00+00:00,2025-08-14 14:00:00+00:00,power_grid_electrification,validation,priority_candidate,setup=medium_quality_setup|catalyst=contract_customer_backlog|price=price_confirmed_basic|theme=fading_leadership|relation=relation_reinforcing,capacity=slot_competition_high|same_entry_candidates=8|active_relations=0|risk=proxy_neutral|microstructure=SOURCE_PENDING_NOT_USED,1,8,2,6,0,0,1,,medium_quality_setup,STRENGTH_HOLD_CANDIDATE,1,0,0,0
TASK617|GOOGL|20250814T144500Z|slot_decision_explanation,TASK617|GOOGL|20250814T144500Z,GOOGL,2025-08-18 14:30:00+00:00,2025-08-14 14:45:00+00:00,cloud_ai_platforms,validation,confirmation_required_candidate,setup=medium_quality_setup|catalyst=contract_customer_backlog|price=price_confirmed_but_extended|theme=fading_leadership|relation=company_price_confirmed_macro_secondary,capacity=slot_competition_high|same_entry_candidates=8|active_relations=0|risk=extension_proxy|microstructure=SOURCE_PENDING_NOT_USED,1,8,2,2,0,0,1,,medium_quality_setup,BASELINE_ALLOWED,1,0,0,0
TASK617|NEE|20250818T133000Z|slot_decision_explanation,TASK617|NEE|20250818T133000Z,NEE,2025-08-20 14:30:00+00:00,2025-08-18 13:30:00+00:00,power_grid_electrification,validation,priority_candidate,setup=medium_quality_setup|catalyst=contract_customer_backlog|price=price_confirmed_but_extended|theme=fading_leadership|relation=relation_reinforcing,capacity=slot_competition_low|same_entry_candidates=3|active_relations=0|risk=extension_proxy|microstructure=SOURCE_PENDING_NOT_USED,0,3,1,3,0,0,1,,medium_quality_setup,STRENGTH_HOLD_CANDIDATE,1,0,0,0
TASK617|NVDA|20250818T141500Z|slot_decision_explanation,TASK617|NVDA|20250818T141500Z,NVDA,2025-08-20 14:30:00+00:00,2025-08-18 14:15:00+00:00,ai_semiconductors,validation,priority_candidate,setup=medium_quality_setup|catalyst=contract_customer_backlog|price=price_confirmed_basic|theme=fading_leadership|relation=relation_reinforcing,capacity=slot_competition_low|same_entry_candidates=3|active_relations=0|risk=proxy_neutral|microstructure=SOURCE_PENDING_NOT_USED,0,3,2,3,0,0,1,,medium_quality_setup,STRENGTH_HOLD_CANDIDATE,1,0,0,0
TASK617|AVGO|20250818T194500Z|slot_decision_explanation,TASK617|AVGO|20250818T194500Z,AVGO,2025-08-20 14:30:00+00:00,2025-08-18 19:45:00+00:00,ai_semiconductors,validation,priority_candidate,setup=medium_quality_setup|catalyst=contract_customer_backlog|price=price_confirmed_basic|theme=fading_leadership|relation=relation_reinforcing,capacity=slot_competition_low|same_entry_candidates=3|active_relations=0|risk=proxy_neutral|microstructure=SOURCE_PENDING_NOT_USED,0,3,2,3,0,0,1,,medium_quality_setup,STRENGTH_HOLD_CANDIDATE,1,0,0,0
TASK617|RKLB|20250825T134500Z|slot_decision_explanation,TASK617|RKLB|20250825T134500Z,RKLB,2025-08-27 14:30:00+00:00,2025-08-25 13:45:00+00:00,aerospace_defense_space,validation,confirmation_required_candidate,setup=medium_quality_setup|catalyst=guidance_margin_upgrade|price=price_confirmed_basic|theme=fading_leadership|relation=company_positive_confirmation_needed,capacity=slot_competition_low|same_entry_candidates=1|active_relations=0|risk=market_stress_proxy|microstructure=SOURCE_PENDING_NOT_USED,0,1,1,1,0,0,1,,medium_quality_setup,BASELINE_ALLOWED,1,0,0,0
TASK617|F|20250826T133000Z|slot_decision_explanation,TASK617|F|20250826T133000Z,F,2025-08-28 14:30:00+00:00,2025-08-26 13:30:00+00:00,ev_autonomy_mobility,validation,confirmation_required_candidate,setup=medium_quality_setup|catalyst=guidance_margin_upgrade|price=price_confirmed_basic|theme=fading_leadership|relation=company_positive_confirmation_needed,capacity=slot_competition_high|same_entry_candidates=7|active_relations=0|risk=proxy_neutral|microstructure=SOURCE_PENDING_NOT_USED,1,7,4,5,0,0,1,,medium_quality_setup,BASELINE_ALLOWED,1,0,0,0
TASK617|TER|20250826T133000Z|slot_decision_explanation,TASK617|TER|20250826T133000Z,TER,2025-08-28 14:30:00+00:00,2025-08-26 13:30:00+00:00,industrial_automation_robotics,validation,priority_candidate,setup=medium_quality_setup|catalyst=guidance_margin_upgrade|price=price_confirmed_but_extended|theme=fading_leadership|relation=relation_reinforcing,capacity=slot_competition_high|same_entry_candidates=7|active_relations=0|risk=extension_proxy|microstructure=SOURCE_PENDING_NOT_USED,1,7,2,2,0,0,1,,medium_quality_setup,STRENGTH_HOLD_CANDIDATE,1,0,0,0
TASK617|UBER|20250826T133000Z|slot_decision_explanation,TASK617|UBER|20250826T133000Z,UBER,2025-08-28 14:30:00+00:00,2025-08-26 13:30:00+00:00,ev_autonomy_mobility,validation,confirmation_required_candidate,setup=medium_quality_setup|catalyst=guidance_margin_upgrade|price=price_confirmed_basic|theme=fading_leadership|relation=company_positive_confirmation_needed,capacity=slot_competition_high|same_entry_candidates=7|active_relations=0|risk=proxy_neutral|microstructure=SOURCE_PENDING_NOT_USED,1,7,4,5,0,0,1,,medium_quality_setup,BASELINE_ALLOWED,1,0,0,0
TASK617|ROK|20250826T133000Z|slot_decision_explanation,TASK617|ROK|20250826T133000Z,ROK,2025-08-28 14:30:00+00:00,2025-08-26 13:30:00+00:00,industrial_automation_robotics,validation,priority_candidate,setup=medium_quality_setup|catalyst=guidance_margin_upgrade|price=price_confirmed_basic|theme=fading_leadership|relation=relation_reinforcing,capacity=slot_competition_high|same_entry_candidates=7|active_relations=0|risk=proxy_neutral|microstructure=SOURCE_PENDING_NOT_USED,1,7,2,2,0,0,1,,medium_quality_setup,STRENGTH_HOLD_CANDIDATE,1,0,0,0
TASK617|RKLB|20250826T133000Z|slot_decision_explanation,TASK617|RKLB|20250826T133000Z,RKLB,2025-08-28 14:30:00+00:00,2025-08-26 13:30:00+00:00,aerospace_defense_space,validation,confirmation_required_candidate,setup=medium_quality_setup|catalyst=guidance_margin_upgrade|price=price_confirmed_basic|theme=participating_theme|relation=company_positive_confirmation_needed,capacity=slot_competition_high|same_entry_candidates=7|active_relations=0|risk=high_liquidity_momentum_proxy|microstructure=SOURCE_PENDING_NOT_USED,1,7,1,5,0,0,1,,medium_quality_setup,BASELINE_ALLOWED,1,0,0,0
TASK617|GM|20250826T133000Z|slot_decision_explanation,TASK617|GM|20250826T133000Z,GM,2025-08-28 14:30:00+00:00,2025-08-26 13:30:00+00:00,ev_autonomy_mobility,validation,confirmation_required_candidate,setup=medium_quality_setup|catalyst=guidance_margin_upgrade|price=price_confirmed_basic|theme=fading_leadership|relation=company_positive_confirmation_needed,capacity=slot_competition_high|same_entry_candidates=7|active_relations=0|risk=proxy_neutral|microstructure=SOURCE_PENDING_NOT_USED,1,7,4,5,0,0,1,,medium_quality_setup,BASELINE_ALLOWED,1,0,0,0
TASK617|TSLA|20250826T190000Z|slot_decision_explanation,TASK617|TSLA|20250826T190000Z,TSLA,2025-08-28 14:30:00+00:00,2025-08-26 19:00:00+00:00,ev_autonomy_mobility,validation,confirmation_required_candidate,setup=medium_quality_setup|catalyst=guidance_margin_upgrade|price=price_confirmed_basic|theme=fading_leadership|relation=company_positive_confirmation_needed,capacity=slot_competition_high|same_entry_candidates=7|active_relations=0|risk=proxy_neutral|microstructure=SOURCE_PENDING_NOT_USED,1,7,4,5,0,0,1,,medium_quality_setup,BASELINE_ALLOWED,1,0,0,0
TASK617|GM|20250827T133000Z|slot_decision_explanation,TASK617|GM|20250827T133000Z,GM,2025-08-29 14:30:00+00:00,2025-08-27 13:30:00+00:00,ev_autonomy_mobility,validation,confirmation_required_candidate,setup=medium_quality_setup|catalyst=guidance_margin_upgrade|price=price_confirmed_basic|theme=participating_theme|relation=company_positive_confirmation_needed,capacity=slot_competition_low|same_entry_candidates=3|active_relations=0|risk=proxy_neutral|microstructure=SOURCE_PENDING_NOT_USED,0,3,3,3,0,0,1,,medium_quality_setup,BASELINE_ALLOWED,1,0,0,0
TASK617|F|20250827T133000Z|slot_decision_explanation,TASK617|F|20250827T133000Z,F,2025-08-29 14:30:00+00:00,2025-08-27 13:30:00+00:00,ev_autonomy_mobility,validation,confirmation_required_candidate,setup=medium_quality_setup|catalyst=guidance_margin_upgrade|price=price_confirmed_basic|theme=participating_theme|relation=company_positive_confirmation_needed,capacity=slot_competition_low|same_entry_candidates=3|active_relations=0|risk=proxy_neutral|microstructure=SOURCE_PENDING_NOT_USED,0,3,3,3,0,0,1,,medium_quality_setup,BASELINE_ALLOWED,1,0,0,0
TASK617|UBER|20250827T141500Z|slot_decision_explanation,TASK617|UBER|20250827T141500Z,UBER,2025-08-29 14:30:00+00:00,2025-08-27 14:15:00+00:00,ev_autonomy_mobility,validation,confirmation_required_candidate,setup=medium_quality_setup|catalyst=guidance_margin_upgrade|price=price_confirmed_but_extended|theme=participating_theme|relation=company_positive_confirmation_needed,capacity=slot_competition_low|same_entry_candidates=3|active_relations=0|risk=extension_proxy|microstructure=SOURCE_PENDING_NOT_USED,0,3,3,3,0,0,1,,medium_quality_setup,BASELINE_ALLOWED,1,0,0,0
TASK617|MDB|20250902T134500Z|slot_decision_explanation,TASK617|MDB|20250902T134500Z,MDB,2025-09-04 14:30:00+00:00,2025-09-02 13:45:00+00:00,data_devops_software,validation,priority_candidate,setup=medium_quality_setup|catalyst=contract_customer_backlog|price=price_confirmed_basic|theme=participating_theme|relation=relation_reinforcing,capacity=slot_competition_low|same_entry_candidates=1|active_relations=0|risk=proxy_neutral|microstructure=SOURCE_PENDING_NOT_USED,0,1,1,1,0,0,1,,medium_quality_setup,STRENGTH_HOLD_CANDIDATE,1,0,0,0
TASK617|GTLB|20250903T133000Z|slot_decision_explanation,TASK617|GTLB|20250903T133000Z,GTLB,2025-09-05 14:30:00+00:00,2025-09-03 13:30:00+00:00,data_devops_software,validation,normal_candidate,setup=research_only_setup|catalyst=contract_customer_backlog|price=price_confirmed_basic|theme=participating_theme|relation=relation_sparse_research_only,capacity=slot_competition_low|same_entry_candidates=1|active_relations=0|risk=proxy_neutral|microstructure=SOURCE_PENDING_NOT_USED,0,1,1,1,0,0,1,,research_only_setup,RESEARCH_ONLY,1,0,0,0
TASK617|MDB|20250904T144500Z|slot_decision_explanation,TASK617|MDB|20250904T144500Z,MDB,2025-09-08 14:30:00+00:00,2025-09-04 14:45:00+00:00,data_devops_software,validation,priority_candidate,setup=high_quality_setup|catalyst=contract_customer_backlog|price=price_confirmed_basic|theme=narrow_leader|relation=relation_reinforcing,capacity=slot_competition_low|same_entry_candidates=2|active_relations=0|risk=proxy_neutral|microstructure=SOURCE_PENDING_NOT_USED,0,2,2,2,0,0,1,,high_quality_setup,STRENGTH_HOLD_CANDIDATE,1,0,0,0
TASK617|SNOW|20250904T181500Z|slot_decision_explanation,TASK617|SNOW|20250904T181500Z,SNOW,2025-09-08 14:30:00+00:00,2025-09-04 18:15:00+00:00,data_devops_software,validation,priority_candidate,setup=high_quality_setup|catalyst=contract_customer_backlog|price=price_confirmed_basic|theme=narrow_leader|relation=relation_reinforcing,capacity=slot_competition_low|same_entry_candidates=2|active_relations=0|risk=proxy_neutral|microstructure=SOURCE_PENDING_NOT_USED,0,2,2,2,0,0,1,,high_quality_setup,STRENGTH_HOLD_CANDIDATE,1,0,0,0
TASK617|UBER|20250908T133000Z|slot_decision_explanation,TASK617|UBER|20250908T133000Z,UBER,2025-09-10 14:30:00+00:00,2025-09-08 13:30:00+00:00,ev_autonomy_mobility,validation,priority_candidate,setup=high_quality_setup|catalyst=guidance_margin_upgrade|price=price_confirmed_but_extended|theme=participating_theme|relation=company_price_confirmed_macro_secondary,capacity=slot_competition_high|same_entry_candidates=8|active_relations=0|risk=extension_proxy|microstructure=SOURCE_PENDING_NOT_USED,1,8,1,5,0,0,1,,high_quality_setup,BASELINE_ALLOWED,1,0,0,0
TASK617|GOOGL|20250908T133000Z|slot_decision_explanation,TASK617|GOOGL|20250908T133000Z,GOOGL,2025-09-10 14:30:00+00:00,2025-09-08 13:30:00+00:00,cloud_ai_platforms,validation,confirmation_required_candidate,setup=medium_quality_setup|catalyst=guidance_margin_upgrade|price=price_confirmed_basic|theme=participating_theme|relation=company_price_confirmed_macro_secondary,capacity=slot_competition_high|same_entry_candidates=8|active_relations=0|risk=proxy_neutral|microstructure=SOURCE_PENDING_NOT_USED,1,8,2,5,0,0,1,,medium_quality_setup,BASELINE_ALLOWED,1,0,0,0
TASK617|NET|20250908T133000Z|slot_decision_explanation,TASK617|NET|20250908T133000Z,NET,2025-09-10 14:30:00+00:00,2025-09-08 13:30:00+00:00,cybersecurity,validation,priority_candidate,setup=high_quality_setup|catalyst=guidance_margin_upgrade|price=price_confirmed_basic|theme=participating_theme|relation=relation_reinforcing,capacity=slot_competition_high|same_entry_candidates=8|active_relations=0|risk=proxy_neutral|microstructure=SOURCE_PENDING_NOT_USED,1,8,1,2,0,0,1,,high_quality_setup,STRENGTH_HOLD_CANDIDATE,1,0,0,0
TASK617|HOOD|20250908T133000Z|slot_decision_explanation,TASK617|HOOD|20250908T133000Z,HOOD,2025-09-10 14:30:00+00:00,2025-09-08 13:30:00+00:00,crypto_fintech,validation,confirmation_required_candidate,setup=medium_quality_setup|catalyst=guidance_margin_upgrade|price=price_confirmed_basic|theme=fading_leadership|relation=company_price_confirmed_macro_secondary,capacity=slot_competition_high|same_entry_candidates=8|active_relations=0|risk=proxy_neutral|microstructure=SOURCE_PENDING_NOT_USED,1,8,2,5,0,0,1,,medium_quality_setup,BASELINE_ALLOWED,1,0,0,0
TASK617|ESTC|20250908T140000Z|slot_decision_explanation,TASK617|ESTC|20250908T140000Z,ESTC,2025-09-10 14:30:00+00:00,2025-09-08 14:00:00+00:00,data_devops_software,validation,normal_candidate,setup=research_only_setup|catalyst=guidance_margin_upgrade|price=price_confirmed_basic|theme=persistent_leadership|relation=relation_sparse_research_only,capacity=slot_competition_high|same_entry_candidates=8|active_relations=0|risk=proxy_neutral|microstructure=SOURCE_PENDING_NOT_USED,1,8,1,1,0,0,1,,research_only_setup,RESEARCH_ONLY,1,0,0,0
TASK617|TER|20250908T141500Z|slot_decision_explanation,TASK617|TER|20250908T141500Z,TER,2025-09-10 14:30:00+00:00,2025-09-08 14:15:00+00:00,industrial_automation_robotics,validation,priority_candidate,setup=high_quality_setup|catalyst=guidance_margin_upgrade|price=price_confirmed_but_extended|theme=participating_theme|relation=relation_reinforcing,capacity=slot_competition_high|same_entry_candidates=8|active_relations=0|risk=extension_proxy|microstructure=SOURCE_PENDING_NOT_USED,1,8,1,2,0,0,1,,high_quality_setup,STRENGTH_HOLD_CANDIDATE,1,0,0,0
TASK617|AMZN|20250908T143000Z|slot_decision_explanation,TASK617|AMZN|20250908T143000Z,AMZN,2025-09-10 14:30:00+00:00,2025-09-08 14:30:00+00:00,cloud_ai_platforms,validation,confirmation_required_candidate,setup=medium_quality_setup|catalyst=guidance_margin_upgrade|price=price_confirmed_basic|theme=participating_theme|relation=company_price_confirmed_macro_secondary,capacity=slot_competition_high|same_entry_candidates=8|active_relations=0|risk=proxy_neutral|microstructure=SOURCE_PENDING_NOT_USED,1,8,2,5,0,0,1,,medium_quality_setup,BASELINE_ALLOWED,1,0,0,0
TASK617|SOFI|20250908T191500Z|slot_decision_explanation,TASK617|SOFI|20250908T191500Z,SOFI,2025-09-10 14:30:00+00:00,2025-09-08 19:15:00+00:00,crypto_fintech,validation,confirmation_required_candidate,setup=medium_quality_setup|catalyst=guidance_margin_upgrade|price=price_confirmed_basic|theme=fading_leadership|relation=company_price_confirmed_macro_secondary,capacity=slot_competition_high|same_entry_candidates=8|active_relations=0|risk=proxy_neutral|microstructure=SOURCE_PENDING_NOT_USED,1,8,2,5,0,0,1,,medium_quality_setup,BASELINE_ALLOWED,1,0,0,0
TASK617|DDOG|20250909T133000Z|slot_decision_explanation,TASK617|DDOG|20250909T133000Z,DDOG,2025-09-11 14:30:00+00:00,2025-09-09 13:30:00+00:00,data_devops_software,validation,priority_candidate,setup=high_quality_setup|catalyst=guidance_margin_upgrade|price=price_confirmed_basic|theme=persistent_leadership|relation=relation_reinforcing,capacity=slot_competition_very_high|same_entry_candidates=10|active_relations=0|risk=proxy_neutral|microstructure=SOURCE_PENDING_NOT_USED,1,10,3,3,0,0,1,,high_quality_setup,STRENGTH_HOLD_CANDIDATE,1,0,0,0
TASK617|MDB|20250909T133000Z|slot_decision_explanation,TASK617|MDB|20250909T133000Z,MDB,2025-09-11 14:30:00+00:00,2025-09-09 13:30:00+00:00,data_devops_software,validation,priority_candidate,setup=high_quality_setup|catalyst=guidance_margin_upgrade|price=price_confirmed_basic|theme=persistent_leadership|relation=relation_reinforcing,capacity=slot_competition_very_high|same_entry_candidates=10|active_relations=0|risk=proxy_neutral|microstructure=SOURCE_PENDING_NOT_USED,1,10,3,3,0,0,1,,high_quality_setup,STRENGTH_HOLD_CANDIDATE,1,0,0,0
TASK617|GOOGL|20250909T133000Z|slot_decision_explanation,TASK617|GOOGL|20250909T133000Z,GOOGL,2025-09-11 14:30:00+00:00,2025-09-09 13:30:00+00:00,cloud_ai_platforms,validation,confirmation_required_candidate,setup=medium_quality_setup|catalyst=guidance_margin_upgrade|price=price_confirmed_basic|theme=participating_theme|relation=company_price_confirmed_macro_secondary,capacity=slot_competition_very_high|same_entry_candidates=10|active_relations=0|risk=high_liquidity_momentum_proxy|microstructure=SOURCE_PENDING_NOT_USED,1,10,3,6,0,0,1,,medium_quality_setup,BASELINE_ALLOWED,1,0,0,0
TASK617|AFRM|20250909T140000Z|slot_decision_explanation,TASK617|AFRM|20250909T140000Z,AFRM,2025-09-11 14:30:00+00:00,2025-09-09 14:00:00+00:00,crypto_fintech,validation,confirmation_required_candidate,setup=medium_quality_setup|catalyst=guidance_margin_upgrade|price=price_confirmed_basic|theme=fading_leadership|relation=company_price_confirmed_macro_secondary,capacity=slot_competition_very_high|same_entry_candidates=10|active_relations=0|risk=proxy_neutral|microstructure=SOURCE_PENDING_NOT_USED,1,10,2,6,0,0,1,,medium_quality_setup,BASELINE_ALLOWED,1,0,0,0
TASK617|AMZN|20250909T161500Z|slot_decision_explanation,TASK617|AMZN|20250909T161500Z,AMZN,2025-09-11 14:30:00+00:00,2025-09-09 16:15:00+00:00,cloud_ai_platforms,validation,confirmation_required_candidate,setup=medium_quality_setup|catalyst=guidance_margin_upgrade|price=price_confirmed_basic|theme=participating_theme|relation=company_price_confirmed_macro_secondary,capacity=slot_competition_very_high|same_entry_candidates=10|active_relations=0|risk=high_liquidity_momentum_proxy|microstructure=SOURCE_PENDING_NOT_USED,1,10,3,6,0,0,1,,medium_quality_setup,BASELINE_ALLOWED,1,0,0,0
TASK617|UBER|20250909T171500Z|slot_decision_explanation,TASK617|UBER|20250909T171500Z,UBER,2025-09-11 14:30:00+00:00,2025-09-09 17:15:00+00:00,ev_autonomy_mobility,validation,priority_candidate,setup=high_quality_setup|catalyst=guidance_margin_upgrade|price=price_confirmed_basic|theme=participating_theme|relation=company_price_confirmed_macro_secondary,capacity=slot_competition_very_high|same_entry_candidates=10|active_relations=0|risk=proxy_neutral|microstructure=SOURCE_PENDING_NOT_USED,1,10,1,6,0,0,1,,high_quality_setup,BASELINE_ALLOWED,1,0,0,0
TASK617|ORCL|20250909T183000Z|slot_decision_explanation,TASK617|ORCL|20250909T183000Z,ORCL,2025-09-11 14:30:00+00:00,2025-09-09 18:30:00+00:00,cloud_ai_platforms,validation,confirmation_required_candidate,setup=medium_quality_setup|catalyst=guidance_margin_upgrade|price=price_confirmed_but_extended|theme=participating_theme|relation=company_price_confirmed_macro_secondary,capacity=slot_competition_very_high|same_entry_candidates=10|active_relations=0|risk=extension_proxy|microstructure=SOURCE_PENDING_NOT_USED,1,10,3,6,0,0,1,,medium_quality_setup,BASELINE_ALLOWED,1,0,0,0
TASK617|GTLB|20250909T184500Z|slot_decision_explanation,TASK617|GTLB|20250909T184500Z,GTLB,2025-09-11 14:30:00+00:00,2025-09-09 18:45:00+00:00,data_devops_software,validation,normal_candidate,setup=research_only_setup|catalyst=guidance_margin_upgrade|price=price_confirmed_basic|theme=persistent_leadership|relation=relation_sparse_research_only,capacity=slot_competition_very_high|same_entry_candidates=10|active_relations=0|risk=proxy_neutral|microstructure=SOURCE_PENDING_NOT_USED,1,10,3,1,0,0,1,,research_only_setup,RESEARCH_ONLY,1,0,0,0
TASK617|SOFI|20250909T184500Z|slot_decision_explanation,TASK617|SOFI|20250909T184500Z,SOFI,2025-09-11 14:30:00+00:00,2025-09-09 18:45:00+00:00,crypto_fintech,validation,confirmation_required_candidate,setup=medium_quality_setup|catalyst=guidance_margin_upgrade|price=price_confirmed_basic|theme=fading_leadership|relation=company_price_confirmed_macro_secondary,capacity=slot_competition_very_high|same_entry_candidates=10|active_relations=0|risk=proxy_neutral|microstructure=SOURCE_PENDING_NOT_USED,1,10,2,6,0,0,1,,medium_quality_setup,BASELINE_ALLOWED,1,0,0,0
TASK617|NET|20250909T190000Z|slot_decision_explanation,TASK617|NET|20250909T190000Z,NET,2025-09-11 14:30:00+00:00,2025-09-09 19:00:00+00:00,cybersecurity,validation,priority_candidate,setup=medium_quality_setup|catalyst=guidance_margin_upgrade|price=price_confirmed_basic|theme=fading_leadership|relation=relation_reinforcing,capacity=slot_competition_very_high|same_entry_candidates=10|active_relations=0|risk=proxy_neutral|microstructure=SOURCE_PENDING_NOT_USED,1,10,1,3,0,0,1,,medium_quality_setup,STRENGTH_HOLD_CANDIDATE,1,0,0,0
TASK617|GTLB|20250910T133000Z|slot_decision_explanation,TASK617|GTLB|20250910T133000Z,GTLB,2025-09-12 14:30:00+00:00,2025-09-10 13:30:00+00:00,data_devops_software,validation,normal_candidate,setup=research_only_setup|catalyst=guidance_margin_upgrade|price=price_confirmed_but_extended|theme=persistent_leadership|relation=relation_sparse_research_only,capacity=slot_competition_very_high|same_entry_candidates=9|active_relations=0|risk=extension_proxy|microstructure=SOURCE_PENDING_NOT_USED,1,9,2,1,0,0,1,,research_only_setup,RESEARCH_ONLY,1,0,0,0
TASK617|ORCL|20250910T133000Z|slot_decision_explanation,TASK617|ORCL|20250910T133000Z,ORCL,2025-09-12 14:30:00+00:00,2025-09-10 13:30:00+00:00,cloud_ai_platforms,validation,priority_candidate,setup=high_quality_setup|catalyst=guidance_margin_upgrade|price=price_confirmed_but_extended|theme=participating_theme|relation=company_price_confirmed_macro_secondary,capacity=slot_competition_very_high|same_entry_candidates=9|active_relations=0|risk=extension_proxy|microstructure=SOURCE_PENDING_NOT_USED,1,9,2,2,0,0,1,,high_quality_setup,BASELINE_ALLOWED,1,0,0,0
TASK617|MDB|20250910T133000Z|slot_decision_explanation,TASK617|MDB|20250910T133000Z,MDB,2025-09-12 14:30:00+00:00,2025-09-10 13:30:00+00:00,data_devops_software,validation,priority_candidate,setup=high_quality_setup|catalyst=guidance_margin_upgrade|price=price_confirmed_basic|theme=persistent_leadership|relation=relation_reinforcing,capacity=slot_competition_very_high|same_entry_candidates=9|active_relations=0|risk=proxy_neutral|microstructure=SOURCE_PENDING_NOT_USED,1,9,2,6,0,0,1,,high_quality_setup,STRENGTH_HOLD_CANDIDATE,1,0,0,0
TASK617|AVGO|20250910T133000Z|slot_decision_explanation,TASK617|AVGO|20250910T133000Z,AVGO,2025-09-12 14:30:00+00:00,2025-09-10 13:30:00+00:00,ai_semiconductors,validation,priority_candidate,setup=medium_quality_setup|catalyst=guidance_margin_upgrade|price=price_confirmed_basic|theme=fading_leadership|relation=relation_reinforcing,capacity=slot_competition_very_high|same_entry_candidates=9|active_relations=0|risk=high_liquidity_momentum_proxy|microstructure=SOURCE_PENDING_NOT_USED,1,9,3,6,0,0,1,,medium_quality_setup,STRENGTH_HOLD_CANDIDATE,1,0,0,0
TASK617|NET|20250910T133000Z|slot_decision_explanation,TASK617|NET|20250910T133000Z,NET,2025-09-12 14:30:00+00:00,2025-09-10 13:30:00+00:00,cybersecurity,validation,priority_candidate,setup=high_quality_setup|catalyst=guidance_margin_upgrade|price=price_confirmed_basic|theme=participating_theme|relation=relation_reinforcing,capacity=slot_competition_very_high|same_entry_candidates=9|active_relations=0|risk=proxy_neutral|microstructure=SOURCE_PENDING_NOT_USED,1,9,1,6,0,0,1,,high_quality_setup,STRENGTH_HOLD_CANDIDATE,1,0,0,0
TASK617|ARM|20250910T133000Z|slot_decision_explanation,TASK617|ARM|20250910T133000Z,ARM,2025-09-12 14:30:00+00:00,2025-09-10 13:30:00+00:00,ai_semiconductors,validation,priority_candidate,setup=medium_quality_setup|catalyst=guidance_margin_upgrade|price=price_confirmed_but_extended|theme=fading_leadership|relation=relation_reinforcing,capacity=slot_competition_very_high|same_entry_candidates=9|active_relations=0|risk=extension_proxy|microstructure=SOURCE_PENDING_NOT_USED,1,9,3,6,0,0,1,,medium_quality_setup,STRENGTH_HOLD_CANDIDATE,1,0,0,0
TASK617|GOOGL|20250910T140000Z|slot_decision_explanation,TASK617|GOOGL|20250910T140000Z,GOOGL,2025-09-12 14:30:00+00:00,2025-09-10 14:00:00+00:00,cloud_ai_platforms,validation,priority_candidate,setup=high_quality_setup|catalyst=guidance_margin_upgrade|price=price_confirmed_basic|theme=participating_theme|relation=company_price_confirmed_macro_secondary,capacity=slot_competition_very_high|same_entry_candidates=9|active_relations=0|risk=high_liquidity_momentum_proxy|microstructure=SOURCE_PENDING_NOT_USED,1,9,2,2,0,0,1,,high_quality_setup,BASELINE_ALLOWED,1,0,0,0
TASK617|TSM|20250910T140000Z|slot_decision_explanation,TASK617|TSM|20250910T140000Z,TSM,2025-09-12 14:30:00+00:00,2025-09-10 14:00:00+00:00,ai_semiconductors,validation,priority_candidate,setup=medium_quality_setup|catalyst=guidance_margin_upgrade|price=price_confirmed_basic|theme=fading_leadership|relation=relation_reinforcing,capacity=slot_competition_very_high|same_entry_candidates=9|active_relations=0|risk=high_liquidity_momentum_proxy|microstructure=SOURCE_PENDING_NOT_USED,1,9,3,6,0,0,1,,medium_quality_setup,STRENGTH_HOLD_CANDIDATE,1,0,0,0
TASK617|TER|20250910T151500Z|slot_decision_explanation,TASK617|TER|20250910T151500Z,TER,2025-09-12 14:30:00+00:00,2025-09-10 15:15:00+00:00,industrial_automation_robotics,validation,priority_candidate,setup=medium_quality_setup|catalyst=guidance_margin_upgrade|price=price_confirmed_basic|theme=fading_leadership|relation=relation_reinforcing,capacity=slot_competition_very_high|same_entry_candidates=9|active_relations=0|risk=proxy_neutral|microstructure=SOURCE_PENDING_NOT_USED,1,9,1,6,0,0,1,,medium_quality_setup,STRENGTH_HOLD_CANDIDATE,1,0,0,0
TASK617|ASML|20250911T133000Z|slot_decision_explanation,TASK617|ASML|20250911T133000Z,ASML,2025-09-15 14:30:00+00:00,2025-09-11 13:30:00+00:00,ai_semiconductors,validation,priority_candidate,setup=medium_quality_setup|catalyst=guidance_margin_upgrade|price=price_confirmed_basic|theme=fading_leadership|relation=relation_reinforcing,capacity=slot_competition_very_high|same_entry_candidates=9|active_relations=0|risk=proxy_neutral|microstructure=SOURCE_PENDING_NOT_USED,1,9,3,5,0,0,1,,medium_quality_setup,STRENGTH_HOLD_CANDIDATE,1,0,0,0
TASK617|TSLA|20250911T134500Z|slot_decision_explanation,TASK617|TSLA|20250911T134500Z,TSLA,2025-09-15 14:30:00+00:00,2025-09-11 13:45:00+00:00,ev_autonomy_mobility,validation,confirmation_required_candidate,setup=medium_quality_setup|catalyst=guidance_margin_upgrade|price=price_confirmed_basic|theme=fading_leadership|relation=company_price_confirmed_macro_secondary,capacity=slot_competition_very_high|same_entry_candidates=9|active_relations=0|risk=proxy_neutral|microstructure=SOURCE_PENDING_NOT_USED,1,9,2,3,0,0,1,,medium_quality_setup,BASELINE_ALLOWED,1,0,0,0
TASK617|GM|20250911T134500Z|slot_decision_explanation,TASK617|GM|20250911T134500Z,GM,2025-09-15 14:30:00+00:00,2025-09-11 13:45:00+00:00,ev_autonomy_mobility,validation,confirmation_required_candidate,setup=medium_quality_setup|catalyst=guidance_margin_upgrade|price=price_confirmed_basic|theme=fading_leadership|relation=company_price_confirmed_macro_secondary,capacity=slot_competition_very_high|same_entry_candidates=9|active_relations=0|risk=proxy_neutral|microstructure=SOURCE_PENDING_NOT_USED,1,9,2,3,0,0,1,,medium_quality_setup,BASELINE_ALLOWED,1,0,0,0
TASK617|GTLB|20250911T134500Z|slot_decision_explanation,TASK617|GTLB|20250911T134500Z,GTLB,2025-09-15 14:30:00+00:00,2025-09-11 13:45:00+00:00,data_devops_software,validation,normal_candidate,setup=research_only_setup|catalyst=guidance_margin_upgrade|price=price_confirmed_basic|theme=persistent_leadership|relation=relation_sparse_research_only,capacity=slot_competition_very_high|same_entry_candidates=9|active_relations=0|risk=proxy_neutral|microstructure=SOURCE_PENDING_NOT_USED,1,9,2,1,0,0,1,,research_only_setup,RESEARCH_ONLY,1,0,0,0
TASK617|ARM|20250911T140000Z|slot_decision_explanation,TASK617|ARM|20250911T140000Z,ARM,2025-09-15 14:30:00+00:00,2025-09-11 14:00:00+00:00,ai_semiconductors,validation,priority_candidate,setup=medium_quality_setup|catalyst=guidance_margin_upgrade|price=price_confirmed_basic|theme=fading_leadership|relation=relation_reinforcing,capacity=slot_competition_very_high|same_entry_candidates=9|active_relations=0|risk=proxy_neutral|microstructure=SOURCE_PENDING_NOT_USED,1,9,3,5,0,0,1,,medium_quality_setup,STRENGTH_HOLD_CANDIDATE,1,0,0,0
TASK617|TSM|20250911T143000Z|slot_decision_explanation,TASK617|TSM|20250911T143000Z,TSM,2025-09-15 14:30:00+00:00,2025-09-11 14:30:00+00:00,ai_semiconductors,validation,priority_candidate,setup=medium_quality_setup|catalyst=guidance_margin_upgrade|price=price_confirmed_basic|theme=fading_leadership|relation=relation_reinforcing,capacity=slot_competition_very_high|same_entry_candidates=9|active_relations=0|risk=proxy_neutral|microstructure=SOURCE_PENDING_NOT_USED,1,9,3,5,0,0,1,,medium_quality_setup,STRENGTH_HOLD_CANDIDATE,1,0,0,0
TASK617|DDOG|20250911T143000Z|slot_decision_explanation,TASK617|DDOG|20250911T143000Z,DDOG,2025-09-15 14:30:00+00:00,2025-09-11 14:30:00+00:00,data_devops_software,validation,priority_candidate,setup=fragile_setup|catalyst=guidance_margin_upgrade|price=price_fragile_or_unconfirmed|theme=persistent_leadership|relation=relation_reinforcing,capacity=slot_competition_very_high|same_entry_candidates=9|active_relations=0|risk=proxy_neutral|microstructure=SOURCE_PENDING_NOT_USED,1,9,2,5,0,0,1,,fragile_setup,STRENGTH_HOLD_CANDIDATE,1,0,0,0
TASK617|NET|20250911T143000Z|slot_decision_explanation,TASK617|NET|20250911T143000Z,NET,2025-09-15 14:30:00+00:00,2025-09-11 14:30:00+00:00,cybersecurity,validation,priority_candidate,setup=high_quality_setup|catalyst=guidance_margin_upgrade|price=price_confirmed_but_extended|theme=participating_theme|relation=relation_reinforcing,capacity=slot_competition_very_high|same_entry_candidates=9|active_relations=0|risk=extension_proxy|microstructure=SOURCE_PENDING_NOT_USED,1,9,1,5,0,0,1,,high_quality_setup,STRENGTH_HOLD_CANDIDATE,1,0,0,0
TASK617|GOOGL|20250911T180000Z|slot_decision_explanation,TASK617|GOOGL|20250911T180000Z,GOOGL,2025-09-15 14:30:00+00:00,2025-09-11 18:00:00+00:00,cloud_ai_platforms,validation,priority_candidate,setup=high_quality_setup|catalyst=guidance_margin_upgrade|price=price_confirmed_but_extended|theme=participating_theme|relation=company_price_confirmed_macro_secondary,capacity=slot_competition_very_high|same_entry_candidates=9|active_relations=0|risk=extension_proxy|microstructure=SOURCE_PENDING_NOT_USED,1,9,1,3,0,0,1,,high_quality_setup,BASELINE_ALLOWED,1,0,0,0
TASK617|MDB|20250922T141500Z|slot_decision_explanation,TASK617|MDB|20250922T141500Z,MDB,2025-09-24 14:30:00+00:00,2025-09-22 14:15:00+00:00,data_devops_software,validation,priority_candidate,setup=high_quality_setup|catalyst=guidance_margin_upgrade|price=price_confirmed_basic|theme=persistent_leadership|relation=relation_reinforcing,capacity=slot_competition_low|same_entry_candidates=1|active_relations=0|risk=proxy_neutral|microstructure=SOURCE_PENDING_NOT_USED,0,1,1,1,0,0,1,,high_quality_setup,STRENGTH_HOLD_CANDIDATE,1,0,0,0
TASK617|GTLB|20250923T143000Z|slot_decision_explanation,TASK617|GTLB|20250923T143000Z,GTLB,2025-09-25 14:30:00+00:00,2025-09-23 14:30:00+00:00,data_devops_software,validation,normal_candidate,setup=research_only_setup|catalyst=guidance_margin_upgrade|price=price_confirmed_basic|theme=persistent_leadership|relation=relation_sparse_research_only,capacity=slot_competition_low|same_entry_candidates=1|active_relations=0|risk=proxy_neutral|microstructure=SOURCE_PENDING_NOT_USED,0,1,1,1,0,0,1,,research_only_setup,RESEARCH_ONLY,1,0,0,0
TASK617|PLTR|20250925T134500Z|slot_decision_explanation,TASK617|PLTR|20250925T134500Z,PLTR,2025-09-29 14:30:00+00:00,2025-09-25 13:45:00+00:00,data_devops_software,validation,priority_candidate,setup=medium_quality_setup|catalyst=guidance_margin_upgrade|price=price_confirmed_basic|theme=fading_leadership|relation=relation_reinforcing,capacity=slot_competition_low|same_entry_candidates=1|active_relations=0|risk=proxy_neutral|microstructure=SOURCE_PENDING_NOT_USED,0,1,1,1,0,0,1,,medium_quality_setup,STRENGTH_HOLD_CANDIDATE,1,0,0,0
TASK617|RTX|20250930T133000Z|slot_decision_explanation,TASK617|RTX|20250930T133000Z,RTX,2025-10-02 14:30:00+00:00,2025-09-30 13:30:00+00:00,aerospace_defense_space,validation,confirmation_required_candidate,setup=uncertain_setup|catalyst=guidance_margin_upgrade|price=price_confirmed_basic|theme=fading_leadership|relation=company_positive_confirmation_needed,capacity=slot_competition_low|same_entry_candidates=1|active_relations=0|risk=proxy_neutral|microstructure=SOURCE_PENDING_NOT_USED,0,1,1,1,0,0,1,,uncertain_setup,BASELINE_ALLOWED,1,0,0,0
TASK617|GE|20251001T133000Z|slot_decision_explanation,TASK617|GE|20251001T133000Z,GE,2025-10-03 14:30:00+00:00,2025-10-01 13:30:00+00:00,industrial_automation_robotics,validation,priority_candidate,setup=high_quality_setup|catalyst=contract_customer_backlog|price=price_confirmed_basic|theme=participating_theme|relation=relation_reinforcing,capacity=slot_competition_very_high|same_entry_candidates=29|active_relations=0|risk=proxy_neutral|microstructure=SOURCE_PENDING_NOT_USED,1,29,2,15,0,0,1,,high_quality_setup,STRENGTH_HOLD_CANDIDATE,1,0,0,0
TASK617|MRNA|20251001T133000Z|slot_decision_explanation,TASK617|MRNA|20251001T133000Z,MRNA,2025-10-03 14:30:00+00:00,2025-10-01 13:30:00+00:00,biotech_glp1_healthcare,validation,priority_candidate,setup=high_quality_setup|catalyst=contract_customer_backlog|price=price_confirmed_basic|theme=participating_theme|relation=company_price_confirmed_macro_secondary,capacity=slot_competition_very_high|same_entry_candidates=29|active_relations=0|risk=high_liquidity_momentum_proxy|microstructure=SOURCE_PENDING_NOT_USED,1,29,4,14,0,0,1,,high_quality_setup,BASELINE_ALLOWED,1,0,0,0
TASK617|PWR|20251001T133000Z|slot_decision_explanation,TASK617|PWR|20251001T133000Z,PWR,2025-10-03 14:30:00+00:00,2025-10-01 13:30:00+00:00,power_grid_electrification,validation,priority_candidate,setup=high_quality_setup|catalyst=contract_customer_backlog|price=price_confirmed_but_extended|theme=emerging_leadership|relation=relation_reinforcing,capacity=slot_competition_very_high|same_entry_candidates=29|active_relations=0|risk=extension_proxy|microstructure=SOURCE_PENDING_NOT_USED,1,29,3,15,0,0,1,,high_quality_setup,STRENGTH_HOLD_CANDIDATE,1,0,0,0
TASK617|HOOD|20251001T133000Z|slot_decision_explanation,TASK617|HOOD|20251001T133000Z,HOOD,2025-10-03 14:30:00+00:00,2025-10-01 13:30:00+00:00,crypto_fintech,validation,priority_candidate,setup=high_quality_setup|catalyst=contract_customer_backlog|price=price_confirmed_basic|theme=participating_theme|relation=company_price_confirmed_macro_secondary,capacity=slot_competition_very_high|same_entry_candidates=29|active_relations=0|risk=proxy_neutral|microstructure=SOURCE_PENDING_NOT_USED,1,29,2,14,0,0,1,,high_quality_setup,BASELINE_ALLOWED,1,0,0,0
TASK617|DDOG|20251001T133000Z|slot_decision_explanation,TASK617|DDOG|20251001T133000Z,DDOG,2025-10-03 14:30:00+00:00,2025-10-01 13:30:00+00:00,data_devops_software,validation,priority_candidate,setup=medium_quality_setup|catalyst=contract_customer_backlog|price=price_confirmed_basic|theme=fading_leadership|relation=relation_reinforcing,capacity=slot_competition_very_high|same_entry_candidates=29|active_relations=0|risk=high_liquidity_momentum_proxy|microstructure=SOURCE_PENDING_NOT_USED,1,29,2,15,0,0,1,,medium_quality_setup,STRENGTH_HOLD_CANDIDATE,1,0,0,0
TASK617|TSM|20251001T133000Z|slot_decision_explanation,TASK617|TSM|20251001T133000Z,TSM,2025-10-03 14:30:00+00:00,2025-10-01 13:30:00+00:00,ai_semiconductors,validation,priority_candidate,setup=high_quality_setup|catalyst=contract_customer_backlog|price=price_confirmed_basic|theme=persistent_leadership|relation=relation_reinforcing,capacity=slot_competition_very_high|same_entry_candidates=29|active_relations=0|risk=proxy_neutral|microstructure=SOURCE_PENDING_NOT_USED,1,29,5,15,0,0,1,,high_quality_setup,STRENGTH_HOLD_CANDIDATE,1,0,0,0
TASK617|LMT|20251001T133000Z|slot_decision_explanation,TASK617|LMT|20251001T133000Z,LMT,2025-10-03 14:30:00+00:00,2025-10-01 13:30:00+00:00,aerospace_defense_space,validation,priority_candidate,setup=high_quality_setup|catalyst=contract_customer_backlog|price=price_confirmed_but_extended|theme=participating_theme|relation=company_price_confirmed_macro_secondary,capacity=slot_competition_very_high|same_entry_candidates=29|active_relations=0|risk=extension_proxy|microstructure=SOURCE_PENDING_NOT_USED,1,29,5,14,0,0,1,,high_quality_setup,BASELINE_ALLOWED,1,0,0,0
TASK617|F|20251001T133000Z|slot_decision_explanation,TASK617|F|20251001T133000Z,F,2025-10-03 14:30:00+00:00,2025-10-01 13:30:00+00:00,ev_autonomy_mobility,validation,priority_candidate,setup=high_quality_setup|catalyst=contract_customer_backlog|price=price_confirmed_but_extended|theme=persistent_leadership|relation=company_price_confirmed_macro_secondary,capacity=slot_competition_very_high|same_entry_candidates=29|active_relations=0|risk=extension_proxy|microstructure=SOURCE_PENDING_NOT_USED,1,29,3,14,0,0,1,,high_quality_setup,BASELINE_ALLOWED,1,0,0,0
TASK617|RKLB|20251001T133000Z|slot_decision_explanation,TASK617|RKLB|20251001T133000Z,RKLB,2025-10-03 14:30:00+00:00,2025-10-01 13:30:00+00:00,aerospace_defense_space,validation,priority_candidate,setup=high_quality_setup|catalyst=contract_customer_backlog|price=price_confirmed_basic|theme=participating_theme|relation=company_price_confirmed_macro_secondary,capacity=slot_competition_very_high|same_entry_candidates=29|active_relations=0|risk=proxy_neutral|microstructure=SOURCE_PENDING_NOT_USED,1,29,5,14,0,0,1,,high_quality_setup,BASELINE_ALLOWED,1,0,0,0
TASK617|LLY|20251001T133000Z|slot_decision_explanation,TASK617|LLY|20251001T133000Z,LLY,2025-10-03 14:30:00+00:00,2025-10-01 13:30:00+00:00,biotech_glp1_healthcare,validation,priority_candidate,setup=high_quality_setup|catalyst=contract_customer_backlog|price=price_confirmed_basic|theme=participating_theme|relation=company_price_confirmed_macro_secondary,capacity=slot_competition_very_high|same_entry_candidates=29|active_relations=0|risk=high_liquidity_momentum_proxy|microstructure=SOURCE_PENDING_NOT_USED,1,29,4,14,0,0,1,,high_quality_setup,BASELINE_ALLOWED,1,0,0,0
TASK617|GD|20251001T133000Z|slot_decision_explanation,TASK617|GD|20251001T133000Z,GD,2025-10-03 14:30:00+00:00,2025-10-01 13:30:00+00:00,aerospace_defense_space,validation,priority_candidate,setup=high_quality_setup|catalyst=contract_customer_backlog|price=price_confirmed_basic|theme=participating_theme|relation=company_price_confirmed_macro_secondary,capacity=slot_competition_very_high|same_entry_candidates=29|active_relations=0|risk=proxy_neutral|microstructure=SOURCE_PENDING_NOT_USED,1,29,5,14,0,0,1,,high_quality_setup,BASELINE_ALLOWED,1,0,0,0
TASK617|VRT|20251001T133000Z|slot_decision_explanation,TASK617|VRT|20251001T133000Z,VRT,2025-10-03 14:30:00+00:00,2025-10-01 13:30:00+00:00,power_grid_electrification,validation,priority_candidate,setup=high_quality_setup|catalyst=contract_customer_backlog|price=price_confirmed_basic|theme=emerging_leadership|relation=relation_reinforcing,capacity=slot_competition_very_high|same_entry_candidates=29|active_relations=0|risk=proxy_neutral|microstructure=SOURCE_PENDING_NOT_USED,1,29,3,15,0,0,1,,high_quality_setup,STRENGTH_HOLD_CANDIDATE,1,0,0,0
TASK617|NEE|20251001T133000Z|slot_decision_explanation,TASK617|NEE|20251001T133000Z,NEE,2025-10-03 14:30:00+00:00,2025-10-01 13:30:00+00:00,power_grid_electrification,validation,priority_candidate,setup=high_quality_setup|catalyst=contract_customer_backlog|price=price_confirmed_but_extended|theme=emerging_leadership|relation=relation_reinforcing,capacity=slot_competition_very_high|same_entry_candidates=29|active_relations=0|risk=extension_proxy|microstructure=SOURCE_PENDING_NOT_USED,1,29,3,15,0,0,1,,high_quality_setup,STRENGTH_HOLD_CANDIDATE,1,0,0,0
TASK617|ASML|20251001T133000Z|slot_decision_explanation,TASK617|ASML|20251001T133000Z,ASML,2025-10-03 14:30:00+00:00,2025-10-01 13:30:00+00:00,ai_semiconductors,validation,priority_candidate,setup=high_quality_setup|catalyst=contract_customer_backlog|price=price_confirmed_but_extended|theme=persistent_leadership|relation=relation_reinforcing,capacity=slot_competition_very_high|same_entry_candidates=29|active_relations=0|risk=extension_proxy|microstructure=SOURCE_PENDING_NOT_USED,1,29,5,15,0,0,1,,high_quality_setup,STRENGTH_HOLD_CANDIDATE,1,0,0,0
TASK617|TER|20251001T133000Z|slot_decision_explanation,TASK617|TER|20251001T133000Z,TER,2025-10-03 14:30:00+00:00,2025-10-01 13:30:00+00:00,industrial_automation_robotics,validation,priority_candidate,setup=high_quality_setup|catalyst=contract_customer_backlog|price=price_confirmed_basic|theme=participating_theme|relation=relation_reinforcing,capacity=slot_competition_very_high|same_entry_candidates=29|active_relations=0|risk=proxy_neutral|microstructure=SOURCE_PENDING_NOT_USED,1,29,2,15,0,0,1,,high_quality_setup,STRENGTH_HOLD_CANDIDATE,1,0,0,0
TASK617|REGN|20251001T134500Z|slot_decision_explanation,TASK617|REGN|20251001T134500Z,REGN,2025-10-03 14:30:00+00:00,2025-10-01 13:45:00+00:00,biotech_glp1_healthcare,validation,priority_candidate,setup=high_quality_setup|catalyst=contract_customer_backlog|price=price_confirmed_but_extended|theme=participating_theme|relation=company_price_confirmed_macro_secondary,capacity=slot_competition_very_high|same_entry_candidates=29|active_relations=0|risk=extension_proxy|microstructure=SOURCE_PENDING_NOT_USED,1,29,4,14,0,0,1,,high_quality_setup,BASELINE_ALLOWED,1,0,0,0
TASK617|AMGN|20251001T134500Z|slot_decision_explanation,TASK617|AMGN|20251001T134500Z,AMGN,2025-10-03 14:30:00+00:00,2025-10-01 13:45:00+00:00,biotech_glp1_healthcare,validation,priority_candidate,setup=high_quality_setup|catalyst=contract_customer_backlog|price=price_confirmed_basic|theme=participating_theme|relation=company_price_confirmed_macro_secondary,capacity=slot_competition_very_high|same_entry_candidates=29|active_relations=0|risk=proxy_neutral|microstructure=SOURCE_PENDING_NOT_USED,1,29,4,14,0,0,1,,high_quality_setup,BASELINE_ALLOWED,1,0,0,0
TASK617|PLTR|20251001T140000Z|slot_decision_explanation,TASK617|PLTR|20251001T140000Z,PLTR,2025-10-03 14:30:00+00:00,2025-10-01 14:00:00+00:00,data_devops_software,validation,priority_candidate,setup=medium_quality_setup|catalyst=contract_customer_backlog|price=price_confirmed_basic|theme=fading_leadership|relation=relation_reinforcing,capacity=slot_competition_very_high|same_entry_candidates=29|active_relations=0|risk=high_liquidity_momentum_proxy|microstructure=SOURCE_PENDING_NOT_USED,1,29,2,15,0,0,1,,medium_quality_setup,STRENGTH_HOLD_CANDIDATE,1,0,0,0
TASK617|TSLA|20251001T140000Z|slot_decision_explanation,TASK617|TSLA|20251001T140000Z,TSLA,2025-10-03 14:30:00+00:00,2025-10-01 14:00:00+00:00,ev_autonomy_mobility,validation,priority_candidate,setup=high_quality_setup|catalyst=contract_customer_backlog|price=price_confirmed_but_extended|theme=persistent_leadership|relation=company_price_confirmed_macro_secondary,capacity=slot_competition_very_high|same_entry_candidates=29|active_relations=0|risk=extension_proxy|microstructure=SOURCE_PENDING_NOT_USED,1,29,3,14,0,0,1,,high_quality_setup,BASELINE_ALLOWED,1,0,0,0
TASK617|CRWD|20251001T140000Z|slot_decision_explanation,TASK617|CRWD|20251001T140000Z,CRWD,2025-10-03 14:30:00+00:00,2025-10-01 14:00:00+00:00,cybersecurity,validation,priority_candidate,setup=high_quality_setup|catalyst=contract_customer_backlog|price=price_confirmed_basic|theme=participating_theme|relation=relation_reinforcing,capacity=slot_competition_very_high|same_entry_candidates=29|active_relations=0|risk=proxy_neutral|microstructure=SOURCE_PENDING_NOT_USED,1,29,3,15,0,0,1,,high_quality_setup,STRENGTH_HOLD_CANDIDATE,1,0,0,0
TASK617|IBIT|20251001T140000Z|slot_decision_explanation,TASK617|IBIT|20251001T140000Z,IBIT,2025-10-03 14:30:00+00:00,2025-10-01 14:00:00+00:00,crypto_fintech,validation,priority_candidate,setup=high_quality_setup|catalyst=contract_customer_backlog|price=price_confirmed_basic|theme=participating_theme|relation=company_price_confirmed_macro_secondary,capacity=slot_competition_very_high|same_entry_candidates=29|active_relations=0|risk=proxy_neutral|microstructure=SOURCE_PENDING_NOT_USED,1,29,2,14,0,0,1,,high_quality_setup,BASELINE_ALLOWED,1,0,0,0
TASK617|NVDA|20251001T141500Z|slot_decision_explanation,TASK617|NVDA|20251001T141500Z,NVDA,2025-10-03 14:30:00+00:00,2025-10-01 14:15:00+00:00,ai_semiconductors,validation,priority_candidate,setup=high_quality_setup|catalyst=contract_customer_backlog|price=price_confirmed_but_extended|theme=persistent_leadership|relation=relation_reinforcing,capacity=slot_competition_very_high|same_entry_candidates=29|active_relations=0|risk=extension_proxy|microstructure=SOURCE_PENDING_NOT_USED,1,29,5,15,0,0,1,,high_quality_setup,STRENGTH_HOLD_CANDIDATE,1,0,0,0
TASK617|ARM|20251001T141500Z|slot_decision_explanation,TASK617|ARM|20251001T141500Z,ARM,2025-10-03 14:30:00+00:00,2025-10-01 14:15:00+00:00,ai_semiconductors,validation,priority_candidate,setup=high_quality_setup|catalyst=contract_customer_backlog|price=price_confirmed_but_extended|theme=persistent_leadership|relation=relation_reinforcing,capacity=slot_competition_very_high|same_entry_candidates=29|active_relations=0|risk=extension_proxy|microstructure=SOURCE_PENDING_NOT_USED,1,29,5,15,0,0,1,,high_quality_setup,STRENGTH_HOLD_CANDIDATE,1,0,0,0
TASK617|RTX|20251001T143000Z|slot_decision_explanation,TASK617|RTX|20251001T143000Z,RTX,2025-10-03 14:30:00+00:00,2025-10-01 14:30:00+00:00,aerospace_defense_space,validation,priority_candidate,setup=high_quality_setup|catalyst=contract_customer_backlog|price=price_confirmed_basic|theme=participating_theme|relation=company_price_confirmed_macro_secondary,capacity=slot_competition_very_high|same_entry_candidates=29|active_relations=0|risk=proxy_neutral|microstructure=SOURCE_PENDING_NOT_USED,1,29,5,14,0,0,1,,high_quality_setup,BASELINE_ALLOWED,1,0,0,0
TASK617|ASTS|20251001T144500Z|slot_decision_explanation,TASK617|ASTS|20251001T144500Z,ASTS,2025-10-03 14:30:00+00:00,2025-10-01 14:45:00+00:00,aerospace_defense_space,validation,priority_candidate,setup=high_quality_setup|catalyst=contract_customer_backlog|price=price_confirmed_basic|theme=participating_theme|relation=company_price_confirmed_macro_secondary,capacity=slot_competition_very_high|same_entry_candidates=29|active_relations=0|risk=proxy_neutral|microstructure=SOURCE_PENDING_NOT_USED,1,29,5,14,0,0,1,,high_quality_setup,BASELINE_ALLOWED,1,0,0,0
TASK617|AVGO|20251001T144500Z|slot_decision_explanation,TASK617|AVGO|20251001T144500Z,AVGO,2025-10-03 14:30:00+00:00,2025-10-01 14:45:00+00:00,ai_semiconductors,validation,priority_candidate,setup=fragile_setup|catalyst=contract_customer_backlog|price=price_fragile_or_unconfirmed|theme=persistent_leadership|relation=relation_reinforcing,capacity=slot_competition_very_high|same_entry_candidates=29|active_relations=0|risk=proxy_neutral|microstructure=SOURCE_PENDING_NOT_USED,1,29,5,15,0,0,1,,fragile_setup,STRENGTH_HOLD_CANDIDATE,1,0,0,0
TASK617|GM|20251001T153000Z|slot_decision_explanation,TASK617|GM|20251001T153000Z,GM,2025-10-03 14:30:00+00:00,2025-10-01 15:30:00+00:00,ev_autonomy_mobility,validation,priority_candidate,setup=high_quality_setup|catalyst=contract_customer_backlog|price=price_confirmed_but_extended|theme=persistent_leadership|relation=company_price_confirmed_macro_secondary,capacity=slot_competition_very_high|same_entry_candidates=29|active_relations=0|risk=extension_proxy|microstructure=SOURCE_PENDING_NOT_USED,1,29,3,14,0,0,1,,high_quality_setup,BASELINE_ALLOWED,1,0,0,0
TASK617|ZS|20251001T174500Z|slot_decision_explanation,TASK617|ZS|20251001T174500Z,ZS,2025-10-03 14:30:00+00:00,2025-10-01 17:45:00+00:00,cybersecurity,validation,priority_candidate,setup=high_quality_setup|catalyst=contract_customer_backlog|price=price_confirmed_basic|theme=participating_theme|relation=relation_reinforcing,capacity=slot_competition_very_high|same_entry_candidates=29|active_relations=0|risk=proxy_neutral|microstructure=SOURCE_PENDING_NOT_USED,1,29,3,15,0,0,1,,high_quality_setup,STRENGTH_HOLD_CANDIDATE,1,0,0,0
TASK617|PANW|20251001T190000Z|slot_decision_explanation,TASK617|PANW|20251001T190000Z,PANW,2025-10-03 14:30:00+00:00,2025-10-01 19:00:00+00:00,cybersecurity,validation,priority_candidate,setup=high_quality_setup|catalyst=contract_customer_backlog|price=price_confirmed_basic|theme=participating_theme|relation=relation_reinforcing,capacity=slot_competition_very_high|same_entry_candidates=29|active_relations=0|risk=proxy_neutral|microstructure=SOURCE_PENDING_NOT_USED,1,29,3,15,0,0,1,,high_quality_setup,STRENGTH_HOLD_CANDIDATE,1,0,0,0
TASK617|MDB|20251002T133000Z|slot_decision_explanation,TASK617|MDB|20251002T133000Z,MDB,2025-10-06 14:30:00+00:00,2025-10-02 13:30:00+00:00,data_devops_software,validation,priority_candidate,setup=high_quality_setup|catalyst=contract_customer_backlog|price=price_confirmed_but_extended|theme=participating_theme|relation=relation_reinforcing,capacity=slot_competition_very_high|same_entry_candidates=14|active_relations=0|risk=extension_proxy|microstructure=SOURCE_PENDING_NOT_USED,1,14,2,4,0,0,1,,high_quality_setup,STRENGTH_HOLD_CANDIDATE,1,0,0,0
TASK617|SNOW|20251002T133000Z|slot_decision_explanation,TASK617|SNOW|20251002T133000Z,SNOW,2025-10-06 14:30:00+00:00,2025-10-02 13:30:00+00:00,data_devops_software,validation,priority_candidate,setup=high_quality_setup|catalyst=contract_customer_backlog|price=price_confirmed_basic|theme=participating_theme|relation=relation_reinforcing,capacity=slot_competition_very_high|same_entry_candidates=14|active_relations=0|risk=proxy_neutral|microstructure=SOURCE_PENDING_NOT_USED,1,14,2,4,0,0,1,,high_quality_setup,STRENGTH_HOLD_CANDIDATE,1,0,0,0
TASK617|PANW|20251002T133000Z|slot_decision_explanation,TASK617|PANW|20251002T133000Z,PANW,2025-10-06 14:30:00+00:00,2025-10-02 13:30:00+00:00,cybersecurity,validation,normal_candidate,setup=research_only_setup|catalyst=contract_customer_backlog|price=price_confirmed_basic|theme=participating_theme|relation=relation_sparse_research_only,capacity=slot_competition_very_high|same_entry_candidates=14|active_relations=0|risk=proxy_neutral|microstructure=SOURCE_PENDING_NOT_USED,1,14,3,3,0,0,1,,research_only_setup,RESEARCH_ONLY,1,0,0,0
TASK617|ASTS|20251002T133000Z|slot_decision_explanation,TASK617|ASTS|20251002T133000Z,ASTS,2025-10-06 14:30:00+00:00,2025-10-02 13:30:00+00:00,aerospace_defense_space,validation,priority_candidate,setup=high_quality_setup|catalyst=contract_customer_backlog|price=price_confirmed_but_extended|theme=persistent_leadership|relation=company_price_confirmed_macro_secondary,capacity=slot_competition_very_high|same_entry_candidates=14|active_relations=0|risk=extension_proxy|microstructure=SOURCE_PENDING_NOT_USED,1,14,3,7,0,0,1,,high_quality_setup,BASELINE_ALLOWED,1,0,0,0
TASK617|IBIT|20251002T133000Z|slot_decision_explanation,TASK617|IBIT|20251002T133000Z,IBIT,2025-10-06 14:30:00+00:00,2025-10-02 13:30:00+00:00,crypto_fintech,validation,priority_candidate,setup=high_quality_setup|catalyst=contract_customer_backlog|price=price_confirmed_basic|theme=participating_theme|relation=company_price_confirmed_macro_secondary,capacity=slot_competition_very_high|same_entry_candidates=14|active_relations=0|risk=proxy_neutral|microstructure=SOURCE_PENDING_NOT_USED,1,14,3,7,0,0,1,,high_quality_setup,BASELINE_ALLOWED,1,0,0,0
TASK617|RKLB|20251002T133000Z|slot_decision_explanation,TASK617|RKLB|20251002T133000Z,RKLB,2025-10-06 14:30:00+00:00,2025-10-02 13:30:00+00:00,aerospace_defense_space,validation,priority_candidate,setup=high_quality_setup|catalyst=contract_customer_backlog|price=price_confirmed_but_extended|theme=persistent_leadership|relation=company_price_confirmed_macro_secondary,capacity=slot_competition_very_high|same_entry_candidates=14|active_relations=0|risk=extension_proxy|microstructure=SOURCE_PENDING_NOT_USED,1,14,3,7,0,0,1,,high_quality_setup,BASELINE_ALLOWED,1,0,0,0
TASK617|COIN|20251002T133000Z|slot_decision_explanation,TASK617|COIN|20251002T133000Z,COIN,2025-10-06 14:30:00+00:00,2025-10-02 13:30:00+00:00,crypto_fintech,validation,priority_candidate,setup=high_quality_setup|catalyst=contract_customer_backlog|price=price_confirmed_but_extended|theme=participating_theme|relation=company_price_confirmed_macro_secondary,capacity=slot_competition_very_high|same_entry_candidates=14|active_relations=0|risk=extension_proxy|microstructure=SOURCE_PENDING_NOT_USED,1,14,3,7,0,0,1,,high_quality_setup,BASELINE_ALLOWED,1,0,0,0
TASK617|MRVL|20251002T134500Z|slot_decision_explanation,TASK617|MRVL|20251002T134500Z,MRVL,2025-10-06 14:30:00+00:00,2025-10-02 13:45:00+00:00,ai_semiconductors,validation,priority_candidate,setup=high_quality_setup|catalyst=contract_customer_backlog|price=price_confirmed_basic|theme=persistent_leadership|relation=relation_reinforcing,capacity=slot_competition_very_high|same_entry_candidates=14|active_relations=0|risk=proxy_neutral|microstructure=SOURCE_PENDING_NOT_USED,1,14,1,4,0,0,1,,high_quality_setup,STRENGTH_HOLD_CANDIDATE,1,0,0,0
TASK617|GOOGL|20251002T140000Z|slot_decision_explanation,TASK617|GOOGL|20251002T140000Z,GOOGL,2025-10-06 14:30:00+00:00,2025-10-02 14:00:00+00:00,cloud_ai_platforms,validation,confirmation_required_candidate,setup=medium_quality_setup|catalyst=contract_customer_backlog|price=price_confirmed_basic|theme=participating_theme|relation=company_price_confirmed_macro_secondary,capacity=slot_competition_very_high|same_entry_candidates=14|active_relations=0|risk=proxy_neutral|microstructure=SOURCE_PENDING_NOT_USED,1,14,1,7,0,0,1,,medium_quality_setup,BASELINE_ALLOWED,1,0,0,0
TASK617|HOOD|20251002T141500Z|slot_decision_explanation,TASK617|HOOD|20251002T141500Z,HOOD,2025-10-06 14:30:00+00:00,2025-10-02 14:15:00+00:00,crypto_fintech,validation,priority_candidate,setup=high_quality_setup|catalyst=contract_customer_backlog|price=price_confirmed_but_extended|theme=participating_theme|relation=company_price_confirmed_macro_secondary,capacity=slot_competition_very_high|same_entry_candidates=14|active_relations=0|risk=extension_proxy|microstructure=SOURCE_PENDING_NOT_USED,1,14,3,7,0,0,1,,high_quality_setup,BASELINE_ALLOWED,1,0,0,0
TASK617|NET|20251002T164500Z|slot_decision_explanation,TASK617|NET|20251002T164500Z,NET,2025-10-06 14:30:00+00:00,2025-10-02 16:45:00+00:00,cybersecurity,validation,normal_candidate,setup=research_only_setup|catalyst=contract_customer_backlog|price=price_confirmed_basic|theme=participating_theme|relation=relation_sparse_research_only,capacity=slot_competition_very_high|same_entry_candidates=14|active_relations=0|risk=proxy_neutral|microstructure=SOURCE_PENDING_NOT_USED,1,14,3,3,0,0,1,,research_only_setup,RESEARCH_ONLY,1,0,0,0
TASK617|ZS|20251002T173000Z|slot_decision_explanation,TASK617|ZS|20251002T173000Z,ZS,2025-10-06 14:30:00+00:00,2025-10-02 17:30:00+00:00,cybersecurity,validation,normal_candidate,setup=research_only_setup|catalyst=contract_customer_backlog|price=price_confirmed_basic|theme=participating_theme|relation=relation_sparse_research_only,capacity=slot_competition_very_high|same_entry_candidates=14|active_relations=0|risk=proxy_neutral|microstructure=SOURCE_PENDING_NOT_USED,1,14,3,3,0,0,1,,research_only_setup,RESEARCH_ONLY,1,0,0,0
TASK617|GD|20251002T174500Z|slot_decision_explanation,TASK617|GD|20251002T174500Z,GD,2025-10-06 14:30:00+00:00,2025-10-02 17:45:00+00:00,aerospace_defense_space,validation,priority_candidate,setup=high_quality_setup|catalyst=contract_customer_backlog|price=price_confirmed_basic|theme=persistent_leadership|relation=company_price_confirmed_macro_secondary,capacity=slot_competition_very_high|same_entry_candidates=14|active_relations=0|risk=proxy_neutral|microstructure=SOURCE_PENDING_NOT_USED,1,14,3,7,0,0,1,,high_quality_setup,BASELINE_ALLOWED,1,0,0,0
TASK617|CEG|20251002T181500Z|slot_decision_explanation,TASK617|CEG|20251002T181500Z,CEG,2025-10-06 14:30:00+00:00,2025-10-02 18:15:00+00:00,power_grid_electrification,validation,priority_candidate,setup=high_quality_setup|catalyst=contract_customer_backlog|price=price_confirmed_basic|theme=participating_theme|relation=relation_reinforcing,capacity=slot_competition_very_high|same_entry_candidates=14|active_relations=0|risk=proxy_neutral|microstructure=SOURCE_PENDING_NOT_USED,1,14,1,4,0,0,1,,high_quality_setup,STRENGTH_HOLD_CANDIDATE,1,0,0,0
TASK617|NVDA|20251006T133000Z|slot_decision_explanation,TASK617|NVDA|20251006T133000Z,NVDA,2025-10-08 14:30:00+00:00,2025-10-06 13:30:00+00:00,ai_semiconductors,validation,priority_candidate,setup=high_quality_setup|catalyst=contract_customer_backlog|price=price_confirmed_basic|theme=persistent_leadership|relation=relation_reinforcing,capacity=slot_competition_very_high|same_entry_candidates=20|active_relations=0|risk=high_liquidity_momentum_proxy|microstructure=SOURCE_PENDING_NOT_USED,1,20,3,9,0,0,1,,high_quality_setup,STRENGTH_HOLD_CANDIDATE,1,0,0,0
TASK617|LMT|20251006T133000Z|slot_decision_explanation,TASK617|LMT|20251006T133000Z,LMT,2025-10-08 14:30:00+00:00,2025-10-06 13:30:00+00:00,aerospace_defense_space,validation,priority_candidate,setup=high_quality_setup|catalyst=contract_customer_backlog|price=price_confirmed_basic|theme=persistent_leadership|relation=company_price_confirmed_macro_secondary,capacity=slot_competition_very_high|same_entry_candidates=20|active_relations=0|risk=proxy_neutral|microstructure=SOURCE_PENDING_NOT_USED,1,20,6,11,0,0,1,,high_quality_setup,BASELINE_ALLOWED,1,0,0,0
TASK617|UBER|20251006T133000Z|slot_decision_explanation,TASK617|UBER|20251006T133000Z,UBER,2025-10-08 14:30:00+00:00,2025-10-06 13:30:00+00:00,ev_autonomy_mobility,validation,priority_candidate,setup=high_quality_setup|catalyst=contract_customer_backlog|price=price_confirmed_basic|theme=participating_theme|relation=company_price_confirmed_macro_secondary,capacity=slot_competition_very_high|same_entry_candidates=20|active_relations=0|risk=proxy_neutral|microstructure=SOURCE_PENDING_NOT_USED,1,20,3,11,0,0,1,,high_quality_setup,BASELINE_ALLOWED,1,0,0,0
TASK617|MRVL|20251006T133000Z|slot_decision_explanation,TASK617|MRVL|20251006T133000Z,MRVL,2025-10-08 14:30:00+00:00,2025-10-06 13:30:00+00:00,ai_semiconductors,validation,priority_candidate,setup=high_quality_setup|catalyst=contract_customer_backlog|price=price_confirmed_basic|theme=persistent_leadership|relation=relation_reinforcing,capacity=slot_competition_very_high|same_entry_candidates=20|active_relations=0|risk=high_liquidity_momentum_proxy|microstructure=SOURCE_PENDING_NOT_USED,1,20,3,9,0,0,1,,high_quality_setup,STRENGTH_HOLD_CANDIDATE,1,0,0,0
TASK617|F|20251006T133000Z|slot_decision_explanation,TASK617|F|20251006T133000Z,F,2025-10-08 14:30:00+00:00,2025-10-06 13:30:00+00:00,ev_autonomy_mobility,validation,priority_candidate,setup=high_quality_setup|catalyst=contract_customer_backlog|price=price_confirmed_basic|theme=participating_theme|relation=company_price_confirmed_macro_secondary,capacity=slot_competition_very_high|same_entry_candidates=20|active_relations=0|risk=proxy_neutral|microstructure=SOURCE_PENDING_NOT_USED,1,20,3,11,0,0,1,,high_quality_setup,BASELINE_ALLOWED,1,0,0,0
TASK617|RTX|20251006T133000Z|slot_decision_explanation,TASK617|RTX|20251006T133000Z,RTX,2025-10-08 14:30:00+00:00,2025-10-06 13:30:00+00:00,aerospace_defense_space,validation,priority_candidate,setup=high_quality_setup|catalyst=contract_customer_backlog|price=price_confirmed_basic|theme=persistent_leadership|relation=company_price_confirmed_macro_secondary,capacity=slot_competition_very_high|same_entry_candidates=20|active_relations=0|risk=proxy_neutral|microstructure=SOURCE_PENDING_NOT_USED,1,20,6,11,0,0,1,,high_quality_setup,BASELINE_ALLOWED,1,0,0,0
TASK617|NOC|20251006T133000Z|slot_decision_explanation,TASK617|NOC|20251006T133000Z,NOC,2025-10-08 14:30:00+00:00,2025-10-06 13:30:00+00:00,aerospace_defense_space,validation,priority_candidate,setup=high_quality_setup|catalyst=contract_customer_backlog|price=price_confirmed_basic|theme=persistent_leadership|relation=company_price_confirmed_macro_secondary,capacity=slot_competition_very_high|same_entry_candidates=20|active_relations=0|risk=proxy_neutral|microstructure=SOURCE_PENDING_NOT_USED,1,20,6,11,0,0,1,,high_quality_setup,BASELINE_ALLOWED,1,0,0,0
TASK617|TER|20251006T134500Z|slot_decision_explanation,TASK617|TER|20251006T134500Z,TER,2025-10-08 14:30:00+00:00,2025-10-06 13:45:00+00:00,industrial_automation_robotics,validation,priority_candidate,setup=high_quality_setup|catalyst=contract_customer_backlog|price=price_confirmed_basic|theme=participating_theme|relation=relation_reinforcing,capacity=slot_competition_very_high|same_entry_candidates=20|active_relations=0|risk=proxy_neutral|microstructure=SOURCE_PENDING_NOT_USED,1,20,2,9,0,0,1,,high_quality_setup,STRENGTH_HOLD_CANDIDATE,1,0,0,0
TASK617|ASML|20251006T134500Z|slot_decision_explanation,TASK617|ASML|20251006T134500Z,ASML,2025-10-08 14:30:00+00:00,2025-10-06 13:45:00+00:00,ai_semiconductors,validation,priority_candidate,setup=high_quality_setup|catalyst=contract_customer_backlog|price=price_confirmed_basic|theme=persistent_leadership|relation=relation_reinforcing,capacity=slot_competition_very_high|same_entry_candidates=20|active_relations=0|risk=proxy_neutral|microstructure=SOURCE_PENDING_NOT_USED,1,20,3,9,0,0,1,,high_quality_setup,STRENGTH_HOLD_CANDIDATE,1,0,0,0
TASK617|NEE|20251006T140000Z|slot_decision_explanation,TASK617|NEE|20251006T140000Z,NEE,2025-10-08 14:30:00+00:00,2025-10-06 14:00:00+00:00,power_grid_electrification,validation,priority_candidate,setup=high_quality_setup|catalyst=contract_customer_backlog|price=price_confirmed_basic|theme=emerging_leadership|relation=relation_reinforcing,capacity=slot_competition_very_high|same_entry_candidates=20|active_relations=0|risk=proxy_neutral|microstructure=SOURCE_PENDING_NOT_USED,1,20,2,9,0,0,1,,high_quality_setup,STRENGTH_HOLD_CANDIDATE,1,0,0,0
TASK617|GD|20251006T141500Z|slot_decision_explanation,TASK617|GD|20251006T141500Z,GD,2025-10-08 14:30:00+00:00,2025-10-06 14:15:00+00:00,aerospace_defense_space,validation,priority_candidate,setup=high_quality_setup|catalyst=contract_customer_backlog|price=price_confirmed_basic|theme=persistent_leadership|relation=company_price_confirmed_macro_secondary,capacity=slot_competition_very_high|same_entry_candidates=20|active_relations=0|risk=proxy_neutral|microstructure=SOURCE_PENDING_NOT_USED,1,20,6,11,0,0,1,,high_quality_setup,BASELINE_ALLOWED,1,0,0,0
TASK617|GE|20251006T141500Z|slot_decision_explanation,TASK617|GE|20251006T141500Z,GE,2025-10-08 14:30:00+00:00,2025-10-06 14:15:00+00:00,industrial_automation_robotics,validation,priority_candidate,setup=high_quality_setup|catalyst=contract_customer_backlog|price=price_confirmed_basic|theme=participating_theme|relation=relation_reinforcing,capacity=slot_competition_very_high|same_entry_candidates=20|active_relations=0|risk=proxy_neutral|microstructure=SOURCE_PENDING_NOT_USED,1,20,2,9,0,0,1,,high_quality_setup,STRENGTH_HOLD_CANDIDATE,1,0,0,0
TASK617|LLY|20251006T143000Z|slot_decision_explanation,TASK617|LLY|20251006T143000Z,LLY,2025-10-08 14:30:00+00:00,2025-10-06 14:30:00+00:00,biotech_glp1_healthcare,validation,priority_candidate,setup=high_quality_setup|catalyst=contract_customer_backlog|price=price_confirmed_basic|theme=participating_theme|relation=company_price_confirmed_macro_secondary,capacity=slot_competition_very_high|same_entry_candidates=20|active_relations=0|risk=proxy_neutral|microstructure=SOURCE_PENDING_NOT_USED,1,20,1,11,0,0,1,,high_quality_setup,BASELINE_ALLOWED,1,0,0,0
TASK617|TSLA|20251006T150000Z|slot_decision_explanation,TASK617|TSLA|20251006T150000Z,TSLA,2025-10-08 14:30:00+00:00,2025-10-06 15:00:00+00:00,ev_autonomy_mobility,validation,priority_candidate,setup=high_quality_setup|catalyst=contract_customer_backlog|price=price_confirmed_basic|theme=participating_theme|relation=company_price_confirmed_macro_secondary,capacity=slot_competition_very_high|same_entry_candidates=20|active_relations=0|risk=proxy_neutral|microstructure=SOURCE_PENDING_NOT_USED,1,20,3,11,0,0,1,,high_quality_setup,BASELINE_ALLOWED,1,0,0,0
TASK617|PWR|20251006T153000Z|slot_decision_explanation,TASK617|PWR|20251006T153000Z,PWR,2025-10-08 14:30:00+00:00,2025-10-06 15:30:00+00:00,power_grid_electrification,validation,priority_candidate,setup=high_quality_setup|catalyst=contract_customer_backlog|price=price_confirmed_basic|theme=emerging_leadership|relation=relation_reinforcing,capacity=slot_competition_very_high|same_entry_candidates=20|active_relations=0|risk=proxy_neutral|microstructure=SOURCE_PENDING_NOT_USED,1,20,2,9,0,0,1,,high_quality_setup,STRENGTH_HOLD_CANDIDATE,1,0,0,0
TASK617|ASTS|20251006T160000Z|slot_decision_explanation,TASK617|ASTS|20251006T160000Z,ASTS,2025-10-08 14:30:00+00:00,2025-10-06 16:00:00+00:00,aerospace_defense_space,validation,priority_candidate,setup=high_quality_setup|catalyst=contract_customer_backlog|price=price_confirmed_but_extended|theme=persistent_leadership|relation=company_price_confirmed_macro_secondary,capacity=slot_competition_very_high|same_entry_candidates=20|active_relations=0|risk=extension_proxy|microstructure=SOURCE_PENDING_NOT_USED,1,20,6,11,0,0,1,,high_quality_setup,BASELINE_ALLOWED,1,0,0,0
TASK617|PANW|20251006T163000Z|slot_decision_explanation,TASK617|PANW|20251006T163000Z,PANW,2025-10-08 14:30:00+00:00,2025-10-06 16:30:00+00:00,cybersecurity,validation,priority_candidate,setup=high_quality_setup|catalyst=contract_customer_backlog|price=price_confirmed_basic|theme=participating_theme|relation=relation_reinforcing,capacity=slot_competition_very_high|same_entry_candidates=20|active_relations=0|risk=proxy_neutral|microstructure=SOURCE_PENDING_NOT_USED,1,20,2,9,0,0,1,,high_quality_setup,STRENGTH_HOLD_CANDIDATE,1,0,0,0
TASK617|ZS|20251006T164500Z|slot_decision_explanation,TASK617|ZS|20251006T164500Z,ZS,2025-10-08 14:30:00+00:00,2025-10-06 16:45:00+00:00,cybersecurity,validation,priority_candidate,setup=high_quality_setup|catalyst=contract_customer_backlog|price=price_confirmed_basic|theme=participating_theme|relation=relation_reinforcing,capacity=slot_competition_very_high|same_entry_candidates=20|active_relations=0|risk=proxy_neutral|microstructure=SOURCE_PENDING_NOT_USED,1,20,2,9,0,0,1,,high_quality_setup,STRENGTH_HOLD_CANDIDATE,1,0,0,0
TASK617|IBIT|20251006T164500Z|slot_decision_explanation,TASK617|IBIT|20251006T164500Z,IBIT,2025-10-08 14:30:00+00:00,2025-10-06 16:45:00+00:00,crypto_fintech,validation,priority_candidate,setup=high_quality_setup|catalyst=contract_customer_backlog|price=price_confirmed_basic|theme=participating_theme|relation=company_price_confirmed_macro_secondary,capacity=slot_competition_very_high|same_entry_candidates=20|active_relations=0|risk=proxy_neutral|microstructure=SOURCE_PENDING_NOT_USED,1,20,1,11,0,0,1,,high_quality_setup,BASELINE_ALLOWED,1,0,0,0
TASK617|RKLB|20251006T173000Z|slot_decision_explanation,TASK617|RKLB|20251006T173000Z,RKLB,2025-10-08 14:30:00+00:00,2025-10-06 17:30:00+00:00,aerospace_defense_space,validation,priority_candidate,setup=high_quality_setup|catalyst=contract_customer_backlog|price=price_confirmed_but_extended|theme=persistent_leadership|relation=company_price_confirmed_macro_secondary,capacity=slot_competition_very_high|same_entry_candidates=20|active_relations=0|risk=extension_proxy|microstructure=SOURCE_PENDING_NOT_USED,1,20,6,11,0,0,1,,high_quality_setup,BASELINE_ALLOWED,1,0,0,0
TASK617|CEG|20251007T133000Z|slot_decision_explanation,TASK617|CEG|20251007T133000Z,CEG,2025-10-09 14:30:00+00:00,2025-10-07 13:30:00+00:00,power_grid_electrification,validation,priority_candidate,setup=high_quality_setup|catalyst=contract_customer_backlog|price=price_confirmed_basic|theme=emerging_leadership|relation=relation_reinforcing,capacity=slot_competition_very_high|same_entry_candidates=14|active_relations=0|risk=proxy_neutral|microstructure=SOURCE_PENDING_NOT_USED,1,14,3,7,0,0,1,,high_quality_setup,STRENGTH_HOLD_CANDIDATE,1,0,0,0
TASK617|RKLB|20251007T133000Z|slot_decision_explanation,TASK617|RKLB|20251007T133000Z,RKLB,2025-10-09 14:30:00+00:00,2025-10-07 13:30:00+00:00,aerospace_defense_space,validation,priority_candidate,setup=high_quality_setup|catalyst=contract_customer_backlog|price=price_confirmed_basic|theme=persistent_leadership|relation=company_price_confirmed_macro_secondary,capacity=slot_competition_very_high|same_entry_candidates=14|active_relations=0|risk=proxy_neutral|microstructure=SOURCE_PENDING_NOT_USED,1,14,4,7,0,0,1,,high_quality_setup,BASELINE_ALLOWED,1,0,0,0
TASK617|PYPL|20251007T133000Z|slot_decision_explanation,TASK617|PYPL|20251007T133000Z,PYPL,2025-10-09 14:30:00+00:00,2025-10-07 13:30:00+00:00,crypto_fintech,validation,priority_candidate,setup=high_quality_setup|catalyst=contract_customer_backlog|price=price_confirmed_basic|theme=participating_theme|relation=company_price_confirmed_macro_secondary,capacity=slot_competition_very_high|same_entry_candidates=14|active_relations=0|risk=high_liquidity_momentum_proxy|microstructure=SOURCE_PENDING_NOT_USED,1,14,2,7,0,0,1,,high_quality_setup,BASELINE_ALLOWED,1,0,0,0
TASK617|MRVL|20251007T133000Z|slot_decision_explanation,TASK617|MRVL|20251007T133000Z,MRVL,2025-10-09 14:30:00+00:00,2025-10-07 13:30:00+00:00,ai_semiconductors,validation,priority_candidate,setup=high_quality_setup|catalyst=contract_customer_backlog|price=price_confirmed_basic|theme=persistent_leadership|relation=relation_reinforcing,capacity=slot_competition_very_high|same_entry_candidates=14|active_relations=0|risk=proxy_neutral|microstructure=SOURCE_PENDING_NOT_USED,1,14,3,7,0,0,1,,high_quality_setup,STRENGTH_HOLD_CANDIDATE,1,0,0,0
TASK617|GD|20251007T133000Z|slot_decision_explanation,TASK617|GD|20251007T133000Z,GD,2025-10-09 14:30:00+00:00,2025-10-07 13:30:00+00:00,aerospace_defense_space,validation,priority_candidate,setup=high_quality_setup|catalyst=contract_customer_backlog|price=price_confirmed_basic|theme=persistent_leadership|relation=company_price_confirmed_macro_secondary,capacity=slot_competition_very_high|same_entry_candidates=14|active_relations=0|risk=proxy_neutral|microstructure=SOURCE_PENDING_NOT_USED,1,14,4,7,0,0,1,,high_quality_setup,BASELINE_ALLOWED,1,0,0,0
TASK617|SOFI|20251007T133000Z|slot_decision_explanation,TASK617|SOFI|20251007T133000Z,SOFI,2025-10-09 14:30:00+00:00,2025-10-07 13:30:00+00:00,crypto_fintech,validation,priority_candidate,setup=high_quality_setup|catalyst=contract_customer_backlog|price=price_confirmed_basic|theme=participating_theme|relation=company_price_confirmed_macro_secondary,capacity=slot_competition_very_high|same_entry_candidates=14|active_relations=0|risk=high_liquidity_momentum_proxy|microstructure=SOURCE_PENDING_NOT_USED,1,14,2,7,0,0,1,,high_quality_setup,BASELINE_ALLOWED,1,0,0,0
TASK617|ASTS|20251007T133000Z|slot_decision_explanation,TASK617|ASTS|20251007T133000Z,ASTS,2025-10-09 14:30:00+00:00,2025-10-07 13:30:00+00:00,aerospace_defense_space,validation,priority_candidate,setup=high_quality_setup|catalyst=contract_customer_backlog|price=price_confirmed_but_extended|theme=persistent_leadership|relation=company_price_confirmed_macro_secondary,capacity=slot_competition_very_high|same_entry_candidates=14|active_relations=0|risk=extension_proxy|microstructure=SOURCE_PENDING_NOT_USED,1,14,4,7,0,0,1,,high_quality_setup,BASELINE_ALLOWED,1,0,0,0
TASK617|ARM|20251007T133000Z|slot_decision_explanation,TASK617|ARM|20251007T133000Z,ARM,2025-10-09 14:30:00+00:00,2025-10-07 13:30:00+00:00,ai_semiconductors,validation,priority_candidate,setup=high_quality_setup|catalyst=contract_customer_backlog|price=price_confirmed_basic|theme=persistent_leadership|relation=relation_reinforcing,capacity=slot_competition_very_high|same_entry_candidates=14|active_relations=0|risk=proxy_neutral|microstructure=SOURCE_PENDING_NOT_USED,1,14,3,7,0,0,1,,high_quality_setup,STRENGTH_HOLD_CANDIDATE,1,0,0,0
TASK617|PWR|20251007T133000Z|slot_decision_explanation,TASK617|PWR|20251007T133000Z,PWR,2025-10-09 14:30:00+00:00,2025-10-07 13:30:00+00:00,power_grid_electrification,validation,priority_candidate,setup=high_quality_setup|catalyst=contract_customer_backlog|price=price_confirmed_but_extended|theme=emerging_leadership|relation=relation_reinforcing,capacity=slot_competition_very_high|same_entry_candidates=14|active_relations=0|risk=extension_proxy|microstructure=SOURCE_PENDING_NOT_USED,1,14,3,7,0,0,1,,high_quality_setup,STRENGTH_HOLD_CANDIDATE,1,0,0,0
TASK617|GE|20251007T133000Z|slot_decision_explanation,TASK617|GE|20251007T133000Z,GE,2025-10-09 14:30:00+00:00,2025-10-07 13:30:00+00:00,industrial_automation_robotics,validation,priority_candidate,setup=medium_quality_setup|catalyst=contract_customer_backlog|price=price_confirmed_but_extended|theme=participating_theme|relation=relation_reinforcing,capacity=slot_competition_very_high|same_entry_candidates=14|active_relations=0|risk=extension_proxy|microstructure=SOURCE_PENDING_NOT_USED,1,14,1,7,0,0,1,,medium_quality_setup,STRENGTH_HOLD_CANDIDATE,1,0,0,0
TASK617|NEE|20251007T134500Z|slot_decision_explanation,TASK617|NEE|20251007T134500Z,NEE,2025-10-09 14:30:00+00:00,2025-10-07 13:45:00+00:00,power_grid_electrification,validation,priority_candidate,setup=high_quality_setup|catalyst=contract_customer_backlog|price=price_confirmed_basic|theme=emerging_leadership|relation=relation_reinforcing,capacity=slot_competition_very_high|same_entry_candidates=14|active_relations=0|risk=proxy_neutral|microstructure=SOURCE_PENDING_NOT_USED,1,14,3,7,0,0,1,,high_quality_setup,STRENGTH_HOLD_CANDIDATE,1,0,0,0
TASK617|NVDA|20251007T134500Z|slot_decision_explanation,TASK617|NVDA|20251007T134500Z,NVDA,2025-10-09 14:30:00+00:00,2025-10-07 13:45:00+00:00,ai_semiconductors,validation,priority_candidate,setup=high_quality_setup|catalyst=contract_customer_backlog|price=price_confirmed_basic|theme=persistent_leadership|relation=relation_reinforcing,capacity=slot_competition_very_high|same_entry_candidates=14|active_relations=0|risk=proxy_neutral|microstructure=SOURCE_PENDING_NOT_USED,1,14,3,7,0,0,1,,high_quality_setup,STRENGTH_HOLD_CANDIDATE,1,0,0,0
TASK617|LLY|20251007T134500Z|slot_decision_explanation,TASK617|LLY|20251007T134500Z,LLY,2025-10-09 14:30:00+00:00,2025-10-07 13:45:00+00:00,biotech_glp1_healthcare,validation,confirmation_required_candidate,setup=medium_quality_setup|catalyst=contract_customer_backlog|price=price_confirmed_basic|theme=fading_leadership|relation=company_price_confirmed_macro_secondary,capacity=slot_competition_very_high|same_entry_candidates=14|active_relations=0|risk=proxy_neutral|microstructure=SOURCE_PENDING_NOT_USED,1,14,1,7,0,0,1,,medium_quality_setup,BASELINE_ALLOWED,1,0,0,0
TASK617|RTX|20251007T183000Z|slot_decision_explanation,TASK617|RTX|20251007T183000Z,RTX,2025-10-09 14:30:00+00:00,2025-10-07 18:30:00+00:00,aerospace_defense_space,validation,priority_candidate,setup=high_quality_setup|catalyst=contract_customer_backlog|price=price_confirmed_basic|theme=persistent_leadership|relation=company_price_confirmed_macro_secondary,capacity=slot_competition_very_high|same_entry_candidates=14|active_relations=0|risk=proxy_neutral|microstructure=SOURCE_PENDING_NOT_USED,1,14,4,7,0,0,1,,high_quality_setup,BASELINE_ALLOWED,1,0,0,0
TASK617|SNOW|20251020T133000Z|slot_decision_explanation,TASK617|SNOW|20251020T133000Z,SNOW,2025-10-22 14:30:00+00:00,2025-10-20 13:30:00+00:00,data_devops_software,validation,priority_candidate,setup=medium_quality_setup|catalyst=contract_customer_backlog|price=price_confirmed_basic|theme=fading_leadership|relation=relation_reinforcing,capacity=slot_competition_very_high|same_entry_candidates=9|active_relations=0|risk=proxy_neutral|microstructure=SOURCE_PENDING_NOT_USED,1,9,1,5,0,0,1,,medium_quality_setup,STRENGTH_HOLD_CANDIDATE,1,0,0,0
TASK617|RKLB|20251020T133000Z|slot_decision_explanation,TASK617|RKLB|20251020T133000Z,RKLB,2025-10-22 14:30:00+00:00,2025-10-20 13:30:00+00:00,aerospace_defense_space,validation,priority_candidate,setup=high_quality_setup|catalyst=contract_customer_backlog|price=price_confirmed_but_extended|theme=persistent_leadership|relation=company_price_confirmed_macro_secondary,capacity=slot_competition_very_high|same_entry_candidates=9|active_relations=0|risk=extension_proxy|microstructure=SOURCE_PENDING_NOT_USED,1,9,2,4,0,0,1,,high_quality_setup,BASELINE_ALLOWED,1,0,0,0
TASK617|ARM|20251020T133000Z|slot_decision_explanation,TASK617|ARM|20251020T133000Z,ARM,2025-10-22 14:30:00+00:00,2025-10-20 13:30:00+00:00,ai_semiconductors,validation,priority_candidate,setup=high_quality_setup|catalyst=contract_customer_backlog|price=price_confirmed_basic|theme=persistent_leadership|relation=relation_reinforcing,capacity=slot_competition_very_high|same_entry_candidates=9|active_relations=0|risk=proxy_neutral|microstructure=SOURCE_PENDING_NOT_USED,1,9,4,5,0,0,1,,high_quality_setup,STRENGTH_HOLD_CANDIDATE,1,0,0,0
TASK617|AMD|20251020T134500Z|slot_decision_explanation,TASK617|AMD|20251020T134500Z,AMD,2025-10-22 14:30:00+00:00,2025-10-20 13:45:00+00:00,ai_semiconductors,validation,priority_candidate,setup=high_quality_setup|catalyst=contract_customer_backlog|price=price_confirmed_but_extended|theme=persistent_leadership|relation=relation_reinforcing,capacity=slot_competition_very_high|same_entry_candidates=9|active_relations=0|risk=extension_proxy|microstructure=SOURCE_PENDING_NOT_USED,1,9,4,5,0,0,1,,high_quality_setup,STRENGTH_HOLD_CANDIDATE,1,0,0,0
TASK617|LMT|20251020T134500Z|slot_decision_explanation,TASK617|LMT|20251020T134500Z,LMT,2025-10-22 14:30:00+00:00,2025-10-20 13:45:00+00:00,aerospace_defense_space,validation,priority_candidate,setup=high_quality_setup|catalyst=contract_customer_backlog|price=price_confirmed_basic|theme=persistent_leadership|relation=company_price_confirmed_macro_secondary,capacity=slot_competition_very_high|same_entry_candidates=9|active_relations=0|risk=proxy_neutral|microstructure=SOURCE_PENDING_NOT_USED,1,9,2,4,0,0,1,,high_quality_setup,BASELINE_ALLOWED,1,0,0,0
TASK617|TSM|20251020T141500Z|slot_decision_explanation,TASK617|TSM|20251020T141500Z,TSM,2025-10-22 14:30:00+00:00,2025-10-20 14:15:00+00:00,ai_semiconductors,validation,priority_candidate,setup=high_quality_setup|catalyst=contract_customer_backlog|price=price_confirmed_basic|theme=persistent_leadership|relation=relation_reinforcing,capacity=slot_competition_very_high|same_entry_candidates=9|active_relations=0|risk=proxy_neutral|microstructure=SOURCE_PENDING_NOT_USED,1,9,4,5,0,0,1,,high_quality_setup,STRENGTH_HOLD_CANDIDATE,1,0,0,0
TASK617|ASML|20251020T141500Z|slot_decision_explanation,TASK617|ASML|20251020T141500Z,ASML,2025-10-22 14:30:00+00:00,2025-10-20 14:15:00+00:00,ai_semiconductors,validation,priority_candidate,setup=high_quality_setup|catalyst=contract_customer_backlog|price=price_confirmed_basic|theme=persistent_leadership|relation=relation_reinforcing,capacity=slot_competition_very_high|same_entry_candidates=9|active_relations=0|risk=proxy_neutral|microstructure=SOURCE_PENDING_NOT_USED,1,9,4,5,0,0,1,,high_quality_setup,STRENGTH_HOLD_CANDIDATE,1,0,0,0
TASK617|ISRG|20251020T143000Z|slot_decision_explanation,TASK617|ISRG|20251020T143000Z,ISRG,2025-10-22 14:30:00+00:00,2025-10-20 14:30:00+00:00,biotech_glp1_healthcare,validation,confirmation_required_candidate,setup=medium_quality_setup|catalyst=contract_customer_backlog|price=price_confirmed_basic|theme=fading_leadership|relation=company_price_confirmed_macro_secondary,capacity=slot_competition_very_high|same_entry_candidates=9|active_relations=0|risk=proxy_neutral|microstructure=SOURCE_PENDING_NOT_USED,1,9,2,4,0,0,1,,medium_quality_setup,BASELINE_ALLOWED,1,0,0,0
TASK617|AMGN|20251020T160000Z|slot_decision_explanation,TASK617|AMGN|20251020T160000Z,AMGN,2025-10-22 14:30:00+00:00,2025-10-20 16:00:00+00:00,biotech_glp1_healthcare,validation,confirmation_required_candidate,setup=medium_quality_setup|catalyst=contract_customer_backlog|price=price_confirmed_basic|theme=fading_leadership|relation=company_price_confirmed_macro_secondary,capacity=slot_competition_very_high|same_entry_candidates=9|active_relations=0|risk=proxy_neutral|microstructure=SOURCE_PENDING_NOT_USED,1,9,2,4,0,0,1,,medium_quality_setup,BASELINE_ALLOWED,1,0,0,0
TASK617|GD|20251021T133000Z|slot_decision_explanation,TASK617|GD|20251021T133000Z,GD,2025-10-23 14:30:00+00:00,2025-10-21 13:30:00+00:00,aerospace_defense_space,validation,priority_candidate,setup=high_quality_setup|catalyst=contract_customer_backlog|price=price_confirmed_but_extended|theme=persistent_leadership|relation=company_price_confirmed_macro_secondary,capacity=slot_competition_high|same_entry_candidates=8|active_relations=0|risk=extension_proxy|microstructure=SOURCE_PENDING_NOT_USED,1,8,3,4,0,0,1,,high_quality_setup,BASELINE_ALLOWED,1,0,0,0
TASK617|TER|20251021T133000Z|slot_decision_explanation,TASK617|TER|20251021T133000Z,TER,2025-10-23 14:30:00+00:00,2025-10-21 13:30:00+00:00,industrial_automation_robotics,validation,priority_candidate,setup=medium_quality_setup|catalyst=contract_customer_backlog|price=price_confirmed_basic|theme=fading_leadership|relation=relation_reinforcing,capacity=slot_competition_high|same_entry_candidates=8|active_relations=0|risk=proxy_neutral|microstructure=SOURCE_PENDING_NOT_USED,1,8,1,4,0,0,1,,medium_quality_setup,STRENGTH_HOLD_CANDIDATE,1,0,0,0
TASK617|RTX|20251021T133000Z|slot_decision_explanation,TASK617|RTX|20251021T133000Z,RTX,2025-10-23 14:30:00+00:00,2025-10-21 13:30:00+00:00,aerospace_defense_space,validation,priority_candidate,setup=high_quality_setup|catalyst=contract_customer_backlog|price=price_confirmed_basic|theme=persistent_leadership|relation=company_price_confirmed_macro_secondary,capacity=slot_competition_high|same_entry_candidates=8|active_relations=0|risk=high_liquidity_momentum_proxy|microstructure=SOURCE_PENDING_NOT_USED,1,8,3,4,0,0,1,,high_quality_setup,BASELINE_ALLOWED,1,0,0,0
TASK617|TEAM|20251021T134500Z|slot_decision_explanation,TASK617|TEAM|20251021T134500Z,TEAM,2025-10-23 14:30:00+00:00,2025-10-21 13:45:00+00:00,data_devops_software,validation,priority_candidate,setup=high_quality_setup|catalyst=contract_customer_backlog|price=price_confirmed_basic|theme=participating_theme|relation=relation_reinforcing,capacity=slot_competition_high|same_entry_candidates=8|active_relations=0|risk=proxy_neutral|microstructure=SOURCE_PENDING_NOT_USED,1,8,2,4,0,0,1,,high_quality_setup,STRENGTH_HOLD_CANDIDATE,1,0,0,0
TASK617|ISRG|20251021T141500Z|slot_decision_explanation,TASK617|ISRG|20251021T141500Z,ISRG,2025-10-23 14:30:00+00:00,2025-10-21 14:15:00+00:00,biotech_glp1_healthcare,validation,priority_candidate,setup=high_quality_setup|catalyst=contract_customer_backlog|price=price_confirmed_basic|theme=participating_theme|relation=company_price_confirmed_macro_secondary,capacity=slot_competition_high|same_entry_candidates=8|active_relations=0|risk=proxy_neutral|microstructure=SOURCE_PENDING_NOT_USED,1,8,1,4,0,0,1,,high_quality_setup,BASELINE_ALLOWED,1,0,0,0
TASK617|ASTS|20251021T143000Z|slot_decision_explanation,TASK617|ASTS|20251021T143000Z,ASTS,2025-10-23 14:30:00+00:00,2025-10-21 14:30:00+00:00,aerospace_defense_space,validation,research_only,setup=fragile_setup|catalyst=contract_customer_backlog|price=price_fragile_or_unconfirmed|theme=persistent_leadership|relation=company_price_confirmed_macro_secondary,capacity=slot_competition_high|same_entry_candidates=8|active_relations=0|risk=high_liquidity_momentum_proxy|microstructure=SOURCE_PENDING_NOT_USED,1,8,3,4,0,0,1,,fragile_setup,BASELINE_ALLOWED,1,0,0,0
TASK617|SNOW|20251021T144500Z|slot_decision_explanation,TASK617|SNOW|20251021T144500Z,SNOW,2025-10-23 14:30:00+00:00,2025-10-21 14:45:00+00:00,data_devops_software,validation,priority_candidate,setup=high_quality_setup|catalyst=contract_customer_backlog|price=price_confirmed_basic|theme=participating_theme|relation=relation_reinforcing,capacity=slot_competition_high|same_entry_candidates=8|active_relations=0|risk=proxy_neutral|microstructure=SOURCE_PENDING_NOT_USED,1,8,2,4,0,0,1,,high_quality_setup,STRENGTH_HOLD_CANDIDATE,1,0,0,0
TASK617|VRT|20251021T151500Z|slot_decision_explanation,TASK617|VRT|20251021T151500Z,VRT,2025-10-23 14:30:00+00:00,2025-10-21 15:15:00+00:00,power_grid_electrification,validation,priority_candidate,setup=high_quality_setup|catalyst=contract_customer_backlog|price=price_accepted_needs_confirmation|theme=participating_theme|relation=relation_reinforcing,capacity=slot_competition_high|same_entry_candidates=8|active_relations=0|risk=proxy_neutral|microstructure=SOURCE_PENDING_NOT_USED,1,8,1,4,0,0,1,,high_quality_setup,STRENGTH_HOLD_CANDIDATE,1,0,0,0
TASK617|SNOW|20251022T133000Z|slot_decision_explanation,TASK617|SNOW|20251022T133000Z,SNOW,2025-10-24 14:30:00+00:00,2025-10-22 13:30:00+00:00,data_devops_software,validation,priority_candidate,setup=high_quality_setup|catalyst=contract_customer_backlog|price=price_confirmed_basic|theme=participating_theme|relation=relation_reinforcing,capacity=slot_competition_high|same_entry_candidates=6|active_relations=0|risk=proxy_neutral|microstructure=SOURCE_PENDING_NOT_USED,1,6,1,3,0,0,1,,high_quality_setup,STRENGTH_HOLD_CANDIDATE,1,0,0,0
TASK617|RTX|20251022T133000Z|slot_decision_explanation,TASK617|RTX|20251022T133000Z,RTX,2025-10-24 14:30:00+00:00,2025-10-22 13:30:00+00:00,aerospace_defense_space,validation,priority_candidate,setup=high_quality_setup|catalyst=contract_customer_backlog|price=price_confirmed_but_extended|theme=participating_theme|relation=company_price_confirmed_macro_secondary,capacity=slot_competition_high|same_entry_candidates=6|active_relations=0|risk=extension_proxy|microstructure=SOURCE_PENDING_NOT_USED,1,6,2,3,0,0,1,,high_quality_setup,BASELINE_ALLOWED,1,0,0,0
TASK617|ASML|20251022T134500Z|slot_decision_explanation,TASK617|ASML|20251022T134500Z,ASML,2025-10-24 14:30:00+00:00,2025-10-22 13:45:00+00:00,ai_semiconductors,validation,priority_candidate,setup=high_quality_setup|catalyst=contract_customer_backlog|price=price_confirmed_basic|theme=participating_theme|relation=relation_reinforcing,capacity=slot_competition_high|same_entry_candidates=6|active_relations=0|risk=proxy_neutral|microstructure=SOURCE_PENDING_NOT_USED,1,6,1,3,0,0,1,,high_quality_setup,STRENGTH_HOLD_CANDIDATE,1,0,0,0
TASK617|RKLB|20251022T134500Z|slot_decision_explanation,TASK617|RKLB|20251022T134500Z,RKLB,2025-10-24 14:30:00+00:00,2025-10-22 13:45:00+00:00,aerospace_defense_space,validation,priority_candidate,setup=high_quality_setup|catalyst=contract_customer_backlog|price=price_confirmed_basic|theme=participating_theme|relation=company_price_confirmed_macro_secondary,capacity=slot_competition_high|same_entry_candidates=6|active_relations=0|risk=high_liquidity_momentum_proxy|microstructure=SOURCE_PENDING_NOT_USED,1,6,2,3,0,0,1,,high_quality_setup,BASELINE_ALLOWED,1,0,0,0
TASK617|ZS|20251022T134500Z|slot_decision_explanation,TASK617|ZS|20251022T134500Z,ZS,2025-10-24 14:30:00+00:00,2025-10-22 13:45:00+00:00,cybersecurity,validation,priority_candidate,setup=medium_quality_setup|catalyst=contract_customer_backlog|price=price_confirmed_basic|theme=fading_leadership|relation=relation_reinforcing,capacity=slot_competition_high|same_entry_candidates=6|active_relations=0|risk=proxy_neutral|microstructure=SOURCE_PENDING_NOT_USED,1,6,1,3,0,0,1,,medium_quality_setup,STRENGTH_HOLD_CANDIDATE,1,0,0,0
TASK617|AMGN|20251022T141500Z|slot_decision_explanation,TASK617|AMGN|20251022T141500Z,AMGN,2025-10-24 14:30:00+00:00,2025-10-22 14:15:00+00:00,biotech_glp1_healthcare,validation,priority_candidate,setup=high_quality_setup|catalyst=contract_customer_backlog|price=price_confirmed_basic|theme=participating_theme|relation=company_price_confirmed_macro_secondary,capacity=slot_competition_high|same_entry_candidates=6|active_relations=0|risk=proxy_neutral|microstructure=SOURCE_PENDING_NOT_USED,1,6,1,3,0,0,1,,high_quality_setup,BASELINE_ALLOWED,1,0,0,0
TASK617|GD|20251023T133000Z|slot_decision_explanation,TASK617|GD|20251023T133000Z,GD,2025-10-27 14:30:00+00:00,2025-10-23 13:30:00+00:00,aerospace_defense_space,validation,priority_candidate,setup=high_quality_setup|catalyst=contract_customer_backlog|price=price_confirmed_but_extended|theme=persistent_leadership|relation=company_price_confirmed_macro_secondary,capacity=slot_competition_very_high|same_entry_candidates=16|active_relations=0|risk=extension_proxy|microstructure=SOURCE_PENDING_NOT_USED,1,16,3,6,0,0,1,,high_quality_setup,BASELINE_ALLOWED,1,0,0,0
TASK617|PANW|20251023T133000Z|slot_decision_explanation,TASK617|PANW|20251023T133000Z,PANW,2025-10-27 14:30:00+00:00,2025-10-23 13:30:00+00:00,cybersecurity,validation,priority_candidate,setup=medium_quality_setup|catalyst=contract_customer_backlog|price=price_confirmed_basic|theme=participating_theme|relation=relation_reinforcing,capacity=slot_competition_very_high|same_entry_candidates=16|active_relations=0|risk=proxy_neutral|microstructure=SOURCE_PENDING_NOT_USED,1,16,3,10,0,0,1,,medium_quality_setup,STRENGTH_HOLD_CANDIDATE,1,0,0,0
TASK617|RKLB|20251023T133000Z|slot_decision_explanation,TASK617|RKLB|20251023T133000Z,RKLB,2025-10-27 14:30:00+00:00,2025-10-23 13:30:00+00:00,aerospace_defense_space,validation,priority_candidate,setup=high_quality_setup|catalyst=contract_customer_backlog|price=price_confirmed_basic|theme=persistent_leadership|relation=company_price_confirmed_macro_secondary,capacity=slot_competition_very_high|same_entry_candidates=16|active_relations=0|risk=proxy_neutral|microstructure=SOURCE_PENDING_NOT_USED,1,16,3,6,0,0,1,,high_quality_setup,BASELINE_ALLOWED,1,0,0,0
TASK617|VRT|20251023T133000Z|slot_decision_explanation,TASK617|VRT|20251023T133000Z,VRT,2025-10-27 14:30:00+00:00,2025-10-23 13:30:00+00:00,power_grid_electrification,validation,priority_candidate,setup=high_quality_setup|catalyst=contract_customer_backlog|price=price_confirmed_basic|theme=participating_theme|relation=relation_reinforcing,capacity=slot_competition_very_high|same_entry_candidates=16|active_relations=0|risk=proxy_neutral|microstructure=SOURCE_PENDING_NOT_USED,1,16,2,10,0,0,1,,high_quality_setup,STRENGTH_HOLD_CANDIDATE,1,0,0,0
TASK617|ZS|20251023T133000Z|slot_decision_explanation,TASK617|ZS|20251023T133000Z,ZS,2025-10-27 14:30:00+00:00,2025-10-23 13:30:00+00:00,cybersecurity,validation,priority_candidate,setup=medium_quality_setup|catalyst=contract_customer_backlog|price=price_confirmed_basic|theme=participating_theme|relation=relation_reinforcing,capacity=slot_competition_very_high|same_entry_candidates=16|active_relations=0|risk=proxy_neutral|microstructure=SOURCE_PENDING_NOT_USED,1,16,3,10,0,0,1,,medium_quality_setup,STRENGTH_HOLD_CANDIDATE,1,0,0,0
TASK617|TER|20251023T133000Z|slot_decision_explanation,TASK617|TER|20251023T133000Z,TER,2025-10-27 14:30:00+00:00,2025-10-23 13:30:00+00:00,industrial_automation_robotics,validation,priority_candidate,setup=high_quality_setup|catalyst=contract_customer_backlog|price=price_confirmed_basic|theme=participating_theme|relation=relation_reinforcing,capacity=slot_competition_very_high|same_entry_candidates=16|active_relations=0|risk=proxy_neutral|microstructure=SOURCE_PENDING_NOT_USED,1,16,3,10,0,0,1,,high_quality_setup,STRENGTH_HOLD_CANDIDATE,1,0,0,0
TASK617|SNOW|20251023T133000Z|slot_decision_explanation,TASK617|SNOW|20251023T133000Z,SNOW,2025-10-27 14:30:00+00:00,2025-10-23 13:30:00+00:00,data_devops_software,validation,priority_candidate,setup=medium_quality_setup|catalyst=contract_customer_backlog|price=price_confirmed_basic|theme=fading_leadership|relation=relation_reinforcing,capacity=slot_competition_very_high|same_entry_candidates=16|active_relations=0|risk=proxy_neutral|microstructure=SOURCE_PENDING_NOT_USED,1,16,1,10,0,0,1,,medium_quality_setup,STRENGTH_HOLD_CANDIDATE,1,0,0,0
TASK617|PWR|20251023T133000Z|slot_decision_explanation,TASK617|PWR|20251023T133000Z,PWR,2025-10-27 14:30:00+00:00,2025-10-23 13:30:00+00:00,power_grid_electrification,validation,priority_candidate,setup=high_quality_setup|catalyst=contract_customer_backlog|price=price_confirmed_basic|theme=participating_theme|relation=relation_reinforcing,capacity=slot_competition_very_high|same_entry_candidates=16|active_relations=0|risk=proxy_neutral|microstructure=SOURCE_PENDING_NOT_USED,1,16,2,10,0,0,1,,high_quality_setup,STRENGTH_HOLD_CANDIDATE,1,0,0,0
TASK617|RTX|20251023T133000Z|slot_decision_explanation,TASK617|RTX|20251023T133000Z,RTX,2025-10-27 14:30:00+00:00,2025-10-23 13:30:00+00:00,aerospace_defense_space,validation,priority_candidate,setup=high_quality_setup|catalyst=contract_customer_backlog|price=price_confirmed_basic|theme=persistent_leadership|relation=company_price_confirmed_macro_secondary,capacity=slot_competition_very_high|same_entry_candidates=16|active_relations=0|risk=proxy_neutral|microstructure=SOURCE_PENDING_NOT_USED,1,16,3,6,0,0,1,,high_quality_setup,BASELINE_ALLOWED,1,0,0,0
TASK617|CRWD|20251023T134500Z|slot_decision_explanation,TASK617|CRWD|20251023T134500Z,CRWD,2025-10-27 14:30:00+00:00,2025-10-23 13:45:00+00:00,cybersecurity,validation,priority_candidate,setup=medium_quality_setup|catalyst=contract_customer_backlog|price=price_confirmed_but_extended|theme=participating_theme|relation=relation_reinforcing,capacity=slot_competition_very_high|same_entry_candidates=16|active_relations=0|risk=extension_proxy|microstructure=SOURCE_PENDING_NOT_USED,1,16,3,10,0,0,1,,medium_quality_setup,STRENGTH_HOLD_CANDIDATE,1,0,0,0
TASK617|AMD|20251023T134500Z|slot_decision_explanation,TASK617|AMD|20251023T134500Z,AMD,2025-10-27 14:30:00+00:00,2025-10-23 13:45:00+00:00,ai_semiconductors,validation,priority_candidate,setup=medium_quality_setup|catalyst=contract_customer_backlog|price=price_confirmed_basic|theme=fading_leadership|relation=relation_reinforcing,capacity=slot_competition_very_high|same_entry_candidates=16|active_relations=0|risk=proxy_neutral|microstructure=SOURCE_PENDING_NOT_USED,1,16,2,10,0,0,1,,medium_quality_setup,STRENGTH_HOLD_CANDIDATE,1,0,0,0
TASK617|HOOD|20251023T134500Z|slot_decision_explanation,TASK617|HOOD|20251023T134500Z,HOOD,2025-10-27 14:30:00+00:00,2025-10-23 13:45:00+00:00,crypto_fintech,validation,confirmation_required_candidate,setup=medium_quality_setup|catalyst=contract_customer_backlog|price=price_confirmed_basic|theme=fading_leadership|relation=company_price_confirmed_macro_secondary,capacity=slot_competition_very_high|same_entry_candidates=16|active_relations=0|risk=proxy_neutral|microstructure=SOURCE_PENDING_NOT_USED,1,16,1,6,0,0,1,,medium_quality_setup,BASELINE_ALLOWED,1,0,0,0
TASK617|ISRG|20251023T134500Z|slot_decision_explanation,TASK617|ISRG|20251023T134500Z,ISRG,2025-10-27 14:30:00+00:00,2025-10-23 13:45:00+00:00,biotech_glp1_healthcare,validation,priority_candidate,setup=high_quality_setup|catalyst=contract_customer_backlog|price=price_confirmed_basic|theme=participating_theme|relation=company_price_confirmed_macro_secondary,capacity=slot_competition_very_high|same_entry_candidates=16|active_relations=0|risk=proxy_neutral|microstructure=SOURCE_PENDING_NOT_USED,1,16,1,6,0,0,1,,high_quality_setup,BASELINE_ALLOWED,1,0,0,0
TASK617|ASML|20251023T140000Z|slot_decision_explanation,TASK617|ASML|20251023T140000Z,ASML,2025-10-27 14:30:00+00:00,2025-10-23 14:00:00+00:00,ai_semiconductors,validation,priority_candidate,setup=medium_quality_setup|catalyst=contract_customer_backlog|price=price_confirmed_basic|theme=fading_leadership|relation=relation_reinforcing,capacity=slot_competition_very_high|same_entry_candidates=16|active_relations=0|risk=proxy_neutral|microstructure=SOURCE_PENDING_NOT_USED,1,16,2,10,0,0,1,,medium_quality_setup,STRENGTH_HOLD_CANDIDATE,1,0,0,0
TASK617|HON|20251023T141500Z|slot_decision_explanation,TASK617|HON|20251023T141500Z,HON,2025-10-27 14:30:00+00:00,2025-10-23 14:15:00+00:00,industrial_automation_robotics,validation,priority_candidate,setup=high_quality_setup|catalyst=contract_customer_backlog|price=price_confirmed_basic|theme=participating_theme|relation=company_price_confirmed_macro_secondary,capacity=slot_competition_very_high|same_entry_candidates=16|active_relations=0|risk=proxy_neutral|microstructure=SOURCE_PENDING_NOT_USED,1,16,3,6,0,0,1,,high_quality_setup,BASELINE_ALLOWED,1,0,0,0
TASK617|ROK|20251023T173000Z|slot_decision_explanation,TASK617|ROK|20251023T173000Z,ROK,2025-10-27 14:30:00+00:00,2025-10-23 17:30:00+00:00,industrial_automation_robotics,validation,priority_candidate,setup=high_quality_setup|catalyst=contract_customer_backlog|price=price_confirmed_basic|theme=participating_theme|relation=relation_reinforcing,capacity=slot_competition_very_high|same_entry_candidates=16|active_relations=0|risk=proxy_neutral|microstructure=SOURCE_PENDING_NOT_USED,1,16,3,10,0,0,1,,high_quality_setup,STRENGTH_HOLD_CANDIDATE,1,0,0,0
TASK617|TER|20251027T133000Z|slot_decision_explanation,TASK617|TER|20251027T133000Z,TER,2025-10-29 14:30:00+00:00,2025-10-27 13:30:00+00:00,industrial_automation_robotics,validation,confirmation_required_candidate,setup=medium_quality_setup|catalyst=contract_supply_combo|price=price_confirmed_but_extended|theme=participating_theme|relation=company_positive_confirmation_needed,capacity=slot_competition_very_high|same_entry_candidates=18|active_relations=0|risk=extension_proxy|microstructure=SOURCE_PENDING_NOT_USED,1,18,2,14,0,0,1,,medium_quality_setup,BASELINE_ALLOWED,1,0,0,0
TASK617|SNOW|20251027T133000Z|slot_decision_explanation,TASK617|SNOW|20251027T133000Z,SNOW,2025-10-29 14:30:00+00:00,2025-10-27 13:30:00+00:00,data_devops_software,validation,priority_candidate,setup=medium_quality_setup|catalyst=guidance_margin_upgrade|price=price_confirmed_basic|theme=participating_theme|relation=relation_reinforcing,capacity=slot_competition_very_high|same_entry_candidates=18|active_relations=0|risk=proxy_neutral|microstructure=SOURCE_PENDING_NOT_USED,1,18,4,4,0,0,1,,medium_quality_setup,STRENGTH_HOLD_CANDIDATE,1,0,0,0
TASK617|NVDA|20251027T133000Z|slot_decision_explanation,TASK617|NVDA|20251027T133000Z,NVDA,2025-10-29 14:30:00+00:00,2025-10-27 13:30:00+00:00,ai_semiconductors,validation,confirmation_required_candidate,setup=uncertain_setup|catalyst=supply_demand_shock|price=price_confirmed_basic|theme=persistent_leadership|relation=company_positive_confirmation_needed,capacity=slot_competition_very_high|same_entry_candidates=18|active_relations=0|risk=proxy_neutral|microstructure=SOURCE_PENDING_NOT_USED,1,18,4,14,0,0,1,,uncertain_setup,BASELINE_ALLOWED,1,0,0,0
TASK617|VRT|20251027T133000Z|slot_decision_explanation,TASK617|VRT|20251027T133000Z,VRT,2025-10-29 14:30:00+00:00,2025-10-27 13:30:00+00:00,power_grid_electrification,validation,confirmation_required_candidate,setup=uncertain_setup|catalyst=supply_demand_shock|price=price_confirmed_basic|theme=emerging_leadership|relation=company_positive_confirmation_needed,capacity=slot_competition_very_high|same_entry_candidates=18|active_relations=0|risk=proxy_neutral|microstructure=SOURCE_PENDING_NOT_USED,1,18,2,14,0,0,1,,uncertain_setup,BASELINE_ALLOWED,1,0,0,0
TASK617|DDOG|20251027T133000Z|slot_decision_explanation,TASK617|DDOG|20251027T133000Z,DDOG,2025-10-29 14:30:00+00:00,2025-10-27 13:30:00+00:00,data_devops_software,validation,priority_candidate,setup=medium_quality_setup|catalyst=guidance_margin_upgrade|price=price_confirmed_basic|theme=participating_theme|relation=relation_reinforcing,capacity=slot_competition_very_high|same_entry_candidates=18|active_relations=0|risk=proxy_neutral|microstructure=SOURCE_PENDING_NOT_USED,1,18,4,4,0,0,1,,medium_quality_setup,STRENGTH_HOLD_CANDIDATE,1,0,0,0
TASK617|MDB|20251027T133000Z|slot_decision_explanation,TASK617|MDB|20251027T133000Z,MDB,2025-10-29 14:30:00+00:00,2025-10-27 13:30:00+00:00,data_devops_software,validation,priority_candidate,setup=medium_quality_setup|catalyst=guidance_margin_upgrade|price=price_confirmed_basic|theme=participating_theme|relation=relation_reinforcing,capacity=slot_competition_very_high|same_entry_candidates=18|active_relations=0|risk=proxy_neutral|microstructure=SOURCE_PENDING_NOT_USED,1,18,4,4,0,0,1,,medium_quality_setup,STRENGTH_HOLD_CANDIDATE,1,0,0,0
TASK617|NEE|20251027T134500Z|slot_decision_explanation,TASK617|NEE|20251027T134500Z,NEE,2025-10-29 14:30:00+00:00,2025-10-27 13:45:00+00:00,power_grid_electrification,validation,confirmation_required_candidate,setup=uncertain_setup|catalyst=supply_demand_shock|price=price_confirmed_basic|theme=emerging_leadership|relation=company_positive_confirmation_needed,capacity=slot_competition_very_high|same_entry_candidates=18|active_relations=0|risk=proxy_neutral|microstructure=SOURCE_PENDING_NOT_USED,1,18,2,14,0,0,1,,uncertain_setup,BASELINE_ALLOWED,1,0,0,0
TASK617|SOFI|20251027T134500Z|slot_decision_explanation,TASK617|SOFI|20251027T134500Z,SOFI,2025-10-29 14:30:00+00:00,2025-10-27 13:45:00+00:00,crypto_fintech,validation,confirmation_required_candidate,setup=uncertain_setup|catalyst=supply_demand_shock|price=price_confirmed_basic|theme=fading_leadership|relation=company_positive_confirmation_needed,capacity=slot_competition_very_high|same_entry_candidates=18|active_relations=0|risk=proxy_neutral|microstructure=SOURCE_PENDING_NOT_USED,1,18,2,14,0,0,1,,uncertain_setup,BASELINE_ALLOWED,1,0,0,0
TASK617|PLTR|20251027T134500Z|slot_decision_explanation,TASK617|PLTR|20251027T134500Z,PLTR,2025-10-29 14:30:00+00:00,2025-10-27 13:45:00+00:00,data_devops_software,validation,priority_candidate,setup=medium_quality_setup|catalyst=guidance_margin_upgrade|price=price_confirmed_basic|theme=participating_theme|relation=relation_reinforcing,capacity=slot_competition_very_high|same_entry_candidates=18|active_relations=0|risk=proxy_neutral|microstructure=SOURCE_PENDING_NOT_USED,1,18,4,4,0,0,1,,medium_quality_setup,STRENGTH_HOLD_CANDIDATE,1,0,0,0
TASK617|PANW|20251027T134500Z|slot_decision_explanation,TASK617|PANW|20251027T134500Z,PANW,2025-10-29 14:30:00+00:00,2025-10-27 13:45:00+00:00,cybersecurity,validation,confirmation_required_candidate,setup=uncertain_setup|catalyst=supply_demand_shock|price=price_confirmed_basic|theme=participating_theme|relation=company_positive_confirmation_needed,capacity=slot_competition_very_high|same_entry_candidates=18|active_relations=0|risk=proxy_neutral|microstructure=SOURCE_PENDING_NOT_USED,1,18,2,14,0,0,1,,uncertain_setup,BASELINE_ALLOWED,1,0,0,0
TASK617|GE|20251027T140000Z|slot_decision_explanation,TASK617|GE|20251027T140000Z,GE,2025-10-29 14:30:00+00:00,2025-10-27 14:00:00+00:00,industrial_automation_robotics,validation,confirmation_required_candidate,setup=medium_quality_setup|catalyst=contract_supply_combo|price=price_confirmed_basic|theme=participating_theme|relation=company_positive_confirmation_needed,capacity=slot_competition_very_high|same_entry_candidates=18|active_relations=0|risk=proxy_neutral|microstructure=SOURCE_PENDING_NOT_USED,1,18,2,14,0,0,1,,medium_quality_setup,BASELINE_ALLOWED,1,0,0,0
TASK617|ARM|20251027T141500Z|slot_decision_explanation,TASK617|ARM|20251027T141500Z,ARM,2025-10-29 14:30:00+00:00,2025-10-27 14:15:00+00:00,ai_semiconductors,validation,confirmation_required_candidate,setup=uncertain_setup|catalyst=supply_demand_shock|price=price_confirmed_basic|theme=persistent_leadership|relation=company_positive_confirmation_needed,capacity=slot_competition_very_high|same_entry_candidates=18|active_relations=0|risk=proxy_neutral|microstructure=SOURCE_PENDING_NOT_USED,1,18,4,14,0,0,1,,uncertain_setup,BASELINE_ALLOWED,1,0,0,0
TASK617|ASML|20251027T143000Z|slot_decision_explanation,TASK617|ASML|20251027T143000Z,ASML,2025-10-29 14:30:00+00:00,2025-10-27 14:30:00+00:00,ai_semiconductors,validation,confirmation_required_candidate,setup=uncertain_setup|catalyst=supply_demand_shock|price=price_confirmed_basic|theme=persistent_leadership|relation=company_positive_confirmation_needed,capacity=slot_competition_very_high|same_entry_candidates=18|active_relations=0|risk=proxy_neutral|microstructure=SOURCE_PENDING_NOT_USED,1,18,4,14,0,0,1,,uncertain_setup,BASELINE_ALLOWED,1,0,0,0
TASK617|GOOGL|20251027T151500Z|slot_decision_explanation,TASK617|GOOGL|20251027T151500Z,GOOGL,2025-10-29 14:30:00+00:00,2025-10-27 15:15:00+00:00,cloud_ai_platforms,validation,confirmation_required_candidate,setup=uncertain_setup|catalyst=supply_demand_shock|price=price_confirmed_basic|theme=participating_theme|relation=company_positive_confirmation_needed,capacity=slot_competition_very_high|same_entry_candidates=18|active_relations=0|risk=proxy_neutral|microstructure=SOURCE_PENDING_NOT_USED,1,18,1,14,0,0,1,,uncertain_setup,BASELINE_ALLOWED,1,0,0,0
TASK617|ISRG|20251027T153000Z|slot_decision_explanation,TASK617|ISRG|20251027T153000Z,ISRG,2025-10-29 14:30:00+00:00,2025-10-27 15:30:00+00:00,biotech_glp1_healthcare,validation,confirmation_required_candidate,setup=uncertain_setup|catalyst=supply_demand_shock|price=price_confirmed_basic|theme=participating_theme|relation=company_positive_confirmation_needed,capacity=slot_competition_very_high|same_entry_candidates=18|active_relations=0|risk=proxy_neutral|microstructure=SOURCE_PENDING_NOT_USED,1,18,1,14,0,0,1,,uncertain_setup,BASELINE_ALLOWED,1,0,0,0
TASK617|COIN|20251027T154500Z|slot_decision_explanation,TASK617|COIN|20251027T154500Z,COIN,2025-10-29 14:30:00+00:00,2025-10-27 15:45:00+00:00,crypto_fintech,validation,confirmation_required_candidate,setup=uncertain_setup|catalyst=supply_demand_shock|price=price_accepted_needs_confirmation|theme=fading_leadership|relation=company_positive_confirmation_needed,capacity=slot_competition_very_high|same_entry_candidates=18|active_relations=0|risk=proxy_neutral|microstructure=SOURCE_PENDING_NOT_USED,1,18,2,14,0,0,1,,uncertain_setup,BASELINE_ALLOWED,1,0,0,0
TASK617|ZS|20251027T183000Z|slot_decision_explanation,TASK617|ZS|20251027T183000Z,ZS,2025-10-29 14:30:00+00:00,2025-10-27 18:30:00+00:00,cybersecurity,validation,confirmation_required_candidate,setup=uncertain_setup|catalyst=supply_demand_shock|price=price_confirmed_but_extended|theme=participating_theme|relation=company_positive_confirmation_needed,capacity=slot_competition_very_high|same_entry_candidates=18|active_relations=0|risk=extension_proxy|microstructure=SOURCE_PENDING_NOT_USED,1,18,2,14,0,0,1,,uncertain_setup,BASELINE_ALLOWED,1,0,0,0
TASK617|AMD|20251027T194500Z|slot_decision_explanation,TASK617|AMD|20251027T194500Z,AMD,2025-10-29 14:30:00+00:00,2025-10-27 19:45:00+00:00,ai_semiconductors,validation,confirmation_required_candidate,setup=uncertain_setup|catalyst=supply_demand_shock|price=price_confirmed_basic|theme=persistent_leadership|relation=company_positive_confirmation_needed,capacity=slot_competition_very_high|same_entry_candidates=18|active_relations=0|risk=proxy_neutral|microstructure=SOURCE_PENDING_NOT_USED,1,18,4,14,0,0,1,,uncertain_setup,BASELINE_ALLOWED,1,0,0,0
TASK617|AVGO|20251028T133000Z|slot_decision_explanation,TASK617|AVGO|20251028T133000Z,AVGO,2025-10-30 14:30:00+00:00,2025-10-28 13:30:00+00:00,ai_semiconductors,validation,confirmation_required_candidate,setup=uncertain_setup|catalyst=supply_demand_shock|price=price_confirmed_basic|theme=persistent_leadership|relation=company_positive_confirmation_needed,capacity=slot_competition_very_high|same_entry_candidates=15|active_relations=0|risk=proxy_neutral|microstructure=SOURCE_PENDING_NOT_USED,1,15,4,14,0,0,1,,uncertain_setup,BASELINE_ALLOWED,1,0,0,0
TASK617|PYPL|20251028T133000Z|slot_decision_explanation,TASK617|PYPL|20251028T133000Z,PYPL,2025-10-30 14:30:00+00:00,2025-10-28 13:30:00+00:00,crypto_fintech,validation,confirmation_required_candidate,setup=uncertain_setup|catalyst=supply_demand_shock|price=price_confirmed_basic|theme=participating_theme|relation=company_positive_confirmation_needed,capacity=slot_competition_very_high|same_entry_candidates=15|active_relations=0|risk=high_liquidity_momentum_proxy|microstructure=SOURCE_PENDING_NOT_USED,1,15,2,14,0,0,1,,uncertain_setup,BASELINE_ALLOWED,1,0,0,0
TASK617|REGN|20251028T133000Z|slot_decision_explanation,TASK617|REGN|20251028T133000Z,REGN,2025-10-30 14:30:00+00:00,2025-10-28 13:30:00+00:00,biotech_glp1_healthcare,validation,confirmation_required_candidate,setup=uncertain_setup|catalyst=supply_demand_shock|price=price_confirmed_basic|theme=participating_theme|relation=company_positive_confirmation_needed,capacity=slot_competition_very_high|same_entry_candidates=15|active_relations=0|risk=proxy_neutral|microstructure=SOURCE_PENDING_NOT_USED,1,15,2,14,0,0,1,,uncertain_setup,BASELINE_ALLOWED,1,0,0,0
TASK617|SNOW|20251028T134500Z|slot_decision_explanation,TASK617|SNOW|20251028T134500Z,SNOW,2025-10-30 14:30:00+00:00,2025-10-28 13:45:00+00:00,data_devops_software,validation,priority_candidate,setup=medium_quality_setup|catalyst=guidance_margin_upgrade|price=price_confirmed_basic|theme=fading_leadership|relation=relation_reinforcing,capacity=slot_competition_very_high|same_entry_candidates=15|active_relations=0|risk=proxy_neutral|microstructure=SOURCE_PENDING_NOT_USED,1,15,1,1,0,0,1,,medium_quality_setup,STRENGTH_HOLD_CANDIDATE,1,0,0,0
TASK617|RTX|20251028T140000Z|slot_decision_explanation,TASK617|RTX|20251028T140000Z,RTX,2025-10-30 14:30:00+00:00,2025-10-28 14:00:00+00:00,aerospace_defense_space,validation,confirmation_required_candidate,setup=medium_quality_setup|catalyst=contract_supply_combo|price=price_confirmed_basic|theme=persistent_leadership|relation=company_positive_confirmation_needed,capacity=slot_competition_very_high|same_entry_candidates=15|active_relations=0|risk=proxy_neutral|microstructure=SOURCE_PENDING_NOT_USED,1,15,2,14,0,0,1,,medium_quality_setup,BASELINE_ALLOWED,1,0,0,0
TASK617|AMD|20251028T140000Z|slot_decision_explanation,TASK617|AMD|20251028T140000Z,AMD,2025-10-30 14:30:00+00:00,2025-10-28 14:00:00+00:00,ai_semiconductors,validation,confirmation_required_candidate,setup=uncertain_setup|catalyst=supply_demand_shock|price=price_confirmed_basic|theme=persistent_leadership|relation=company_positive_confirmation_needed,capacity=slot_competition_very_high|same_entry_candidates=15|active_relations=0|risk=proxy_neutral|microstructure=SOURCE_PENDING_NOT_USED,1,15,4,14,0,0,1,,uncertain_setup,BASELINE_ALLOWED,1,0,0,0
TASK617|CRM|20251028T143000Z|slot_decision_explanation,TASK617|CRM|20251028T143000Z,CRM,2025-10-30 14:30:00+00:00,2025-10-28 14:30:00+00:00,cloud_ai_platforms,validation,confirmation_required_candidate,setup=uncertain_setup|catalyst=supply_demand_shock|price=price_confirmed_basic|theme=participating_theme|relation=company_positive_confirmation_needed,capacity=slot_competition_very_high|same_entry_candidates=15|active_relations=0|risk=proxy_neutral|microstructure=SOURCE_PENDING_NOT_USED,1,15,1,14,0,0,1,,uncertain_setup,BASELINE_ALLOWED,1,0,0,0
TASK617|CRWD|20251028T143000Z|slot_decision_explanation,TASK617|CRWD|20251028T143000Z,CRWD,2025-10-30 14:30:00+00:00,2025-10-28 14:30:00+00:00,cybersecurity,validation,confirmation_required_candidate,setup=uncertain_setup|catalyst=supply_demand_shock|price=price_confirmed_but_extended|theme=participating_theme|relation=company_positive_confirmation_needed,capacity=slot_competition_very_high|same_entry_candidates=15|active_relations=0|risk=extension_proxy|microstructure=SOURCE_PENDING_NOT_USED,1,15,3,14,0,0,1,,uncertain_setup,BASELINE_ALLOWED,1,0,0,0
TASK617|RKLB|20251028T144500Z|slot_decision_explanation,TASK617|RKLB|20251028T144500Z,RKLB,2025-10-30 14:30:00+00:00,2025-10-28 14:45:00+00:00,aerospace_defense_space,validation,research_only,setup=fragile_setup|catalyst=contract_supply_combo|price=price_fragile_or_unconfirmed|theme=persistent_leadership|relation=company_positive_confirmation_needed,capacity=slot_competition_very_high|same_entry_candidates=15|active_relations=0|risk=proxy_neutral|microstructure=SOURCE_PENDING_NOT_USED,1,15,2,14,0,0,1,,fragile_setup,BASELINE_ALLOWED,1,0,0,0
TASK617|TSM|20251028T170000Z|slot_decision_explanation,TASK617|TSM|20251028T170000Z,TSM,2025-10-30 14:30:00+00:00,2025-10-28 17:00:00+00:00,ai_semiconductors,validation,confirmation_required_candidate,setup=uncertain_setup|catalyst=supply_demand_shock|price=price_confirmed_basic|theme=persistent_leadership|relation=company_positive_confirmation_needed,capacity=slot_competition_very_high|same_entry_candidates=15|active_relations=0|risk=proxy_neutral|microstructure=SOURCE_PENDING_NOT_USED,1,15,4,14,0,0,1,,uncertain_setup,BASELINE_ALLOWED,1,0,0,0
TASK617|NVDA|20251028T170000Z|slot_decision_explanation,TASK617|NVDA|20251028T170000Z,NVDA,2025-10-30 14:30:00+00:00,2025-10-28 17:00:00+00:00,ai_semiconductors,validation,confirmation_required_candidate,setup=uncertain_setup|catalyst=supply_demand_shock|price=price_confirmed_basic|theme=persistent_leadership|relation=company_positive_confirmation_needed,capacity=slot_competition_very_high|same_entry_candidates=15|active_relations=0|risk=proxy_neutral|microstructure=SOURCE_PENDING_NOT_USED,1,15,4,14,0,0,1,,uncertain_setup,BASELINE_ALLOWED,1,0,0,0
TASK617|SOFI|20251028T180000Z|slot_decision_explanation,TASK617|SOFI|20251028T180000Z,SOFI,2025-10-30 14:30:00+00:00,2025-10-28 18:00:00+00:00,crypto_fintech,validation,confirmation_required_candidate,setup=uncertain_setup|catalyst=supply_demand_shock|price=price_confirmed_basic|theme=participating_theme|relation=company_positive_confirmation_needed,capacity=slot_competition_very_high|same_entry_candidates=15|active_relations=0|risk=high_liquidity_momentum_proxy|microstructure=SOURCE_PENDING_NOT_USED,1,15,2,14,0,0,1,,uncertain_setup,BASELINE_ALLOWED,1,0,0,0
TASK617|PANW|20251028T190000Z|slot_decision_explanation,TASK617|PANW|20251028T190000Z,PANW,2025-10-30 14:30:00+00:00,2025-10-28 19:00:00+00:00,cybersecurity,validation,confirmation_required_candidate,setup=uncertain_setup|catalyst=supply_demand_shock|price=price_confirmed_basic|theme=participating_theme|relation=company_positive_confirmation_needed,capacity=slot_competition_very_high|same_entry_candidates=15|active_relations=0|risk=proxy_neutral|microstructure=SOURCE_PENDING_NOT_USED,1,15,3,14,0,0,1,,uncertain_setup,BASELINE_ALLOWED,1,0,0,0
TASK617|ZS|20251028T190000Z|slot_decision_explanation,TASK617|ZS|20251028T190000Z,ZS,2025-10-30 14:30:00+00:00,2025-10-28 19:00:00+00:00,cybersecurity,validation,confirmation_required_candidate,setup=uncertain_setup|catalyst=supply_demand_shock|price=price_confirmed_basic|theme=participating_theme|relation=company_positive_confirmation_needed,capacity=slot_competition_very_high|same_entry_candidates=15|active_relations=0|risk=proxy_neutral|microstructure=SOURCE_PENDING_NOT_USED,1,15,3,14,0,0,1,,uncertain_setup,BASELINE_ALLOWED,1,0,0,0
TASK617|VRTX|20251028T191500Z|slot_decision_explanation,TASK617|VRTX|20251028T191500Z,VRTX,2025-10-30 14:30:00+00:00,2025-10-28 19:15:00+00:00,biotech_glp1_healthcare,validation,confirmation_required_candidate,setup=uncertain_setup|catalyst=supply_demand_shock|price=price_confirmed_basic|theme=participating_theme|relation=company_positive_confirmation_needed,capacity=slot_competition_very_high|same_entry_candidates=15|active_relations=0|risk=proxy_neutral|microstructure=SOURCE_PENDING_NOT_USED,1,15,2,14,0,0,1,,uncertain_setup,BASELINE_ALLOWED,1,0,0,0
TASK617|PWR|20251029T133000Z|slot_decision_explanation,TASK617|PWR|20251029T133000Z,PWR,2025-10-31 14:30:00+00:00,2025-10-29 13:30:00+00:00,power_grid_electrification,validation,confirmation_required_candidate,setup=uncertain_setup|catalyst=supply_demand_shock|price=price_confirmed_basic|theme=participating_theme|relation=company_positive_confirmation_needed,capacity=slot_competition_very_high|same_entry_candidates=18|active_relations=0|risk=proxy_neutral|microstructure=SOURCE_PENDING_NOT_USED,1,18,4,13,0,0,1,,uncertain_setup,BASELINE_ALLOWED,1,0,0,0
TASK617|CRWD|20251029T133000Z|slot_decision_explanation,TASK617|CRWD|20251029T133000Z,CRWD,2025-10-31 14:30:00+00:00,2025-10-29 13:30:00+00:00,cybersecurity,validation,confirmation_required_candidate,setup=uncertain_setup|catalyst=supply_demand_shock|price=price_confirmed_but_extended|theme=fading_leadership|relation=company_positive_confirmation_needed,capacity=slot_competition_very_high|same_entry_candidates=18|active_relations=0|risk=extension_proxy|microstructure=SOURCE_PENDING_NOT_USED,1,18,1,13,0,0,1,,uncertain_setup,BASELINE_ALLOWED,1,0,0,0
TASK617|RTX|20251029T133000Z|slot_decision_explanation,TASK617|RTX|20251029T133000Z,RTX,2025-10-31 14:30:00+00:00,2025-10-29 13:30:00+00:00,aerospace_defense_space,validation,confirmation_required_candidate,setup=medium_quality_setup|catalyst=contract_supply_combo|price=price_confirmed_but_extended|theme=emerging_leadership|relation=company_price_confirmed_macro_secondary,capacity=slot_competition_very_high|same_entry_candidates=18|active_relations=0|risk=extension_proxy|microstructure=SOURCE_PENDING_NOT_USED,1,18,2,1,0,0,1,,medium_quality_setup,BASELINE_ALLOWED,1,0,0,0
TASK617|EMR|20251029T133000Z|slot_decision_explanation,TASK617|EMR|20251029T133000Z,EMR,2025-10-31 14:30:00+00:00,2025-10-29 13:30:00+00:00,industrial_automation_robotics,validation,confirmation_required_candidate,setup=uncertain_setup|catalyst=supply_demand_shock|price=price_confirmed_but_extended|theme=participating_theme|relation=company_positive_confirmation_needed,capacity=slot_competition_very_high|same_entry_candidates=18|active_relations=0|risk=extension_proxy|microstructure=SOURCE_PENDING_NOT_USED,1,18,3,13,0,0,1,,uncertain_setup,BASELINE_ALLOWED,1,0,0,0
TASK617|PLTR|20251029T133000Z|slot_decision_explanation,TASK617|PLTR|20251029T133000Z,PLTR,2025-10-31 14:30:00+00:00,2025-10-29 13:30:00+00:00,data_devops_software,validation,priority_candidate,setup=high_quality_setup|catalyst=guidance_margin_upgrade|price=price_confirmed_basic|theme=participating_theme|relation=relation_reinforcing,capacity=slot_competition_very_high|same_entry_candidates=18|active_relations=0|risk=proxy_neutral|microstructure=SOURCE_PENDING_NOT_USED,1,18,4,3,0,0,1,,high_quality_setup,STRENGTH_HOLD_CANDIDATE,1,0,0,0
TASK617|CEG|20251029T133000Z|slot_decision_explanation,TASK617|CEG|20251029T133000Z,CEG,2025-10-31 14:30:00+00:00,2025-10-29 13:30:00+00:00,power_grid_electrification,validation,confirmation_required_candidate,setup=medium_quality_setup|catalyst=contract_supply_combo|price=price_confirmed_basic|theme=participating_theme|relation=company_positive_confirmation_needed,capacity=slot_competition_very_high|same_entry_candidates=18|active_relations=0|risk=proxy_neutral|microstructure=SOURCE_PENDING_NOT_USED,1,18,4,13,0,0,1,,medium_quality_setup,BASELINE_ALLOWED,1,0,0,0
TASK617|VST|20251029T133000Z|slot_decision_explanation,TASK617|VST|20251029T133000Z,VST,2025-10-31 14:30:00+00:00,2025-10-29 13:30:00+00:00,power_grid_electrification,validation,confirmation_required_candidate,setup=uncertain_setup|catalyst=supply_demand_shock|price=price_confirmed_basic|theme=participating_theme|relation=company_positive_confirmation_needed,capacity=slot_competition_very_high|same_entry_candidates=18|active_relations=0|risk=proxy_neutral|microstructure=SOURCE_PENDING_NOT_USED,1,18,4,13,0,0,1,,uncertain_setup,BASELINE_ALLOWED,1,0,0,0
TASK617|VRT|20251029T133000Z|slot_decision_explanation,TASK617|VRT|20251029T133000Z,VRT,2025-10-31 14:30:00+00:00,2025-10-29 13:30:00+00:00,power_grid_electrification,validation,confirmation_required_candidate,setup=uncertain_setup|catalyst=supply_demand_shock|price=price_confirmed_basic|theme=participating_theme|relation=company_positive_confirmation_needed,capacity=slot_competition_very_high|same_entry_candidates=18|active_relations=0|risk=proxy_neutral|microstructure=SOURCE_PENDING_NOT_USED,1,18,4,13,0,0,1,,uncertain_setup,BASELINE_ALLOWED,1,0,0,0
TASK617|ROK|20251029T133000Z|slot_decision_explanation,TASK617|ROK|20251029T133000Z,ROK,2025-10-31 14:30:00+00:00,2025-10-29 13:30:00+00:00,industrial_automation_robotics,validation,confirmation_required_candidate,setup=medium_quality_setup|catalyst=contract_supply_combo|price=price_confirmed_but_extended|theme=participating_theme|relation=company_positive_confirmation_needed,capacity=slot_competition_very_high|same_entry_candidates=18|active_relations=0|risk=extension_proxy|microstructure=SOURCE_PENDING_NOT_USED,1,18,3,13,0,0,1,,medium_quality_setup,BASELINE_ALLOWED,1,0,0,0
TASK617|NVDA|20251029T134500Z|slot_decision_explanation,TASK617|NVDA|20251029T134500Z,NVDA,2025-10-31 14:30:00+00:00,2025-10-29 13:45:00+00:00,ai_semiconductors,validation,confirmation_required_candidate,setup=uncertain_setup|catalyst=supply_demand_shock|price=price_confirmed_but_extended|theme=persistent_leadership|relation=company_positive_confirmation_needed,capacity=slot_competition_very_high|same_entry_candidates=18|active_relations=0|risk=extension_proxy|microstructure=SOURCE_PENDING_NOT_USED,1,18,3,13,0,0,1,,uncertain_setup,BASELINE_ALLOWED,1,0,0,0
TASK617|RKLB|20251029T134500Z|slot_decision_explanation,TASK617|RKLB|20251029T134500Z,RKLB,2025-10-31 14:30:00+00:00,2025-10-29 13:45:00+00:00,aerospace_defense_space,validation,confirmation_required_candidate,setup=medium_quality_setup|catalyst=contract_supply_combo|price=price_confirmed_basic|theme=emerging_leadership|relation=company_positive_confirmation_needed,capacity=slot_competition_very_high|same_entry_candidates=18|active_relations=0|risk=high_liquidity_momentum_proxy|microstructure=SOURCE_PENDING_NOT_USED,1,18,2,13,0,0,1,,medium_quality_setup,BASELINE_ALLOWED,1,0,0,0
TASK617|AVGO|20251029T140000Z|slot_decision_explanation,TASK617|AVGO|20251029T140000Z,AVGO,2025-10-31 14:30:00+00:00,2025-10-29 14:00:00+00:00,ai_semiconductors,validation,confirmation_required_candidate,setup=uncertain_setup|catalyst=supply_demand_shock|price=price_confirmed_basic|theme=persistent_leadership|relation=company_positive_confirmation_needed,capacity=slot_competition_very_high|same_entry_candidates=18|active_relations=0|risk=proxy_neutral|microstructure=SOURCE_PENDING_NOT_USED,1,18,3,13,0,0,1,,uncertain_setup,BASELINE_ALLOWED,1,0,0,0
TASK617|MDB|20251029T144500Z|slot_decision_explanation,TASK617|MDB|20251029T144500Z,MDB,2025-10-31 14:30:00+00:00,2025-10-29 14:45:00+00:00,data_devops_software,validation,priority_candidate,setup=high_quality_setup|catalyst=guidance_margin_upgrade|price=price_confirmed_but_extended|theme=participating_theme|relation=relation_reinforcing,capacity=slot_competition_very_high|same_entry_candidates=18|active_relations=0|risk=extension_proxy|microstructure=SOURCE_PENDING_NOT_USED,1,18,4,3,0,0,1,,high_quality_setup,STRENGTH_HOLD_CANDIDATE,1,0,0,0
TASK617|GOOGL|20251029T144500Z|slot_decision_explanation,TASK617|GOOGL|20251029T144500Z,GOOGL,2025-10-31 14:30:00+00:00,2025-10-29 14:45:00+00:00,cloud_ai_platforms,validation,confirmation_required_candidate,setup=uncertain_setup|catalyst=supply_demand_shock|price=price_confirmed_basic|theme=participating_theme|relation=company_positive_confirmation_needed,capacity=slot_competition_very_high|same_entry_candidates=18|active_relations=0|risk=high_liquidity_momentum_proxy|microstructure=SOURCE_PENDING_NOT_USED,1,18,1,13,0,0,1,,uncertain_setup,BASELINE_ALLOWED,1,0,0,0
TASK617|SNOW|20251029T150000Z|slot_decision_explanation,TASK617|SNOW|20251029T150000Z,SNOW,2025-10-31 14:30:00+00:00,2025-10-29 15:00:00+00:00,data_devops_software,validation,priority_candidate,setup=high_quality_setup|catalyst=guidance_margin_upgrade|price=price_confirmed_basic|theme=participating_theme|relation=relation_reinforcing,capacity=slot_competition_very_high|same_entry_candidates=18|active_relations=0|risk=proxy_neutral|microstructure=SOURCE_PENDING_NOT_USED,1,18,4,3,0,0,1,,high_quality_setup,STRENGTH_HOLD_CANDIDATE,1,0,0,0
TASK617|GTLB|20251029T153000Z|slot_decision_explanation,TASK617|GTLB|20251029T153000Z,GTLB,2025-10-31 14:30:00+00:00,2025-10-29 15:30:00+00:00,data_devops_software,validation,normal_candidate,setup=research_only_setup|catalyst=guidance_margin_upgrade|price=price_fragile_or_unconfirmed|theme=participating_theme|relation=relation_sparse_research_only,capacity=slot_competition_very_high|same_entry_candidates=18|active_relations=0|risk=proxy_neutral|microstructure=SOURCE_PENDING_NOT_USED,1,18,4,1,0,0,1,,research_only_setup,RESEARCH_ONLY,1,0,0,0
TASK617|ASML|20251029T164500Z|slot_decision_explanation,TASK617|ASML|20251029T164500Z,ASML,2025-10-31 14:30:00+00:00,2025-10-29 16:45:00+00:00,ai_semiconductors,validation,confirmation_required_candidate,setup=uncertain_setup|catalyst=supply_demand_shock|price=price_confirmed_basic|theme=persistent_leadership|relation=company_positive_confirmation_needed,capacity=slot_competition_very_high|same_entry_candidates=18|active_relations=0|risk=proxy_neutral|microstructure=SOURCE_PENDING_NOT_USED,1,18,3,13,0,0,1,,uncertain_setup,BASELINE_ALLOWED,1,0,0,0
TASK617|TER|20251029T191500Z|slot_decision_explanation,TASK617|TER|20251029T191500Z,TER,2025-10-31 14:30:00+00:00,2025-10-29 19:15:00+00:00,industrial_automation_robotics,validation,confirmation_required_candidate,setup=medium_quality_setup|catalyst=contract_supply_combo|price=price_confirmed_basic|theme=participating_theme|relation=company_positive_confirmation_needed,capacity=slot_competition_very_high|same_entry_candidates=18|active_relations=0|risk=high_liquidity_momentum_proxy|microstructure=SOURCE_PENDING_NOT_USED,1,18,3,13,0,0,1,,medium_quality_setup,BASELINE_ALLOWED,1,0,0,0
TASK617|SNOW|20251030T133000Z|slot_decision_explanation,TASK617|SNOW|20251030T133000Z,SNOW,2025-11-03 14:30:00+00:00,2025-10-30 13:30:00+00:00,data_devops_software,validation,normal_candidate,setup=research_only_setup|catalyst=guidance_margin_upgrade|price=price_confirmed_basic|theme=participating_theme|relation=relation_sparse_research_only,capacity=slot_competition_very_high|same_entry_candidates=12|active_relations=0|risk=proxy_neutral|microstructure=SOURCE_PENDING_NOT_USED,1,12,2,2,0,0,1,,research_only_setup,RESEARCH_ONLY,1,0,0,0
TASK617|MRNA|20251030T133000Z|slot_decision_explanation,TASK617|MRNA|20251030T133000Z,MRNA,2025-11-03 14:30:00+00:00,2025-10-30 13:30:00+00:00,biotech_glp1_healthcare,validation,confirmation_required_candidate,setup=uncertain_setup|catalyst=supply_demand_shock|price=price_confirmed_basic|theme=fading_leadership|relation=company_positive_confirmation_needed,capacity=slot_competition_very_high|same_entry_candidates=12|active_relations=0|risk=high_liquidity_momentum_proxy|microstructure=SOURCE_PENDING_NOT_USED,1,12,2,8,0,0,1,,uncertain_setup,BASELINE_ALLOWED,1,0,0,0
TASK617|CRM|20251030T133000Z|slot_decision_explanation,TASK617|CRM|20251030T133000Z,CRM,2025-11-03 14:30:00+00:00,2025-10-30 13:30:00+00:00,cloud_ai_platforms,validation,confirmation_required_candidate,setup=uncertain_setup|catalyst=supply_demand_shock|price=price_confirmed_basic|theme=fading_leadership|relation=company_positive_confirmation_needed,capacity=slot_competition_very_high|same_entry_candidates=12|active_relations=0|risk=high_liquidity_momentum_proxy|microstructure=SOURCE_PENDING_NOT_USED,1,12,1,8,0,0,1,,uncertain_setup,BASELINE_ALLOWED,1,0,0,0
TASK617|VRT|20251030T134500Z|slot_decision_explanation,TASK617|VRT|20251030T134500Z,VRT,2025-11-03 14:30:00+00:00,2025-10-30 13:45:00+00:00,power_grid_electrification,validation,confirmation_required_candidate,setup=uncertain_setup|catalyst=supply_demand_shock|price=price_confirmed_basic|theme=participating_theme|relation=company_positive_confirmation_needed,capacity=slot_competition_very_high|same_entry_candidates=12|active_relations=0|risk=proxy_neutral|microstructure=SOURCE_PENDING_NOT_USED,1,12,2,8,0,0,1,,uncertain_setup,BASELINE_ALLOWED,1,0,0,0
TASK617|AMD|20251030T134500Z|slot_decision_explanation,TASK617|AMD|20251030T134500Z,AMD,2025-11-03 14:30:00+00:00,2025-10-30 13:45:00+00:00,ai_semiconductors,validation,confirmation_required_candidate,setup=uncertain_setup|catalyst=supply_demand_shock|price=price_confirmed_basic|theme=persistent_leadership|relation=company_positive_confirmation_needed,capacity=slot_competition_very_high|same_entry_candidates=12|active_relations=0|risk=proxy_neutral|microstructure=SOURCE_PENDING_NOT_USED,1,12,2,8,0,0,1,,uncertain_setup,BASELINE_ALLOWED,1,0,0,0
TASK617|PWR|20251030T134500Z|slot_decision_explanation,TASK617|PWR|20251030T134500Z,PWR,2025-11-03 14:30:00+00:00,2025-10-30 13:45:00+00:00,power_grid_electrification,validation,confirmation_required_candidate,setup=uncertain_setup|catalyst=supply_demand_shock|price=price_confirmed_basic|theme=participating_theme|relation=company_positive_confirmation_needed,capacity=slot_competition_very_high|same_entry_candidates=12|active_relations=0|risk=proxy_neutral|microstructure=SOURCE_PENDING_NOT_USED,1,12,2,8,0,0,1,,uncertain_setup,BASELINE_ALLOWED,1,0,0,0
TASK617|ASTS|20251030T134500Z|slot_decision_explanation,TASK617|ASTS|20251030T134500Z,ASTS,2025-11-03 14:30:00+00:00,2025-10-30 13:45:00+00:00,aerospace_defense_space,validation,confirmation_required_candidate,setup=medium_quality_setup|catalyst=contract_customer_backlog|price=price_confirmed_basic|theme=participating_theme|relation=company_price_confirmed_macro_secondary,capacity=slot_competition_very_high|same_entry_candidates=12|active_relations=0|risk=proxy_neutral|microstructure=SOURCE_PENDING_NOT_USED,1,12,2,2,0,0,1,,medium_quality_setup,BASELINE_ALLOWED,1,0,0,0
TASK617|TSM|20251030T134500Z|slot_decision_explanation,TASK617|TSM|20251030T134500Z,TSM,2025-11-03 14:30:00+00:00,2025-10-30 13:45:00+00:00,ai_semiconductors,validation,confirmation_required_candidate,setup=uncertain_setup|catalyst=supply_demand_shock|price=price_confirmed_basic|theme=persistent_leadership|relation=company_positive_confirmation_needed,capacity=slot_competition_very_high|same_entry_candidates=12|active_relations=0|risk=proxy_neutral|microstructure=SOURCE_PENDING_NOT_USED,1,12,2,8,0,0,1,,uncertain_setup,BASELINE_ALLOWED,1,0,0,0
TASK617|MDB|20251030T134500Z|slot_decision_explanation,TASK617|MDB|20251030T134500Z,MDB,2025-11-03 14:30:00+00:00,2025-10-30 13:45:00+00:00,data_devops_software,validation,normal_candidate,setup=research_only_setup|catalyst=guidance_margin_upgrade|price=price_confirmed_basic|theme=participating_theme|relation=relation_sparse_research_only,capacity=slot_competition_very_high|same_entry_candidates=12|active_relations=0|risk=proxy_neutral|microstructure=SOURCE_PENDING_NOT_USED,1,12,2,2,0,0,1,,research_only_setup,RESEARCH_ONLY,1,0,0,0
TASK617|RTX|20251030T143000Z|slot_decision_explanation,TASK617|RTX|20251030T143000Z,RTX,2025-11-03 14:30:00+00:00,2025-10-30 14:30:00+00:00,aerospace_defense_space,validation,confirmation_required_candidate,setup=medium_quality_setup|catalyst=contract_supply_combo|price=price_confirmed_basic|theme=participating_theme|relation=company_price_confirmed_macro_secondary,capacity=slot_competition_very_high|same_entry_candidates=12|active_relations=0|risk=proxy_neutral|microstructure=SOURCE_PENDING_NOT_USED,1,12,2,2,0,0,1,,medium_quality_setup,BASELINE_ALLOWED,1,0,0,0
TASK617|REGN|20251030T151500Z|slot_decision_explanation,TASK617|REGN|20251030T151500Z,REGN,2025-11-03 14:30:00+00:00,2025-10-30 15:15:00+00:00,biotech_glp1_healthcare,validation,confirmation_required_candidate,setup=uncertain_setup|catalyst=supply_demand_shock|price=price_confirmed_basic|theme=fading_leadership|relation=company_positive_confirmation_needed,capacity=slot_competition_very_high|same_entry_candidates=12|active_relations=0|risk=proxy_neutral|microstructure=SOURCE_PENDING_NOT_USED,1,12,2,8,0,0,1,,uncertain_setup,BASELINE_ALLOWED,1,0,0,0
TASK617|TER|20251030T151500Z|slot_decision_explanation,TASK617|TER|20251030T151500Z,TER,2025-11-03 14:30:00+00:00,2025-10-30 15:15:00+00:00,industrial_automation_robotics,validation,confirmation_required_candidate,setup=medium_quality_setup|catalyst=contract_supply_combo|price=price_confirmed_basic|theme=participating_theme|relation=company_positive_confirmation_needed,capacity=slot_competition_very_high|same_entry_candidates=12|active_relations=0|risk=high_liquidity_momentum_proxy|microstructure=SOURCE_PENDING_NOT_USED,1,12,1,8,0,0,1,,medium_quality_setup,BASELINE_ALLOWED,1,0,0,0
TASK617|TER|20251103T203000Z|slot_decision_explanation,TASK617|TER|20251103T203000Z,TER,2025-11-05 14:30:00+00:00,2025-11-03 20:30:00+00:00,industrial_automation_robotics,validation,confirmation_required_candidate,setup=medium_quality_setup|catalyst=contract_supply_combo|price=price_confirmed_basic|theme=participating_theme|relation=company_positive_confirmation_needed,capacity=slot_competition_low|same_entry_candidates=1|active_relations=0|risk=proxy_neutral|microstructure=SOURCE_PENDING_NOT_USED,0,1,1,1,0,0,1,,medium_quality_setup,BASELINE_ALLOWED,1,0,0,0
TASK617|TER|20251104T143000Z|slot_decision_explanation,TASK617|TER|20251104T143000Z,TER,2025-11-06 14:30:00+00:00,2025-11-04 14:30:00+00:00,industrial_automation_robotics,validation,confirmation_required_candidate,setup=medium_quality_setup|catalyst=contract_supply_combo|price=price_confirmed_basic|theme=participating_theme|relation=company_positive_confirmation_needed,capacity=slot_competition_low|same_entry_candidates=2|active_relations=0|risk=proxy_neutral|microstructure=SOURCE_PENDING_NOT_USED,0,2,1,1,0,0,1,,medium_quality_setup,BASELINE_ALLOWED,1,0,0,0
TASK617|MDB|20251104T144500Z|slot_decision_explanation,TASK617|MDB|20251104T144500Z,MDB,2025-11-06 14:30:00+00:00,2025-11-04 14:45:00+00:00,data_devops_software,validation,normal_candidate,setup=research_only_setup|catalyst=guidance_margin_upgrade|price=price_confirmed_basic|theme=participating_theme|relation=relation_sparse_research_only,capacity=slot_competition_low|same_entry_candidates=2|active_relations=0|risk=proxy_neutral|microstructure=SOURCE_PENDING_NOT_USED,0,2,1,1,0,0,1,,research_only_setup,RESEARCH_ONLY,1,0,0,0
TASK617|RIVN|20251105T143000Z|slot_decision_explanation,TASK617|RIVN|20251105T143000Z,RIVN,2025-11-07 14:30:00+00:00,2025-11-05 14:30:00+00:00,ev_autonomy_mobility,validation,confirmation_required_candidate,setup=medium_quality_setup|catalyst=guidance_margin_upgrade|price=price_confirmed_basic|theme=fading_leadership|relation=company_positive_confirmation_needed,capacity=slot_competition_very_high|same_entry_candidates=11|active_relations=0|risk=high_liquidity_momentum_proxy|microstructure=SOURCE_PENDING_NOT_USED,1,11,4,10,0,0,1,,medium_quality_setup,BASELINE_ALLOWED,1,0,0,0
TASK617|AMD|20251105T144500Z|slot_decision_explanation,TASK617|AMD|20251105T144500Z,AMD,2025-11-07 14:30:00+00:00,2025-11-05 14:45:00+00:00,ai_semiconductors,validation,confirmation_required_candidate,setup=medium_quality_setup|catalyst=guidance_margin_upgrade|price=price_confirmed_basic|theme=fading_leadership|relation=company_positive_confirmation_needed,capacity=slot_competition_very_high|same_entry_candidates=11|active_relations=0|risk=market_stress_proxy|microstructure=SOURCE_PENDING_NOT_USED,1,11,2,10,0,0,1,,medium_quality_setup,BASELINE_ALLOWED,1,0,0,0
TASK617|GM|20251105T144500Z|slot_decision_explanation,TASK617|GM|20251105T144500Z,GM,2025-11-07 14:30:00+00:00,2025-11-05 14:45:00+00:00,ev_autonomy_mobility,validation,confirmation_required_candidate,setup=medium_quality_setup|catalyst=guidance_margin_upgrade|price=price_confirmed_basic|theme=fading_leadership|relation=company_positive_confirmation_needed,capacity=slot_competition_very_high|same_entry_candidates=11|active_relations=0|risk=high_liquidity_momentum_proxy|microstructure=SOURCE_PENDING_NOT_USED,1,11,4,10,0,0,1,,medium_quality_setup,BASELINE_ALLOWED,1,0,0,0
TASK617|ASML|20251105T144500Z|slot_decision_explanation,TASK617|ASML|20251105T144500Z,ASML,2025-11-07 14:30:00+00:00,2025-11-05 14:45:00+00:00,ai_semiconductors,validation,confirmation_required_candidate,setup=medium_quality_setup|catalyst=guidance_margin_upgrade|price=price_confirmed_basic|theme=fading_leadership|relation=company_positive_confirmation_needed,capacity=slot_competition_very_high|same_entry_candidates=11|active_relations=0|risk=market_stress_proxy|microstructure=SOURCE_PENDING_NOT_USED,1,11,2,10,0,0,1,,medium_quality_setup,BASELINE_ALLOWED,1,0,0,0
TASK617|LLY|20251105T144500Z|slot_decision_explanation,TASK617|LLY|20251105T144500Z,LLY,2025-11-07 14:30:00+00:00,2025-11-05 14:45:00+00:00,biotech_glp1_healthcare,validation,confirmation_required_candidate,setup=medium_quality_setup|catalyst=guidance_margin_upgrade|price=price_confirmed_basic|theme=fading_leadership|relation=company_positive_confirmation_needed,capacity=slot_competition_very_high|same_entry_candidates=11|active_relations=0|risk=high_liquidity_momentum_proxy|microstructure=SOURCE_PENDING_NOT_USED,1,11,4,10,0,0,1,,medium_quality_setup,BASELINE_ALLOWED,1,0,0,0
TASK617|REGN|20251105T144500Z|slot_decision_explanation,TASK617|REGN|20251105T144500Z,REGN,2025-11-07 14:30:00+00:00,2025-11-05 14:45:00+00:00,biotech_glp1_healthcare,validation,confirmation_required_candidate,setup=medium_quality_setup|catalyst=guidance_margin_upgrade|price=price_confirmed_basic|theme=fading_leadership|relation=company_positive_confirmation_needed,capacity=slot_competition_very_high|same_entry_candidates=11|active_relations=0|risk=market_stress_proxy|microstructure=SOURCE_PENDING_NOT_USED,1,11,4,10,0,0,1,,medium_quality_setup,BASELINE_ALLOWED,1,0,0,0
TASK617|TER|20251105T144500Z|slot_decision_explanation,TASK617|TER|20251105T144500Z,TER,2025-11-07 14:30:00+00:00,2025-11-05 14:45:00+00:00,industrial_automation_robotics,validation,confirmation_required_candidate,setup=medium_quality_setup|catalyst=guidance_margin_upgrade|price=price_confirmed_basic|theme=participating_theme|relation=company_price_confirmed_macro_secondary,capacity=slot_competition_very_high|same_entry_candidates=11|active_relations=0|risk=high_liquidity_momentum_proxy|microstructure=SOURCE_PENDING_NOT_USED,1,11,1,1,0,0,1,,medium_quality_setup,BASELINE_ALLOWED,1,0,0,0
TASK617|AMGN|20251105T144500Z|slot_decision_explanation,TASK617|AMGN|20251105T144500Z,AMGN,2025-11-07 14:30:00+00:00,2025-11-05 14:45:00+00:00,biotech_glp1_healthcare,validation,confirmation_required_candidate,setup=medium_quality_setup|catalyst=guidance_margin_upgrade|price=price_confirmed_basic|theme=fading_leadership|relation=company_positive_confirmation_needed,capacity=slot_competition_very_high|same_entry_candidates=11|active_relations=0|risk=market_stress_proxy|microstructure=SOURCE_PENDING_NOT_USED,1,11,4,10,0,0,1,,medium_quality_setup,BASELINE_ALLOWED,1,0,0,0
TASK617|ISRG|20251105T153000Z|slot_decision_explanation,TASK617|ISRG|20251105T153000Z,ISRG,2025-11-07 14:30:00+00:00,2025-11-05 15:30:00+00:00,biotech_glp1_healthcare,validation,confirmation_required_candidate,setup=medium_quality_setup|catalyst=guidance_margin_upgrade|price=price_confirmed_basic|theme=fading_leadership|relation=company_positive_confirmation_needed,capacity=slot_competition_very_high|same_entry_candidates=11|active_relations=0|risk=market_stress_proxy|microstructure=SOURCE_PENDING_NOT_USED,1,11,4,10,0,0,1,,medium_quality_setup,BASELINE_ALLOWED,1,0,0,0
TASK617|F|20251105T160000Z|slot_decision_explanation,TASK617|F|20251105T160000Z,F,2025-11-07 14:30:00+00:00,2025-11-05 16:00:00+00:00,ev_autonomy_mobility,validation,research_only,setup=fragile_setup|catalyst=guidance_margin_upgrade|price=price_fragile_or_unconfirmed|theme=fading_leadership|relation=company_positive_confirmation_needed,capacity=slot_competition_very_high|same_entry_candidates=11|active_relations=0|risk=high_liquidity_momentum_proxy|microstructure=SOURCE_PENDING_NOT_USED,1,11,4,10,0,0,1,,fragile_setup,BASELINE_ALLOWED,1,0,0,0
TASK617|TSLA|20251105T173000Z|slot_decision_explanation,TASK617|TSLA|20251105T173000Z,TSLA,2025-11-07 14:30:00+00:00,2025-11-05 17:30:00+00:00,ev_autonomy_mobility,validation,confirmation_required_candidate,setup=medium_quality_setup|catalyst=guidance_margin_upgrade|price=price_confirmed_basic|theme=fading_leadership|relation=company_positive_confirmation_needed,capacity=slot_competition_very_high|same_entry_candidates=11|active_relations=0|risk=high_liquidity_momentum_proxy|microstructure=SOURCE_PENDING_NOT_USED,1,11,4,10,0,0,1,,medium_quality_setup,BASELINE_ALLOWED,1,0,0,0
TASK617|DDOG|20251106T144500Z|slot_decision_explanation,TASK617|DDOG|20251106T144500Z,DDOG,2025-11-10 14:30:00+00:00,2025-11-06 14:45:00+00:00,data_devops_software,validation,priority_candidate,setup=high_quality_setup|catalyst=guidance_margin_upgrade|price=price_confirmed_but_extended|theme=participating_theme|relation=relation_reinforcing,capacity=slot_competition_low|same_entry_candidates=4|active_relations=0|risk=stress_plus_extension_proxy|microstructure=SOURCE_PENDING_NOT_USED,0,4,1,1,0,0,1,,high_quality_setup,STRENGTH_HOLD_CANDIDATE,1,0,0,0
TASK617|REGN|20251106T144500Z|slot_decision_explanation,TASK617|REGN|20251106T144500Z,REGN,2025-11-10 14:30:00+00:00,2025-11-06 14:45:00+00:00,biotech_glp1_healthcare,validation,confirmation_required_candidate,setup=medium_quality_setup|catalyst=guidance_margin_upgrade|price=price_confirmed_basic|theme=participating_theme|relation=company_positive_confirmation_needed,capacity=slot_competition_low|same_entry_candidates=4|active_relations=0|risk=market_stress_proxy|microstructure=SOURCE_PENDING_NOT_USED,0,4,2,3,0,0,1,,medium_quality_setup,BASELINE_ALLOWED,1,0,0,0
TASK617|LLY|20251106T151500Z|slot_decision_explanation,TASK617|LLY|20251106T151500Z,LLY,2025-11-10 14:30:00+00:00,2025-11-06 15:15:00+00:00,biotech_glp1_healthcare,validation,confirmation_required_candidate,setup=medium_quality_setup|catalyst=guidance_margin_upgrade|price=price_confirmed_basic|theme=participating_theme|relation=company_positive_confirmation_needed,capacity=slot_competition_low|same_entry_candidates=4|active_relations=0|risk=high_liquidity_momentum_proxy|microstructure=SOURCE_PENDING_NOT_USED,0,4,2,3,0,0,1,,medium_quality_setup,BASELINE_ALLOWED,1,0,0,0
TASK617|F|20251106T194500Z|slot_decision_explanation,TASK617|F|20251106T194500Z,F,2025-11-10 14:30:00+00:00,2025-11-06 19:45:00+00:00,ev_autonomy_mobility,validation,research_only,setup=fragile_setup|catalyst=guidance_margin_upgrade|price=price_fragile_or_unconfirmed|theme=fading_leadership|relation=company_positive_confirmation_needed,capacity=slot_competition_low|same_entry_candidates=4|active_relations=0|risk=market_stress_proxy|microstructure=SOURCE_PENDING_NOT_USED,0,4,1,3,0,0,1,,fragile_setup,BASELINE_ALLOWED,1,0,0,0
TASK617|AMD|20251110T143000Z|slot_decision_explanation,TASK617|AMD|20251110T143000Z,AMD,2025-11-12 14:30:00+00:00,2025-11-10 14:30:00+00:00,ai_semiconductors,validation,confirmation_required_candidate,setup=medium_quality_setup|catalyst=guidance_margin_upgrade|price=price_confirmed_basic|theme=fading_leadership|relation=company_positive_confirmation_needed,capacity=slot_competition_very_high|same_entry_candidates=14|active_relations=0|risk=proxy_neutral|microstructure=SOURCE_PENDING_NOT_USED,1,14,2,8,0,0,1,,medium_quality_setup,BASELINE_ALLOWED,1,0,0,0
TASK617|PLTR|20251110T143000Z|slot_decision_explanation,TASK617|PLTR|20251110T143000Z,PLTR,2025-11-12 14:30:00+00:00,2025-11-10 14:30:00+00:00,data_devops_software,validation,priority_candidate,setup=high_quality_setup|catalyst=guidance_margin_upgrade|price=price_confirmed_but_extended|theme=participating_theme|relation=relation_reinforcing,capacity=slot_competition_very_high|same_entry_candidates=14|active_relations=0|risk=extension_proxy|microstructure=SOURCE_PENDING_NOT_USED,1,14,5,5,0,0,1,,high_quality_setup,STRENGTH_HOLD_CANDIDATE,1,0,0,0
TASK617|ISRG|20251110T143000Z|slot_decision_explanation,TASK617|ISRG|20251110T143000Z,ISRG,2025-11-12 14:30:00+00:00,2025-11-10 14:30:00+00:00,biotech_glp1_healthcare,validation,confirmation_required_candidate,setup=medium_quality_setup|catalyst=guidance_margin_upgrade|price=price_confirmed_basic|theme=participating_theme|relation=company_positive_confirmation_needed,capacity=slot_competition_very_high|same_entry_candidates=14|active_relations=0|risk=proxy_neutral|microstructure=SOURCE_PENDING_NOT_USED,1,14,2,8,0,0,1,,medium_quality_setup,BASELINE_ALLOWED,1,0,0,0
TASK617|LLY|20251110T144500Z|slot_decision_explanation,TASK617|LLY|20251110T144500Z,LLY,2025-11-12 14:30:00+00:00,2025-11-10 14:45:00+00:00,biotech_glp1_healthcare,validation,confirmation_required_candidate,setup=medium_quality_setup|catalyst=guidance_margin_upgrade|price=price_confirmed_basic|theme=participating_theme|relation=company_positive_confirmation_needed,capacity=slot_competition_very_high|same_entry_candidates=14|active_relations=0|risk=proxy_neutral|microstructure=SOURCE_PENDING_NOT_USED,1,14,2,8,0,0,1,,medium_quality_setup,BASELINE_ALLOWED,1,0,0,0
TASK617|MDB|20251110T144500Z|slot_decision_explanation,TASK617|MDB|20251110T144500Z,MDB,2025-11-12 14:30:00+00:00,2025-11-10 14:45:00+00:00,data_devops_software,validation,priority_candidate,setup=high_quality_setup|catalyst=guidance_margin_upgrade|price=price_confirmed_basic|theme=participating_theme|relation=relation_reinforcing,capacity=slot_competition_very_high|same_entry_candidates=14|active_relations=0|risk=proxy_neutral|microstructure=SOURCE_PENDING_NOT_USED,1,14,5,5,0,0,1,,high_quality_setup,STRENGTH_HOLD_CANDIDATE,1,0,0,0
TASK617|ESTC|20251110T144500Z|slot_decision_explanation,TASK617|ESTC|20251110T144500Z,ESTC,2025-11-12 14:30:00+00:00,2025-11-10 14:45:00+00:00,data_devops_software,validation,normal_candidate,setup=research_only_setup|catalyst=guidance_margin_upgrade|price=price_confirmed_basic|theme=participating_theme|relation=relation_sparse_research_only,capacity=slot_competition_very_high|same_entry_candidates=14|active_relations=0|risk=proxy_neutral|microstructure=SOURCE_PENDING_NOT_USED,1,14,5,1,0,0,1,,research_only_setup,RESEARCH_ONLY,1,0,0,0
TASK617|SNOW|20251110T144500Z|slot_decision_explanation,TASK617|SNOW|20251110T144500Z,SNOW,2025-11-12 14:30:00+00:00,2025-11-10 14:45:00+00:00,data_devops_software,validation,priority_candidate,setup=high_quality_setup|catalyst=guidance_margin_upgrade|price=price_confirmed_basic|theme=participating_theme|relation=relation_reinforcing,capacity=slot_competition_very_high|same_entry_candidates=14|active_relations=0|risk=proxy_neutral|microstructure=SOURCE_PENDING_NOT_USED,1,14,5,5,0,0,1,,high_quality_setup,STRENGTH_HOLD_CANDIDATE,1,0,0,0
TASK617|ROK|20251110T150000Z|slot_decision_explanation,TASK617|ROK|20251110T150000Z,ROK,2025-11-12 14:30:00+00:00,2025-11-10 15:00:00+00:00,industrial_automation_robotics,validation,priority_candidate,setup=high_quality_setup|catalyst=guidance_margin_upgrade|price=price_confirmed_basic|theme=participating_theme|relation=relation_reinforcing,capacity=slot_competition_very_high|same_entry_candidates=14|active_relations=0|risk=proxy_neutral|microstructure=SOURCE_PENDING_NOT_USED,1,14,1,5,0,0,1,,high_quality_setup,STRENGTH_HOLD_CANDIDATE,1,0,0,0
TASK617|DDOG|20251110T150000Z|slot_decision_explanation,TASK617|DDOG|20251110T150000Z,DDOG,2025-11-12 14:30:00+00:00,2025-11-10 15:00:00+00:00,data_devops_software,validation,priority_candidate,setup=high_quality_setup|catalyst=guidance_margin_upgrade|price=price_confirmed_basic|theme=participating_theme|relation=relation_reinforcing,capacity=slot_competition_very_high|same_entry_candidates=14|active_relations=0|risk=proxy_neutral|microstructure=SOURCE_PENDING_NOT_USED,1,14,5,5,0,0,1,,high_quality_setup,STRENGTH_HOLD_CANDIDATE,1,0,0,0
TASK617|ZS|20251110T151500Z|slot_decision_explanation,TASK617|ZS|20251110T151500Z,ZS,2025-11-12 14:30:00+00:00,2025-11-10 15:15:00+00:00,cybersecurity,validation,confirmation_required_candidate,setup=medium_quality_setup|catalyst=guidance_margin_upgrade|price=price_confirmed_basic|theme=fading_leadership|relation=company_positive_confirmation_needed,capacity=slot_competition_very_high|same_entry_candidates=14|active_relations=0|risk=proxy_neutral|microstructure=SOURCE_PENDING_NOT_USED,1,14,2,8,0,0,1,,medium_quality_setup,BASELINE_ALLOWED,1,0,0,0
TASK617|RIVN|20251110T153000Z|slot_decision_explanation,TASK617|RIVN|20251110T153000Z,RIVN,2025-11-12 14:30:00+00:00,2025-11-10 15:30:00+00:00,ev_autonomy_mobility,validation,confirmation_required_candidate,setup=medium_quality_setup|catalyst=guidance_margin_upgrade|price=price_confirmed_basic|theme=participating_theme|relation=company_positive_confirmation_needed,capacity=slot_competition_very_high|same_entry_candidates=14|active_relations=0|risk=proxy_neutral|microstructure=SOURCE_PENDING_NOT_USED,1,14,2,8,0,0,1,,medium_quality_setup,BASELINE_ALLOWED,1,0,0,0
TASK617|CRWD|20251110T191500Z|slot_decision_explanation,TASK617|CRWD|20251110T191500Z,CRWD,2025-11-12 14:30:00+00:00,2025-11-10 19:15:00+00:00,cybersecurity,validation,confirmation_required_candidate,setup=medium_quality_setup|catalyst=guidance_margin_upgrade|price=price_confirmed_basic|theme=fading_leadership|relation=company_positive_confirmation_needed,capacity=slot_competition_very_high|same_entry_candidates=14|active_relations=0|risk=proxy_neutral|microstructure=SOURCE_PENDING_NOT_USED,1,14,2,8,0,0,1,,medium_quality_setup,BASELINE_ALLOWED,1,0,0,0
TASK617|GM|20251110T193000Z|slot_decision_explanation,TASK617|GM|20251110T193000Z,GM,2025-11-12 14:30:00+00:00,2025-11-10 19:30:00+00:00,ev_autonomy_mobility,validation,confirmation_required_candidate,setup=medium_quality_setup|catalyst=guidance_margin_upgrade|price=price_confirmed_basic|theme=participating_theme|relation=company_positive_confirmation_needed,capacity=slot_competition_very_high|same_entry_candidates=14|active_relations=0|risk=proxy_neutral|microstructure=SOURCE_PENDING_NOT_USED,1,14,2,8,0,0,1,,medium_quality_setup,BASELINE_ALLOWED,1,0,0,0
TASK617|ASML|20251110T203000Z|slot_decision_explanation,TASK617|ASML|20251110T203000Z,ASML,2025-11-12 14:30:00+00:00,2025-11-10 20:30:00+00:00,ai_semiconductors,validation,confirmation_required_candidate,setup=medium_quality_setup|catalyst=guidance_margin_upgrade|price=price_confirmed_basic|theme=fading_leadership|relation=company_positive_confirmation_needed,capacity=slot_competition_very_high|same_entry_candidates=14|active_relations=0|risk=proxy_neutral|microstructure=SOURCE_PENDING_NOT_USED,1,14,2,8,0,0,1,,medium_quality_setup,BASELINE_ALLOWED,1,0,0,0
TASK617|PH|20251111T144500Z|slot_decision_explanation,TASK617|PH|20251111T144500Z,PH,2025-11-13 14:30:00+00:00,2025-11-11 14:45:00+00:00,industrial_automation_robotics,validation,priority_candidate,setup=high_quality_setup|catalyst=guidance_margin_upgrade|price=price_confirmed_basic|theme=participating_theme|relation=relation_reinforcing,capacity=slot_competition_very_high|same_entry_candidates=13|active_relations=0|risk=proxy_neutral|microstructure=SOURCE_PENDING_NOT_USED,1,13,1,3,0,0,1,,high_quality_setup,STRENGTH_HOLD_CANDIDATE,1,0,0,0
TASK617|SNOW|20251111T144500Z|slot_decision_explanation,TASK617|SNOW|20251111T144500Z,SNOW,2025-11-13 14:30:00+00:00,2025-11-11 14:45:00+00:00,data_devops_software,validation,priority_candidate,setup=high_quality_setup|catalyst=guidance_margin_upgrade|price=price_confirmed_basic|theme=participating_theme|relation=relation_reinforcing,capacity=slot_competition_very_high|same_entry_candidates=13|active_relations=0|risk=proxy_neutral|microstructure=SOURCE_PENDING_NOT_USED,1,13,3,3,0,0,1,,high_quality_setup,STRENGTH_HOLD_CANDIDATE,1,0,0,0
TASK617|ZS|20251111T144500Z|slot_decision_explanation,TASK617|ZS|20251111T144500Z,ZS,2025-11-13 14:30:00+00:00,2025-11-11 14:45:00+00:00,cybersecurity,validation,confirmation_required_candidate,setup=medium_quality_setup|catalyst=guidance_margin_upgrade|price=price_confirmed_basic|theme=participating_theme|relation=company_positive_confirmation_needed,capacity=slot_competition_very_high|same_entry_candidates=13|active_relations=0|risk=proxy_neutral|microstructure=SOURCE_PENDING_NOT_USED,1,13,2,9,0,0,1,,medium_quality_setup,BASELINE_ALLOWED,1,0,0,0
TASK617|ESTC|20251111T144500Z|slot_decision_explanation,TASK617|ESTC|20251111T144500Z,ESTC,2025-11-13 14:30:00+00:00,2025-11-11 14:45:00+00:00,data_devops_software,validation,normal_candidate,setup=research_only_setup|catalyst=guidance_margin_upgrade|price=price_confirmed_but_extended|theme=participating_theme|relation=relation_sparse_research_only,capacity=slot_competition_very_high|same_entry_candidates=13|active_relations=0|risk=extension_proxy|microstructure=SOURCE_PENDING_NOT_USED,1,13,3,1,0,0,1,,research_only_setup,RESEARCH_ONLY,1,0,0,0
TASK617|RIVN|20251111T144500Z|slot_decision_explanation,TASK617|RIVN|20251111T144500Z,RIVN,2025-11-13 14:30:00+00:00,2025-11-11 14:45:00+00:00,ev_autonomy_mobility,validation,confirmation_required_candidate,setup=medium_quality_setup|catalyst=guidance_margin_upgrade|price=price_confirmed_basic|theme=participating_theme|relation=company_positive_confirmation_needed,capacity=slot_competition_very_high|same_entry_candidates=13|active_relations=0|risk=proxy_neutral|microstructure=SOURCE_PENDING_NOT_USED,1,13,3,9,0,0,1,,medium_quality_setup,BASELINE_ALLOWED,1,0,0,0
TASK617|REGN|20251111T150000Z|slot_decision_explanation,TASK617|REGN|20251111T150000Z,REGN,2025-11-13 14:30:00+00:00,2025-11-11 15:00:00+00:00,biotech_glp1_healthcare,validation,confirmation_required_candidate,setup=medium_quality_setup|catalyst=guidance_margin_upgrade|price=price_confirmed_basic|theme=participating_theme|relation=company_positive_confirmation_needed,capacity=slot_competition_very_high|same_entry_candidates=13|active_relations=0|risk=proxy_neutral|microstructure=SOURCE_PENDING_NOT_USED,1,13,4,9,0,0,1,,medium_quality_setup,BASELINE_ALLOWED,1,0,0,0
TASK617|AMGN|20251111T150000Z|slot_decision_explanation,TASK617|AMGN|20251111T150000Z,AMGN,2025-11-13 14:30:00+00:00,2025-11-11 15:00:00+00:00,biotech_glp1_healthcare,validation,confirmation_required_candidate,setup=medium_quality_setup|catalyst=guidance_margin_upgrade|price=price_confirmed_basic|theme=participating_theme|relation=company_positive_confirmation_needed,capacity=slot_competition_very_high|same_entry_candidates=13|active_relations=0|risk=proxy_neutral|microstructure=SOURCE_PENDING_NOT_USED,1,13,4,9,0,0,1,,medium_quality_setup,BASELINE_ALLOWED,1,0,0,0
TASK617|ISRG|20251111T151500Z|slot_decision_explanation,TASK617|ISRG|20251111T151500Z,ISRG,2025-11-13 14:30:00+00:00,2025-11-11 15:15:00+00:00,biotech_glp1_healthcare,validation,confirmation_required_candidate,setup=medium_quality_setup|catalyst=guidance_margin_upgrade|price=price_confirmed_basic|theme=participating_theme|relation=company_positive_confirmation_needed,capacity=slot_competition_very_high|same_entry_candidates=13|active_relations=0|risk=proxy_neutral|microstructure=SOURCE_PENDING_NOT_USED,1,13,4,9,0,0,1,,medium_quality_setup,BASELINE_ALLOWED,1,0,0,0
TASK617|LLY|20251111T153000Z|slot_decision_explanation,TASK617|LLY|20251111T153000Z,LLY,2025-11-13 14:30:00+00:00,2025-11-11 15:30:00+00:00,biotech_glp1_healthcare,validation,confirmation_required_candidate,setup=medium_quality_setup|catalyst=guidance_margin_upgrade|price=price_confirmed_but_extended|theme=participating_theme|relation=company_positive_confirmation_needed,capacity=slot_competition_very_high|same_entry_candidates=13|active_relations=0|risk=extension_proxy|microstructure=SOURCE_PENDING_NOT_USED,1,13,4,9,0,0,1,,medium_quality_setup,BASELINE_ALLOWED,1,0,0,0
TASK617|F|20251111T160000Z|slot_decision_explanation,TASK617|F|20251111T160000Z,F,2025-11-13 14:30:00+00:00,2025-11-11 16:00:00+00:00,ev_autonomy_mobility,validation,confirmation_required_candidate,setup=medium_quality_setup|catalyst=guidance_margin_upgrade|price=price_confirmed_basic|theme=participating_theme|relation=company_positive_confirmation_needed,capacity=slot_competition_very_high|same_entry_candidates=13|active_relations=0|risk=proxy_neutral|microstructure=SOURCE_PENDING_NOT_USED,1,13,3,9,0,0,1,,medium_quality_setup,BASELINE_ALLOWED,1,0,0,0
TASK617|GM|20251111T160000Z|slot_decision_explanation,TASK617|GM|20251111T160000Z,GM,2025-11-13 14:30:00+00:00,2025-11-11 16:00:00+00:00,ev_autonomy_mobility,validation,confirmation_required_candidate,setup=medium_quality_setup|catalyst=guidance_margin_upgrade|price=price_confirmed_basic|theme=participating_theme|relation=company_positive_confirmation_needed,capacity=slot_competition_very_high|same_entry_candidates=13|active_relations=0|risk=proxy_neutral|microstructure=SOURCE_PENDING_NOT_USED,1,13,3,9,0,0,1,,medium_quality_setup,BASELINE_ALLOWED,1,0,0,0
TASK617|PANW|20251111T193000Z|slot_decision_explanation,TASK617|PANW|20251111T193000Z,PANW,2025-11-13 14:30:00+00:00,2025-11-11 19:30:00+00:00,cybersecurity,validation,confirmation_required_candidate,setup=medium_quality_setup|catalyst=guidance_margin_upgrade|price=price_confirmed_basic|theme=participating_theme|relation=company_positive_confirmation_needed,capacity=slot_competition_very_high|same_entry_candidates=13|active_relations=0|risk=proxy_neutral|microstructure=SOURCE_PENDING_NOT_USED,1,13,2,9,0,0,1,,medium_quality_setup,BASELINE_ALLOWED,1,0,0,0
TASK617|MDB|20251111T201500Z|slot_decision_explanation,TASK617|MDB|20251111T201500Z,MDB,2025-11-13 14:30:00+00:00,2025-11-11 20:15:00+00:00,data_devops_software,validation,priority_candidate,setup=high_quality_setup|catalyst=guidance_margin_upgrade|price=price_confirmed_basic|theme=participating_theme|relation=relation_reinforcing,capacity=slot_competition_very_high|same_entry_candidates=13|active_relations=0|risk=proxy_neutral|microstructure=SOURCE_PENDING_NOT_USED,1,13,3,3,0,0,1,,high_quality_setup,STRENGTH_HOLD_CANDIDATE,1,0,0,0
TASK617|PH|20251112T143000Z|slot_decision_explanation,TASK617|PH|20251112T143000Z,PH,2025-11-14 14:30:00+00:00,2025-11-12 14:30:00+00:00,industrial_automation_robotics,validation,priority_candidate,setup=high_quality_setup|catalyst=guidance_margin_upgrade|price=price_confirmed_basic|theme=participating_theme|relation=relation_reinforcing,capacity=slot_competition_low|same_entry_candidates=2|active_relations=0|risk=proxy_neutral|microstructure=SOURCE_PENDING_NOT_USED,0,2,1,1,0,0,1,,high_quality_setup,STRENGTH_HOLD_CANDIDATE,1,0,0,0
TASK617|MDB|20251112T151500Z|slot_decision_explanation,TASK617|MDB|20251112T151500Z,MDB,2025-11-14 14:30:00+00:00,2025-11-12 15:15:00+00:00,data_devops_software,validation,normal_candidate,setup=research_only_setup|catalyst=contract_supply_combo|price=price_confirmed_basic|theme=participating_theme|relation=relation_sparse_research_only,capacity=slot_competition_low|same_entry_candidates=2|active_relations=0|risk=proxy_neutral|microstructure=SOURCE_PENDING_NOT_USED,0,2,1,1,0,0,1,,research_only_setup,RESEARCH_ONLY,1,0,0,0
TASK617|MDB|20251113T150000Z|slot_decision_explanation,TASK617|MDB|20251113T150000Z,MDB,2025-11-17 14:30:00+00:00,2025-11-13 15:00:00+00:00,data_devops_software,validation,priority_candidate,setup=high_quality_setup|catalyst=contract_supply_combo|price=price_confirmed_basic|theme=participating_theme|relation=relation_reinforcing,capacity=slot_competition_low|same_entry_candidates=2|active_relations=0|risk=proxy_neutral|microstructure=SOURCE_PENDING_NOT_USED,0,2,1,2,0,0,1,,high_quality_setup,STRENGTH_HOLD_CANDIDATE,1,0,0,0
TASK617|PH|20251113T150000Z|slot_decision_explanation,TASK617|PH|20251113T150000Z,PH,2025-11-17 14:30:00+00:00,2025-11-13 15:00:00+00:00,industrial_automation_robotics,validation,priority_candidate,setup=high_quality_setup|catalyst=guidance_margin_upgrade|price=price_confirmed_basic|theme=participating_theme|relation=relation_reinforcing,capacity=slot_competition_low|same_entry_candidates=2|active_relations=0|risk=proxy_neutral|microstructure=SOURCE_PENDING_NOT_USED,0,2,1,2,0,0,1,,high_quality_setup,STRENGTH_HOLD_CANDIDATE,1,0,0,0
TASK617|LLY|20251117T143000Z|slot_decision_explanation,TASK617|LLY|20251117T143000Z,LLY,2025-11-19 14:30:00+00:00,2025-11-17 14:30:00+00:00,biotech_glp1_healthcare,validation,confirmation_required_candidate,setup=medium_quality_setup|catalyst=guidance_margin_upgrade|price=price_confirmed_basic|theme=participating_theme|relation=company_positive_confirmation_needed,capacity=slot_competition_low|same_entry_candidates=4|active_relations=0|risk=market_stress_proxy|microstructure=SOURCE_PENDING_NOT_USED,0,4,3,3,0,0,1,,medium_quality_setup,BASELINE_ALLOWED,1,0,0,0
TASK617|AMGN|20251117T144500Z|slot_decision_explanation,TASK617|AMGN|20251117T144500Z,AMGN,2025-11-19 14:30:00+00:00,2025-11-17 14:45:00+00:00,biotech_glp1_healthcare,validation,confirmation_required_candidate,setup=medium_quality_setup|catalyst=guidance_margin_upgrade|price=price_confirmed_basic|theme=participating_theme|relation=company_positive_confirmation_needed,capacity=slot_competition_low|same_entry_candidates=4|active_relations=0|risk=market_stress_proxy|microstructure=SOURCE_PENDING_NOT_USED,0,4,3,3,0,0,1,,medium_quality_setup,BASELINE_ALLOWED,1,0,0,0
TASK617|TER|20251117T150000Z|slot_decision_explanation,TASK617|TER|20251117T150000Z,TER,2025-11-19 14:30:00+00:00,2025-11-17 15:00:00+00:00,industrial_automation_robotics,validation,priority_candidate,setup=medium_quality_setup|catalyst=guidance_margin_upgrade|price=price_confirmed_basic|theme=participating_theme|relation=relation_reinforcing,capacity=slot_competition_low|same_entry_candidates=4|active_relations=0|risk=market_stress_proxy|microstructure=SOURCE_PENDING_NOT_USED,0,4,1,1,0,0,1,,medium_quality_setup,STRENGTH_HOLD_CANDIDATE,1,0,0,0
TASK617|REGN|20251117T151500Z|slot_decision_explanation,TASK617|REGN|20251117T151500Z,REGN,2025-11-19 14:30:00+00:00,2025-11-17 15:15:00+00:00,biotech_glp1_healthcare,validation,confirmation_required_candidate,setup=medium_quality_setup|catalyst=guidance_margin_upgrade|price=price_confirmed_basic|theme=participating_theme|relation=company_positive_confirmation_needed,capacity=slot_competition_low|same_entry_candidates=4|active_relations=0|risk=market_stress_proxy|microstructure=SOURCE_PENDING_NOT_USED,0,4,3,3,0,0,1,,medium_quality_setup,BASELINE_ALLOWED,1,0,0,0
TASK617|REGN|20251118T143000Z|slot_decision_explanation,TASK617|REGN|20251118T143000Z,REGN,2025-11-20 14:30:00+00:00,2025-11-18 14:30:00+00:00,biotech_glp1_healthcare,validation,confirmation_required_candidate,setup=medium_quality_setup|catalyst=guidance_margin_upgrade|price=price_confirmed_basic|theme=participating_theme|relation=company_positive_confirmation_needed,capacity=slot_competition_low|same_entry_candidates=3|active_relations=0|risk=market_stress_proxy|microstructure=SOURCE_PENDING_NOT_USED,0,3,3,3,0,0,1,,medium_quality_setup,BASELINE_ALLOWED,1,0,0,0
TASK617|LLY|20251118T161500Z|slot_decision_explanation,TASK617|LLY|20251118T161500Z,LLY,2025-11-20 14:30:00+00:00,2025-11-18 16:15:00+00:00,biotech_glp1_healthcare,validation,confirmation_required_candidate,setup=medium_quality_setup|catalyst=guidance_margin_upgrade|price=price_confirmed_but_extended|theme=participating_theme|relation=company_positive_confirmation_needed,capacity=slot_competition_low|same_entry_candidates=3|active_relations=0|risk=stress_plus_extension_proxy|microstructure=SOURCE_PENDING_NOT_USED,0,3,3,3,0,0,1,,medium_quality_setup,BASELINE_ALLOWED,1,0,0,0
TASK617|AMGN|20251118T183000Z|slot_decision_explanation,TASK617|AMGN|20251118T183000Z,AMGN,2025-11-20 14:30:00+00:00,2025-11-18 18:30:00+00:00,biotech_glp1_healthcare,validation,confirmation_required_candidate,setup=medium_quality_setup|catalyst=guidance_margin_upgrade|price=price_confirmed_but_extended|theme=participating_theme|relation=company_positive_confirmation_needed,capacity=slot_competition_low|same_entry_candidates=3|active_relations=0|risk=stress_plus_extension_proxy|microstructure=SOURCE_PENDING_NOT_USED,0,3,3,3,0,0,1,,medium_quality_setup,BASELINE_ALLOWED,1,0,0,0
TASK617|TER|20251119T143000Z|slot_decision_explanation,TASK617|TER|20251119T143000Z,TER,2025-11-21 14:30:00+00:00,2025-11-19 14:30:00+00:00,industrial_automation_robotics,validation,confirmation_required_candidate,setup=medium_quality_setup|catalyst=guidance_margin_upgrade|price=price_confirmed_basic|theme=participating_theme|relation=company_price_confirmed_macro_secondary,capacity=slot_competition_low|same_entry_candidates=5|active_relations=0|risk=market_stress_proxy|microstructure=SOURCE_PENDING_NOT_USED,1,5,1,1,0,0,1,,medium_quality_setup,BASELINE_ALLOWED,1,0,0,0
TASK617|GEV|20251119T143000Z|slot_decision_explanation,TASK617|GEV|20251119T143000Z,GEV,2025-11-21 14:30:00+00:00,2025-11-19 14:30:00+00:00,power_grid_electrification,validation,confirmation_required_candidate,setup=medium_quality_setup|catalyst=guidance_margin_upgrade|price=price_confirmed_basic|theme=fading_leadership|relation=company_positive_confirmation_needed,capacity=same_relation_crowded|same_entry_candidates=5|active_relations=0|risk=market_stress_proxy|microstructure=SOURCE_PENDING_NOT_USED,1,5,2,4,0,0,1,,medium_quality_setup,BASELINE_ALLOWED,1,0,0,0
TASK617|ISRG|20251119T143000Z|slot_decision_explanation,TASK617|ISRG|20251119T143000Z,ISRG,2025-11-21 14:30:00+00:00,2025-11-19 14:30:00+00:00,biotech_glp1_healthcare,validation,confirmation_required_candidate,setup=medium_quality_setup|catalyst=guidance_margin_upgrade|price=price_confirmed_basic|theme=participating_theme|relation=company_positive_confirmation_needed,capacity=same_relation_crowded|same_entry_candidates=5|active_relations=0|risk=market_stress_proxy|microstructure=SOURCE_PENDING_NOT_USED,1,5,2,4,0,0,1,,medium_quality_setup,BASELINE_ALLOWED,1,0,0,0
TASK617|PWR|20251119T144500Z|slot_decision_explanation,TASK617|PWR|20251119T144500Z,PWR,2025-11-21 14:30:00+00:00,2025-11-19 14:45:00+00:00,power_grid_electrification,validation,confirmation_required_candidate,setup=medium_quality_setup|catalyst=guidance_margin_upgrade|price=price_confirmed_basic|theme=fading_leadership|relation=company_positive_confirmation_needed,capacity=same_relation_crowded|same_entry_candidates=5|active_relations=0|risk=market_stress_proxy|microstructure=SOURCE_PENDING_NOT_USED,1,5,2,4,0,0,1,,medium_quality_setup,BASELINE_ALLOWED,1,0,0,0
TASK617|LLY|20251119T144500Z|slot_decision_explanation,TASK617|LLY|20251119T144500Z,LLY,2025-11-21 14:30:00+00:00,2025-11-19 14:45:00+00:00,biotech_glp1_healthcare,validation,confirmation_required_candidate,setup=medium_quality_setup|catalyst=guidance_margin_upgrade|price=price_confirmed_but_extended|theme=participating_theme|relation=company_positive_confirmation_needed,capacity=same_relation_crowded|same_entry_candidates=5|active_relations=0|risk=stress_plus_extension_proxy|microstructure=SOURCE_PENDING_NOT_USED,1,5,2,4,0,0,1,,medium_quality_setup,BASELINE_ALLOWED,1,0,0,0
TASK617|REGN|20251120T150000Z|slot_decision_explanation,TASK617|REGN|20251120T150000Z,REGN,2025-11-24 14:30:00+00:00,2025-11-20 15:00:00+00:00,biotech_glp1_healthcare,validation,confirmation_required_candidate,setup=medium_quality_setup|catalyst=guidance_margin_upgrade|price=price_confirmed_basic|theme=participating_theme|relation=company_positive_confirmation_needed,capacity=slot_competition_low|same_entry_candidates=1|active_relations=0|risk=market_stress_proxy|microstructure=SOURCE_PENDING_NOT_USED,0,1,1,1,0,0,1,,medium_quality_setup,BASELINE_ALLOWED,1,0,0,0
TASK617|PH|20251124T150000Z|slot_decision_explanation,TASK617|PH|20251124T150000Z,PH,2025-11-26 14:30:00+00:00,2025-11-24 15:00:00+00:00,industrial_automation_robotics,validation,priority_candidate,setup=high_quality_setup|catalyst=guidance_margin_upgrade|price=price_confirmed_basic|theme=narrow_leader|relation=relation_reinforcing,capacity=slot_competition_low|same_entry_candidates=1|active_relations=0|risk=market_stress_proxy|microstructure=SOURCE_PENDING_NOT_USED,0,1,1,1,0,0,1,,high_quality_setup,STRENGTH_HOLD_CANDIDATE,1,0,0,0
TASK617|PH|20251125T153000Z|slot_decision_explanation,TASK617|PH|20251125T153000Z,PH,2025-11-28 14:30:00+00:00,2025-11-25 15:30:00+00:00,industrial_automation_robotics,validation,priority_candidate,setup=medium_quality_setup|catalyst=guidance_margin_upgrade|price=price_confirmed_but_extended|theme=participating_theme|relation=relation_reinforcing,capacity=slot_competition_low|same_entry_candidates=1|active_relations=0|risk=stress_plus_extension_proxy|microstructure=SOURCE_PENDING_NOT_USED,0,1,1,1,0,0,1,,medium_quality_setup,STRENGTH_HOLD_CANDIDATE,1,0,0,0
TASK617|MRNA|20251222T143000Z|slot_decision_explanation,TASK617|MRNA|20251222T143000Z,MRNA,2025-12-24 14:30:00+00:00,2025-12-22 14:30:00+00:00,biotech_glp1_healthcare,validation,priority_candidate,setup=high_quality_setup|catalyst=contract_customer_backlog|price=price_confirmed_basic|theme=participating_theme|relation=company_price_confirmed_macro_secondary,capacity=slot_competition_very_high|same_entry_candidates=11|active_relations=0|risk=proxy_neutral|microstructure=SOURCE_PENDING_NOT_USED,1,11,2,8,0,0,1,,high_quality_setup,BASELINE_ALLOWED,1,0,0,0
TASK617|ASTS|20251222T143000Z|slot_decision_explanation,TASK617|ASTS|20251222T143000Z,ASTS,2025-12-24 14:30:00+00:00,2025-12-22 14:30:00+00:00,aerospace_defense_space,validation,priority_candidate,setup=high_quality_setup|catalyst=contract_customer_backlog|price=price_confirmed_basic|theme=persistent_leadership|relation=company_price_confirmed_macro_secondary,capacity=slot_competition_very_high|same_entry_candidates=11|active_relations=0|risk=proxy_neutral|microstructure=SOURCE_PENDING_NOT_USED,1,11,3,8,0,0,1,,high_quality_setup,BASELINE_ALLOWED,1,0,0,0
TASK617|RKLB|20251222T143000Z|slot_decision_explanation,TASK617|RKLB|20251222T143000Z,RKLB,2025-12-24 14:30:00+00:00,2025-12-22 14:30:00+00:00,aerospace_defense_space,validation,priority_candidate,setup=high_quality_setup|catalyst=contract_customer_backlog|price=price_confirmed_but_extended|theme=persistent_leadership|relation=company_price_confirmed_macro_secondary,capacity=slot_competition_very_high|same_entry_candidates=11|active_relations=0|risk=extension_proxy|microstructure=SOURCE_PENDING_NOT_USED,1,11,3,8,0,0,1,,high_quality_setup,BASELINE_ALLOWED,1,0,0,0
TASK617|GM|20251222T143000Z|slot_decision_explanation,TASK617|GM|20251222T143000Z,GM,2025-12-24 14:30:00+00:00,2025-12-22 14:30:00+00:00,ev_autonomy_mobility,validation,confirmation_required_candidate,setup=medium_quality_setup|catalyst=contract_customer_backlog|price=price_confirmed_but_extended|theme=emerging_leadership|relation=company_price_confirmed_macro_secondary,capacity=slot_competition_very_high|same_entry_candidates=11|active_relations=0|risk=extension_proxy|microstructure=SOURCE_PENDING_NOT_USED,1,11,1,8,0,0,1,,medium_quality_setup,BASELINE_ALLOWED,1,0,0,0
TASK617|MDB|20251222T144500Z|slot_decision_explanation,TASK617|MDB|20251222T144500Z,MDB,2025-12-24 14:30:00+00:00,2025-12-22 14:45:00+00:00,data_devops_software,validation,priority_candidate,setup=medium_quality_setup|catalyst=contract_customer_backlog|price=price_confirmed_basic|theme=fading_leadership|relation=relation_reinforcing,capacity=slot_competition_very_high|same_entry_candidates=11|active_relations=0|risk=proxy_neutral|microstructure=SOURCE_PENDING_NOT_USED,1,11,1,3,0,0,1,,medium_quality_setup,STRENGTH_HOLD_CANDIDATE,1,0,0,0
TASK617|CRM|20251222T150000Z|slot_decision_explanation,TASK617|CRM|20251222T150000Z,CRM,2025-12-24 14:30:00+00:00,2025-12-22 15:00:00+00:00,cloud_ai_platforms,validation,priority_candidate,setup=high_quality_setup|catalyst=contract_customer_backlog|price=price_confirmed_basic|theme=participating_theme|relation=company_price_confirmed_macro_secondary,capacity=slot_competition_very_high|same_entry_candidates=11|active_relations=0|risk=proxy_neutral|microstructure=SOURCE_PENDING_NOT_USED,1,11,1,8,0,0,1,,high_quality_setup,BASELINE_ALLOWED,1,0,0,0
TASK617|VRTX|20251222T150000Z|slot_decision_explanation,TASK617|VRTX|20251222T150000Z,VRTX,2025-12-24 14:30:00+00:00,2025-12-22 15:00:00+00:00,biotech_glp1_healthcare,validation,priority_candidate,setup=high_quality_setup|catalyst=contract_customer_backlog|price=price_confirmed_basic|theme=participating_theme|relation=company_price_confirmed_macro_secondary,capacity=slot_competition_very_high|same_entry_candidates=11|active_relations=0|risk=proxy_neutral|microstructure=SOURCE_PENDING_NOT_USED,1,11,2,8,0,0,1,,high_quality_setup,BASELINE_ALLOWED,1,0,0,0
TASK617|PH|20251222T151500Z|slot_decision_explanation,TASK617|PH|20251222T151500Z,PH,2025-12-24 14:30:00+00:00,2025-12-22 15:15:00+00:00,industrial_automation_robotics,validation,priority_candidate,setup=high_quality_setup|catalyst=contract_customer_backlog|price=price_confirmed_basic|theme=participating_theme|relation=relation_reinforcing,capacity=slot_competition_very_high|same_entry_candidates=11|active_relations=0|risk=proxy_neutral|microstructure=SOURCE_PENDING_NOT_USED,1,11,3,3,0,0,1,,high_quality_setup,STRENGTH_HOLD_CANDIDATE,1,0,0,0
TASK617|EMR|20251222T151500Z|slot_decision_explanation,TASK617|EMR|20251222T151500Z,EMR,2025-12-24 14:30:00+00:00,2025-12-22 15:15:00+00:00,industrial_automation_robotics,validation,priority_candidate,setup=high_quality_setup|catalyst=contract_customer_backlog|price=price_confirmed_basic|theme=participating_theme|relation=company_price_confirmed_macro_secondary,capacity=slot_competition_very_high|same_entry_candidates=11|active_relations=0|risk=proxy_neutral|microstructure=SOURCE_PENDING_NOT_USED,1,11,3,8,0,0,1,,high_quality_setup,BASELINE_ALLOWED,1,0,0,0
TASK617|RTX|20251222T151500Z|slot_decision_explanation,TASK617|RTX|20251222T151500Z,RTX,2025-12-24 14:30:00+00:00,2025-12-22 15:15:00+00:00,aerospace_defense_space,validation,priority_candidate,setup=high_quality_setup|catalyst=contract_customer_backlog|price=price_confirmed_but_extended|theme=persistent_leadership|relation=company_price_confirmed_macro_secondary,capacity=slot_competition_very_high|same_entry_candidates=11|active_relations=0|risk=extension_proxy|microstructure=SOURCE_PENDING_NOT_USED,1,11,3,8,0,0,1,,high_quality_setup,BASELINE_ALLOWED,1,0,0,0
TASK617|ROK|20251222T193000Z|slot_decision_explanation,TASK617|ROK|20251222T193000Z,ROK,2025-12-24 14:30:00+00:00,2025-12-22 19:30:00+00:00,industrial_automation_robotics,validation,priority_candidate,setup=high_quality_setup|catalyst=contract_customer_backlog|price=price_confirmed_basic|theme=participating_theme|relation=relation_reinforcing,capacity=slot_competition_very_high|same_entry_candidates=11|active_relations=0|risk=proxy_neutral|microstructure=SOURCE_PENDING_NOT_USED,1,11,3,3,0,0,1,,high_quality_setup,STRENGTH_HOLD_CANDIDATE,1,0,0,0
TASK617|ASTS|20251223T143000Z|slot_decision_explanation,TASK617|ASTS|20251223T143000Z,ASTS,2025-12-26 14:30:00+00:00,2025-12-23 14:30:00+00:00,aerospace_defense_space,validation,priority_candidate,setup=high_quality_setup|catalyst=contract_customer_backlog|price=price_confirmed_but_extended|theme=persistent_leadership|relation=company_price_confirmed_macro_secondary,capacity=same_relation_crowded|same_entry_candidates=5|active_relations=0|risk=extension_proxy|microstructure=SOURCE_PENDING_NOT_USED,1,5,2,4,0,0,1,,high_quality_setup,BASELINE_ALLOWED,1,0,0,0
TASK617|TER|20251223T143000Z|slot_decision_explanation,TASK617|TER|20251223T143000Z,TER,2025-12-26 14:30:00+00:00,2025-12-23 14:30:00+00:00,industrial_automation_robotics,validation,priority_candidate,setup=medium_quality_setup|catalyst=contract_customer_backlog|price=price_confirmed_but_extended|theme=fading_leadership|relation=relation_reinforcing,capacity=slot_competition_low|same_entry_candidates=5|active_relations=0|risk=extension_proxy|microstructure=SOURCE_PENDING_NOT_USED,1,5,2,1,0,0,1,,medium_quality_setup,STRENGTH_HOLD_CANDIDATE,1,0,0,0
TASK617|RTX|20251223T144500Z|slot_decision_explanation,TASK617|RTX|20251223T144500Z,RTX,2025-12-26 14:30:00+00:00,2025-12-23 14:45:00+00:00,aerospace_defense_space,validation,priority_candidate,setup=high_quality_setup|catalyst=contract_customer_backlog|price=price_confirmed_basic|theme=persistent_leadership|relation=company_price_confirmed_macro_secondary,capacity=same_relation_crowded|same_entry_candidates=5|active_relations=0|risk=proxy_neutral|microstructure=SOURCE_PENDING_NOT_USED,1,5,2,4,0,0,1,,high_quality_setup,BASELINE_ALLOWED,1,0,0,0
TASK617|EMR|20251223T150000Z|slot_decision_explanation,TASK617|EMR|20251223T150000Z,EMR,2025-12-26 14:30:00+00:00,2025-12-23 15:00:00+00:00,industrial_automation_robotics,validation,confirmation_required_candidate,setup=medium_quality_setup|catalyst=contract_customer_backlog|price=price_confirmed_but_extended|theme=fading_leadership|relation=company_price_confirmed_macro_secondary,capacity=same_relation_crowded|same_entry_candidates=5|active_relations=0|risk=extension_proxy|microstructure=SOURCE_PENDING_NOT_USED,1,5,2,4,0,0,1,,medium_quality_setup,BASELINE_ALLOWED,1,0,0,0
TASK617|CRM|20251223T200000Z|slot_decision_explanation,TASK617|CRM|20251223T200000Z,CRM,2025-12-26 14:30:00+00:00,2025-12-23 20:00:00+00:00,cloud_ai_platforms,validation,confirmation_required_candidate,setup=medium_quality_setup|catalyst=contract_customer_backlog|price=price_confirmed_basic|theme=fading_leadership|relation=company_price_confirmed_macro_secondary,capacity=same_relation_crowded|same_entry_candidates=5|active_relations=0|risk=proxy_neutral|microstructure=SOURCE_PENDING_NOT_USED,1,5,1,4,0,0,1,,medium_quality_setup,BASELINE_ALLOWED,1,0,0,0
TASK617|GD|20260108T143000Z|slot_decision_explanation,TASK617|GD|20260108T143000Z,GD,2026-01-12 14:30:00+00:00,2026-01-08 14:30:00+00:00,aerospace_defense_space,recent_oos,priority_candidate,setup=high_quality_setup|catalyst=contract_customer_backlog|price=price_confirmed_basic|theme=persistent_leadership|relation=company_price_confirmed_macro_secondary,capacity=slot_competition_very_high|same_entry_candidates=9|active_relations=0|risk=proxy_neutral|microstructure=SOURCE_PENDING_NOT_USED,1,9,3,9,0,0,1,,high_quality_setup,BASELINE_ALLOWED,1,0,0,0
TASK617|HON|20260108T143000Z|slot_decision_explanation,TASK617|HON|20260108T143000Z,HON,2026-01-12 14:30:00+00:00,2026-01-08 14:30:00+00:00,industrial_automation_robotics,recent_oos,priority_candidate,setup=high_quality_setup|catalyst=contract_customer_backlog|price=price_confirmed_basic|theme=participating_theme|relation=company_price_confirmed_macro_secondary,capacity=slot_competition_very_high|same_entry_candidates=9|active_relations=0|risk=proxy_neutral|microstructure=SOURCE_PENDING_NOT_USED,1,9,3,9,0,0,1,,high_quality_setup,BASELINE_ALLOWED,1,0,0,0
TASK617|VRTX|20260108T143000Z|slot_decision_explanation,TASK617|VRTX|20260108T143000Z,VRTX,2026-01-12 14:30:00+00:00,2026-01-08 14:30:00+00:00,biotech_glp1_healthcare,recent_oos,priority_candidate,setup=high_quality_setup|catalyst=contract_customer_backlog|price=price_confirmed_basic|theme=persistent_leadership|relation=company_price_confirmed_macro_secondary,capacity=slot_competition_very_high|same_entry_candidates=9|active_relations=0|risk=proxy_neutral|microstructure=SOURCE_PENDING_NOT_USED,1,9,3,9,0,0,1,,high_quality_setup,BASELINE_ALLOWED,1,0,0,0
TASK617|IR|20260108T144500Z|slot_decision_explanation,TASK617|IR|20260108T144500Z,IR,2026-01-12 14:30:00+00:00,2026-01-08 14:45:00+00:00,industrial_automation_robotics,recent_oos,priority_candidate,setup=high_quality_setup|catalyst=contract_customer_backlog|price=price_confirmed_basic|theme=participating_theme|relation=company_price_confirmed_macro_secondary,capacity=slot_competition_very_high|same_entry_candidates=9|active_relations=0|risk=proxy_neutral|microstructure=SOURCE_PENDING_NOT_USED,1,9,3,9,0,0,1,,high_quality_setup,BASELINE_ALLOWED,1,0,0,0
TASK617|NOC|20260108T144500Z|slot_decision_explanation,TASK617|NOC|20260108T144500Z,NOC,2026-01-12 14:30:00+00:00,2026-01-08 14:45:00+00:00,aerospace_defense_space,recent_oos,priority_candidate,setup=high_quality_setup|catalyst=contract_customer_backlog|price=price_confirmed_basic|theme=persistent_leadership|relation=company_price_confirmed_macro_secondary,capacity=slot_competition_very_high|same_entry_candidates=9|active_relations=0|risk=proxy_neutral|microstructure=SOURCE_PENDING_NOT_USED,1,9,3,9,0,0,1,,high_quality_setup,BASELINE_ALLOWED,1,0,0,0
TASK617|RTX|20260108T144500Z|slot_decision_explanation,TASK617|RTX|20260108T144500Z,RTX,2026-01-12 14:30:00+00:00,2026-01-08 14:45:00+00:00,aerospace_defense_space,recent_oos,priority_candidate,setup=high_quality_setup|catalyst=contract_customer_backlog|price=price_confirmed_basic|theme=persistent_leadership|relation=company_price_confirmed_macro_secondary,capacity=slot_competition_very_high|same_entry_candidates=9|active_relations=0|risk=high_liquidity_momentum_proxy|microstructure=SOURCE_PENDING_NOT_USED,1,9,3,9,0,0,1,,high_quality_setup,BASELINE_ALLOWED,1,0,0,0
TASK617|EMR|20260108T150000Z|slot_decision_explanation,TASK617|EMR|20260108T150000Z,EMR,2026-01-12 14:30:00+00:00,2026-01-08 15:00:00+00:00,industrial_automation_robotics,recent_oos,priority_candidate,setup=high_quality_setup|catalyst=contract_customer_backlog|price=price_confirmed_basic|theme=participating_theme|relation=company_price_confirmed_macro_secondary,capacity=slot_competition_very_high|same_entry_candidates=9|active_relations=0|risk=proxy_neutral|microstructure=SOURCE_PENDING_NOT_USED,1,9,3,9,0,0,1,,high_quality_setup,BASELINE_ALLOWED,1,0,0,0
TASK617|NVO|20260108T154500Z|slot_decision_explanation,TASK617|NVO|20260108T154500Z,NVO,2026-01-12 14:30:00+00:00,2026-01-08 15:45:00+00:00,biotech_glp1_healthcare,recent_oos,priority_candidate,setup=high_quality_setup|catalyst=contract_customer_backlog|price=price_confirmed_but_extended|theme=persistent_leadership|relation=company_price_confirmed_macro_secondary,capacity=slot_competition_very_high|same_entry_candidates=9|active_relations=0|risk=extension_proxy|microstructure=SOURCE_PENDING_NOT_USED,1,9,3,9,0,0,1,,high_quality_setup,BASELINE_ALLOWED,1,0,0,0
TASK617|REGN|20260108T160000Z|slot_decision_explanation,TASK617|REGN|20260108T160000Z,REGN,2026-01-12 14:30:00+00:00,2026-01-08 16:00:00+00:00,biotech_glp1_healthcare,recent_oos,priority_candidate,setup=high_quality_setup|catalyst=contract_customer_backlog|price=price_confirmed_basic|theme=persistent_leadership|relation=company_price_confirmed_macro_secondary,capacity=slot_competition_very_high|same_entry_candidates=9|active_relations=0|risk=proxy_neutral|microstructure=SOURCE_PENDING_NOT_USED,1,9,3,9,0,0,1,,high_quality_setup,BASELINE_ALLOWED,1,0,0,0
TASK617|BA|20260112T143000Z|slot_decision_explanation,TASK617|BA|20260112T143000Z,BA,2026-01-14 14:30:00+00:00,2026-01-12 14:30:00+00:00,aerospace_defense_space,recent_oos,priority_candidate,setup=high_quality_setup|catalyst=contract_customer_backlog|price=price_confirmed_basic|theme=persistent_leadership|relation=company_price_confirmed_macro_secondary,capacity=slot_competition_very_high|same_entry_candidates=11|active_relations=0|risk=proxy_neutral|microstructure=SOURCE_PENDING_NOT_USED,1,11,6,9,0,0,1,,high_quality_setup,BASELINE_ALLOWED,1,0,0,0
TASK617|NOC|20260112T143000Z|slot_decision_explanation,TASK617|NOC|20260112T143000Z,NOC,2026-01-14 14:30:00+00:00,2026-01-12 14:30:00+00:00,aerospace_defense_space,recent_oos,priority_candidate,setup=high_quality_setup|catalyst=contract_customer_backlog|price=price_confirmed_basic|theme=persistent_leadership|relation=company_price_confirmed_macro_secondary,capacity=slot_competition_very_high|same_entry_candidates=11|active_relations=0|risk=proxy_neutral|microstructure=SOURCE_PENDING_NOT_USED,1,11,6,9,0,0,1,,high_quality_setup,BASELINE_ALLOWED,1,0,0,0
TASK617|RKLB|20260112T143000Z|slot_decision_explanation,TASK617|RKLB|20260112T143000Z,RKLB,2026-01-14 14:30:00+00:00,2026-01-12 14:30:00+00:00,aerospace_defense_space,recent_oos,priority_candidate,setup=high_quality_setup|catalyst=contract_customer_backlog|price=price_confirmed_basic|theme=persistent_leadership|relation=company_price_confirmed_macro_secondary,capacity=slot_competition_very_high|same_entry_candidates=11|active_relations=0|risk=proxy_neutral|microstructure=SOURCE_PENDING_NOT_USED,1,11,6,9,0,0,1,,high_quality_setup,BASELINE_ALLOWED,1,0,0,0
TASK617|GE|20260112T143000Z|slot_decision_explanation,TASK617|GE|20260112T143000Z,GE,2026-01-14 14:30:00+00:00,2026-01-12 14:30:00+00:00,industrial_automation_robotics,recent_oos,priority_candidate,setup=high_quality_setup|catalyst=contract_customer_backlog|price=price_confirmed_basic|theme=participating_theme|relation=relation_reinforcing,capacity=slot_competition_very_high|same_entry_candidates=11|active_relations=0|risk=proxy_neutral|microstructure=SOURCE_PENDING_NOT_USED,1,11,3,2,0,0,1,,high_quality_setup,STRENGTH_HOLD_CANDIDATE,1,0,0,0
TASK617|RTX|20260112T143000Z|slot_decision_explanation,TASK617|RTX|20260112T143000Z,RTX,2026-01-14 14:30:00+00:00,2026-01-12 14:30:00+00:00,aerospace_defense_space,recent_oos,priority_candidate,setup=high_quality_setup|catalyst=contract_customer_backlog|price=price_confirmed_but_extended|theme=persistent_leadership|relation=company_price_confirmed_macro_secondary,capacity=slot_competition_very_high|same_entry_candidates=11|active_relations=0|risk=extension_proxy|microstructure=SOURCE_PENDING_NOT_USED,1,11,6,9,0,0,1,,high_quality_setup,BASELINE_ALLOWED,1,0,0,0
TASK617|ASTS|20260112T143000Z|slot_decision_explanation,TASK617|ASTS|20260112T143000Z,ASTS,2026-01-14 14:30:00+00:00,2026-01-12 14:30:00+00:00,aerospace_defense_space,recent_oos,priority_candidate,setup=high_quality_setup|catalyst=contract_customer_backlog|price=price_confirmed_but_extended|theme=persistent_leadership|relation=company_price_confirmed_macro_secondary,capacity=slot_competition_very_high|same_entry_candidates=11|active_relations=0|risk=extension_proxy|microstructure=SOURCE_PENDING_NOT_USED,1,11,6,9,0,0,1,,high_quality_setup,BASELINE_ALLOWED,1,0,0,0
TASK617|LLY|20260112T150000Z|slot_decision_explanation,TASK617|LLY|20260112T150000Z,LLY,2026-01-14 14:30:00+00:00,2026-01-12 15:00:00+00:00,biotech_glp1_healthcare,recent_oos,priority_candidate,setup=high_quality_setup|catalyst=contract_customer_backlog|price=price_confirmed_basic|theme=participating_theme|relation=company_price_confirmed_macro_secondary,capacity=slot_competition_very_high|same_entry_candidates=11|active_relations=0|risk=proxy_neutral|microstructure=SOURCE_PENDING_NOT_USED,1,11,1,9,0,0,1,,high_quality_setup,BASELINE_ALLOWED,1,0,0,0
TASK617|RIVN|20260112T150000Z|slot_decision_explanation,TASK617|RIVN|20260112T150000Z,RIVN,2026-01-14 14:30:00+00:00,2026-01-12 15:00:00+00:00,ev_autonomy_mobility,recent_oos,confirmation_required_candidate,setup=medium_quality_setup|catalyst=contract_customer_backlog|price=price_confirmed_basic|theme=fading_leadership|relation=company_price_confirmed_macro_secondary,capacity=slot_competition_very_high|same_entry_candidates=11|active_relations=0|risk=proxy_neutral|microstructure=SOURCE_PENDING_NOT_USED,1,11,1,9,0,0,1,,medium_quality_setup,BASELINE_ALLOWED,1,0,0,0
TASK617|GD|20260112T153000Z|slot_decision_explanation,TASK617|GD|20260112T153000Z,GD,2026-01-14 14:30:00+00:00,2026-01-12 15:30:00+00:00,aerospace_defense_space,recent_oos,priority_candidate,setup=high_quality_setup|catalyst=contract_customer_backlog|price=price_confirmed_basic|theme=persistent_leadership|relation=company_price_confirmed_macro_secondary,capacity=slot_competition_very_high|same_entry_candidates=11|active_relations=0|risk=proxy_neutral|microstructure=SOURCE_PENDING_NOT_USED,1,11,6,9,0,0,1,,high_quality_setup,BASELINE_ALLOWED,1,0,0,0
TASK617|TER|20260112T154500Z|slot_decision_explanation,TASK617|TER|20260112T154500Z,TER,2026-01-14 14:30:00+00:00,2026-01-12 15:45:00+00:00,industrial_automation_robotics,recent_oos,priority_candidate,setup=high_quality_setup|catalyst=contract_customer_backlog|price=price_confirmed_basic|theme=participating_theme|relation=relation_reinforcing,capacity=slot_competition_very_high|same_entry_candidates=11|active_relations=0|risk=proxy_neutral|microstructure=SOURCE_PENDING_NOT_USED,1,11,3,2,0,0,1,,high_quality_setup,STRENGTH_HOLD_CANDIDATE,1,0,0,0
TASK617|HON|20260112T160000Z|slot_decision_explanation,TASK617|HON|20260112T160000Z,HON,2026-01-14 14:30:00+00:00,2026-01-12 16:00:00+00:00,industrial_automation_robotics,recent_oos,priority_candidate,setup=high_quality_setup|catalyst=contract_customer_backlog|price=price_confirmed_basic|theme=participating_theme|relation=company_price_confirmed_macro_secondary,capacity=slot_competition_very_high|same_entry_candidates=11|active_relations=0|risk=proxy_neutral|microstructure=SOURCE_PENDING_NOT_USED,1,11,3,9,0,0,1,,high_quality_setup,BASELINE_ALLOWED,1,0,0,0
TASK617|AMD|20260113T143000Z|slot_decision_explanation,TASK617|AMD|20260113T143000Z,AMD,2026-01-15 14:30:00+00:00,2026-01-13 14:30:00+00:00,ai_semiconductors,recent_oos,priority_candidate,setup=medium_quality_setup|catalyst=contract_customer_backlog|price=price_confirmed_basic|theme=participating_theme|relation=relation_reinforcing,capacity=slot_competition_very_high|same_entry_candidates=9|active_relations=0|risk=proxy_neutral|microstructure=SOURCE_PENDING_NOT_USED,1,9,2,4,0,0,1,,medium_quality_setup,STRENGTH_HOLD_CANDIDATE,1,0,0,0
TASK617|TER|20260113T143000Z|slot_decision_explanation,TASK617|TER|20260113T143000Z,TER,2026-01-15 14:30:00+00:00,2026-01-13 14:30:00+00:00,industrial_automation_robotics,recent_oos,priority_candidate,setup=high_quality_setup|catalyst=contract_customer_backlog|price=price_confirmed_but_extended|theme=participating_theme|relation=relation_reinforcing,capacity=slot_competition_very_high|same_entry_candidates=9|active_relations=0|risk=extension_proxy|microstructure=SOURCE_PENDING_NOT_USED,1,9,4,4,0,0,1,,high_quality_setup,STRENGTH_HOLD_CANDIDATE,1,0,0,0
TASK617|MRNA|20260113T143000Z|slot_decision_explanation,TASK617|MRNA|20260113T143000Z,MRNA,2026-01-15 14:30:00+00:00,2026-01-13 14:30:00+00:00,biotech_glp1_healthcare,recent_oos,priority_candidate,setup=high_quality_setup|catalyst=contract_customer_backlog|price=price_confirmed_but_extended|theme=participating_theme|relation=company_price_confirmed_macro_secondary,capacity=slot_competition_very_high|same_entry_candidates=9|active_relations=0|risk=extension_proxy|microstructure=SOURCE_PENDING_NOT_USED,1,9,1,5,0,0,1,,high_quality_setup,BASELINE_ALLOWED,1,0,0,0
TASK617|LMT|20260113T151500Z|slot_decision_explanation,TASK617|LMT|20260113T151500Z,LMT,2026-01-15 14:30:00+00:00,2026-01-13 15:15:00+00:00,aerospace_defense_space,recent_oos,priority_candidate,setup=high_quality_setup|catalyst=contract_customer_backlog|price=price_confirmed_basic|theme=persistent_leadership|relation=company_price_confirmed_macro_secondary,capacity=slot_competition_very_high|same_entry_candidates=9|active_relations=0|risk=proxy_neutral|microstructure=SOURCE_PENDING_NOT_USED,1,9,2,5,0,0,1,,high_quality_setup,BASELINE_ALLOWED,1,0,0,0
TASK617|HON|20260113T151500Z|slot_decision_explanation,TASK617|HON|20260113T151500Z,HON,2026-01-15 14:30:00+00:00,2026-01-13 15:15:00+00:00,industrial_automation_robotics,recent_oos,priority_candidate,setup=high_quality_setup|catalyst=contract_customer_backlog|price=price_confirmed_basic|theme=participating_theme|relation=company_price_confirmed_macro_secondary,capacity=slot_competition_very_high|same_entry_candidates=9|active_relations=0|risk=proxy_neutral|microstructure=SOURCE_PENDING_NOT_USED,1,9,4,5,0,0,1,,high_quality_setup,BASELINE_ALLOWED,1,0,0,0
TASK617|PH|20260113T153000Z|slot_decision_explanation,TASK617|PH|20260113T153000Z,PH,2026-01-15 14:30:00+00:00,2026-01-13 15:30:00+00:00,industrial_automation_robotics,recent_oos,priority_candidate,setup=high_quality_setup|catalyst=contract_customer_backlog|price=price_confirmed_basic|theme=participating_theme|relation=relation_reinforcing,capacity=slot_competition_very_high|same_entry_candidates=9|active_relations=0|risk=proxy_neutral|microstructure=SOURCE_PENDING_NOT_USED,1,9,4,4,0,0,1,,high_quality_setup,STRENGTH_HOLD_CANDIDATE,1,0,0,0
TASK617|EMR|20260113T153000Z|slot_decision_explanation,TASK617|EMR|20260113T153000Z,EMR,2026-01-15 14:30:00+00:00,2026-01-13 15:30:00+00:00,industrial_automation_robotics,recent_oos,priority_candidate,setup=high_quality_setup|catalyst=contract_customer_backlog|price=price_confirmed_basic|theme=participating_theme|relation=company_price_confirmed_macro_secondary,capacity=slot_competition_very_high|same_entry_candidates=9|active_relations=0|risk=proxy_neutral|microstructure=SOURCE_PENDING_NOT_USED,1,9,4,5,0,0,1,,high_quality_setup,BASELINE_ALLOWED,1,0,0,0
TASK617|BA|20260113T154500Z|slot_decision_explanation,TASK617|BA|20260113T154500Z,BA,2026-01-15 14:30:00+00:00,2026-01-13 15:45:00+00:00,aerospace_defense_space,recent_oos,priority_candidate,setup=high_quality_setup|catalyst=contract_customer_backlog|price=price_confirmed_basic|theme=persistent_leadership|relation=company_price_confirmed_macro_secondary,capacity=slot_competition_very_high|same_entry_candidates=9|active_relations=0|risk=proxy_neutral|microstructure=SOURCE_PENDING_NOT_USED,1,9,2,5,0,0,1,,high_quality_setup,BASELINE_ALLOWED,1,0,0,0
TASK617|ASML|20260113T163000Z|slot_decision_explanation,TASK617|ASML|20260113T163000Z,ASML,2026-01-15 14:30:00+00:00,2026-01-13 16:30:00+00:00,ai_semiconductors,recent_oos,priority_candidate,setup=medium_quality_setup|catalyst=contract_customer_backlog|price=price_confirmed_basic|theme=participating_theme|relation=relation_reinforcing,capacity=slot_competition_very_high|same_entry_candidates=9|active_relations=0|risk=proxy_neutral|microstructure=SOURCE_PENDING_NOT_USED,1,9,2,4,0,0,1,,medium_quality_setup,STRENGTH_HOLD_CANDIDATE,1,0,0,0
TASK617|IR|20260114T143000Z|slot_decision_explanation,TASK617|IR|20260114T143000Z,IR,2026-01-16 14:30:00+00:00,2026-01-14 14:30:00+00:00,industrial_automation_robotics,recent_oos,priority_candidate,setup=high_quality_setup|catalyst=contract_customer_backlog|price=price_confirmed_but_extended|theme=participating_theme|relation=company_price_confirmed_macro_secondary,capacity=slot_competition_very_high|same_entry_candidates=13|active_relations=0|risk=extension_proxy|microstructure=SOURCE_PENDING_NOT_USED,1,13,3,11,0,0,1,,high_quality_setup,BASELINE_ALLOWED,1,0,0,0
TASK617|MRNA|20260114T143000Z|slot_decision_explanation,TASK617|MRNA|20260114T143000Z,MRNA,2026-01-16 14:30:00+00:00,2026-01-14 14:30:00+00:00,biotech_glp1_healthcare,recent_oos,priority_candidate,setup=high_quality_setup|catalyst=contract_customer_backlog|price=price_confirmed_basic|theme=participating_theme|relation=company_price_confirmed_macro_secondary,capacity=slot_competition_very_high|same_entry_candidates=13|active_relations=0|risk=proxy_neutral|microstructure=SOURCE_PENDING_NOT_USED,1,13,2,11,0,0,1,,high_quality_setup,BASELINE_ALLOWED,1,0,0,0
TASK617|NOC|20260114T143000Z|slot_decision_explanation,TASK617|NOC|20260114T143000Z,NOC,2026-01-16 14:30:00+00:00,2026-01-14 14:30:00+00:00,aerospace_defense_space,recent_oos,priority_candidate,setup=high_quality_setup|catalyst=contract_customer_backlog|price=price_confirmed_but_extended|theme=persistent_leadership|relation=company_price_confirmed_macro_secondary,capacity=slot_competition_very_high|same_entry_candidates=13|active_relations=0|risk=extension_proxy|microstructure=SOURCE_PENDING_NOT_USED,1,13,5,11,0,0,1,,high_quality_setup,BASELINE_ALLOWED,1,0,0,0
TASK617|NVO|20260114T144500Z|slot_decision_explanation,TASK617|NVO|20260114T144500Z,NVO,2026-01-16 14:30:00+00:00,2026-01-14 14:45:00+00:00,biotech_glp1_healthcare,recent_oos,priority_candidate,setup=high_quality_setup|catalyst=contract_customer_backlog|price=price_confirmed_basic|theme=participating_theme|relation=company_price_confirmed_macro_secondary,capacity=slot_competition_very_high|same_entry_candidates=13|active_relations=0|risk=proxy_neutral|microstructure=SOURCE_PENDING_NOT_USED,1,13,2,11,0,0,1,,high_quality_setup,BASELINE_ALLOWED,1,0,0,0
TASK617|EMR|20260114T144500Z|slot_decision_explanation,TASK617|EMR|20260114T144500Z,EMR,2026-01-16 14:30:00+00:00,2026-01-14 14:45:00+00:00,industrial_automation_robotics,recent_oos,priority_candidate,setup=high_quality_setup|catalyst=contract_customer_backlog|price=price_confirmed_basic|theme=participating_theme|relation=company_price_confirmed_macro_secondary,capacity=slot_competition_very_high|same_entry_candidates=13|active_relations=0|risk=proxy_neutral|microstructure=SOURCE_PENDING_NOT_USED,1,13,3,11,0,0,1,,high_quality_setup,BASELINE_ALLOWED,1,0,0,0
TASK617|IBIT|20260114T144500Z|slot_decision_explanation,TASK617|IBIT|20260114T144500Z,IBIT,2026-01-16 14:30:00+00:00,2026-01-14 14:45:00+00:00,crypto_fintech,recent_oos,priority_candidate,setup=high_quality_setup|catalyst=contract_customer_backlog|price=price_confirmed_basic|theme=participating_theme|relation=company_price_confirmed_macro_secondary,capacity=slot_competition_very_high|same_entry_candidates=13|active_relations=0|risk=high_liquidity_momentum_proxy|microstructure=SOURCE_PENDING_NOT_USED,1,13,2,11,0,0,1,,high_quality_setup,BASELINE_ALLOWED,1,0,0,0
TASK617|RTX|20260114T150000Z|slot_decision_explanation,TASK617|RTX|20260114T150000Z,RTX,2026-01-16 14:30:00+00:00,2026-01-14 15:00:00+00:00,aerospace_defense_space,recent_oos,priority_candidate,setup=high_quality_setup|catalyst=contract_customer_backlog|price=price_confirmed_basic|theme=persistent_leadership|relation=company_price_confirmed_macro_secondary,capacity=slot_competition_very_high|same_entry_candidates=13|active_relations=0|risk=proxy_neutral|microstructure=SOURCE_PENDING_NOT_USED,1,13,5,11,0,0,1,,high_quality_setup,BASELINE_ALLOWED,1,0,0,0
TASK617|LMT|20260114T150000Z|slot_decision_explanation,TASK617|LMT|20260114T150000Z,LMT,2026-01-16 14:30:00+00:00,2026-01-14 15:00:00+00:00,aerospace_defense_space,recent_oos,priority_candidate,setup=high_quality_setup|catalyst=contract_customer_backlog|price=price_confirmed_basic|theme=persistent_leadership|relation=company_price_confirmed_macro_secondary,capacity=slot_competition_very_high|same_entry_candidates=13|active_relations=0|risk=proxy_neutral|microstructure=SOURCE_PENDING_NOT_USED,1,13,5,11,0,0,1,,high_quality_setup,BASELINE_ALLOWED,1,0,0,0
TASK617|AMD|20260114T150000Z|slot_decision_explanation,TASK617|AMD|20260114T150000Z,AMD,2026-01-16 14:30:00+00:00,2026-01-14 15:00:00+00:00,ai_semiconductors,recent_oos,priority_candidate,setup=high_quality_setup|catalyst=contract_customer_backlog|price=price_confirmed_basic|theme=participating_theme|relation=relation_reinforcing,capacity=slot_competition_very_high|same_entry_candidates=13|active_relations=0|risk=proxy_neutral|microstructure=SOURCE_PENDING_NOT_USED,1,13,1,2,0,0,1,,high_quality_setup,STRENGTH_HOLD_CANDIDATE,1,0,0,0
TASK617|RKLB|20260114T150000Z|slot_decision_explanation,TASK617|RKLB|20260114T150000Z,RKLB,2026-01-16 14:30:00+00:00,2026-01-14 15:00:00+00:00,aerospace_defense_space,recent_oos,priority_candidate,setup=high_quality_setup|catalyst=contract_customer_backlog|price=price_confirmed_basic|theme=persistent_leadership|relation=company_price_confirmed_macro_secondary,capacity=slot_competition_very_high|same_entry_candidates=13|active_relations=0|risk=proxy_neutral|microstructure=SOURCE_PENDING_NOT_USED,1,13,5,11,0,0,1,,high_quality_setup,BASELINE_ALLOWED,1,0,0,0
TASK617|COIN|20260114T160000Z|slot_decision_explanation,TASK617|COIN|20260114T160000Z,COIN,2026-01-16 14:30:00+00:00,2026-01-14 16:00:00+00:00,crypto_fintech,recent_oos,priority_candidate,setup=high_quality_setup|catalyst=contract_customer_backlog|price=price_confirmed_basic|theme=participating_theme|relation=company_price_confirmed_macro_secondary,capacity=slot_competition_very_high|same_entry_candidates=13|active_relations=0|risk=high_liquidity_momentum_proxy|microstructure=SOURCE_PENDING_NOT_USED,1,13,2,11,0,0,1,,high_quality_setup,BASELINE_ALLOWED,1,0,0,0
TASK617|GD|20260114T161500Z|slot_decision_explanation,TASK617|GD|20260114T161500Z,GD,2026-01-16 14:30:00+00:00,2026-01-14 16:15:00+00:00,aerospace_defense_space,recent_oos,priority_candidate,setup=high_quality_setup|catalyst=contract_customer_backlog|price=price_confirmed_basic|theme=persistent_leadership|relation=company_price_confirmed_macro_secondary,capacity=slot_competition_very_high|same_entry_candidates=13|active_relations=0|risk=proxy_neutral|microstructure=SOURCE_PENDING_NOT_USED,1,13,5,11,0,0,1,,high_quality_setup,BASELINE_ALLOWED,1,0,0,0
TASK617|TER|20260114T204500Z|slot_decision_explanation,TASK617|TER|20260114T204500Z,TER,2026-01-16 14:30:00+00:00,2026-01-14 20:45:00+00:00,industrial_automation_robotics,recent_oos,priority_candidate,setup=high_quality_setup|catalyst=contract_customer_backlog|price=price_confirmed_basic|theme=participating_theme|relation=relation_reinforcing,capacity=slot_competition_very_high|same_entry_candidates=13|active_relations=0|risk=proxy_neutral|microstructure=SOURCE_PENDING_NOT_USED,1,13,3,2,0,0,1,,high_quality_setup,STRENGTH_HOLD_CANDIDATE,1,0,0,0
TASK617|TSM|20260115T144500Z|slot_decision_explanation,TASK617|TSM|20260115T144500Z,TSM,2026-01-20 14:30:00+00:00,2026-01-15 14:45:00+00:00,ai_semiconductors,recent_oos,confirmation_required_candidate,setup=medium_quality_setup|catalyst=guidance_margin_upgrade|price=price_confirmed_basic|theme=participating_theme|relation=company_positive_confirmation_needed,capacity=slot_competition_very_high|same_entry_candidates=15|active_relations=0|risk=high_liquidity_momentum_proxy|microstructure=SOURCE_PENDING_NOT_USED,1,15,2,11,0,0,1,,medium_quality_setup,BASELINE_ALLOWED,1,0,0,0
TASK617|VST|20260115T144500Z|slot_decision_explanation,TASK617|VST|20260115T144500Z,VST,2026-01-20 14:30:00+00:00,2026-01-15 14:45:00+00:00,power_grid_electrification,recent_oos,confirmation_required_candidate,setup=medium_quality_setup|catalyst=guidance_margin_upgrade|price=price_confirmed_but_extended|theme=fading_leadership|relation=company_positive_confirmation_needed,capacity=slot_competition_very_high|same_entry_candidates=15|active_relations=0|risk=extension_proxy|microstructure=SOURCE_PENDING_NOT_USED,1,15,1,11,0,0,1,,medium_quality_setup,BASELINE_ALLOWED,1,0,0,0
TASK617|PH|20260115T144500Z|slot_decision_explanation,TASK617|PH|20260115T144500Z,PH,2026-01-20 14:30:00+00:00,2026-01-15 14:45:00+00:00,industrial_automation_robotics,recent_oos,confirmation_required_candidate,setup=medium_quality_setup|catalyst=guidance_margin_upgrade|price=price_confirmed_basic|theme=participating_theme|relation=company_positive_confirmation_needed,capacity=slot_competition_very_high|same_entry_candidates=15|active_relations=0|risk=proxy_neutral|microstructure=SOURCE_PENDING_NOT_USED,1,15,4,11,0,0,1,,medium_quality_setup,BASELINE_ALLOWED,1,0,0,0
TASK617|BA|20260115T144500Z|slot_decision_explanation,TASK617|BA|20260115T144500Z,BA,2026-01-20 14:30:00+00:00,2026-01-15 14:45:00+00:00,aerospace_defense_space,recent_oos,priority_candidate,setup=high_quality_setup|catalyst=guidance_margin_upgrade|price=price_confirmed_basic|theme=persistent_leadership|relation=company_price_confirmed_macro_secondary,capacity=slot_competition_very_high|same_entry_candidates=15|active_relations=0|risk=proxy_neutral|microstructure=SOURCE_PENDING_NOT_USED,1,15,7,3,0,0,1,,high_quality_setup,BASELINE_ALLOWED,1,0,0,0
TASK617|AMD|20260115T144500Z|slot_decision_explanation,TASK617|AMD|20260115T144500Z,AMD,2026-01-20 14:30:00+00:00,2026-01-15 14:45:00+00:00,ai_semiconductors,recent_oos,confirmation_required_candidate,setup=medium_quality_setup|catalyst=guidance_margin_upgrade|price=price_confirmed_basic|theme=participating_theme|relation=company_positive_confirmation_needed,capacity=slot_competition_very_high|same_entry_candidates=15|active_relations=0|risk=high_liquidity_momentum_proxy|microstructure=SOURCE_PENDING_NOT_USED,1,15,2,11,0,0,1,,medium_quality_setup,BASELINE_ALLOWED,1,0,0,0
TASK617|GE|20260115T144500Z|slot_decision_explanation,TASK617|GE|20260115T144500Z,GE,2026-01-20 14:30:00+00:00,2026-01-15 14:45:00+00:00,industrial_automation_robotics,recent_oos,priority_candidate,setup=high_quality_setup|catalyst=guidance_margin_upgrade|price=price_confirmed_but_extended|theme=participating_theme|relation=relation_reinforcing,capacity=slot_competition_very_high|same_entry_candidates=15|active_relations=0|risk=extension_proxy|microstructure=SOURCE_PENDING_NOT_USED,1,15,4,1,0,0,1,,high_quality_setup,STRENGTH_HOLD_CANDIDATE,1,0,0,0
TASK617|IR|20260115T150000Z|slot_decision_explanation,TASK617|IR|20260115T150000Z,IR,2026-01-20 14:30:00+00:00,2026-01-15 15:00:00+00:00,industrial_automation_robotics,recent_oos,confirmation_required_candidate,setup=medium_quality_setup|catalyst=guidance_margin_upgrade|price=price_confirmed_basic|theme=participating_theme|relation=company_positive_confirmation_needed,capacity=slot_competition_very_high|same_entry_candidates=15|active_relations=0|risk=proxy_neutral|microstructure=SOURCE_PENDING_NOT_USED,1,15,4,11,0,0,1,,medium_quality_setup,BASELINE_ALLOWED,1,0,0,0
TASK617|NOC|20260115T153000Z|slot_decision_explanation,TASK617|NOC|20260115T153000Z,NOC,2026-01-20 14:30:00+00:00,2026-01-15 15:30:00+00:00,aerospace_defense_space,recent_oos,confirmation_required_candidate,setup=medium_quality_setup|catalyst=guidance_margin_upgrade|price=price_confirmed_basic|theme=persistent_leadership|relation=company_positive_confirmation_needed,capacity=slot_competition_very_high|same_entry_candidates=15|active_relations=0|risk=proxy_neutral|microstructure=SOURCE_PENDING_NOT_USED,1,15,7,11,0,0,1,,medium_quality_setup,BASELINE_ALLOWED,1,0,0,0
TASK617|ASTS|20260115T154500Z|slot_decision_explanation,TASK617|ASTS|20260115T154500Z,ASTS,2026-01-20 14:30:00+00:00,2026-01-15 15:45:00+00:00,aerospace_defense_space,recent_oos,priority_candidate,setup=high_quality_setup|catalyst=guidance_margin_upgrade|price=price_confirmed_basic|theme=persistent_leadership|relation=company_price_confirmed_macro_secondary,capacity=slot_competition_very_high|same_entry_candidates=15|active_relations=0|risk=proxy_neutral|microstructure=SOURCE_PENDING_NOT_USED,1,15,7,3,0,0,1,,high_quality_setup,BASELINE_ALLOWED,1,0,0,0
TASK617|HON|20260115T160000Z|slot_decision_explanation,TASK617|HON|20260115T160000Z,HON,2026-01-20 14:30:00+00:00,2026-01-15 16:00:00+00:00,industrial_automation_robotics,recent_oos,confirmation_required_candidate,setup=medium_quality_setup|catalyst=guidance_margin_upgrade|price=price_confirmed_basic|theme=participating_theme|relation=company_positive_confirmation_needed,capacity=slot_competition_very_high|same_entry_candidates=15|active_relations=0|risk=proxy_neutral|microstructure=SOURCE_PENDING_NOT_USED,1,15,4,11,0,0,1,,medium_quality_setup,BASELINE_ALLOWED,1,0,0,0
TASK617|LMT|20260115T161500Z|slot_decision_explanation,TASK617|LMT|20260115T161500Z,LMT,2026-01-20 14:30:00+00:00,2026-01-15 16:15:00+00:00,aerospace_defense_space,recent_oos,confirmation_required_candidate,setup=medium_quality_setup|catalyst=guidance_margin_upgrade|price=price_confirmed_basic|theme=persistent_leadership|relation=company_positive_confirmation_needed,capacity=slot_competition_very_high|same_entry_candidates=15|active_relations=0|risk=proxy_neutral|microstructure=SOURCE_PENDING_NOT_USED,1,15,7,11,0,0,1,,medium_quality_setup,BASELINE_ALLOWED,1,0,0,0
TASK617|MRNA|20260115T173000Z|slot_decision_explanation,TASK617|MRNA|20260115T173000Z,MRNA,2026-01-20 14:30:00+00:00,2026-01-15 17:30:00+00:00,biotech_glp1_healthcare,recent_oos,confirmation_required_candidate,setup=medium_quality_setup|catalyst=guidance_margin_upgrade|price=price_accepted_needs_confirmation|theme=narrow_leader|relation=company_positive_confirmation_needed,capacity=slot_competition_very_high|same_entry_candidates=15|active_relations=0|risk=proxy_neutral|microstructure=SOURCE_PENDING_NOT_USED,1,15,1,11,0,0,1,,medium_quality_setup,BASELINE_ALLOWED,1,0,0,0
TASK617|RTX|20260115T174500Z|slot_decision_explanation,TASK617|RTX|20260115T174500Z,RTX,2026-01-20 14:30:00+00:00,2026-01-15 17:45:00+00:00,aerospace_defense_space,recent_oos,confirmation_required_candidate,setup=medium_quality_setup|catalyst=guidance_margin_upgrade|price=price_confirmed_basic|theme=persistent_leadership|relation=company_positive_confirmation_needed,capacity=slot_competition_very_high|same_entry_candidates=15|active_relations=0|risk=proxy_neutral|microstructure=SOURCE_PENDING_NOT_USED,1,15,7,11,0,0,1,,medium_quality_setup,BASELINE_ALLOWED,1,0,0,0
TASK617|GD|20260115T180000Z|slot_decision_explanation,TASK617|GD|20260115T180000Z,GD,2026-01-20 14:30:00+00:00,2026-01-15 18:00:00+00:00,aerospace_defense_space,recent_oos,confirmation_required_candidate,setup=medium_quality_setup|catalyst=guidance_margin_upgrade|price=price_confirmed_basic|theme=persistent_leadership|relation=company_positive_confirmation_needed,capacity=slot_competition_very_high|same_entry_candidates=15|active_relations=0|risk=proxy_neutral|microstructure=SOURCE_PENDING_NOT_USED,1,15,7,11,0,0,1,,medium_quality_setup,BASELINE_ALLOWED,1,0,0,0
TASK617|RKLB|20260115T180000Z|slot_decision_explanation,TASK617|RKLB|20260115T180000Z,RKLB,2026-01-20 14:30:00+00:00,2026-01-15 18:00:00+00:00,aerospace_defense_space,recent_oos,priority_candidate,setup=high_quality_setup|catalyst=guidance_margin_upgrade|price=price_confirmed_basic|theme=persistent_leadership|relation=company_price_confirmed_macro_secondary,capacity=slot_competition_very_high|same_entry_candidates=15|active_relations=0|risk=proxy_neutral|microstructure=SOURCE_PENDING_NOT_USED,1,15,7,3,0,0,1,,high_quality_setup,BASELINE_ALLOWED,1,0,0,0
TASK617|ASML|20260120T143000Z|slot_decision_explanation,TASK617|ASML|20260120T143000Z,ASML,2026-01-22 14:30:00+00:00,2026-01-20 14:30:00+00:00,ai_semiconductors,recent_oos,confirmation_required_candidate,setup=medium_quality_setup|catalyst=guidance_margin_upgrade|price=price_confirmed_basic|theme=participating_theme|relation=company_positive_confirmation_needed,capacity=slot_competition_very_high|same_entry_candidates=11|active_relations=0|risk=proxy_neutral|microstructure=SOURCE_PENDING_NOT_USED,1,11,2,9,0,0,1,,medium_quality_setup,BASELINE_ALLOWED,1,0,0,0
TASK617|GEV|20260120T143000Z|slot_decision_explanation,TASK617|GEV|20260120T143000Z,GEV,2026-01-22 14:30:00+00:00,2026-01-20 14:30:00+00:00,power_grid_electrification,recent_oos,confirmation_required_candidate,setup=medium_quality_setup|catalyst=guidance_margin_upgrade|price=price_confirmed_but_extended|theme=fading_leadership|relation=company_positive_confirmation_needed,capacity=slot_competition_very_high|same_entry_candidates=11|active_relations=0|risk=extension_proxy|microstructure=SOURCE_PENDING_NOT_USED,1,11,2,9,0,0,1,,medium_quality_setup,BASELINE_ALLOWED,1,0,0,0
TASK617|TER|20260120T143000Z|slot_decision_explanation,TASK617|TER|20260120T143000Z,TER,2026-01-22 14:30:00+00:00,2026-01-20 14:30:00+00:00,industrial_automation_robotics,recent_oos,priority_candidate,setup=high_quality_setup|catalyst=guidance_margin_upgrade|price=price_confirmed_basic|theme=participating_theme|relation=relation_reinforcing,capacity=slot_competition_very_high|same_entry_candidates=11|active_relations=0|risk=proxy_neutral|microstructure=SOURCE_PENDING_NOT_USED,1,11,3,1,0,0,1,,high_quality_setup,STRENGTH_HOLD_CANDIDATE,1,0,0,0
TASK617|HON|20260120T143000Z|slot_decision_explanation,TASK617|HON|20260120T143000Z,HON,2026-01-22 14:30:00+00:00,2026-01-20 14:30:00+00:00,industrial_automation_robotics,recent_oos,confirmation_required_candidate,setup=medium_quality_setup|catalyst=guidance_margin_upgrade|price=price_confirmed_basic|theme=participating_theme|relation=company_positive_confirmation_needed,capacity=slot_competition_very_high|same_entry_candidates=11|active_relations=0|risk=high_liquidity_momentum_proxy|microstructure=SOURCE_PENDING_NOT_USED,1,11,3,9,0,0,1,,medium_quality_setup,BASELINE_ALLOWED,1,0,0,0
TASK617|NOC|20260120T143000Z|slot_decision_explanation,TASK617|NOC|20260120T143000Z,NOC,2026-01-22 14:30:00+00:00,2026-01-20 14:30:00+00:00,aerospace_defense_space,recent_oos,confirmation_required_candidate,setup=medium_quality_setup|catalyst=guidance_margin_upgrade|price=price_confirmed_basic|theme=persistent_leadership|relation=company_positive_confirmation_needed,capacity=slot_competition_very_high|same_entry_candidates=11|active_relations=0|risk=proxy_neutral|microstructure=SOURCE_PENDING_NOT_USED,1,11,2,9,0,0,1,,medium_quality_setup,BASELINE_ALLOWED,1,0,0,0
TASK617|AMD|20260120T144500Z|slot_decision_explanation,TASK617|AMD|20260120T144500Z,AMD,2026-01-22 14:30:00+00:00,2026-01-20 14:45:00+00:00,ai_semiconductors,recent_oos,confirmation_required_candidate,setup=medium_quality_setup|catalyst=guidance_margin_upgrade|price=price_confirmed_basic|theme=participating_theme|relation=company_positive_confirmation_needed,capacity=slot_competition_very_high|same_entry_candidates=11|active_relations=0|risk=high_liquidity_momentum_proxy|microstructure=SOURCE_PENDING_NOT_USED,1,11,2,9,0,0,1,,medium_quality_setup,BASELINE_ALLOWED,1,0,0,0
TASK617|PH|20260120T150000Z|slot_decision_explanation,TASK617|PH|20260120T150000Z,PH,2026-01-22 14:30:00+00:00,2026-01-20 15:00:00+00:00,industrial_automation_robotics,recent_oos,confirmation_required_candidate,setup=medium_quality_setup|catalyst=guidance_margin_upgrade|price=price_confirmed_basic|theme=participating_theme|relation=company_positive_confirmation_needed,capacity=slot_competition_very_high|same_entry_candidates=11|active_relations=0|risk=proxy_neutral|microstructure=SOURCE_PENDING_NOT_USED,1,11,3,9,0,0,1,,medium_quality_setup,BASELINE_ALLOWED,1,0,0,0
TASK617|BA|20260120T150000Z|slot_decision_explanation,TASK617|BA|20260120T150000Z,BA,2026-01-22 14:30:00+00:00,2026-01-20 15:00:00+00:00,aerospace_defense_space,recent_oos,priority_candidate,setup=high_quality_setup|catalyst=guidance_margin_upgrade|price=price_confirmed_basic|theme=persistent_leadership|relation=company_price_confirmed_macro_secondary,capacity=slot_competition_very_high|same_entry_candidates=11|active_relations=0|risk=proxy_neutral|microstructure=SOURCE_PENDING_NOT_USED,1,11,2,1,0,0,1,,high_quality_setup,BASELINE_ALLOWED,1,0,0,0
TASK617|MRNA|20260120T151500Z|slot_decision_explanation,TASK617|MRNA|20260120T151500Z,MRNA,2026-01-22 14:30:00+00:00,2026-01-20 15:15:00+00:00,biotech_glp1_healthcare,recent_oos,confirmation_required_candidate,setup=medium_quality_setup|catalyst=guidance_margin_upgrade|price=price_confirmed_but_extended|theme=narrow_leader|relation=company_positive_confirmation_needed,capacity=slot_competition_very_high|same_entry_candidates=11|active_relations=0|risk=extension_proxy|microstructure=SOURCE_PENDING_NOT_USED,1,11,2,9,0,0,1,,medium_quality_setup,BASELINE_ALLOWED,1,0,0,0
TASK617|PWR|20260120T153000Z|slot_decision_explanation,TASK617|PWR|20260120T153000Z,PWR,2026-01-22 14:30:00+00:00,2026-01-20 15:30:00+00:00,power_grid_electrification,recent_oos,confirmation_required_candidate,setup=medium_quality_setup|catalyst=guidance_margin_upgrade|price=price_confirmed_basic|theme=fading_leadership|relation=company_positive_confirmation_needed,capacity=slot_competition_very_high|same_entry_candidates=11|active_relations=0|risk=proxy_neutral|microstructure=SOURCE_PENDING_NOT_USED,1,11,2,9,0,0,1,,medium_quality_setup,BASELINE_ALLOWED,1,0,0,0
TASK617|NVO|20260120T153000Z|slot_decision_explanation,TASK617|NVO|20260120T153000Z,NVO,2026-01-22 14:30:00+00:00,2026-01-20 15:30:00+00:00,biotech_glp1_healthcare,recent_oos,confirmation_required_candidate,setup=medium_quality_setup|catalyst=guidance_margin_upgrade|price=price_confirmed_basic|theme=narrow_leader|relation=company_positive_confirmation_needed,capacity=slot_competition_very_high|same_entry_candidates=11|active_relations=0|risk=proxy_neutral|microstructure=SOURCE_PENDING_NOT_USED,1,11,2,9,0,0,1,,medium_quality_setup,BASELINE_ALLOWED,1,0,0,0
TASK617|MRNA|20260121T143000Z|slot_decision_explanation,TASK617|MRNA|20260121T143000Z,MRNA,2026-01-23 14:30:00+00:00,2026-01-21 14:30:00+00:00,biotech_glp1_healthcare,recent_oos,confirmation_required_candidate,setup=medium_quality_setup|catalyst=guidance_margin_upgrade|price=price_confirmed_basic|theme=participating_theme|relation=company_positive_confirmation_needed,capacity=slot_competition_very_high|same_entry_candidates=17|active_relations=0|risk=high_liquidity_momentum_proxy|microstructure=SOURCE_PENDING_NOT_USED,1,17,2,14,0,0,1,,medium_quality_setup,BASELINE_ALLOWED,1,0,0,0
TASK617|ARM|20260121T143000Z|slot_decision_explanation,TASK617|ARM|20260121T143000Z,ARM,2026-01-23 14:30:00+00:00,2026-01-21 14:30:00+00:00,ai_semiconductors,recent_oos,confirmation_required_candidate,setup=medium_quality_setup|catalyst=guidance_margin_upgrade|price=price_confirmed_but_extended|theme=participating_theme|relation=company_positive_confirmation_needed,capacity=slot_competition_very_high|same_entry_candidates=17|active_relations=0|risk=extension_proxy|microstructure=SOURCE_PENDING_NOT_USED,1,17,3,14,0,0,1,,medium_quality_setup,BASELINE_ALLOWED,1,0,0,0
TASK617|LMT|20260121T143000Z|slot_decision_explanation,TASK617|LMT|20260121T143000Z,LMT,2026-01-23 14:30:00+00:00,2026-01-21 14:30:00+00:00,aerospace_defense_space,recent_oos,confirmation_required_candidate,setup=medium_quality_setup|catalyst=guidance_margin_upgrade|price=price_confirmed_basic|theme=persistent_leadership|relation=company_positive_confirmation_needed,capacity=slot_competition_very_high|same_entry_candidates=17|active_relations=0|risk=proxy_neutral|microstructure=SOURCE_PENDING_NOT_USED,1,17,5,14,0,0,1,,medium_quality_setup,BASELINE_ALLOWED,1,0,0,0
TASK617|AMD|20260121T144500Z|slot_decision_explanation,TASK617|AMD|20260121T144500Z,AMD,2026-01-23 14:30:00+00:00,2026-01-21 14:45:00+00:00,ai_semiconductors,recent_oos,confirmation_required_candidate,setup=medium_quality_setup|catalyst=guidance_margin_upgrade|price=price_confirmed_but_extended|theme=participating_theme|relation=company_positive_confirmation_needed,capacity=slot_competition_very_high|same_entry_candidates=17|active_relations=0|risk=extension_proxy|microstructure=SOURCE_PENDING_NOT_USED,1,17,3,14,0,0,1,,medium_quality_setup,BASELINE_ALLOWED,1,0,0,0
TASK617|HON|20260121T144500Z|slot_decision_explanation,TASK617|HON|20260121T144500Z,HON,2026-01-23 14:30:00+00:00,2026-01-21 14:45:00+00:00,industrial_automation_robotics,recent_oos,confirmation_required_candidate,setup=medium_quality_setup|catalyst=guidance_margin_upgrade|price=price_confirmed_basic|theme=participating_theme|relation=company_positive_confirmation_needed,capacity=slot_competition_very_high|same_entry_candidates=17|active_relations=0|risk=high_liquidity_momentum_proxy|microstructure=SOURCE_PENDING_NOT_USED,1,17,6,14,0,0,1,,medium_quality_setup,BASELINE_ALLOWED,1,0,0,0
TASK617|AMGN|20260121T144500Z|slot_decision_explanation,TASK617|AMGN|20260121T144500Z,AMGN,2026-01-23 14:30:00+00:00,2026-01-21 14:45:00+00:00,biotech_glp1_healthcare,recent_oos,confirmation_required_candidate,setup=medium_quality_setup|catalyst=guidance_margin_upgrade|price=price_confirmed_basic|theme=participating_theme|relation=company_positive_confirmation_needed,capacity=slot_competition_very_high|same_entry_candidates=17|active_relations=0|risk=proxy_neutral|microstructure=SOURCE_PENDING_NOT_USED,1,17,2,14,0,0,1,,medium_quality_setup,BASELINE_ALLOWED,1,0,0,0
TASK617|IR|20260121T144500Z|slot_decision_explanation,TASK617|IR|20260121T144500Z,IR,2026-01-23 14:30:00+00:00,2026-01-21 14:45:00+00:00,industrial_automation_robotics,recent_oos,confirmation_required_candidate,setup=medium_quality_setup|catalyst=guidance_margin_upgrade|price=price_confirmed_basic|theme=participating_theme|relation=company_positive_confirmation_needed,capacity=slot_competition_very_high|same_entry_candidates=17|active_relations=0|risk=proxy_neutral|microstructure=SOURCE_PENDING_NOT_USED,1,17,6,14,0,0,1,,medium_quality_setup,BASELINE_ALLOWED,1,0,0,0
TASK617|ASML|20260121T150000Z|slot_decision_explanation,TASK617|ASML|20260121T150000Z,ASML,2026-01-23 14:30:00+00:00,2026-01-21 15:00:00+00:00,ai_semiconductors,recent_oos,confirmation_required_candidate,setup=medium_quality_setup|catalyst=guidance_margin_upgrade|price=price_confirmed_basic|theme=participating_theme|relation=company_positive_confirmation_needed,capacity=slot_competition_very_high|same_entry_candidates=17|active_relations=0|risk=proxy_neutral|microstructure=SOURCE_PENDING_NOT_USED,1,17,3,14,0,0,1,,medium_quality_setup,BASELINE_ALLOWED,1,0,0,0
TASK617|NOC|20260121T150000Z|slot_decision_explanation,TASK617|NOC|20260121T150000Z,NOC,2026-01-23 14:30:00+00:00,2026-01-21 15:00:00+00:00,aerospace_defense_space,recent_oos,confirmation_required_candidate,setup=medium_quality_setup|catalyst=guidance_margin_upgrade|price=price_confirmed_basic|theme=persistent_leadership|relation=company_positive_confirmation_needed,capacity=slot_competition_very_high|same_entry_candidates=17|active_relations=0|risk=proxy_neutral|microstructure=SOURCE_PENDING_NOT_USED,1,17,5,14,0,0,1,,medium_quality_setup,BASELINE_ALLOWED,1,0,0,0
TASK617|ROK|20260121T150000Z|slot_decision_explanation,TASK617|ROK|20260121T150000Z,ROK,2026-01-23 14:30:00+00:00,2026-01-21 15:00:00+00:00,industrial_automation_robotics,recent_oos,priority_candidate,setup=high_quality_setup|catalyst=guidance_margin_upgrade|price=price_confirmed_basic|theme=participating_theme|relation=relation_reinforcing,capacity=slot_competition_very_high|same_entry_candidates=17|active_relations=0|risk=proxy_neutral|microstructure=SOURCE_PENDING_NOT_USED,1,17,6,2,0,0,1,,high_quality_setup,STRENGTH_HOLD_CANDIDATE,1,0,0,0
TASK617|EMR|20260121T150000Z|slot_decision_explanation,TASK617|EMR|20260121T150000Z,EMR,2026-01-23 14:30:00+00:00,2026-01-21 15:00:00+00:00,industrial_automation_robotics,recent_oos,confirmation_required_candidate,setup=medium_quality_setup|catalyst=guidance_margin_upgrade|price=price_confirmed_basic|theme=participating_theme|relation=company_positive_confirmation_needed,capacity=slot_competition_very_high|same_entry_candidates=17|active_relations=0|risk=proxy_neutral|microstructure=SOURCE_PENDING_NOT_USED,1,17,6,14,0,0,1,,medium_quality_setup,BASELINE_ALLOWED,1,0,0,0
TASK617|BA|20260121T151500Z|slot_decision_explanation,TASK617|BA|20260121T151500Z,BA,2026-01-23 14:30:00+00:00,2026-01-21 15:15:00+00:00,aerospace_defense_space,recent_oos,priority_candidate,setup=high_quality_setup|catalyst=guidance_margin_upgrade|price=price_confirmed_basic|theme=persistent_leadership|relation=company_price_confirmed_macro_secondary,capacity=slot_competition_very_high|same_entry_candidates=17|active_relations=0|risk=proxy_neutral|microstructure=SOURCE_PENDING_NOT_USED,1,17,5,1,0,0,1,,high_quality_setup,BASELINE_ALLOWED,1,0,0,0
TASK617|TER|20260121T153000Z|slot_decision_explanation,TASK617|TER|20260121T153000Z,TER,2026-01-23 14:30:00+00:00,2026-01-21 15:30:00+00:00,industrial_automation_robotics,recent_oos,priority_candidate,setup=high_quality_setup|catalyst=guidance_margin_upgrade|price=price_confirmed_basic|theme=participating_theme|relation=relation_reinforcing,capacity=slot_competition_very_high|same_entry_candidates=17|active_relations=0|risk=proxy_neutral|microstructure=SOURCE_PENDING_NOT_USED,1,17,6,2,0,0,1,,high_quality_setup,STRENGTH_HOLD_CANDIDATE,1,0,0,0
TASK617|PH|20260121T153000Z|slot_decision_explanation,TASK617|PH|20260121T153000Z,PH,2026-01-23 14:30:00+00:00,2026-01-21 15:30:00+00:00,industrial_automation_robotics,recent_oos,confirmation_required_candidate,setup=medium_quality_setup|catalyst=guidance_margin_upgrade|price=price_confirmed_but_extended|theme=participating_theme|relation=company_positive_confirmation_needed,capacity=slot_competition_very_high|same_entry_candidates=17|active_relations=0|risk=extension_proxy|microstructure=SOURCE_PENDING_NOT_USED,1,17,6,14,0,0,1,,medium_quality_setup,BASELINE_ALLOWED,1,0,0,0
TASK617|GD|20260121T161500Z|slot_decision_explanation,TASK617|GD|20260121T161500Z,GD,2026-01-23 14:30:00+00:00,2026-01-21 16:15:00+00:00,aerospace_defense_space,recent_oos,confirmation_required_candidate,setup=medium_quality_setup|catalyst=guidance_margin_upgrade|price=price_confirmed_basic|theme=persistent_leadership|relation=company_positive_confirmation_needed,capacity=slot_competition_very_high|same_entry_candidates=17|active_relations=0|risk=proxy_neutral|microstructure=SOURCE_PENDING_NOT_USED,1,17,5,14,0,0,1,,medium_quality_setup,BASELINE_ALLOWED,1,0,0,0
TASK617|PWR|20260121T191500Z|slot_decision_explanation,TASK617|PWR|20260121T191500Z,PWR,2026-01-23 14:30:00+00:00,2026-01-21 19:15:00+00:00,power_grid_electrification,recent_oos,confirmation_required_candidate,setup=medium_quality_setup|catalyst=guidance_margin_upgrade|price=price_confirmed_basic|theme=fading_leadership|relation=company_positive_confirmation_needed,capacity=slot_competition_very_high|same_entry_candidates=17|active_relations=0|risk=proxy_neutral|microstructure=SOURCE_PENDING_NOT_USED,1,17,1,14,0,0,1,,medium_quality_setup,BASELINE_ALLOWED,1,0,0,0
TASK617|RTX|20260121T194500Z|slot_decision_explanation,TASK617|RTX|20260121T194500Z,RTX,2026-01-23 14:30:00+00:00,2026-01-21 19:45:00+00:00,aerospace_defense_space,recent_oos,confirmation_required_candidate,setup=medium_quality_setup|catalyst=guidance_margin_upgrade|price=price_confirmed_basic|theme=persistent_leadership|relation=company_positive_confirmation_needed,capacity=slot_competition_very_high|same_entry_candidates=17|active_relations=0|risk=proxy_neutral|microstructure=SOURCE_PENDING_NOT_USED,1,17,5,14,0,0,1,,medium_quality_setup,BASELINE_ALLOWED,1,0,0,0
TASK617|GEV|20260205T143000Z|slot_decision_explanation,TASK617|GEV|20260205T143000Z,GEV,2026-02-09 14:30:00+00:00,2026-02-05 14:30:00+00:00,power_grid_electrification,recent_oos,confirmation_required_candidate,setup=medium_quality_setup|catalyst=contract_supply_combo|price=price_confirmed_but_extended|theme=fading_leadership|relation=relation_offsetting,capacity=slot_competition_low|same_entry_candidates=1|active_relations=0|risk=stress_plus_extension_proxy|microstructure=SOURCE_PENDING_NOT_USED,0,1,1,1,0,0,1,,medium_quality_setup,REDUCE_DURATION,1,0,0,0
TASK617|GEV|20260209T143000Z|slot_decision_explanation,TASK617|GEV|20260209T143000Z,GEV,2026-02-11 14:30:00+00:00,2026-02-09 14:30:00+00:00,power_grid_electrification,recent_oos,confirmation_required_candidate,setup=medium_quality_setup|catalyst=contract_supply_combo|price=price_confirmed_basic|theme=participating_theme|relation=company_positive_confirmation_needed,capacity=slot_competition_low|same_entry_candidates=1|active_relations=0|risk=market_stress_proxy|microstructure=SOURCE_PENDING_NOT_USED,0,1,1,1,0,0,1,,medium_quality_setup,BASELINE_ALLOWED,1,0,0,0
TASK617|HON|20260210T144500Z|slot_decision_explanation,TASK617|HON|20260210T144500Z,HON,2026-02-12 14:30:00+00:00,2026-02-10 14:45:00+00:00,industrial_automation_robotics,recent_oos,confirmation_required_candidate,setup=uncertain_setup|catalyst=supply_demand_shock|price=price_confirmed_but_extended|theme=participating_theme|relation=company_positive_confirmation_needed,capacity=slot_competition_high|same_entry_candidates=7|active_relations=0|risk=extension_proxy|microstructure=SOURCE_PENDING_NOT_USED,1,7,4,7,0,0,1,,uncertain_setup,BASELINE_ALLOWED,1,0,0,0
TASK617|NEE|20260210T144500Z|slot_decision_explanation,TASK617|NEE|20260210T144500Z,NEE,2026-02-12 14:30:00+00:00,2026-02-10 14:45:00+00:00,power_grid_electrification,recent_oos,confirmation_required_candidate,setup=uncertain_setup|catalyst=supply_demand_shock|price=price_confirmed_basic|theme=participating_theme|relation=company_positive_confirmation_needed,capacity=slot_competition_high|same_entry_candidates=7|active_relations=0|risk=proxy_neutral|microstructure=SOURCE_PENDING_NOT_USED,1,7,3,7,0,0,1,,uncertain_setup,BASELINE_ALLOWED,1,0,0,0
TASK617|EMR|20260210T144500Z|slot_decision_explanation,TASK617|EMR|20260210T144500Z,EMR,2026-02-12 14:30:00+00:00,2026-02-10 14:45:00+00:00,industrial_automation_robotics,recent_oos,confirmation_required_candidate,setup=uncertain_setup|catalyst=supply_demand_shock|price=price_confirmed_basic|theme=participating_theme|relation=company_positive_confirmation_needed,capacity=slot_competition_high|same_entry_candidates=7|active_relations=0|risk=proxy_neutral|microstructure=SOURCE_PENDING_NOT_USED,1,7,4,7,0,0,1,,uncertain_setup,BASELINE_ALLOWED,1,0,0,0
TASK617|ETN|20260210T160000Z|slot_decision_explanation,TASK617|ETN|20260210T160000Z,ETN,2026-02-12 14:30:00+00:00,2026-02-10 16:00:00+00:00,power_grid_electrification,recent_oos,confirmation_required_candidate,setup=uncertain_setup|catalyst=supply_demand_shock|price=price_confirmed_basic|theme=participating_theme|relation=company_positive_confirmation_needed,capacity=slot_competition_high|same_entry_candidates=7|active_relations=0|risk=proxy_neutral|microstructure=SOURCE_PENDING_NOT_USED,1,7,3,7,0,0,1,,uncertain_setup,BASELINE_ALLOWED,1,0,0,0
TASK617|IR|20260210T161500Z|slot_decision_explanation,TASK617|IR|20260210T161500Z,IR,2026-02-12 14:30:00+00:00,2026-02-10 16:15:00+00:00,industrial_automation_robotics,recent_oos,confirmation_required_candidate,setup=uncertain_setup|catalyst=supply_demand_shock|price=price_confirmed_basic|theme=participating_theme|relation=company_positive_confirmation_needed,capacity=slot_competition_high|same_entry_candidates=7|active_relations=0|risk=proxy_neutral|microstructure=SOURCE_PENDING_NOT_USED,1,7,4,7,0,0,1,,uncertain_setup,BASELINE_ALLOWED,1,0,0,0
TASK617|PH|20260210T161500Z|slot_decision_explanation,TASK617|PH|20260210T161500Z,PH,2026-02-12 14:30:00+00:00,2026-02-10 16:15:00+00:00,industrial_automation_robotics,recent_oos,confirmation_required_candidate,setup=medium_quality_setup|catalyst=contract_supply_combo|price=price_confirmed_basic|theme=participating_theme|relation=company_positive_confirmation_needed,capacity=slot_competition_high|same_entry_candidates=7|active_relations=0|risk=proxy_neutral|microstructure=SOURCE_PENDING_NOT_USED,1,7,4,7,0,0,1,,medium_quality_setup,BASELINE_ALLOWED,1,0,0,0
TASK617|PWR|20260210T173000Z|slot_decision_explanation,TASK617|PWR|20260210T173000Z,PWR,2026-02-12 14:30:00+00:00,2026-02-10 17:30:00+00:00,power_grid_electrification,recent_oos,confirmation_required_candidate,setup=uncertain_setup|catalyst=supply_demand_shock|price=price_confirmed_basic|theme=participating_theme|relation=company_positive_confirmation_needed,capacity=slot_competition_high|same_entry_candidates=7|active_relations=0|risk=proxy_neutral|microstructure=SOURCE_PENDING_NOT_USED,1,7,3,7,0,0,1,,uncertain_setup,BASELINE_ALLOWED,1,0,0,0
TASK617|ASML|20260211T143000Z|slot_decision_explanation,TASK617|ASML|20260211T143000Z,ASML,2026-02-13 14:30:00+00:00,2026-02-11 14:30:00+00:00,ai_semiconductors,recent_oos,confirmation_required_candidate,setup=uncertain_setup|catalyst=supply_demand_shock|price=price_confirmed_basic|theme=participating_theme|relation=company_positive_confirmation_needed,capacity=same_relation_crowded|same_entry_candidates=4|active_relations=0|risk=proxy_neutral|microstructure=SOURCE_PENDING_NOT_USED,1,4,2,4,0,0,1,,uncertain_setup,BASELINE_ALLOWED,1,0,0,0
TASK617|TSM|20260211T143000Z|slot_decision_explanation,TASK617|TSM|20260211T143000Z,TSM,2026-02-13 14:30:00+00:00,2026-02-11 14:30:00+00:00,ai_semiconductors,recent_oos,confirmation_required_candidate,setup=uncertain_setup|catalyst=supply_demand_shock|price=price_confirmed_but_extended|theme=participating_theme|relation=company_positive_confirmation_needed,capacity=same_relation_crowded|same_entry_candidates=4|active_relations=0|risk=extension_proxy|microstructure=SOURCE_PENDING_NOT_USED,1,4,2,4,0,0,1,,uncertain_setup,BASELINE_ALLOWED,1,0,0,0
TASK617|TER|20260211T143000Z|slot_decision_explanation,TASK617|TER|20260211T143000Z,TER,2026-02-13 14:30:00+00:00,2026-02-11 14:30:00+00:00,industrial_automation_robotics,recent_oos,confirmation_required_candidate,setup=medium_quality_setup|catalyst=contract_supply_combo|price=price_confirmed_basic|theme=participating_theme|relation=company_positive_confirmation_needed,capacity=same_relation_crowded|same_entry_candidates=4|active_relations=0|risk=high_liquidity_momentum_proxy|microstructure=SOURCE_PENDING_NOT_USED,1,4,1,4,0,0,1,,medium_quality_setup,BASELINE_ALLOWED,1,0,0,0
TASK617|VRT|20260211T204500Z|slot_decision_explanation,TASK617|VRT|20260211T204500Z,VRT,2026-02-13 14:30:00+00:00,2026-02-11 20:45:00+00:00,power_grid_electrification,recent_oos,confirmation_required_candidate,setup=uncertain_setup|catalyst=supply_demand_shock|price=price_confirmed_but_extended|theme=persistent_leadership|relation=company_positive_confirmation_needed,capacity=same_relation_crowded|same_entry_candidates=4|active_relations=0|risk=extension_proxy|microstructure=SOURCE_PENDING_NOT_USED,1,4,1,4,0,0,1,,uncertain_setup,BASELINE_ALLOWED,1,0,0,0
TASK617|ETN|20260212T143000Z|slot_decision_explanation,TASK617|ETN|20260212T143000Z,ETN,2026-02-17 14:30:00+00:00,2026-02-12 14:30:00+00:00,power_grid_electrification,recent_oos,confirmation_required_candidate,setup=medium_quality_setup|catalyst=contract_supply_combo|price=price_confirmed_basic|theme=persistent_leadership|relation=company_positive_confirmation_needed,capacity=same_relation_crowded|same_entry_candidates=4|active_relations=0|risk=high_liquidity_momentum_proxy|microstructure=SOURCE_PENDING_NOT_USED,1,4,2,4,0,0,1,,medium_quality_setup,BASELINE_ALLOWED,1,0,0,0
TASK617|HON|20260212T143000Z|slot_decision_explanation,TASK617|HON|20260212T143000Z,HON,2026-02-17 14:30:00+00:00,2026-02-12 14:30:00+00:00,industrial_automation_robotics,recent_oos,confirmation_required_candidate,setup=medium_quality_setup|catalyst=contract_supply_combo|price=price_confirmed_basic|theme=participating_theme|relation=company_positive_confirmation_needed,capacity=same_relation_crowded|same_entry_candidates=4|active_relations=0|risk=high_liquidity_momentum_proxy|microstructure=SOURCE_PENDING_NOT_USED,1,4,2,4,0,0,1,,medium_quality_setup,BASELINE_ALLOWED,1,0,0,0
TASK617|NEE|20260212T143000Z|slot_decision_explanation,TASK617|NEE|20260212T143000Z,NEE,2026-02-17 14:30:00+00:00,2026-02-12 14:30:00+00:00,power_grid_electrification,recent_oos,confirmation_required_candidate,setup=medium_quality_setup|catalyst=contract_supply_combo|price=price_confirmed_basic|theme=persistent_leadership|relation=company_positive_confirmation_needed,capacity=same_relation_crowded|same_entry_candidates=4|active_relations=0|risk=high_liquidity_momentum_proxy|microstructure=SOURCE_PENDING_NOT_USED,1,4,2,4,0,0,1,,medium_quality_setup,BASELINE_ALLOWED,1,0,0,0
TASK617|TER|20260212T150000Z|slot_decision_explanation,TASK617|TER|20260212T150000Z,TER,2026-02-17 14:30:00+00:00,2026-02-12 15:00:00+00:00,industrial_automation_robotics,recent_oos,confirmation_required_candidate,setup=medium_quality_setup|catalyst=contract_supply_combo|price=price_confirmed_basic|theme=participating_theme|relation=company_positive_confirmation_needed,capacity=same_relation_crowded|same_entry_candidates=4|active_relations=0|risk=high_liquidity_momentum_proxy|microstructure=SOURCE_PENDING_NOT_USED,1,4,2,4,0,0,1,,medium_quality_setup,BASELINE_ALLOWED,1,0,0,0
TASK617|GEV|20260217T143000Z|slot_decision_explanation,TASK617|GEV|20260217T143000Z,GEV,2026-02-19 14:30:00+00:00,2026-02-17 14:30:00+00:00,power_grid_electrification,recent_oos,confirmation_required_candidate,setup=medium_quality_setup|catalyst=contract_supply_combo|price=price_confirmed_basic|theme=persistent_leadership|relation=company_positive_confirmation_needed,capacity=slot_competition_very_high|same_entry_candidates=9|active_relations=0|risk=market_stress_proxy|microstructure=SOURCE_PENDING_NOT_USED,1,9,4,8,0,0,1,,medium_quality_setup,BASELINE_ALLOWED,1,0,0,0
TASK617|HON|20260217T143000Z|slot_decision_explanation,TASK617|HON|20260217T143000Z,HON,2026-02-19 14:30:00+00:00,2026-02-17 14:30:00+00:00,industrial_automation_robotics,recent_oos,confirmation_required_candidate,setup=medium_quality_setup|catalyst=contract_supply_combo|price=price_confirmed_but_extended|theme=participating_theme|relation=company_positive_confirmation_needed,capacity=slot_competition_very_high|same_entry_candidates=9|active_relations=0|risk=stress_plus_extension_proxy|microstructure=SOURCE_PENDING_NOT_USED,1,9,4,8,0,0,1,,medium_quality_setup,BASELINE_ALLOWED,1,0,0,0
TASK617|TER|20260217T151500Z|slot_decision_explanation,TASK617|TER|20260217T151500Z,TER,2026-02-19 14:30:00+00:00,2026-02-17 15:15:00+00:00,industrial_automation_robotics,recent_oos,priority_candidate,setup=high_quality_setup|catalyst=contract_supply_combo|price=price_confirmed_basic|theme=participating_theme|relation=relation_reinforcing,capacity=slot_competition_very_high|same_entry_candidates=9|active_relations=0|risk=market_stress_proxy|microstructure=SOURCE_PENDING_NOT_USED,1,9,4,1,0,0,1,,high_quality_setup,STRENGTH_HOLD_CANDIDATE,1,0,0,0
TASK617|PH|20260217T154500Z|slot_decision_explanation,TASK617|PH|20260217T154500Z,PH,2026-02-19 14:30:00+00:00,2026-02-17 15:45:00+00:00,industrial_automation_robotics,recent_oos,confirmation_required_candidate,setup=medium_quality_setup|catalyst=contract_supply_combo|price=price_confirmed_basic|theme=participating_theme|relation=company_positive_confirmation_needed,capacity=slot_competition_very_high|same_entry_candidates=9|active_relations=0|risk=market_stress_proxy|microstructure=SOURCE_PENDING_NOT_USED,1,9,4,8,0,0,1,,medium_quality_setup,BASELINE_ALLOWED,1,0,0,0
TASK617|ETN|20260217T160000Z|slot_decision_explanation,TASK617|ETN|20260217T160000Z,ETN,2026-02-19 14:30:00+00:00,2026-02-17 16:00:00+00:00,power_grid_electrification,recent_oos,confirmation_required_candidate,setup=medium_quality_setup|catalyst=contract_supply_combo|price=price_confirmed_basic|theme=persistent_leadership|relation=company_positive_confirmation_needed,capacity=slot_competition_very_high|same_entry_candidates=9|active_relations=0|risk=market_stress_proxy|microstructure=SOURCE_PENDING_NOT_USED,1,9,4,8,0,0,1,,medium_quality_setup,BASELINE_ALLOWED,1,0,0,0
TASK617|VRT|20260217T160000Z|slot_decision_explanation,TASK617|VRT|20260217T160000Z,VRT,2026-02-19 14:30:00+00:00,2026-02-17 16:00:00+00:00,power_grid_electrification,recent_oos,confirmation_required_candidate,setup=medium_quality_setup|catalyst=contract_supply_combo|price=price_confirmed_basic|theme=persistent_leadership|relation=company_positive_confirmation_needed,capacity=slot_competition_very_high|same_entry_candidates=9|active_relations=0|risk=market_stress_proxy|microstructure=SOURCE_PENDING_NOT_USED,1,9,4,8,0,0,1,,medium_quality_setup,BASELINE_ALLOWED,1,0,0,0
TASK617|PWR|20260217T160000Z|slot_decision_explanation,TASK617|PWR|20260217T160000Z,PWR,2026-02-19 14:30:00+00:00,2026-02-17 16:00:00+00:00,power_grid_electrification,recent_oos,confirmation_required_candidate,setup=medium_quality_setup|catalyst=contract_supply_combo|price=price_confirmed_basic|theme=persistent_leadership|relation=company_positive_confirmation_needed,capacity=slot_competition_very_high|same_entry_candidates=9|active_relations=0|risk=market_stress_proxy|microstructure=SOURCE_PENDING_NOT_USED,1,9,4,8,0,0,1,,medium_quality_setup,BASELINE_ALLOWED,1,0,0,0
TASK617|IR|20260217T160000Z|slot_decision_explanation,TASK617|IR|20260217T160000Z,IR,2026-02-19 14:30:00+00:00,2026-02-17 16:00:00+00:00,industrial_automation_robotics,recent_oos,confirmation_required_candidate,setup=medium_quality_setup|catalyst=contract_supply_combo|price=price_confirmed_but_extended|theme=participating_theme|relation=company_positive_confirmation_needed,capacity=slot_competition_very_high|same_entry_candidates=9|active_relations=0|risk=stress_plus_extension_proxy|microstructure=SOURCE_PENDING_NOT_USED,1,9,4,8,0,0,1,,medium_quality_setup,BASELINE_ALLOWED,1,0,0,0
TASK617|AMGN|20260217T183000Z|slot_decision_explanation,TASK617|AMGN|20260217T183000Z,AMGN,2026-02-19 14:30:00+00:00,2026-02-17 18:30:00+00:00,biotech_glp1_healthcare,recent_oos,confirmation_required_candidate,setup=medium_quality_setup|catalyst=contract_supply_combo|price=price_confirmed_basic|theme=fading_leadership|relation=company_positive_confirmation_needed,capacity=slot_competition_very_high|same_entry_candidates=9|active_relations=0|risk=market_stress_proxy|microstructure=SOURCE_PENDING_NOT_USED,1,9,1,8,0,0,1,,medium_quality_setup,BASELINE_ALLOWED,1,0,0,0
TASK617|AMGN|20260218T143000Z|slot_decision_explanation,TASK617|AMGN|20260218T143000Z,AMGN,2026-02-20 14:30:00+00:00,2026-02-18 14:30:00+00:00,biotech_glp1_healthcare,recent_oos,confirmation_required_candidate,setup=medium_quality_setup|catalyst=contract_supply_combo|price=price_confirmed_basic|theme=fading_leadership|relation=company_positive_confirmation_needed,capacity=slot_competition_high|same_entry_candidates=6|active_relations=0|risk=market_stress_proxy|microstructure=SOURCE_PENDING_NOT_USED,1,6,1,4,0,0,1,,medium_quality_setup,BASELINE_ALLOWED,1,0,0,0
TASK617|ASML|20260218T144500Z|slot_decision_explanation,TASK617|ASML|20260218T144500Z,ASML,2026-02-20 14:30:00+00:00,2026-02-18 14:45:00+00:00,ai_semiconductors,recent_oos,confirmation_required_candidate,setup=medium_quality_setup|catalyst=contract_supply_combo|price=price_confirmed_basic|theme=fading_leadership|relation=company_positive_confirmation_needed,capacity=slot_competition_high|same_entry_candidates=6|active_relations=0|risk=market_stress_proxy|microstructure=SOURCE_PENDING_NOT_USED,1,6,3,4,0,0,1,,medium_quality_setup,BASELINE_ALLOWED,1,0,0,0
TASK617|TER|20260218T144500Z|slot_decision_explanation,TASK617|TER|20260218T144500Z,TER,2026-02-20 14:30:00+00:00,2026-02-18 14:45:00+00:00,industrial_automation_robotics,recent_oos,normal_candidate,setup=research_only_setup|catalyst=contract_supply_combo|price=price_confirmed_but_extended|theme=participating_theme|relation=relation_sparse_research_only,capacity=slot_competition_high|same_entry_candidates=6|active_relations=0|risk=stress_plus_extension_proxy|microstructure=SOURCE_PENDING_NOT_USED,1,6,1,1,0,0,1,,research_only_setup,RESEARCH_ONLY,1,0,0,0
TASK617|PWR|20260218T144500Z|slot_decision_explanation,TASK617|PWR|20260218T144500Z,PWR,2026-02-20 14:30:00+00:00,2026-02-18 14:45:00+00:00,power_grid_electrification,recent_oos,confirmation_required_candidate,setup=medium_quality_setup|catalyst=contract_supply_combo|price=price_confirmed_but_extended|theme=persistent_leadership|relation=relation_offsetting,capacity=slot_competition_high|same_entry_candidates=6|active_relations=0|risk=stress_plus_extension_proxy|microstructure=SOURCE_PENDING_NOT_USED,1,6,1,1,0,0,1,,medium_quality_setup,REDUCE_DURATION,1,0,0,0
TASK617|TSM|20260218T150000Z|slot_decision_explanation,TASK617|TSM|20260218T150000Z,TSM,2026-02-20 14:30:00+00:00,2026-02-18 15:00:00+00:00,ai_semiconductors,recent_oos,confirmation_required_candidate,setup=medium_quality_setup|catalyst=contract_supply_combo|price=price_confirmed_but_extended|theme=fading_leadership|relation=company_positive_confirmation_needed,capacity=slot_competition_high|same_entry_candidates=6|active_relations=0|risk=stress_plus_extension_proxy|microstructure=SOURCE_PENDING_NOT_USED,1,6,3,4,0,0,1,,medium_quality_setup,BASELINE_ALLOWED,1,0,0,0
TASK617|NVDA|20260218T150000Z|slot_decision_explanation,TASK617|NVDA|20260218T150000Z,NVDA,2026-02-20 14:30:00+00:00,2026-02-18 15:00:00+00:00,ai_semiconductors,recent_oos,confirmation_required_candidate,setup=medium_quality_setup|catalyst=contract_supply_combo|price=price_confirmed_basic|theme=fading_leadership|relation=company_positive_confirmation_needed,capacity=slot_competition_high|same_entry_candidates=6|active_relations=0|risk=market_stress_proxy|microstructure=SOURCE_PENDING_NOT_USED,1,6,3,4,0,0,1,,medium_quality_setup,BASELINE_ALLOWED,1,0,0,0
TASK617|HON|20260219T143000Z|slot_decision_explanation,TASK617|HON|20260219T143000Z,HON,2026-02-23 14:30:00+00:00,2026-02-19 14:30:00+00:00,industrial_automation_robotics,recent_oos,normal_candidate,setup=research_only_setup|catalyst=guidance_margin_upgrade|price=price_confirmed_but_extended|theme=fading_leadership|relation=relation_sparse_research_only,capacity=slot_competition_very_high|same_entry_candidates=10|active_relations=0|risk=stress_plus_extension_proxy|microstructure=SOURCE_PENDING_NOT_USED,1,10,3,3,0,0,1,,research_only_setup,RESEARCH_ONLY,1,0,0,0
TASK617|ETN|20260219T143000Z|slot_decision_explanation,TASK617|ETN|20260219T143000Z,ETN,2026-02-23 14:30:00+00:00,2026-02-19 14:30:00+00:00,power_grid_electrification,recent_oos,confirmation_required_candidate,setup=medium_quality_setup|catalyst=guidance_margin_upgrade|price=price_confirmed_basic|theme=persistent_leadership|relation=relation_offsetting,capacity=slot_competition_very_high|same_entry_candidates=10|active_relations=0|risk=market_stress_proxy|microstructure=SOURCE_PENDING_NOT_USED,1,10,5,5,0,0,1,,medium_quality_setup,REDUCE_DURATION,1,0,0,0
TASK617|VRT|20260219T143000Z|slot_decision_explanation,TASK617|VRT|20260219T143000Z,VRT,2026-02-23 14:30:00+00:00,2026-02-19 14:30:00+00:00,power_grid_electrification,recent_oos,confirmation_required_candidate,setup=medium_quality_setup|catalyst=guidance_margin_upgrade|price=price_confirmed_basic|theme=persistent_leadership|relation=relation_offsetting,capacity=slot_competition_very_high|same_entry_candidates=10|active_relations=0|risk=market_stress_proxy|microstructure=SOURCE_PENDING_NOT_USED,1,10,5,5,0,0,1,,medium_quality_setup,REDUCE_DURATION,1,0,0,0
TASK617|GEV|20260219T144500Z|slot_decision_explanation,TASK617|GEV|20260219T144500Z,GEV,2026-02-23 14:30:00+00:00,2026-02-19 14:45:00+00:00,power_grid_electrification,recent_oos,priority_candidate,setup=high_quality_setup|catalyst=guidance_margin_upgrade|price=price_confirmed_basic|theme=persistent_leadership|relation=relation_offsetting,capacity=slot_competition_very_high|same_entry_candidates=10|active_relations=0|risk=market_stress_proxy|microstructure=SOURCE_PENDING_NOT_USED,1,10,5,5,0,0,1,,high_quality_setup,REDUCE_DURATION,1,0,0,0
TASK617|PH|20260219T150000Z|slot_decision_explanation,TASK617|PH|20260219T150000Z,PH,2026-02-23 14:30:00+00:00,2026-02-19 15:00:00+00:00,industrial_automation_robotics,recent_oos,normal_candidate,setup=research_only_setup|catalyst=guidance_margin_upgrade|price=price_confirmed_basic|theme=fading_leadership|relation=relation_sparse_research_only,capacity=slot_competition_very_high|same_entry_candidates=10|active_relations=0|risk=market_stress_proxy|microstructure=SOURCE_PENDING_NOT_USED,1,10,3,3,0,0,1,,research_only_setup,RESEARCH_ONLY,1,0,0,0
TASK617|ASML|20260219T151500Z|slot_decision_explanation,TASK617|ASML|20260219T151500Z,ASML,2026-02-23 14:30:00+00:00,2026-02-19 15:15:00+00:00,ai_semiconductors,recent_oos,confirmation_required_candidate,setup=medium_quality_setup|catalyst=guidance_margin_upgrade|price=price_confirmed_basic|theme=fading_leadership|relation=company_positive_confirmation_needed,capacity=slot_competition_very_high|same_entry_candidates=10|active_relations=0|risk=market_stress_proxy|microstructure=SOURCE_PENDING_NOT_USED,1,10,2,2,0,0,1,,medium_quality_setup,BASELINE_ALLOWED,1,0,0,0
TASK617|TSM|20260219T154500Z|slot_decision_explanation,TASK617|TSM|20260219T154500Z,TSM,2026-02-23 14:30:00+00:00,2026-02-19 15:45:00+00:00,ai_semiconductors,recent_oos,research_only,setup=fragile_setup|catalyst=guidance_margin_upgrade|price=price_fragile_or_unconfirmed|theme=fading_leadership|relation=company_positive_confirmation_needed,capacity=slot_competition_very_high|same_entry_candidates=10|active_relations=0|risk=market_stress_proxy|microstructure=SOURCE_PENDING_NOT_USED,1,10,2,2,0,0,1,,fragile_setup,BASELINE_ALLOWED,1,0,0,0
TASK617|TER|20260219T160000Z|slot_decision_explanation,TASK617|TER|20260219T160000Z,TER,2026-02-23 14:30:00+00:00,2026-02-19 16:00:00+00:00,industrial_automation_robotics,recent_oos,normal_candidate,setup=research_only_setup|catalyst=guidance_margin_upgrade|price=price_confirmed_basic|theme=fading_leadership|relation=relation_sparse_research_only,capacity=slot_competition_very_high|same_entry_candidates=10|active_relations=0|risk=market_stress_proxy|microstructure=SOURCE_PENDING_NOT_USED,1,10,3,3,0,0,1,,research_only_setup,RESEARCH_ONLY,1,0,0,0
TASK617|NEE|20260219T173000Z|slot_decision_explanation,TASK617|NEE|20260219T173000Z,NEE,2026-02-23 14:30:00+00:00,2026-02-19 17:30:00+00:00,power_grid_electrification,recent_oos,confirmation_required_candidate,setup=medium_quality_setup|catalyst=guidance_margin_upgrade|price=price_confirmed_but_extended|theme=persistent_leadership|relation=relation_offsetting,capacity=slot_competition_very_high|same_entry_candidates=10|active_relations=0|risk=stress_plus_extension_proxy|microstructure=SOURCE_PENDING_NOT_USED,1,10,5,5,0,0,1,,medium_quality_setup,REDUCE_DURATION,1,0,0,0
TASK617|PWR|20260219T184500Z|slot_decision_explanation,TASK617|PWR|20260219T184500Z,PWR,2026-02-23 14:30:00+00:00,2026-02-19 18:45:00+00:00,power_grid_electrification,recent_oos,confirmation_required_candidate,setup=medium_quality_setup|catalyst=guidance_margin_upgrade|price=price_confirmed_basic|theme=persistent_leadership|relation=relation_offsetting,capacity=slot_competition_very_high|same_entry_candidates=10|active_relations=0|risk=market_stress_proxy|microstructure=SOURCE_PENDING_NOT_USED,1,10,5,5,0,0,1,,medium_quality_setup,REDUCE_DURATION,1,0,0,0
TASK617|HON|20260223T143000Z|slot_decision_explanation,TASK617|HON|20260223T143000Z,HON,2026-02-25 14:30:00+00:00,2026-02-23 14:30:00+00:00,industrial_automation_robotics,recent_oos,confirmation_required_candidate,setup=medium_quality_setup|catalyst=guidance_margin_upgrade|price=price_confirmed_basic|theme=participating_theme|relation=company_positive_confirmation_needed,capacity=slot_competition_high|same_entry_candidates=8|active_relations=0|risk=market_stress_proxy|microstructure=SOURCE_PENDING_NOT_USED,1,8,2,6,0,0,1,,medium_quality_setup,BASELINE_ALLOWED,1,0,0,0
TASK617|PH|20260223T143000Z|slot_decision_explanation,TASK617|PH|20260223T143000Z,PH,2026-02-25 14:30:00+00:00,2026-02-23 14:30:00+00:00,industrial_automation_robotics,recent_oos,priority_candidate,setup=high_quality_setup|catalyst=guidance_margin_upgrade|price=price_confirmed_basic|theme=participating_theme|relation=relation_reinforcing,capacity=slot_competition_high|same_entry_candidates=8|active_relations=0|risk=market_stress_proxy|microstructure=SOURCE_PENDING_NOT_USED,1,8,2,2,0,0,1,,high_quality_setup,STRENGTH_HOLD_CANDIDATE,1,0,0,0
TASK617|PWR|20260223T143000Z|slot_decision_explanation,TASK617|PWR|20260223T143000Z,PWR,2026-02-25 14:30:00+00:00,2026-02-23 14:30:00+00:00,power_grid_electrification,recent_oos,confirmation_required_candidate,setup=medium_quality_setup|catalyst=guidance_margin_upgrade|price=price_confirmed_basic|theme=persistent_leadership|relation=company_positive_confirmation_needed,capacity=slot_competition_high|same_entry_candidates=8|active_relations=0|risk=market_stress_proxy|microstructure=SOURCE_PENDING_NOT_USED,1,8,4,6,0,0,1,,medium_quality_setup,BASELINE_ALLOWED,1,0,0,0
TASK617|TSM|20260223T144500Z|slot_decision_explanation,TASK617|TSM|20260223T144500Z,TSM,2026-02-25 14:30:00+00:00,2026-02-23 14:45:00+00:00,ai_semiconductors,recent_oos,confirmation_required_candidate,setup=medium_quality_setup|catalyst=guidance_margin_upgrade|price=price_confirmed_basic|theme=fading_leadership|relation=company_positive_confirmation_needed,capacity=slot_competition_high|same_entry_candidates=8|active_relations=0|risk=market_stress_proxy|microstructure=SOURCE_PENDING_NOT_USED,1,8,2,6,0,0,1,,medium_quality_setup,BASELINE_ALLOWED,1,0,0,0
TASK617|ASML|20260223T144500Z|slot_decision_explanation,TASK617|ASML|20260223T144500Z,ASML,2026-02-25 14:30:00+00:00,2026-02-23 14:45:00+00:00,ai_semiconductors,recent_oos,confirmation_required_candidate,setup=medium_quality_setup|catalyst=guidance_margin_upgrade|price=price_confirmed_basic|theme=fading_leadership|relation=company_positive_confirmation_needed,capacity=slot_competition_high|same_entry_candidates=8|active_relations=0|risk=market_stress_proxy|microstructure=SOURCE_PENDING_NOT_USED,1,8,2,6,0,0,1,,medium_quality_setup,BASELINE_ALLOWED,1,0,0,0
TASK617|NEE|20260223T150000Z|slot_decision_explanation,TASK617|NEE|20260223T150000Z,NEE,2026-02-25 14:30:00+00:00,2026-02-23 15:00:00+00:00,power_grid_electrification,recent_oos,confirmation_required_candidate,setup=medium_quality_setup|catalyst=guidance_margin_upgrade|price=price_confirmed_basic|theme=persistent_leadership|relation=company_positive_confirmation_needed,capacity=slot_competition_high|same_entry_candidates=8|active_relations=0|risk=market_stress_proxy|microstructure=SOURCE_PENDING_NOT_USED,1,8,4,6,0,0,1,,medium_quality_setup,BASELINE_ALLOWED,1,0,0,0
TASK617|VRT|20260223T150000Z|slot_decision_explanation,TASK617|VRT|20260223T150000Z,VRT,2026-02-25 14:30:00+00:00,2026-02-23 15:00:00+00:00,power_grid_electrification,recent_oos,confirmation_required_candidate,setup=medium_quality_setup|catalyst=guidance_margin_upgrade|price=price_confirmed_basic|theme=persistent_leadership|relation=company_positive_confirmation_needed,capacity=slot_competition_high|same_entry_candidates=8|active_relations=0|risk=market_stress_proxy|microstructure=SOURCE_PENDING_NOT_USED,1,8,4,6,0,0,1,,medium_quality_setup,BASELINE_ALLOWED,1,0,0,0
TASK617|GEV|20260223T200000Z|slot_decision_explanation,TASK617|GEV|20260223T200000Z,GEV,2026-02-25 14:30:00+00:00,2026-02-23 20:00:00+00:00,power_grid_electrification,recent_oos,priority_candidate,setup=high_quality_setup|catalyst=guidance_margin_upgrade|price=price_confirmed_basic|theme=persistent_leadership|relation=relation_reinforcing,capacity=slot_competition_high|same_entry_candidates=8|active_relations=0|risk=market_stress_proxy|microstructure=SOURCE_PENDING_NOT_USED,1,8,4,2,0,0,1,,high_quality_setup,STRENGTH_HOLD_CANDIDATE,1,0,0,0
TASK617|GEV|20260224T143000Z|slot_decision_explanation,TASK617|GEV|20260224T143000Z,GEV,2026-02-26 14:30:00+00:00,2026-02-24 14:30:00+00:00,power_grid_electrification,recent_oos,normal_candidate,setup=research_only_setup|catalyst=guidance_margin_upgrade|price=price_confirmed_but_extended|theme=persistent_leadership|relation=relation_sparse_research_only,capacity=slot_competition_very_high|same_entry_candidates=11|active_relations=0|risk=stress_plus_extension_proxy|microstructure=SOURCE_PENDING_NOT_USED,1,11,4,1,0,0,1,,research_only_setup,RESEARCH_ONLY,1,0,0,0
TASK617|TSM|20260224T144500Z|slot_decision_explanation,TASK617|TSM|20260224T144500Z,TSM,2026-02-26 14:30:00+00:00,2026-02-24 14:45:00+00:00,ai_semiconductors,recent_oos,confirmation_required_candidate,setup=medium_quality_setup|catalyst=guidance_margin_upgrade|price=price_confirmed_basic|theme=fading_leadership|relation=company_positive_confirmation_needed,capacity=slot_competition_very_high|same_entry_candidates=11|active_relations=0|risk=market_stress_proxy|microstructure=SOURCE_PENDING_NOT_USED,1,11,2,7,0,0,1,,medium_quality_setup,BASELINE_ALLOWED,1,0,0,0
TASK617|PH|20260224T144500Z|slot_decision_explanation,TASK617|PH|20260224T144500Z,PH,2026-02-26 14:30:00+00:00,2026-02-24 14:45:00+00:00,industrial_automation_robotics,recent_oos,priority_candidate,setup=high_quality_setup|catalyst=guidance_margin_upgrade|price=price_confirmed_basic|theme=persistent_leadership|relation=company_price_confirmed_macro_secondary,capacity=slot_competition_very_high|same_entry_candidates=11|active_relations=0|risk=market_stress_proxy|microstructure=SOURCE_PENDING_NOT_USED,1,11,5,3,0,0,1,,high_quality_setup,BASELINE_ALLOWED,1,0,0,0
TASK617|TER|20260224T144500Z|slot_decision_explanation,TASK617|TER|20260224T144500Z,TER,2026-02-26 14:30:00+00:00,2026-02-24 14:45:00+00:00,industrial_automation_robotics,recent_oos,priority_candidate,setup=high_quality_setup|catalyst=guidance_margin_upgrade|price=price_confirmed_but_extended|theme=persistent_leadership|relation=company_price_confirmed_macro_secondary,capacity=slot_competition_very_high|same_entry_candidates=11|active_relations=0|risk=stress_plus_extension_proxy|microstructure=SOURCE_PENDING_NOT_USED,1,11,5,3,0,0,1,,high_quality_setup,BASELINE_ALLOWED,1,0,0,0
TASK617|NEE|20260224T144500Z|slot_decision_explanation,TASK617|NEE|20260224T144500Z,NEE,2026-02-26 14:30:00+00:00,2026-02-24 14:45:00+00:00,power_grid_electrification,recent_oos,confirmation_required_candidate,setup=medium_quality_setup|catalyst=guidance_margin_upgrade|price=price_confirmed_basic|theme=persistent_leadership|relation=company_positive_confirmation_needed,capacity=slot_competition_very_high|same_entry_candidates=11|active_relations=0|risk=market_stress_proxy|microstructure=SOURCE_PENDING_NOT_USED,1,11,4,7,0,0,1,,medium_quality_setup,BASELINE_ALLOWED,1,0,0,0
TASK617|VRT|20260224T144500Z|slot_decision_explanation,TASK617|VRT|20260224T144500Z,VRT,2026-02-26 14:30:00+00:00,2026-02-24 14:45:00+00:00,power_grid_electrification,recent_oos,confirmation_required_candidate,setup=medium_quality_setup|catalyst=guidance_margin_upgrade|price=price_confirmed_basic|theme=persistent_leadership|relation=company_positive_confirmation_needed,capacity=slot_competition_very_high|same_entry_candidates=11|active_relations=0|risk=market_stress_proxy|microstructure=SOURCE_PENDING_NOT_USED,1,11,4,7,0,0,1,,medium_quality_setup,BASELINE_ALLOWED,1,0,0,0
TASK617|PWR|20260224T150000Z|slot_decision_explanation,TASK617|PWR|20260224T150000Z,PWR,2026-02-26 14:30:00+00:00,2026-02-24 15:00:00+00:00,power_grid_electrification,recent_oos,confirmation_required_candidate,setup=medium_quality_setup|catalyst=guidance_margin_upgrade|price=price_confirmed_basic|theme=persistent_leadership|relation=company_positive_confirmation_needed,capacity=slot_competition_very_high|same_entry_candidates=11|active_relations=0|risk=market_stress_proxy|microstructure=SOURCE_PENDING_NOT_USED,1,11,4,7,0,0,1,,medium_quality_setup,BASELINE_ALLOWED,1,0,0,0
TASK617|HON|20260224T151500Z|slot_decision_explanation,TASK617|HON|20260224T151500Z,HON,2026-02-26 14:30:00+00:00,2026-02-24 15:15:00+00:00,industrial_automation_robotics,recent_oos,confirmation_required_candidate,setup=medium_quality_setup|catalyst=guidance_margin_upgrade|price=price_confirmed_basic|theme=persistent_leadership|relation=company_positive_confirmation_needed,capacity=slot_competition_very_high|same_entry_candidates=11|active_relations=0|risk=market_stress_proxy|microstructure=SOURCE_PENDING_NOT_USED,1,11,5,7,0,0,1,,medium_quality_setup,BASELINE_ALLOWED,1,0,0,0
TASK617|GE|20260224T151500Z|slot_decision_explanation,TASK617|GE|20260224T151500Z,GE,2026-02-26 14:30:00+00:00,2026-02-24 15:15:00+00:00,industrial_automation_robotics,recent_oos,priority_candidate,setup=high_quality_setup|catalyst=guidance_margin_upgrade|price=price_confirmed_but_extended|theme=persistent_leadership|relation=company_price_confirmed_macro_secondary,capacity=slot_competition_very_high|same_entry_candidates=11|active_relations=0|risk=stress_plus_extension_proxy|microstructure=SOURCE_PENDING_NOT_USED,1,11,5,3,0,0,1,,high_quality_setup,BASELINE_ALLOWED,1,0,0,0
TASK617|AMD|20260224T151500Z|slot_decision_explanation,TASK617|AMD|20260224T151500Z,AMD,2026-02-26 14:30:00+00:00,2026-02-24 15:15:00+00:00,ai_semiconductors,recent_oos,confirmation_required_candidate,setup=medium_quality_setup|catalyst=guidance_margin_upgrade|price=price_confirmed_basic|theme=fading_leadership|relation=company_positive_confirmation_needed,capacity=slot_competition_very_high|same_entry_candidates=11|active_relations=0|risk=market_stress_proxy|microstructure=SOURCE_PENDING_NOT_USED,1,11,2,7,0,0,1,,medium_quality_setup,BASELINE_ALLOWED,1,0,0,0
TASK617|IR|20260224T151500Z|slot_decision_explanation,TASK617|IR|20260224T151500Z,IR,2026-02-26 14:30:00+00:00,2026-02-24 15:15:00+00:00,industrial_automation_robotics,recent_oos,confirmation_required_candidate,setup=medium_quality_setup|catalyst=guidance_margin_upgrade|price=price_confirmed_basic|theme=persistent_leadership|relation=company_positive_confirmation_needed,capacity=slot_competition_very_high|same_entry_candidates=11|active_relations=0|risk=market_stress_proxy|microstructure=SOURCE_PENDING_NOT_USED,1,11,5,7,0,0,1,,medium_quality_setup,BASELINE_ALLOWED,1,0,0,0
TASK617|VRT|20260225T143000Z|slot_decision_explanation,TASK617|VRT|20260225T143000Z,VRT,2026-02-27 14:30:00+00:00,2026-02-25 14:30:00+00:00,power_grid_electrification,recent_oos,confirmation_required_candidate,setup=medium_quality_setup|catalyst=guidance_margin_upgrade|price=price_confirmed_basic|theme=persistent_leadership|relation=company_positive_confirmation_needed,capacity=slot_competition_low|same_entry_candidates=3|active_relations=0|risk=market_stress_proxy|microstructure=SOURCE_PENDING_NOT_USED,0,3,1,2,0,0,1,,medium_quality_setup,BASELINE_ALLOWED,1,0,0,0
TASK617|TER|20260225T143000Z|slot_decision_explanation,TASK617|TER|20260225T143000Z,TER,2026-02-27 14:30:00+00:00,2026-02-25 14:30:00+00:00,industrial_automation_robotics,recent_oos,priority_candidate,setup=high_quality_setup|catalyst=guidance_margin_upgrade|price=price_confirmed_basic|theme=participating_theme|relation=company_price_confirmed_macro_secondary,capacity=slot_competition_low|same_entry_candidates=3|active_relations=0|risk=market_stress_proxy|microstructure=SOURCE_PENDING_NOT_USED,0,3,1,1,0,0,1,,high_quality_setup,BASELINE_ALLOWED,1,0,0,0
TASK617|NVDA|20260225T144500Z|slot_decision_explanation,TASK617|NVDA|20260225T144500Z,NVDA,2026-02-27 14:30:00+00:00,2026-02-25 14:45:00+00:00,ai_semiconductors,recent_oos,confirmation_required_candidate,setup=medium_quality_setup|catalyst=guidance_margin_upgrade|price=price_confirmed_basic|theme=fading_leadership|relation=company_positive_confirmation_needed,capacity=slot_competition_low|same_entry_candidates=3|active_relations=0|risk=market_stress_proxy|microstructure=SOURCE_PENDING_NOT_USED,0,3,1,2,0,0,1,,medium_quality_setup,BASELINE_ALLOWED,1,0,0,0
TASK617|GE|20260226T191500Z|slot_decision_explanation,TASK617|GE|20260226T191500Z,GE,2026-03-02 14:30:00+00:00,2026-02-26 19:15:00+00:00,industrial_automation_robotics,recent_oos,priority_candidate,setup=high_quality_setup|catalyst=guidance_margin_upgrade|price=price_confirmed_basic|theme=persistent_leadership|relation=relation_reinforcing,capacity=slot_competition_low|same_entry_candidates=3|active_relations=0|risk=proxy_neutral|microstructure=SOURCE_PENDING_NOT_USED,0,3,3,2,0,0,1,,high_quality_setup,STRENGTH_HOLD_CANDIDATE,1,0,0,0
TASK617|IR|20260226T193000Z|slot_decision_explanation,TASK617|IR|20260226T193000Z,IR,2026-03-02 14:30:00+00:00,2026-02-26 19:30:00+00:00,industrial_automation_robotics,recent_oos,research_only,setup=fragile_setup|catalyst=guidance_margin_upgrade|price=price_fragile_or_unconfirmed|theme=persistent_leadership|relation=company_positive_confirmation_needed,capacity=slot_competition_low|same_entry_candidates=3|active_relations=0|risk=proxy_neutral|microstructure=SOURCE_PENDING_NOT_USED,0,3,3,1,0,0,1,,fragile_setup,BASELINE_ALLOWED,1,0,0,0
TASK617|PH|20260226T194500Z|slot_decision_explanation,TASK617|PH|20260226T194500Z,PH,2026-03-02 14:30:00+00:00,2026-02-26 19:45:00+00:00,industrial_automation_robotics,recent_oos,priority_candidate,setup=high_quality_setup|catalyst=guidance_margin_upgrade|price=price_confirmed_basic|theme=persistent_leadership|relation=relation_reinforcing,capacity=slot_competition_low|same_entry_candidates=3|active_relations=0|risk=proxy_neutral|microstructure=SOURCE_PENDING_NOT_USED,0,3,3,2,0,0,1,,high_quality_setup,STRENGTH_HOLD_CANDIDATE,1,0,0,0
TASK617|ASTS|20260303T160000Z|slot_decision_explanation,TASK617|ASTS|20260303T160000Z,ASTS,2026-03-05 14:30:00+00:00,2026-03-03 16:00:00+00:00,aerospace_defense_space,recent_oos,normal_candidate,setup=research_only_setup|catalyst=contract_supply_combo|price=price_confirmed_but_extended|theme=fading_leadership|relation=relation_sparse_research_only,capacity=slot_competition_low|same_entry_candidates=1|active_relations=0|risk=extension_proxy|microstructure=SOURCE_PENDING_NOT_USED,0,1,1,1,0,0,1,,research_only_setup,RESEARCH_ONLY,1,0,0,0
TASK617|PWR|20260309T141500Z|slot_decision_explanation,TASK617|PWR|20260309T141500Z,PWR,2026-03-11 14:30:00+00:00,2026-03-09 14:15:00+00:00,power_grid_electrification,recent_oos,confirmation_required_candidate,setup=medium_quality_setup|catalyst=guidance_margin_upgrade|price=price_confirmed_basic|theme=participating_theme|relation=relation_offsetting,capacity=slot_competition_low|same_entry_candidates=2|active_relations=0|risk=market_stress_proxy|microstructure=SOURCE_PENDING_NOT_USED,0,2,2,2,0,0,1,,medium_quality_setup,REDUCE_DURATION,1,0,0,0
TASK617|VRT|20260309T143000Z|slot_decision_explanation,TASK617|VRT|20260309T143000Z,VRT,2026-03-11 14:30:00+00:00,2026-03-09 14:30:00+00:00,power_grid_electrification,recent_oos,confirmation_required_candidate,setup=medium_quality_setup|catalyst=guidance_margin_upgrade|price=price_confirmed_basic|theme=participating_theme|relation=relation_offsetting,capacity=slot_competition_low|same_entry_candidates=2|active_relations=0|risk=high_liquidity_momentum_proxy|microstructure=SOURCE_PENDING_NOT_USED,0,2,2,2,0,0,1,,medium_quality_setup,REDUCE_DURATION,1,0,0,0
TASK617|VRT|20260310T133000Z|slot_decision_explanation,TASK617|VRT|20260310T133000Z,VRT,2026-03-12 14:30:00+00:00,2026-03-10 13:30:00+00:00,power_grid_electrification,recent_oos,confirmation_required_candidate,setup=medium_quality_setup|catalyst=guidance_margin_upgrade|price=price_confirmed_basic|theme=participating_theme|relation=relation_offsetting,capacity=slot_competition_low|same_entry_candidates=1|active_relations=0|risk=market_stress_proxy|microstructure=SOURCE_PENDING_NOT_USED,0,1,1,1,0,0,1,,medium_quality_setup,REDUCE_DURATION,1,0,0,0
TASK617|ORCL|20260311T133000Z|slot_decision_explanation,TASK617|ORCL|20260311T133000Z,ORCL,2026-03-13 14:30:00+00:00,2026-03-11 13:30:00+00:00,cloud_ai_platforms,recent_oos,confirmation_required_candidate,setup=medium_quality_setup|catalyst=guidance_margin_upgrade|price=price_confirmed_basic|theme=fading_leadership|relation=company_positive_confirmation_needed,capacity=slot_competition_low|same_entry_candidates=4|active_relations=0|risk=market_stress_proxy|microstructure=SOURCE_PENDING_NOT_USED,0,4,1,2,0,0,1,,medium_quality_setup,BASELINE_ALLOWED,1,0,0,0
TASK617|VRT|20260311T134500Z|slot_decision_explanation,TASK617|VRT|20260311T134500Z,VRT,2026-03-13 14:30:00+00:00,2026-03-11 13:45:00+00:00,power_grid_electrification,recent_oos,confirmation_required_candidate,setup=medium_quality_setup|catalyst=guidance_margin_upgrade|price=price_confirmed_basic|theme=participating_theme|relation=relation_offsetting,capacity=slot_competition_low|same_entry_candidates=4|active_relations=0|risk=market_stress_proxy|microstructure=SOURCE_PENDING_NOT_USED,0,4,2,2,0,0,1,,medium_quality_setup,REDUCE_DURATION,1,0,0,0
TASK617|PWR|20260311T134500Z|slot_decision_explanation,TASK617|PWR|20260311T134500Z,PWR,2026-03-13 14:30:00+00:00,2026-03-11 13:45:00+00:00,power_grid_electrification,recent_oos,confirmation_required_candidate,setup=medium_quality_setup|catalyst=guidance_margin_upgrade|price=price_confirmed_basic|theme=participating_theme|relation=relation_offsetting,capacity=slot_competition_low|same_entry_candidates=4|active_relations=0|risk=market_stress_proxy|microstructure=SOURCE_PENDING_NOT_USED,0,4,2,2,0,0,1,,medium_quality_setup,REDUCE_DURATION,1,0,0,0
TASK617|MRNA|20260311T140000Z|slot_decision_explanation,TASK617|MRNA|20260311T140000Z,MRNA,2026-03-13 14:30:00+00:00,2026-03-11 14:00:00+00:00,biotech_glp1_healthcare,recent_oos,confirmation_required_candidate,setup=medium_quality_setup|catalyst=guidance_margin_upgrade|price=price_confirmed_but_extended|theme=participating_theme|relation=company_positive_confirmation_needed,capacity=slot_competition_low|same_entry_candidates=4|active_relations=0|risk=stress_plus_extension_proxy|microstructure=SOURCE_PENDING_NOT_USED,0,4,1,2,0,0,1,,medium_quality_setup,BASELINE_ALLOWED,1,0,0,0
TASK617|PWR|20260312T140000Z|slot_decision_explanation,TASK617|PWR|20260312T140000Z,PWR,2026-03-16 14:30:00+00:00,2026-03-12 14:00:00+00:00,power_grid_electrification,recent_oos,normal_candidate,setup=research_only_setup|catalyst=guidance_margin_upgrade|price=price_confirmed_basic|theme=fading_leadership|relation=relation_sparse_research_only,capacity=slot_competition_low|same_entry_candidates=2|active_relations=0|risk=market_stress_proxy|microstructure=SOURCE_PENDING_NOT_USED,0,2,2,2,0,0,1,,research_only_setup,RESEARCH_ONLY,1,0,0,0
TASK617|VRT|20260312T153000Z|slot_decision_explanation,TASK617|VRT|20260312T153000Z,VRT,2026-03-16 14:30:00+00:00,2026-03-12 15:30:00+00:00,power_grid_electrification,recent_oos,normal_candidate,setup=research_only_setup|catalyst=guidance_margin_upgrade|price=price_confirmed_basic|theme=fading_leadership|relation=relation_sparse_research_only,capacity=slot_competition_low|same_entry_candidates=2|active_relations=0|risk=market_stress_proxy|microstructure=SOURCE_PENDING_NOT_USED,0,2,2,2,0,0,1,,research_only_setup,RESEARCH_ONLY,1,0,0,0
TASK617|VRT|20260316T133000Z|slot_decision_explanation,TASK617|VRT|20260316T133000Z,VRT,2026-03-18 14:30:00+00:00,2026-03-16 13:30:00+00:00,power_grid_electrification,recent_oos,research_only,setup=fragile_setup|catalyst=contract_supply_combo|price=price_confirmed_basic|theme=fading_leadership|relation=relation_offsetting,capacity=slot_competition_low|same_entry_candidates=2|active_relations=0|risk=market_stress_proxy|microstructure=SOURCE_PENDING_NOT_USED,0,2,2,2,0,0,1,,fragile_setup,REDUCE_DURATION,1,0,0,0
TASK617|PWR|20260316T134500Z|slot_decision_explanation,TASK617|PWR|20260316T134500Z,PWR,2026-03-18 14:30:00+00:00,2026-03-16 13:45:00+00:00,power_grid_electrification,recent_oos,research_only,setup=fragile_setup|catalyst=contract_supply_combo|price=price_confirmed_basic|theme=fading_leadership|relation=relation_offsetting,capacity=slot_competition_low|same_entry_candidates=2|active_relations=0|risk=market_stress_proxy|microstructure=SOURCE_PENDING_NOT_USED,0,2,2,2,0,0,1,,fragile_setup,REDUCE_DURATION,1,0,0,0
TASK617|ASTS|20260317T133000Z|slot_decision_explanation,TASK617|ASTS|20260317T133000Z,ASTS,2026-03-19 14:30:00+00:00,2026-03-17 13:30:00+00:00,aerospace_defense_space,recent_oos,normal_candidate,setup=research_only_setup|catalyst=contract_supply_combo|price=price_confirmed_basic|theme=fading_leadership|relation=relation_sparse_research_only,capacity=slot_competition_low|same_entry_candidates=4|active_relations=0|risk=market_stress_proxy|microstructure=SOURCE_PENDING_NOT_USED,0,4,2,3,0,0,1,,research_only_setup,RESEARCH_ONLY,1,0,0,0
TASK617|NET|20260317T133000Z|slot_decision_explanation,TASK617|NET|20260317T133000Z,NET,2026-03-19 14:30:00+00:00,2026-03-17 13:30:00+00:00,cybersecurity,recent_oos,normal_candidate,setup=research_only_setup|catalyst=contract_supply_combo|price=price_confirmed_but_extended|theme=fading_leadership|relation=relation_sparse_research_only,capacity=slot_competition_low|same_entry_candidates=4|active_relations=0|risk=stress_plus_extension_proxy|microstructure=SOURCE_PENDING_NOT_USED,0,4,1,3,0,0,1,,research_only_setup,RESEARCH_ONLY,1,0,0,0
TASK617|VRT|20260317T133000Z|slot_decision_explanation,TASK617|VRT|20260317T133000Z,VRT,2026-03-19 14:30:00+00:00,2026-03-17 13:30:00+00:00,power_grid_electrification,recent_oos,research_only,setup=fragile_setup|catalyst=contract_supply_combo|price=price_confirmed_basic|theme=fading_leadership|relation=relation_offsetting,capacity=slot_competition_low|same_entry_candidates=4|active_relations=0|risk=market_stress_proxy|microstructure=SOURCE_PENDING_NOT_USED,0,4,1,1,0,0,1,,fragile_setup,REDUCE_DURATION,1,0,0,0
TASK617|RKLB|20260317T133000Z|slot_decision_explanation,TASK617|RKLB|20260317T133000Z,RKLB,2026-03-19 14:30:00+00:00,2026-03-17 13:30:00+00:00,aerospace_defense_space,recent_oos,normal_candidate,setup=research_only_setup|catalyst=contract_supply_combo|price=price_confirmed_but_extended|theme=fading_leadership|relation=relation_sparse_research_only,capacity=slot_competition_low|same_entry_candidates=4|active_relations=0|risk=stress_plus_extension_proxy|microstructure=SOURCE_PENDING_NOT_USED,0,4,2,3,0,0,1,,research_only_setup,RESEARCH_ONLY,1,0,0,0
TASK617|GEV|20260318T133000Z|slot_decision_explanation,TASK617|GEV|20260318T133000Z,GEV,2026-03-20 14:30:00+00:00,2026-03-18 13:30:00+00:00,power_grid_electrification,recent_oos,research_only,setup=fragile_setup|catalyst=contract_supply_combo|price=price_confirmed_basic|theme=participating_theme|relation=relation_offsetting,capacity=slot_competition_low|same_entry_candidates=2|active_relations=0|risk=market_stress_proxy|microstructure=SOURCE_PENDING_NOT_USED,0,2,1,1,0,0,1,,fragile_setup,REDUCE_DURATION,1,0,0,0
TASK617|NET|20260318T153000Z|slot_decision_explanation,TASK617|NET|20260318T153000Z,NET,2026-03-20 14:30:00+00:00,2026-03-18 15:30:00+00:00,cybersecurity,recent_oos,normal_candidate,setup=research_only_setup|catalyst=contract_supply_combo|price=price_confirmed_basic|theme=participating_theme|relation=relation_sparse_research_only,capacity=slot_competition_low|same_entry_candidates=2|active_relations=0|risk=market_stress_proxy|microstructure=SOURCE_PENDING_NOT_USED,0,2,1,1,0,0,1,,research_only_setup,RESEARCH_ONLY,1,0,0,0
TASK617|GEV|20260319T134500Z|slot_decision_explanation,TASK617|GEV|20260319T134500Z,GEV,2026-03-23 14:30:00+00:00,2026-03-19 13:45:00+00:00,power_grid_electrification,recent_oos,research_only,setup=fragile_setup|catalyst=contract_supply_combo|price=price_confirmed_basic|theme=participating_theme|relation=relation_offsetting,capacity=slot_competition_low|same_entry_candidates=2|active_relations=0|risk=market_stress_proxy|microstructure=SOURCE_PENDING_NOT_USED,0,2,2,2,0,0,1,,fragile_setup,REDUCE_DURATION,1,0,0,0
TASK617|VRT|20260319T134500Z|slot_decision_explanation,TASK617|VRT|20260319T134500Z,VRT,2026-03-23 14:30:00+00:00,2026-03-19 13:45:00+00:00,power_grid_electrification,recent_oos,research_only,setup=fragile_setup|catalyst=contract_supply_combo|price=price_confirmed_but_extended|theme=participating_theme|relation=relation_offsetting,capacity=slot_competition_low|same_entry_candidates=2|active_relations=0|risk=stress_plus_extension_proxy|microstructure=SOURCE_PENDING_NOT_USED,0,2,2,2,0,0,1,,fragile_setup,REDUCE_DURATION,1,0,0,0
TASK617|ORCL|20260416T133000Z|slot_decision_explanation,TASK617|ORCL|20260416T133000Z,ORCL,2026-04-20 14:30:00+00:00,2026-04-16 13:30:00+00:00,cloud_ai_platforms,recent_oos,priority_candidate,setup=high_quality_setup|catalyst=contract_customer_backlog|price=price_confirmed_basic|theme=participating_theme|relation=company_price_confirmed_macro_secondary,capacity=slot_competition_high|same_entry_candidates=8|active_relations=0|risk=proxy_neutral|microstructure=SOURCE_PENDING_NOT_USED,1,8,2,2,0,0,1,,high_quality_setup,BASELINE_ALLOWED,1,0,0,0
TASK617|AVGO|20260416T133000Z|slot_decision_explanation,TASK617|AVGO|20260416T133000Z,AVGO,2026-04-20 14:30:00+00:00,2026-04-16 13:30:00+00:00,ai_semiconductors,recent_oos,priority_candidate,setup=high_quality_setup|catalyst=contract_customer_backlog|price=price_confirmed_basic|theme=persistent_leadership|relation=relation_reinforcing,capacity=slot_competition_high|same_entry_candidates=8|active_relations=0|risk=proxy_neutral|microstructure=SOURCE_PENDING_NOT_USED,1,8,5,6,0,0,1,,high_quality_setup,STRENGTH_HOLD_CANDIDATE,1,0,0,0
TASK617|NVDA|20260416T143000Z|slot_decision_explanation,TASK617|NVDA|20260416T143000Z,NVDA,2026-04-20 14:30:00+00:00,2026-04-16 14:30:00+00:00,ai_semiconductors,recent_oos,priority_candidate,setup=high_quality_setup|catalyst=contract_customer_backlog|price=price_confirmed_basic|theme=persistent_leadership|relation=relation_reinforcing,capacity=slot_competition_high|same_entry_candidates=8|active_relations=0|risk=proxy_neutral|microstructure=SOURCE_PENDING_NOT_USED,1,8,5,6,0,0,1,,high_quality_setup,STRENGTH_HOLD_CANDIDATE,1,0,0,0
TASK617|ARM|20260416T144500Z|slot_decision_explanation,TASK617|ARM|20260416T144500Z,ARM,2026-04-20 14:30:00+00:00,2026-04-16 14:45:00+00:00,ai_semiconductors,recent_oos,priority_candidate,setup=high_quality_setup|catalyst=contract_customer_backlog|price=price_confirmed_but_extended|theme=persistent_leadership|relation=relation_reinforcing,capacity=slot_competition_high|same_entry_candidates=8|active_relations=0|risk=extension_proxy|microstructure=SOURCE_PENDING_NOT_USED,1,8,5,6,0,0,1,,high_quality_setup,STRENGTH_HOLD_CANDIDATE,1,0,0,0
TASK617|AMD|20260416T144500Z|slot_decision_explanation,TASK617|AMD|20260416T144500Z,AMD,2026-04-20 14:30:00+00:00,2026-04-16 14:45:00+00:00,ai_semiconductors,recent_oos,priority_candidate,setup=high_quality_setup|catalyst=contract_customer_backlog|price=price_confirmed_basic|theme=persistent_leadership|relation=relation_reinforcing,capacity=slot_competition_high|same_entry_candidates=8|active_relations=0|risk=proxy_neutral|microstructure=SOURCE_PENDING_NOT_USED,1,8,5,6,0,0,1,,high_quality_setup,STRENGTH_HOLD_CANDIDATE,1,0,0,0
TASK617|MRVL|20260416T150000Z|slot_decision_explanation,TASK617|MRVL|20260416T150000Z,MRVL,2026-04-20 14:30:00+00:00,2026-04-16 15:00:00+00:00,ai_semiconductors,recent_oos,priority_candidate,setup=high_quality_setup|catalyst=contract_customer_backlog|price=price_confirmed_basic|theme=persistent_leadership|relation=relation_reinforcing,capacity=slot_competition_high|same_entry_candidates=8|active_relations=0|risk=proxy_neutral|microstructure=SOURCE_PENDING_NOT_USED,1,8,5,6,0,0,1,,high_quality_setup,STRENGTH_HOLD_CANDIDATE,1,0,0,0
TASK617|TER|20260416T150000Z|slot_decision_explanation,TASK617|TER|20260416T150000Z,TER,2026-04-20 14:30:00+00:00,2026-04-16 15:00:00+00:00,industrial_automation_robotics,recent_oos,priority_candidate,setup=high_quality_setup|catalyst=contract_customer_backlog|price=price_confirmed_basic|theme=participating_theme|relation=relation_reinforcing,capacity=slot_competition_high|same_entry_candidates=8|active_relations=0|risk=proxy_neutral|microstructure=SOURCE_PENDING_NOT_USED,1,8,1,6,0,0,1,,high_quality_setup,STRENGTH_HOLD_CANDIDATE,1,0,0,0
TASK617|AMZN|20260416T171500Z|slot_decision_explanation,TASK617|AMZN|20260416T171500Z,AMZN,2026-04-20 14:30:00+00:00,2026-04-16 17:15:00+00:00,cloud_ai_platforms,recent_oos,priority_candidate,setup=high_quality_setup|catalyst=contract_customer_backlog|price=price_confirmed_basic|theme=participating_theme|relation=company_price_confirmed_macro_secondary,capacity=slot_competition_high|same_entry_candidates=8|active_relations=0|risk=proxy_neutral|microstructure=SOURCE_PENDING_NOT_USED,1,8,2,2,0,0,1,,high_quality_setup,BASELINE_ALLOWED,1,0,0,0
TASK617|PWR|20260420T133000Z|slot_decision_explanation,TASK617|PWR|20260420T133000Z,PWR,2026-04-22 14:30:00+00:00,2026-04-20 13:30:00+00:00,power_grid_electrification,recent_oos,priority_candidate,setup=high_quality_setup|catalyst=contract_customer_backlog|price=price_confirmed_but_extended|theme=participating_theme|relation=relation_reinforcing,capacity=slot_competition_high|same_entry_candidates=6|active_relations=0|risk=extension_proxy|microstructure=SOURCE_PENDING_NOT_USED,1,6,3,5,0,0,1,,high_quality_setup,STRENGTH_HOLD_CANDIDATE,1,0,0,0
TASK617|ETN|20260420T133000Z|slot_decision_explanation,TASK617|ETN|20260420T133000Z,ETN,2026-04-22 14:30:00+00:00,2026-04-20 13:30:00+00:00,power_grid_electrification,recent_oos,priority_candidate,setup=high_quality_setup|catalyst=contract_customer_backlog|price=price_confirmed_basic|theme=participating_theme|relation=relation_reinforcing,capacity=slot_competition_high|same_entry_candidates=6|active_relations=0|risk=proxy_neutral|microstructure=SOURCE_PENDING_NOT_USED,1,6,3,5,0,0,1,,high_quality_setup,STRENGTH_HOLD_CANDIDATE,1,0,0,0
TASK617|ARM|20260420T151500Z|slot_decision_explanation,TASK617|ARM|20260420T151500Z,ARM,2026-04-22 14:30:00+00:00,2026-04-20 15:15:00+00:00,ai_semiconductors,recent_oos,priority_candidate,setup=high_quality_setup|catalyst=contract_customer_backlog|price=price_confirmed_but_extended|theme=persistent_leadership|relation=relation_reinforcing,capacity=slot_competition_high|same_entry_candidates=6|active_relations=0|risk=extension_proxy|microstructure=SOURCE_PENDING_NOT_USED,1,6,2,5,0,0,1,,high_quality_setup,STRENGTH_HOLD_CANDIDATE,1,0,0,0
TASK617|VRT|20260420T151500Z|slot_decision_explanation,TASK617|VRT|20260420T151500Z,VRT,2026-04-22 14:30:00+00:00,2026-04-20 15:15:00+00:00,power_grid_electrification,recent_oos,priority_candidate,setup=high_quality_setup|catalyst=contract_customer_backlog|price=price_confirmed_basic|theme=participating_theme|relation=relation_reinforcing,capacity=slot_competition_high|same_entry_candidates=6|active_relations=0|risk=proxy_neutral|microstructure=SOURCE_PENDING_NOT_USED,1,6,3,5,0,0,1,,high_quality_setup,STRENGTH_HOLD_CANDIDATE,1,0,0,0
TASK617|MSTR|20260420T171500Z|slot_decision_explanation,TASK617|MSTR|20260420T171500Z,MSTR,2026-04-22 14:30:00+00:00,2026-04-20 17:15:00+00:00,crypto_fintech,recent_oos,priority_candidate,setup=high_quality_setup|catalyst=contract_customer_backlog|price=price_confirmed_basic|theme=persistent_leadership|relation=company_price_confirmed_macro_secondary,capacity=slot_competition_high|same_entry_candidates=6|active_relations=0|risk=proxy_neutral|microstructure=SOURCE_PENDING_NOT_USED,1,6,1,1,0,0,1,,high_quality_setup,BASELINE_ALLOWED,1,0,0,0
TASK617|MRVL|20260420T174500Z|slot_decision_explanation,TASK617|MRVL|20260420T174500Z,MRVL,2026-04-22 14:30:00+00:00,2026-04-20 17:45:00+00:00,ai_semiconductors,recent_oos,priority_candidate,setup=high_quality_setup|catalyst=contract_customer_backlog|price=price_confirmed_basic|theme=persistent_leadership|relation=relation_reinforcing,capacity=slot_competition_high|same_entry_candidates=6|active_relations=0|risk=proxy_neutral|microstructure=SOURCE_PENDING_NOT_USED,1,6,2,5,0,0,1,,high_quality_setup,STRENGTH_HOLD_CANDIDATE,1,0,0,0
TASK617|ORCL|20260421T133000Z|slot_decision_explanation,TASK617|ORCL|20260421T133000Z,ORCL,2026-04-23 14:30:00+00:00,2026-04-21 13:30:00+00:00,cloud_ai_platforms,recent_oos,priority_candidate,setup=high_quality_setup|catalyst=contract_customer_backlog|price=price_confirmed_basic|theme=participating_theme|relation=company_price_confirmed_macro_secondary,capacity=slot_competition_high|same_entry_candidates=7|active_relations=0|risk=proxy_neutral|microstructure=SOURCE_PENDING_NOT_USED,1,7,2,2,0,0,1,,high_quality_setup,BASELINE_ALLOWED,1,0,0,0
TASK617|MRVL|20260421T133000Z|slot_decision_explanation,TASK617|MRVL|20260421T133000Z,MRVL,2026-04-23 14:30:00+00:00,2026-04-21 13:30:00+00:00,ai_semiconductors,recent_oos,priority_candidate,setup=high_quality_setup|catalyst=contract_customer_backlog|price=price_confirmed_basic|theme=persistent_leadership|relation=relation_reinforcing,capacity=slot_competition_high|same_entry_candidates=7|active_relations=0|risk=proxy_neutral|microstructure=SOURCE_PENDING_NOT_USED,1,7,4,5,0,0,1,,high_quality_setup,STRENGTH_HOLD_CANDIDATE,1,0,0,0
TASK617|GOOGL|20260421T133000Z|slot_decision_explanation,TASK617|GOOGL|20260421T133000Z,GOOGL,2026-04-23 14:30:00+00:00,2026-04-21 13:30:00+00:00,cloud_ai_platforms,recent_oos,priority_candidate,setup=high_quality_setup|catalyst=contract_customer_backlog|price=price_confirmed_basic|theme=participating_theme|relation=company_price_confirmed_macro_secondary,capacity=slot_competition_high|same_entry_candidates=7|active_relations=0|risk=proxy_neutral|microstructure=SOURCE_PENDING_NOT_USED,1,7,2,2,0,0,1,,high_quality_setup,BASELINE_ALLOWED,1,0,0,0
TASK617|AMD|20260421T134500Z|slot_decision_explanation,TASK617|AMD|20260421T134500Z,AMD,2026-04-23 14:30:00+00:00,2026-04-21 13:45:00+00:00,ai_semiconductors,recent_oos,priority_candidate,setup=high_quality_setup|catalyst=contract_customer_backlog|price=price_confirmed_basic|theme=persistent_leadership|relation=relation_reinforcing,capacity=slot_competition_high|same_entry_candidates=7|active_relations=0|risk=proxy_neutral|microstructure=SOURCE_PENDING_NOT_USED,1,7,4,5,0,0,1,,high_quality_setup,STRENGTH_HOLD_CANDIDATE,1,0,0,0
TASK617|ARM|20260421T140000Z|slot_decision_explanation,TASK617|ARM|20260421T140000Z,ARM,2026-04-23 14:30:00+00:00,2026-04-21 14:00:00+00:00,ai_semiconductors,recent_oos,priority_candidate,setup=high_quality_setup|catalyst=contract_customer_backlog|price=price_confirmed_basic|theme=persistent_leadership|relation=relation_reinforcing,capacity=slot_competition_high|same_entry_candidates=7|active_relations=0|risk=proxy_neutral|microstructure=SOURCE_PENDING_NOT_USED,1,7,4,5,0,0,1,,high_quality_setup,STRENGTH_HOLD_CANDIDATE,1,0,0,0
TASK617|ETN|20260421T140000Z|slot_decision_explanation,TASK617|ETN|20260421T140000Z,ETN,2026-04-23 14:30:00+00:00,2026-04-21 14:00:00+00:00,power_grid_electrification,recent_oos,priority_candidate,setup=high_quality_setup|catalyst=contract_customer_backlog|price=price_confirmed_basic|theme=participating_theme|relation=relation_reinforcing,capacity=slot_competition_high|same_entry_candidates=7|active_relations=0|risk=proxy_neutral|microstructure=SOURCE_PENDING_NOT_USED,1,7,1,5,0,0,1,,high_quality_setup,STRENGTH_HOLD_CANDIDATE,1,0,0,0
TASK617|AVGO|20260421T150000Z|slot_decision_explanation,TASK617|AVGO|20260421T150000Z,AVGO,2026-04-23 14:30:00+00:00,2026-04-21 15:00:00+00:00,ai_semiconductors,recent_oos,priority_candidate,setup=high_quality_setup|catalyst=contract_customer_backlog|price=price_confirmed_but_extended|theme=persistent_leadership|relation=relation_reinforcing,capacity=slot_competition_high|same_entry_candidates=7|active_relations=0|risk=extension_proxy|microstructure=SOURCE_PENDING_NOT_USED,1,7,4,5,0,0,1,,high_quality_setup,STRENGTH_HOLD_CANDIDATE,1,0,0,0
TASK617|TSM|20260422T133000Z|slot_decision_explanation,TASK617|TSM|20260422T133000Z,TSM,2026-04-24 14:30:00+00:00,2026-04-22 13:30:00+00:00,ai_semiconductors,recent_oos,priority_candidate,setup=high_quality_setup|catalyst=contract_customer_backlog|price=price_confirmed_basic|theme=persistent_leadership|relation=relation_reinforcing,capacity=slot_competition_very_high|same_entry_candidates=18|active_relations=0|risk=proxy_neutral|microstructure=SOURCE_PENDING_NOT_USED,1,18,6,10,0,0,1,,high_quality_setup,STRENGTH_HOLD_CANDIDATE,1,0,0,0
TASK617|PWR|20260422T133000Z|slot_decision_explanation,TASK617|PWR|20260422T133000Z,PWR,2026-04-24 14:30:00+00:00,2026-04-22 13:30:00+00:00,power_grid_electrification,recent_oos,priority_candidate,setup=high_quality_setup|catalyst=contract_customer_backlog|price=price_confirmed_basic|theme=participating_theme|relation=relation_reinforcing,capacity=slot_competition_very_high|same_entry_candidates=18|active_relations=0|risk=proxy_neutral|microstructure=SOURCE_PENDING_NOT_USED,1,18,3,10,0,0,1,,high_quality_setup,STRENGTH_HOLD_CANDIDATE,1,0,0,0
TASK617|VRT|20260422T133000Z|slot_decision_explanation,TASK617|VRT|20260422T133000Z,VRT,2026-04-24 14:30:00+00:00,2026-04-22 13:30:00+00:00,power_grid_electrification,recent_oos,priority_candidate,setup=high_quality_setup|catalyst=contract_customer_backlog|price=price_confirmed_basic|theme=participating_theme|relation=relation_reinforcing,capacity=slot_competition_very_high|same_entry_candidates=18|active_relations=0|risk=high_liquidity_momentum_proxy|microstructure=SOURCE_PENDING_NOT_USED,1,18,3,10,0,0,1,,high_quality_setup,STRENGTH_HOLD_CANDIDATE,1,0,0,0
TASK617|ISRG|20260422T133000Z|slot_decision_explanation,TASK617|ISRG|20260422T133000Z,ISRG,2026-04-24 14:30:00+00:00,2026-04-22 13:30:00+00:00,biotech_glp1_healthcare,recent_oos,confirmation_required_candidate,setup=medium_quality_setup|catalyst=contract_customer_backlog|price=price_confirmed_but_extended|theme=fading_leadership|relation=company_price_confirmed_macro_secondary,capacity=slot_competition_very_high|same_entry_candidates=18|active_relations=0|risk=extension_proxy|microstructure=SOURCE_PENDING_NOT_USED,1,18,2,8,0,0,1,,medium_quality_setup,BASELINE_ALLOWED,1,0,0,0
TASK617|GEV|20260422T133000Z|slot_decision_explanation,TASK617|GEV|20260422T133000Z,GEV,2026-04-24 14:30:00+00:00,2026-04-22 13:30:00+00:00,power_grid_electrification,recent_oos,priority_candidate,setup=high_quality_setup|catalyst=contract_customer_backlog|price=price_confirmed_but_extended|theme=participating_theme|relation=relation_reinforcing,capacity=slot_competition_very_high|same_entry_candidates=18|active_relations=0|risk=extension_proxy|microstructure=SOURCE_PENDING_NOT_USED,1,18,3,10,0,0,1,,high_quality_setup,STRENGTH_HOLD_CANDIDATE,1,0,0,0
TASK617|MSTR|20260422T133000Z|slot_decision_explanation,TASK617|MSTR|20260422T133000Z,MSTR,2026-04-24 14:30:00+00:00,2026-04-22 13:30:00+00:00,crypto_fintech,recent_oos,priority_candidate,setup=high_quality_setup|catalyst=contract_customer_backlog|price=price_confirmed_basic|theme=persistent_leadership|relation=company_price_confirmed_macro_secondary,capacity=slot_competition_very_high|same_entry_candidates=18|active_relations=0|risk=proxy_neutral|microstructure=SOURCE_PENDING_NOT_USED,1,18,1,8,0,0,1,,high_quality_setup,BASELINE_ALLOWED,1,0,0,0
TASK617|NOW|20260422T134500Z|slot_decision_explanation,TASK617|NOW|20260422T134500Z,NOW,2026-04-24 14:30:00+00:00,2026-04-22 13:45:00+00:00,cloud_ai_platforms,recent_oos,priority_candidate,setup=high_quality_setup|catalyst=contract_customer_backlog|price=price_confirmed_basic|theme=emerging_leadership|relation=company_price_confirmed_macro_secondary,capacity=slot_competition_very_high|same_entry_candidates=18|active_relations=0|risk=proxy_neutral|microstructure=SOURCE_PENDING_NOT_USED,1,18,4,8,0,0,1,,high_quality_setup,BASELINE_ALLOWED,1,0,0,0
TASK617|PANW|20260422T134500Z|slot_decision_explanation,TASK617|PANW|20260422T134500Z,PANW,2026-04-24 14:30:00+00:00,2026-04-22 13:45:00+00:00,cybersecurity,recent_oos,priority_candidate,setup=medium_quality_setup|catalyst=contract_customer_backlog|price=price_confirmed_basic|theme=participating_theme|relation=relation_reinforcing,capacity=slot_competition_very_high|same_entry_candidates=18|active_relations=0|risk=proxy_neutral|microstructure=SOURCE_PENDING_NOT_USED,1,18,1,10,0,0,1,,medium_quality_setup,STRENGTH_HOLD_CANDIDATE,1,0,0,0
TASK617|ARM|20260422T140000Z|slot_decision_explanation,TASK617|ARM|20260422T140000Z,ARM,2026-04-24 14:30:00+00:00,2026-04-22 14:00:00+00:00,ai_semiconductors,recent_oos,priority_candidate,setup=high_quality_setup|catalyst=contract_customer_backlog|price=price_confirmed_basic|theme=persistent_leadership|relation=relation_reinforcing,capacity=slot_competition_very_high|same_entry_candidates=18|active_relations=0|risk=proxy_neutral|microstructure=SOURCE_PENDING_NOT_USED,1,18,6,10,0,0,1,,high_quality_setup,STRENGTH_HOLD_CANDIDATE,1,0,0,0
TASK617|AMZN|20260422T140000Z|slot_decision_explanation,TASK617|AMZN|20260422T140000Z,AMZN,2026-04-24 14:30:00+00:00,2026-04-22 14:00:00+00:00,cloud_ai_platforms,recent_oos,priority_candidate,setup=high_quality_setup|catalyst=contract_customer_backlog|price=price_confirmed_basic|theme=emerging_leadership|relation=company_price_confirmed_macro_secondary,capacity=slot_competition_very_high|same_entry_candidates=18|active_relations=0|risk=proxy_neutral|microstructure=SOURCE_PENDING_NOT_USED,1,18,4,8,0,0,1,,high_quality_setup,BASELINE_ALLOWED,1,0,0,0
TASK617|AVGO|20260422T140000Z|slot_decision_explanation,TASK617|AVGO|20260422T140000Z,AVGO,2026-04-24 14:30:00+00:00,2026-04-22 14:00:00+00:00,ai_semiconductors,recent_oos,priority_candidate,setup=high_quality_setup|catalyst=contract_customer_backlog|price=price_confirmed_basic|theme=persistent_leadership|relation=relation_reinforcing,capacity=slot_competition_very_high|same_entry_candidates=18|active_relations=0|risk=proxy_neutral|microstructure=SOURCE_PENDING_NOT_USED,1,18,6,10,0,0,1,,high_quality_setup,STRENGTH_HOLD_CANDIDATE,1,0,0,0
TASK617|ORCL|20260422T140000Z|slot_decision_explanation,TASK617|ORCL|20260422T140000Z,ORCL,2026-04-24 14:30:00+00:00,2026-04-22 14:00:00+00:00,cloud_ai_platforms,recent_oos,priority_candidate,setup=high_quality_setup|catalyst=contract_customer_backlog|price=price_confirmed_basic|theme=emerging_leadership|relation=company_price_confirmed_macro_secondary,capacity=slot_competition_very_high|same_entry_candidates=18|active_relations=0|risk=proxy_neutral|microstructure=SOURCE_PENDING_NOT_USED,1,18,4,8,0,0,1,,high_quality_setup,BASELINE_ALLOWED,1,0,0,0
TASK617|GOOGL|20260422T141500Z|slot_decision_explanation,TASK617|GOOGL|20260422T141500Z,GOOGL,2026-04-24 14:30:00+00:00,2026-04-22 14:15:00+00:00,cloud_ai_platforms,recent_oos,priority_candidate,setup=high_quality_setup|catalyst=contract_customer_backlog|price=price_confirmed_basic|theme=emerging_leadership|relation=company_price_confirmed_macro_secondary,capacity=slot_competition_very_high|same_entry_candidates=18|active_relations=0|risk=proxy_neutral|microstructure=SOURCE_PENDING_NOT_USED,1,18,4,8,0,0,1,,high_quality_setup,BASELINE_ALLOWED,1,0,0,0
TASK617|MRNA|20260422T141500Z|slot_decision_explanation,TASK617|MRNA|20260422T141500Z,MRNA,2026-04-24 14:30:00+00:00,2026-04-22 14:15:00+00:00,biotech_glp1_healthcare,recent_oos,confirmation_required_candidate,setup=medium_quality_setup|catalyst=contract_customer_backlog|price=price_confirmed_basic|theme=fading_leadership|relation=company_price_confirmed_macro_secondary,capacity=slot_competition_very_high|same_entry_candidates=18|active_relations=0|risk=proxy_neutral|microstructure=SOURCE_PENDING_NOT_USED,1,18,2,8,0,0,1,,medium_quality_setup,BASELINE_ALLOWED,1,0,0,0
TASK617|AMD|20260422T141500Z|slot_decision_explanation,TASK617|AMD|20260422T141500Z,AMD,2026-04-24 14:30:00+00:00,2026-04-22 14:15:00+00:00,ai_semiconductors,recent_oos,priority_candidate,setup=high_quality_setup|catalyst=contract_customer_backlog|price=price_confirmed_basic|theme=persistent_leadership|relation=relation_reinforcing,capacity=slot_competition_very_high|same_entry_candidates=18|active_relations=0|risk=proxy_neutral|microstructure=SOURCE_PENDING_NOT_USED,1,18,6,10,0,0,1,,high_quality_setup,STRENGTH_HOLD_CANDIDATE,1,0,0,0
TASK617|MRVL|20260422T143000Z|slot_decision_explanation,TASK617|MRVL|20260422T143000Z,MRVL,2026-04-24 14:30:00+00:00,2026-04-22 14:30:00+00:00,ai_semiconductors,recent_oos,priority_candidate,setup=high_quality_setup|catalyst=contract_customer_backlog|price=price_confirmed_basic|theme=persistent_leadership|relation=relation_reinforcing,capacity=slot_competition_very_high|same_entry_candidates=18|active_relations=0|risk=proxy_neutral|microstructure=SOURCE_PENDING_NOT_USED,1,18,6,10,0,0,1,,high_quality_setup,STRENGTH_HOLD_CANDIDATE,1,0,0,0
TASK617|NVDA|20260422T151500Z|slot_decision_explanation,TASK617|NVDA|20260422T151500Z,NVDA,2026-04-24 14:30:00+00:00,2026-04-22 15:15:00+00:00,ai_semiconductors,recent_oos,priority_candidate,setup=high_quality_setup|catalyst=contract_customer_backlog|price=price_confirmed_basic|theme=persistent_leadership|relation=relation_reinforcing,capacity=slot_competition_very_high|same_entry_candidates=18|active_relations=0|risk=proxy_neutral|microstructure=SOURCE_PENDING_NOT_USED,1,18,6,10,0,0,1,,high_quality_setup,STRENGTH_HOLD_CANDIDATE,1,0,0,0
TASK617|RIVN|20260422T153000Z|slot_decision_explanation,TASK617|RIVN|20260422T153000Z,RIVN,2026-04-24 14:30:00+00:00,2026-04-22 15:30:00+00:00,ev_autonomy_mobility,recent_oos,confirmation_required_candidate,setup=medium_quality_setup|catalyst=contract_customer_backlog|price=price_confirmed_basic|theme=fading_leadership|relation=company_price_confirmed_macro_secondary,capacity=slot_competition_very_high|same_entry_candidates=18|active_relations=0|risk=proxy_neutral|microstructure=SOURCE_PENDING_NOT_USED,1,18,1,8,0,0,1,,medium_quality_setup,BASELINE_ALLOWED,1,0,0,0
TASK617|PWR|20260423T133000Z|slot_decision_explanation,TASK617|PWR|20260423T133000Z,PWR,2026-04-27 14:30:00+00:00,2026-04-23 13:30:00+00:00,power_grid_electrification,recent_oos,priority_candidate,setup=high_quality_setup|catalyst=contract_supply_combo|price=price_confirmed_basic|theme=emerging_leadership|relation=relation_reinforcing,capacity=slot_competition_very_high|same_entry_candidates=12|active_relations=0|risk=proxy_neutral|microstructure=SOURCE_PENDING_NOT_USED,1,12,5,11,0,0,1,,high_quality_setup,STRENGTH_HOLD_CANDIDATE,1,0,0,0
TASK617|AMD|20260423T133000Z|slot_decision_explanation,TASK617|AMD|20260423T133000Z,AMD,2026-04-27 14:30:00+00:00,2026-04-23 13:30:00+00:00,ai_semiconductors,recent_oos,priority_candidate,setup=high_quality_setup|catalyst=contract_supply_combo|price=price_confirmed_basic|theme=persistent_leadership|relation=relation_reinforcing,capacity=slot_competition_very_high|same_entry_candidates=12|active_relations=0|risk=proxy_neutral|microstructure=SOURCE_PENDING_NOT_USED,1,12,5,11,0,0,1,,high_quality_setup,STRENGTH_HOLD_CANDIDATE,1,0,0,0
TASK617|TER|20260423T133000Z|slot_decision_explanation,TASK617|TER|20260423T133000Z,TER,2026-04-27 14:30:00+00:00,2026-04-23 13:30:00+00:00,industrial_automation_robotics,recent_oos,priority_candidate,setup=high_quality_setup|catalyst=contract_supply_combo|price=price_confirmed_basic|theme=participating_theme|relation=relation_reinforcing,capacity=slot_competition_very_high|same_entry_candidates=12|active_relations=0|risk=proxy_neutral|microstructure=SOURCE_PENDING_NOT_USED,1,12,1,11,0,0,1,,high_quality_setup,STRENGTH_HOLD_CANDIDATE,1,0,0,0
TASK617|VRT|20260423T133000Z|slot_decision_explanation,TASK617|VRT|20260423T133000Z,VRT,2026-04-27 14:30:00+00:00,2026-04-23 13:30:00+00:00,power_grid_electrification,recent_oos,priority_candidate,setup=high_quality_setup|catalyst=contract_supply_combo|price=price_confirmed_basic|theme=emerging_leadership|relation=relation_reinforcing,capacity=slot_competition_very_high|same_entry_candidates=12|active_relations=0|risk=high_liquidity_momentum_proxy|microstructure=SOURCE_PENDING_NOT_USED,1,12,5,11,0,0,1,,high_quality_setup,STRENGTH_HOLD_CANDIDATE,1,0,0,0
TASK617|ETN|20260423T133000Z|slot_decision_explanation,TASK617|ETN|20260423T133000Z,ETN,2026-04-27 14:30:00+00:00,2026-04-23 13:30:00+00:00,power_grid_electrification,recent_oos,priority_candidate,setup=high_quality_setup|catalyst=contract_supply_combo|price=price_confirmed_basic|theme=emerging_leadership|relation=relation_reinforcing,capacity=slot_competition_very_high|same_entry_candidates=12|active_relations=0|risk=proxy_neutral|microstructure=SOURCE_PENDING_NOT_USED,1,12,5,11,0,0,1,,high_quality_setup,STRENGTH_HOLD_CANDIDATE,1,0,0,0
TASK617|AVGO|20260423T133000Z|slot_decision_explanation,TASK617|AVGO|20260423T133000Z,AVGO,2026-04-27 14:30:00+00:00,2026-04-23 13:30:00+00:00,ai_semiconductors,recent_oos,priority_candidate,setup=high_quality_setup|catalyst=contract_supply_combo|price=price_confirmed_basic|theme=persistent_leadership|relation=relation_reinforcing,capacity=slot_competition_very_high|same_entry_candidates=12|active_relations=0|risk=proxy_neutral|microstructure=SOURCE_PENDING_NOT_USED,1,12,5,11,0,0,1,,high_quality_setup,STRENGTH_HOLD_CANDIDATE,1,0,0,0
TASK617|GEV|20260423T134500Z|slot_decision_explanation,TASK617|GEV|20260423T134500Z,GEV,2026-04-27 14:30:00+00:00,2026-04-23 13:45:00+00:00,power_grid_electrification,recent_oos,priority_candidate,setup=high_quality_setup|catalyst=contract_supply_combo|price=price_confirmed_basic|theme=emerging_leadership|relation=relation_reinforcing,capacity=slot_competition_very_high|same_entry_candidates=12|active_relations=0|risk=proxy_neutral|microstructure=SOURCE_PENDING_NOT_USED,1,12,5,11,0,0,1,,high_quality_setup,STRENGTH_HOLD_CANDIDATE,1,0,0,0
TASK617|ARM|20260423T141500Z|slot_decision_explanation,TASK617|ARM|20260423T141500Z,ARM,2026-04-27 14:30:00+00:00,2026-04-23 14:15:00+00:00,ai_semiconductors,recent_oos,priority_candidate,setup=high_quality_setup|catalyst=contract_supply_combo|price=price_confirmed_basic|theme=persistent_leadership|relation=relation_reinforcing,capacity=slot_competition_very_high|same_entry_candidates=12|active_relations=0|risk=proxy_neutral|microstructure=SOURCE_PENDING_NOT_USED,1,12,5,11,0,0,1,,high_quality_setup,STRENGTH_HOLD_CANDIDATE,1,0,0,0
TASK617|AMZN|20260423T143000Z|slot_decision_explanation,TASK617|AMZN|20260423T143000Z,AMZN,2026-04-27 14:30:00+00:00,2026-04-23 14:30:00+00:00,cloud_ai_platforms,recent_oos,priority_candidate,setup=high_quality_setup|catalyst=contract_supply_combo|price=price_confirmed_basic|theme=participating_theme|relation=company_price_confirmed_macro_secondary,capacity=slot_competition_very_high|same_entry_candidates=12|active_relations=0|risk=high_liquidity_momentum_proxy|microstructure=SOURCE_PENDING_NOT_USED,1,12,1,1,0,0,1,,high_quality_setup,BASELINE_ALLOWED,1,0,0,0
TASK617|TSM|20260423T144500Z|slot_decision_explanation,TASK617|TSM|20260423T144500Z,TSM,2026-04-27 14:30:00+00:00,2026-04-23 14:45:00+00:00,ai_semiconductors,recent_oos,priority_candidate,setup=high_quality_setup|catalyst=contract_supply_combo|price=price_confirmed_basic|theme=persistent_leadership|relation=relation_reinforcing,capacity=slot_competition_very_high|same_entry_candidates=12|active_relations=0|risk=proxy_neutral|microstructure=SOURCE_PENDING_NOT_USED,1,12,5,11,0,0,1,,high_quality_setup,STRENGTH_HOLD_CANDIDATE,1,0,0,0
TASK617|MRVL|20260423T150000Z|slot_decision_explanation,TASK617|MRVL|20260423T150000Z,MRVL,2026-04-27 14:30:00+00:00,2026-04-23 15:00:00+00:00,ai_semiconductors,recent_oos,priority_candidate,setup=high_quality_setup|catalyst=contract_supply_combo|price=price_confirmed_but_extended|theme=persistent_leadership|relation=relation_reinforcing,capacity=slot_competition_very_high|same_entry_candidates=12|active_relations=0|risk=extension_proxy|microstructure=SOURCE_PENDING_NOT_USED,1,12,5,11,0,0,1,,high_quality_setup,STRENGTH_HOLD_CANDIDATE,1,0,0,0
TASK617|NEE|20260423T153000Z|slot_decision_explanation,TASK617|NEE|20260423T153000Z,NEE,2026-04-27 14:30:00+00:00,2026-04-23 15:30:00+00:00,power_grid_electrification,recent_oos,priority_candidate,setup=high_quality_setup|catalyst=contract_supply_combo|price=price_confirmed_basic|theme=emerging_leadership|relation=relation_reinforcing,capacity=slot_competition_very_high|same_entry_candidates=12|active_relations=0|risk=high_liquidity_momentum_proxy|microstructure=SOURCE_PENDING_NOT_USED,1,12,5,11,0,0,1,,high_quality_setup,STRENGTH_HOLD_CANDIDATE,1,0,0,0
TASK617|PANW|20260427T133000Z|slot_decision_explanation,TASK617|PANW|20260427T133000Z,PANW,2026-04-29 14:30:00+00:00,2026-04-27 13:30:00+00:00,cybersecurity,recent_oos,priority_candidate,setup=high_quality_setup|catalyst=contract_supply_combo|price=price_confirmed_basic|theme=participating_theme|relation=relation_reinforcing,capacity=slot_competition_high|same_entry_candidates=7|active_relations=0|risk=proxy_neutral|microstructure=SOURCE_PENDING_NOT_USED,1,7,3,5,0,0,1,,high_quality_setup,STRENGTH_HOLD_CANDIDATE,1,0,0,0
TASK617|GOOGL|20260427T134500Z|slot_decision_explanation,TASK617|GOOGL|20260427T134500Z,GOOGL,2026-04-29 14:30:00+00:00,2026-04-27 13:45:00+00:00,cloud_ai_platforms,recent_oos,priority_candidate,setup=high_quality_setup|catalyst=contract_supply_combo|price=price_confirmed_basic|theme=emerging_leadership|relation=company_price_confirmed_macro_secondary,capacity=slot_competition_high|same_entry_candidates=7|active_relations=0|risk=proxy_neutral|microstructure=SOURCE_PENDING_NOT_USED,1,7,2,2,0,0,1,,high_quality_setup,BASELINE_ALLOWED,1,0,0,0
TASK617|MSFT|20260427T141500Z|slot_decision_explanation,TASK617|MSFT|20260427T141500Z,MSFT,2026-04-29 14:30:00+00:00,2026-04-27 14:15:00+00:00,cloud_ai_platforms,recent_oos,priority_candidate,setup=high_quality_setup|catalyst=contract_supply_combo|price=price_confirmed_but_extended|theme=emerging_leadership|relation=company_price_confirmed_macro_secondary,capacity=slot_competition_high|same_entry_candidates=7|active_relations=0|risk=extension_proxy|microstructure=SOURCE_PENDING_NOT_USED,1,7,2,2,0,0,1,,high_quality_setup,BASELINE_ALLOWED,1,0,0,0
TASK617|FTNT|20260427T141500Z|slot_decision_explanation,TASK617|FTNT|20260427T141500Z,FTNT,2026-04-29 14:30:00+00:00,2026-04-27 14:15:00+00:00,cybersecurity,recent_oos,priority_candidate,setup=high_quality_setup|catalyst=contract_supply_combo|price=price_confirmed_but_extended|theme=participating_theme|relation=relation_reinforcing,capacity=slot_competition_high|same_entry_candidates=7|active_relations=0|risk=extension_proxy|microstructure=SOURCE_PENDING_NOT_USED,1,7,3,5,0,0,1,,high_quality_setup,STRENGTH_HOLD_CANDIDATE,1,0,0,0
TASK617|CRWD|20260427T141500Z|slot_decision_explanation,TASK617|CRWD|20260427T141500Z,CRWD,2026-04-29 14:30:00+00:00,2026-04-27 14:15:00+00:00,cybersecurity,recent_oos,priority_candidate,setup=high_quality_setup|catalyst=contract_supply_combo|price=price_confirmed_but_extended|theme=participating_theme|relation=relation_reinforcing,capacity=slot_competition_high|same_entry_candidates=7|active_relations=0|risk=extension_proxy|microstructure=SOURCE_PENDING_NOT_USED,1,7,3,5,0,0,1,,high_quality_setup,STRENGTH_HOLD_CANDIDATE,1,0,0,0
TASK617|PWR|20260427T154500Z|slot_decision_explanation,TASK617|PWR|20260427T154500Z,PWR,2026-04-29 14:30:00+00:00,2026-04-27 15:45:00+00:00,power_grid_electrification,recent_oos,priority_candidate,setup=high_quality_setup|catalyst=contract_supply_combo|price=price_confirmed_basic|theme=participating_theme|relation=relation_reinforcing,capacity=slot_competition_high|same_entry_candidates=7|active_relations=0|risk=proxy_neutral|microstructure=SOURCE_PENDING_NOT_USED,1,7,1,5,0,0,1,,high_quality_setup,STRENGTH_HOLD_CANDIDATE,1,0,0,0
TASK617|NVDA|20260427T161500Z|slot_decision_explanation,TASK617|NVDA|20260427T161500Z,NVDA,2026-04-29 14:30:00+00:00,2026-04-27 16:15:00+00:00,ai_semiconductors,recent_oos,priority_candidate,setup=high_quality_setup|catalyst=contract_supply_combo|price=price_confirmed_basic|theme=persistent_leadership|relation=relation_reinforcing,capacity=slot_competition_high|same_entry_candidates=7|active_relations=0|risk=proxy_neutral|microstructure=SOURCE_PENDING_NOT_USED,1,7,1,5,0,0,1,,high_quality_setup,STRENGTH_HOLD_CANDIDATE,1,0,0,0
TASK617|TEAM|20260504T134500Z|slot_decision_explanation,TASK617|TEAM|20260504T134500Z,TEAM,2026-05-06 14:30:00+00:00,2026-05-04 13:45:00+00:00,data_devops_software,recent_oos,priority_candidate,setup=high_quality_setup|catalyst=guidance_margin_upgrade|price=price_confirmed_but_extended|theme=participating_theme|relation=relation_reinforcing,capacity=slot_competition_low|same_entry_candidates=2|active_relations=0|risk=extension_proxy|microstructure=SOURCE_PENDING_NOT_USED,0,2,2,2,0,0,1,,high_quality_setup,STRENGTH_HOLD_CANDIDATE,1,0,0,0
TASK617|DDOG|20260504T140000Z|slot_decision_explanation,TASK617|DDOG|20260504T140000Z,DDOG,2026-05-06 14:30:00+00:00,2026-05-04 14:00:00+00:00,data_devops_software,recent_oos,priority_candidate,setup=high_quality_setup|catalyst=guidance_margin_upgrade|price=price_confirmed_but_extended|theme=participating_theme|relation=relation_reinforcing,capacity=slot_competition_low|same_entry_candidates=2|active_relations=0|risk=extension_proxy|microstructure=SOURCE_PENDING_NOT_USED,0,2,2,2,0,0,1,,high_quality_setup,STRENGTH_HOLD_CANDIDATE,1,0,0,0
TASK617|MSTR|20260506T133000Z|slot_decision_explanation,TASK617|MSTR|20260506T133000Z,MSTR,2026-05-08 14:30:00+00:00,2026-05-06 13:30:00+00:00,crypto_fintech,recent_oos,priority_candidate,setup=high_quality_setup|catalyst=contract_customer_backlog|price=price_confirmed_basic|theme=persistent_leadership|relation=company_price_confirmed_macro_secondary,capacity=slot_competition_very_high|same_entry_candidates=21|active_relations=0|risk=proxy_neutral|microstructure=SOURCE_PENDING_NOT_USED,1,21,2,7,0,0,1,,high_quality_setup,BASELINE_ALLOWED,1,0,0,0
TASK617|AMD|20260506T133000Z|slot_decision_explanation,TASK617|AMD|20260506T133000Z,AMD,2026-05-08 14:30:00+00:00,2026-05-06 13:30:00+00:00,ai_semiconductors,recent_oos,priority_candidate,setup=high_quality_setup|catalyst=contract_customer_backlog|price=price_confirmed_but_extended|theme=persistent_leadership|relation=relation_reinforcing,capacity=slot_competition_very_high|same_entry_candidates=21|active_relations=0|risk=extension_proxy|microstructure=SOURCE_PENDING_NOT_USED,1,21,5,10,0,0,1,,high_quality_setup,STRENGTH_HOLD_CANDIDATE,1,0,0,0
TASK617|NVDA|20260506T133000Z|slot_decision_explanation,TASK617|NVDA|20260506T133000Z,NVDA,2026-05-08 14:30:00+00:00,2026-05-06 13:30:00+00:00,ai_semiconductors,recent_oos,priority_candidate,setup=high_quality_setup|catalyst=contract_customer_backlog|price=price_confirmed_basic|theme=persistent_leadership|relation=relation_reinforcing,capacity=slot_competition_very_high|same_entry_candidates=21|active_relations=0|risk=high_liquidity_momentum_proxy|microstructure=SOURCE_PENDING_NOT_USED,1,21,5,10,0,0,1,,high_quality_setup,STRENGTH_HOLD_CANDIDATE,1,0,0,0
TASK617|TSM|20260506T133000Z|slot_decision_explanation,TASK617|TSM|20260506T133000Z,TSM,2026-05-08 14:30:00+00:00,2026-05-06 13:30:00+00:00,ai_semiconductors,recent_oos,priority_candidate,setup=high_quality_setup|catalyst=contract_customer_backlog|price=price_confirmed_basic|theme=persistent_leadership|relation=relation_reinforcing,capacity=slot_competition_very_high|same_entry_candidates=21|active_relations=0|risk=high_liquidity_momentum_proxy|microstructure=SOURCE_PENDING_NOT_USED,1,21,5,10,0,0,1,,high_quality_setup,STRENGTH_HOLD_CANDIDATE,1,0,0,0
TASK617|MSFT|20260506T134500Z|slot_decision_explanation,TASK617|MSFT|20260506T134500Z,MSFT,2026-05-08 14:30:00+00:00,2026-05-06 13:45:00+00:00,cloud_ai_platforms,recent_oos,priority_candidate,setup=high_quality_setup|catalyst=contract_customer_backlog|price=price_confirmed_basic|theme=participating_theme|relation=company_price_confirmed_macro_secondary,capacity=slot_competition_very_high|same_entry_candidates=21|active_relations=0|risk=proxy_neutral|microstructure=SOURCE_PENDING_NOT_USED,1,21,4,7,0,0,1,,high_quality_setup,BASELINE_ALLOWED,1,0,0,0
TASK617|PANW|20260506T134500Z|slot_decision_explanation,TASK617|PANW|20260506T134500Z,PANW,2026-05-08 14:30:00+00:00,2026-05-06 13:45:00+00:00,cybersecurity,recent_oos,normal_candidate,setup=research_only_setup|catalyst=contract_customer_backlog|price=price_confirmed_basic|theme=participating_theme|relation=relation_sparse_research_only,capacity=slot_competition_very_high|same_entry_candidates=21|active_relations=0|risk=proxy_neutral|microstructure=SOURCE_PENDING_NOT_USED,1,21,4,4,0,0,1,,research_only_setup,RESEARCH_ONLY,1,0,0,0
TASK617|CRWD|20260506T140000Z|slot_decision_explanation,TASK617|CRWD|20260506T140000Z,CRWD,2026-05-08 14:30:00+00:00,2026-05-06 14:00:00+00:00,cybersecurity,recent_oos,normal_candidate,setup=research_only_setup|catalyst=contract_customer_backlog|price=price_confirmed_basic|theme=participating_theme|relation=relation_sparse_research_only,capacity=slot_competition_very_high|same_entry_candidates=21|active_relations=0|risk=proxy_neutral|microstructure=SOURCE_PENDING_NOT_USED,1,21,4,4,0,0,1,,research_only_setup,RESEARCH_ONLY,1,0,0,0
TASK617|FTNT|20260506T140000Z|slot_decision_explanation,TASK617|FTNT|20260506T140000Z,FTNT,2026-05-08 14:30:00+00:00,2026-05-06 14:00:00+00:00,cybersecurity,recent_oos,normal_candidate,setup=research_only_setup|catalyst=contract_customer_backlog|price=price_confirmed_basic|theme=participating_theme|relation=relation_sparse_research_only,capacity=slot_competition_very_high|same_entry_candidates=21|active_relations=0|risk=proxy_neutral|microstructure=SOURCE_PENDING_NOT_USED,1,21,4,4,0,0,1,,research_only_setup,RESEARCH_ONLY,1,0,0,0
TASK617|ORCL|20260506T140000Z|slot_decision_explanation,TASK617|ORCL|20260506T140000Z,ORCL,2026-05-08 14:30:00+00:00,2026-05-06 14:00:00+00:00,cloud_ai_platforms,recent_oos,priority_candidate,setup=high_quality_setup|catalyst=contract_customer_backlog|price=price_confirmed_basic|theme=participating_theme|relation=company_price_confirmed_macro_secondary,capacity=slot_competition_very_high|same_entry_candidates=21|active_relations=0|risk=proxy_neutral|microstructure=SOURCE_PENDING_NOT_USED,1,21,4,7,0,0,1,,high_quality_setup,BASELINE_ALLOWED,1,0,0,0
TASK617|UBER|20260506T140000Z|slot_decision_explanation,TASK617|UBER|20260506T140000Z,UBER,2026-05-08 14:30:00+00:00,2026-05-06 14:00:00+00:00,ev_autonomy_mobility,recent_oos,confirmation_required_candidate,setup=medium_quality_setup|catalyst=contract_customer_backlog|price=price_confirmed_basic|theme=fading_leadership|relation=company_price_confirmed_macro_secondary,capacity=slot_competition_very_high|same_entry_candidates=21|active_relations=0|risk=proxy_neutral|microstructure=SOURCE_PENDING_NOT_USED,1,21,1,7,0,0,1,,medium_quality_setup,BASELINE_ALLOWED,1,0,0,0
TASK617|NET|20260506T140000Z|slot_decision_explanation,TASK617|NET|20260506T140000Z,NET,2026-05-08 14:30:00+00:00,2026-05-06 14:00:00+00:00,cybersecurity,recent_oos,normal_candidate,setup=research_only_setup|catalyst=contract_customer_backlog|price=price_confirmed_basic|theme=participating_theme|relation=relation_sparse_research_only,capacity=slot_competition_very_high|same_entry_candidates=21|active_relations=0|risk=proxy_neutral|microstructure=SOURCE_PENDING_NOT_USED,1,21,4,4,0,0,1,,research_only_setup,RESEARCH_ONLY,1,0,0,0
TASK617|AMZN|20260506T143000Z|slot_decision_explanation,TASK617|AMZN|20260506T143000Z,AMZN,2026-05-08 14:30:00+00:00,2026-05-06 14:30:00+00:00,cloud_ai_platforms,recent_oos,priority_candidate,setup=high_quality_setup|catalyst=contract_customer_backlog|price=price_confirmed_but_extended|theme=participating_theme|relation=company_price_confirmed_macro_secondary,capacity=slot_competition_very_high|same_entry_candidates=21|active_relations=0|risk=extension_proxy|microstructure=SOURCE_PENDING_NOT_USED,1,21,4,7,0,0,1,,high_quality_setup,BASELINE_ALLOWED,1,0,0,0
TASK617|ASML|20260506T144500Z|slot_decision_explanation,TASK617|ASML|20260506T144500Z,ASML,2026-05-08 14:30:00+00:00,2026-05-06 14:45:00+00:00,ai_semiconductors,recent_oos,priority_candidate,setup=high_quality_setup|catalyst=contract_customer_backlog|price=price_confirmed_basic|theme=persistent_leadership|relation=relation_reinforcing,capacity=slot_competition_very_high|same_entry_candidates=21|active_relations=0|risk=proxy_neutral|microstructure=SOURCE_PENDING_NOT_USED,1,21,5,10,0,0,1,,high_quality_setup,STRENGTH_HOLD_CANDIDATE,1,0,0,0
TASK617|GOOGL|20260506T144500Z|slot_decision_explanation,TASK617|GOOGL|20260506T144500Z,GOOGL,2026-05-08 14:30:00+00:00,2026-05-06 14:45:00+00:00,cloud_ai_platforms,recent_oos,priority_candidate,setup=high_quality_setup|catalyst=contract_customer_backlog|price=price_confirmed_but_extended|theme=participating_theme|relation=company_price_confirmed_macro_secondary,capacity=slot_competition_very_high|same_entry_candidates=21|active_relations=0|risk=extension_proxy|microstructure=SOURCE_PENDING_NOT_USED,1,21,4,7,0,0,1,,high_quality_setup,BASELINE_ALLOWED,1,0,0,0
TASK617|VRT|20260506T144500Z|slot_decision_explanation,TASK617|VRT|20260506T144500Z,VRT,2026-05-08 14:30:00+00:00,2026-05-06 14:45:00+00:00,power_grid_electrification,recent_oos,priority_candidate,setup=high_quality_setup|catalyst=contract_customer_backlog|price=price_confirmed_basic|theme=emerging_leadership|relation=relation_reinforcing,capacity=slot_competition_very_high|same_entry_candidates=21|active_relations=0|risk=proxy_neutral|microstructure=SOURCE_PENDING_NOT_USED,1,21,4,10,0,0,1,,high_quality_setup,STRENGTH_HOLD_CANDIDATE,1,0,0,0
TASK617|ARM|20260506T150000Z|slot_decision_explanation,TASK617|ARM|20260506T150000Z,ARM,2026-05-08 14:30:00+00:00,2026-05-06 15:00:00+00:00,ai_semiconductors,recent_oos,priority_candidate,setup=high_quality_setup|catalyst=contract_customer_backlog|price=price_confirmed_basic|theme=persistent_leadership|relation=relation_reinforcing,capacity=slot_competition_very_high|same_entry_candidates=21|active_relations=0|risk=high_liquidity_momentum_proxy|microstructure=SOURCE_PENDING_NOT_USED,1,21,5,10,0,0,1,,high_quality_setup,STRENGTH_HOLD_CANDIDATE,1,0,0,0
TASK617|PWR|20260506T151500Z|slot_decision_explanation,TASK617|PWR|20260506T151500Z,PWR,2026-05-08 14:30:00+00:00,2026-05-06 15:15:00+00:00,power_grid_electrification,recent_oos,priority_candidate,setup=high_quality_setup|catalyst=contract_customer_backlog|price=price_confirmed_basic|theme=emerging_leadership|relation=relation_reinforcing,capacity=slot_competition_very_high|same_entry_candidates=21|active_relations=0|risk=proxy_neutral|microstructure=SOURCE_PENDING_NOT_USED,1,21,4,10,0,0,1,,high_quality_setup,STRENGTH_HOLD_CANDIDATE,1,0,0,0
TASK617|CEG|20260506T160000Z|slot_decision_explanation,TASK617|CEG|20260506T160000Z,CEG,2026-05-08 14:30:00+00:00,2026-05-06 16:00:00+00:00,power_grid_electrification,recent_oos,priority_candidate,setup=high_quality_setup|catalyst=contract_customer_backlog|price=price_confirmed_but_extended|theme=emerging_leadership|relation=relation_reinforcing,capacity=slot_competition_very_high|same_entry_candidates=21|active_relations=0|risk=extension_proxy|microstructure=SOURCE_PENDING_NOT_USED,1,21,4,10,0,0,1,,high_quality_setup,STRENGTH_HOLD_CANDIDATE,1,0,0,0
TASK617|DDOG|20260506T170000Z|slot_decision_explanation,TASK617|DDOG|20260506T170000Z,DDOG,2026-05-08 14:30:00+00:00,2026-05-06 17:00:00+00:00,data_devops_software,recent_oos,priority_candidate,setup=high_quality_setup|catalyst=contract_customer_backlog|price=price_confirmed_basic|theme=participating_theme|relation=relation_reinforcing,capacity=slot_competition_very_high|same_entry_candidates=21|active_relations=0|risk=proxy_neutral|microstructure=SOURCE_PENDING_NOT_USED,1,21,1,10,0,0,1,,high_quality_setup,STRENGTH_HOLD_CANDIDATE,1,0,0,0
TASK617|GEV|20260506T184500Z|slot_decision_explanation,TASK617|GEV|20260506T184500Z,GEV,2026-05-08 14:30:00+00:00,2026-05-06 18:45:00+00:00,power_grid_electrification,recent_oos,priority_candidate,setup=high_quality_setup|catalyst=contract_customer_backlog|price=price_accepted_needs_confirmation|theme=emerging_leadership|relation=relation_reinforcing,capacity=slot_competition_very_high|same_entry_candidates=21|active_relations=0|risk=proxy_neutral|microstructure=SOURCE_PENDING_NOT_USED,1,21,4,10,0,0,1,,high_quality_setup,STRENGTH_HOLD_CANDIDATE,1,0,0,0
TASK617|COIN|20260506T194500Z|slot_decision_explanation,TASK617|COIN|20260506T194500Z,COIN,2026-05-08 14:30:00+00:00,2026-05-06 19:45:00+00:00,crypto_fintech,recent_oos,research_only,setup=fragile_setup|catalyst=contract_customer_backlog|price=price_fragile_or_unconfirmed|theme=persistent_leadership|relation=company_price_confirmed_macro_secondary,capacity=slot_competition_very_high|same_entry_candidates=21|active_relations=0|risk=proxy_neutral|microstructure=SOURCE_PENDING_NOT_USED,1,21,2,7,0,0,1,,fragile_setup,BASELINE_ALLOWED,1,0,0,0
TASK617|CRWD|20260507T133000Z|slot_decision_explanation,TASK617|CRWD|20260507T133000Z,CRWD,2026-05-11 14:30:00+00:00,2026-05-07 13:30:00+00:00,cybersecurity,recent_oos,normal_candidate,setup=research_only_setup|catalyst=contract_customer_backlog|price=price_confirmed_basic|theme=emerging_leadership|relation=relation_sparse_research_only,capacity=slot_competition_very_high|same_entry_candidates=12|active_relations=0|risk=high_liquidity_momentum_proxy|microstructure=SOURCE_PENDING_NOT_USED,1,12,5,6,0,0,1,,research_only_setup,RESEARCH_ONLY,1,0,0,0
TASK617|ESTC|20260507T133000Z|slot_decision_explanation,TASK617|ESTC|20260507T133000Z,ESTC,2026-05-11 14:30:00+00:00,2026-05-07 13:30:00+00:00,data_devops_software,recent_oos,normal_candidate,setup=research_only_setup|catalyst=contract_customer_backlog|price=price_confirmed_basic|theme=persistent_leadership|relation=relation_sparse_research_only,capacity=slot_competition_very_high|same_entry_candidates=12|active_relations=0|risk=proxy_neutral|microstructure=SOURCE_PENDING_NOT_USED,1,12,3,6,0,0,1,,research_only_setup,RESEARCH_ONLY,1,0,0,0
TASK617|FTNT|20260507T133000Z|slot_decision_explanation,TASK617|FTNT|20260507T133000Z,FTNT,2026-05-11 14:30:00+00:00,2026-05-07 13:30:00+00:00,cybersecurity,recent_oos,normal_candidate,setup=research_only_setup|catalyst=contract_customer_backlog|price=price_confirmed_but_extended|theme=emerging_leadership|relation=relation_sparse_research_only,capacity=slot_competition_very_high|same_entry_candidates=12|active_relations=0|risk=extension_proxy|microstructure=SOURCE_PENDING_NOT_USED,1,12,5,6,0,0,1,,research_only_setup,RESEARCH_ONLY,1,0,0,0
TASK617|S|20260507T133000Z|slot_decision_explanation,TASK617|S|20260507T133000Z,S,2026-05-11 14:30:00+00:00,2026-05-07 13:30:00+00:00,cybersecurity,recent_oos,normal_candidate,setup=research_only_setup|catalyst=contract_customer_backlog|price=price_confirmed_basic|theme=emerging_leadership|relation=relation_sparse_research_only,capacity=slot_competition_very_high|same_entry_candidates=12|active_relations=0|risk=high_liquidity_momentum_proxy|microstructure=SOURCE_PENDING_NOT_USED,1,12,5,6,0,0,1,,research_only_setup,RESEARCH_ONLY,1,0,0,0
TASK617|PANW|20260507T133000Z|slot_decision_explanation,TASK617|PANW|20260507T133000Z,PANW,2026-05-11 14:30:00+00:00,2026-05-07 13:30:00+00:00,cybersecurity,recent_oos,normal_candidate,setup=research_only_setup|catalyst=contract_customer_backlog|price=price_confirmed_but_extended|theme=emerging_leadership|relation=relation_sparse_research_only,capacity=slot_competition_very_high|same_entry_candidates=12|active_relations=0|risk=extension_proxy|microstructure=SOURCE_PENDING_NOT_USED,1,12,5,6,0,0,1,,research_only_setup,RESEARCH_ONLY,1,0,0,0
TASK617|ORCL|20260507T133000Z|slot_decision_explanation,TASK617|ORCL|20260507T133000Z,ORCL,2026-05-11 14:30:00+00:00,2026-05-07 13:30:00+00:00,cloud_ai_platforms,recent_oos,priority_candidate,setup=high_quality_setup|catalyst=contract_customer_backlog|price=price_confirmed_basic|theme=participating_theme|relation=company_price_confirmed_macro_secondary,capacity=slot_competition_very_high|same_entry_candidates=12|active_relations=0|risk=proxy_neutral|microstructure=SOURCE_PENDING_NOT_USED,1,12,1,1,0,0,1,,high_quality_setup,BASELINE_ALLOWED,1,0,0,0
TASK617|NVDA|20260507T140000Z|slot_decision_explanation,TASK617|NVDA|20260507T140000Z,NVDA,2026-05-11 14:30:00+00:00,2026-05-07 14:00:00+00:00,ai_semiconductors,recent_oos,priority_candidate,setup=high_quality_setup|catalyst=contract_customer_backlog|price=price_confirmed_basic|theme=persistent_leadership|relation=relation_reinforcing,capacity=slot_competition_very_high|same_entry_candidates=12|active_relations=0|risk=proxy_neutral|microstructure=SOURCE_PENDING_NOT_USED,1,12,3,5,0,0,1,,high_quality_setup,STRENGTH_HOLD_CANDIDATE,1,0,0,0
TASK617|AVGO|20260507T141500Z|slot_decision_explanation,TASK617|AVGO|20260507T141500Z,AVGO,2026-05-11 14:30:00+00:00,2026-05-07 14:15:00+00:00,ai_semiconductors,recent_oos,priority_candidate,setup=high_quality_setup|catalyst=contract_customer_backlog|price=price_confirmed_basic|theme=persistent_leadership|relation=relation_reinforcing,capacity=slot_competition_very_high|same_entry_candidates=12|active_relations=0|risk=proxy_neutral|microstructure=SOURCE_PENDING_NOT_USED,1,12,3,5,0,0,1,,high_quality_setup,STRENGTH_HOLD_CANDIDATE,1,0,0,0
TASK617|NET|20260507T141500Z|slot_decision_explanation,TASK617|NET|20260507T141500Z,NET,2026-05-11 14:30:00+00:00,2026-05-07 14:15:00+00:00,cybersecurity,recent_oos,normal_candidate,setup=research_only_setup|catalyst=contract_customer_backlog|price=price_confirmed_basic|theme=emerging_leadership|relation=relation_sparse_research_only,capacity=slot_competition_very_high|same_entry_candidates=12|active_relations=0|risk=high_liquidity_momentum_proxy|microstructure=SOURCE_PENDING_NOT_USED,1,12,5,6,0,0,1,,research_only_setup,RESEARCH_ONLY,1,0,0,0
TASK617|MDB|20260507T141500Z|slot_decision_explanation,TASK617|MDB|20260507T141500Z,MDB,2026-05-11 14:30:00+00:00,2026-05-07 14:15:00+00:00,data_devops_software,recent_oos,priority_candidate,setup=high_quality_setup|catalyst=contract_customer_backlog|price=price_confirmed_but_extended|theme=persistent_leadership|relation=relation_reinforcing,capacity=slot_competition_very_high|same_entry_candidates=12|active_relations=0|risk=extension_proxy|microstructure=SOURCE_PENDING_NOT_USED,1,12,3,5,0,0,1,,high_quality_setup,STRENGTH_HOLD_CANDIDATE,1,0,0,0
TASK617|TEAM|20260507T153000Z|slot_decision_explanation,TASK617|TEAM|20260507T153000Z,TEAM,2026-05-11 14:30:00+00:00,2026-05-07 15:30:00+00:00,data_devops_software,recent_oos,priority_candidate,setup=high_quality_setup|catalyst=contract_customer_backlog|price=price_confirmed_basic|theme=persistent_leadership|relation=relation_reinforcing,capacity=slot_competition_very_high|same_entry_candidates=12|active_relations=0|risk=high_liquidity_momentum_proxy|microstructure=SOURCE_PENDING_NOT_USED,1,12,3,5,0,0,1,,high_quality_setup,STRENGTH_HOLD_CANDIDATE,1,0,0,0
TASK617|TSM|20260507T153000Z|slot_decision_explanation,TASK617|TSM|20260507T153000Z,TSM,2026-05-11 14:30:00+00:00,2026-05-07 15:30:00+00:00,ai_semiconductors,recent_oos,priority_candidate,setup=high_quality_setup|catalyst=contract_customer_backlog|price=price_confirmed_basic|theme=persistent_leadership|relation=relation_reinforcing,capacity=slot_competition_very_high|same_entry_candidates=12|active_relations=0|risk=proxy_neutral|microstructure=SOURCE_PENDING_NOT_USED,1,12,3,5,0,0,1,,high_quality_setup,STRENGTH_HOLD_CANDIDATE,1,0,0,0
TASK617|PANW|20260511T133000Z|slot_decision_explanation,TASK617|PANW|20260511T133000Z,PANW,2026-05-13 14:30:00+00:00,2026-05-11 13:30:00+00:00,cybersecurity,recent_oos,normal_candidate,setup=research_only_setup|catalyst=contract_customer_backlog|price=price_confirmed_basic|theme=emerging_leadership|relation=relation_sparse_research_only,capacity=slot_competition_very_high|same_entry_candidates=20|active_relations=0|risk=proxy_neutral|microstructure=SOURCE_PENDING_NOT_USED,1,20,3,3,0,0,1,,research_only_setup,RESEARCH_ONLY,1,0,0,0
TASK617|NVDA|20260511T133000Z|slot_decision_explanation,TASK617|NVDA|20260511T133000Z,NVDA,2026-05-13 14:30:00+00:00,2026-05-11 13:30:00+00:00,ai_semiconductors,recent_oos,priority_candidate,setup=high_quality_setup|catalyst=contract_customer_backlog|price=price_confirmed_basic|theme=persistent_leadership|relation=relation_reinforcing,capacity=slot_competition_very_high|same_entry_candidates=20|active_relations=0|risk=proxy_neutral|microstructure=SOURCE_PENDING_NOT_USED,1,20,6,6,0,0,1,,high_quality_setup,STRENGTH_HOLD_CANDIDATE,1,0,0,0
TASK617|AVGO|20260511T133000Z|slot_decision_explanation,TASK617|AVGO|20260511T133000Z,AVGO,2026-05-13 14:30:00+00:00,2026-05-11 13:30:00+00:00,ai_semiconductors,recent_oos,priority_candidate,setup=high_quality_setup|catalyst=contract_customer_backlog|price=price_confirmed_basic|theme=persistent_leadership|relation=relation_reinforcing,capacity=slot_competition_very_high|same_entry_candidates=20|active_relations=0|risk=proxy_neutral|microstructure=SOURCE_PENDING_NOT_USED,1,20,6,6,0,0,1,,high_quality_setup,STRENGTH_HOLD_CANDIDATE,1,0,0,0
TASK617|MRVL|20260511T133000Z|slot_decision_explanation,TASK617|MRVL|20260511T133000Z,MRVL,2026-05-13 14:30:00+00:00,2026-05-11 13:30:00+00:00,ai_semiconductors,recent_oos,priority_candidate,setup=high_quality_setup|catalyst=contract_customer_backlog|price=price_confirmed_basic|theme=persistent_leadership|relation=relation_reinforcing,capacity=slot_competition_very_high|same_entry_candidates=20|active_relations=0|risk=proxy_neutral|microstructure=SOURCE_PENDING_NOT_USED,1,20,6,6,0,0,1,,high_quality_setup,STRENGTH_HOLD_CANDIDATE,1,0,0,0
TASK617|AMZN|20260511T133000Z|slot_decision_explanation,TASK617|AMZN|20260511T133000Z,AMZN,2026-05-13 14:30:00+00:00,2026-05-11 13:30:00+00:00,cloud_ai_platforms,recent_oos,priority_candidate,setup=high_quality_setup|catalyst=contract_customer_backlog|price=price_confirmed_basic|theme=participating_theme|relation=company_price_confirmed_macro_secondary,capacity=slot_competition_very_high|same_entry_candidates=20|active_relations=0|risk=proxy_neutral|microstructure=SOURCE_PENDING_NOT_USED,1,20,3,8,0,0,1,,high_quality_setup,BASELINE_ALLOWED,1,0,0,0
TASK617|GOOGL|20260511T133000Z|slot_decision_explanation,TASK617|GOOGL|20260511T133000Z,GOOGL,2026-05-13 14:30:00+00:00,2026-05-11 13:30:00+00:00,cloud_ai_platforms,recent_oos,priority_candidate,setup=high_quality_setup|catalyst=contract_customer_backlog|price=price_confirmed_basic|theme=participating_theme|relation=company_price_confirmed_macro_secondary,capacity=slot_competition_very_high|same_entry_candidates=20|active_relations=0|risk=proxy_neutral|microstructure=SOURCE_PENDING_NOT_USED,1,20,3,8,0,0,1,,high_quality_setup,BASELINE_ALLOWED,1,0,0,0
TASK617|GEV|20260511T133000Z|slot_decision_explanation,TASK617|GEV|20260511T133000Z,GEV,2026-05-13 14:30:00+00:00,2026-05-11 13:30:00+00:00,power_grid_electrification,recent_oos,priority_candidate,setup=high_quality_setup|catalyst=contract_customer_backlog|price=price_confirmed_basic|theme=participating_theme|relation=relation_offsetting,capacity=slot_competition_very_high|same_entry_candidates=20|active_relations=0|risk=proxy_neutral|microstructure=SOURCE_PENDING_NOT_USED,1,20,3,3,0,0,1,,high_quality_setup,REDUCE_DURATION,1,0,0,0
TASK617|COIN|20260511T133000Z|slot_decision_explanation,TASK617|COIN|20260511T133000Z,COIN,2026-05-13 14:30:00+00:00,2026-05-11 13:30:00+00:00,crypto_fintech,recent_oos,priority_candidate,setup=high_quality_setup|catalyst=contract_customer_backlog|price=price_confirmed_basic|theme=participating_theme|relation=company_price_confirmed_macro_secondary,capacity=slot_competition_very_high|same_entry_candidates=20|active_relations=0|risk=proxy_neutral|microstructure=SOURCE_PENDING_NOT_USED,1,20,5,8,0,0,1,,high_quality_setup,BASELINE_ALLOWED,1,0,0,0
TASK617|PWR|20260511T134500Z|slot_decision_explanation,TASK617|PWR|20260511T134500Z,PWR,2026-05-13 14:30:00+00:00,2026-05-11 13:45:00+00:00,power_grid_electrification,recent_oos,priority_candidate,setup=high_quality_setup|catalyst=contract_customer_backlog|price=price_confirmed_basic|theme=participating_theme|relation=relation_offsetting,capacity=slot_competition_very_high|same_entry_candidates=20|active_relations=0|risk=proxy_neutral|microstructure=SOURCE_PENDING_NOT_USED,1,20,3,3,0,0,1,,high_quality_setup,REDUCE_DURATION,1,0,0,0
TASK617|VRT|20260511T134500Z|slot_decision_explanation,TASK617|VRT|20260511T134500Z,VRT,2026-05-13 14:30:00+00:00,2026-05-11 13:45:00+00:00,power_grid_electrification,recent_oos,priority_candidate,setup=high_quality_setup|catalyst=contract_customer_backlog|price=price_confirmed_but_extended|theme=participating_theme|relation=relation_offsetting,capacity=slot_competition_very_high|same_entry_candidates=20|active_relations=0|risk=extension_proxy|microstructure=SOURCE_PENDING_NOT_USED,1,20,3,3,0,0,1,,high_quality_setup,REDUCE_DURATION,1,0,0,0
TASK617|HOOD|20260511T140000Z|slot_decision_explanation,TASK617|HOOD|20260511T140000Z,HOOD,2026-05-13 14:30:00+00:00,2026-05-11 14:00:00+00:00,crypto_fintech,recent_oos,priority_candidate,setup=high_quality_setup|catalyst=contract_customer_backlog|price=price_confirmed_basic|theme=participating_theme|relation=company_price_confirmed_macro_secondary,capacity=slot_competition_very_high|same_entry_candidates=20|active_relations=0|risk=proxy_neutral|microstructure=SOURCE_PENDING_NOT_USED,1,20,5,8,0,0,1,,high_quality_setup,BASELINE_ALLOWED,1,0,0,0
TASK617|CRWD|20260511T144500Z|slot_decision_explanation,TASK617|CRWD|20260511T144500Z,CRWD,2026-05-13 14:30:00+00:00,2026-05-11 14:45:00+00:00,cybersecurity,recent_oos,normal_candidate,setup=research_only_setup|catalyst=contract_customer_backlog|price=price_confirmed_basic|theme=emerging_leadership|relation=relation_sparse_research_only,capacity=slot_competition_very_high|same_entry_candidates=20|active_relations=0|risk=proxy_neutral|microstructure=SOURCE_PENDING_NOT_USED,1,20,3,3,0,0,1,,research_only_setup,RESEARCH_ONLY,1,0,0,0
TASK617|IBIT|20260511T151500Z|slot_decision_explanation,TASK617|IBIT|20260511T151500Z,IBIT,2026-05-13 14:30:00+00:00,2026-05-11 15:15:00+00:00,crypto_fintech,recent_oos,priority_candidate,setup=high_quality_setup|catalyst=contract_customer_backlog|price=price_confirmed_basic|theme=participating_theme|relation=company_price_confirmed_macro_secondary,capacity=slot_competition_very_high|same_entry_candidates=20|active_relations=0|risk=proxy_neutral|microstructure=SOURCE_PENDING_NOT_USED,1,20,5,8,0,0,1,,high_quality_setup,BASELINE_ALLOWED,1,0,0,0
TASK617|MSTR|20260511T151500Z|slot_decision_explanation,TASK617|MSTR|20260511T151500Z,MSTR,2026-05-13 14:30:00+00:00,2026-05-11 15:15:00+00:00,crypto_fintech,recent_oos,priority_candidate,setup=high_quality_setup|catalyst=contract_customer_backlog|price=price_confirmed_basic|theme=participating_theme|relation=company_price_confirmed_macro_secondary,capacity=slot_competition_very_high|same_entry_candidates=20|active_relations=0|risk=proxy_neutral|microstructure=SOURCE_PENDING_NOT_USED,1,20,5,8,0,0,1,,high_quality_setup,BASELINE_ALLOWED,1,0,0,0
TASK617|AFRM|20260511T151500Z|slot_decision_explanation,TASK617|AFRM|20260511T151500Z,AFRM,2026-05-13 14:30:00+00:00,2026-05-11 15:15:00+00:00,crypto_fintech,recent_oos,priority_candidate,setup=high_quality_setup|catalyst=contract_customer_backlog|price=price_confirmed_basic|theme=participating_theme|relation=company_price_confirmed_macro_secondary,capacity=slot_competition_very_high|same_entry_candidates=20|active_relations=0|risk=proxy_neutral|microstructure=SOURCE_PENDING_NOT_USED,1,20,5,8,0,0,1,,high_quality_setup,BASELINE_ALLOWED,1,0,0,0
TASK617|FTNT|20260511T154500Z|slot_decision_explanation,TASK617|FTNT|20260511T154500Z,FTNT,2026-05-13 14:30:00+00:00,2026-05-11 15:45:00+00:00,cybersecurity,recent_oos,normal_candidate,setup=research_only_setup|catalyst=contract_customer_backlog|price=price_confirmed_basic|theme=emerging_leadership|relation=relation_sparse_research_only,capacity=slot_competition_very_high|same_entry_candidates=20|active_relations=0|risk=proxy_neutral|microstructure=SOURCE_PENDING_NOT_USED,1,20,3,3,0,0,1,,research_only_setup,RESEARCH_ONLY,1,0,0,0
TASK617|ORCL|20260511T160000Z|slot_decision_explanation,TASK617|ORCL|20260511T160000Z,ORCL,2026-05-13 14:30:00+00:00,2026-05-11 16:00:00+00:00,cloud_ai_platforms,recent_oos,priority_candidate,setup=high_quality_setup|catalyst=contract_customer_backlog|price=price_confirmed_basic|theme=participating_theme|relation=company_price_confirmed_macro_secondary,capacity=slot_competition_very_high|same_entry_candidates=20|active_relations=0|risk=proxy_neutral|microstructure=SOURCE_PENDING_NOT_USED,1,20,3,8,0,0,1,,high_quality_setup,BASELINE_ALLOWED,1,0,0,0
TASK617|TSM|20260511T160000Z|slot_decision_explanation,TASK617|TSM|20260511T160000Z,TSM,2026-05-13 14:30:00+00:00,2026-05-11 16:00:00+00:00,ai_semiconductors,recent_oos,priority_candidate,setup=high_quality_setup|catalyst=contract_customer_backlog|price=price_confirmed_basic|theme=persistent_leadership|relation=relation_reinforcing,capacity=slot_competition_very_high|same_entry_candidates=20|active_relations=0|risk=proxy_neutral|microstructure=SOURCE_PENDING_NOT_USED,1,20,6,6,0,0,1,,high_quality_setup,STRENGTH_HOLD_CANDIDATE,1,0,0,0
TASK617|AMD|20260511T160000Z|slot_decision_explanation,TASK617|AMD|20260511T160000Z,AMD,2026-05-13 14:30:00+00:00,2026-05-11 16:00:00+00:00,ai_semiconductors,recent_oos,priority_candidate,setup=high_quality_setup|catalyst=contract_customer_backlog|price=price_confirmed_basic|theme=persistent_leadership|relation=relation_reinforcing,capacity=slot_competition_very_high|same_entry_candidates=20|active_relations=0|risk=proxy_neutral|microstructure=SOURCE_PENDING_NOT_USED,1,20,6,6,0,0,1,,high_quality_setup,STRENGTH_HOLD_CANDIDATE,1,0,0,0
TASK617|ARM|20260511T181500Z|slot_decision_explanation,TASK617|ARM|20260511T181500Z,ARM,2026-05-13 14:30:00+00:00,2026-05-11 18:15:00+00:00,ai_semiconductors,recent_oos,priority_candidate,setup=high_quality_setup|catalyst=contract_customer_backlog|price=price_accepted_needs_confirmation|theme=persistent_leadership|relation=relation_reinforcing,capacity=slot_competition_very_high|same_entry_candidates=20|active_relations=0|risk=proxy_neutral|microstructure=SOURCE_PENDING_NOT_USED,1,20,6,6,0,0,1,,high_quality_setup,STRENGTH_HOLD_CANDIDATE,1,0,0,0
TASK617|NVDA|20260512T133000Z|slot_decision_explanation,TASK617|NVDA|20260512T133000Z,NVDA,2026-05-14 14:30:00+00:00,2026-05-12 13:30:00+00:00,ai_semiconductors,recent_oos,priority_candidate,setup=high_quality_setup|catalyst=contract_customer_backlog|price=price_confirmed_but_extended|theme=emerging_leadership|relation=relation_reinforcing,capacity=slot_competition_very_high|same_entry_candidates=13|active_relations=0|risk=extension_proxy|microstructure=SOURCE_PENDING_NOT_USED,1,13,5,6,0,0,1,,high_quality_setup,STRENGTH_HOLD_CANDIDATE,1,0,0,0
TASK617|AVGO|20260512T133000Z|slot_decision_explanation,TASK617|AVGO|20260512T133000Z,AVGO,2026-05-14 14:30:00+00:00,2026-05-12 13:30:00+00:00,ai_semiconductors,recent_oos,priority_candidate,setup=high_quality_setup|catalyst=contract_customer_backlog|price=price_confirmed_basic|theme=emerging_leadership|relation=relation_reinforcing,capacity=slot_competition_very_high|same_entry_candidates=13|active_relations=0|risk=proxy_neutral|microstructure=SOURCE_PENDING_NOT_USED,1,13,5,6,0,0,1,,high_quality_setup,STRENGTH_HOLD_CANDIDATE,1,0,0,0
TASK617|AMD|20260512T133000Z|slot_decision_explanation,TASK617|AMD|20260512T133000Z,AMD,2026-05-14 14:30:00+00:00,2026-05-12 13:30:00+00:00,ai_semiconductors,recent_oos,priority_candidate,setup=high_quality_setup|catalyst=contract_customer_backlog|price=price_confirmed_basic|theme=emerging_leadership|relation=relation_reinforcing,capacity=slot_competition_very_high|same_entry_candidates=13|active_relations=0|risk=proxy_neutral|microstructure=SOURCE_PENDING_NOT_USED,1,13,5,6,0,0,1,,high_quality_setup,STRENGTH_HOLD_CANDIDATE,1,0,0,0
TASK617|ARM|20260512T133000Z|slot_decision_explanation,TASK617|ARM|20260512T133000Z,ARM,2026-05-14 14:30:00+00:00,2026-05-12 13:30:00+00:00,ai_semiconductors,recent_oos,priority_candidate,setup=high_quality_setup|catalyst=contract_customer_backlog|price=price_confirmed_but_extended|theme=emerging_leadership|relation=relation_reinforcing,capacity=slot_competition_very_high|same_entry_candidates=13|active_relations=0|risk=extension_proxy|microstructure=SOURCE_PENDING_NOT_USED,1,13,5,6,0,0,1,,high_quality_setup,STRENGTH_HOLD_CANDIDATE,1,0,0,0
TASK617|MRNA|20260512T133000Z|slot_decision_explanation,TASK617|MRNA|20260512T133000Z,MRNA,2026-05-14 14:30:00+00:00,2026-05-12 13:30:00+00:00,biotech_glp1_healthcare,recent_oos,confirmation_required_candidate,setup=medium_quality_setup|catalyst=contract_customer_backlog|price=price_confirmed_basic|theme=fading_leadership|relation=company_price_confirmed_macro_secondary,capacity=slot_competition_very_high|same_entry_candidates=13|active_relations=0|risk=proxy_neutral|microstructure=SOURCE_PENDING_NOT_USED,1,13,1,3,0,0,1,,medium_quality_setup,BASELINE_ALLOWED,1,0,0,0
TASK617|MRVL|20260512T133000Z|slot_decision_explanation,TASK617|MRVL|20260512T133000Z,MRVL,2026-05-14 14:30:00+00:00,2026-05-12 13:30:00+00:00,ai_semiconductors,recent_oos,priority_candidate,setup=high_quality_setup|catalyst=contract_customer_backlog|price=price_confirmed_basic|theme=emerging_leadership|relation=relation_reinforcing,capacity=slot_competition_very_high|same_entry_candidates=13|active_relations=0|risk=proxy_neutral|microstructure=SOURCE_PENDING_NOT_USED,1,13,5,6,0,0,1,,high_quality_setup,STRENGTH_HOLD_CANDIDATE,1,0,0,0
TASK617|MDB|20260512T140000Z|slot_decision_explanation,TASK617|MDB|20260512T140000Z,MDB,2026-05-14 14:30:00+00:00,2026-05-12 14:00:00+00:00,data_devops_software,recent_oos,priority_candidate,setup=high_quality_setup|catalyst=contract_customer_backlog|price=price_confirmed_basic|theme=persistent_leadership|relation=relation_reinforcing,capacity=slot_competition_very_high|same_entry_candidates=13|active_relations=0|risk=proxy_neutral|microstructure=SOURCE_PENDING_NOT_USED,1,13,1,6,0,0,1,,high_quality_setup,STRENGTH_HOLD_CANDIDATE,1,0,0,0
TASK617|CRWD|20260512T140000Z|slot_decision_explanation,TASK617|CRWD|20260512T140000Z,CRWD,2026-05-14 14:30:00+00:00,2026-05-12 14:00:00+00:00,cybersecurity,recent_oos,normal_candidate,setup=research_only_setup|catalyst=contract_customer_backlog|price=price_confirmed_basic|theme=persistent_leadership|relation=relation_sparse_research_only,capacity=slot_competition_very_high|same_entry_candidates=13|active_relations=0|risk=proxy_neutral|microstructure=SOURCE_PENDING_NOT_USED,1,13,2,2,0,0,1,,research_only_setup,RESEARCH_ONLY,1,0,0,0
TASK617|GEV|20260512T140000Z|slot_decision_explanation,TASK617|GEV|20260512T140000Z,GEV,2026-05-14 14:30:00+00:00,2026-05-12 14:00:00+00:00,power_grid_electrification,recent_oos,confirmation_required_candidate,setup=medium_quality_setup|catalyst=contract_customer_backlog|price=price_confirmed_basic|theme=participating_theme|relation=relation_offsetting,capacity=slot_competition_very_high|same_entry_candidates=13|active_relations=0|risk=proxy_neutral|microstructure=SOURCE_PENDING_NOT_USED,1,13,2,2,0,0,1,,medium_quality_setup,REDUCE_DURATION,1,0,0,0
TASK617|PANW|20260512T143000Z|slot_decision_explanation,TASK617|PANW|20260512T143000Z,PANW,2026-05-14 14:30:00+00:00,2026-05-12 14:30:00+00:00,cybersecurity,recent_oos,normal_candidate,setup=research_only_setup|catalyst=contract_customer_backlog|price=price_confirmed_basic|theme=persistent_leadership|relation=relation_sparse_research_only,capacity=slot_competition_very_high|same_entry_candidates=13|active_relations=0|risk=proxy_neutral|microstructure=SOURCE_PENDING_NOT_USED,1,13,2,2,0,0,1,,research_only_setup,RESEARCH_ONLY,1,0,0,0
TASK617|GOOGL|20260512T153000Z|slot_decision_explanation,TASK617|GOOGL|20260512T153000Z,GOOGL,2026-05-14 14:30:00+00:00,2026-05-12 15:30:00+00:00,cloud_ai_platforms,recent_oos,priority_candidate,setup=high_quality_setup|catalyst=contract_customer_backlog|price=price_confirmed_basic|theme=participating_theme|relation=company_price_confirmed_macro_secondary,capacity=slot_competition_very_high|same_entry_candidates=13|active_relations=0|risk=proxy_neutral|microstructure=SOURCE_PENDING_NOT_USED,1,13,1,3,0,0,1,,high_quality_setup,BASELINE_ALLOWED,1,0,0,0
TASK617|VRT|20260512T174500Z|slot_decision_explanation,TASK617|VRT|20260512T174500Z,VRT,2026-05-14 14:30:00+00:00,2026-05-12 17:45:00+00:00,power_grid_electrification,recent_oos,confirmation_required_candidate,setup=medium_quality_setup|catalyst=contract_customer_backlog|price=price_confirmed_basic|theme=participating_theme|relation=relation_offsetting,capacity=slot_competition_very_high|same_entry_candidates=13|active_relations=0|risk=proxy_neutral|microstructure=SOURCE_PENDING_NOT_USED,1,13,2,2,0,0,1,,medium_quality_setup,REDUCE_DURATION,1,0,0,0
TASK617|IBIT|20260512T190000Z|slot_decision_explanation,TASK617|IBIT|20260512T190000Z,IBIT,2026-05-14 14:30:00+00:00,2026-05-12 19:00:00+00:00,crypto_fintech,recent_oos,confirmation_required_candidate,setup=medium_quality_setup|catalyst=contract_customer_backlog|price=price_confirmed_basic|theme=participating_theme|relation=company_price_confirmed_macro_secondary,capacity=slot_competition_very_high|same_entry_candidates=13|active_relations=0|risk=proxy_neutral|microstructure=SOURCE_PENDING_NOT_USED,1,13,1,3,0,0,1,,medium_quality_setup,BASELINE_ALLOWED,1,0,0,0
TASK617|MRVL|20260513T133000Z|slot_decision_explanation,TASK617|MRVL|20260513T133000Z,MRVL,2026-05-15 14:30:00+00:00,2026-05-13 13:30:00+00:00,ai_semiconductors,recent_oos,confirmation_required_candidate,setup=medium_quality_setup|catalyst=guidance_margin_upgrade|price=price_confirmed_but_extended|theme=persistent_leadership|relation=company_positive_confirmation_needed,capacity=slot_competition_very_high|same_entry_candidates=12|active_relations=0|risk=extension_proxy|microstructure=SOURCE_PENDING_NOT_USED,1,12,6,8,0,0,1,,medium_quality_setup,BASELINE_ALLOWED,1,0,0,0
TASK617|PANW|20260513T134500Z|slot_decision_explanation,TASK617|PANW|20260513T134500Z,PANW,2026-05-15 14:30:00+00:00,2026-05-13 13:45:00+00:00,cybersecurity,recent_oos,confirmation_required_candidate,setup=medium_quality_setup|catalyst=guidance_margin_upgrade|price=price_confirmed_basic|theme=persistent_leadership|relation=company_positive_confirmation_needed,capacity=slot_competition_very_high|same_entry_candidates=12|active_relations=0|risk=proxy_neutral|microstructure=SOURCE_PENDING_NOT_USED,1,12,5,8,0,0,1,,medium_quality_setup,BASELINE_ALLOWED,1,0,0,0
TASK617|DDOG|20260513T140000Z|slot_decision_explanation,TASK617|DDOG|20260513T140000Z,DDOG,2026-05-15 14:30:00+00:00,2026-05-13 14:00:00+00:00,data_devops_software,recent_oos,priority_candidate,setup=high_quality_setup|catalyst=guidance_margin_upgrade|price=price_confirmed_basic|theme=emerging_leadership|relation=relation_reinforcing,capacity=slot_competition_very_high|same_entry_candidates=12|active_relations=0|risk=proxy_neutral|microstructure=SOURCE_PENDING_NOT_USED,1,12,1,4,0,0,1,,high_quality_setup,STRENGTH_HOLD_CANDIDATE,1,0,0,0
TASK617|ARM|20260513T141500Z|slot_decision_explanation,TASK617|ARM|20260513T141500Z,ARM,2026-05-15 14:30:00+00:00,2026-05-13 14:15:00+00:00,ai_semiconductors,recent_oos,priority_candidate,setup=high_quality_setup|catalyst=guidance_margin_upgrade|price=price_confirmed_basic|theme=persistent_leadership|relation=relation_reinforcing,capacity=slot_competition_very_high|same_entry_candidates=12|active_relations=0|risk=proxy_neutral|microstructure=SOURCE_PENDING_NOT_USED,1,12,6,4,0,0,1,,high_quality_setup,STRENGTH_HOLD_CANDIDATE,1,0,0,0
TASK617|FTNT|20260513T141500Z|slot_decision_explanation,TASK617|FTNT|20260513T141500Z,FTNT,2026-05-15 14:30:00+00:00,2026-05-13 14:15:00+00:00,cybersecurity,recent_oos,confirmation_required_candidate,setup=medium_quality_setup|catalyst=guidance_margin_upgrade|price=price_confirmed_basic|theme=persistent_leadership|relation=company_positive_confirmation_needed,capacity=slot_competition_very_high|same_entry_candidates=12|active_relations=0|risk=proxy_neutral|microstructure=SOURCE_PENDING_NOT_USED,1,12,5,8,0,0,1,,medium_quality_setup,BASELINE_ALLOWED,1,0,0,0
TASK617|S|20260513T141500Z|slot_decision_explanation,TASK617|S|20260513T141500Z,S,2026-05-15 14:30:00+00:00,2026-05-13 14:15:00+00:00,cybersecurity,recent_oos,confirmation_required_candidate,setup=medium_quality_setup|catalyst=guidance_margin_upgrade|price=price_confirmed_basic|theme=persistent_leadership|relation=company_positive_confirmation_needed,capacity=slot_competition_very_high|same_entry_candidates=12|active_relations=0|risk=proxy_neutral|microstructure=SOURCE_PENDING_NOT_USED,1,12,5,8,0,0,1,,medium_quality_setup,BASELINE_ALLOWED,1,0,0,0
TASK617|NVDA|20260513T144500Z|slot_decision_explanation,TASK617|NVDA|20260513T144500Z,NVDA,2026-05-15 14:30:00+00:00,2026-05-13 14:45:00+00:00,ai_semiconductors,recent_oos,confirmation_required_candidate,setup=medium_quality_setup|catalyst=guidance_margin_upgrade|price=price_confirmed_basic|theme=persistent_leadership|relation=company_positive_confirmation_needed,capacity=slot_competition_very_high|same_entry_candidates=12|active_relations=0|risk=proxy_neutral|microstructure=SOURCE_PENDING_NOT_USED,1,12,6,8,0,0,1,,medium_quality_setup,BASELINE_ALLOWED,1,0,0,0
TASK617|ZS|20260513T150000Z|slot_decision_explanation,TASK617|ZS|20260513T150000Z,ZS,2026-05-15 14:30:00+00:00,2026-05-13 15:00:00+00:00,cybersecurity,recent_oos,confirmation_required_candidate,setup=medium_quality_setup|catalyst=guidance_margin_upgrade|price=price_confirmed_basic|theme=persistent_leadership|relation=company_positive_confirmation_needed,capacity=slot_competition_very_high|same_entry_candidates=12|active_relations=0|risk=proxy_neutral|microstructure=SOURCE_PENDING_NOT_USED,1,12,5,8,0,0,1,,medium_quality_setup,BASELINE_ALLOWED,1,0,0,0
TASK617|ASML|20260513T151500Z|slot_decision_explanation,TASK617|ASML|20260513T151500Z,ASML,2026-05-15 14:30:00+00:00,2026-05-13 15:15:00+00:00,ai_semiconductors,recent_oos,confirmation_required_candidate,setup=medium_quality_setup|catalyst=guidance_margin_upgrade|price=price_confirmed_but_extended|theme=persistent_leadership|relation=company_positive_confirmation_needed,capacity=slot_competition_very_high|same_entry_candidates=12|active_relations=0|risk=extension_proxy|microstructure=SOURCE_PENDING_NOT_USED,1,12,6,8,0,0,1,,medium_quality_setup,BASELINE_ALLOWED,1,0,0,0
TASK617|TSM|20260513T153000Z|slot_decision_explanation,TASK617|TSM|20260513T153000Z,TSM,2026-05-15 14:30:00+00:00,2026-05-13 15:30:00+00:00,ai_semiconductors,recent_oos,priority_candidate,setup=high_quality_setup|catalyst=guidance_margin_upgrade|price=price_confirmed_basic|theme=persistent_leadership|relation=relation_reinforcing,capacity=slot_competition_very_high|same_entry_candidates=12|active_relations=0|risk=proxy_neutral|microstructure=SOURCE_PENDING_NOT_USED,1,12,6,4,0,0,1,,high_quality_setup,STRENGTH_HOLD_CANDIDATE,1,0,0,0
TASK617|AVGO|20260513T170000Z|slot_decision_explanation,TASK617|AVGO|20260513T170000Z,AVGO,2026-05-15 14:30:00+00:00,2026-05-13 17:00:00+00:00,ai_semiconductors,recent_oos,priority_candidate,setup=high_quality_setup|catalyst=guidance_margin_upgrade|price=price_confirmed_basic|theme=persistent_leadership|relation=relation_reinforcing,capacity=slot_competition_very_high|same_entry_candidates=12|active_relations=0|risk=proxy_neutral|microstructure=SOURCE_PENDING_NOT_USED,1,12,6,4,0,0,1,,high_quality_setup,STRENGTH_HOLD_CANDIDATE,1,0,0,0
TASK617|CRWD|20260513T180000Z|slot_decision_explanation,TASK617|CRWD|20260513T180000Z,CRWD,2026-05-15 14:30:00+00:00,2026-05-13 18:00:00+00:00,cybersecurity,recent_oos,confirmation_required_candidate,setup=medium_quality_setup|catalyst=supply_demand_shock|price=price_confirmed_basic|theme=persistent_leadership|relation=company_positive_confirmation_needed,capacity=slot_competition_very_high|same_entry_candidates=12|active_relations=0|risk=proxy_neutral|microstructure=SOURCE_PENDING_NOT_USED,1,12,5,8,0,0,1,,medium_quality_setup,BASELINE_ALLOWED,1,0,0,0
TASK617|AMD|20260514T133000Z|slot_decision_explanation,TASK617|AMD|20260514T133000Z,AMD,2026-05-18 14:30:00+00:00,2026-05-14 13:30:00+00:00,ai_semiconductors,recent_oos,normal_candidate,setup=research_only_setup|catalyst=supply_demand_shock|price=price_confirmed_basic|theme=persistent_leadership|relation=relation_sparse_research_only,capacity=slot_competition_very_high|same_entry_candidates=19|active_relations=0|risk=proxy_neutral|microstructure=SOURCE_PENDING_NOT_USED,1,19,7,18,0,0,1,,research_only_setup,RESEARCH_ONLY,1,0,0,0
TASK617|MRVL|20260514T133000Z|slot_decision_explanation,TASK617|MRVL|20260514T133000Z,MRVL,2026-05-18 14:30:00+00:00,2026-05-14 13:30:00+00:00,ai_semiconductors,recent_oos,normal_candidate,setup=research_only_setup|catalyst=supply_demand_shock|price=price_confirmed_basic|theme=persistent_leadership|relation=relation_sparse_research_only,capacity=slot_competition_very_high|same_entry_candidates=19|active_relations=0|risk=proxy_neutral|microstructure=SOURCE_PENDING_NOT_USED,1,19,7,18,0,0,1,,research_only_setup,RESEARCH_ONLY,1,0,0,0
TASK617|TSM|20260514T134500Z|slot_decision_explanation,TASK617|TSM|20260514T134500Z,TSM,2026-05-18 14:30:00+00:00,2026-05-14 13:45:00+00:00,ai_semiconductors,recent_oos,normal_candidate,setup=research_only_setup|catalyst=supply_demand_shock|price=price_confirmed_basic|theme=persistent_leadership|relation=relation_sparse_research_only,capacity=slot_competition_very_high|same_entry_candidates=19|active_relations=0|risk=proxy_neutral|microstructure=SOURCE_PENDING_NOT_USED,1,19,7,18,0,0,1,,research_only_setup,RESEARCH_ONLY,1,0,0,0
TASK617|ASML|20260514T140000Z|slot_decision_explanation,TASK617|ASML|20260514T140000Z,ASML,2026-05-18 14:30:00+00:00,2026-05-14 14:00:00+00:00,ai_semiconductors,recent_oos,normal_candidate,setup=research_only_setup|catalyst=supply_demand_shock|price=price_confirmed_basic|theme=persistent_leadership|relation=relation_sparse_research_only,capacity=slot_competition_very_high|same_entry_candidates=19|active_relations=0|risk=proxy_neutral|microstructure=SOURCE_PENDING_NOT_USED,1,19,7,18,0,0,1,,research_only_setup,RESEARCH_ONLY,1,0,0,0
TASK617|CRWD|20260514T140000Z|slot_decision_explanation,TASK617|CRWD|20260514T140000Z,CRWD,2026-05-18 14:30:00+00:00,2026-05-14 14:00:00+00:00,cybersecurity,recent_oos,normal_candidate,setup=research_only_setup|catalyst=supply_demand_shock|price=price_confirmed_basic|theme=persistent_leadership|relation=relation_sparse_research_only,capacity=slot_competition_very_high|same_entry_candidates=19|active_relations=0|risk=proxy_neutral|microstructure=SOURCE_PENDING_NOT_USED,1,19,5,18,0,0,1,,research_only_setup,RESEARCH_ONLY,1,0,0,0
TASK617|FTNT|20260514T140000Z|slot_decision_explanation,TASK617|FTNT|20260514T140000Z,FTNT,2026-05-18 14:30:00+00:00,2026-05-14 14:00:00+00:00,cybersecurity,recent_oos,normal_candidate,setup=research_only_setup|catalyst=supply_demand_shock|price=price_confirmed_basic|theme=persistent_leadership|relation=relation_sparse_research_only,capacity=slot_competition_very_high|same_entry_candidates=19|active_relations=0|risk=proxy_neutral|microstructure=SOURCE_PENDING_NOT_USED,1,19,5,18,0,0,1,,research_only_setup,RESEARCH_ONLY,1,0,0,0
TASK617|IBIT|20260514T141500Z|slot_decision_explanation,TASK617|IBIT|20260514T141500Z,IBIT,2026-05-18 14:30:00+00:00,2026-05-14 14:15:00+00:00,crypto_fintech,recent_oos,normal_candidate,setup=research_only_setup|catalyst=supply_demand_shock|price=price_confirmed_basic|theme=fading_leadership|relation=relation_sparse_research_only,capacity=slot_competition_very_high|same_entry_candidates=19|active_relations=0|risk=proxy_neutral|microstructure=SOURCE_PENDING_NOT_USED,1,19,4,18,0,0,1,,research_only_setup,RESEARCH_ONLY,1,0,0,0
TASK617|MSTR|20260514T141500Z|slot_decision_explanation,TASK617|MSTR|20260514T141500Z,MSTR,2026-05-18 14:30:00+00:00,2026-05-14 14:15:00+00:00,crypto_fintech,recent_oos,normal_candidate,setup=research_only_setup|catalyst=supply_demand_shock|price=price_confirmed_basic|theme=fading_leadership|relation=relation_sparse_research_only,capacity=slot_competition_very_high|same_entry_candidates=19|active_relations=0|risk=proxy_neutral|microstructure=SOURCE_PENDING_NOT_USED,1,19,4,18,0,0,1,,research_only_setup,RESEARCH_ONLY,1,0,0,0
TASK617|AFRM|20260514T141500Z|slot_decision_explanation,TASK617|AFRM|20260514T141500Z,AFRM,2026-05-18 14:30:00+00:00,2026-05-14 14:15:00+00:00,crypto_fintech,recent_oos,normal_candidate,setup=research_only_setup|catalyst=supply_demand_shock|price=price_confirmed_but_extended|theme=fading_leadership|relation=relation_sparse_research_only,capacity=slot_competition_very_high|same_entry_candidates=19|active_relations=0|risk=extension_proxy|microstructure=SOURCE_PENDING_NOT_USED,1,19,4,18,0,0,1,,research_only_setup,RESEARCH_ONLY,1,0,0,0
TASK617|PANW|20260514T141500Z|slot_decision_explanation,TASK617|PANW|20260514T141500Z,PANW,2026-05-18 14:30:00+00:00,2026-05-14 14:15:00+00:00,cybersecurity,recent_oos,normal_candidate,setup=research_only_setup|catalyst=supply_demand_shock|price=price_confirmed_basic|theme=persistent_leadership|relation=relation_sparse_research_only,capacity=slot_competition_very_high|same_entry_candidates=19|active_relations=0|risk=proxy_neutral|microstructure=SOURCE_PENDING_NOT_USED,1,19,5,18,0,0,1,,research_only_setup,RESEARCH_ONLY,1,0,0,0
TASK617|S|20260514T141500Z|slot_decision_explanation,TASK617|S|20260514T141500Z,S,2026-05-18 14:30:00+00:00,2026-05-14 14:15:00+00:00,cybersecurity,recent_oos,normal_candidate,setup=research_only_setup|catalyst=supply_demand_shock|price=price_confirmed_basic|theme=persistent_leadership|relation=relation_sparse_research_only,capacity=slot_competition_very_high|same_entry_candidates=19|active_relations=0|risk=proxy_neutral|microstructure=SOURCE_PENDING_NOT_USED,1,19,5,18,0,0,1,,research_only_setup,RESEARCH_ONLY,1,0,0,0
TASK617|OKTA|20260514T141500Z|slot_decision_explanation,TASK617|OKTA|20260514T141500Z,OKTA,2026-05-18 14:30:00+00:00,2026-05-14 14:15:00+00:00,cybersecurity,recent_oos,normal_candidate,setup=research_only_setup|catalyst=supply_demand_shock|price=price_confirmed_basic|theme=persistent_leadership|relation=relation_sparse_research_only,capacity=slot_competition_very_high|same_entry_candidates=19|active_relations=0|risk=proxy_neutral|microstructure=SOURCE_PENDING_NOT_USED,1,19,5,18,0,0,1,,research_only_setup,RESEARCH_ONLY,1,0,0,0
TASK617|AVGO|20260514T141500Z|slot_decision_explanation,TASK617|AVGO|20260514T141500Z,AVGO,2026-05-18 14:30:00+00:00,2026-05-14 14:15:00+00:00,ai_semiconductors,recent_oos,normal_candidate,setup=research_only_setup|catalyst=supply_demand_shock|price=price_confirmed_but_extended|theme=persistent_leadership|relation=relation_sparse_research_only,capacity=slot_competition_very_high|same_entry_candidates=19|active_relations=0|risk=extension_proxy|microstructure=SOURCE_PENDING_NOT_USED,1,19,7,18,0,0,1,,research_only_setup,RESEARCH_ONLY,1,0,0,0
TASK617|NVDA|20260514T143000Z|slot_decision_explanation,TASK617|NVDA|20260514T143000Z,NVDA,2026-05-18 14:30:00+00:00,2026-05-14 14:30:00+00:00,ai_semiconductors,recent_oos,normal_candidate,setup=research_only_setup|catalyst=supply_demand_shock|price=price_confirmed_but_extended|theme=persistent_leadership|relation=relation_sparse_research_only,capacity=slot_competition_very_high|same_entry_candidates=19|active_relations=0|risk=extension_proxy|microstructure=SOURCE_PENDING_NOT_USED,1,19,7,18,0,0,1,,research_only_setup,RESEARCH_ONLY,1,0,0,0
TASK617|COIN|20260514T144500Z|slot_decision_explanation,TASK617|COIN|20260514T144500Z,COIN,2026-05-18 14:30:00+00:00,2026-05-14 14:45:00+00:00,crypto_fintech,recent_oos,normal_candidate,setup=research_only_setup|catalyst=supply_demand_shock|price=price_confirmed_basic|theme=fading_leadership|relation=relation_sparse_research_only,capacity=slot_competition_very_high|same_entry_candidates=19|active_relations=0|risk=proxy_neutral|microstructure=SOURCE_PENDING_NOT_USED,1,19,4,18,0,0,1,,research_only_setup,RESEARCH_ONLY,1,0,0,0
TASK617|ARM|20260514T150000Z|slot_decision_explanation,TASK617|ARM|20260514T150000Z,ARM,2026-05-18 14:30:00+00:00,2026-05-14 15:00:00+00:00,ai_semiconductors,recent_oos,normal_candidate,setup=research_only_setup|catalyst=supply_demand_shock|price=price_confirmed_but_extended|theme=persistent_leadership|relation=relation_sparse_research_only,capacity=slot_competition_very_high|same_entry_candidates=19|active_relations=0|risk=extension_proxy|microstructure=SOURCE_PENDING_NOT_USED,1,19,7,18,0,0,1,,research_only_setup,RESEARCH_ONLY,1,0,0,0
TASK617|VRT|20260514T154500Z|slot_decision_explanation,TASK617|VRT|20260514T154500Z,VRT,2026-05-18 14:30:00+00:00,2026-05-14 15:45:00+00:00,power_grid_electrification,recent_oos,normal_candidate,setup=research_only_setup|catalyst=supply_demand_shock|price=price_confirmed_basic|theme=participating_theme|relation=relation_sparse_research_only,capacity=slot_competition_very_high|same_entry_candidates=19|active_relations=0|risk=proxy_neutral|microstructure=SOURCE_PENDING_NOT_USED,1,19,3,18,0,0,1,,research_only_setup,RESEARCH_ONLY,1,0,0,0
TASK617|GEV|20260514T180000Z|slot_decision_explanation,TASK617|GEV|20260514T180000Z,GEV,2026-05-18 14:30:00+00:00,2026-05-14 18:00:00+00:00,power_grid_electrification,recent_oos,research_only,setup=fragile_setup|catalyst=contract_supply_combo|price=price_fragile_or_unconfirmed|theme=participating_theme|relation=relation_offsetting,capacity=slot_competition_very_high|same_entry_candidates=19|active_relations=0|risk=proxy_neutral|microstructure=SOURCE_PENDING_NOT_USED,1,19,3,1,0,0,1,,fragile_setup,REDUCE_DURATION,1,0,0,0
TASK617|PWR|20260514T194500Z|slot_decision_explanation,TASK617|PWR|20260514T194500Z,PWR,2026-05-18 14:30:00+00:00,2026-05-14 19:45:00+00:00,power_grid_electrification,recent_oos,normal_candidate,setup=research_only_setup|catalyst=supply_demand_shock|price=price_confirmed_basic|theme=participating_theme|relation=relation_sparse_research_only,capacity=slot_competition_very_high|same_entry_candidates=19|active_relations=0|risk=proxy_neutral|microstructure=SOURCE_PENDING_NOT_USED,1,19,3,18,0,0,1,,research_only_setup,RESEARCH_ONLY,1,0,0,0
TASK617|RKLB|20260526T133000Z|slot_decision_explanation,TASK617|RKLB|20260526T133000Z,RKLB,2026-05-28 14:30:00+00:00,2026-05-26 13:30:00+00:00,aerospace_defense_space,recent_oos,confirmation_required_candidate,setup=medium_quality_setup|catalyst=contract_supply_combo|price=price_confirmed_basic|theme=participating_theme|relation=company_positive_confirmation_needed,capacity=slot_competition_low|same_entry_candidates=1|active_relations=0|risk=proxy_neutral|microstructure=SOURCE_PENDING_NOT_USED,0,1,1,1,0,0,1,,medium_quality_setup,BASELINE_ALLOWED,1,0,0,0
TASK617|RKLB|20260527T194500Z|slot_decision_explanation,TASK617|RKLB|20260527T194500Z,RKLB,2026-05-29 14:30:00+00:00,2026-05-27 19:45:00+00:00,aerospace_defense_space,recent_oos,confirmation_required_candidate,setup=medium_quality_setup|catalyst=contract_supply_combo|price=price_confirmed_basic|theme=persistent_leadership|relation=company_positive_confirmation_needed,capacity=slot_competition_low|same_entry_candidates=1|active_relations=0|risk=proxy_neutral|microstructure=SOURCE_PENDING_NOT_USED,0,1,1,1,0,0,1,,medium_quality_setup,BASELINE_ALLOWED,1,0,0,0
TASK617|RKLB|20260528T181500Z|slot_decision_explanation,TASK617|RKLB|20260528T181500Z,RKLB,2026-06-01 14:30:00+00:00,2026-05-28 18:15:00+00:00,aerospace_defense_space,recent_oos,confirmation_required_candidate,setup=medium_quality_setup|catalyst=contract_supply_combo|price=price_confirmed_basic|theme=persistent_leadership|relation=company_positive_confirmation_needed,capacity=slot_competition_low|same_entry_candidates=1|active_relations=0|risk=proxy_neutral|microstructure=SOURCE_PENDING_NOT_USED,0,1,1,1,0,0,1,,medium_quality_setup,BASELINE_ALLOWED,1,0,0,0
