report_dir,relative_path,source_path,target_path,artifact_class,size_bytes,archive_state,migration_action,reference_count,references,directory_reference_count,directory_references
task_406_deterministic_decision_rebuild,artifact_manifest.csv,docs/reports/task_406_deterministic_decision_rebuild/artifact_manifest.csv,data/artifacts/task_406_deterministic_decision_rebuild/artifact_manifest.csv,small_table,862,archive_candidate,keep_small_or_report_artifact,1,tasks/archive_candidate_registry.csv,3,src/backtest/build_task406_deterministic_decision_rebuild.py|src/backtest/build_task406_professional_combo_validation.py|tasks/archive_candidate_registry.csv
task_406_deterministic_decision_rebuild,decision_factor_lineage_audit.csv,docs/reports/task_406_deterministic_decision_rebuild/decision_factor_lineage_audit.csv,data/artifacts/task_406_deterministic_decision_rebuild/decision_factor_lineage_audit.csv,decision,244167078,archive_candidate,keep_small_or_report_artifact,0,,3,src/backtest/build_task406_deterministic_decision_rebuild.py|src/backtest/build_task406_professional_combo_validation.py|tasks/archive_candidate_registry.csv
task_406_deterministic_decision_rebuild,decision_source_discipline_audit.csv,docs/reports/task_406_deterministic_decision_rebuild/decision_source_discipline_audit.csv,data/artifacts/task_406_deterministic_decision_rebuild/decision_source_discipline_audit.csv,decision,1759,archive_candidate,keep_small_or_report_artifact,0,,3,src/backtest/build_task406_deterministic_decision_rebuild.py|src/backtest/build_task406_professional_combo_validation.py|tasks/archive_candidate_registry.csv
task_406_deterministic_decision_rebuild,enriched_decision_snapshot_log.csv,docs/reports/task_406_deterministic_decision_rebuild/enriched_decision_snapshot_log.csv,data/artifacts/task_406_deterministic_decision_rebuild/enriched_decision_snapshot_log.csv,decision,593424967,archive_candidate,keep_small_or_report_artifact,0,,3,src/backtest/build_task406_deterministic_decision_rebuild.py|src/backtest/build_task406_professional_combo_validation.py|tasks/archive_candidate_registry.csv
task_406_deterministic_decision_rebuild,enriched_entry_candidate_log.csv,docs/reports/task_406_deterministic_decision_rebuild/enriched_entry_candidate_log.csv,data/artifacts/task_406_deterministic_decision_rebuild/enriched_entry_candidate_log.csv,large_panel,465947726,archive_candidate,skip_referenced,1,src/backtest/build_task406_professional_combo_validation.py,3,src/backtest/build_task406_deterministic_decision_rebuild.py|src/backtest/build_task406_professional_combo_validation.py|tasks/archive_candidate_registry.csv
task_406_deterministic_decision_rebuild,raw_decision_rebuild_comparison.csv,docs/reports/task_406_deterministic_decision_rebuild/raw_decision_rebuild_comparison.csv,data/artifacts/task_406_deterministic_decision_rebuild/raw_decision_rebuild_comparison.csv,decision,246,archive_candidate,keep_small_or_report_artifact,0,,3,src/backtest/build_task406_deterministic_decision_rebuild.py|src/backtest/build_task406_professional_combo_validation.py|tasks/archive_candidate_registry.csv
task_406_deterministic_decision_rebuild,task_406_deterministic_decision_rebuild.md,docs/reports/task_406_deterministic_decision_rebuild/task_406_deterministic_decision_rebuild.md,data/artifacts/task_406_deterministic_decision_rebuild/task_406_deterministic_decision_rebuild.md,report,907,archive_candidate,keep_small_or_report_artifact,0,,3,src/backtest/build_task406_deterministic_decision_rebuild.py|src/backtest/build_task406_professional_combo_validation.py|tasks/archive_candidate_registry.csv
task_406_deterministic_decision_rebuild,task_406b_decision.csv,docs/reports/task_406_deterministic_decision_rebuild/task_406b_decision.csv,data/artifacts/task_406_deterministic_decision_rebuild/task_406b_decision.csv,decision,482,archive_candidate,keep_small_or_report_artifact,0,,3,src/backtest/build_task406_deterministic_decision_rebuild.py|src/backtest/build_task406_professional_combo_validation.py|tasks/archive_candidate_registry.csv
task_401_forward_live_canonical_multifactor_decision_layer,artifact_manifest.csv,docs/reports/task_401_forward_live_canonical_multifactor_decision_layer/artifact_manifest.csv,data/artifacts/task_401_forward_live_canonical_multifactor_decision_layer/artifact_manifest.csv,small_table,1636,archive_candidate,keep_small_or_report_artifact,1,tasks/archive_candidate_registry.csv,6,src/backtest/build_decision_labelability_audit_402r.py|src/backtest/build_forward_live_canonical_multifactor_decision_layer_401.py|src/backtest/build_refined_archetype_portfolio_rebuild_405.py|src/backtest/build_task401_exact_label_generation_404.py|src/backtest/build_task406_deterministic_decision_rebuild.py|tasks/archive_candidate_registry.csv
task_401_forward_live_canonical_multifactor_decision_layer,decision_ordering_invariant_audit.csv,docs/reports/task_401_forward_live_canonical_multifactor_decision_layer/decision_ordering_invariant_audit.csv,data/artifacts/task_401_forward_live_canonical_multifactor_decision_layer/decision_ordering_invariant_audit.csv,decision,66,archive_candidate,keep_small_or_report_artifact,0,,6,src/backtest/build_decision_labelability_audit_402r.py|src/backtest/build_forward_live_canonical_multifactor_decision_layer_401.py|src/backtest/build_refined_archetype_portfolio_rebuild_405.py|src/backtest/build_task401_exact_label_generation_404.py|src/backtest/build_task406_deterministic_decision_rebuild.py|tasks/archive_candidate_registry.csv
task_401_forward_live_canonical_multifactor_decision_layer,multifactor_accepted_lifecycle_event_log.csv,docs/reports/task_401_forward_live_canonical_multifactor_decision_layer/multifactor_accepted_lifecycle_event_log.csv,data/artifacts/task_401_forward_live_canonical_multifactor_decision_layer/multifactor_accepted_lifecycle_event_log.csv,large_panel,29153946,archive_candidate,skip_referenced,1,src/backtest/build_task401_exact_label_generation_404.py,6,src/backtest/build_decision_labelability_audit_402r.py|src/backtest/build_forward_live_canonical_multifactor_decision_layer_401.py|src/backtest/build_refined_archetype_portfolio_rebuild_405.py|src/backtest/build_task401_exact_label_generation_404.py|src/backtest/build_task406_deterministic_decision_rebuild.py|tasks/archive_candidate_registry.csv
task_401_forward_live_canonical_multifactor_decision_layer,multifactor_bucket_quality_offline_label_audit.csv,docs/reports/task_401_forward_live_canonical_multifactor_decision_layer/multifactor_bucket_quality_offline_label_audit.csv,data/artifacts/task_401_forward_live_canonical_multifactor_decision_layer/multifactor_bucket_quality_offline_label_audit.csv,small_table,223,archive_candidate,keep_small_or_report_artifact,0,,6,src/backtest/build_decision_labelability_audit_402r.py|src/backtest/build_forward_live_canonical_multifactor_decision_layer_401.py|src/backtest/build_refined_archetype_portfolio_rebuild_405.py|src/backtest/build_task401_exact_label_generation_404.py|src/backtest/build_task406_deterministic_decision_rebuild.py|tasks/archive_candidate_registry.csv
task_401_forward_live_canonical_multifactor_decision_layer,multifactor_continuation_decision_log.csv,docs/reports/task_401_forward_live_canonical_multifactor_decision_layer/multifactor_continuation_decision_log.csv,data/artifacts/task_401_forward_live_canonical_multifactor_decision_layer/multifactor_continuation_decision_log.csv,decision,126431119,archive_candidate,keep_small_or_report_artifact,0,,6,src/backtest/build_decision_labelability_audit_402r.py|src/backtest/build_forward_live_canonical_multifactor_decision_layer_401.py|src/backtest/build_refined_archetype_portfolio_rebuild_405.py|src/backtest/build_task401_exact_label_generation_404.py|src/backtest/build_task406_deterministic_decision_rebuild.py|tasks/archive_candidate_registry.csv
task_401_forward_live_canonical_multifactor_decision_layer,multifactor_decision_snapshot_log.csv,docs/reports/task_401_forward_live_canonical_multifactor_decision_layer/multifactor_decision_snapshot_log.csv,data/artifacts/task_401_forward_live_canonical_multifactor_decision_layer/multifactor_decision_snapshot_log.csv,decision,592378205,archive_candidate,keep_small_or_report_artifact,1,src/backtest/build_task406_deterministic_decision_rebuild.py,6,src/backtest/build_decision_labelability_audit_402r.py|src/backtest/build_forward_live_canonical_multifactor_decision_layer_401.py|src/backtest/build_refined_archetype_portfolio_rebuild_405.py|src/backtest/build_task401_exact_label_generation_404.py|src/backtest/build_task406_deterministic_decision_rebuild.py|tasks/archive_candidate_registry.csv
task_401_forward_live_canonical_multifactor_decision_layer,multifactor_entry_candidate_log.csv,docs/reports/task_401_forward_live_canonical_multifactor_decision_layer/multifactor_entry_candidate_log.csv,data/artifacts/task_401_forward_live_canonical_multifactor_decision_layer/multifactor_entry_candidate_log.csv,large_panel,465947726,archive_candidate,skip_referenced,3,src/backtest/build_decision_labelability_audit_402r.py|src/backtest/build_refined_archetype_portfolio_rebuild_405.py|src/backtest/build_task401_exact_label_generation_404.py,6,src/backtest/build_decision_labelability_audit_402r.py|src/backtest/build_forward_live_canonical_multifactor_decision_layer_401.py|src/backtest/build_refined_archetype_portfolio_rebuild_405.py|src/backtest/build_task401_exact_label_generation_404.py|src/backtest/build_task406_deterministic_decision_rebuild.py|tasks/archive_candidate_registry.csv
task_401_forward_live_canonical_multifactor_decision_layer,multifactor_filter_component_audit.csv,docs/reports/task_401_forward_live_canonical_multifactor_decision_layer/multifactor_filter_component_audit.csv,data/artifacts/task_401_forward_live_canonical_multifactor_decision_layer/multifactor_filter_component_audit.csv,small_table,4693,archive_candidate,keep_small_or_report_artifact,0,,6,src/backtest/build_decision_labelability_audit_402r.py|src/backtest/build_forward_live_canonical_multifactor_decision_layer_401.py|src/backtest/build_refined_archetype_portfolio_rebuild_405.py|src/backtest/build_task401_exact_label_generation_404.py|src/backtest/build_task406_deterministic_decision_rebuild.py|tasks/archive_candidate_registry.csv
task_401_forward_live_canonical_multifactor_decision_layer,multifactor_leakage_audit.csv,docs/reports/task_401_forward_live_canonical_multifactor_decision_layer/multifactor_leakage_audit.csv,data/artifacts/task_401_forward_live_canonical_multifactor_decision_layer/multifactor_leakage_audit.csv,small_table,534,archive_candidate,keep_small_or_report_artifact,0,,6,src/backtest/build_decision_labelability_audit_402r.py|src/backtest/build_forward_live_canonical_multifactor_decision_layer_401.py|src/backtest/build_refined_archetype_portfolio_rebuild_405.py|src/backtest/build_task401_exact_label_generation_404.py|src/backtest/build_task406_deterministic_decision_rebuild.py|tasks/archive_candidate_registry.csv
task_401_forward_live_canonical_multifactor_decision_layer,multifactor_policy_comparison_audit.csv,docs/reports/task_401_forward_live_canonical_multifactor_decision_layer/multifactor_policy_comparison_audit.csv,data/artifacts/task_401_forward_live_canonical_multifactor_decision_layer/multifactor_policy_comparison_audit.csv,small_table,386,archive_candidate,keep_small_or_report_artifact,0,,6,src/backtest/build_decision_labelability_audit_402r.py|src/backtest/build_forward_live_canonical_multifactor_decision_layer_401.py|src/backtest/build_refined_archetype_portfolio_rebuild_405.py|src/backtest/build_task401_exact_label_generation_404.py|src/backtest/build_task406_deterministic_decision_rebuild.py|tasks/archive_candidate_registry.csv
task_401_forward_live_canonical_multifactor_decision_layer,multifactor_rejected_candidate_audit.csv,docs/reports/task_401_forward_live_canonical_multifactor_decision_layer/multifactor_rejected_candidate_audit.csv,data/artifacts/task_401_forward_live_canonical_multifactor_decision_layer/multifactor_rejected_candidate_audit.csv,small_table,174809,archive_candidate,keep_small_or_report_artifact,0,,6,src/backtest/build_decision_labelability_audit_402r.py|src/backtest/build_forward_live_canonical_multifactor_decision_layer_401.py|src/backtest/build_refined_archetype_portfolio_rebuild_405.py|src/backtest/build_task401_exact_label_generation_404.py|src/backtest/build_task406_deterministic_decision_rebuild.py|tasks/archive_candidate_registry.csv
task_401_forward_live_canonical_multifactor_decision_layer,source_discipline_audit.csv,docs/reports/task_401_forward_live_canonical_multifactor_decision_layer/source_discipline_audit.csv,data/artifacts/task_401_forward_live_canonical_multifactor_decision_layer/source_discipline_audit.csv,small_table,369,archive_candidate,keep_small_or_report_artifact,0,,6,src/backtest/build_decision_labelability_audit_402r.py|src/backtest/build_forward_live_canonical_multifactor_decision_layer_401.py|src/backtest/build_refined_archetype_portfolio_rebuild_405.py|src/backtest/build_task401_exact_label_generation_404.py|src/backtest/build_task406_deterministic_decision_rebuild.py|tasks/archive_candidate_registry.csv
task_401_forward_live_canonical_multifactor_decision_layer,task_401_decision.csv,docs/reports/task_401_forward_live_canonical_multifactor_decision_layer/task_401_decision.csv,data/artifacts/task_401_forward_live_canonical_multifactor_decision_layer/task_401_decision.csv,decision,629,archive_candidate,keep_small_or_report_artifact,0,,6,src/backtest/build_decision_labelability_audit_402r.py|src/backtest/build_forward_live_canonical_multifactor_decision_layer_401.py|src/backtest/build_refined_archetype_portfolio_rebuild_405.py|src/backtest/build_task401_exact_label_generation_404.py|src/backtest/build_task406_deterministic_decision_rebuild.py|tasks/archive_candidate_registry.csv
task_401_forward_live_canonical_multifactor_decision_layer,task_401_forward_live_canonical_multifactor_decision_layer.md,docs/reports/task_401_forward_live_canonical_multifactor_decision_layer/task_401_forward_live_canonical_multifactor_decision_layer.md,data/artifacts/task_401_forward_live_canonical_multifactor_decision_layer/task_401_forward_live_canonical_multifactor_decision_layer.md,report,2454,archive_candidate,keep_small_or_report_artifact,0,,6,src/backtest/build_decision_labelability_audit_402r.py|src/backtest/build_forward_live_canonical_multifactor_decision_layer_401.py|src/backtest/build_refined_archetype_portfolio_rebuild_405.py|src/backtest/build_task401_exact_label_generation_404.py|src/backtest/build_task406_deterministic_decision_rebuild.py|tasks/archive_candidate_registry.csv
task_407_raw_native_vectorized_rebuild,artifact_manifest.csv,docs/reports/task_407_raw_native_vectorized_rebuild/artifact_manifest.csv,data/artifacts/task_407_raw_native_vectorized_rebuild/artifact_manifest.csv,small_table,1109,archive_candidate,keep_small_or_report_artifact,1,tasks/archive_candidate_registry.csv,3,src/backtest/build_task407_raw_native_vectorized_rebuild.py|src/backtest/build_task480_symbol_structure_continuation_diagnostics.py|tasks/archive_candidate_registry.csv
task_407_raw_native_vectorized_rebuild,entry_reduce_failure_decomposition.csv,docs/reports/task_407_raw_native_vectorized_rebuild/entry_reduce_failure_decomposition.csv,data/artifacts/task_407_raw_native_vectorized_rebuild/entry_reduce_failure_decomposition.csv,small_table,2152,archive_candidate,keep_small_or_report_artifact,0,,3,src/backtest/build_task407_raw_native_vectorized_rebuild.py|src/backtest/build_task480_symbol_structure_continuation_diagnostics.py|tasks/archive_candidate_registry.csv
task_407_raw_native_vectorized_rebuild,raw_native_combo_quality.csv,docs/reports/task_407_raw_native_vectorized_rebuild/raw_native_combo_quality.csv,data/artifacts/task_407_raw_native_vectorized_rebuild/raw_native_combo_quality.csv,small_table,77669,archive_candidate,keep_small_or_report_artifact,0,,3,src/backtest/build_task407_raw_native_vectorized_rebuild.py|src/backtest/build_task480_symbol_structure_continuation_diagnostics.py|tasks/archive_candidate_registry.csv
task_407_raw_native_vectorized_rebuild,raw_native_decision_snapshot_log.csv,docs/reports/task_407_raw_native_vectorized_rebuild/raw_native_decision_snapshot_log.csv,data/artifacts/task_407_raw_native_vectorized_rebuild/raw_native_decision_snapshot_log.csv,decision,354964924,archive_candidate,keep_small_or_report_artifact,0,,3,src/backtest/build_task407_raw_native_vectorized_rebuild.py|src/backtest/build_task480_symbol_structure_continuation_diagnostics.py|tasks/archive_candidate_registry.csv
task_407_raw_native_vectorized_rebuild,raw_native_entry_candidate_log.csv.migrated.txt,docs/reports/task_407_raw_native_vectorized_rebuild/raw_native_entry_candidate_log.csv.migrated.txt,data/artifacts/task_407_raw_native_vectorized_rebuild/raw_native_entry_candidate_log.csv.migrated.txt,other,404,archive_candidate,keep_small_or_report_artifact,0,,3,src/backtest/build_task407_raw_native_vectorized_rebuild.py|src/backtest/build_task480_symbol_structure_continuation_diagnostics.py|tasks/archive_candidate_registry.csv
task_407_raw_native_vectorized_rebuild,raw_native_label_quality_summary.csv,docs/reports/task_407_raw_native_vectorized_rebuild/raw_native_label_quality_summary.csv,data/artifacts/task_407_raw_native_vectorized_rebuild/raw_native_label_quality_summary.csv,small_table,320,archive_candidate,keep_small_or_report_artifact,0,,3,src/backtest/build_task407_raw_native_vectorized_rebuild.py|src/backtest/build_task480_symbol_structure_continuation_diagnostics.py|tasks/archive_candidate_registry.csv
task_407_raw_native_vectorized_rebuild,raw_native_lifecycle_event_log.csv.migrated.txt,docs/reports/task_407_raw_native_vectorized_rebuild/raw_native_lifecycle_event_log.csv.migrated.txt,data/artifacts/task_407_raw_native_vectorized_rebuild/raw_native_lifecycle_event_log.csv.migrated.txt,other,404,archive_candidate,keep_small_or_report_artifact,0,,3,src/backtest/build_task407_raw_native_vectorized_rebuild.py|src/backtest/build_task480_symbol_structure_continuation_diagnostics.py|tasks/archive_candidate_registry.csv
task_407_raw_native_vectorized_rebuild,raw_native_lifecycle_labels.csv.migrated.txt,docs/reports/task_407_raw_native_vectorized_rebuild/raw_native_lifecycle_labels.csv.migrated.txt,data/artifacts/task_407_raw_native_vectorized_rebuild/raw_native_lifecycle_labels.csv.migrated.txt,other,398,archive_candidate,keep_small_or_report_artifact,0,,3,src/backtest/build_task407_raw_native_vectorized_rebuild.py|src/backtest/build_task480_symbol_structure_continuation_diagnostics.py|tasks/archive_candidate_registry.csv
task_407_raw_native_vectorized_rebuild,task_407_decision.csv,docs/reports/task_407_raw_native_vectorized_rebuild/task_407_decision.csv,data/artifacts/task_407_raw_native_vectorized_rebuild/task_407_decision.csv,decision,580,archive_candidate,keep_small_or_report_artifact,0,,3,src/backtest/build_task407_raw_native_vectorized_rebuild.py|src/backtest/build_task480_symbol_structure_continuation_diagnostics.py|tasks/archive_candidate_registry.csv
task_407_raw_native_vectorized_rebuild,task_407_raw_native_vectorized_rebuild.md,docs/reports/task_407_raw_native_vectorized_rebuild/task_407_raw_native_vectorized_rebuild.md,data/artifacts/task_407_raw_native_vectorized_rebuild/task_407_raw_native_vectorized_rebuild.md,report,3572,archive_candidate,keep_small_or_report_artifact,0,,3,src/backtest/build_task407_raw_native_vectorized_rebuild.py|src/backtest/build_task480_symbol_structure_continuation_diagnostics.py|tasks/archive_candidate_registry.csv
task_487_regime_phase_target_validation,artifact_manifest.csv,docs/reports/task_487_regime_phase_target_validation/artifact_manifest.csv,data/artifacts/task_487_regime_phase_target_validation/artifact_manifest.csv,small_table,1320,archive_candidate,keep_small_or_report_artifact,1,tasks/archive_candidate_registry.csv,4,src/backtest/build_task487_regime_phase_target_validation.py|src/backtest/build_task488_regime_only_target_recovery.py|src/backtest/build_task489_broad_regime_cell_portfolio.py|tasks/archive_candidate_registry.csv
task_487_regime_phase_target_validation,refined_market_phase_panel.csv,docs/reports/task_487_regime_phase_target_validation/refined_market_phase_panel.csv,data/artifacts/task_487_regime_phase_target_validation/refined_market_phase_panel.csv,small_table,460176,archive_candidate,keep_small_or_report_artifact,0,,4,src/backtest/build_task487_regime_phase_target_validation.py|src/backtest/build_task488_regime_only_target_recovery.py|src/backtest/build_task489_broad_regime_cell_portfolio.py|tasks/archive_candidate_registry.csv
task_487_regime_phase_target_validation,refined_theme_phase_panel.csv,docs/reports/task_487_regime_phase_target_validation/refined_theme_phase_panel.csv,data/artifacts/task_487_regime_phase_target_validation/refined_theme_phase_panel.csv,small_table,4307944,archive_candidate,keep_small_or_report_artifact,0,,4,src/backtest/build_task487_regime_phase_target_validation.py|src/backtest/build_task488_regime_only_target_recovery.py|src/backtest/build_task489_broad_regime_cell_portfolio.py|tasks/archive_candidate_registry.csv
task_487_regime_phase_target_validation,regime_phase_combo_quality.csv,docs/reports/task_487_regime_phase_target_validation/regime_phase_combo_quality.csv,data/artifacts/task_487_regime_phase_target_validation/regime_phase_combo_quality.csv,small_table,8758,archive_candidate,keep_small_or_report_artifact,0,,4,src/backtest/build_task487_regime_phase_target_validation.py|src/backtest/build_task488_regime_only_target_recovery.py|src/backtest/build_task489_broad_regime_cell_portfolio.py|tasks/archive_candidate_registry.csv
task_487_regime_phase_target_validation,regime_phase_failure_audit.csv,docs/reports/task_487_regime_phase_target_validation/regime_phase_failure_audit.csv,data/artifacts/task_487_regime_phase_target_validation/regime_phase_failure_audit.csv,small_table,1895,archive_candidate,keep_small_or_report_artifact,0,,4,src/backtest/build_task487_regime_phase_target_validation.py|src/backtest/build_task488_regime_only_target_recovery.py|src/backtest/build_task489_broad_regime_cell_portfolio.py|tasks/archive_candidate_registry.csv
task_487_regime_phase_target_validation,regime_phase_leakage_audit.csv,docs/reports/task_487_regime_phase_target_validation/regime_phase_leakage_audit.csv,data/artifacts/task_487_regime_phase_target_validation/regime_phase_leakage_audit.csv,small_table,260,archive_candidate,keep_small_or_report_artifact,0,,4,src/backtest/build_task487_regime_phase_target_validation.py|src/backtest/build_task488_regime_only_target_recovery.py|src/backtest/build_task489_broad_regime_cell_portfolio.py|tasks/archive_candidate_registry.csv
task_487_regime_phase_target_validation,regime_phase_lifecycle_panel.csv,docs/reports/task_487_regime_phase_target_validation/regime_phase_lifecycle_panel.csv,data/artifacts/task_487_regime_phase_target_validation/regime_phase_lifecycle_panel.csv,large_panel,102928266,archive_candidate,skip_referenced,2,src/backtest/build_task488_regime_only_target_recovery.py|src/backtest/build_task489_broad_regime_cell_portfolio.py,4,src/backtest/build_task487_regime_phase_target_validation.py|src/backtest/build_task488_regime_only_target_recovery.py|src/backtest/build_task489_broad_regime_cell_portfolio.py|tasks/archive_candidate_registry.csv
task_487_regime_phase_target_validation,regime_phase_portfolio_quality.csv,docs/reports/task_487_regime_phase_target_validation/regime_phase_portfolio_quality.csv,data/artifacts/task_487_regime_phase_target_validation/regime_phase_portfolio_quality.csv,small_table,1038,archive_candidate,keep_small_or_report_artifact,0,,4,src/backtest/build_task487_regime_phase_target_validation.py|src/backtest/build_task488_regime_only_target_recovery.py|src/backtest/build_task489_broad_regime_cell_portfolio.py|tasks/archive_candidate_registry.csv
task_487_regime_phase_target_validation,regime_phase_portfolio_rulebook.csv,docs/reports/task_487_regime_phase_target_validation/regime_phase_portfolio_rulebook.csv,data/artifacts/task_487_regime_phase_target_validation/regime_phase_portfolio_rulebook.csv,small_table,1035,archive_candidate,keep_small_or_report_artifact,0,,4,src/backtest/build_task487_regime_phase_target_validation.py|src/backtest/build_task488_regime_only_target_recovery.py|src/backtest/build_task489_broad_regime_cell_portfolio.py|tasks/archive_candidate_registry.csv
task_487_regime_phase_target_validation,regime_phase_split_quality.csv,docs/reports/task_487_regime_phase_target_validation/regime_phase_split_quality.csv,data/artifacts/task_487_regime_phase_target_validation/regime_phase_split_quality.csv,small_table,2794,archive_candidate,keep_small_or_report_artifact,0,,4,src/backtest/build_task487_regime_phase_target_validation.py|src/backtest/build_task488_regime_only_target_recovery.py|src/backtest/build_task489_broad_regime_cell_portfolio.py|tasks/archive_candidate_registry.csv
task_487_regime_phase_target_validation,task_487_decision.csv,docs/reports/task_487_regime_phase_target_validation/task_487_decision.csv,data/artifacts/task_487_regime_phase_target_validation/task_487_decision.csv,decision,603,archive_candidate,keep_small_or_report_artifact,0,,4,src/backtest/build_task487_regime_phase_target_validation.py|src/backtest/build_task488_regime_only_target_recovery.py|src/backtest/build_task489_broad_regime_cell_portfolio.py|tasks/archive_candidate_registry.csv
task_487_regime_phase_target_validation,task_487_regime_only_phase_target_validation.md,docs/reports/task_487_regime_phase_target_validation/task_487_regime_only_phase_target_validation.md,data/artifacts/task_487_regime_phase_target_validation/task_487_regime_only_phase_target_validation.md,report,8840,archive_candidate,keep_small_or_report_artifact,0,,4,src/backtest/build_task487_regime_phase_target_validation.py|src/backtest/build_task488_regime_only_target_recovery.py|src/backtest/build_task489_broad_regime_cell_portfolio.py|tasks/archive_candidate_registry.csv
task_480_symbol_structure_continuation_diagnostics,artifact_manifest.csv,docs/reports/task_480_symbol_structure_continuation_diagnostics/artifact_manifest.csv,data/artifacts/task_480_symbol_structure_continuation_diagnostics/artifact_manifest.csv,small_table,1726,archive_candidate,keep_small_or_report_artifact,1,tasks/archive_candidate_registry.csv,4,src/backtest/build_task480_symbol_structure_continuation_diagnostics.py|src/backtest/build_task481_symbol_structure_robustness_and_failure_decomposition.py|src/backtest/build_task482_continuous_market_theme_regime_engine.py|tasks/archive_candidate_registry.csv
task_480_symbol_structure_continuation_diagnostics,entry_reduce_vs_add_scale_explanation.csv,docs/reports/task_480_symbol_structure_continuation_diagnostics/entry_reduce_vs_add_scale_explanation.csv,data/artifacts/task_480_symbol_structure_continuation_diagnostics/entry_reduce_vs_add_scale_explanation.csv,small_table,1868,archive_candidate,keep_small_or_report_artifact,0,,4,src/backtest/build_task480_symbol_structure_continuation_diagnostics.py|src/backtest/build_task481_symbol_structure_robustness_and_failure_decomposition.py|src/backtest/build_task482_continuous_market_theme_regime_engine.py|tasks/archive_candidate_registry.csv
task_480_symbol_structure_continuation_diagnostics,good_bad_configuration_audit.csv,docs/reports/task_480_symbol_structure_continuation_diagnostics/good_bad_configuration_audit.csv,data/artifacts/task_480_symbol_structure_continuation_diagnostics/good_bad_configuration_audit.csv,small_table,42435,archive_candidate,keep_small_or_report_artifact,0,,4,src/backtest/build_task480_symbol_structure_continuation_diagnostics.py|src/backtest/build_task481_symbol_structure_robustness_and_failure_decomposition.py|src/backtest/build_task482_continuous_market_theme_regime_engine.py|tasks/archive_candidate_registry.csv
task_480_symbol_structure_continuation_diagnostics,label_definition_stability_audit.csv,docs/reports/task_480_symbol_structure_continuation_diagnostics/label_definition_stability_audit.csv,data/artifacts/task_480_symbol_structure_continuation_diagnostics/label_definition_stability_audit.csv,small_table,794,archive_candidate,keep_small_or_report_artifact,0,,4,src/backtest/build_task480_symbol_structure_continuation_diagnostics.py|src/backtest/build_task481_symbol_structure_robustness_and_failure_decomposition.py|src/backtest/build_task482_continuous_market_theme_regime_engine.py|tasks/archive_candidate_registry.csv
task_480_symbol_structure_continuation_diagnostics,label_sensitivity_audit.csv,docs/reports/task_480_symbol_structure_continuation_diagnostics/label_sensitivity_audit.csv,data/artifacts/task_480_symbol_structure_continuation_diagnostics/label_sensitivity_audit.csv,small_table,653,archive_candidate,keep_small_or_report_artifact,0,,4,src/backtest/build_task480_symbol_structure_continuation_diagnostics.py|src/backtest/build_task481_symbol_structure_robustness_and_failure_decomposition.py|src/backtest/build_task482_continuous_market_theme_regime_engine.py|tasks/archive_candidate_registry.csv
task_480_symbol_structure_continuation_diagnostics,missing_microstructure_factor_audit.csv,docs/reports/task_480_symbol_structure_continuation_diagnostics/missing_microstructure_factor_audit.csv,data/artifacts/task_480_symbol_structure_continuation_diagnostics/missing_microstructure_factor_audit.csv,small_table,569,archive_candidate,keep_small_or_report_artifact,0,,4,src/backtest/build_task480_symbol_structure_continuation_diagnostics.py|src/backtest/build_task481_symbol_structure_robustness_and_failure_decomposition.py|src/backtest/build_task482_continuous_market_theme_regime_engine.py|tasks/archive_candidate_registry.csv
task_480_symbol_structure_continuation_diagnostics,symbol_structure_backtest_summary.csv,docs/reports/task_480_symbol_structure_continuation_diagnostics/symbol_structure_backtest_summary.csv,data/artifacts/task_480_symbol_structure_continuation_diagnostics/symbol_structure_backtest_summary.csv,small_table,607,archive_candidate,keep_small_or_report_artifact,0,,4,src/backtest/build_task480_symbol_structure_continuation_diagnostics.py|src/backtest/build_task481_symbol_structure_robustness_and_failure_decomposition.py|src/backtest/build_task482_continuous_market_theme_regime_engine.py|tasks/archive_candidate_registry.csv
task_480_symbol_structure_continuation_diagnostics,symbol_structure_factor_dictionary.csv,docs/reports/task_480_symbol_structure_continuation_diagnostics/symbol_structure_factor_dictionary.csv,data/artifacts/task_480_symbol_structure_continuation_diagnostics/symbol_structure_factor_dictionary.csv,small_table,1520,archive_candidate,keep_small_or_report_artifact,0,,4,src/backtest/build_task480_symbol_structure_continuation_diagnostics.py|src/backtest/build_task481_symbol_structure_robustness_and_failure_decomposition.py|src/backtest/build_task482_continuous_market_theme_regime_engine.py|tasks/archive_candidate_registry.csv
task_480_symbol_structure_continuation_diagnostics,symbol_structure_factor_group_quality.csv,docs/reports/task_480_symbol_structure_continuation_diagnostics/symbol_structure_factor_group_quality.csv,data/artifacts/task_480_symbol_structure_continuation_diagnostics/symbol_structure_factor_group_quality.csv,small_table,6185,archive_candidate,keep_small_or_report_artifact,0,,4,src/backtest/build_task480_symbol_structure_continuation_diagnostics.py|src/backtest/build_task481_symbol_structure_robustness_and_failure_decomposition.py|src/backtest/build_task482_continuous_market_theme_regime_engine.py|tasks/archive_candidate_registry.csv
task_480_symbol_structure_continuation_diagnostics,symbol_structure_interaction_quality.csv,docs/reports/task_480_symbol_structure_continuation_diagnostics/symbol_structure_interaction_quality.csv,data/artifacts/task_480_symbol_structure_continuation_diagnostics/symbol_structure_interaction_quality.csv,small_table,139178,archive_candidate,keep_small_or_report_artifact,0,,4,src/backtest/build_task480_symbol_structure_continuation_diagnostics.py|src/backtest/build_task481_symbol_structure_robustness_and_failure_decomposition.py|src/backtest/build_task482_continuous_market_theme_regime_engine.py|tasks/archive_candidate_registry.csv
task_480_symbol_structure_continuation_diagnostics,symbol_structure_label_panel.csv.migrated.txt,docs/reports/task_480_symbol_structure_continuation_diagnostics/symbol_structure_label_panel.csv.migrated.txt,data/artifacts/task_480_symbol_structure_continuation_diagnostics/symbol_structure_label_panel.csv.migrated.txt,other,424,archive_candidate,keep_small_or_report_artifact,0,,4,src/backtest/build_task480_symbol_structure_continuation_diagnostics.py|src/backtest/build_task481_symbol_structure_robustness_and_failure_decomposition.py|src/backtest/build_task482_continuous_market_theme_regime_engine.py|tasks/archive_candidate_registry.csv
task_480_symbol_structure_continuation_diagnostics,symbol_structure_leakage_audit.csv,docs/reports/task_480_symbol_structure_continuation_diagnostics/symbol_structure_leakage_audit.csv,data/artifacts/task_480_symbol_structure_continuation_diagnostics/symbol_structure_leakage_audit.csv,small_table,384,archive_candidate,keep_small_or_report_artifact,0,,4,src/backtest/build_task480_symbol_structure_continuation_diagnostics.py|src/backtest/build_task481_symbol_structure_robustness_and_failure_decomposition.py|src/backtest/build_task482_continuous_market_theme_regime_engine.py|tasks/archive_candidate_registry.csv
task_480_symbol_structure_continuation_diagnostics,symbol_structure_snapshot_log.csv,docs/reports/task_480_symbol_structure_continuation_diagnostics/symbol_structure_snapshot_log.csv,data/artifacts/task_480_symbol_structure_continuation_diagnostics/symbol_structure_snapshot_log.csv,large_panel,96359035,archive_candidate,skip_referenced,1,src/backtest/build_task482_continuous_market_theme_regime_engine.py,4,src/backtest/build_task480_symbol_structure_continuation_diagnostics.py|src/backtest/build_task481_symbol_structure_robustness_and_failure_decomposition.py|src/backtest/build_task482_continuous_market_theme_regime_engine.py|tasks/archive_candidate_registry.csv
task_480_symbol_structure_continuation_diagnostics,task_480_decision.csv,docs/reports/task_480_symbol_structure_continuation_diagnostics/task_480_decision.csv,data/artifacts/task_480_symbol_structure_continuation_diagnostics/task_480_decision.csv,decision,951,archive_candidate,keep_small_or_report_artifact,0,,4,src/backtest/build_task480_symbol_structure_continuation_diagnostics.py|src/backtest/build_task481_symbol_structure_robustness_and_failure_decomposition.py|src/backtest/build_task482_continuous_market_theme_regime_engine.py|tasks/archive_candidate_registry.csv
task_480_symbol_structure_continuation_diagnostics,task_480_symbol_structure_continuation_diagnostics.md,docs/reports/task_480_symbol_structure_continuation_diagnostics/task_480_symbol_structure_continuation_diagnostics.md,data/artifacts/task_480_symbol_structure_continuation_diagnostics/task_480_symbol_structure_continuation_diagnostics.md,report,19110,archive_candidate,keep_small_or_report_artifact,0,,4,src/backtest/build_task480_symbol_structure_continuation_diagnostics.py|src/backtest/build_task481_symbol_structure_robustness_and_failure_decomposition.py|src/backtest/build_task482_continuous_market_theme_regime_engine.py|tasks/archive_candidate_registry.csv
task_396_forward_live_cost_constrained_validation,artifact_manifest.csv,docs/reports/task_396_forward_live_cost_constrained_validation/artifact_manifest.csv,data/artifacts/task_396_forward_live_cost_constrained_validation/artifact_manifest.csv,small_table,1099,archive_candidate,keep_small_or_report_artifact,1,tasks/archive_candidate_registry.csv,4,src/backtest/build_forward_live_cost_constrained_validation_396.py|src/backtest/build_forward_live_strict_false_positive_decomposition_397.py|src/backtest/build_portfolio_path_equity_curve_simulation_398.py|tasks/archive_candidate_registry.csv
task_396_forward_live_cost_constrained_validation,capital_exposure_audit.csv,docs/reports/task_396_forward_live_cost_constrained_validation/capital_exposure_audit.csv,data/artifacts/task_396_forward_live_cost_constrained_validation/capital_exposure_audit.csv,small_table,538,archive_candidate,keep_small_or_report_artifact,0,,4,src/backtest/build_forward_live_cost_constrained_validation_396.py|src/backtest/build_forward_live_strict_false_positive_decomposition_397.py|src/backtest/build_portfolio_path_equity_curve_simulation_398.py|tasks/archive_candidate_registry.csv
task_396_forward_live_cost_constrained_validation,cost_constrained_lifecycle_panel.csv,docs/reports/task_396_forward_live_cost_constrained_validation/cost_constrained_lifecycle_panel.csv,data/artifacts/task_396_forward_live_cost_constrained_validation/cost_constrained_lifecycle_panel.csv,large_panel,36374321,archive_candidate,skip_referenced,2,src/backtest/build_forward_live_strict_false_positive_decomposition_397.py|src/backtest/build_portfolio_path_equity_curve_simulation_398.py,4,src/backtest/build_forward_live_cost_constrained_validation_396.py|src/backtest/build_forward_live_strict_false_positive_decomposition_397.py|src/backtest/build_portfolio_path_equity_curve_simulation_398.py|tasks/archive_candidate_registry.csv
task_396_forward_live_cost_constrained_validation,cost_constrained_policy_quality.csv,docs/reports/task_396_forward_live_cost_constrained_validation/cost_constrained_policy_quality.csv,data/artifacts/task_396_forward_live_cost_constrained_validation/cost_constrained_policy_quality.csv,small_table,1352,archive_candidate,keep_small_or_report_artifact,0,,4,src/backtest/build_forward_live_cost_constrained_validation_396.py|src/backtest/build_forward_live_strict_false_positive_decomposition_397.py|src/backtest/build_portfolio_path_equity_curve_simulation_398.py|tasks/archive_candidate_registry.csv
task_396_forward_live_cost_constrained_validation,cost_constrained_split_quality.csv,docs/reports/task_396_forward_live_cost_constrained_validation/cost_constrained_split_quality.csv,data/artifacts/task_396_forward_live_cost_constrained_validation/cost_constrained_split_quality.csv,small_table,4114,archive_candidate,keep_small_or_report_artifact,0,,4,src/backtest/build_forward_live_cost_constrained_validation_396.py|src/backtest/build_forward_live_strict_false_positive_decomposition_397.py|src/backtest/build_portfolio_path_equity_curve_simulation_398.py|tasks/archive_candidate_registry.csv
task_396_forward_live_cost_constrained_validation,cost_constrained_transition_quality.csv,docs/reports/task_396_forward_live_cost_constrained_validation/cost_constrained_transition_quality.csv,data/artifacts/task_396_forward_live_cost_constrained_validation/cost_constrained_transition_quality.csv,small_table,9178,archive_candidate,keep_small_or_report_artifact,0,,4,src/backtest/build_forward_live_cost_constrained_validation_396.py|src/backtest/build_forward_live_strict_false_positive_decomposition_397.py|src/backtest/build_portfolio_path_equity_curve_simulation_398.py|tasks/archive_candidate_registry.csv
task_396_forward_live_cost_constrained_validation,cost_model_assumptions.csv,docs/reports/task_396_forward_live_cost_constrained_validation/cost_model_assumptions.csv,data/artifacts/task_396_forward_live_cost_constrained_validation/cost_model_assumptions.csv,small_table,360,archive_candidate,keep_small_or_report_artifact,0,,4,src/backtest/build_forward_live_cost_constrained_validation_396.py|src/backtest/build_forward_live_strict_false_positive_decomposition_397.py|src/backtest/build_portfolio_path_equity_curve_simulation_398.py|tasks/archive_candidate_registry.csv
task_396_forward_live_cost_constrained_validation,forward_live_degradation_audit.csv,docs/reports/task_396_forward_live_cost_constrained_validation/forward_live_degradation_audit.csv,data/artifacts/task_396_forward_live_cost_constrained_validation/forward_live_degradation_audit.csv,small_table,653,archive_candidate,keep_small_or_report_artifact,0,,4,src/backtest/build_forward_live_cost_constrained_validation_396.py|src/backtest/build_forward_live_strict_false_positive_decomposition_397.py|src/backtest/build_portfolio_path_equity_curve_simulation_398.py|tasks/archive_candidate_registry.csv
task_396_forward_live_cost_constrained_validation,task_396_decision.csv,docs/reports/task_396_forward_live_cost_constrained_validation/task_396_decision.csv,data/artifacts/task_396_forward_live_cost_constrained_validation/task_396_decision.csv,decision,812,archive_candidate,keep_small_or_report_artifact,0,,4,src/backtest/build_forward_live_cost_constrained_validation_396.py|src/backtest/build_forward_live_strict_false_positive_decomposition_397.py|src/backtest/build_portfolio_path_equity_curve_simulation_398.py|tasks/archive_candidate_registry.csv
task_396_forward_live_cost_constrained_validation,task_396_forward_live_cost_constrained_validation.md,docs/reports/task_396_forward_live_cost_constrained_validation/task_396_forward_live_cost_constrained_validation.md,data/artifacts/task_396_forward_live_cost_constrained_validation/task_396_forward_live_cost_constrained_validation.md,report,6967,archive_candidate,keep_small_or_report_artifact,0,,4,src/backtest/build_forward_live_cost_constrained_validation_396.py|src/backtest/build_forward_live_strict_false_positive_decomposition_397.py|src/backtest/build_portfolio_path_equity_curve_simulation_398.py|tasks/archive_candidate_registry.csv
task_492_microstructure_source_collection,artifact_manifest.csv,docs/reports/task_492_microstructure_source_collection/artifact_manifest.csv,data/artifacts/task_492_microstructure_source_collection/artifact_manifest.csv,small_table,765,canonical_or_active,keep_not_archive_candidate,1,tasks/archive_candidate_registry.csv,4,src/backtest/analysis_structural_breakout_task494_microstructure_goal_synthesis.py|src/backtest/build_task492_microstructure_source_collection.py|tasks/archive_candidate_registry.csv|tasks/task_registry.csv
task_492_microstructure_source_collection,microstructure_collection_gap_audit.csv,docs/reports/task_492_microstructure_source_collection/microstructure_collection_gap_audit.csv,data/artifacts/task_492_microstructure_source_collection/microstructure_collection_gap_audit.csv,small_table,182,canonical_or_active,keep_not_archive_candidate,0,,4,src/backtest/analysis_structural_breakout_task494_microstructure_goal_synthesis.py|src/backtest/build_task492_microstructure_source_collection.py|tasks/archive_candidate_registry.csv|tasks/task_registry.csv
task_492_microstructure_source_collection,microstructure_entry_feature_panel.csv,docs/reports/task_492_microstructure_source_collection/microstructure_entry_feature_panel.csv,data/artifacts/task_492_microstructure_source_collection/microstructure_entry_feature_panel.csv,small_table,304604,canonical_or_active,keep_not_archive_candidate,0,,4,src/backtest/analysis_structural_breakout_task494_microstructure_goal_synthesis.py|src/backtest/build_task492_microstructure_source_collection.py|tasks/archive_candidate_registry.csv|tasks/task_registry.csv
task_492_microstructure_source_collection,microstructure_source_availability_audit.csv,docs/reports/task_492_microstructure_source_collection/microstructure_source_availability_audit.csv,data/artifacts/task_492_microstructure_source_collection/microstructure_source_availability_audit.csv,small_table,462,canonical_or_active,keep_not_archive_candidate,0,,4,src/backtest/analysis_structural_breakout_task494_microstructure_goal_synthesis.py|src/backtest/build_task492_microstructure_source_collection.py|tasks/archive_candidate_registry.csv|tasks/task_registry.csv
task_492_microstructure_source_collection,raw_quote_entry_window_panel.csv,docs/reports/task_492_microstructure_source_collection/raw_quote_entry_window_panel.csv,data/artifacts/task_492_microstructure_source_collection/raw_quote_entry_window_panel.csv,large_panel,32668095,canonical_or_active,keep_not_archive_candidate,0,,4,src/backtest/analysis_structural_breakout_task494_microstructure_goal_synthesis.py|src/backtest/build_task492_microstructure_source_collection.py|tasks/archive_candidate_registry.csv|tasks/task_registry.csv
task_492_microstructure_source_collection,task_492_decision.csv,docs/reports/task_492_microstructure_source_collection/task_492_decision.csv,data/artifacts/task_492_microstructure_source_collection/task_492_decision.csv,decision,467,canonical_or_active,keep_not_archive_candidate,2,src/backtest/analysis_structural_breakout_task494_microstructure_goal_synthesis.py|tasks/task_registry.csv,4,src/backtest/analysis_structural_breakout_task494_microstructure_goal_synthesis.py|src/backtest/build_task492_microstructure_source_collection.py|tasks/archive_candidate_registry.csv|tasks/task_registry.csv
task_492_microstructure_source_collection,task_492_microstructure_source_collection.md,docs/reports/task_492_microstructure_source_collection/task_492_microstructure_source_collection.md,data/artifacts/task_492_microstructure_source_collection/task_492_microstructure_source_collection.md,report,1217,canonical_or_active,keep_not_archive_candidate,1,tasks/task_registry.csv,4,src/backtest/analysis_structural_breakout_task494_microstructure_goal_synthesis.py|src/backtest/build_task492_microstructure_source_collection.py|tasks/archive_candidate_registry.csv|tasks/task_registry.csv
task_399_intraday_universe_history_expansion,artifact_manifest.csv,docs/reports/task_399_intraday_universe_history_expansion/artifact_manifest.csv,data/artifacts/task_399_intraday_universe_history_expansion/artifact_manifest.csv,small_table,7831,archive_candidate,keep_small_or_report_artifact,1,tasks/archive_candidate_registry.csv,8,src/backtest/build_decision_labelability_audit_402r.py|src/backtest/build_forward_live_canonical_multifactor_decision_layer_401.py|src/backtest/build_forward_live_entry_quality_filter_discovery_400.py|src/backtest/build_intraday_universe_history_expansion_399.py|src/backtest/build_multi_archetype_continuation_portfolio_discovery_403.py|src/backtest/build_multifactor_continuation_state_discovery_402.py|src/backtest/build_refined_archetype_portfolio_rebuild_405.py|tasks/archive_candidate_registry.csv
task_399_intraday_universe_history_expansion,canonical_rerun/intraday_canonical_event_log.csv.migrated.txt,docs/reports/task_399_intraday_universe_history_expansion/canonical_rerun/intraday_canonical_event_log.csv.migrated.txt,data/artifacts/task_399_intraday_universe_history_expansion/canonical_rerun/intraday_canonical_event_log.csv.migrated.txt,other,444,archive_candidate,keep_small_or_report_artifact,0,,8,src/backtest/build_decision_labelability_audit_402r.py|src/backtest/build_forward_live_canonical_multifactor_decision_layer_401.py|src/backtest/build_forward_live_entry_quality_filter_discovery_400.py|src/backtest/build_intraday_universe_history_expansion_399.py|src/backtest/build_multi_archetype_continuation_portfolio_discovery_403.py|src/backtest/build_multifactor_continuation_state_discovery_402.py|src/backtest/build_refined_archetype_portfolio_rebuild_405.py|tasks/archive_candidate_registry.csv
task_399_intraday_universe_history_expansion,canonical_rerun/intraday_canonical_lifecycle_summary.csv.migrated.txt,docs/reports/task_399_intraday_universe_history_expansion/canonical_rerun/intraday_canonical_lifecycle_summary.csv.migrated.txt,data/artifacts/task_399_intraday_universe_history_expansion/canonical_rerun/intraday_canonical_lifecycle_summary.csv.migrated.txt,other,460,archive_candidate,keep_small_or_report_artifact,0,,8,src/backtest/build_decision_labelability_audit_402r.py|src/backtest/build_forward_live_canonical_multifactor_decision_layer_401.py|src/backtest/build_forward_live_entry_quality_filter_discovery_400.py|src/backtest/build_intraday_universe_history_expansion_399.py|src/backtest/build_multi_archetype_continuation_portfolio_discovery_403.py|src/backtest/build_multifactor_continuation_state_discovery_402.py|src/backtest/build_refined_archetype_portfolio_rebuild_405.py|tasks/archive_candidate_registry.csv
task_399_intraday_universe_history_expansion,canonical_rerun/intraday_data_availability_audit.csv,docs/reports/task_399_intraday_universe_history_expansion/canonical_rerun/intraday_data_availability_audit.csv,data/artifacts/task_399_intraday_universe_history_expansion/canonical_rerun/intraday_data_availability_audit.csv,small_table,5521,archive_candidate,keep_small_or_report_artifact,0,,8,src/backtest/build_decision_labelability_audit_402r.py|src/backtest/build_forward_live_canonical_multifactor_decision_layer_401.py|src/backtest/build_forward_live_entry_quality_filter_discovery_400.py|src/backtest/build_intraday_universe_history_expansion_399.py|src/backtest/build_multi_archetype_continuation_portfolio_discovery_403.py|src/backtest/build_multifactor_continuation_state_discovery_402.py|src/backtest/build_refined_archetype_portfolio_rebuild_405.py|tasks/archive_candidate_registry.csv
task_399_intraday_universe_history_expansion,canonical_rerun/intraday_event_ordering_audit.csv,docs/reports/task_399_intraday_universe_history_expansion/canonical_rerun/intraday_event_ordering_audit.csv,data/artifacts/task_399_intraday_universe_history_expansion/canonical_rerun/intraday_event_ordering_audit.csv,small_table,90,archive_candidate,keep_small_or_report_artifact,0,,8,src/backtest/build_decision_labelability_audit_402r.py|src/backtest/build_forward_live_canonical_multifactor_decision_layer_401.py|src/backtest/build_forward_live_entry_quality_filter_discovery_400.py|src/backtest/build_intraday_universe_history_expansion_399.py|src/backtest/build_multi_archetype_continuation_portfolio_discovery_403.py|src/backtest/build_multifactor_continuation_state_discovery_402.py|src/backtest/build_refined_archetype_portfolio_rebuild_405.py|tasks/archive_candidate_registry.csv
task_399_intraday_universe_history_expansion,canonical_rerun/task_388_decision.csv,docs/reports/task_399_intraday_universe_history_expansion/canonical_rerun/task_388_decision.csv,data/artifacts/task_399_intraday_universe_history_expansion/canonical_rerun/task_388_decision.csv,decision,461,archive_candidate,keep_small_or_report_artifact,0,,8,src/backtest/build_decision_labelability_audit_402r.py|src/backtest/build_forward_live_canonical_multifactor_decision_layer_401.py|src/backtest/build_forward_live_entry_quality_filter_discovery_400.py|src/backtest/build_intraday_universe_history_expansion_399.py|src/backtest/build_multi_archetype_continuation_portfolio_discovery_403.py|src/backtest/build_multifactor_continuation_state_discovery_402.py|src/backtest/build_refined_archetype_portfolio_rebuild_405.py|tasks/archive_candidate_registry.csv
task_399_intraday_universe_history_expansion,canonical_rerun/task_388_intraday_canonical_continuation_engine.md,docs/reports/task_399_intraday_universe_history_expansion/canonical_rerun/task_388_intraday_canonical_continuation_engine.md,data/artifacts/task_399_intraday_universe_history_expansion/canonical_rerun/task_388_intraday_canonical_continuation_engine.md,report,6324,archive_candidate,keep_small_or_report_artifact,0,,8,src/backtest/build_decision_labelability_audit_402r.py|src/backtest/build_forward_live_canonical_multifactor_decision_layer_401.py|src/backtest/build_forward_live_entry_quality_filter_discovery_400.py|src/backtest/build_intraday_universe_history_expansion_399.py|src/backtest/build_multi_archetype_continuation_portfolio_discovery_403.py|src/backtest/build_multifactor_continuation_state_discovery_402.py|src/backtest/build_refined_archetype_portfolio_rebuild_405.py|tasks/archive_candidate_registry.csv
task_399_intraday_universe_history_expansion,canonical_rerun_decision.csv,docs/reports/task_399_intraday_universe_history_expansion/canonical_rerun_decision.csv,data/artifacts/task_399_intraday_universe_history_expansion/canonical_rerun_decision.csv,decision,461,archive_candidate,keep_small_or_report_artifact,0,,8,src/backtest/build_decision_labelability_audit_402r.py|src/backtest/build_forward_live_canonical_multifactor_decision_layer_401.py|src/backtest/build_forward_live_entry_quality_filter_discovery_400.py|src/backtest/build_intraday_universe_history_expansion_399.py|src/backtest/build_multi_archetype_continuation_portfolio_discovery_403.py|src/backtest/build_multifactor_continuation_state_discovery_402.py|src/backtest/build_refined_archetype_portfolio_rebuild_405.py|tasks/archive_candidate_registry.csv
task_399_intraday_universe_history_expansion,expanded_theme_universe_10x15.csv,docs/reports/task_399_intraday_universe_history_expansion/expanded_theme_universe_10x15.csv,data/artifacts/task_399_intraday_universe_history_expansion/expanded_theme_universe_10x15.csv,small_table,6781,archive_candidate,keep_small_or_report_artifact,1,src/backtest/build_forward_live_canonical_multifactor_decision_layer_401.py,8,src/backtest/build_decision_labelability_audit_402r.py|src/backtest/build_forward_live_canonical_multifactor_decision_layer_401.py|src/backtest/build_forward_live_entry_quality_filter_discovery_400.py|src/backtest/build_intraday_universe_history_expansion_399.py|src/backtest/build_multi_archetype_continuation_portfolio_discovery_403.py|src/backtest/build_multifactor_continuation_state_discovery_402.py|src/backtest/build_refined_archetype_portfolio_rebuild_405.py|tasks/archive_candidate_registry.csv
task_399_intraday_universe_history_expansion,intraday_download_audit.csv,docs/reports/task_399_intraday_universe_history_expansion/intraday_download_audit.csv,data/artifacts/task_399_intraday_universe_history_expansion/intraday_download_audit.csv,small_table,7859,archive_candidate,keep_small_or_report_artifact,0,,8,src/backtest/build_decision_labelability_audit_402r.py|src/backtest/build_forward_live_canonical_multifactor_decision_layer_401.py|src/backtest/build_forward_live_entry_quality_filter_discovery_400.py|src/backtest/build_intraday_universe_history_expansion_399.py|src/backtest/build_multi_archetype_continuation_portfolio_discovery_403.py|src/backtest/build_multifactor_continuation_state_discovery_402.py|src/backtest/build_refined_archetype_portfolio_rebuild_405.py|tasks/archive_candidate_registry.csv
task_399_intraday_universe_history_expansion,task_391_expanded/robustness_summary.csv,docs/reports/task_399_intraday_universe_history_expansion/task_391_expanded/robustness_summary.csv,data/artifacts/task_399_intraday_universe_history_expansion/task_391_expanded/robustness_summary.csv,small_table,672,archive_candidate,keep_small_or_report_artifact,0,,8,src/backtest/build_decision_labelability_audit_402r.py|src/backtest/build_forward_live_canonical_multifactor_decision_layer_401.py|src/backtest/build_forward_live_entry_quality_filter_discovery_400.py|src/backtest/build_intraday_universe_history_expansion_399.py|src/backtest/build_multi_archetype_continuation_portfolio_discovery_403.py|src/backtest/build_multifactor_continuation_state_discovery_402.py|src/backtest/build_refined_archetype_portfolio_rebuild_405.py|tasks/archive_candidate_registry.csv
task_399_intraday_universe_history_expansion,task_391_expanded/split_lifecycle_panel.csv.migrated.txt,docs/reports/task_399_intraday_universe_history_expansion/task_391_expanded/split_lifecycle_panel.csv.migrated.txt,data/artifacts/task_399_intraday_universe_history_expansion/task_391_expanded/split_lifecycle_panel.csv.migrated.txt,other,434,archive_candidate,keep_small_or_report_artifact,0,,8,src/backtest/build_decision_labelability_audit_402r.py|src/backtest/build_forward_live_canonical_multifactor_decision_layer_401.py|src/backtest/build_forward_live_entry_quality_filter_discovery_400.py|src/backtest/build_intraday_universe_history_expansion_399.py|src/backtest/build_multi_archetype_continuation_portfolio_discovery_403.py|src/backtest/build_multifactor_continuation_state_discovery_402.py|src/backtest/build_refined_archetype_portfolio_rebuild_405.py|tasks/archive_candidate_registry.csv
task_399_intraday_universe_history_expansion,task_391_expanded/split_path_quality.csv,docs/reports/task_399_intraday_universe_history_expansion/task_391_expanded/split_path_quality.csv,data/artifacts/task_399_intraday_universe_history_expansion/task_391_expanded/split_path_quality.csv,small_table,3586,archive_candidate,keep_small_or_report_artifact,0,,8,src/backtest/build_decision_labelability_audit_402r.py|src/backtest/build_forward_live_canonical_multifactor_decision_layer_401.py|src/backtest/build_forward_live_entry_quality_filter_discovery_400.py|src/backtest/build_intraday_universe_history_expansion_399.py|src/backtest/build_multi_archetype_continuation_portfolio_discovery_403.py|src/backtest/build_multifactor_continuation_state_discovery_402.py|src/backtest/build_refined_archetype_portfolio_rebuild_405.py|tasks/archive_candidate_registry.csv
task_399_intraday_universe_history_expansion,task_391_expanded/split_reduce_weakening_quality.csv,docs/reports/task_399_intraday_universe_history_expansion/task_391_expanded/split_reduce_weakening_quality.csv,data/artifacts/task_399_intraday_universe_history_expansion/task_391_expanded/split_reduce_weakening_quality.csv,small_table,1056,archive_candidate,keep_small_or_report_artifact,0,,8,src/backtest/build_decision_labelability_audit_402r.py|src/backtest/build_forward_live_canonical_multifactor_decision_layer_401.py|src/backtest/build_forward_live_entry_quality_filter_discovery_400.py|src/backtest/build_intraday_universe_history_expansion_399.py|src/backtest/build_multi_archetype_continuation_portfolio_discovery_403.py|src/backtest/build_multifactor_continuation_state_discovery_402.py|src/backtest/build_refined_archetype_portfolio_rebuild_405.py|tasks/archive_candidate_registry.csv
task_399_intraday_universe_history_expansion,task_391_expanded/split_reinforcement_quality.csv,docs/reports/task_399_intraday_universe_history_expansion/task_391_expanded/split_reinforcement_quality.csv,data/artifacts/task_399_intraday_universe_history_expansion/task_391_expanded/split_reinforcement_quality.csv,small_table,1364,archive_candidate,keep_small_or_report_artifact,0,,8,src/backtest/build_decision_labelability_audit_402r.py|src/backtest/build_forward_live_canonical_multifactor_decision_layer_401.py|src/backtest/build_forward_live_entry_quality_filter_discovery_400.py|src/backtest/build_intraday_universe_history_expansion_399.py|src/backtest/build_multi_archetype_continuation_portfolio_discovery_403.py|src/backtest/build_multifactor_continuation_state_discovery_402.py|src/backtest/build_refined_archetype_portfolio_rebuild_405.py|tasks/archive_candidate_registry.csv
task_399_intraday_universe_history_expansion,task_391_expanded/split_theme_quality.csv,docs/reports/task_399_intraday_universe_history_expansion/task_391_expanded/split_theme_quality.csv,data/artifacts/task_399_intraday_universe_history_expansion/task_391_expanded/split_theme_quality.csv,small_table,5450,archive_candidate,keep_small_or_report_artifact,0,,8,src/backtest/build_decision_labelability_audit_402r.py|src/backtest/build_forward_live_canonical_multifactor_decision_layer_401.py|src/backtest/build_forward_live_entry_quality_filter_discovery_400.py|src/backtest/build_intraday_universe_history_expansion_399.py|src/backtest/build_multi_archetype_continuation_portfolio_discovery_403.py|src/backtest/build_multifactor_continuation_state_discovery_402.py|src/backtest/build_refined_archetype_portfolio_rebuild_405.py|tasks/archive_candidate_registry.csv
task_399_intraday_universe_history_expansion,task_391_expanded/task_391_decision.csv,docs/reports/task_399_intraday_universe_history_expansion/task_391_expanded/task_391_decision.csv,data/artifacts/task_399_intraday_universe_history_expansion/task_391_expanded/task_391_decision.csv,decision,428,archive_candidate,keep_small_or_report_artifact,0,,8,src/backtest/build_decision_labelability_audit_402r.py|src/backtest/build_forward_live_canonical_multifactor_decision_layer_401.py|src/backtest/build_forward_live_entry_quality_filter_discovery_400.py|src/backtest/build_intraday_universe_history_expansion_399.py|src/backtest/build_multi_archetype_continuation_portfolio_discovery_403.py|src/backtest/build_multifactor_continuation_state_discovery_402.py|src/backtest/build_refined_archetype_portfolio_rebuild_405.py|tasks/archive_candidate_registry.csv
task_399_intraday_universe_history_expansion,task_391_expanded/task_391_intraday_canonical_oos_validation.md,docs/reports/task_399_intraday_universe_history_expansion/task_391_expanded/task_391_intraday_canonical_oos_validation.md,data/artifacts/task_399_intraday_universe_history_expansion/task_391_expanded/task_391_intraday_canonical_oos_validation.md,report,2612,archive_candidate,keep_small_or_report_artifact,0,,8,src/backtest/build_decision_labelability_audit_402r.py|src/backtest/build_forward_live_canonical_multifactor_decision_layer_401.py|src/backtest/build_forward_live_entry_quality_filter_discovery_400.py|src/backtest/build_intraday_universe_history_expansion_399.py|src/backtest/build_multi_archetype_continuation_portfolio_discovery_403.py|src/backtest/build_multifactor_continuation_state_discovery_402.py|src/backtest/build_refined_archetype_portfolio_rebuild_405.py|tasks/archive_candidate_registry.csv
task_399_intraday_universe_history_expansion,task_392_expanded/daily_regime_panel.csv,docs/reports/task_399_intraday_universe_history_expansion/task_392_expanded/daily_regime_panel.csv,data/artifacts/task_399_intraday_universe_history_expansion/task_392_expanded/daily_regime_panel.csv,small_table,1625320,archive_candidate,keep_small_or_report_artifact,0,,8,src/backtest/build_decision_labelability_audit_402r.py|src/backtest/build_forward_live_canonical_multifactor_decision_layer_401.py|src/backtest/build_forward_live_entry_quality_filter_discovery_400.py|src/backtest/build_intraday_universe_history_expansion_399.py|src/backtest/build_multi_archetype_continuation_portfolio_discovery_403.py|src/backtest/build_multifactor_continuation_state_discovery_402.py|src/backtest/build_refined_archetype_portfolio_rebuild_405.py|tasks/archive_candidate_registry.csv
task_399_intraday_universe_history_expansion,task_392_expanded/lifecycle_regime_panel.csv.migrated.txt,docs/reports/task_399_intraday_universe_history_expansion/task_392_expanded/lifecycle_regime_panel.csv.migrated.txt,data/artifacts/task_399_intraday_universe_history_expansion/task_392_expanded/lifecycle_regime_panel.csv.migrated.txt,other,436,archive_candidate,keep_small_or_report_artifact,0,,8,src/backtest/build_decision_labelability_audit_402r.py|src/backtest/build_forward_live_canonical_multifactor_decision_layer_401.py|src/backtest/build_forward_live_entry_quality_filter_discovery_400.py|src/backtest/build_intraday_universe_history_expansion_399.py|src/backtest/build_multi_archetype_continuation_portfolio_discovery_403.py|src/backtest/build_multifactor_continuation_state_discovery_402.py|src/backtest/build_refined_archetype_portfolio_rebuild_405.py|tasks/archive_candidate_registry.csv
task_399_intraday_universe_history_expansion,task_392_expanded/regime_reduce_weakening_quality.csv,docs/reports/task_399_intraday_universe_history_expansion/task_392_expanded/regime_reduce_weakening_quality.csv,data/artifacts/task_399_intraday_universe_history_expansion/task_392_expanded/regime_reduce_weakening_quality.csv,small_table,5379,archive_candidate,keep_small_or_report_artifact,0,,8,src/backtest/build_decision_labelability_audit_402r.py|src/backtest/build_forward_live_canonical_multifactor_decision_layer_401.py|src/backtest/build_forward_live_entry_quality_filter_discovery_400.py|src/backtest/build_intraday_universe_history_expansion_399.py|src/backtest/build_multi_archetype_continuation_portfolio_discovery_403.py|src/backtest/build_multifactor_continuation_state_discovery_402.py|src/backtest/build_refined_archetype_portfolio_rebuild_405.py|tasks/archive_candidate_registry.csv
task_399_intraday_universe_history_expansion,task_392_expanded/regime_reinforcement_quality.csv,docs/reports/task_399_intraday_universe_history_expansion/task_392_expanded/regime_reinforcement_quality.csv,data/artifacts/task_399_intraday_universe_history_expansion/task_392_expanded/regime_reinforcement_quality.csv,small_table,7254,archive_candidate,keep_small_or_report_artifact,0,,8,src/backtest/build_decision_labelability_audit_402r.py|src/backtest/build_forward_live_canonical_multifactor_decision_layer_401.py|src/backtest/build_forward_live_entry_quality_filter_discovery_400.py|src/backtest/build_intraday_universe_history_expansion_399.py|src/backtest/build_multi_archetype_continuation_portfolio_discovery_403.py|src/backtest/build_multifactor_continuation_state_discovery_402.py|src/backtest/build_refined_archetype_portfolio_rebuild_405.py|tasks/archive_candidate_registry.csv
task_399_intraday_universe_history_expansion,task_392_expanded/task_392_decision.csv,docs/reports/task_399_intraday_universe_history_expansion/task_392_expanded/task_392_decision.csv,data/artifacts/task_399_intraday_universe_history_expansion/task_392_expanded/task_392_decision.csv,decision,562,archive_candidate,keep_small_or_report_artifact,0,,8,src/backtest/build_decision_labelability_audit_402r.py|src/backtest/build_forward_live_canonical_multifactor_decision_layer_401.py|src/backtest/build_forward_live_entry_quality_filter_discovery_400.py|src/backtest/build_intraday_universe_history_expansion_399.py|src/backtest/build_multi_archetype_continuation_portfolio_discovery_403.py|src/backtest/build_multifactor_continuation_state_discovery_402.py|src/backtest/build_refined_archetype_portfolio_rebuild_405.py|tasks/archive_candidate_registry.csv
task_399_intraday_universe_history_expansion,task_392_expanded/task_392_macro_vol_theme_regime_overlay.md,docs/reports/task_399_intraday_universe_history_expansion/task_392_expanded/task_392_macro_vol_theme_regime_overlay.md,data/artifacts/task_399_intraday_universe_history_expansion/task_392_expanded/task_392_macro_vol_theme_regime_overlay.md,report,13407,archive_candidate,keep_small_or_report_artifact,0,,8,src/backtest/build_decision_labelability_audit_402r.py|src/backtest/build_forward_live_canonical_multifactor_decision_layer_401.py|src/backtest/build_forward_live_entry_quality_filter_discovery_400.py|src/backtest/build_intraday_universe_history_expansion_399.py|src/backtest/build_multi_archetype_continuation_portfolio_discovery_403.py|src/backtest/build_multifactor_continuation_state_discovery_402.py|src/backtest/build_refined_archetype_portfolio_rebuild_405.py|tasks/archive_candidate_registry.csv
task_399_intraday_universe_history_expansion,task_392_expanded/theme_regime_quality.csv,docs/reports/task_399_intraday_universe_history_expansion/task_392_expanded/theme_regime_quality.csv,data/artifacts/task_399_intraday_universe_history_expansion/task_392_expanded/theme_regime_quality.csv,small_table,17335,archive_candidate,keep_small_or_report_artifact,0,,8,src/backtest/build_decision_labelability_audit_402r.py|src/backtest/build_forward_live_canonical_multifactor_decision_layer_401.py|src/backtest/build_forward_live_entry_quality_filter_discovery_400.py|src/backtest/build_intraday_universe_history_expansion_399.py|src/backtest/build_multi_archetype_continuation_portfolio_discovery_403.py|src/backtest/build_multifactor_continuation_state_discovery_402.py|src/backtest/build_refined_archetype_portfolio_rebuild_405.py|tasks/archive_candidate_registry.csv
task_399_intraday_universe_history_expansion,task_392_expanded/transition_regime_quality.csv,docs/reports/task_399_intraday_universe_history_expansion/task_392_expanded/transition_regime_quality.csv,data/artifacts/task_399_intraday_universe_history_expansion/task_392_expanded/transition_regime_quality.csv,small_table,11428,archive_candidate,keep_small_or_report_artifact,0,,8,src/backtest/build_decision_labelability_audit_402r.py|src/backtest/build_forward_live_canonical_multifactor_decision_layer_401.py|src/backtest/build_forward_live_entry_quality_filter_discovery_400.py|src/backtest/build_intraday_universe_history_expansion_399.py|src/backtest/build_multi_archetype_continuation_portfolio_discovery_403.py|src/backtest/build_multifactor_continuation_state_discovery_402.py|src/backtest/build_refined_archetype_portfolio_rebuild_405.py|tasks/archive_candidate_registry.csv
task_399_intraday_universe_history_expansion,task_395_expanded/detectability_alignment_audit.csv,docs/reports/task_399_intraday_universe_history_expansion/task_395_expanded/detectability_alignment_audit.csv,data/artifacts/task_399_intraday_universe_history_expansion/task_395_expanded/detectability_alignment_audit.csv,small_table,360,archive_candidate,keep_small_or_report_artifact,0,,8,src/backtest/build_decision_labelability_audit_402r.py|src/backtest/build_forward_live_canonical_multifactor_decision_layer_401.py|src/backtest/build_forward_live_entry_quality_filter_discovery_400.py|src/backtest/build_intraday_universe_history_expansion_399.py|src/backtest/build_multi_archetype_continuation_portfolio_discovery_403.py|src/backtest/build_multifactor_continuation_state_discovery_402.py|src/backtest/build_refined_archetype_portfolio_rebuild_405.py|tasks/archive_candidate_registry.csv
task_399_intraday_universe_history_expansion,task_395_expanded/forward_live_gate_split_quality.csv,docs/reports/task_399_intraday_universe_history_expansion/task_395_expanded/forward_live_gate_split_quality.csv,data/artifacts/task_399_intraday_universe_history_expansion/task_395_expanded/forward_live_gate_split_quality.csv,small_table,2404,archive_candidate,keep_small_or_report_artifact,0,,8,src/backtest/build_decision_labelability_audit_402r.py|src/backtest/build_forward_live_canonical_multifactor_decision_layer_401.py|src/backtest/build_forward_live_entry_quality_filter_discovery_400.py|src/backtest/build_intraday_universe_history_expansion_399.py|src/backtest/build_multi_archetype_continuation_portfolio_discovery_403.py|src/backtest/build_multifactor_continuation_state_discovery_402.py|src/backtest/build_refined_archetype_portfolio_rebuild_405.py|tasks/archive_candidate_registry.csv
task_399_intraday_universe_history_expansion,task_395_expanded/forward_live_gate_validation_audit.csv,docs/reports/task_399_intraday_universe_history_expansion/task_395_expanded/forward_live_gate_validation_audit.csv,data/artifacts/task_399_intraday_universe_history_expansion/task_395_expanded/forward_live_gate_validation_audit.csv,small_table,696,archive_candidate,keep_small_or_report_artifact,0,,8,src/backtest/build_decision_labelability_audit_402r.py|src/backtest/build_forward_live_canonical_multifactor_decision_layer_401.py|src/backtest/build_forward_live_entry_quality_filter_discovery_400.py|src/backtest/build_intraday_universe_history_expansion_399.py|src/backtest/build_multi_archetype_continuation_portfolio_discovery_403.py|src/backtest/build_multifactor_continuation_state_discovery_402.py|src/backtest/build_refined_archetype_portfolio_rebuild_405.py|tasks/archive_candidate_registry.csv
task_399_intraday_universe_history_expansion,task_395_expanded/forward_live_leakage_audit.csv,docs/reports/task_399_intraday_universe_history_expansion/task_395_expanded/forward_live_leakage_audit.csv,data/artifacts/task_399_intraday_universe_history_expansion/task_395_expanded/forward_live_leakage_audit.csv,small_table,252,archive_candidate,keep_small_or_report_artifact,0,,8,src/backtest/build_decision_labelability_audit_402r.py|src/backtest/build_forward_live_canonical_multifactor_decision_layer_401.py|src/backtest/build_forward_live_entry_quality_filter_discovery_400.py|src/backtest/build_intraday_universe_history_expansion_399.py|src/backtest/build_multi_archetype_continuation_portfolio_discovery_403.py|src/backtest/build_multifactor_continuation_state_discovery_402.py|src/backtest/build_refined_archetype_portfolio_rebuild_405.py|tasks/archive_candidate_registry.csv
task_399_intraday_universe_history_expansion,task_395_expanded/forward_live_lifecycle_regime_panel.csv.migrated.txt,docs/reports/task_399_intraday_universe_history_expansion/task_395_expanded/forward_live_lifecycle_regime_panel.csv.migrated.txt,data/artifacts/task_399_intraday_universe_history_expansion/task_395_expanded/forward_live_lifecycle_regime_panel.csv.migrated.txt,other,462,archive_candidate,keep_small_or_report_artifact,0,,8,src/backtest/build_decision_labelability_audit_402r.py|src/backtest/build_forward_live_canonical_multifactor_decision_layer_401.py|src/backtest/build_forward_live_entry_quality_filter_discovery_400.py|src/backtest/build_intraday_universe_history_expansion_399.py|src/backtest/build_multi_archetype_continuation_portfolio_discovery_403.py|src/backtest/build_multifactor_continuation_state_discovery_402.py|src/backtest/build_refined_archetype_portfolio_rebuild_405.py|tasks/archive_candidate_registry.csv
task_399_intraday_universe_history_expansion,task_395_expanded/forward_live_timestamp_regime_panel.csv.migrated.txt,docs/reports/task_399_intraday_universe_history_expansion/task_395_expanded/forward_live_timestamp_regime_panel.csv.migrated.txt,data/artifacts/task_399_intraday_universe_history_expansion/task_395_expanded/forward_live_timestamp_regime_panel.csv.migrated.txt,other,462,archive_candidate,keep_small_or_report_artifact,0,,8,src/backtest/build_decision_labelability_audit_402r.py|src/backtest/build_forward_live_canonical_multifactor_decision_layer_401.py|src/backtest/build_forward_live_entry_quality_filter_discovery_400.py|src/backtest/build_intraday_universe_history_expansion_399.py|src/backtest/build_multi_archetype_continuation_portfolio_discovery_403.py|src/backtest/build_multifactor_continuation_state_discovery_402.py|src/backtest/build_refined_archetype_portfolio_rebuild_405.py|tasks/archive_candidate_registry.csv
task_399_intraday_universe_history_expansion,task_395_expanded/task_395_decision.csv,docs/reports/task_399_intraday_universe_history_expansion/task_395_expanded/task_395_decision.csv,data/artifacts/task_399_intraday_universe_history_expansion/task_395_expanded/task_395_decision.csv,decision,798,archive_candidate,keep_small_or_report_artifact,0,,8,src/backtest/build_decision_labelability_audit_402r.py|src/backtest/build_forward_live_canonical_multifactor_decision_layer_401.py|src/backtest/build_forward_live_entry_quality_filter_discovery_400.py|src/backtest/build_intraday_universe_history_expansion_399.py|src/backtest/build_multi_archetype_continuation_portfolio_discovery_403.py|src/backtest/build_multifactor_continuation_state_discovery_402.py|src/backtest/build_refined_archetype_portfolio_rebuild_405.py|tasks/archive_candidate_registry.csv
task_399_intraday_universe_history_expansion,task_395_expanded/task_395_forward_live_regime_detectability.md,docs/reports/task_399_intraday_universe_history_expansion/task_395_expanded/task_395_forward_live_regime_detectability.md,data/artifacts/task_399_intraday_universe_history_expansion/task_395_expanded/task_395_forward_live_regime_detectability.md,report,2544,archive_candidate,keep_small_or_report_artifact,0,,8,src/backtest/build_decision_labelability_audit_402r.py|src/backtest/build_forward_live_canonical_multifactor_decision_layer_401.py|src/backtest/build_forward_live_entry_quality_filter_discovery_400.py|src/backtest/build_intraday_universe_history_expansion_399.py|src/backtest/build_multi_archetype_continuation_portfolio_discovery_403.py|src/backtest/build_multifactor_continuation_state_discovery_402.py|src/backtest/build_refined_archetype_portfolio_rebuild_405.py|tasks/archive_candidate_registry.csv
task_399_intraday_universe_history_expansion,task_396_expanded/capital_exposure_audit.csv,docs/reports/task_399_intraday_universe_history_expansion/task_396_expanded/capital_exposure_audit.csv,data/artifacts/task_399_intraday_universe_history_expansion/task_396_expanded/capital_exposure_audit.csv,small_table,546,archive_candidate,keep_small_or_report_artifact,0,,8,src/backtest/build_decision_labelability_audit_402r.py|src/backtest/build_forward_live_canonical_multifactor_decision_layer_401.py|src/backtest/build_forward_live_entry_quality_filter_discovery_400.py|src/backtest/build_intraday_universe_history_expansion_399.py|src/backtest/build_multi_archetype_continuation_portfolio_discovery_403.py|src/backtest/build_multifactor_continuation_state_discovery_402.py|src/backtest/build_refined_archetype_portfolio_rebuild_405.py|tasks/archive_candidate_registry.csv
task_399_intraday_universe_history_expansion,task_396_expanded/cost_constrained_lifecycle_panel.csv.migrated.txt,docs/reports/task_399_intraday_universe_history_expansion/task_396_expanded/cost_constrained_lifecycle_panel.csv.migrated.txt,data/artifacts/task_399_intraday_universe_history_expansion/task_396_expanded/cost_constrained_lifecycle_panel.csv.migrated.txt,other,456,archive_candidate,keep_small_or_report_artifact,0,,8,src/backtest/build_decision_labelability_audit_402r.py|src/backtest/build_forward_live_canonical_multifactor_decision_layer_401.py|src/backtest/build_forward_live_entry_quality_filter_discovery_400.py|src/backtest/build_intraday_universe_history_expansion_399.py|src/backtest/build_multi_archetype_continuation_portfolio_discovery_403.py|src/backtest/build_multifactor_continuation_state_discovery_402.py|src/backtest/build_refined_archetype_portfolio_rebuild_405.py|tasks/archive_candidate_registry.csv
task_399_intraday_universe_history_expansion,task_396_expanded/cost_constrained_policy_quality.csv,docs/reports/task_399_intraday_universe_history_expansion/task_396_expanded/cost_constrained_policy_quality.csv,data/artifacts/task_399_intraday_universe_history_expansion/task_396_expanded/cost_constrained_policy_quality.csv,small_table,1339,archive_candidate,keep_small_or_report_artifact,0,,8,src/backtest/build_decision_labelability_audit_402r.py|src/backtest/build_forward_live_canonical_multifactor_decision_layer_401.py|src/backtest/build_forward_live_entry_quality_filter_discovery_400.py|src/backtest/build_intraday_universe_history_expansion_399.py|src/backtest/build_multi_archetype_continuation_portfolio_discovery_403.py|src/backtest/build_multifactor_continuation_state_discovery_402.py|src/backtest/build_refined_archetype_portfolio_rebuild_405.py|tasks/archive_candidate_registry.csv
task_399_intraday_universe_history_expansion,task_396_expanded/cost_constrained_split_quality.csv,docs/reports/task_399_intraday_universe_history_expansion/task_396_expanded/cost_constrained_split_quality.csv,data/artifacts/task_399_intraday_universe_history_expansion/task_396_expanded/cost_constrained_split_quality.csv,small_table,4158,archive_candidate,keep_small_or_report_artifact,0,,8,src/backtest/build_decision_labelability_audit_402r.py|src/backtest/build_forward_live_canonical_multifactor_decision_layer_401.py|src/backtest/build_forward_live_entry_quality_filter_discovery_400.py|src/backtest/build_intraday_universe_history_expansion_399.py|src/backtest/build_multi_archetype_continuation_portfolio_discovery_403.py|src/backtest/build_multifactor_continuation_state_discovery_402.py|src/backtest/build_refined_archetype_portfolio_rebuild_405.py|tasks/archive_candidate_registry.csv
task_399_intraday_universe_history_expansion,task_396_expanded/cost_constrained_transition_quality.csv,docs/reports/task_399_intraday_universe_history_expansion/task_396_expanded/cost_constrained_transition_quality.csv,data/artifacts/task_399_intraday_universe_history_expansion/task_396_expanded/cost_constrained_transition_quality.csv,small_table,9244,archive_candidate,keep_small_or_report_artifact,0,,8,src/backtest/build_decision_labelability_audit_402r.py|src/backtest/build_forward_live_canonical_multifactor_decision_layer_401.py|src/backtest/build_forward_live_entry_quality_filter_discovery_400.py|src/backtest/build_intraday_universe_history_expansion_399.py|src/backtest/build_multi_archetype_continuation_portfolio_discovery_403.py|src/backtest/build_multifactor_continuation_state_discovery_402.py|src/backtest/build_refined_archetype_portfolio_rebuild_405.py|tasks/archive_candidate_registry.csv
task_399_intraday_universe_history_expansion,task_396_expanded/cost_model_assumptions.csv,docs/reports/task_399_intraday_universe_history_expansion/task_396_expanded/cost_model_assumptions.csv,data/artifacts/task_399_intraday_universe_history_expansion/task_396_expanded/cost_model_assumptions.csv,small_table,360,archive_candidate,keep_small_or_report_artifact,0,,8,src/backtest/build_decision_labelability_audit_402r.py|src/backtest/build_forward_live_canonical_multifactor_decision_layer_401.py|src/backtest/build_forward_live_entry_quality_filter_discovery_400.py|src/backtest/build_intraday_universe_history_expansion_399.py|src/backtest/build_multi_archetype_continuation_portfolio_discovery_403.py|src/backtest/build_multifactor_continuation_state_discovery_402.py|src/backtest/build_refined_archetype_portfolio_rebuild_405.py|tasks/archive_candidate_registry.csv
task_399_intraday_universe_history_expansion,task_396_expanded/forward_live_degradation_audit.csv,docs/reports/task_399_intraday_universe_history_expansion/task_396_expanded/forward_live_degradation_audit.csv,data/artifacts/task_399_intraday_universe_history_expansion/task_396_expanded/forward_live_degradation_audit.csv,small_table,682,archive_candidate,keep_small_or_report_artifact,0,,8,src/backtest/build_decision_labelability_audit_402r.py|src/backtest/build_forward_live_canonical_multifactor_decision_layer_401.py|src/backtest/build_forward_live_entry_quality_filter_discovery_400.py|src/backtest/build_intraday_universe_history_expansion_399.py|src/backtest/build_multi_archetype_continuation_portfolio_discovery_403.py|src/backtest/build_multifactor_continuation_state_discovery_402.py|src/backtest/build_refined_archetype_portfolio_rebuild_405.py|tasks/archive_candidate_registry.csv
task_399_intraday_universe_history_expansion,task_396_expanded/task_396_decision.csv,docs/reports/task_399_intraday_universe_history_expansion/task_396_expanded/task_396_decision.csv,data/artifacts/task_399_intraday_universe_history_expansion/task_396_expanded/task_396_decision.csv,decision,813,archive_candidate,keep_small_or_report_artifact,0,,8,src/backtest/build_decision_labelability_audit_402r.py|src/backtest/build_forward_live_canonical_multifactor_decision_layer_401.py|src/backtest/build_forward_live_entry_quality_filter_discovery_400.py|src/backtest/build_intraday_universe_history_expansion_399.py|src/backtest/build_multi_archetype_continuation_portfolio_discovery_403.py|src/backtest/build_multifactor_continuation_state_discovery_402.py|src/backtest/build_refined_archetype_portfolio_rebuild_405.py|tasks/archive_candidate_registry.csv
task_399_intraday_universe_history_expansion,task_396_expanded/task_396_forward_live_cost_constrained_validation.md,docs/reports/task_399_intraday_universe_history_expansion/task_396_expanded/task_396_forward_live_cost_constrained_validation.md,data/artifacts/task_399_intraday_universe_history_expansion/task_396_expanded/task_396_forward_live_cost_constrained_validation.md,report,7049,archive_candidate,keep_small_or_report_artifact,0,,8,src/backtest/build_decision_labelability_audit_402r.py|src/backtest/build_forward_live_canonical_multifactor_decision_layer_401.py|src/backtest/build_forward_live_entry_quality_filter_discovery_400.py|src/backtest/build_intraday_universe_history_expansion_399.py|src/backtest/build_multi_archetype_continuation_portfolio_discovery_403.py|src/backtest/build_multifactor_continuation_state_discovery_402.py|src/backtest/build_refined_archetype_portfolio_rebuild_405.py|tasks/archive_candidate_registry.csv
task_399_intraday_universe_history_expansion,task_397_expanded/false_positive_feature_bins.csv,docs/reports/task_399_intraday_universe_history_expansion/task_397_expanded/false_positive_feature_bins.csv,data/artifacts/task_399_intraday_universe_history_expansion/task_397_expanded/false_positive_feature_bins.csv,small_table,56402,archive_candidate,keep_small_or_report_artifact,0,,8,src/backtest/build_decision_labelability_audit_402r.py|src/backtest/build_forward_live_canonical_multifactor_decision_layer_401.py|src/backtest/build_forward_live_entry_quality_filter_discovery_400.py|src/backtest/build_intraday_universe_history_expansion_399.py|src/backtest/build_multi_archetype_continuation_portfolio_discovery_403.py|src/backtest/build_multifactor_continuation_state_discovery_402.py|src/backtest/build_refined_archetype_portfolio_rebuild_405.py|tasks/archive_candidate_registry.csv
task_399_intraday_universe_history_expansion,task_397_expanded/false_positive_filter_candidate_audit.csv,docs/reports/task_399_intraday_universe_history_expansion/task_397_expanded/false_positive_filter_candidate_audit.csv,data/artifacts/task_399_intraday_universe_history_expansion/task_397_expanded/false_positive_filter_candidate_audit.csv,small_table,750,archive_candidate,keep_small_or_report_artifact,0,,8,src/backtest/build_decision_labelability_audit_402r.py|src/backtest/build_forward_live_canonical_multifactor_decision_layer_401.py|src/backtest/build_forward_live_entry_quality_filter_discovery_400.py|src/backtest/build_intraday_universe_history_expansion_399.py|src/backtest/build_multi_archetype_continuation_portfolio_discovery_403.py|src/backtest/build_multifactor_continuation_state_discovery_402.py|src/backtest/build_refined_archetype_portfolio_rebuild_405.py|tasks/archive_candidate_registry.csv
task_399_intraday_universe_history_expansion,task_397_expanded/false_positive_group_summary.csv,docs/reports/task_399_intraday_universe_history_expansion/task_397_expanded/false_positive_group_summary.csv,data/artifacts/task_399_intraday_universe_history_expansion/task_397_expanded/false_positive_group_summary.csv,small_table,2068,archive_candidate,keep_small_or_report_artifact,0,,8,src/backtest/build_decision_labelability_audit_402r.py|src/backtest/build_forward_live_canonical_multifactor_decision_layer_401.py|src/backtest/build_forward_live_entry_quality_filter_discovery_400.py|src/backtest/build_intraday_universe_history_expansion_399.py|src/backtest/build_multi_archetype_continuation_portfolio_discovery_403.py|src/backtest/build_multifactor_continuation_state_discovery_402.py|src/backtest/build_refined_archetype_portfolio_rebuild_405.py|tasks/archive_candidate_registry.csv
task_399_intraday_universe_history_expansion,task_397_expanded/false_positive_lifecycle_panel.csv,docs/reports/task_399_intraday_universe_history_expansion/task_397_expanded/false_positive_lifecycle_panel.csv,data/artifacts/task_399_intraday_universe_history_expansion/task_397_expanded/false_positive_lifecycle_panel.csv,large_panel,15792388,archive_candidate,skip_referenced,5,src/backtest/build_decision_labelability_audit_402r.py|src/backtest/build_forward_live_entry_quality_filter_discovery_400.py|src/backtest/build_multi_archetype_continuation_portfolio_discovery_403.py|src/backtest/build_multifactor_continuation_state_discovery_402.py|src/backtest/build_refined_archetype_portfolio_rebuild_405.py,8,src/backtest/build_decision_labelability_audit_402r.py|src/backtest/build_forward_live_canonical_multifactor_decision_layer_401.py|src/backtest/build_forward_live_entry_quality_filter_discovery_400.py|src/backtest/build_intraday_universe_history_expansion_399.py|src/backtest/build_multi_archetype_continuation_portfolio_discovery_403.py|src/backtest/build_multifactor_continuation_state_discovery_402.py|src/backtest/build_refined_archetype_portfolio_rebuild_405.py|tasks/archive_candidate_registry.csv
task_399_intraday_universe_history_expansion,task_397_expanded/false_positive_symbol_theme_audit.csv,docs/reports/task_399_intraday_universe_history_expansion/task_397_expanded/false_positive_symbol_theme_audit.csv,data/artifacts/task_399_intraday_universe_history_expansion/task_397_expanded/false_positive_symbol_theme_audit.csv,small_table,259816,archive_candidate,keep_small_or_report_artifact,0,,8,src/backtest/build_decision_labelability_audit_402r.py|src/backtest/build_forward_live_canonical_multifactor_decision_layer_401.py|src/backtest/build_forward_live_entry_quality_filter_discovery_400.py|src/backtest/build_intraday_universe_history_expansion_399.py|src/backtest/build_multi_archetype_continuation_portfolio_discovery_403.py|src/backtest/build_multifactor_continuation_state_discovery_402.py|src/backtest/build_refined_archetype_portfolio_rebuild_405.py|tasks/archive_candidate_registry.csv
task_399_intraday_universe_history_expansion,task_397_expanded/false_positive_time_audit.csv,docs/reports/task_399_intraday_universe_history_expansion/task_397_expanded/false_positive_time_audit.csv,data/artifacts/task_399_intraday_universe_history_expansion/task_397_expanded/false_positive_time_audit.csv,small_table,116776,archive_candidate,keep_small_or_report_artifact,0,,8,src/backtest/build_decision_labelability_audit_402r.py|src/backtest/build_forward_live_canonical_multifactor_decision_layer_401.py|src/backtest/build_forward_live_entry_quality_filter_discovery_400.py|src/backtest/build_intraday_universe_history_expansion_399.py|src/backtest/build_multi_archetype_continuation_portfolio_discovery_403.py|src/backtest/build_multifactor_continuation_state_discovery_402.py|src/backtest/build_refined_archetype_portfolio_rebuild_405.py|tasks/archive_candidate_registry.csv
task_399_intraday_universe_history_expansion,task_397_expanded/task_397_decision.csv,docs/reports/task_399_intraday_universe_history_expansion/task_397_expanded/task_397_decision.csv,data/artifacts/task_399_intraday_universe_history_expansion/task_397_expanded/task_397_decision.csv,decision,539,archive_candidate,keep_small_or_report_artifact,0,,8,src/backtest/build_decision_labelability_audit_402r.py|src/backtest/build_forward_live_canonical_multifactor_decision_layer_401.py|src/backtest/build_forward_live_entry_quality_filter_discovery_400.py|src/backtest/build_intraday_universe_history_expansion_399.py|src/backtest/build_multi_archetype_continuation_portfolio_discovery_403.py|src/backtest/build_multifactor_continuation_state_discovery_402.py|src/backtest/build_refined_archetype_portfolio_rebuild_405.py|tasks/archive_candidate_registry.csv
task_399_intraday_universe_history_expansion,task_397_expanded/task_397_forward_live_strict_false_positive_decomposition.md,docs/reports/task_399_intraday_universe_history_expansion/task_397_expanded/task_397_forward_live_strict_false_positive_decomposition.md,data/artifacts/task_399_intraday_universe_history_expansion/task_397_expanded/task_397_forward_live_strict_false_positive_decomposition.md,report,3505,archive_candidate,keep_small_or_report_artifact,0,,8,src/backtest/build_decision_labelability_audit_402r.py|src/backtest/build_forward_live_canonical_multifactor_decision_layer_401.py|src/backtest/build_forward_live_entry_quality_filter_discovery_400.py|src/backtest/build_intraday_universe_history_expansion_399.py|src/backtest/build_multi_archetype_continuation_portfolio_discovery_403.py|src/backtest/build_multifactor_continuation_state_discovery_402.py|src/backtest/build_refined_archetype_portfolio_rebuild_405.py|tasks/archive_candidate_registry.csv
task_399_intraday_universe_history_expansion,task_398_expanded/portfolio_drawdown_audit.csv,docs/reports/task_399_intraday_universe_history_expansion/task_398_expanded/portfolio_drawdown_audit.csv,data/artifacts/task_399_intraday_universe_history_expansion/task_398_expanded/portfolio_drawdown_audit.csv,small_table,131,archive_candidate,keep_small_or_report_artifact,0,,8,src/backtest/build_decision_labelability_audit_402r.py|src/backtest/build_forward_live_canonical_multifactor_decision_layer_401.py|src/backtest/build_forward_live_entry_quality_filter_discovery_400.py|src/backtest/build_intraday_universe_history_expansion_399.py|src/backtest/build_multi_archetype_continuation_portfolio_discovery_403.py|src/backtest/build_multifactor_continuation_state_discovery_402.py|src/backtest/build_refined_archetype_portfolio_rebuild_405.py|tasks/archive_candidate_registry.csv
task_399_intraday_universe_history_expansion,task_398_expanded/portfolio_equity_curve.csv,docs/reports/task_399_intraday_universe_history_expansion/task_398_expanded/portfolio_equity_curve.csv,data/artifacts/task_399_intraday_universe_history_expansion/task_398_expanded/portfolio_equity_curve.csv,small_table,761997,archive_candidate,keep_small_or_report_artifact,0,,8,src/backtest/build_decision_labelability_audit_402r.py|src/backtest/build_forward_live_canonical_multifactor_decision_layer_401.py|src/backtest/build_forward_live_entry_quality_filter_discovery_400.py|src/backtest/build_intraday_universe_history_expansion_399.py|src/backtest/build_multi_archetype_continuation_portfolio_discovery_403.py|src/backtest/build_multifactor_continuation_state_discovery_402.py|src/backtest/build_refined_archetype_portfolio_rebuild_405.py|tasks/archive_candidate_registry.csv
task_399_intraday_universe_history_expansion,task_398_expanded/portfolio_exposure_timeline.csv,docs/reports/task_399_intraday_universe_history_expansion/task_398_expanded/portfolio_exposure_timeline.csv,data/artifacts/task_399_intraday_universe_history_expansion/task_398_expanded/portfolio_exposure_timeline.csv,small_table,402993,archive_candidate,keep_small_or_report_artifact,0,,8,src/backtest/build_decision_labelability_audit_402r.py|src/backtest/build_forward_live_canonical_multifactor_decision_layer_401.py|src/backtest/build_forward_live_entry_quality_filter_discovery_400.py|src/backtest/build_intraday_universe_history_expansion_399.py|src/backtest/build_multi_archetype_continuation_portfolio_discovery_403.py|src/backtest/build_multifactor_continuation_state_discovery_402.py|src/backtest/build_refined_archetype_portfolio_rebuild_405.py|tasks/archive_candidate_registry.csv
task_399_intraday_universe_history_expansion,task_398_expanded/portfolio_monthly_summary.csv,docs/reports/task_399_intraday_universe_history_expansion/task_398_expanded/portfolio_monthly_summary.csv,data/artifacts/task_399_intraday_universe_history_expansion/task_398_expanded/portfolio_monthly_summary.csv,small_table,3360,archive_candidate,keep_small_or_report_artifact,0,,8,src/backtest/build_decision_labelability_audit_402r.py|src/backtest/build_forward_live_canonical_multifactor_decision_layer_401.py|src/backtest/build_forward_live_entry_quality_filter_discovery_400.py|src/backtest/build_intraday_universe_history_expansion_399.py|src/backtest/build_multi_archetype_continuation_portfolio_discovery_403.py|src/backtest/build_multifactor_continuation_state_discovery_402.py|src/backtest/build_refined_archetype_portfolio_rebuild_405.py|tasks/archive_candidate_registry.csv
task_399_intraday_universe_history_expansion,task_398_expanded/portfolio_trade_ledger.csv.migrated.txt,docs/reports/task_399_intraday_universe_history_expansion/task_398_expanded/portfolio_trade_ledger.csv.migrated.txt,data/artifacts/task_399_intraday_universe_history_expansion/task_398_expanded/portfolio_trade_ledger.csv.migrated.txt,other,436,archive_candidate,keep_small_or_report_artifact,0,,8,src/backtest/build_decision_labelability_audit_402r.py|src/backtest/build_forward_live_canonical_multifactor_decision_layer_401.py|src/backtest/build_forward_live_entry_quality_filter_discovery_400.py|src/backtest/build_intraday_universe_history_expansion_399.py|src/backtest/build_multi_archetype_continuation_portfolio_discovery_403.py|src/backtest/build_multifactor_continuation_state_discovery_402.py|src/backtest/build_refined_archetype_portfolio_rebuild_405.py|tasks/archive_candidate_registry.csv
task_399_intraday_universe_history_expansion,task_398_expanded/task_398_decision.csv,docs/reports/task_399_intraday_universe_history_expansion/task_398_expanded/task_398_decision.csv,data/artifacts/task_399_intraday_universe_history_expansion/task_398_expanded/task_398_decision.csv,decision,369,archive_candidate,keep_small_or_report_artifact,0,,8,src/backtest/build_decision_labelability_audit_402r.py|src/backtest/build_forward_live_canonical_multifactor_decision_layer_401.py|src/backtest/build_forward_live_entry_quality_filter_discovery_400.py|src/backtest/build_intraday_universe_history_expansion_399.py|src/backtest/build_multi_archetype_continuation_portfolio_discovery_403.py|src/backtest/build_multifactor_continuation_state_discovery_402.py|src/backtest/build_refined_archetype_portfolio_rebuild_405.py|tasks/archive_candidate_registry.csv
task_399_intraday_universe_history_expansion,task_398_expanded/task_398_portfolio_path_equity_curve_simulation.md,docs/reports/task_399_intraday_universe_history_expansion/task_398_expanded/task_398_portfolio_path_equity_curve_simulation.md,data/artifacts/task_399_intraday_universe_history_expansion/task_398_expanded/task_398_portfolio_path_equity_curve_simulation.md,report,3990,archive_candidate,keep_small_or_report_artifact,0,,8,src/backtest/build_decision_labelability_audit_402r.py|src/backtest/build_forward_live_canonical_multifactor_decision_layer_401.py|src/backtest/build_forward_live_entry_quality_filter_discovery_400.py|src/backtest/build_intraday_universe_history_expansion_399.py|src/backtest/build_multi_archetype_continuation_portfolio_discovery_403.py|src/backtest/build_multifactor_continuation_state_discovery_402.py|src/backtest/build_refined_archetype_portfolio_rebuild_405.py|tasks/archive_candidate_registry.csv
task_399_intraday_universe_history_expansion,task_399_decision.csv,docs/reports/task_399_intraday_universe_history_expansion/task_399_decision.csv,data/artifacts/task_399_intraday_universe_history_expansion/task_399_decision.csv,decision,289,archive_candidate,keep_small_or_report_artifact,0,,8,src/backtest/build_decision_labelability_audit_402r.py|src/backtest/build_forward_live_canonical_multifactor_decision_layer_401.py|src/backtest/build_forward_live_entry_quality_filter_discovery_400.py|src/backtest/build_intraday_universe_history_expansion_399.py|src/backtest/build_multi_archetype_continuation_portfolio_discovery_403.py|src/backtest/build_multifactor_continuation_state_discovery_402.py|src/backtest/build_refined_archetype_portfolio_rebuild_405.py|tasks/archive_candidate_registry.csv
task_399_intraday_universe_history_expansion,task_399_intraday_universe_history_expansion.md,docs/reports/task_399_intraday_universe_history_expansion/task_399_intraday_universe_history_expansion.md,data/artifacts/task_399_intraday_universe_history_expansion/task_399_intraday_universe_history_expansion.md,report,8377,archive_candidate,keep_small_or_report_artifact,0,,8,src/backtest/build_decision_labelability_audit_402r.py|src/backtest/build_forward_live_canonical_multifactor_decision_layer_401.py|src/backtest/build_forward_live_entry_quality_filter_discovery_400.py|src/backtest/build_intraday_universe_history_expansion_399.py|src/backtest/build_multi_archetype_continuation_portfolio_discovery_403.py|src/backtest/build_multifactor_continuation_state_discovery_402.py|src/backtest/build_refined_archetype_portfolio_rebuild_405.py|tasks/archive_candidate_registry.csv
task_404_task401_exact_label_generation,artifact_manifest.csv,docs/reports/task_404_task401_exact_label_generation/artifact_manifest.csv,data/artifacts/task_404_task401_exact_label_generation/artifact_manifest.csv,small_table,623,archive_candidate,keep_small_or_report_artifact,1,tasks/archive_candidate_registry.csv,4,src/backtest/build_refined_archetype_portfolio_rebuild_405.py|src/backtest/build_task401_exact_label_generation_404.py|src/backtest/build_task406_professional_combo_validation.py|tasks/archive_candidate_registry.csv
task_404_task401_exact_label_generation,task401_exact_lifecycle_labels.csv,docs/reports/task_404_task401_exact_label_generation/task401_exact_lifecycle_labels.csv,data/artifacts/task_404_task401_exact_label_generation/task401_exact_lifecycle_labels.csv,large_panel,18410672,archive_candidate,skip_referenced,2,src/backtest/build_refined_archetype_portfolio_rebuild_405.py|src/backtest/build_task406_professional_combo_validation.py,4,src/backtest/build_refined_archetype_portfolio_rebuild_405.py|src/backtest/build_task401_exact_label_generation_404.py|src/backtest/build_task406_professional_combo_validation.py|tasks/archive_candidate_registry.csv
task_404_task401_exact_label_generation,task401_label_coverage_audit.csv,docs/reports/task_404_task401_exact_label_generation/task401_label_coverage_audit.csv,data/artifacts/task_404_task401_exact_label_generation/task401_label_coverage_audit.csv,small_table,350,archive_candidate,keep_small_or_report_artifact,0,,4,src/backtest/build_refined_archetype_portfolio_rebuild_405.py|src/backtest/build_task401_exact_label_generation_404.py|src/backtest/build_task406_professional_combo_validation.py|tasks/archive_candidate_registry.csv
task_404_task401_exact_label_generation,task401_label_quality_summary.csv,docs/reports/task_404_task401_exact_label_generation/task401_label_quality_summary.csv,data/artifacts/task_404_task401_exact_label_generation/task401_label_quality_summary.csv,small_table,322,archive_candidate,keep_small_or_report_artifact,0,,4,src/backtest/build_refined_archetype_portfolio_rebuild_405.py|src/backtest/build_task401_exact_label_generation_404.py|src/backtest/build_task406_professional_combo_validation.py|tasks/archive_candidate_registry.csv
task_404_task401_exact_label_generation,task_404_decision.csv,docs/reports/task_404_task401_exact_label_generation/task_404_decision.csv,data/artifacts/task_404_task401_exact_label_generation/task_404_decision.csv,decision,524,archive_candidate,keep_small_or_report_artifact,1,src/backtest/build_refined_archetype_portfolio_rebuild_405.py,4,src/backtest/build_refined_archetype_portfolio_rebuild_405.py|src/backtest/build_task401_exact_label_generation_404.py|src/backtest/build_task406_professional_combo_validation.py|tasks/archive_candidate_registry.csv
task_404_task401_exact_label_generation,task_404_task401_exact_label_generation.md,docs/reports/task_404_task401_exact_label_generation/task_404_task401_exact_label_generation.md,data/artifacts/task_404_task401_exact_label_generation/task_404_task401_exact_label_generation.md,report,1411,archive_candidate,keep_small_or_report_artifact,0,,4,src/backtest/build_refined_archetype_portfolio_rebuild_405.py|src/backtest/build_task401_exact_label_generation_404.py|src/backtest/build_task406_professional_combo_validation.py|tasks/archive_candidate_registry.csv
task_482_continuous_market_theme_regime_engine,daily_market_regime_component_scores.csv,docs/reports/task_482_continuous_market_theme_regime_engine/daily_market_regime_component_scores.csv,data/artifacts/task_482_continuous_market_theme_regime_engine/daily_market_regime_component_scores.csv,small_table,267495,historical_keep,keep_not_archive_candidate,0,,2,src/backtest/build_task482_continuous_market_theme_regime_engine.py|tasks/archive_candidate_registry.csv
task_482_continuous_market_theme_regime_engine,daily_market_regime_state_panel.csv,docs/reports/task_482_continuous_market_theme_regime_engine/daily_market_regime_state_panel.csv,data/artifacts/task_482_continuous_market_theme_regime_engine/daily_market_regime_state_panel.csv,small_table,303867,historical_keep,keep_not_archive_candidate,0,,2,src/backtest/build_task482_continuous_market_theme_regime_engine.py|tasks/archive_candidate_registry.csv
task_482_continuous_market_theme_regime_engine,daily_regime_source_ohlcv_panel.csv,docs/reports/task_482_continuous_market_theme_regime_engine/daily_regime_source_ohlcv_panel.csv,data/artifacts/task_482_continuous_market_theme_regime_engine/daily_regime_source_ohlcv_panel.csv,large_panel,28729257,historical_keep,keep_not_archive_candidate,0,,2,src/backtest/build_task482_continuous_market_theme_regime_engine.py|tasks/archive_candidate_registry.csv
task_482_continuous_market_theme_regime_engine,daily_theme_regime_component_scores.csv,docs/reports/task_482_continuous_market_theme_regime_engine/daily_theme_regime_component_scores.csv,data/artifacts/task_482_continuous_market_theme_regime_engine/daily_theme_regime_component_scores.csv,small_table,2817678,historical_keep,keep_not_archive_candidate,0,,2,src/backtest/build_task482_continuous_market_theme_regime_engine.py|tasks/archive_candidate_registry.csv
task_482_continuous_market_theme_regime_engine,daily_theme_regime_state_panel.csv,docs/reports/task_482_continuous_market_theme_regime_engine/daily_theme_regime_state_panel.csv,data/artifacts/task_482_continuous_market_theme_regime_engine/daily_theme_regime_state_panel.csv,small_table,3158586,historical_keep,keep_not_archive_candidate,0,,2,src/backtest/build_task482_continuous_market_theme_regime_engine.py|tasks/archive_candidate_registry.csv
task_482_continuous_market_theme_regime_engine,market_regime_quarterly_quality.csv,docs/reports/task_482_continuous_market_theme_regime_engine/market_regime_quarterly_quality.csv,data/artifacts/task_482_continuous_market_theme_regime_engine/market_regime_quarterly_quality.csv,small_table,8829,historical_keep,keep_not_archive_candidate,0,,2,src/backtest/build_task482_continuous_market_theme_regime_engine.py|tasks/archive_candidate_registry.csv
task_482_continuous_market_theme_regime_engine,market_regime_quarterly_quality_primary_theme.csv,docs/reports/task_482_continuous_market_theme_regime_engine/market_regime_quarterly_quality_primary_theme.csv,data/artifacts/task_482_continuous_market_theme_regime_engine/market_regime_quarterly_quality_primary_theme.csv,small_table,8911,historical_keep,keep_not_archive_candidate,0,,2,src/backtest/build_task482_continuous_market_theme_regime_engine.py|tasks/archive_candidate_registry.csv
task_482_continuous_market_theme_regime_engine,market_theme_regime_oos_quality.csv,docs/reports/task_482_continuous_market_theme_regime_engine/market_theme_regime_oos_quality.csv,data/artifacts/task_482_continuous_market_theme_regime_engine/market_theme_regime_oos_quality.csv,small_table,21827,historical_keep,keep_not_archive_candidate,0,,2,src/backtest/build_task482_continuous_market_theme_regime_engine.py|tasks/archive_candidate_registry.csv
task_482_continuous_market_theme_regime_engine,regime_intraday_continuation_join_audit.csv,docs/reports/task_482_continuous_market_theme_regime_engine/regime_intraday_continuation_join_audit.csv,data/artifacts/task_482_continuous_market_theme_regime_engine/regime_intraday_continuation_join_audit.csv,small_table,259,historical_keep,keep_not_archive_candidate,0,,2,src/backtest/build_task482_continuous_market_theme_regime_engine.py|tasks/archive_candidate_registry.csv
task_482_continuous_market_theme_regime_engine,regime_quarterly_quality.csv,docs/reports/task_482_continuous_market_theme_regime_engine/regime_quarterly_quality.csv,data/artifacts/task_482_continuous_market_theme_regime_engine/regime_quarterly_quality.csv,small_table,45594,historical_keep,keep_not_archive_candidate,0,,2,src/backtest/build_task482_continuous_market_theme_regime_engine.py|tasks/archive_candidate_registry.csv
task_482_continuous_market_theme_regime_engine,regime_quarterly_quality_primary_theme.csv,docs/reports/task_482_continuous_market_theme_regime_engine/regime_quarterly_quality_primary_theme.csv,data/artifacts/task_482_continuous_market_theme_regime_engine/regime_quarterly_quality_primary_theme.csv,small_table,45109,historical_keep,keep_not_archive_candidate,0,,2,src/backtest/build_task482_continuous_market_theme_regime_engine.py|tasks/archive_candidate_registry.csv
task_482_continuous_market_theme_regime_engine,regime_symbol_quality.csv,docs/reports/task_482_continuous_market_theme_regime_engine/regime_symbol_quality.csv,data/artifacts/task_482_continuous_market_theme_regime_engine/regime_symbol_quality.csv,small_table,568523,historical_keep,keep_not_archive_candidate,0,,2,src/backtest/build_task482_continuous_market_theme_regime_engine.py|tasks/archive_candidate_registry.csv
task_482_continuous_market_theme_regime_engine,regime_symbol_quality_primary_theme.csv,docs/reports/task_482_continuous_market_theme_regime_engine/regime_symbol_quality_primary_theme.csv,data/artifacts/task_482_continuous_market_theme_regime_engine/regime_symbol_quality_primary_theme.csv,small_table,563741,historical_keep,keep_not_archive_candidate,0,,2,src/backtest/build_task482_continuous_market_theme_regime_engine.py|tasks/archive_candidate_registry.csv
task_482_continuous_market_theme_regime_engine,regime_theme_quarterly_quality.csv,docs/reports/task_482_continuous_market_theme_regime_engine/regime_theme_quarterly_quality.csv,data/artifacts/task_482_continuous_market_theme_regime_engine/regime_theme_quarterly_quality.csv,small_table,193559,historical_keep,keep_not_archive_candidate,0,,2,src/backtest/build_task482_continuous_market_theme_regime_engine.py|tasks/archive_candidate_registry.csv
task_482_continuous_market_theme_regime_engine,regime_theme_quarterly_quality_primary_theme.csv,docs/reports/task_482_continuous_market_theme_regime_engine/regime_theme_quarterly_quality_primary_theme.csv,data/artifacts/task_482_continuous_market_theme_regime_engine/regime_theme_quarterly_quality_primary_theme.csv,small_table,193185,historical_keep,keep_not_archive_candidate,0,,2,src/backtest/build_task482_continuous_market_theme_regime_engine.py|tasks/archive_candidate_registry.csv
task_482_continuous_market_theme_regime_engine,regime_transition_audit.csv,docs/reports/task_482_continuous_market_theme_regime_engine/regime_transition_audit.csv,data/artifacts/task_482_continuous_market_theme_regime_engine/regime_transition_audit.csv,small_table,53468,historical_keep,keep_not_archive_candidate,0,,2,src/backtest/build_task482_continuous_market_theme_regime_engine.py|tasks/archive_candidate_registry.csv
task_482_continuous_market_theme_regime_engine,regime_weight_sensitivity_audit.csv,docs/reports/task_482_continuous_market_theme_regime_engine/regime_weight_sensitivity_audit.csv,data/artifacts/task_482_continuous_market_theme_regime_engine/regime_weight_sensitivity_audit.csv,small_table,428,historical_keep,keep_not_archive_candidate,0,,2,src/backtest/build_task482_continuous_market_theme_regime_engine.py|tasks/archive_candidate_registry.csv
task_482_continuous_market_theme_regime_engine,regime_whipsaw_dwell_audit.csv,docs/reports/task_482_continuous_market_theme_regime_engine/regime_whipsaw_dwell_audit.csv,data/artifacts/task_482_continuous_market_theme_regime_engine/regime_whipsaw_dwell_audit.csv,small_table,52275,historical_keep,keep_not_archive_candidate,0,,2,src/backtest/build_task482_continuous_market_theme_regime_engine.py|tasks/archive_candidate_registry.csv
task_482_continuous_market_theme_regime_engine,task_482_continuous_market_theme_regime_engine.md,docs/reports/task_482_continuous_market_theme_regime_engine/task_482_continuous_market_theme_regime_engine.md,data/artifacts/task_482_continuous_market_theme_regime_engine/task_482_continuous_market_theme_regime_engine.md,report,7254,historical_keep,keep_not_archive_candidate,0,,2,src/backtest/build_task482_continuous_market_theme_regime_engine.py|tasks/archive_candidate_registry.csv
task_482_continuous_market_theme_regime_engine,task_482_decision.csv,docs/reports/task_482_continuous_market_theme_regime_engine/task_482_decision.csv,data/artifacts/task_482_continuous_market_theme_regime_engine/task_482_decision.csv,decision,632,historical_keep,keep_not_archive_candidate,0,,2,src/backtest/build_task482_continuous_market_theme_regime_engine.py|tasks/archive_candidate_registry.csv
task_482_continuous_market_theme_regime_engine,theme_regime_quality.csv,docs/reports/task_482_continuous_market_theme_regime_engine/theme_regime_quality.csv,data/artifacts/task_482_continuous_market_theme_regime_engine/theme_regime_quality.csv,small_table,11263,historical_keep,keep_not_archive_candidate,0,,2,src/backtest/build_task482_continuous_market_theme_regime_engine.py|tasks/archive_candidate_registry.csv
task_482_continuous_market_theme_regime_engine,theme_regime_quality_primary_theme.csv,docs/reports/task_482_continuous_market_theme_regime_engine/theme_regime_quality_primary_theme.csv,data/artifacts/task_482_continuous_market_theme_regime_engine/theme_regime_quality_primary_theme.csv,small_table,11187,historical_keep,keep_not_archive_candidate,0,,2,src/backtest/build_task482_continuous_market_theme_regime_engine.py|tasks/archive_candidate_registry.csv
task_395_forward_live_regime_detectability,detectability_alignment_audit.csv,docs/reports/task_395_forward_live_regime_detectability/detectability_alignment_audit.csv,data/artifacts/task_395_forward_live_regime_detectability/detectability_alignment_audit.csv,small_table,355,historical_keep,keep_not_archive_candidate,0,,3,src/backtest/build_forward_live_cost_constrained_validation_396.py|src/backtest/build_forward_live_regime_detectability_395.py|tasks/archive_candidate_registry.csv
task_395_forward_live_regime_detectability,forward_live_gate_split_quality.csv,docs/reports/task_395_forward_live_regime_detectability/forward_live_gate_split_quality.csv,data/artifacts/task_395_forward_live_regime_detectability/forward_live_gate_split_quality.csv,small_table,2374,historical_keep,keep_not_archive_candidate,0,,3,src/backtest/build_forward_live_cost_constrained_validation_396.py|src/backtest/build_forward_live_regime_detectability_395.py|tasks/archive_candidate_registry.csv
task_395_forward_live_regime_detectability,forward_live_gate_validation_audit.csv,docs/reports/task_395_forward_live_regime_detectability/forward_live_gate_validation_audit.csv,data/artifacts/task_395_forward_live_regime_detectability/forward_live_gate_validation_audit.csv,small_table,685,historical_keep,keep_not_archive_candidate,0,,3,src/backtest/build_forward_live_cost_constrained_validation_396.py|src/backtest/build_forward_live_regime_detectability_395.py|tasks/archive_candidate_registry.csv
task_395_forward_live_regime_detectability,forward_live_leakage_audit.csv,docs/reports/task_395_forward_live_regime_detectability/forward_live_leakage_audit.csv,data/artifacts/task_395_forward_live_regime_detectability/forward_live_leakage_audit.csv,small_table,252,historical_keep,keep_not_archive_candidate,0,,3,src/backtest/build_forward_live_cost_constrained_validation_396.py|src/backtest/build_forward_live_regime_detectability_395.py|tasks/archive_candidate_registry.csv
task_395_forward_live_regime_detectability,forward_live_lifecycle_regime_panel.csv,docs/reports/task_395_forward_live_regime_detectability/forward_live_lifecycle_regime_panel.csv,data/artifacts/task_395_forward_live_regime_detectability/forward_live_lifecycle_regime_panel.csv,small_table,7497362,historical_keep,keep_not_archive_candidate,1,src/backtest/build_forward_live_cost_constrained_validation_396.py,3,src/backtest/build_forward_live_cost_constrained_validation_396.py|src/backtest/build_forward_live_regime_detectability_395.py|tasks/archive_candidate_registry.csv
task_395_forward_live_regime_detectability,forward_live_timestamp_regime_panel.csv,docs/reports/task_395_forward_live_regime_detectability/forward_live_timestamp_regime_panel.csv,data/artifacts/task_395_forward_live_regime_detectability/forward_live_timestamp_regime_panel.csv,large_panel,19558110,historical_keep,keep_not_archive_candidate,0,,3,src/backtest/build_forward_live_cost_constrained_validation_396.py|src/backtest/build_forward_live_regime_detectability_395.py|tasks/archive_candidate_registry.csv
task_395_forward_live_regime_detectability,task_395_decision.csv,docs/reports/task_395_forward_live_regime_detectability/task_395_decision.csv,data/artifacts/task_395_forward_live_regime_detectability/task_395_decision.csv,decision,790,historical_keep,keep_not_archive_candidate,0,,3,src/backtest/build_forward_live_cost_constrained_validation_396.py|src/backtest/build_forward_live_regime_detectability_395.py|tasks/archive_candidate_registry.csv
task_395_forward_live_regime_detectability,task_395_forward_live_regime_detectability.md,docs/reports/task_395_forward_live_regime_detectability/task_395_forward_live_regime_detectability.md,data/artifacts/task_395_forward_live_regime_detectability/task_395_forward_live_regime_detectability.md,report,2520,historical_keep,keep_not_archive_candidate,0,,3,src/backtest/build_forward_live_cost_constrained_validation_396.py|src/backtest/build_forward_live_regime_detectability_395.py|tasks/archive_candidate_registry.csv
task_483_firm_grade_market_theme_regime_upgrade,_task482_v1_reference/daily_market_regime_component_scores.csv,docs/reports/task_483_firm_grade_market_theme_regime_upgrade/_task482_v1_reference/daily_market_regime_component_scores.csv,data/artifacts/task_483_firm_grade_market_theme_regime_upgrade/_task482_v1_reference/daily_market_regime_component_scores.csv,small_table,9389,historical_keep,keep_not_archive_candidate,0,,2,src/backtest/build_task483_firm_grade_market_theme_regime_upgrade.py|tasks/archive_candidate_registry.csv
task_483_firm_grade_market_theme_regime_upgrade,_task482_v1_reference/daily_market_regime_state_panel.csv,docs/reports/task_483_firm_grade_market_theme_regime_upgrade/_task482_v1_reference/daily_market_regime_state_panel.csv,data/artifacts/task_483_firm_grade_market_theme_regime_upgrade/_task482_v1_reference/daily_market_regime_state_panel.csv,small_table,11303,historical_keep,keep_not_archive_candidate,0,,2,src/backtest/build_task483_firm_grade_market_theme_regime_upgrade.py|tasks/archive_candidate_registry.csv
task_483_firm_grade_market_theme_regime_upgrade,_task482_v1_reference/daily_regime_source_ohlcv_panel.csv,docs/reports/task_483_firm_grade_market_theme_regime_upgrade/_task482_v1_reference/daily_regime_source_ohlcv_panel.csv,data/artifacts/task_483_firm_grade_market_theme_regime_upgrade/_task482_v1_reference/daily_regime_source_ohlcv_panel.csv,small_table,61938,historical_keep,keep_not_archive_candidate,0,,2,src/backtest/build_task483_firm_grade_market_theme_regime_upgrade.py|tasks/archive_candidate_registry.csv
task_483_firm_grade_market_theme_regime_upgrade,_task482_v1_reference/daily_theme_regime_component_scores.csv,docs/reports/task_483_firm_grade_market_theme_regime_upgrade/_task482_v1_reference/daily_theme_regime_component_scores.csv,data/artifacts/task_483_firm_grade_market_theme_regime_upgrade/_task482_v1_reference/daily_theme_regime_component_scores.csv,small_table,18516,historical_keep,keep_not_archive_candidate,0,,2,src/backtest/build_task483_firm_grade_market_theme_regime_upgrade.py|tasks/archive_candidate_registry.csv
task_483_firm_grade_market_theme_regime_upgrade,_task482_v1_reference/daily_theme_regime_state_panel.csv,docs/reports/task_483_firm_grade_market_theme_regime_upgrade/_task482_v1_reference/daily_theme_regime_state_panel.csv,data/artifacts/task_483_firm_grade_market_theme_regime_upgrade/_task482_v1_reference/daily_theme_regime_state_panel.csv,small_table,22050,historical_keep,keep_not_archive_candidate,0,,2,src/backtest/build_task483_firm_grade_market_theme_regime_upgrade.py|tasks/archive_candidate_registry.csv
task_483_firm_grade_market_theme_regime_upgrade,_task482_v1_reference/market_theme_regime_oos_quality.csv,docs/reports/task_483_firm_grade_market_theme_regime_upgrade/_task482_v1_reference/market_theme_regime_oos_quality.csv,data/artifacts/task_483_firm_grade_market_theme_regime_upgrade/_task482_v1_reference/market_theme_regime_oos_quality.csv,small_table,5,historical_keep,keep_not_archive_candidate,0,,2,src/backtest/build_task483_firm_grade_market_theme_regime_upgrade.py|tasks/archive_candidate_registry.csv
task_483_firm_grade_market_theme_regime_upgrade,_task482_v1_reference/regime_intraday_continuation_join_audit.csv,docs/reports/task_483_firm_grade_market_theme_regime_upgrade/_task482_v1_reference/regime_intraday_continuation_join_audit.csv,data/artifacts/task_483_firm_grade_market_theme_regime_upgrade/_task482_v1_reference/regime_intraday_continuation_join_audit.csv,small_table,236,historical_keep,keep_not_archive_candidate,0,,2,src/backtest/build_task483_firm_grade_market_theme_regime_upgrade.py|tasks/archive_candidate_registry.csv
task_483_firm_grade_market_theme_regime_upgrade,_task482_v1_reference/regime_transition_audit.csv,docs/reports/task_483_firm_grade_market_theme_regime_upgrade/_task482_v1_reference/regime_transition_audit.csv,data/artifacts/task_483_firm_grade_market_theme_regime_upgrade/_task482_v1_reference/regime_transition_audit.csv,small_table,503,historical_keep,keep_not_archive_candidate,0,,2,src/backtest/build_task483_firm_grade_market_theme_regime_upgrade.py|tasks/archive_candidate_registry.csv
task_483_firm_grade_market_theme_regime_upgrade,_task482_v1_reference/regime_weight_sensitivity_audit.csv,docs/reports/task_483_firm_grade_market_theme_regime_upgrade/_task482_v1_reference/regime_weight_sensitivity_audit.csv,data/artifacts/task_483_firm_grade_market_theme_regime_upgrade/_task482_v1_reference/regime_weight_sensitivity_audit.csv,small_table,428,historical_keep,keep_not_archive_candidate,0,,2,src/backtest/build_task483_firm_grade_market_theme_regime_upgrade.py|tasks/archive_candidate_registry.csv
task_483_firm_grade_market_theme_regime_upgrade,_task482_v1_reference/regime_whipsaw_dwell_audit.csv,docs/reports/task_483_firm_grade_market_theme_regime_upgrade/_task482_v1_reference/regime_whipsaw_dwell_audit.csv,data/artifacts/task_483_firm_grade_market_theme_regime_upgrade/_task482_v1_reference/regime_whipsaw_dwell_audit.csv,small_table,567,historical_keep,keep_not_archive_candidate,0,,2,src/backtest/build_task483_firm_grade_market_theme_regime_upgrade.py|tasks/archive_candidate_registry.csv
task_483_firm_grade_market_theme_regime_upgrade,_task482_v1_reference/task_482_continuous_market_theme_regime_engine.md,docs/reports/task_483_firm_grade_market_theme_regime_upgrade/_task482_v1_reference/task_482_continuous_market_theme_regime_engine.md,data/artifacts/task_483_firm_grade_market_theme_regime_upgrade/_task482_v1_reference/task_482_continuous_market_theme_regime_engine.md,report,1538,historical_keep,keep_not_archive_candidate,0,,2,src/backtest/build_task483_firm_grade_market_theme_regime_upgrade.py|tasks/archive_candidate_registry.csv
task_483_firm_grade_market_theme_regime_upgrade,_task482_v1_reference/task_482_decision.csv,docs/reports/task_483_firm_grade_market_theme_regime_upgrade/_task482_v1_reference/task_482_decision.csv,data/artifacts/task_483_firm_grade_market_theme_regime_upgrade/_task482_v1_reference/task_482_decision.csv,decision,580,historical_keep,keep_not_archive_candidate,0,,2,src/backtest/build_task483_firm_grade_market_theme_regime_upgrade.py|tasks/archive_candidate_registry.csv
task_483_firm_grade_market_theme_regime_upgrade,daily_regime_source_ohlcv_panel.csv,docs/reports/task_483_firm_grade_market_theme_regime_upgrade/daily_regime_source_ohlcv_panel.csv,data/artifacts/task_483_firm_grade_market_theme_regime_upgrade/daily_regime_source_ohlcv_panel.csv,large_panel,28729257,historical_keep,keep_not_archive_candidate,0,,2,src/backtest/build_task483_firm_grade_market_theme_regime_upgrade.py|tasks/archive_candidate_registry.csv
task_483_firm_grade_market_theme_regime_upgrade,firm_market_regime_state_panel.csv,docs/reports/task_483_firm_grade_market_theme_regime_upgrade/firm_market_regime_state_panel.csv,data/artifacts/task_483_firm_grade_market_theme_regime_upgrade/firm_market_regime_state_panel.csv,small_table,328750,historical_keep,keep_not_archive_candidate,0,,2,src/backtest/build_task483_firm_grade_market_theme_regime_upgrade.py|tasks/archive_candidate_registry.csv
task_483_firm_grade_market_theme_regime_upgrade,firm_regime_quality.csv,docs/reports/task_483_firm_grade_market_theme_regime_upgrade/firm_regime_quality.csv,data/artifacts/task_483_firm_grade_market_theme_regime_upgrade/firm_regime_quality.csv,small_table,20785,historical_keep,keep_not_archive_candidate,0,,2,src/backtest/build_task483_firm_grade_market_theme_regime_upgrade.py|tasks/archive_candidate_registry.csv
task_483_firm_grade_market_theme_regime_upgrade,firm_regime_quarterly_quality.csv,docs/reports/task_483_firm_grade_market_theme_regime_upgrade/firm_regime_quarterly_quality.csv,data/artifacts/task_483_firm_grade_market_theme_regime_upgrade/firm_regime_quarterly_quality.csv,small_table,6623,historical_keep,keep_not_archive_candidate,0,,2,src/backtest/build_task483_firm_grade_market_theme_regime_upgrade.py|tasks/archive_candidate_registry.csv
task_483_firm_grade_market_theme_regime_upgrade,firm_regime_transition_audit.csv,docs/reports/task_483_firm_grade_market_theme_regime_upgrade/firm_regime_transition_audit.csv,data/artifacts/task_483_firm_grade_market_theme_regime_upgrade/firm_regime_transition_audit.csv,small_table,39088,historical_keep,keep_not_archive_candidate,0,,2,src/backtest/build_task483_firm_grade_market_theme_regime_upgrade.py|tasks/archive_candidate_registry.csv
task_483_firm_grade_market_theme_regime_upgrade,firm_regime_upgrade_decision.csv,docs/reports/task_483_firm_grade_market_theme_regime_upgrade/firm_regime_upgrade_decision.csv,data/artifacts/task_483_firm_grade_market_theme_regime_upgrade/firm_regime_upgrade_decision.csv,decision,717,historical_keep,keep_not_archive_candidate,0,,2,src/backtest/build_task483_firm_grade_market_theme_regime_upgrade.py|tasks/archive_candidate_registry.csv
task_483_firm_grade_market_theme_regime_upgrade,firm_regime_v1_comparison.csv,docs/reports/task_483_firm_grade_market_theme_regime_upgrade/firm_regime_v1_comparison.csv,data/artifacts/task_483_firm_grade_market_theme_regime_upgrade/firm_regime_v1_comparison.csv,small_table,185,historical_keep,keep_not_archive_candidate,0,,2,src/backtest/build_task483_firm_grade_market_theme_regime_upgrade.py|tasks/archive_candidate_registry.csv
task_483_firm_grade_market_theme_regime_upgrade,firm_regime_whipsaw_dwell_audit.csv,docs/reports/task_483_firm_grade_market_theme_regime_upgrade/firm_regime_whipsaw_dwell_audit.csv,data/artifacts/task_483_firm_grade_market_theme_regime_upgrade/firm_regime_whipsaw_dwell_audit.csv,small_table,37676,historical_keep,keep_not_archive_candidate,0,,2,src/backtest/build_task483_firm_grade_market_theme_regime_upgrade.py|tasks/archive_candidate_registry.csv
task_483_firm_grade_market_theme_regime_upgrade,firm_symbol_regime_quality.csv,docs/reports/task_483_firm_grade_market_theme_regime_upgrade/firm_symbol_regime_quality.csv,data/artifacts/task_483_firm_grade_market_theme_regime_upgrade/firm_symbol_regime_quality.csv,small_table,476580,historical_keep,keep_not_archive_candidate,0,,2,src/backtest/build_task483_firm_grade_market_theme_regime_upgrade.py|tasks/archive_candidate_registry.csv
task_483_firm_grade_market_theme_regime_upgrade,firm_theme_quarterly_quality.csv,docs/reports/task_483_firm_grade_market_theme_regime_upgrade/firm_theme_quarterly_quality.csv,data/artifacts/task_483_firm_grade_market_theme_regime_upgrade/firm_theme_quarterly_quality.csv,small_table,138710,historical_keep,keep_not_archive_candidate,0,,2,src/backtest/build_task483_firm_grade_market_theme_regime_upgrade.py|tasks/archive_candidate_registry.csv
task_483_firm_grade_market_theme_regime_upgrade,firm_theme_regime_state_panel.csv,docs/reports/task_483_firm_grade_market_theme_regime_upgrade/firm_theme_regime_state_panel.csv,data/artifacts/task_483_firm_grade_market_theme_regime_upgrade/firm_theme_regime_state_panel.csv,small_table,3769102,historical_keep,keep_not_archive_candidate,0,,2,src/backtest/build_task483_firm_grade_market_theme_regime_upgrade.py|tasks/archive_candidate_registry.csv
task_483_firm_grade_market_theme_regime_upgrade,task_483_firm_grade_market_theme_regime_upgrade.md,docs/reports/task_483_firm_grade_market_theme_regime_upgrade/task_483_firm_grade_market_theme_regime_upgrade.md,data/artifacts/task_483_firm_grade_market_theme_regime_upgrade/task_483_firm_grade_market_theme_regime_upgrade.md,report,14609,historical_keep,keep_not_archive_candidate,0,,2,src/backtest/build_task483_firm_grade_market_theme_regime_upgrade.py|tasks/archive_candidate_registry.csv
task_484_continuation_payoff_regime_engine,benchmark_source_audit.csv,docs/reports/task_484_continuation_payoff_regime_engine/benchmark_source_audit.csv,data/artifacts/task_484_continuation_payoff_regime_engine/benchmark_source_audit.csv,small_table,1076,historical_keep,keep_not_archive_candidate,0,,2,src/backtest/build_task484_continuation_payoff_regime_engine.py|tasks/archive_candidate_registry.csv
task_484_continuation_payoff_regime_engine,daily_regime_source_ohlcv_panel.csv,docs/reports/task_484_continuation_payoff_regime_engine/daily_regime_source_ohlcv_panel.csv,data/artifacts/task_484_continuation_payoff_regime_engine/daily_regime_source_ohlcv_panel.csv,large_panel,30847977,historical_keep,keep_not_archive_candidate,0,,2,src/backtest/build_task484_continuation_payoff_regime_engine.py|tasks/archive_candidate_registry.csv
task_484_continuation_payoff_regime_engine,payoff_market_regime_state_panel.csv,docs/reports/task_484_continuation_payoff_regime_engine/payoff_market_regime_state_panel.csv,data/artifacts/task_484_continuation_payoff_regime_engine/payoff_market_regime_state_panel.csv,small_table,448650,historical_keep,keep_not_archive_candidate,0,,2,src/backtest/build_task484_continuation_payoff_regime_engine.py|tasks/archive_candidate_registry.csv
task_484_continuation_payoff_regime_engine,payoff_regime_failure_audit.csv,docs/reports/task_484_continuation_payoff_regime_engine/payoff_regime_failure_audit.csv,data/artifacts/task_484_continuation_payoff_regime_engine/payoff_regime_failure_audit.csv,small_table,15202,historical_keep,keep_not_archive_candidate,0,,2,src/backtest/build_task484_continuation_payoff_regime_engine.py|tasks/archive_candidate_registry.csv
task_484_continuation_payoff_regime_engine,payoff_regime_leakage_audit.csv,docs/reports/task_484_continuation_payoff_regime_engine/payoff_regime_leakage_audit.csv,data/artifacts/task_484_continuation_payoff_regime_engine/payoff_regime_leakage_audit.csv,small_table,319,historical_keep,keep_not_archive_candidate,0,,2,src/backtest/build_task484_continuation_payoff_regime_engine.py|tasks/archive_candidate_registry.csv
task_484_continuation_payoff_regime_engine,payoff_regime_lifecycle_panel.csv,docs/reports/task_484_continuation_payoff_regime_engine/payoff_regime_lifecycle_panel.csv,data/artifacts/task_484_continuation_payoff_regime_engine/payoff_regime_lifecycle_panel.csv,large_panel,101344232,historical_keep,keep_not_archive_candidate,0,,2,src/backtest/build_task484_continuation_payoff_regime_engine.py|tasks/archive_candidate_registry.csv
task_484_continuation_payoff_regime_engine,payoff_regime_quality.csv,docs/reports/task_484_continuation_payoff_regime_engine/payoff_regime_quality.csv,data/artifacts/task_484_continuation_payoff_regime_engine/payoff_regime_quality.csv,small_table,26188,historical_keep,keep_not_archive_candidate,0,,2,src/backtest/build_task484_continuation_payoff_regime_engine.py|tasks/archive_candidate_registry.csv
task_484_continuation_payoff_regime_engine,payoff_regime_quarterly_quality.csv,docs/reports/task_484_continuation_payoff_regime_engine/payoff_regime_quarterly_quality.csv,data/artifacts/task_484_continuation_payoff_regime_engine/payoff_regime_quarterly_quality.csv,small_table,6464,historical_keep,keep_not_archive_candidate,0,,2,src/backtest/build_task484_continuation_payoff_regime_engine.py|tasks/archive_candidate_registry.csv
task_484_continuation_payoff_regime_engine,payoff_theme_quarterly_quality.csv,docs/reports/task_484_continuation_payoff_regime_engine/payoff_theme_quarterly_quality.csv,data/artifacts/task_484_continuation_payoff_regime_engine/payoff_theme_quarterly_quality.csv,small_table,128893,historical_keep,keep_not_archive_candidate,0,,2,src/backtest/build_task484_continuation_payoff_regime_engine.py|tasks/archive_candidate_registry.csv
task_484_continuation_payoff_regime_engine,payoff_theme_regime_state_panel.csv,docs/reports/task_484_continuation_payoff_regime_engine/payoff_theme_regime_state_panel.csv,data/artifacts/task_484_continuation_payoff_regime_engine/payoff_theme_regime_state_panel.csv,small_table,4187206,historical_keep,keep_not_archive_candidate,0,,2,src/backtest/build_task484_continuation_payoff_regime_engine.py|tasks/archive_candidate_registry.csv
task_484_continuation_payoff_regime_engine,task_484_continuation_payoff_regime_engine.md,docs/reports/task_484_continuation_payoff_regime_engine/task_484_continuation_payoff_regime_engine.md,data/artifacts/task_484_continuation_payoff_regime_engine/task_484_continuation_payoff_regime_engine.md,report,15197,historical_keep,keep_not_archive_candidate,0,,2,src/backtest/build_task484_continuation_payoff_regime_engine.py|tasks/archive_candidate_registry.csv
task_484_continuation_payoff_regime_engine,task_484_decision.csv,docs/reports/task_484_continuation_payoff_regime_engine/task_484_decision.csv,data/artifacts/task_484_continuation_payoff_regime_engine/task_484_decision.csv,decision,697,historical_keep,keep_not_archive_candidate,0,,2,src/backtest/build_task484_continuation_payoff_regime_engine.py|tasks/archive_candidate_registry.csv
task_493_microstructure_enhanced_continuation_grid,microstructure_enriched_lifecycle_panel.csv,docs/reports/task_493_microstructure_enhanced_continuation_grid/microstructure_enriched_lifecycle_panel.csv,data/artifacts/task_493_microstructure_enhanced_continuation_grid/microstructure_enriched_lifecycle_panel.csv,small_table,2944889,canonical_or_active,keep_not_archive_candidate,0,,4,src/backtest/analysis_structural_breakout_task494_microstructure_goal_synthesis.py|src/backtest/build_task493_microstructure_enhanced_continuation_grid.py|tasks/archive_candidate_registry.csv|tasks/task_registry.csv
task_493_microstructure_enhanced_continuation_grid,microstructure_grid_candidate_pool.csv,docs/reports/task_493_microstructure_enhanced_continuation_grid/microstructure_grid_candidate_pool.csv,data/artifacts/task_493_microstructure_enhanced_continuation_grid/microstructure_grid_candidate_pool.csv,small_table,1418175,canonical_or_active,keep_not_archive_candidate,0,,4,src/backtest/analysis_structural_breakout_task494_microstructure_goal_synthesis.py|src/backtest/build_task493_microstructure_enhanced_continuation_grid.py|tasks/archive_candidate_registry.csv|tasks/task_registry.csv
task_493_microstructure_enhanced_continuation_grid,microstructure_grid_leakage_audit.csv,docs/reports/task_493_microstructure_enhanced_continuation_grid/microstructure_grid_leakage_audit.csv,data/artifacts/task_493_microstructure_enhanced_continuation_grid/microstructure_grid_leakage_audit.csv,small_table,664,canonical_or_active,keep_not_archive_candidate,0,,4,src/backtest/analysis_structural_breakout_task494_microstructure_goal_synthesis.py|src/backtest/build_task493_microstructure_enhanced_continuation_grid.py|tasks/archive_candidate_registry.csv|tasks/task_registry.csv
task_493_microstructure_enhanced_continuation_grid,selected_microstructure_assignment_panel.csv,docs/reports/task_493_microstructure_enhanced_continuation_grid/selected_microstructure_assignment_panel.csv,data/artifacts/task_493_microstructure_enhanced_continuation_grid/selected_microstructure_assignment_panel.csv,small_table,349323,canonical_or_active,keep_not_archive_candidate,0,,4,src/backtest/analysis_structural_breakout_task494_microstructure_goal_synthesis.py|src/backtest/build_task493_microstructure_enhanced_continuation_grid.py|tasks/archive_candidate_registry.csv|tasks/task_registry.csv
task_493_microstructure_enhanced_continuation_grid,selected_microstructure_cost_stress_quality.csv,docs/reports/task_493_microstructure_enhanced_continuation_grid/selected_microstructure_cost_stress_quality.csv,data/artifacts/task_493_microstructure_enhanced_continuation_grid/selected_microstructure_cost_stress_quality.csv,small_table,304,canonical_or_active,keep_not_archive_candidate,1,src/backtest/analysis_structural_breakout_task494_microstructure_goal_synthesis.py,4,src/backtest/analysis_structural_breakout_task494_microstructure_goal_synthesis.py|src/backtest/build_task493_microstructure_enhanced_continuation_grid.py|tasks/archive_candidate_registry.csv|tasks/task_registry.csv
task_493_microstructure_enhanced_continuation_grid,selected_microstructure_failure_decomposition.csv,docs/reports/task_493_microstructure_enhanced_continuation_grid/selected_microstructure_failure_decomposition.csv,data/artifacts/task_493_microstructure_enhanced_continuation_grid/selected_microstructure_failure_decomposition.csv,small_table,560,canonical_or_active,keep_not_archive_candidate,0,,4,src/backtest/analysis_structural_breakout_task494_microstructure_goal_synthesis.py|src/backtest/build_task493_microstructure_enhanced_continuation_grid.py|tasks/archive_candidate_registry.csv|tasks/task_registry.csv
task_493_microstructure_enhanced_continuation_grid,selected_microstructure_portfolio_quality.csv,docs/reports/task_493_microstructure_enhanced_continuation_grid/selected_microstructure_portfolio_quality.csv,data/artifacts/task_493_microstructure_enhanced_continuation_grid/selected_microstructure_portfolio_quality.csv,small_table,156,canonical_or_active,keep_not_archive_candidate,0,,4,src/backtest/analysis_structural_breakout_task494_microstructure_goal_synthesis.py|src/backtest/build_task493_microstructure_enhanced_continuation_grid.py|tasks/archive_candidate_registry.csv|tasks/task_registry.csv
task_493_microstructure_enhanced_continuation_grid,selected_microstructure_rulebook.csv,docs/reports/task_493_microstructure_enhanced_continuation_grid/selected_microstructure_rulebook.csv,data/artifacts/task_493_microstructure_enhanced_continuation_grid/selected_microstructure_rulebook.csv,small_table,38738,canonical_or_active,keep_not_archive_candidate,0,,4,src/backtest/analysis_structural_breakout_task494_microstructure_goal_synthesis.py|src/backtest/build_task493_microstructure_enhanced_continuation_grid.py|tasks/archive_candidate_registry.csv|tasks/task_registry.csv
task_493_microstructure_enhanced_continuation_grid,selected_microstructure_split_quality.csv,docs/reports/task_493_microstructure_enhanced_continuation_grid/selected_microstructure_split_quality.csv,data/artifacts/task_493_microstructure_enhanced_continuation_grid/selected_microstructure_split_quality.csv,small_table,309,canonical_or_active,keep_not_archive_candidate,0,,4,src/backtest/analysis_structural_breakout_task494_microstructure_goal_synthesis.py|src/backtest/build_task493_microstructure_enhanced_continuation_grid.py|tasks/archive_candidate_registry.csv|tasks/task_registry.csv
task_493_microstructure_enhanced_continuation_grid,task_493_decision.csv,docs/reports/task_493_microstructure_enhanced_continuation_grid/task_493_decision.csv,data/artifacts/task_493_microstructure_enhanced_continuation_grid/task_493_decision.csv,decision,743,canonical_or_active,keep_not_archive_candidate,2,src/backtest/analysis_structural_breakout_task494_microstructure_goal_synthesis.py|tasks/task_registry.csv,4,src/backtest/analysis_structural_breakout_task494_microstructure_goal_synthesis.py|src/backtest/build_task493_microstructure_enhanced_continuation_grid.py|tasks/archive_candidate_registry.csv|tasks/task_registry.csv
task_493_microstructure_enhanced_continuation_grid,task_493_microstructure_enhanced_continuation_grid.md,docs/reports/task_493_microstructure_enhanced_continuation_grid/task_493_microstructure_enhanced_continuation_grid.md,data/artifacts/task_493_microstructure_enhanced_continuation_grid/task_493_microstructure_enhanced_continuation_grid.md,report,2016,canonical_or_active,keep_not_archive_candidate,1,tasks/task_registry.csv,4,src/backtest/analysis_structural_breakout_task494_microstructure_goal_synthesis.py|src/backtest/build_task493_microstructure_enhanced_continuation_grid.py|tasks/archive_candidate_registry.csv|tasks/task_registry.csv
task_406_professional_multicombination_test,professional_combo_assignment_panel.csv,docs/reports/task_406_professional_multicombination_test/professional_combo_assignment_panel.csv,data/artifacts/task_406_professional_multicombination_test/professional_combo_assignment_panel.csv,large_panel,85681768,historical_keep,keep_not_archive_candidate,0,,2,src/backtest/build_task406_professional_combo_validation.py|tasks/archive_candidate_registry.csv
task_406_professional_multicombination_test,professional_combo_concentration_audit.csv,docs/reports/task_406_professional_multicombination_test/professional_combo_concentration_audit.csv,data/artifacts/task_406_professional_multicombination_test/professional_combo_concentration_audit.csv,small_table,2032,historical_keep,keep_not_archive_candidate,0,,2,src/backtest/build_task406_professional_combo_validation.py|tasks/archive_candidate_registry.csv
task_406_professional_multicombination_test,professional_combo_false_positive_audit.csv,docs/reports/task_406_professional_multicombination_test/professional_combo_false_positive_audit.csv,data/artifacts/task_406_professional_multicombination_test/professional_combo_false_positive_audit.csv,small_table,10773,historical_keep,keep_not_archive_candidate,0,,2,src/backtest/build_task406_professional_combo_validation.py|tasks/archive_candidate_registry.csv
task_406_professional_multicombination_test,professional_combo_label_coverage_audit.csv,docs/reports/task_406_professional_multicombination_test/professional_combo_label_coverage_audit.csv,data/artifacts/task_406_professional_multicombination_test/professional_combo_label_coverage_audit.csv,small_table,1733,historical_keep,keep_not_archive_candidate,0,,2,src/backtest/build_task406_professional_combo_validation.py|tasks/archive_candidate_registry.csv
task_406_professional_multicombination_test,professional_combo_leakage_audit.csv,docs/reports/task_406_professional_multicombination_test/professional_combo_leakage_audit.csv,data/artifacts/task_406_professional_multicombination_test/professional_combo_leakage_audit.csv,small_table,445,historical_keep,keep_not_archive_candidate,0,,2,src/backtest/build_task406_professional_combo_validation.py|tasks/archive_candidate_registry.csv
task_406_professional_multicombination_test,professional_combo_monthly_quality.csv,docs/reports/task_406_professional_multicombination_test/professional_combo_monthly_quality.csv,data/artifacts/task_406_professional_multicombination_test/professional_combo_monthly_quality.csv,small_table,74789,historical_keep,keep_not_archive_candidate,0,,2,src/backtest/build_task406_professional_combo_validation.py|tasks/archive_candidate_registry.csv
task_406_professional_multicombination_test,professional_combo_quality.csv,docs/reports/task_406_professional_multicombination_test/professional_combo_quality.csv,data/artifacts/task_406_professional_multicombination_test/professional_combo_quality.csv,small_table,3657,historical_keep,keep_not_archive_candidate,0,,2,src/backtest/build_task406_professional_combo_validation.py|tasks/archive_candidate_registry.csv
task_406_professional_multicombination_test,professional_combo_rulebook.csv,docs/reports/task_406_professional_multicombination_test/professional_combo_rulebook.csv,data/artifacts/task_406_professional_multicombination_test/professional_combo_rulebook.csv,small_table,6415,historical_keep,keep_not_archive_candidate,0,,2,src/backtest/build_task406_professional_combo_validation.py|tasks/archive_candidate_registry.csv
task_406_professional_multicombination_test,professional_combo_split_quality.csv,docs/reports/task_406_professional_multicombination_test/professional_combo_split_quality.csv,data/artifacts/task_406_professional_multicombination_test/professional_combo_split_quality.csv,small_table,10507,historical_keep,keep_not_archive_candidate,0,,2,src/backtest/build_task406_professional_combo_validation.py|tasks/archive_candidate_registry.csv
task_406_professional_multicombination_test,task_406_professional_multicombination_test.md,docs/reports/task_406_professional_multicombination_test/task_406_professional_multicombination_test.md,data/artifacts/task_406_professional_multicombination_test/task_406_professional_multicombination_test.md,report,4800,historical_keep,keep_not_archive_candidate,0,,2,src/backtest/build_task406_professional_combo_validation.py|tasks/archive_candidate_registry.csv
task_406_professional_multicombination_test,task_406c_decision.csv,docs/reports/task_406_professional_multicombination_test/task_406c_decision.csv,data/artifacts/task_406_professional_multicombination_test/task_406c_decision.csv,decision,518,historical_keep,keep_not_archive_candidate,0,,2,src/backtest/build_task406_professional_combo_validation.py|tasks/archive_candidate_registry.csv
task_402_multifactor_continuation_state_discovery,archetype_assignment_panel.csv,docs/reports/task_402_multifactor_continuation_state_discovery/archetype_assignment_panel.csv,data/artifacts/task_402_multifactor_continuation_state_discovery/archetype_assignment_panel.csv,large_panel,12712810,historical_keep,keep_not_archive_candidate,0,,2,src/backtest/build_multifactor_continuation_state_discovery_402.py|tasks/archive_candidate_registry.csv
task_402_multifactor_continuation_state_discovery,archetype_component_matrix.csv,docs/reports/task_402_multifactor_continuation_state_discovery/archetype_component_matrix.csv,data/artifacts/task_402_multifactor_continuation_state_discovery/archetype_component_matrix.csv,small_table,7156,historical_keep,keep_not_archive_candidate,0,,2,src/backtest/build_multifactor_continuation_state_discovery_402.py|tasks/archive_candidate_registry.csv
task_402_multifactor_continuation_state_discovery,archetype_false_positive_audit.csv,docs/reports/task_402_multifactor_continuation_state_discovery/archetype_false_positive_audit.csv,data/artifacts/task_402_multifactor_continuation_state_discovery/archetype_false_positive_audit.csv,small_table,19573,historical_keep,keep_not_archive_candidate,0,,2,src/backtest/build_multifactor_continuation_state_discovery_402.py|tasks/archive_candidate_registry.csv
task_402_multifactor_continuation_state_discovery,archetype_leakage_audit.csv,docs/reports/task_402_multifactor_continuation_state_discovery/archetype_leakage_audit.csv,data/artifacts/task_402_multifactor_continuation_state_discovery/archetype_leakage_audit.csv,small_table,682,historical_keep,keep_not_archive_candidate,0,,2,src/backtest/build_multifactor_continuation_state_discovery_402.py|tasks/archive_candidate_registry.csv
task_402_multifactor_continuation_state_discovery,archetype_oos_stability_audit.csv,docs/reports/task_402_multifactor_continuation_state_discovery/archetype_oos_stability_audit.csv,data/artifacts/task_402_multifactor_continuation_state_discovery/archetype_oos_stability_audit.csv,small_table,7502,historical_keep,keep_not_archive_candidate,0,,2,src/backtest/build_multifactor_continuation_state_discovery_402.py|tasks/archive_candidate_registry.csv
task_402_multifactor_continuation_state_discovery,archetype_quality_summary.csv,docs/reports/task_402_multifactor_continuation_state_discovery/archetype_quality_summary.csv,data/artifacts/task_402_multifactor_continuation_state_discovery/archetype_quality_summary.csv,small_table,7049,historical_keep,keep_not_archive_candidate,0,,2,src/backtest/build_multifactor_continuation_state_discovery_402.py|tasks/archive_candidate_registry.csv
task_402_multifactor_continuation_state_discovery,archetype_split_quality.csv,docs/reports/task_402_multifactor_continuation_state_discovery/archetype_split_quality.csv,data/artifacts/task_402_multifactor_continuation_state_discovery/archetype_split_quality.csv,small_table,19710,historical_keep,keep_not_archive_candidate,0,,2,src/backtest/build_multifactor_continuation_state_discovery_402.py|tasks/archive_candidate_registry.csv
task_402_multifactor_continuation_state_discovery,task_402_decision.csv,docs/reports/task_402_multifactor_continuation_state_discovery/task_402_decision.csv,data/artifacts/task_402_multifactor_continuation_state_discovery/task_402_decision.csv,decision,668,historical_keep,keep_not_archive_candidate,0,,2,src/backtest/build_multifactor_continuation_state_discovery_402.py|tasks/archive_candidate_registry.csv
task_402_multifactor_continuation_state_discovery,task_402_multifactor_continuation_state_discovery.md,docs/reports/task_402_multifactor_continuation_state_discovery/task_402_multifactor_continuation_state_discovery.md,data/artifacts/task_402_multifactor_continuation_state_discovery/task_402_multifactor_continuation_state_discovery.md,report,9128,historical_keep,keep_not_archive_candidate,0,,2,src/backtest/build_multifactor_continuation_state_discovery_402.py|tasks/archive_candidate_registry.csv
task_394_regime_aware_canonical_continuation_policy,policy_lifecycle_simulation_panel.csv,docs/reports/task_394_regime_aware_canonical_continuation_policy/policy_lifecycle_simulation_panel.csv,data/artifacts/task_394_regime_aware_canonical_continuation_policy/policy_lifecycle_simulation_panel.csv,large_panel,38895358,historical_keep,keep_not_archive_candidate,0,,2,src/backtest/build_regime_aware_canonical_continuation_policy_394.py|tasks/archive_candidate_registry.csv
task_394_regime_aware_canonical_continuation_policy,policy_monthly_quality.csv,docs/reports/task_394_regime_aware_canonical_continuation_policy/policy_monthly_quality.csv,data/artifacts/task_394_regime_aware_canonical_continuation_policy/policy_monthly_quality.csv,small_table,17975,historical_keep,keep_not_archive_candidate,0,,2,src/backtest/build_regime_aware_canonical_continuation_policy_394.py|tasks/archive_candidate_registry.csv
task_394_regime_aware_canonical_continuation_policy,policy_split_quality.csv,docs/reports/task_394_regime_aware_canonical_continuation_policy/policy_split_quality.csv,data/artifacts/task_394_regime_aware_canonical_continuation_policy/policy_split_quality.csv,small_table,5195,historical_keep,keep_not_archive_candidate,0,,2,src/backtest/build_regime_aware_canonical_continuation_policy_394.py|tasks/archive_candidate_registry.csv
task_394_regime_aware_canonical_continuation_policy,policy_transition_audit.csv,docs/reports/task_394_regime_aware_canonical_continuation_policy/policy_transition_audit.csv,data/artifacts/task_394_regime_aware_canonical_continuation_policy/policy_transition_audit.csv,small_table,10706,historical_keep,keep_not_archive_candidate,0,,2,src/backtest/build_regime_aware_canonical_continuation_policy_394.py|tasks/archive_candidate_registry.csv
task_394_regime_aware_canonical_continuation_policy,policy_validation_audit.csv,docs/reports/task_394_regime_aware_canonical_continuation_policy/policy_validation_audit.csv,data/artifacts/task_394_regime_aware_canonical_continuation_policy/policy_validation_audit.csv,small_table,1846,historical_keep,keep_not_archive_candidate,0,,2,src/backtest/build_regime_aware_canonical_continuation_policy_394.py|tasks/archive_candidate_registry.csv
task_394_regime_aware_canonical_continuation_policy,policy_weak_regime_audit.csv,docs/reports/task_394_regime_aware_canonical_continuation_policy/policy_weak_regime_audit.csv,data/artifacts/task_394_regime_aware_canonical_continuation_policy/policy_weak_regime_audit.csv,small_table,1839,historical_keep,keep_not_archive_candidate,0,,2,src/backtest/build_regime_aware_canonical_continuation_policy_394.py|tasks/archive_candidate_registry.csv
task_394_regime_aware_canonical_continuation_policy,regime_policy_rulebook.csv,docs/reports/task_394_regime_aware_canonical_continuation_policy/regime_policy_rulebook.csv,data/artifacts/task_394_regime_aware_canonical_continuation_policy/regime_policy_rulebook.csv,small_table,481,historical_keep,keep_not_archive_candidate,0,,2,src/backtest/build_regime_aware_canonical_continuation_policy_394.py|tasks/archive_candidate_registry.csv
task_394_regime_aware_canonical_continuation_policy,task_394_decision.csv,docs/reports/task_394_regime_aware_canonical_continuation_policy/task_394_decision.csv,data/artifacts/task_394_regime_aware_canonical_continuation_policy/task_394_decision.csv,decision,604,historical_keep,keep_not_archive_candidate,0,,2,src/backtest/build_regime_aware_canonical_continuation_policy_394.py|tasks/archive_candidate_registry.csv
task_394_regime_aware_canonical_continuation_policy,task_394_regime_aware_canonical_continuation_policy.md,docs/reports/task_394_regime_aware_canonical_continuation_policy/task_394_regime_aware_canonical_continuation_policy.md,data/artifacts/task_394_regime_aware_canonical_continuation_policy/task_394_regime_aware_canonical_continuation_policy.md,report,8601,historical_keep,keep_not_archive_candidate,0,,2,src/backtest/build_regime_aware_canonical_continuation_policy_394.py|tasks/archive_candidate_registry.csv
task_405_refined_archetype_portfolio_rebuild,refined_archetype_assignment_panel.csv,docs/reports/task_405_refined_archetype_portfolio_rebuild/refined_archetype_assignment_panel.csv,data/artifacts/task_405_refined_archetype_portfolio_rebuild/refined_archetype_assignment_panel.csv,large_panel,187794560,historical_keep,keep_not_archive_candidate,0,,2,src/backtest/build_refined_archetype_portfolio_rebuild_405.py|tasks/archive_candidate_registry.csv
task_405_refined_archetype_portfolio_rebuild,refined_archetype_leakage_audit.csv,docs/reports/task_405_refined_archetype_portfolio_rebuild/refined_archetype_leakage_audit.csv,data/artifacts/task_405_refined_archetype_portfolio_rebuild/refined_archetype_leakage_audit.csv,small_table,331,historical_keep,keep_not_archive_candidate,0,,2,src/backtest/build_refined_archetype_portfolio_rebuild_405.py|tasks/archive_candidate_registry.csv
task_405_refined_archetype_portfolio_rebuild,refined_archetype_quality_summary.csv,docs/reports/task_405_refined_archetype_portfolio_rebuild/refined_archetype_quality_summary.csv,data/artifacts/task_405_refined_archetype_portfolio_rebuild/refined_archetype_quality_summary.csv,small_table,18161,historical_keep,keep_not_archive_candidate,0,,2,src/backtest/build_refined_archetype_portfolio_rebuild_405.py|tasks/archive_candidate_registry.csv
task_405_refined_archetype_portfolio_rebuild,refined_archetype_set_concentration_audit.csv,docs/reports/task_405_refined_archetype_portfolio_rebuild/refined_archetype_set_concentration_audit.csv,data/artifacts/task_405_refined_archetype_portfolio_rebuild/refined_archetype_set_concentration_audit.csv,small_table,622,historical_keep,keep_not_archive_candidate,0,,2,src/backtest/build_refined_archetype_portfolio_rebuild_405.py|tasks/archive_candidate_registry.csv
task_405_refined_archetype_portfolio_rebuild,refined_archetype_set_definitions.csv,docs/reports/task_405_refined_archetype_portfolio_rebuild/refined_archetype_set_definitions.csv,data/artifacts/task_405_refined_archetype_portfolio_rebuild/refined_archetype_set_definitions.csv,small_table,15887,historical_keep,keep_not_archive_candidate,0,,2,src/backtest/build_refined_archetype_portfolio_rebuild_405.py|tasks/archive_candidate_registry.csv
task_405_refined_archetype_portfolio_rebuild,refined_archetype_set_false_positive_audit.csv,docs/reports/task_405_refined_archetype_portfolio_rebuild/refined_archetype_set_false_positive_audit.csv,data/artifacts/task_405_refined_archetype_portfolio_rebuild/refined_archetype_set_false_positive_audit.csv,small_table,2347,historical_keep,keep_not_archive_candidate,0,,2,src/backtest/build_refined_archetype_portfolio_rebuild_405.py|tasks/archive_candidate_registry.csv
task_405_refined_archetype_portfolio_rebuild,refined_archetype_set_oos_stability_audit.csv,docs/reports/task_405_refined_archetype_portfolio_rebuild/refined_archetype_set_oos_stability_audit.csv,data/artifacts/task_405_refined_archetype_portfolio_rebuild/refined_archetype_set_oos_stability_audit.csv,small_table,1022,historical_keep,keep_not_archive_candidate,0,,2,src/backtest/build_refined_archetype_portfolio_rebuild_405.py|tasks/archive_candidate_registry.csv
task_405_refined_archetype_portfolio_rebuild,refined_archetype_set_quality.csv,docs/reports/task_405_refined_archetype_portfolio_rebuild/refined_archetype_set_quality.csv,data/artifacts/task_405_refined_archetype_portfolio_rebuild/refined_archetype_set_quality.csv,small_table,1593,historical_keep,keep_not_archive_candidate,0,,2,src/backtest/build_refined_archetype_portfolio_rebuild_405.py|tasks/archive_candidate_registry.csv
task_405_refined_archetype_portfolio_rebuild,task_405_decision.csv,docs/reports/task_405_refined_archetype_portfolio_rebuild/task_405_decision.csv,data/artifacts/task_405_refined_archetype_portfolio_rebuild/task_405_decision.csv,decision,643,historical_keep,keep_not_archive_candidate,0,,2,src/backtest/build_refined_archetype_portfolio_rebuild_405.py|tasks/archive_candidate_registry.csv
task_405_refined_archetype_portfolio_rebuild,task_405_refined_archetype_portfolio_rebuild.md,docs/reports/task_405_refined_archetype_portfolio_rebuild/task_405_refined_archetype_portfolio_rebuild.md,data/artifacts/task_405_refined_archetype_portfolio_rebuild/task_405_refined_archetype_portfolio_rebuild.md,report,4906,historical_keep,keep_not_archive_candidate,0,,2,src/backtest/build_refined_archetype_portfolio_rebuild_405.py|tasks/archive_candidate_registry.csv
task_406_raw_factor_source_audit,raw_bar_provenance_panel.csv,docs/reports/task_406_raw_factor_source_audit/raw_bar_provenance_panel.csv,data/artifacts/task_406_raw_factor_source_audit/raw_bar_provenance_panel.csv,large_panel,681195740,historical_keep,keep_not_archive_candidate,0,,2,src/backtest/build_task406_raw_factor_source_audit.py|tasks/archive_candidate_registry.csv
task_406_raw_factor_source_audit,raw_collection_gap_audit.csv,docs/reports/task_406_raw_factor_source_audit/raw_collection_gap_audit.csv,data/artifacts/task_406_raw_factor_source_audit/raw_collection_gap_audit.csv,small_table,905,historical_keep,keep_not_archive_candidate,0,,2,src/backtest/build_task406_raw_factor_source_audit.py|tasks/archive_candidate_registry.csv
task_406_raw_factor_source_audit,raw_factor_source_audit.csv,docs/reports/task_406_raw_factor_source_audit/raw_factor_source_audit.csv,data/artifacts/task_406_raw_factor_source_audit/raw_factor_source_audit.csv,small_table,1612,historical_keep,keep_not_archive_candidate,0,,2,src/backtest/build_task406_raw_factor_source_audit.py|tasks/archive_candidate_registry.csv
task_406_raw_factor_source_audit,raw_session_eligibility_audit.csv,docs/reports/task_406_raw_factor_source_audit/raw_session_eligibility_audit.csv,data/artifacts/task_406_raw_factor_source_audit/raw_session_eligibility_audit.csv,small_table,3947,historical_keep,keep_not_archive_candidate,0,,2,src/backtest/build_task406_raw_factor_source_audit.py|tasks/archive_candidate_registry.csv
task_406_raw_factor_source_audit,task_406_raw_factor_source_audit.md,docs/reports/task_406_raw_factor_source_audit/task_406_raw_factor_source_audit.md,data/artifacts/task_406_raw_factor_source_audit/task_406_raw_factor_source_audit.md,report,812,historical_keep,keep_not_archive_candidate,0,,2,src/backtest/build_task406_raw_factor_source_audit.py|tasks/archive_candidate_registry.csv
task_406_raw_factor_source_audit,task_406a_decision.csv,docs/reports/task_406_raw_factor_source_audit/task_406a_decision.csv,data/artifacts/task_406_raw_factor_source_audit/task_406a_decision.csv,decision,384,historical_keep,keep_not_archive_candidate,0,,2,src/backtest/build_task406_raw_factor_source_audit.py|tasks/archive_candidate_registry.csv
task_495_microstructure_live_source_readiness,alpaca_stream_archive_contract.csv,docs/reports/task_495_microstructure_live_source_readiness/alpaca_stream_archive_contract.csv,data/artifacts/task_495_microstructure_live_source_readiness/alpaca_stream_archive_contract.csv,small_table,391,canonical_or_active,keep_not_archive_candidate,0,,3,src/backtest/build_task495_microstructure_live_source_readiness.py|tasks/archive_candidate_registry.csv|tasks/task_registry.csv
task_495_microstructure_live_source_readiness,microstructure_live_source_contract.csv,docs/reports/task_495_microstructure_live_source_readiness/microstructure_live_source_contract.csv,data/artifacts/task_495_microstructure_live_source_readiness/microstructure_live_source_contract.csv,small_table,981,canonical_or_active,keep_not_archive_candidate,0,,3,src/backtest/build_task495_microstructure_live_source_readiness.py|tasks/archive_candidate_registry.csv|tasks/task_registry.csv
task_495_microstructure_live_source_readiness,task_495_decision.csv,docs/reports/task_495_microstructure_live_source_readiness/task_495_decision.csv,data/artifacts/task_495_microstructure_live_source_readiness/task_495_decision.csv,decision,483,canonical_or_active,keep_not_archive_candidate,1,tasks/task_registry.csv,3,src/backtest/build_task495_microstructure_live_source_readiness.py|tasks/archive_candidate_registry.csv|tasks/task_registry.csv
task_495_microstructure_live_source_readiness,task_495_microstructure_live_source_readiness.md,docs/reports/task_495_microstructure_live_source_readiness/task_495_microstructure_live_source_readiness.md,data/artifacts/task_495_microstructure_live_source_readiness/task_495_microstructure_live_source_readiness.md,report,2302,canonical_or_active,keep_not_archive_candidate,1,tasks/task_registry.csv,3,src/backtest/build_task495_microstructure_live_source_readiness.py|tasks/archive_candidate_registry.csv|tasks/task_registry.csv
task_402r_decision_labelability_audit,decision_labelability_audit.csv,docs/reports/task_402r_decision_labelability_audit/decision_labelability_audit.csv,data/artifacts/task_402r_decision_labelability_audit/decision_labelability_audit.csv,decision,324,historical_keep,keep_not_archive_candidate,0,,3,src/backtest/build_decision_labelability_audit_402r.py|src/backtest/build_multi_archetype_continuation_portfolio_discovery_403.py|tasks/archive_candidate_registry.csv
task_402r_decision_labelability_audit,population_consistency_audit.csv,docs/reports/task_402r_decision_labelability_audit/population_consistency_audit.csv,data/artifacts/task_402r_decision_labelability_audit/population_consistency_audit.csv,small_table,388,historical_keep,keep_not_archive_candidate,0,,3,src/backtest/build_decision_labelability_audit_402r.py|src/backtest/build_multi_archetype_continuation_portfolio_discovery_403.py|tasks/archive_candidate_registry.csv
task_402r_decision_labelability_audit,task_402r_decision.csv,docs/reports/task_402r_decision_labelability_audit/task_402r_decision.csv,data/artifacts/task_402r_decision_labelability_audit/task_402r_decision.csv,decision,501,historical_keep,keep_not_archive_candidate,1,src/backtest/build_multi_archetype_continuation_portfolio_discovery_403.py,3,src/backtest/build_decision_labelability_audit_402r.py|src/backtest/build_multi_archetype_continuation_portfolio_discovery_403.py|tasks/archive_candidate_registry.csv
task_402r_decision_labelability_audit,task_402r_decision_labelability_audit.md,docs/reports/task_402r_decision_labelability_audit/task_402r_decision_labelability_audit.md,data/artifacts/task_402r_decision_labelability_audit/task_402r_decision_labelability_audit.md,report,1445,historical_keep,keep_not_archive_candidate,0,,3,src/backtest/build_decision_labelability_audit_402r.py|src/backtest/build_multi_archetype_continuation_portfolio_discovery_403.py|tasks/archive_candidate_registry.csv
task_402r_decision_labelability_audit,unlabeled_candidate_audit.csv,docs/reports/task_402r_decision_labelability_audit/unlabeled_candidate_audit.csv,data/artifacts/task_402r_decision_labelability_audit/unlabeled_candidate_audit.csv,large_panel,38923730,historical_keep,keep_not_archive_candidate,0,,3,src/backtest/build_decision_labelability_audit_402r.py|src/backtest/build_multi_archetype_continuation_portfolio_discovery_403.py|tasks/archive_candidate_registry.csv
