source_family,receipt_id,source_ts,capture_ts,available_to_brain_ts,node_asof_ts,edge_asof_ts,bundle_asof_ts,adapter_created_ts,tradable_after_ts,authority_classification,chain_state
market_ticks_intraday,receipt:market_ticks_intraday:2026-06-24T00:45:00Z,2026-06-23T19:55:00Z,2026-06-24T00:47:31Z,2026-06-24T00:47:31Z,2026-06-24T00:47:31Z,2026-06-24T00:47:31Z,2026-06-24T00:47:31Z,2026-06-24T00:47:31Z,2026-06-24T00:47:32Z,DIAGNOSTIC_SOURCE_EVIDENCE_ONLY,AUDITED_DIAGNOSTIC_ONLY
market_ticks_intraday,receipt:market_ticks_intraday:provider:3fa391c52d011831,2026-06-23T19:55:00Z,2026-06-24T00:46:27.838851Z,2026-06-24T00:46:27.838851Z,2026-06-24T00:46:27Z,2026-06-24T00:46:27Z,2026-06-24T00:46:27Z,2026-06-24T00:46:27Z,2026-06-24T00:46:28Z,DIAGNOSTIC_SOURCE_EVIDENCE_ONLY,AUDITED_DIAGNOSTIC_ONLY
market_ticks_intraday,receipt:market_ticks_intraday:2026-06-24T00:40:00Z,2026-06-23T19:55:00Z,2026-06-24T00:42:50.177443Z,2026-06-24T00:42:50.177443Z,2026-06-24T00:42:50Z,2026-06-24T00:42:50Z,2026-06-24T00:42:50Z,2026-06-24T00:42:50Z,2026-06-24T00:42:51Z,DIAGNOSTIC_SOURCE_EVIDENCE_ONLY,AUDITED_DIAGNOSTIC_ONLY
market_ticks_intraday,receipt:market_ticks_intraday:provider:04917627016c3c8e,2026-06-23T19:55:00Z,2026-06-24T00:41:28.713117Z,2026-06-24T00:41:28.713117Z,2026-06-24T00:41:28Z,2026-06-24T00:41:28Z,2026-06-24T00:41:28Z,2026-06-24T00:41:28Z,2026-06-24T00:41:29Z,DIAGNOSTIC_SOURCE_EVIDENCE_ONLY,AUDITED_DIAGNOSTIC_ONLY
market_ticks_intraday,receipt:market_ticks_intraday:2026-06-24T00:35:00Z,2026-06-23T19:55:00Z,2026-06-24T00:37:50.501076Z,2026-06-24T00:37:50.501076Z,2026-06-24T00:37:50Z,2026-06-24T00:37:50Z,2026-06-24T00:37:50Z,2026-06-24T00:37:50Z,2026-06-24T00:37:51Z,DIAGNOSTIC_SOURCE_EVIDENCE_ONLY,AUDITED_DIAGNOSTIC_ONLY
market_ticks_intraday,receipt:market_ticks_intraday:provider:a39fff4207179a2d,2026-06-23T19:55:00Z,2026-06-24T00:36:27.722978Z,2026-06-24T00:36:27.722978Z,2026-06-24T00:36:27Z,2026-06-24T00:36:27Z,2026-06-24T00:36:27Z,2026-06-24T00:36:27Z,2026-06-24T00:36:28Z,DIAGNOSTIC_SOURCE_EVIDENCE_ONLY,AUDITED_DIAGNOSTIC_ONLY
market_ticks_intraday,receipt:market_ticks_intraday:2026-06-24T00:30:00Z,2026-06-23T19:55:00Z,2026-06-24T00:32:47.268066Z,2026-06-24T00:32:47.268066Z,2026-06-24T00:32:47Z,2026-06-24T00:32:47Z,2026-06-24T00:32:47Z,2026-06-24T00:32:47Z,2026-06-24T00:32:48Z,DIAGNOSTIC_SOURCE_EVIDENCE_ONLY,AUDITED_DIAGNOSTIC_ONLY
market_ticks_intraday,receipt:market_ticks_intraday:provider:fc8e2a1ceab1013d,2026-06-23T19:55:00Z,2026-06-24T00:31:11.317207Z,2026-06-24T00:31:11.317207Z,2026-06-24T00:31:11Z,2026-06-24T00:31:11Z,2026-06-24T00:31:11Z,2026-06-24T00:31:11Z,2026-06-24T00:31:12Z,DIAGNOSTIC_SOURCE_EVIDENCE_ONLY,AUDITED_DIAGNOSTIC_ONLY
market_ticks_intraday,receipt:market_ticks_intraday:2026-06-24T00:25:00Z,2026-06-23T19:55:00Z,2026-06-24T00:27:29.429033Z,2026-06-24T00:27:29.429033Z,2026-06-24T00:27:29Z,2026-06-24T00:27:29Z,2026-06-24T00:27:29Z,2026-06-24T00:27:29Z,2026-06-24T00:27:30Z,DIAGNOSTIC_SOURCE_EVIDENCE_ONLY,AUDITED_DIAGNOSTIC_ONLY
market_ticks_intraday,receipt:market_ticks_intraday:provider:a4720ffff8c1c589,2026-06-23T19:55:00Z,2026-06-24T00:26:25.318300Z,2026-06-24T00:26:25.318300Z,2026-06-24T00:26:25Z,2026-06-24T00:26:25Z,2026-06-24T00:26:25Z,2026-06-24T00:26:25Z,2026-06-24T00:26:26Z,DIAGNOSTIC_SOURCE_EVIDENCE_ONLY,AUDITED_DIAGNOSTIC_ONLY
market_ticks_intraday,receipt:market_ticks_intraday:2026-06-24T00:20:00Z,2026-06-23T19:55:00Z,2026-06-24T00:22:47.542462Z,2026-06-24T00:22:47.542462Z,2026-06-24T00:22:47Z,2026-06-24T00:22:47Z,2026-06-24T00:22:47Z,2026-06-24T00:22:47Z,2026-06-24T00:22:48Z,DIAGNOSTIC_SOURCE_EVIDENCE_ONLY,AUDITED_DIAGNOSTIC_ONLY
market_ticks_intraday,receipt:market_ticks_intraday:provider:c5b1258c0ea1e126,2026-06-23T19:55:00Z,2026-06-24T00:21:29.151233Z,2026-06-24T00:21:29.151233Z,2026-06-24T00:21:29Z,2026-06-24T00:21:29Z,2026-06-24T00:21:29Z,2026-06-24T00:21:29Z,2026-06-24T00:21:30Z,DIAGNOSTIC_SOURCE_EVIDENCE_ONLY,AUDITED_DIAGNOSTIC_ONLY
market_ticks_intraday,receipt:market_ticks_intraday:2026-06-24T00:15:00Z,2026-06-23T19:55:00Z,2026-06-24T00:16:51.068606Z,2026-06-24T00:16:51.068606Z,2026-06-24T00:16:51Z,2026-06-24T00:16:51Z,2026-06-24T00:16:51Z,2026-06-24T00:16:51Z,2026-06-24T00:16:52Z,DIAGNOSTIC_SOURCE_EVIDENCE_ONLY,AUDITED_DIAGNOSTIC_ONLY
market_ticks_intraday,receipt:market_ticks_intraday:provider:4e66528e20a5563c,2026-06-23T19:55:00Z,2026-06-24T00:15:47.871362Z,2026-06-24T00:15:47.871362Z,2026-06-24T00:15:47Z,2026-06-24T00:15:47Z,2026-06-24T00:15:47Z,2026-06-24T00:15:47Z,2026-06-24T00:15:48Z,DIAGNOSTIC_SOURCE_EVIDENCE_ONLY,AUDITED_DIAGNOSTIC_ONLY
market_ticks_intraday,receipt:market_ticks_intraday:2026-06-24T00:10:00Z,2026-06-23T19:55:00Z,2026-06-24T00:13:11.208510Z,2026-06-24T00:13:11.208510Z,2026-06-24T00:13:11Z,2026-06-24T00:13:11Z,2026-06-24T00:13:11Z,2026-06-24T00:13:11Z,2026-06-24T00:13:12Z,DIAGNOSTIC_SOURCE_EVIDENCE_ONLY,AUDITED_DIAGNOSTIC_ONLY
market_ticks_intraday,receipt:market_ticks_intraday:provider:f55d850f7dbd0328,2026-06-23T19:55:00Z,2026-06-24T00:11:34.998694Z,2026-06-24T00:11:34.998694Z,2026-06-24T00:11:34Z,2026-06-24T00:11:34Z,2026-06-24T00:11:34Z,2026-06-24T00:11:34Z,2026-06-24T00:11:35Z,DIAGNOSTIC_SOURCE_EVIDENCE_ONLY,AUDITED_DIAGNOSTIC_ONLY
market_ticks_intraday,receipt:market_ticks_intraday:2026-06-24T00:05:00Z,2026-06-23T19:55:00Z,2026-06-24T00:07:56.615835Z,2026-06-24T00:07:56.615835Z,2026-06-24T00:07:56Z,2026-06-24T00:07:56Z,2026-06-24T00:07:56Z,2026-06-24T00:07:56Z,2026-06-24T00:07:57Z,DIAGNOSTIC_SOURCE_EVIDENCE_ONLY,AUDITED_DIAGNOSTIC_ONLY
market_ticks_intraday,receipt:market_ticks_intraday:provider:955eba09698490d2,2026-06-23T19:55:00Z,2026-06-24T00:06:23.985006Z,2026-06-24T00:06:23.985006Z,2026-06-24T00:06:23Z,2026-06-24T00:06:23Z,2026-06-24T00:06:23Z,2026-06-24T00:06:23Z,2026-06-24T00:06:24Z,DIAGNOSTIC_SOURCE_EVIDENCE_ONLY,AUDITED_DIAGNOSTIC_ONLY
market_ticks_intraday,receipt:market_ticks_intraday:2026-06-24T00:00:00Z,2026-06-23T19:55:00Z,2026-06-24T00:04:47.729089Z,2026-06-24T00:04:47.729089Z,2026-06-24T00:04:47Z,2026-06-24T00:04:47Z,2026-06-24T00:04:47Z,2026-06-24T00:04:47Z,2026-06-24T00:04:48Z,DIAGNOSTIC_SOURCE_EVIDENCE_ONLY,AUDITED_DIAGNOSTIC_ONLY
market_ticks_intraday,receipt:market_ticks_intraday:provider:035e6cb1a61b7547,2026-06-23T19:55:00Z,2026-06-24T00:01:08.905462Z,2026-06-24T00:01:08.905462Z,2026-06-24T00:01:08Z,2026-06-24T00:01:08Z,2026-06-24T00:01:08Z,2026-06-24T00:01:08Z,2026-06-24T00:01:09Z,DIAGNOSTIC_SOURCE_EVIDENCE_ONLY,AUDITED_DIAGNOSTIC_ONLY
market_ticks_intraday,receipt:market_ticks_intraday:2026-06-23T23:55:00Z,2026-06-23T19:55:00Z,2026-06-23T23:57:31.427442Z,2026-06-23T23:57:31.427442Z,2026-06-23T23:57:31Z,2026-06-23T23:57:31Z,2026-06-23T23:57:31Z,2026-06-23T23:57:31Z,2026-06-23T23:57:32Z,DIAGNOSTIC_SOURCE_EVIDENCE_ONLY,AUDITED_DIAGNOSTIC_ONLY
market_ticks_intraday,receipt:market_ticks_intraday:provider:d3b42bf99334cd81,2026-06-23T19:55:00Z,2026-06-23T23:56:24.238545Z,2026-06-23T23:56:24.238545Z,2026-06-23T23:56:24Z,2026-06-23T23:56:24Z,2026-06-23T23:56:24Z,2026-06-23T23:56:24Z,2026-06-23T23:56:25Z,DIAGNOSTIC_SOURCE_EVIDENCE_ONLY,AUDITED_DIAGNOSTIC_ONLY
market_ticks_intraday,receipt:market_ticks_intraday:2026-06-23T23:50:00Z,2026-06-23T19:55:00Z,2026-06-23T23:52:45.824561Z,2026-06-23T23:52:45.824561Z,2026-06-23T23:52:45Z,2026-06-23T23:52:45Z,2026-06-23T23:52:45Z,2026-06-23T23:52:45Z,2026-06-23T23:52:46Z,DIAGNOSTIC_SOURCE_EVIDENCE_ONLY,AUDITED_DIAGNOSTIC_ONLY
market_ticks_intraday,receipt:market_ticks_intraday:provider:1d2307d8c171e3a4,2026-06-23T19:55:00Z,2026-06-23T23:51:30.996344Z,2026-06-23T23:51:30.996344Z,2026-06-23T23:51:30Z,2026-06-23T23:51:30Z,2026-06-23T23:51:30Z,2026-06-23T23:51:30Z,2026-06-23T23:51:31Z,DIAGNOSTIC_SOURCE_EVIDENCE_ONLY,AUDITED_DIAGNOSTIC_ONLY
market_ticks_intraday,receipt:market_ticks_intraday:2026-06-23T23:45:00Z,2026-06-23T19:55:00Z,2026-06-23T23:46:45.932234Z,2026-06-23T23:46:45.932234Z,2026-06-23T23:46:45Z,2026-06-23T23:46:45Z,2026-06-23T23:46:45Z,2026-06-23T23:46:45Z,2026-06-23T23:46:46Z,DIAGNOSTIC_SOURCE_EVIDENCE_ONLY,AUDITED_DIAGNOSTIC_ONLY
market_ticks_intraday,receipt:market_ticks_intraday:provider:11edc03c7606706d,2026-06-23T19:55:00Z,2026-06-23T23:45:39.309337Z,2026-06-23T23:45:39.309337Z,2026-06-23T23:45:39Z,2026-06-23T23:45:39Z,2026-06-23T23:45:39Z,2026-06-23T23:45:39Z,2026-06-23T23:45:40Z,DIAGNOSTIC_SOURCE_EVIDENCE_ONLY,AUDITED_DIAGNOSTIC_ONLY
market_ticks_intraday,receipt:market_ticks_intraday:2026-06-23T23:40:00Z,2026-06-23T19:55:00Z,2026-06-23T23:42:00.796890Z,2026-06-23T23:42:00.796890Z,2026-06-23T23:42:00Z,2026-06-23T23:42:00Z,2026-06-23T23:42:00Z,2026-06-23T23:42:00Z,2026-06-23T23:42:01Z,DIAGNOSTIC_SOURCE_EVIDENCE_ONLY,AUDITED_DIAGNOSTIC_ONLY
market_ticks_intraday,receipt:market_ticks_intraday:provider:5d2959dd24356bb6,2026-06-23T19:55:00Z,2026-06-23T23:40:43.740387Z,2026-06-23T23:40:43.740387Z,2026-06-23T23:40:43Z,2026-06-23T23:40:43Z,2026-06-23T23:40:43Z,2026-06-23T23:40:43Z,2026-06-23T23:40:44Z,DIAGNOSTIC_SOURCE_EVIDENCE_ONLY,AUDITED_DIAGNOSTIC_ONLY
market_ticks_intraday,receipt:market_ticks_intraday:2026-06-23T23:35:00Z,2026-06-23T19:55:00Z,2026-06-23T23:37:08.027758Z,2026-06-23T23:37:08.027758Z,2026-06-23T23:37:08Z,2026-06-23T23:37:08Z,2026-06-23T23:37:08Z,2026-06-23T23:37:08Z,2026-06-23T23:37:09Z,DIAGNOSTIC_SOURCE_EVIDENCE_ONLY,AUDITED_DIAGNOSTIC_ONLY
market_ticks_intraday,receipt:market_ticks_intraday:provider:2afceaf2fc60f504,2026-06-23T19:55:00Z,2026-06-23T23:36:07.096666Z,2026-06-23T23:36:07.096666Z,2026-06-23T23:36:07Z,2026-06-23T23:36:07Z,2026-06-23T23:36:07Z,2026-06-23T23:36:07Z,2026-06-23T23:36:08Z,DIAGNOSTIC_SOURCE_EVIDENCE_ONLY,AUDITED_DIAGNOSTIC_ONLY
market_ticks_intraday,receipt:market_ticks_intraday:2026-06-23T23:30:00Z,2026-06-23T19:55:00Z,2026-06-23T23:32:30.371770Z,2026-06-23T23:32:30.371770Z,2026-06-23T23:32:30Z,2026-06-23T23:32:30Z,2026-06-23T23:32:30Z,2026-06-23T23:32:30Z,2026-06-23T23:32:31Z,DIAGNOSTIC_SOURCE_EVIDENCE_ONLY,AUDITED_DIAGNOSTIC_ONLY
market_ticks_intraday,receipt:market_ticks_intraday:provider:f0f1755287a61492,2026-06-23T19:55:00Z,2026-06-23T23:31:07.506585Z,2026-06-23T23:31:07.506585Z,2026-06-23T23:31:07Z,2026-06-23T23:31:07Z,2026-06-23T23:31:07Z,2026-06-23T23:31:07Z,2026-06-23T23:31:08Z,DIAGNOSTIC_SOURCE_EVIDENCE_ONLY,AUDITED_DIAGNOSTIC_ONLY
market_ticks_intraday,receipt:market_ticks_intraday:2026-06-23T23:25:00Z,2026-06-23T19:55:00Z,2026-06-23T23:27:25.673757Z,2026-06-23T23:27:25.673757Z,2026-06-23T23:27:25Z,2026-06-23T23:27:25Z,2026-06-23T23:27:25Z,2026-06-23T23:27:25Z,2026-06-23T23:27:26Z,DIAGNOSTIC_SOURCE_EVIDENCE_ONLY,AUDITED_DIAGNOSTIC_ONLY
market_ticks_intraday,receipt:market_ticks_intraday:provider:01464d19ed2ceb22,2026-06-23T19:55:00Z,2026-06-23T23:26:21.026717Z,2026-06-23T23:26:21.026717Z,2026-06-23T23:26:21Z,2026-06-23T23:26:21Z,2026-06-23T23:26:21Z,2026-06-23T23:26:21Z,2026-06-23T23:26:22Z,DIAGNOSTIC_SOURCE_EVIDENCE_ONLY,AUDITED_DIAGNOSTIC_ONLY
market_ticks_intraday,receipt:market_ticks_intraday:2026-06-23T23:20:00Z,2026-06-23T19:55:00Z,2026-06-23T23:22:42.557955Z,2026-06-23T23:22:42.557955Z,2026-06-23T23:22:42Z,2026-06-23T23:22:42Z,2026-06-23T23:22:42Z,2026-06-23T23:22:42Z,2026-06-23T23:22:43Z,DIAGNOSTIC_SOURCE_EVIDENCE_ONLY,AUDITED_DIAGNOSTIC_ONLY
market_ticks_intraday,receipt:market_ticks_intraday:provider:8525b2f815336a50,2026-06-23T19:55:00Z,2026-06-23T23:21:29.097185Z,2026-06-23T23:21:29.097185Z,2026-06-23T23:21:29Z,2026-06-23T23:21:29Z,2026-06-23T23:21:29Z,2026-06-23T23:21:29Z,2026-06-23T23:21:30Z,DIAGNOSTIC_SOURCE_EVIDENCE_ONLY,AUDITED_DIAGNOSTIC_ONLY
market_ticks_intraday,receipt:market_ticks_intraday:2026-06-23T23:15:00Z,2026-06-23T19:55:00Z,2026-06-23T23:16:52.762044Z,2026-06-23T23:16:52.762044Z,2026-06-23T23:16:52Z,2026-06-23T23:16:52Z,2026-06-23T23:16:52Z,2026-06-23T23:16:52Z,2026-06-23T23:16:53Z,DIAGNOSTIC_SOURCE_EVIDENCE_ONLY,AUDITED_DIAGNOSTIC_ONLY
market_ticks_intraday,receipt:market_ticks_intraday:provider:6852ffda2f613a77,2026-06-23T19:55:00Z,2026-06-23T23:15:51.531767Z,2026-06-23T23:15:51.531767Z,2026-06-23T23:15:51Z,2026-06-23T23:15:51Z,2026-06-23T23:15:51Z,2026-06-23T23:15:51Z,2026-06-23T23:15:52Z,DIAGNOSTIC_SOURCE_EVIDENCE_ONLY,AUDITED_DIAGNOSTIC_ONLY
market_ticks_intraday,receipt:market_ticks_intraday:2026-06-23T23:10:00Z,2026-06-23T19:55:00Z,2026-06-23T23:12:14.964068Z,2026-06-23T23:12:14.964068Z,2026-06-23T23:12:14Z,2026-06-23T23:12:14Z,2026-06-23T23:12:14Z,2026-06-23T23:12:14Z,2026-06-23T23:12:15Z,DIAGNOSTIC_SOURCE_EVIDENCE_ONLY,AUDITED_DIAGNOSTIC_ONLY
market_ticks_intraday,receipt:market_ticks_intraday:provider:3484c6fe8d8e57cc,2026-06-23T19:55:00Z,2026-06-23T23:10:58.218820Z,2026-06-23T23:10:58.218820Z,2026-06-23T23:10:58Z,2026-06-23T23:10:58Z,2026-06-23T23:10:58Z,2026-06-23T23:10:58Z,2026-06-23T23:10:59Z,DIAGNOSTIC_SOURCE_EVIDENCE_ONLY,AUDITED_DIAGNOSTIC_ONLY
market_ticks_intraday,receipt:market_ticks_intraday:2026-06-23T23:05:00Z,2026-06-23T19:55:00Z,2026-06-23T23:07:21.194277Z,2026-06-23T23:07:21.194277Z,2026-06-23T23:07:21Z,2026-06-23T23:07:21Z,2026-06-23T23:07:21Z,2026-06-23T23:07:21Z,2026-06-23T23:07:22Z,DIAGNOSTIC_SOURCE_EVIDENCE_ONLY,AUDITED_DIAGNOSTIC_ONLY
market_ticks_intraday,receipt:market_ticks_intraday:provider:990f48aecc1d8eb6,2026-06-23T19:55:00Z,2026-06-23T23:06:19.669361Z,2026-06-23T23:06:19.669361Z,2026-06-23T23:06:19Z,2026-06-23T23:06:19Z,2026-06-23T23:06:19Z,2026-06-23T23:06:19Z,2026-06-23T23:06:20Z,DIAGNOSTIC_SOURCE_EVIDENCE_ONLY,AUDITED_DIAGNOSTIC_ONLY
market_ticks_intraday,receipt:market_ticks_intraday:2026-06-23T23:00:00Z,2026-06-23T19:55:00Z,2026-06-23T23:03:43.694246Z,2026-06-23T23:03:43.694246Z,2026-06-23T23:03:43Z,2026-06-23T23:03:43Z,2026-06-23T23:03:43Z,2026-06-23T23:03:43Z,2026-06-23T23:03:44Z,DIAGNOSTIC_SOURCE_EVIDENCE_ONLY,AUDITED_DIAGNOSTIC_ONLY
market_ticks_intraday,receipt:market_ticks_intraday:provider:6dac05de4bc5c359,2026-06-23T19:55:00Z,2026-06-23T23:01:25.156903Z,2026-06-23T23:01:25.156903Z,2026-06-23T23:01:25Z,2026-06-23T23:01:25Z,2026-06-23T23:01:25Z,2026-06-23T23:01:25Z,2026-06-23T23:01:26Z,DIAGNOSTIC_SOURCE_EVIDENCE_ONLY,AUDITED_DIAGNOSTIC_ONLY
market_ticks_intraday,receipt:market_ticks_intraday:2026-06-23T22:55:00Z,2026-06-23T19:55:00Z,2026-06-23T22:57:47.422320Z,2026-06-23T22:57:47.422320Z,2026-06-23T22:57:47Z,2026-06-23T22:57:47Z,2026-06-23T22:57:47Z,2026-06-23T22:57:47Z,2026-06-23T22:57:48Z,DIAGNOSTIC_SOURCE_EVIDENCE_ONLY,AUDITED_DIAGNOSTIC_ONLY
market_ticks_intraday,receipt:market_ticks_intraday:provider:2c8bfb09cc0f59e0,2026-06-23T19:55:00Z,2026-06-23T22:56:33.730930Z,2026-06-23T22:56:33.730930Z,2026-06-23T22:56:33Z,2026-06-23T22:56:33Z,2026-06-23T22:56:33Z,2026-06-23T22:56:33Z,2026-06-23T22:56:34Z,DIAGNOSTIC_SOURCE_EVIDENCE_ONLY,AUDITED_DIAGNOSTIC_ONLY
market_ticks_intraday,receipt:market_ticks_intraday:2026-06-23T22:50:00Z,2026-06-23T19:55:00Z,2026-06-23T22:51:57.751107Z,2026-06-23T22:51:57.751107Z,2026-06-23T22:51:57Z,2026-06-23T22:51:57Z,2026-06-23T22:51:57Z,2026-06-23T22:51:57Z,2026-06-23T22:51:58Z,DIAGNOSTIC_SOURCE_EVIDENCE_ONLY,AUDITED_DIAGNOSTIC_ONLY
market_ticks_intraday,receipt:market_ticks_intraday:provider:f498b4aed716f6b8,2026-06-23T19:55:00Z,2026-06-23T22:50:41.705313Z,2026-06-23T22:50:41.705313Z,2026-06-23T22:50:41Z,2026-06-23T22:50:41Z,2026-06-23T22:50:41Z,2026-06-23T22:50:41Z,2026-06-23T22:50:42Z,DIAGNOSTIC_SOURCE_EVIDENCE_ONLY,AUDITED_DIAGNOSTIC_ONLY
market_ticks_intraday,receipt:market_ticks_intraday:2026-06-23T22:45:00Z,2026-06-23T19:55:00Z,2026-06-23T22:47:01.568599Z,2026-06-23T22:47:01.568599Z,2026-06-23T22:47:01Z,2026-06-23T22:47:01Z,2026-06-23T22:47:01Z,2026-06-23T22:47:01Z,2026-06-23T22:47:02Z,DIAGNOSTIC_SOURCE_EVIDENCE_ONLY,AUDITED_DIAGNOSTIC_ONLY
market_ticks_intraday,receipt:market_ticks_intraday:provider:4699fdef89b91765,2026-06-23T19:55:00Z,2026-06-23T22:45:59.924364Z,2026-06-23T22:45:59.924364Z,2026-06-23T22:45:59Z,2026-06-23T22:45:59Z,2026-06-23T22:45:59Z,2026-06-23T22:45:59Z,2026-06-23T22:46:00Z,DIAGNOSTIC_SOURCE_EVIDENCE_ONLY,AUDITED_DIAGNOSTIC_ONLY
market_ticks_intraday,receipt:market_ticks_intraday:2026-06-23T22:40:00Z,2026-06-23T19:55:00Z,2026-06-23T22:42:21.620813Z,2026-06-23T22:42:21.620813Z,2026-06-23T22:42:21Z,2026-06-23T22:42:21Z,2026-06-23T22:42:21Z,2026-06-23T22:42:21Z,2026-06-23T22:42:22Z,DIAGNOSTIC_SOURCE_EVIDENCE_ONLY,AUDITED_DIAGNOSTIC_ONLY
market_ticks_intraday,receipt:market_ticks_intraday:provider:53da1bb6ca47002c,2026-06-23T19:55:00Z,2026-06-23T22:41:05.312796Z,2026-06-23T22:41:05.312796Z,2026-06-23T22:41:05Z,2026-06-23T22:41:05Z,2026-06-23T22:41:05Z,2026-06-23T22:41:05Z,2026-06-23T22:41:06Z,DIAGNOSTIC_SOURCE_EVIDENCE_ONLY,AUDITED_DIAGNOSTIC_ONLY
market_ticks_intraday,receipt:market_ticks_intraday:2026-06-23T22:35:00Z,2026-06-23T19:55:00Z,2026-06-23T22:37:25.442128Z,2026-06-23T22:37:25.442128Z,2026-06-23T22:37:25Z,2026-06-23T22:37:25Z,2026-06-23T22:37:25Z,2026-06-23T22:37:25Z,2026-06-23T22:37:26Z,DIAGNOSTIC_SOURCE_EVIDENCE_ONLY,AUDITED_DIAGNOSTIC_ONLY
market_ticks_intraday,receipt:market_ticks_intraday:provider:52fa307cbfb10c33,2026-06-23T19:55:00Z,2026-06-23T22:36:05.422770Z,2026-06-23T22:36:05.422770Z,2026-06-23T22:36:05Z,2026-06-23T22:36:05Z,2026-06-23T22:36:05Z,2026-06-23T22:36:05Z,2026-06-23T22:36:06Z,DIAGNOSTIC_SOURCE_EVIDENCE_ONLY,AUDITED_DIAGNOSTIC_ONLY
market_ticks_intraday,receipt:market_ticks_intraday:2026-06-23T22:30:00Z,2026-06-23T19:55:00Z,2026-06-23T22:32:25.649035Z,2026-06-23T22:32:25.649035Z,2026-06-23T22:32:25Z,2026-06-23T22:32:25Z,2026-06-23T22:32:25Z,2026-06-23T22:32:25Z,2026-06-23T22:32:26Z,DIAGNOSTIC_SOURCE_EVIDENCE_ONLY,AUDITED_DIAGNOSTIC_ONLY
market_ticks_intraday,receipt:market_ticks_intraday:provider:6e0b80f4ed4b0a7d,2026-06-23T19:55:00Z,2026-06-23T22:31:23.478230Z,2026-06-23T22:31:23.478230Z,2026-06-23T22:31:23Z,2026-06-23T22:31:23Z,2026-06-23T22:31:23Z,2026-06-23T22:31:23Z,2026-06-23T22:31:24Z,DIAGNOSTIC_SOURCE_EVIDENCE_ONLY,AUDITED_DIAGNOSTIC_ONLY
market_ticks_intraday,receipt:market_ticks_intraday:2026-06-23T22:25:00Z,2026-06-23T19:55:00Z,2026-06-23T22:27:45.957325Z,2026-06-23T22:27:45.957325Z,2026-06-23T22:27:45Z,2026-06-23T22:27:45Z,2026-06-23T22:27:45Z,2026-06-23T22:27:45Z,2026-06-23T22:27:46Z,DIAGNOSTIC_SOURCE_EVIDENCE_ONLY,AUDITED_DIAGNOSTIC_ONLY
market_ticks_intraday,receipt:market_ticks_intraday:provider:877ab9ae1ca000e4,2026-06-23T19:55:00Z,2026-06-23T22:26:27.933511Z,2026-06-23T22:26:27.933511Z,2026-06-23T22:26:27Z,2026-06-23T22:26:27Z,2026-06-23T22:26:27Z,2026-06-23T22:26:27Z,2026-06-23T22:26:28Z,DIAGNOSTIC_SOURCE_EVIDENCE_ONLY,AUDITED_DIAGNOSTIC_ONLY
market_ticks_intraday,receipt:market_ticks_intraday:2026-06-23T22:20:00Z,2026-06-23T19:55:00Z,2026-06-23T22:21:52.741804Z,2026-06-23T22:21:52.741804Z,2026-06-23T22:21:52Z,2026-06-23T22:21:52Z,2026-06-23T22:21:52Z,2026-06-23T22:21:52Z,2026-06-23T22:21:53Z,DIAGNOSTIC_SOURCE_EVIDENCE_ONLY,AUDITED_DIAGNOSTIC_ONLY
market_ticks_intraday,receipt:market_ticks_intraday:provider:cc49b9a175b9e720,2026-06-23T19:55:00Z,2026-06-23T22:20:37.058216Z,2026-06-23T22:20:37.058216Z,2026-06-23T22:20:37Z,2026-06-23T22:20:37Z,2026-06-23T22:20:37Z,2026-06-23T22:20:37Z,2026-06-23T22:20:38Z,DIAGNOSTIC_SOURCE_EVIDENCE_ONLY,AUDITED_DIAGNOSTIC_ONLY
market_ticks_intraday,receipt:market_ticks_intraday:2026-06-23T22:15:00Z,2026-06-23T19:55:00Z,2026-06-23T22:18:00.393480Z,2026-06-23T22:18:00.393480Z,2026-06-23T22:18:00Z,2026-06-23T22:18:00Z,2026-06-23T22:18:00Z,2026-06-23T22:18:00Z,2026-06-23T22:18:01Z,DIAGNOSTIC_SOURCE_EVIDENCE_ONLY,AUDITED_DIAGNOSTIC_ONLY
market_ticks_intraday,receipt:market_ticks_intraday:provider:34886431efb84bb7,2026-06-23T19:55:00Z,2026-06-23T22:16:29.180141Z,2026-06-23T22:16:29.180141Z,2026-06-23T22:16:29Z,2026-06-23T22:16:29Z,2026-06-23T22:16:29Z,2026-06-23T22:16:29Z,2026-06-23T22:16:30Z,DIAGNOSTIC_SOURCE_EVIDENCE_ONLY,AUDITED_DIAGNOSTIC_ONLY
market_ticks_intraday,receipt:market_ticks_intraday:2026-06-23T22:10:00Z,2026-06-23T19:55:00Z,2026-06-23T22:11:54.111053Z,2026-06-23T22:11:54.111053Z,2026-06-23T22:11:54Z,2026-06-23T22:11:54Z,2026-06-23T22:11:54Z,2026-06-23T22:11:54Z,2026-06-23T22:11:55Z,DIAGNOSTIC_SOURCE_EVIDENCE_ONLY,AUDITED_DIAGNOSTIC_ONLY
market_ticks_intraday,receipt:market_ticks_intraday:provider:ca395c50742c361a,2026-06-23T19:55:00Z,2026-06-23T22:10:51.562363Z,2026-06-23T22:10:51.562363Z,2026-06-23T22:10:51Z,2026-06-23T22:10:51Z,2026-06-23T22:10:51Z,2026-06-23T22:10:51Z,2026-06-23T22:10:52Z,DIAGNOSTIC_SOURCE_EVIDENCE_ONLY,AUDITED_DIAGNOSTIC_ONLY
market_ticks_intraday,receipt:market_ticks_intraday:2026-06-23T22:05:00Z,2026-06-23T19:55:00Z,2026-06-23T22:07:09.350131Z,2026-06-23T22:07:09.350131Z,2026-06-23T22:07:09Z,2026-06-23T22:07:09Z,2026-06-23T22:07:09Z,2026-06-23T22:07:09Z,2026-06-23T22:07:10Z,DIAGNOSTIC_SOURCE_EVIDENCE_ONLY,AUDITED_DIAGNOSTIC_ONLY
market_ticks_intraday,receipt:market_ticks_intraday:provider:105f857fc4fd42d5,2026-06-23T19:55:00Z,2026-06-23T22:05:51.619524Z,2026-06-23T22:05:51.619524Z,2026-06-23T22:05:51Z,2026-06-23T22:05:51Z,2026-06-23T22:05:51Z,2026-06-23T22:05:51Z,2026-06-23T22:05:52Z,DIAGNOSTIC_SOURCE_EVIDENCE_ONLY,AUDITED_DIAGNOSTIC_ONLY
market_ticks_intraday,receipt:market_ticks_intraday:2026-06-23T22:00:00Z,2026-06-23T19:55:00Z,2026-06-23T22:03:16.433021Z,2026-06-23T22:03:16.433021Z,2026-06-23T22:03:16Z,2026-06-23T22:03:16Z,2026-06-23T22:03:16Z,2026-06-23T22:03:16Z,2026-06-23T22:03:17Z,DIAGNOSTIC_SOURCE_EVIDENCE_ONLY,AUDITED_DIAGNOSTIC_ONLY
market_ticks_intraday,receipt:market_ticks_intraday:provider:f06d0bb76f94b7c5,2026-06-23T19:55:00Z,2026-06-23T22:01:56.185016Z,2026-06-23T22:01:56.185016Z,2026-06-23T22:01:56Z,2026-06-23T22:01:56Z,2026-06-23T22:01:56Z,2026-06-23T22:01:56Z,2026-06-23T22:01:57Z,DIAGNOSTIC_SOURCE_EVIDENCE_ONLY,AUDITED_DIAGNOSTIC_ONLY
market_ticks_intraday,receipt:market_ticks_intraday:provider:dfc0d411601ebcb6,2026-06-23T19:55:00Z,2026-06-23T22:00:40.997582Z,2026-06-23T22:00:40.997582Z,2026-06-23T22:00:40Z,2026-06-23T22:00:40Z,2026-06-23T22:00:40Z,2026-06-23T22:00:40Z,2026-06-23T22:00:41Z,DIAGNOSTIC_SOURCE_EVIDENCE_ONLY,AUDITED_DIAGNOSTIC_ONLY
market_ticks_intraday,receipt:market_ticks_intraday:2026-06-23T21:55:00Z,2026-06-23T19:55:00Z,2026-06-23T21:57:02.458527Z,2026-06-23T21:57:02.458527Z,2026-06-23T21:57:02Z,2026-06-23T21:57:02Z,2026-06-23T21:57:02Z,2026-06-23T21:57:02Z,2026-06-23T21:57:03Z,DIAGNOSTIC_SOURCE_EVIDENCE_ONLY,AUDITED_DIAGNOSTIC_ONLY
market_ticks_intraday,receipt:market_ticks_intraday:provider:2c70d80eb453b0e8,2026-06-23T19:55:00Z,2026-06-23T21:55:45.226159Z,2026-06-23T21:55:45.226159Z,2026-06-23T21:55:45Z,2026-06-23T21:55:45Z,2026-06-23T21:55:45Z,2026-06-23T21:55:45Z,2026-06-23T21:55:46Z,DIAGNOSTIC_SOURCE_EVIDENCE_ONLY,AUDITED_DIAGNOSTIC_ONLY
market_ticks_intraday,receipt:market_ticks_intraday:2026-06-23T21:50:00Z,2026-06-23T19:55:00Z,2026-06-23T21:52:07.146732Z,2026-06-23T21:52:07.146732Z,2026-06-23T21:52:07Z,2026-06-23T21:52:07Z,2026-06-23T21:52:07Z,2026-06-23T21:52:07Z,2026-06-23T21:52:08Z,DIAGNOSTIC_SOURCE_EVIDENCE_ONLY,AUDITED_DIAGNOSTIC_ONLY
market_ticks_intraday,receipt:market_ticks_intraday:provider:9b548020e8f94749,2026-06-23T19:55:00Z,2026-06-23T21:50:48.429187Z,2026-06-23T21:50:48.429187Z,2026-06-23T21:50:48Z,2026-06-23T21:50:48Z,2026-06-23T21:50:48Z,2026-06-23T21:50:48Z,2026-06-23T21:50:49Z,DIAGNOSTIC_SOURCE_EVIDENCE_ONLY,AUDITED_DIAGNOSTIC_ONLY
market_ticks_intraday,receipt:market_ticks_intraday:2026-06-23T21:45:00Z,2026-06-23T19:55:00Z,2026-06-23T21:47:12.821478Z,2026-06-23T21:47:12.821478Z,2026-06-23T21:47:12Z,2026-06-23T21:47:12Z,2026-06-23T21:47:12Z,2026-06-23T21:47:12Z,2026-06-23T21:47:13Z,DIAGNOSTIC_SOURCE_EVIDENCE_ONLY,AUDITED_DIAGNOSTIC_ONLY
market_ticks_intraday,receipt:market_ticks_intraday:provider:90e2b8270277a2ce,2026-06-23T19:55:00Z,2026-06-23T21:45:58.321134Z,2026-06-23T21:45:58.321134Z,2026-06-23T21:45:58Z,2026-06-23T21:45:58Z,2026-06-23T21:45:58Z,2026-06-23T21:45:58Z,2026-06-23T21:45:59Z,DIAGNOSTIC_SOURCE_EVIDENCE_ONLY,AUDITED_DIAGNOSTIC_ONLY
market_ticks_intraday,receipt:market_ticks_intraday:2026-06-23T21:40:00Z,2026-06-23T19:55:00Z,2026-06-23T21:42:23.176041Z,2026-06-23T21:42:23.176041Z,2026-06-23T21:42:23Z,2026-06-23T21:42:23Z,2026-06-23T21:42:23Z,2026-06-23T21:42:23Z,2026-06-23T21:42:24Z,DIAGNOSTIC_SOURCE_EVIDENCE_ONLY,AUDITED_DIAGNOSTIC_ONLY
market_ticks_intraday,receipt:market_ticks_intraday:provider:ddc5679b0a799f57,2026-06-23T19:55:00Z,2026-06-23T21:41:06.134826Z,2026-06-23T21:41:06.134826Z,2026-06-23T21:41:06Z,2026-06-23T21:41:06Z,2026-06-23T21:41:06Z,2026-06-23T21:41:06Z,2026-06-23T21:41:07Z,DIAGNOSTIC_SOURCE_EVIDENCE_ONLY,AUDITED_DIAGNOSTIC_ONLY
market_ticks_intraday,receipt:market_ticks_intraday:2026-06-23T21:35:00Z,2026-06-23T19:55:00Z,2026-06-23T21:37:30.152475Z,2026-06-23T21:37:30.152475Z,2026-06-23T21:37:30Z,2026-06-23T21:37:30Z,2026-06-23T21:37:30Z,2026-06-23T21:37:30Z,2026-06-23T21:37:31Z,DIAGNOSTIC_SOURCE_EVIDENCE_ONLY,AUDITED_DIAGNOSTIC_ONLY
market_ticks_intraday,receipt:market_ticks_intraday:provider:eb0e2988851f27a3,2026-06-23T19:55:00Z,2026-06-23T21:36:06.120987Z,2026-06-23T21:36:06.120987Z,2026-06-23T21:36:06Z,2026-06-23T21:36:06Z,2026-06-23T21:36:06Z,2026-06-23T21:36:06Z,2026-06-23T21:36:07Z,DIAGNOSTIC_SOURCE_EVIDENCE_ONLY,AUDITED_DIAGNOSTIC_ONLY
market_ticks_intraday,receipt:market_ticks_intraday:2026-06-23T21:30:00Z,2026-06-23T19:55:00Z,2026-06-23T21:32:30.579470Z,2026-06-23T21:32:30.579470Z,2026-06-23T21:32:30Z,2026-06-23T21:32:30Z,2026-06-23T21:32:30Z,2026-06-23T21:32:30Z,2026-06-23T21:32:31Z,DIAGNOSTIC_SOURCE_EVIDENCE_ONLY,AUDITED_DIAGNOSTIC_ONLY
market_ticks_intraday,receipt:market_ticks_intraday:provider:f20c4216f458e3bf,2026-06-23T19:55:00Z,2026-06-23T21:31:08.631417Z,2026-06-23T21:31:08.631417Z,2026-06-23T21:31:08Z,2026-06-23T21:31:08Z,2026-06-23T21:31:08Z,2026-06-23T21:31:08Z,2026-06-23T21:31:09Z,DIAGNOSTIC_SOURCE_EVIDENCE_ONLY,AUDITED_DIAGNOSTIC_ONLY
market_ticks_intraday,receipt:market_ticks_intraday:2026-06-23T21:25:00Z,2026-06-23T19:55:00Z,2026-06-23T21:27:31.349996Z,2026-06-23T21:27:31.349996Z,2026-06-23T21:27:31Z,2026-06-23T21:27:31Z,2026-06-23T21:27:31Z,2026-06-23T21:27:31Z,2026-06-23T21:27:32Z,DIAGNOSTIC_SOURCE_EVIDENCE_ONLY,AUDITED_DIAGNOSTIC_ONLY
market_ticks_intraday,receipt:market_ticks_intraday:provider:8bd02102d7918b9d,2026-06-23T19:55:00Z,2026-06-23T21:26:29.446597Z,2026-06-23T21:26:29.446597Z,2026-06-23T21:26:29Z,2026-06-23T21:26:29Z,2026-06-23T21:26:29Z,2026-06-23T21:26:29Z,2026-06-23T21:26:30Z,DIAGNOSTIC_SOURCE_EVIDENCE_ONLY,AUDITED_DIAGNOSTIC_ONLY
market_ticks_intraday,receipt:market_ticks_intraday:2026-06-23T21:20:00Z,2026-06-23T19:55:00Z,2026-06-23T21:22:54.270476Z,2026-06-23T21:22:54.270476Z,2026-06-23T21:22:54Z,2026-06-23T21:22:54Z,2026-06-23T21:22:54Z,2026-06-23T21:22:54Z,2026-06-23T21:22:55Z,DIAGNOSTIC_SOURCE_EVIDENCE_ONLY,AUDITED_DIAGNOSTIC_ONLY
market_ticks_intraday,receipt:market_ticks_intraday:provider:07ef5303e8c6e17f,2026-06-23T19:55:00Z,2026-06-23T21:21:35.638222Z,2026-06-23T21:21:35.638222Z,2026-06-23T21:21:35Z,2026-06-23T21:21:35Z,2026-06-23T21:21:35Z,2026-06-23T21:21:35Z,2026-06-23T21:21:36Z,DIAGNOSTIC_SOURCE_EVIDENCE_ONLY,AUDITED_DIAGNOSTIC_ONLY
market_ticks_intraday,receipt:market_ticks_intraday:2026-06-23T21:15:00Z,2026-06-23T19:55:00Z,2026-06-23T21:16:58.711261Z,2026-06-23T21:16:58.711261Z,2026-06-23T21:16:58Z,2026-06-23T21:16:58Z,2026-06-23T21:16:58Z,2026-06-23T21:16:58Z,2026-06-23T21:16:59Z,DIAGNOSTIC_SOURCE_EVIDENCE_ONLY,AUDITED_DIAGNOSTIC_ONLY
market_ticks_intraday,receipt:market_ticks_intraday:provider:e1433319a56c37ce,2026-06-23T19:55:00Z,2026-06-23T21:15:56.131877Z,2026-06-23T21:15:56.131877Z,2026-06-23T21:15:56Z,2026-06-23T21:15:56Z,2026-06-23T21:15:56Z,2026-06-23T21:15:56Z,2026-06-23T21:15:57Z,DIAGNOSTIC_SOURCE_EVIDENCE_ONLY,AUDITED_DIAGNOSTIC_ONLY
market_ticks_intraday,receipt:market_ticks_intraday:2026-06-23T21:10:00Z,2026-06-23T19:55:00Z,2026-06-23T21:12:19.899032Z,2026-06-23T21:12:19.899032Z,2026-06-23T21:12:19Z,2026-06-23T21:12:19Z,2026-06-23T21:12:19Z,2026-06-23T21:12:19Z,2026-06-23T21:12:20Z,DIAGNOSTIC_SOURCE_EVIDENCE_ONLY,AUDITED_DIAGNOSTIC_ONLY
market_ticks_intraday,receipt:market_ticks_intraday:provider:f4a8ddc45d1f713a,2026-06-23T19:55:00Z,2026-06-23T21:10:59.527035Z,2026-06-23T21:10:59.527035Z,2026-06-23T21:10:59Z,2026-06-23T21:10:59Z,2026-06-23T21:10:59Z,2026-06-23T21:10:59Z,2026-06-23T21:11:00Z,DIAGNOSTIC_SOURCE_EVIDENCE_ONLY,AUDITED_DIAGNOSTIC_ONLY
market_ticks_intraday,receipt:market_ticks_intraday:2026-06-23T21:05:00Z,2026-06-23T19:55:00Z,2026-06-23T21:07:22.551364Z,2026-06-23T21:07:22.551364Z,2026-06-23T21:07:22Z,2026-06-23T21:07:22Z,2026-06-23T21:07:22Z,2026-06-23T21:07:22Z,2026-06-23T21:07:23Z,DIAGNOSTIC_SOURCE_EVIDENCE_ONLY,AUDITED_DIAGNOSTIC_ONLY
market_ticks_intraday,receipt:market_ticks_intraday:provider:e591c85a17dbb7ef,2026-06-23T19:55:00Z,2026-06-23T21:06:19.735285Z,2026-06-23T21:06:19.735285Z,2026-06-23T21:06:19Z,2026-06-23T21:06:19Z,2026-06-23T21:06:19Z,2026-06-23T21:06:19Z,2026-06-23T21:06:20Z,DIAGNOSTIC_SOURCE_EVIDENCE_ONLY,AUDITED_DIAGNOSTIC_ONLY
market_ticks_intraday,receipt:market_ticks_intraday:2026-06-23T21:00:00Z,2026-06-23T19:55:00Z,2026-06-23T21:03:43.801347Z,2026-06-23T21:03:43.801347Z,2026-06-23T21:03:43Z,2026-06-23T21:03:43Z,2026-06-23T21:03:43Z,2026-06-23T21:03:43Z,2026-06-23T21:03:44Z,DIAGNOSTIC_SOURCE_EVIDENCE_ONLY,AUDITED_DIAGNOSTIC_ONLY
market_ticks_intraday,receipt:market_ticks_intraday:provider:9a71131f2bc5132e,2026-06-23T19:55:00Z,2026-06-23T21:00:57.867093Z,2026-06-23T21:00:57.867093Z,2026-06-23T21:00:57Z,2026-06-23T21:00:57Z,2026-06-23T21:00:57Z,2026-06-23T21:00:57Z,2026-06-23T21:00:58Z,DIAGNOSTIC_SOURCE_EVIDENCE_ONLY,AUDITED_DIAGNOSTIC_ONLY
market_ticks_intraday,receipt:market_ticks_intraday:2026-06-23T20:55:00Z,2026-06-23T19:55:00Z,2026-06-23T20:57:21.551509Z,2026-06-23T20:57:21.551509Z,2026-06-23T20:57:21Z,2026-06-23T20:57:21Z,2026-06-23T20:57:21Z,2026-06-23T20:57:21Z,2026-06-23T20:57:22Z,DIAGNOSTIC_SOURCE_EVIDENCE_ONLY,AUDITED_DIAGNOSTIC_ONLY
market_ticks_intraday,receipt:market_ticks_intraday:provider:415bbd501b1d4908,2026-06-23T19:55:00Z,2026-06-23T20:56:10.379672Z,2026-06-23T20:56:10.379672Z,2026-06-23T20:56:10Z,2026-06-23T20:56:10Z,2026-06-23T20:56:10Z,2026-06-23T20:56:10Z,2026-06-23T20:56:11Z,DIAGNOSTIC_SOURCE_EVIDENCE_ONLY,AUDITED_DIAGNOSTIC_ONLY
market_ticks_intraday,receipt:market_ticks_intraday:2026-06-23T20:50:00Z,2026-06-23T19:55:00Z,2026-06-23T20:52:35.054218Z,2026-06-23T20:52:35.054218Z,2026-06-23T20:52:35Z,2026-06-23T20:52:35Z,2026-06-23T20:52:35Z,2026-06-23T20:52:35Z,2026-06-23T20:52:36Z,DIAGNOSTIC_SOURCE_EVIDENCE_ONLY,AUDITED_DIAGNOSTIC_ONLY
market_ticks_intraday,receipt:market_ticks_intraday:provider:365eaa106b3e9319,2026-06-23T19:55:00Z,2026-06-23T20:51:17.545842Z,2026-06-23T20:51:17.545842Z,2026-06-23T20:51:17Z,2026-06-23T20:51:17Z,2026-06-23T20:51:17Z,2026-06-23T20:51:17Z,2026-06-23T20:51:18Z,DIAGNOSTIC_SOURCE_EVIDENCE_ONLY,AUDITED_DIAGNOSTIC_ONLY
market_ticks_intraday,receipt:market_ticks_intraday:2026-06-23T20:45:00Z,2026-06-23T19:55:00Z,2026-06-23T20:47:40.366828Z,2026-06-23T20:47:40.366828Z,2026-06-23T20:47:40Z,2026-06-23T20:47:40Z,2026-06-23T20:47:40Z,2026-06-23T20:47:40Z,2026-06-23T20:47:41Z,DIAGNOSTIC_SOURCE_EVIDENCE_ONLY,AUDITED_DIAGNOSTIC_ONLY
market_ticks_intraday,receipt:market_ticks_intraday:provider:8896fbd01d5651f6,2026-06-23T19:55:00Z,2026-06-23T20:46:20.354561Z,2026-06-23T20:46:20.354561Z,2026-06-23T20:46:20Z,2026-06-23T20:46:20Z,2026-06-23T20:46:20Z,2026-06-23T20:46:20Z,2026-06-23T20:46:21Z,DIAGNOSTIC_SOURCE_EVIDENCE_ONLY,AUDITED_DIAGNOSTIC_ONLY
market_ticks_intraday,receipt:market_ticks_intraday:2026-06-23T20:40:00Z,2026-06-23T19:55:00Z,2026-06-23T20:41:44.813689Z,2026-06-23T20:41:44.813689Z,2026-06-23T20:41:44Z,2026-06-23T20:41:44Z,2026-06-23T20:41:44Z,2026-06-23T20:41:44Z,2026-06-23T20:41:45Z,DIAGNOSTIC_SOURCE_EVIDENCE_ONLY,AUDITED_DIAGNOSTIC_ONLY
market_ticks_intraday,receipt:market_ticks_intraday:provider:88bd49369b0725b6,2026-06-23T19:55:00Z,2026-06-23T20:40:40.761683Z,2026-06-23T20:40:40.761683Z,2026-06-23T20:40:40Z,2026-06-23T20:40:40Z,2026-06-23T20:40:40Z,2026-06-23T20:40:40Z,2026-06-23T20:40:41Z,DIAGNOSTIC_SOURCE_EVIDENCE_ONLY,AUDITED_DIAGNOSTIC_ONLY
market_ticks_intraday,receipt:market_ticks_intraday:2026-06-23T20:35:00Z,2026-06-23T19:55:00Z,2026-06-23T20:37:02.793485Z,2026-06-23T20:37:02.793485Z,2026-06-23T20:37:02Z,2026-06-23T20:37:02Z,2026-06-23T20:37:02Z,2026-06-23T20:37:02Z,2026-06-23T20:37:03Z,DIAGNOSTIC_SOURCE_EVIDENCE_ONLY,AUDITED_DIAGNOSTIC_ONLY
market_ticks_intraday,receipt:market_ticks_intraday:provider:ec746fbc76a16f55,2026-06-23T19:55:00Z,2026-06-23T20:35:42.247161Z,2026-06-23T20:35:42.247161Z,2026-06-23T20:35:42Z,2026-06-23T20:35:42Z,2026-06-23T20:35:42Z,2026-06-23T20:35:42Z,2026-06-23T20:35:43Z,DIAGNOSTIC_SOURCE_EVIDENCE_ONLY,AUDITED_DIAGNOSTIC_ONLY
market_ticks_intraday,receipt:market_ticks_intraday:2026-06-23T20:30:00Z,2026-06-23T19:55:00Z,2026-06-23T20:32:05.974731Z,2026-06-23T20:32:05.974731Z,2026-06-23T20:32:05Z,2026-06-23T20:32:05Z,2026-06-23T20:32:05Z,2026-06-23T20:32:05Z,2026-06-23T20:32:06Z,DIAGNOSTIC_SOURCE_EVIDENCE_ONLY,AUDITED_DIAGNOSTIC_ONLY
market_ticks_intraday,receipt:market_ticks_intraday:provider:9961498c2e365370,2026-06-23T19:55:00Z,2026-06-23T20:30:58.389856Z,2026-06-23T20:30:58.389856Z,2026-06-23T20:30:58Z,2026-06-23T20:30:58Z,2026-06-23T20:30:58Z,2026-06-23T20:30:58Z,2026-06-23T20:30:59Z,DIAGNOSTIC_SOURCE_EVIDENCE_ONLY,AUDITED_DIAGNOSTIC_ONLY
market_ticks_intraday,receipt:market_ticks_intraday:2026-06-23T20:25:00Z,2026-06-23T19:55:00Z,2026-06-23T20:27:22.530628Z,2026-06-23T20:27:22.530628Z,2026-06-23T20:27:22Z,2026-06-23T20:27:22Z,2026-06-23T20:27:22Z,2026-06-23T20:27:22Z,2026-06-23T20:27:23Z,DIAGNOSTIC_SOURCE_EVIDENCE_ONLY,AUDITED_DIAGNOSTIC_ONLY
market_ticks_intraday,receipt:market_ticks_intraday:provider:e209a66f1ae71988,2026-06-23T19:55:00Z,2026-06-23T20:25:59.421688Z,2026-06-23T20:25:59.421688Z,2026-06-23T20:25:59Z,2026-06-23T20:25:59Z,2026-06-23T20:25:59Z,2026-06-23T20:25:59Z,2026-06-23T20:26:00Z,DIAGNOSTIC_SOURCE_EVIDENCE_ONLY,AUDITED_DIAGNOSTIC_ONLY
market_ticks_intraday,receipt:market_ticks_intraday:2026-06-23T20:20:00Z,2026-06-23T19:55:00Z,2026-06-23T20:22:24.198622Z,2026-06-23T20:22:24.198622Z,2026-06-23T20:22:24Z,2026-06-23T20:22:24Z,2026-06-23T20:22:24Z,2026-06-23T20:22:24Z,2026-06-23T20:22:25Z,DIAGNOSTIC_SOURCE_EVIDENCE_ONLY,AUDITED_DIAGNOSTIC_ONLY
market_ticks_intraday,receipt:market_ticks_intraday:provider:0947c2cb67b0a42d,2026-06-23T19:55:00Z,2026-06-23T20:20:59.170068Z,2026-06-23T20:20:59.170068Z,2026-06-23T20:20:59Z,2026-06-23T20:20:59Z,2026-06-23T20:20:59Z,2026-06-23T20:20:59Z,2026-06-23T20:21:00Z,DIAGNOSTIC_SOURCE_EVIDENCE_ONLY,AUDITED_DIAGNOSTIC_ONLY
market_ticks_intraday,receipt:market_ticks_intraday:2026-06-23T20:15:00Z,2026-06-23T19:55:00Z,2026-06-23T20:17:23.624285Z,2026-06-23T20:17:23.624285Z,2026-06-23T20:17:23Z,2026-06-23T20:17:23Z,2026-06-23T20:17:23Z,2026-06-23T20:17:23Z,2026-06-23T20:17:24Z,DIAGNOSTIC_SOURCE_EVIDENCE_ONLY,AUDITED_DIAGNOSTIC_ONLY
market_ticks_intraday,receipt:market_ticks_intraday:provider:ecbaf7be942bdeb4,2026-06-23T19:55:00Z,2026-06-23T20:16:21.481399Z,2026-06-23T20:16:21.481399Z,2026-06-23T20:16:21Z,2026-06-23T20:16:21Z,2026-06-23T20:16:21Z,2026-06-23T20:16:21Z,2026-06-23T20:16:22Z,DIAGNOSTIC_SOURCE_EVIDENCE_ONLY,AUDITED_DIAGNOSTIC_ONLY
market_ticks_intraday,receipt:market_ticks_intraday:2026-06-23T20:10:00Z,2026-06-23T19:55:00Z,2026-06-23T20:12:45.746672Z,2026-06-23T20:12:45.746672Z,2026-06-23T20:12:45Z,2026-06-23T20:12:45Z,2026-06-23T20:12:45Z,2026-06-23T20:12:45Z,2026-06-23T20:12:46Z,DIAGNOSTIC_SOURCE_EVIDENCE_ONLY,AUDITED_DIAGNOSTIC_ONLY
market_ticks_intraday,receipt:market_ticks_intraday:provider:8f16b8fa7c4d22f0,2026-06-23T19:55:00Z,2026-06-23T20:11:27.131511Z,2026-06-23T20:11:27.131511Z,2026-06-23T20:11:27Z,2026-06-23T20:11:27Z,2026-06-23T20:11:27Z,2026-06-23T20:11:27Z,2026-06-23T20:11:28Z,DIAGNOSTIC_SOURCE_EVIDENCE_ONLY,AUDITED_DIAGNOSTIC_ONLY
market_ticks_intraday,receipt:market_ticks_intraday:2026-06-23T20:05:00Z,2026-06-23T19:55:00Z,2026-06-23T20:06:51.509245Z,2026-06-23T20:06:51.509245Z,2026-06-23T20:06:51Z,2026-06-23T20:06:51Z,2026-06-23T20:06:51Z,2026-06-23T20:06:51Z,2026-06-23T20:06:52Z,DIAGNOSTIC_SOURCE_EVIDENCE_ONLY,AUDITED_DIAGNOSTIC_ONLY
market_ticks_intraday,receipt:market_ticks_intraday:provider:2e81b83b8fd5aefb,2026-06-23T19:55:00Z,2026-06-23T20:05:48.373466Z,2026-06-23T20:05:48.373466Z,2026-06-23T20:05:48Z,2026-06-23T20:05:48Z,2026-06-23T20:05:48Z,2026-06-23T20:05:48Z,2026-06-23T20:05:49Z,DIAGNOSTIC_SOURCE_EVIDENCE_ONLY,AUDITED_DIAGNOSTIC_ONLY
market_ticks_intraday,receipt:market_ticks_intraday:2026-06-23T20:00:00Z,2026-06-23T19:55:00Z,2026-06-23T20:04:13.366655Z,2026-06-23T20:04:13.366655Z,2026-06-23T20:04:13Z,2026-06-23T20:04:13Z,2026-06-23T20:04:13Z,2026-06-23T20:04:13Z,2026-06-23T20:04:14Z,DIAGNOSTIC_SOURCE_EVIDENCE_ONLY,AUDITED_DIAGNOSTIC_ONLY
market_ticks_intraday,receipt:market_ticks_intraday:provider:6a0185d1273ce220,2026-06-23T19:55:00Z,2026-06-23T20:03:07.601896Z,2026-06-23T20:03:07.601896Z,2026-06-23T20:03:07Z,2026-06-23T20:03:07Z,2026-06-23T20:03:07Z,2026-06-23T20:03:07Z,2026-06-23T20:03:08Z,DIAGNOSTIC_SOURCE_EVIDENCE_ONLY,AUDITED_DIAGNOSTIC_ONLY
market_ticks_intraday,receipt:market_ticks_intraday:provider:8aac32b8d08a9c6b,2026-06-23T19:55:00Z,2026-06-23T20:01:33.327965Z,2026-06-23T20:01:33.327965Z,2026-06-23T20:01:33Z,2026-06-23T20:01:33Z,2026-06-23T20:01:33Z,2026-06-23T20:01:33Z,2026-06-23T20:01:34Z,DIAGNOSTIC_SOURCE_EVIDENCE_ONLY,AUDITED_DIAGNOSTIC_ONLY
market_ticks_intraday,receipt:market_ticks_intraday:2026-06-23T19:55:00Z,2026-06-23T19:55:00Z,2026-06-23T19:56:57.392005Z,2026-06-23T19:56:57.392005Z,2026-06-23T19:56:57Z,2026-06-23T19:56:57Z,2026-06-23T19:56:57Z,2026-06-23T19:56:57Z,2026-06-23T19:56:58Z,DIAGNOSTIC_SOURCE_EVIDENCE_ONLY,AUDITED_DIAGNOSTIC_ONLY
market_ticks_intraday,receipt:market_ticks_intraday:provider:962666819b64bda3,2026-06-23T19:55:00Z,2026-06-23T19:55:39.157011Z,2026-06-23T19:55:39.157011Z,2026-06-23T19:55:39Z,2026-06-23T19:55:39Z,2026-06-23T19:55:39Z,2026-06-23T19:55:39Z,2026-06-23T19:55:40Z,DIAGNOSTIC_SOURCE_EVIDENCE_ONLY,AUDITED_DIAGNOSTIC_ONLY
market_ticks_intraday,receipt:market_ticks_intraday:2026-06-23T19:50:00Z,2026-06-23T19:50:00Z,2026-06-23T19:53:04.128995Z,2026-06-23T19:53:04.128995Z,2026-06-23T19:53:04Z,2026-06-23T19:53:04Z,2026-06-23T19:53:04Z,2026-06-23T19:53:04Z,2026-06-23T19:53:05Z,DIAGNOSTIC_SOURCE_EVIDENCE_ONLY,AUDITED_DIAGNOSTIC_ONLY
market_ticks_intraday,receipt:market_ticks_intraday:provider:57eb4a630d3a05ce,2026-06-23T19:50:00Z,2026-06-23T19:51:31.022190Z,2026-06-23T19:51:31.022190Z,2026-06-23T19:51:31Z,2026-06-23T19:51:31Z,2026-06-23T19:51:31Z,2026-06-23T19:51:31Z,2026-06-23T19:51:32Z,DIAGNOSTIC_SOURCE_EVIDENCE_ONLY,AUDITED_DIAGNOSTIC_ONLY
market_ticks_intraday,receipt:market_ticks_intraday:2026-06-23T19:45:00Z,2026-06-23T19:45:00Z,2026-06-23T19:46:53.106218Z,2026-06-23T19:46:53.106218Z,2026-06-23T19:46:53Z,2026-06-23T19:46:53Z,2026-06-23T19:46:53Z,2026-06-23T19:46:53Z,2026-06-23T19:46:54Z,DIAGNOSTIC_SOURCE_EVIDENCE_ONLY,AUDITED_DIAGNOSTIC_ONLY
market_ticks_intraday,receipt:market_ticks_intraday:provider:aa70ac0bb87c1537,2026-06-23T19:45:00Z,2026-06-23T19:45:34.621966Z,2026-06-23T19:45:34.621966Z,2026-06-23T19:45:34Z,2026-06-23T19:45:34Z,2026-06-23T19:45:34Z,2026-06-23T19:45:34Z,2026-06-23T19:45:35Z,DIAGNOSTIC_SOURCE_EVIDENCE_ONLY,AUDITED_DIAGNOSTIC_ONLY
market_ticks_intraday,receipt:market_ticks_intraday:2026-06-23T19:40:00Z,2026-06-23T19:40:00Z,2026-06-23T19:41:58.890090Z,2026-06-23T19:41:58.890090Z,2026-06-23T19:41:58Z,2026-06-23T19:41:58Z,2026-06-23T19:41:58Z,2026-06-23T19:41:58Z,2026-06-23T19:41:59Z,DIAGNOSTIC_SOURCE_EVIDENCE_ONLY,AUDITED_DIAGNOSTIC_ONLY
market_ticks_intraday,receipt:market_ticks_intraday:provider:d1bbb4e1e78aa7b4,2026-06-23T19:40:00Z,2026-06-23T19:40:35.525977Z,2026-06-23T19:40:35.525977Z,2026-06-23T19:40:35Z,2026-06-23T19:40:35Z,2026-06-23T19:40:35Z,2026-06-23T19:40:35Z,2026-06-23T19:40:36Z,DIAGNOSTIC_SOURCE_EVIDENCE_ONLY,AUDITED_DIAGNOSTIC_ONLY
market_ticks_intraday,receipt:market_ticks_intraday:2026-06-23T19:35:00Z,2026-06-23T19:35:00Z,2026-06-23T19:36:59.485428Z,2026-06-23T19:36:59.485428Z,2026-06-23T19:36:59Z,2026-06-23T19:36:59Z,2026-06-23T19:36:59Z,2026-06-23T19:36:59Z,2026-06-23T19:37:00Z,DIAGNOSTIC_SOURCE_EVIDENCE_ONLY,AUDITED_DIAGNOSTIC_ONLY
market_ticks_intraday,receipt:market_ticks_intraday:provider:61617d3be34334f6,2026-06-23T19:35:00Z,2026-06-23T19:35:55.473441Z,2026-06-23T19:35:55.473441Z,2026-06-23T19:35:55Z,2026-06-23T19:35:55Z,2026-06-23T19:35:55Z,2026-06-23T19:35:55Z,2026-06-23T19:35:56Z,DIAGNOSTIC_SOURCE_EVIDENCE_ONLY,AUDITED_DIAGNOSTIC_ONLY
market_ticks_intraday,receipt:market_ticks_intraday:2026-06-23T19:30:00Z,2026-06-23T19:30:00Z,2026-06-23T19:32:15.608786Z,2026-06-23T19:32:15.608786Z,2026-06-23T19:32:15Z,2026-06-23T19:32:15Z,2026-06-23T19:32:15Z,2026-06-23T19:32:15Z,2026-06-23T19:32:16Z,DIAGNOSTIC_SOURCE_EVIDENCE_ONLY,AUDITED_DIAGNOSTIC_ONLY
market_ticks_intraday,receipt:market_ticks_intraday:provider:fed161a7fa477f3f,2026-06-23T19:30:00Z,2026-06-23T19:30:56.157083Z,2026-06-23T19:30:56.157083Z,2026-06-23T19:30:56Z,2026-06-23T19:30:56Z,2026-06-23T19:30:56Z,2026-06-23T19:30:56Z,2026-06-23T19:30:57Z,DIAGNOSTIC_SOURCE_EVIDENCE_ONLY,AUDITED_DIAGNOSTIC_ONLY
market_ticks_intraday,receipt:market_ticks_intraday:2026-06-23T19:25:00Z,2026-06-23T19:25:00Z,2026-06-23T19:27:21.239193Z,2026-06-23T19:27:21.239193Z,2026-06-23T19:27:21Z,2026-06-23T19:27:21Z,2026-06-23T19:27:21Z,2026-06-23T19:27:21Z,2026-06-23T19:27:22Z,DIAGNOSTIC_SOURCE_EVIDENCE_ONLY,AUDITED_DIAGNOSTIC_ONLY
market_ticks_intraday,receipt:market_ticks_intraday:provider:25ce2437b5510856,2026-06-23T19:25:00Z,2026-06-23T19:26:18.668812Z,2026-06-23T19:26:18.668812Z,2026-06-23T19:26:18Z,2026-06-23T19:26:18Z,2026-06-23T19:26:18Z,2026-06-23T19:26:18Z,2026-06-23T19:26:19Z,DIAGNOSTIC_SOURCE_EVIDENCE_ONLY,AUDITED_DIAGNOSTIC_ONLY
market_ticks_intraday,receipt:market_ticks_intraday:2026-06-23T19:20:00Z,2026-06-23T19:20:00Z,2026-06-23T19:22:43.911834Z,2026-06-23T19:22:43.911834Z,2026-06-23T19:22:43Z,2026-06-23T19:22:43Z,2026-06-23T19:22:43Z,2026-06-23T19:22:43Z,2026-06-23T19:22:44Z,DIAGNOSTIC_SOURCE_EVIDENCE_ONLY,AUDITED_DIAGNOSTIC_ONLY
market_ticks_intraday,receipt:market_ticks_intraday:provider:c39051a71895d810,2026-06-23T19:20:00Z,2026-06-23T19:21:20.181514Z,2026-06-23T19:21:20.181514Z,2026-06-23T19:21:20Z,2026-06-23T19:21:20Z,2026-06-23T19:21:20Z,2026-06-23T19:21:20Z,2026-06-23T19:21:21Z,DIAGNOSTIC_SOURCE_EVIDENCE_ONLY,AUDITED_DIAGNOSTIC_ONLY
market_ticks_intraday,receipt:market_ticks_intraday:2026-06-23T19:15:00Z,2026-06-23T19:15:00Z,2026-06-23T19:16:43.845936Z,2026-06-23T19:16:43.845936Z,2026-06-23T19:16:43Z,2026-06-23T19:16:43Z,2026-06-23T19:16:43Z,2026-06-23T19:16:43Z,2026-06-23T19:16:44Z,DIAGNOSTIC_SOURCE_EVIDENCE_ONLY,AUDITED_DIAGNOSTIC_ONLY
market_ticks_intraday,receipt:market_ticks_intraday:provider:6dbc55db86296bea,2026-06-23T19:15:00Z,2026-06-23T19:15:40.779634Z,2026-06-23T19:15:40.779634Z,2026-06-23T19:15:40Z,2026-06-23T19:15:40Z,2026-06-23T19:15:40Z,2026-06-23T19:15:40Z,2026-06-23T19:15:41Z,DIAGNOSTIC_SOURCE_EVIDENCE_ONLY,AUDITED_DIAGNOSTIC_ONLY
market_ticks_intraday,receipt:market_ticks_intraday:2026-06-23T19:10:00Z,2026-06-23T19:10:00Z,2026-06-23T19:12:04.320802Z,2026-06-23T19:12:04.320802Z,2026-06-23T19:12:04Z,2026-06-23T19:12:04Z,2026-06-23T19:12:04Z,2026-06-23T19:12:04Z,2026-06-23T19:12:05Z,DIAGNOSTIC_SOURCE_EVIDENCE_ONLY,AUDITED_DIAGNOSTIC_ONLY
market_ticks_intraday,receipt:market_ticks_intraday:provider:7e7c4c07401a225a,2026-06-23T19:10:00Z,2026-06-23T19:10:42.197587Z,2026-06-23T19:10:42.197587Z,2026-06-23T19:10:42Z,2026-06-23T19:10:42Z,2026-06-23T19:10:42Z,2026-06-23T19:10:42Z,2026-06-23T19:10:43Z,DIAGNOSTIC_SOURCE_EVIDENCE_ONLY,AUDITED_DIAGNOSTIC_ONLY
market_ticks_intraday,receipt:market_ticks_intraday:2026-06-23T19:05:00Z,2026-06-23T19:05:00Z,2026-06-23T19:07:04.838902Z,2026-06-23T19:07:04.838902Z,2026-06-23T19:07:04Z,2026-06-23T19:07:04Z,2026-06-23T19:07:04Z,2026-06-23T19:07:04Z,2026-06-23T19:07:05Z,DIAGNOSTIC_SOURCE_EVIDENCE_ONLY,AUDITED_DIAGNOSTIC_ONLY
market_ticks_intraday,receipt:market_ticks_intraday:provider:c8b44157e1af4fa5,2026-06-23T19:05:00Z,2026-06-23T19:05:59.424002Z,2026-06-23T19:05:59.424002Z,2026-06-23T19:05:59Z,2026-06-23T19:05:59Z,2026-06-23T19:05:59Z,2026-06-23T19:05:59Z,2026-06-23T19:06:00Z,DIAGNOSTIC_SOURCE_EVIDENCE_ONLY,AUDITED_DIAGNOSTIC_ONLY
market_ticks_intraday,receipt:market_ticks_intraday:2026-06-23T19:00:00Z,2026-06-23T19:00:00Z,2026-06-23T19:03:21.582671Z,2026-06-23T19:03:21.582671Z,2026-06-23T19:03:21Z,2026-06-23T19:03:21Z,2026-06-23T19:03:21Z,2026-06-23T19:03:21Z,2026-06-23T19:03:22Z,DIAGNOSTIC_SOURCE_EVIDENCE_ONLY,AUDITED_DIAGNOSTIC_ONLY
market_ticks_intraday,receipt:market_ticks_intraday:provider:ebff6562e5a17cf8,2026-06-23T19:00:00Z,2026-06-23T19:02:19.030269Z,2026-06-23T19:02:19.030269Z,2026-06-23T19:02:19Z,2026-06-23T19:02:19Z,2026-06-23T19:02:19Z,2026-06-23T19:02:19Z,2026-06-23T19:02:20Z,DIAGNOSTIC_SOURCE_EVIDENCE_ONLY,AUDITED_DIAGNOSTIC_ONLY
market_ticks_intraday,receipt:market_ticks_intraday:provider:2f41ee3cfb0a27e5,2026-06-23T19:00:00Z,2026-06-23T19:00:46.011392Z,2026-06-23T19:00:46.011392Z,2026-06-23T19:00:46Z,2026-06-23T19:00:46Z,2026-06-23T19:00:46Z,2026-06-23T19:00:46Z,2026-06-23T19:00:47Z,DIAGNOSTIC_SOURCE_EVIDENCE_ONLY,AUDITED_DIAGNOSTIC_ONLY
market_ticks_intraday,receipt:market_ticks_intraday:2026-06-23T18:55:00Z,2026-06-23T18:55:00Z,2026-06-23T18:57:07.543567Z,2026-06-23T18:57:07.543567Z,2026-06-23T18:57:07Z,2026-06-23T18:57:07Z,2026-06-23T18:57:07Z,2026-06-23T18:57:07Z,2026-06-23T18:57:08Z,DIAGNOSTIC_SOURCE_EVIDENCE_ONLY,AUDITED_DIAGNOSTIC_ONLY
market_ticks_intraday,receipt:market_ticks_intraday:provider:2a54f668ed4fbf12,2026-06-23T18:55:00Z,2026-06-23T18:55:50.246406Z,2026-06-23T18:55:50.246406Z,2026-06-23T18:55:50Z,2026-06-23T18:55:50Z,2026-06-23T18:55:50Z,2026-06-23T18:55:50Z,2026-06-23T18:55:51Z,DIAGNOSTIC_SOURCE_EVIDENCE_ONLY,AUDITED_DIAGNOSTIC_ONLY
market_ticks_intraday,receipt:market_ticks_intraday:2026-06-23T18:50:00Z,2026-06-23T18:50:00Z,2026-06-23T18:52:13.183010Z,2026-06-23T18:52:13.183010Z,2026-06-23T18:52:13Z,2026-06-23T18:52:13Z,2026-06-23T18:52:13Z,2026-06-23T18:52:13Z,2026-06-23T18:52:14Z,DIAGNOSTIC_SOURCE_EVIDENCE_ONLY,AUDITED_DIAGNOSTIC_ONLY
market_ticks_intraday,receipt:market_ticks_intraday:provider:78ea4eb3754eef7b,2026-06-23T18:50:00Z,2026-06-23T18:50:51.465324Z,2026-06-23T18:50:51.465324Z,2026-06-23T18:50:51Z,2026-06-23T18:50:51Z,2026-06-23T18:50:51Z,2026-06-23T18:50:51Z,2026-06-23T18:50:52Z,DIAGNOSTIC_SOURCE_EVIDENCE_ONLY,AUDITED_DIAGNOSTIC_ONLY
market_ticks_intraday,receipt:market_ticks_intraday:2026-06-23T18:45:00Z,2026-06-23T18:45:00Z,2026-06-23T18:47:13.931118Z,2026-06-23T18:47:13.931118Z,2026-06-23T18:47:13Z,2026-06-23T18:47:13Z,2026-06-23T18:47:13Z,2026-06-23T18:47:13Z,2026-06-23T18:47:14Z,DIAGNOSTIC_SOURCE_EVIDENCE_ONLY,AUDITED_DIAGNOSTIC_ONLY
market_ticks_intraday,receipt:market_ticks_intraday:provider:9841aecd7fd542eb,2026-06-23T18:45:00Z,2026-06-23T18:46:05.792652Z,2026-06-23T18:46:05.792652Z,2026-06-23T18:46:05Z,2026-06-23T18:46:05Z,2026-06-23T18:46:05Z,2026-06-23T18:46:05Z,2026-06-23T18:46:06Z,DIAGNOSTIC_SOURCE_EVIDENCE_ONLY,AUDITED_DIAGNOSTIC_ONLY
market_ticks_intraday,receipt:market_ticks_intraday:2026-06-23T18:40:00Z,2026-06-23T18:40:00Z,2026-06-23T18:42:28.262156Z,2026-06-23T18:42:28.262156Z,2026-06-23T18:42:28Z,2026-06-23T18:42:28Z,2026-06-23T18:42:28Z,2026-06-23T18:42:28Z,2026-06-23T18:42:29Z,DIAGNOSTIC_SOURCE_EVIDENCE_ONLY,AUDITED_DIAGNOSTIC_ONLY
market_ticks_intraday,receipt:market_ticks_intraday:provider:8dabf97c343a5fc0,2026-06-23T18:40:00Z,2026-06-23T18:40:59.184206Z,2026-06-23T18:40:59.184206Z,2026-06-23T18:40:59Z,2026-06-23T18:40:59Z,2026-06-23T18:40:59Z,2026-06-23T18:40:59Z,2026-06-23T18:41:00Z,DIAGNOSTIC_SOURCE_EVIDENCE_ONLY,AUDITED_DIAGNOSTIC_ONLY
market_ticks_intraday,receipt:market_ticks_intraday:2026-06-23T18:35:00Z,2026-06-23T18:35:00Z,2026-06-23T18:37:20.465436Z,2026-06-23T18:37:20.465436Z,2026-06-23T18:37:20Z,2026-06-23T18:37:20Z,2026-06-23T18:37:20Z,2026-06-23T18:37:20Z,2026-06-23T18:37:21Z,DIAGNOSTIC_SOURCE_EVIDENCE_ONLY,AUDITED_DIAGNOSTIC_ONLY
market_ticks_intraday,receipt:market_ticks_intraday:provider:5ad470cbf3821ab2,2026-06-23T18:35:00Z,2026-06-23T18:36:13.948015Z,2026-06-23T18:36:13.948015Z,2026-06-23T18:36:13Z,2026-06-23T18:36:13Z,2026-06-23T18:36:13Z,2026-06-23T18:36:13Z,2026-06-23T18:36:14Z,DIAGNOSTIC_SOURCE_EVIDENCE_ONLY,AUDITED_DIAGNOSTIC_ONLY
market_ticks_intraday,receipt:market_ticks_intraday:2026-06-23T18:30:00Z,2026-06-23T18:30:00Z,2026-06-23T18:32:36.324384Z,2026-06-23T18:32:36.324384Z,2026-06-23T18:32:36Z,2026-06-23T18:32:36Z,2026-06-23T18:32:36Z,2026-06-23T18:32:36Z,2026-06-23T18:32:37Z,DIAGNOSTIC_SOURCE_EVIDENCE_ONLY,AUDITED_DIAGNOSTIC_ONLY
market_ticks_intraday,receipt:market_ticks_intraday:provider:319095b2cf32ca73,2026-06-23T18:30:00Z,2026-06-23T18:31:05.869712Z,2026-06-23T18:31:05.869712Z,2026-06-23T18:31:05Z,2026-06-23T18:31:05Z,2026-06-23T18:31:05Z,2026-06-23T18:31:05Z,2026-06-23T18:31:06Z,DIAGNOSTIC_SOURCE_EVIDENCE_ONLY,AUDITED_DIAGNOSTIC_ONLY
market_ticks_intraday,receipt:market_ticks_intraday:2026-06-23T18:25:00Z,2026-06-23T18:25:00Z,2026-06-23T18:27:28.235227Z,2026-06-23T18:27:28.235227Z,2026-06-23T18:27:28Z,2026-06-23T18:27:28Z,2026-06-23T18:27:28Z,2026-06-23T18:27:28Z,2026-06-23T18:27:29Z,DIAGNOSTIC_SOURCE_EVIDENCE_ONLY,AUDITED_DIAGNOSTIC_ONLY
market_ticks_intraday,receipt:market_ticks_intraday:provider:3fe0b2513dc203a6,2026-06-23T18:25:00Z,2026-06-23T18:26:22.293438Z,2026-06-23T18:26:22.293438Z,2026-06-23T18:26:22Z,2026-06-23T18:26:22Z,2026-06-23T18:26:22Z,2026-06-23T18:26:22Z,2026-06-23T18:26:23Z,DIAGNOSTIC_SOURCE_EVIDENCE_ONLY,AUDITED_DIAGNOSTIC_ONLY
market_ticks_intraday,receipt:market_ticks_intraday:2026-06-23T18:20:00Z,2026-06-23T18:20:00Z,2026-06-23T18:22:45.564637Z,2026-06-23T18:22:45.564637Z,2026-06-23T18:22:45Z,2026-06-23T18:22:45Z,2026-06-23T18:22:45Z,2026-06-23T18:22:45Z,2026-06-23T18:22:46Z,DIAGNOSTIC_SOURCE_EVIDENCE_ONLY,AUDITED_DIAGNOSTIC_ONLY
market_ticks_intraday,receipt:market_ticks_intraday:provider:bd3cbee4006d1d04,2026-06-23T18:20:00Z,2026-06-23T18:21:27.002988Z,2026-06-23T18:21:27.002988Z,2026-06-23T18:21:27Z,2026-06-23T18:21:27Z,2026-06-23T18:21:27Z,2026-06-23T18:21:27Z,2026-06-23T18:21:28Z,DIAGNOSTIC_SOURCE_EVIDENCE_ONLY,AUDITED_DIAGNOSTIC_ONLY
market_ticks_intraday,receipt:market_ticks_intraday:2026-06-23T18:15:00Z,2026-06-23T18:15:00Z,2026-06-23T18:16:49.558770Z,2026-06-23T18:16:49.558770Z,2026-06-23T18:16:49Z,2026-06-23T18:16:49Z,2026-06-23T18:16:49Z,2026-06-23T18:16:49Z,2026-06-23T18:16:50Z,DIAGNOSTIC_SOURCE_EVIDENCE_ONLY,AUDITED_DIAGNOSTIC_ONLY
market_ticks_intraday,receipt:market_ticks_intraday:provider:7594ad152857726b,2026-06-23T18:15:00Z,2026-06-23T18:15:42.521567Z,2026-06-23T18:15:42.521567Z,2026-06-23T18:15:42Z,2026-06-23T18:15:42Z,2026-06-23T18:15:42Z,2026-06-23T18:15:42Z,2026-06-23T18:15:43Z,DIAGNOSTIC_SOURCE_EVIDENCE_ONLY,AUDITED_DIAGNOSTIC_ONLY
market_ticks_intraday,receipt:market_ticks_intraday:2026-06-23T18:10:00Z,2026-06-23T18:10:00Z,2026-06-23T18:13:03.604151Z,2026-06-23T18:13:03.604151Z,2026-06-23T18:13:03Z,2026-06-23T18:13:03Z,2026-06-23T18:13:03Z,2026-06-23T18:13:03Z,2026-06-23T18:13:04Z,DIAGNOSTIC_SOURCE_EVIDENCE_ONLY,AUDITED_DIAGNOSTIC_ONLY
market_ticks_intraday,receipt:market_ticks_intraday:provider:516b5ca00b53e98b,2026-06-23T18:10:00Z,2026-06-23T18:11:38.183916Z,2026-06-23T18:11:38.183916Z,2026-06-23T18:11:38Z,2026-06-23T18:11:38Z,2026-06-23T18:11:38Z,2026-06-23T18:11:38Z,2026-06-23T18:11:39Z,DIAGNOSTIC_SOURCE_EVIDENCE_ONLY,AUDITED_DIAGNOSTIC_ONLY
market_ticks_intraday,receipt:market_ticks_intraday:2026-06-23T18:05:00Z,2026-06-23T18:05:00Z,2026-06-23T18:06:58.641068Z,2026-06-23T18:06:58.641068Z,2026-06-23T18:06:58Z,2026-06-23T18:06:58Z,2026-06-23T18:06:58Z,2026-06-23T18:06:58Z,2026-06-23T18:06:59Z,DIAGNOSTIC_SOURCE_EVIDENCE_ONLY,AUDITED_DIAGNOSTIC_ONLY
market_ticks_intraday,receipt:market_ticks_intraday:provider:19379b64b6075987,2026-06-23T18:05:00Z,2026-06-23T18:05:51.213608Z,2026-06-23T18:05:51.213608Z,2026-06-23T18:05:51Z,2026-06-23T18:05:51Z,2026-06-23T18:05:51Z,2026-06-23T18:05:51Z,2026-06-23T18:05:52Z,DIAGNOSTIC_SOURCE_EVIDENCE_ONLY,AUDITED_DIAGNOSTIC_ONLY
market_ticks_intraday,receipt:market_ticks_intraday:2026-06-23T18:00:00Z,2026-06-23T18:00:00Z,2026-06-23T18:04:13.995281Z,2026-06-23T18:04:13.995281Z,2026-06-23T18:04:13Z,2026-06-23T18:04:13Z,2026-06-23T18:04:13Z,2026-06-23T18:04:13Z,2026-06-23T18:04:14Z,DIAGNOSTIC_SOURCE_EVIDENCE_ONLY,AUDITED_DIAGNOSTIC_ONLY
market_ticks_intraday,receipt:market_ticks_intraday:provider:9df84fff268823c2,2026-06-23T18:00:00Z,2026-06-23T18:02:48.955293Z,2026-06-23T18:02:48.955293Z,2026-06-23T18:02:48Z,2026-06-23T18:02:48Z,2026-06-23T18:02:48Z,2026-06-23T18:02:48Z,2026-06-23T18:02:49Z,DIAGNOSTIC_SOURCE_EVIDENCE_ONLY,AUDITED_DIAGNOSTIC_ONLY
market_ticks_intraday,receipt:market_ticks_intraday:provider:af02fea00bfdacfe,2026-06-23T18:00:00Z,2026-06-23T18:01:20.748153Z,2026-06-23T18:01:20.748153Z,2026-06-23T18:01:20Z,2026-06-23T18:01:20Z,2026-06-23T18:01:20Z,2026-06-23T18:01:20Z,2026-06-23T18:01:21Z,DIAGNOSTIC_SOURCE_EVIDENCE_ONLY,AUDITED_DIAGNOSTIC_ONLY
market_ticks_intraday,receipt:market_ticks_intraday:2026-06-23T17:55:00Z,2026-06-23T17:55:00Z,2026-06-23T17:57:43.852418Z,2026-06-23T17:57:43.852418Z,2026-06-23T17:57:43Z,2026-06-23T17:57:43Z,2026-06-23T17:57:43Z,2026-06-23T17:57:43Z,2026-06-23T17:57:44Z,DIAGNOSTIC_SOURCE_EVIDENCE_ONLY,AUDITED_DIAGNOSTIC_ONLY
market_ticks_intraday,receipt:market_ticks_intraday:provider:3a9e897fa7d1e081,2026-06-23T17:55:00Z,2026-06-23T17:56:21.994702Z,2026-06-23T17:56:21.994702Z,2026-06-23T17:56:21Z,2026-06-23T17:56:21Z,2026-06-23T17:56:21Z,2026-06-23T17:56:21Z,2026-06-23T17:56:22Z,DIAGNOSTIC_SOURCE_EVIDENCE_ONLY,AUDITED_DIAGNOSTIC_ONLY
market_ticks_intraday,receipt:market_ticks_intraday:2026-06-23T17:50:00Z,2026-06-23T17:50:00Z,2026-06-23T17:51:44.237430Z,2026-06-23T17:51:44.237430Z,2026-06-23T17:51:44Z,2026-06-23T17:51:44Z,2026-06-23T17:51:44Z,2026-06-23T17:51:44Z,2026-06-23T17:51:45Z,DIAGNOSTIC_SOURCE_EVIDENCE_ONLY,AUDITED_DIAGNOSTIC_ONLY
market_ticks_intraday,receipt:market_ticks_intraday:provider:b7b16eebe543ecd9,2026-06-23T17:50:00Z,2026-06-23T17:50:37.995439Z,2026-06-23T17:50:37.995439Z,2026-06-23T17:50:37Z,2026-06-23T17:50:37Z,2026-06-23T17:50:37Z,2026-06-23T17:50:37Z,2026-06-23T17:50:38Z,DIAGNOSTIC_SOURCE_EVIDENCE_ONLY,AUDITED_DIAGNOSTIC_ONLY
market_ticks_intraday,receipt:market_ticks_intraday:2026-06-23T17:45:00Z,2026-06-23T17:45:00Z,2026-06-23T17:46:59.332713Z,2026-06-23T17:46:59.332713Z,2026-06-23T17:46:59Z,2026-06-23T17:46:59Z,2026-06-23T17:46:59Z,2026-06-23T17:46:59Z,2026-06-23T17:47:00Z,DIAGNOSTIC_SOURCE_EVIDENCE_ONLY,AUDITED_DIAGNOSTIC_ONLY
market_ticks_intraday,receipt:market_ticks_intraday:provider:ce0d3d9960b9e73b,2026-06-23T17:45:00Z,2026-06-23T17:45:36.515959Z,2026-06-23T17:45:36.515959Z,2026-06-23T17:45:36Z,2026-06-23T17:45:36Z,2026-06-23T17:45:36Z,2026-06-23T17:45:36Z,2026-06-23T17:45:37Z,DIAGNOSTIC_SOURCE_EVIDENCE_ONLY,AUDITED_DIAGNOSTIC_ONLY
market_ticks_intraday,receipt:market_ticks_intraday:2026-06-23T17:40:00Z,2026-06-23T17:40:00Z,2026-06-23T17:43:00.018089Z,2026-06-23T17:43:00.018089Z,2026-06-23T17:43:00Z,2026-06-23T17:43:00Z,2026-06-23T17:43:00Z,2026-06-23T17:43:00Z,2026-06-23T17:43:01Z,DIAGNOSTIC_SOURCE_EVIDENCE_ONLY,AUDITED_DIAGNOSTIC_ONLY
market_ticks_intraday,receipt:market_ticks_intraday:provider:03180bb61d0a3e8a,2026-06-23T17:40:00Z,2026-06-23T17:41:09.814228Z,2026-06-23T17:41:09.814228Z,2026-06-23T17:41:09Z,2026-06-23T17:41:09Z,2026-06-23T17:41:09Z,2026-06-23T17:41:09Z,2026-06-23T17:41:10Z,DIAGNOSTIC_SOURCE_EVIDENCE_ONLY,AUDITED_DIAGNOSTIC_ONLY
market_ticks_intraday,receipt:market_ticks_intraday:2026-06-23T17:35:00Z,2026-06-23T17:35:00Z,2026-06-23T17:37:33.560568Z,2026-06-23T17:37:33.560568Z,2026-06-23T17:37:33Z,2026-06-23T17:37:33Z,2026-06-23T17:37:33Z,2026-06-23T17:37:33Z,2026-06-23T17:37:34Z,DIAGNOSTIC_SOURCE_EVIDENCE_ONLY,AUDITED_DIAGNOSTIC_ONLY
market_ticks_intraday,receipt:market_ticks_intraday:provider:ea924f23d635e95b,2026-06-23T17:35:00Z,2026-06-23T17:36:08.087872Z,2026-06-23T17:36:08.087872Z,2026-06-23T17:36:08Z,2026-06-23T17:36:08Z,2026-06-23T17:36:08Z,2026-06-23T17:36:08Z,2026-06-23T17:36:09Z,DIAGNOSTIC_SOURCE_EVIDENCE_ONLY,AUDITED_DIAGNOSTIC_ONLY
market_ticks_intraday,receipt:market_ticks_intraday:2026-06-23T17:30:00Z,2026-06-23T17:30:00Z,2026-06-23T17:32:30.087356Z,2026-06-23T17:32:30.087356Z,2026-06-23T17:32:30Z,2026-06-23T17:32:30Z,2026-06-23T17:32:30Z,2026-06-23T17:32:30Z,2026-06-23T17:32:31Z,DIAGNOSTIC_SOURCE_EVIDENCE_ONLY,AUDITED_DIAGNOSTIC_ONLY
market_ticks_intraday,receipt:market_ticks_intraday:provider:202a6eb956775269,2026-06-23T17:30:00Z,2026-06-23T17:31:25.731440Z,2026-06-23T17:31:25.731440Z,2026-06-23T17:31:25Z,2026-06-23T17:31:25Z,2026-06-23T17:31:25Z,2026-06-23T17:31:25Z,2026-06-23T17:31:26Z,DIAGNOSTIC_SOURCE_EVIDENCE_ONLY,AUDITED_DIAGNOSTIC_ONLY
market_ticks_intraday,receipt:market_ticks_intraday:2026-06-23T17:25:00Z,2026-06-23T17:25:00Z,2026-06-23T17:27:48.055818Z,2026-06-23T17:27:48.055818Z,2026-06-23T17:27:48Z,2026-06-23T17:27:48Z,2026-06-23T17:27:48Z,2026-06-23T17:27:48Z,2026-06-23T17:27:49Z,DIAGNOSTIC_SOURCE_EVIDENCE_ONLY,AUDITED_DIAGNOSTIC_ONLY
market_ticks_intraday,receipt:market_ticks_intraday:provider:81ddcf7910cdee70,2026-06-23T17:25:00Z,2026-06-23T17:26:30.602547Z,2026-06-23T17:26:30.602547Z,2026-06-23T17:26:30Z,2026-06-23T17:26:30Z,2026-06-23T17:26:30Z,2026-06-23T17:26:30Z,2026-06-23T17:26:31Z,DIAGNOSTIC_SOURCE_EVIDENCE_ONLY,AUDITED_DIAGNOSTIC_ONLY
market_ticks_intraday,receipt:market_ticks_intraday:2026-06-23T17:20:00Z,2026-06-23T17:20:00Z,2026-06-23T17:21:53.128720Z,2026-06-23T17:21:53.128720Z,2026-06-23T17:21:53Z,2026-06-23T17:21:53Z,2026-06-23T17:21:53Z,2026-06-23T17:21:53Z,2026-06-23T17:21:54Z,DIAGNOSTIC_SOURCE_EVIDENCE_ONLY,AUDITED_DIAGNOSTIC_ONLY
market_ticks_intraday,receipt:market_ticks_intraday:provider:95e17f27e6647e91,2026-06-23T17:20:00Z,2026-06-23T17:20:48.063846Z,2026-06-23T17:20:48.063846Z,2026-06-23T17:20:48Z,2026-06-23T17:20:48Z,2026-06-23T17:20:48Z,2026-06-23T17:20:48Z,2026-06-23T17:20:49Z,DIAGNOSTIC_SOURCE_EVIDENCE_ONLY,AUDITED_DIAGNOSTIC_ONLY
market_ticks_intraday,receipt:market_ticks_intraday:2026-06-23T17:15:00Z,2026-06-23T17:15:00Z,2026-06-23T17:17:10.416201Z,2026-06-23T17:17:10.416201Z,2026-06-23T17:17:10Z,2026-06-23T17:17:10Z,2026-06-23T17:17:10Z,2026-06-23T17:17:10Z,2026-06-23T17:17:11Z,DIAGNOSTIC_SOURCE_EVIDENCE_ONLY,AUDITED_DIAGNOSTIC_ONLY
market_ticks_intraday,receipt:market_ticks_intraday:provider:0c966cf44607b401,2026-06-23T17:15:00Z,2026-06-23T17:15:46.348695Z,2026-06-23T17:15:46.348695Z,2026-06-23T17:15:46Z,2026-06-23T17:15:46Z,2026-06-23T17:15:46Z,2026-06-23T17:15:46Z,2026-06-23T17:15:47Z,DIAGNOSTIC_SOURCE_EVIDENCE_ONLY,AUDITED_DIAGNOSTIC_ONLY
market_ticks_intraday,receipt:market_ticks_intraday:2026-06-23T17:10:00Z,2026-06-23T17:10:00Z,2026-06-23T17:12:09.264496Z,2026-06-23T17:12:09.264496Z,2026-06-23T17:12:09Z,2026-06-23T17:12:09Z,2026-06-23T17:12:09Z,2026-06-23T17:12:09Z,2026-06-23T17:12:10Z,DIAGNOSTIC_SOURCE_EVIDENCE_ONLY,AUDITED_DIAGNOSTIC_ONLY
market_ticks_intraday,receipt:market_ticks_intraday:provider:12a16f8868fec6f2,2026-06-23T17:10:00Z,2026-06-23T17:10:44.120994Z,2026-06-23T17:10:44.120994Z,2026-06-23T17:10:44Z,2026-06-23T17:10:44Z,2026-06-23T17:10:44Z,2026-06-23T17:10:44Z,2026-06-23T17:10:45Z,DIAGNOSTIC_SOURCE_EVIDENCE_ONLY,AUDITED_DIAGNOSTIC_ONLY
market_ticks_intraday,receipt:market_ticks_intraday:2026-06-23T17:05:00Z,2026-06-23T17:05:00Z,2026-06-23T17:07:05.992939Z,2026-06-23T17:07:05.992939Z,2026-06-23T17:07:05Z,2026-06-23T17:07:05Z,2026-06-23T17:07:05Z,2026-06-23T17:07:05Z,2026-06-23T17:07:06Z,DIAGNOSTIC_SOURCE_EVIDENCE_ONLY,AUDITED_DIAGNOSTIC_ONLY
market_ticks_intraday,receipt:market_ticks_intraday:provider:59c35071fe5f2cb2,2026-06-23T17:05:00Z,2026-06-23T17:05:57.770862Z,2026-06-23T17:05:57.770862Z,2026-06-23T17:05:57Z,2026-06-23T17:05:57Z,2026-06-23T17:05:57Z,2026-06-23T17:05:57Z,2026-06-23T17:05:58Z,DIAGNOSTIC_SOURCE_EVIDENCE_ONLY,AUDITED_DIAGNOSTIC_ONLY
market_ticks_intraday,receipt:market_ticks_intraday:2026-06-23T17:00:00Z,2026-06-23T17:00:00Z,2026-06-23T17:03:19.420155Z,2026-06-23T17:03:19.420155Z,2026-06-23T17:03:19Z,2026-06-23T17:03:19Z,2026-06-23T17:03:19Z,2026-06-23T17:03:19Z,2026-06-23T17:03:20Z,DIAGNOSTIC_SOURCE_EVIDENCE_ONLY,AUDITED_DIAGNOSTIC_ONLY
market_ticks_intraday,receipt:market_ticks_intraday:provider:29646dcb31840c32,2026-06-23T17:00:00Z,2026-06-23T17:02:11.781889Z,2026-06-23T17:02:11.781889Z,2026-06-23T17:02:11Z,2026-06-23T17:02:11Z,2026-06-23T17:02:11Z,2026-06-23T17:02:11Z,2026-06-23T17:02:12Z,DIAGNOSTIC_SOURCE_EVIDENCE_ONLY,AUDITED_DIAGNOSTIC_ONLY
market_ticks_intraday,receipt:market_ticks_intraday:provider:1ec1cfc920ff759c,2026-06-23T17:00:00Z,2026-06-23T17:00:44.911217Z,2026-06-23T17:00:44.911217Z,2026-06-23T17:00:44Z,2026-06-23T17:00:44Z,2026-06-23T17:00:44Z,2026-06-23T17:00:44Z,2026-06-23T17:00:45Z,DIAGNOSTIC_SOURCE_EVIDENCE_ONLY,AUDITED_DIAGNOSTIC_ONLY
market_ticks_intraday,receipt:market_ticks_intraday:2026-06-23T16:55:00Z,2026-06-23T16:55:00Z,2026-06-23T16:57:07.441674Z,2026-06-23T16:57:07.441674Z,2026-06-23T16:57:07Z,2026-06-23T16:57:07Z,2026-06-23T16:57:07Z,2026-06-23T16:57:07Z,2026-06-23T16:57:08Z,DIAGNOSTIC_SOURCE_EVIDENCE_ONLY,AUDITED_DIAGNOSTIC_ONLY
market_ticks_intraday,receipt:market_ticks_intraday:provider:c733a1510cee7ff5,2026-06-23T16:55:00Z,2026-06-23T16:56:00.596332Z,2026-06-23T16:56:00.596332Z,2026-06-23T16:56:00Z,2026-06-23T16:56:00Z,2026-06-23T16:56:00Z,2026-06-23T16:56:00Z,2026-06-23T16:56:01Z,DIAGNOSTIC_SOURCE_EVIDENCE_ONLY,AUDITED_DIAGNOSTIC_ONLY
market_ticks_intraday,receipt:market_ticks_intraday:2026-06-23T16:50:00Z,2026-06-23T16:50:00Z,2026-06-23T16:52:23.055598Z,2026-06-23T16:52:23.055598Z,2026-06-23T16:52:23Z,2026-06-23T16:52:23Z,2026-06-23T16:52:23Z,2026-06-23T16:52:23Z,2026-06-23T16:52:24Z,DIAGNOSTIC_SOURCE_EVIDENCE_ONLY,AUDITED_DIAGNOSTIC_ONLY
market_ticks_intraday,receipt:market_ticks_intraday:provider:78445b9173027b49,2026-06-23T16:50:00Z,2026-06-23T16:50:59.202779Z,2026-06-23T16:50:59.202779Z,2026-06-23T16:50:59Z,2026-06-23T16:50:59Z,2026-06-23T16:50:59Z,2026-06-23T16:50:59Z,2026-06-23T16:51:00Z,DIAGNOSTIC_SOURCE_EVIDENCE_ONLY,AUDITED_DIAGNOSTIC_ONLY
market_ticks_intraday,receipt:market_ticks_intraday:2026-06-23T16:45:00Z,2026-06-23T16:45:00Z,2026-06-23T16:47:19.374001Z,2026-06-23T16:47:19.374001Z,2026-06-23T16:47:19Z,2026-06-23T16:47:19Z,2026-06-23T16:47:19Z,2026-06-23T16:47:19Z,2026-06-23T16:47:20Z,DIAGNOSTIC_SOURCE_EVIDENCE_ONLY,AUDITED_DIAGNOSTIC_ONLY
market_ticks_intraday,receipt:market_ticks_intraday:provider:00774f597ecad848,2026-06-23T16:45:00Z,2026-06-23T16:46:13.487497Z,2026-06-23T16:46:13.487497Z,2026-06-23T16:46:13Z,2026-06-23T16:46:13Z,2026-06-23T16:46:13Z,2026-06-23T16:46:13Z,2026-06-23T16:46:14Z,DIAGNOSTIC_SOURCE_EVIDENCE_ONLY,AUDITED_DIAGNOSTIC_ONLY
market_ticks_intraday,receipt:market_ticks_intraday:2026-06-23T16:40:00Z,2026-06-23T16:40:00Z,2026-06-23T16:42:35.366732Z,2026-06-23T16:42:35.366732Z,2026-06-23T16:42:35Z,2026-06-23T16:42:35Z,2026-06-23T16:42:35Z,2026-06-23T16:42:35Z,2026-06-23T16:42:36Z,DIAGNOSTIC_SOURCE_EVIDENCE_ONLY,AUDITED_DIAGNOSTIC_ONLY
market_bars_5m,receipt:market_bars_5m:2026-06-24T00:45:00Z,2026-06-23T19:59:59Z,2026-06-24T00:47:31Z,2026-06-24T00:47:31Z,2026-06-24T00:47:31Z,2026-06-24T00:47:31Z,2026-06-24T00:47:31Z,2026-06-24T00:47:31Z,2026-06-24T00:47:32Z,DIAGNOSTIC_SOURCE_EVIDENCE_ONLY,AUDITED_DIAGNOSTIC_ONLY
market_bars_5m,receipt:market_bars_5m:provider:9b6d84fa750c0634,2026-06-23T19:55:00Z,2026-06-24T00:46:26.103626Z,2026-06-24T00:46:26.103626Z,2026-06-24T00:46:26Z,2026-06-24T00:46:26Z,2026-06-24T00:46:26Z,2026-06-24T00:46:26Z,2026-06-24T00:46:27Z,DIAGNOSTIC_SOURCE_EVIDENCE_ONLY,AUDITED_DIAGNOSTIC_ONLY
market_bars_5m,receipt:market_bars_5m:2026-06-24T00:40:00Z,2026-06-23T19:59:59Z,2026-06-24T00:42:50.122551Z,2026-06-24T00:42:50.122551Z,2026-06-24T00:42:50Z,2026-06-24T00:42:50Z,2026-06-24T00:42:50Z,2026-06-24T00:42:50Z,2026-06-24T00:42:51Z,DIAGNOSTIC_SOURCE_EVIDENCE_ONLY,AUDITED_DIAGNOSTIC_ONLY
market_bars_5m,receipt:market_bars_5m:provider:f357d33d63a87458,2026-06-23T19:55:00Z,2026-06-24T00:41:27.324167Z,2026-06-24T00:41:27.324167Z,2026-06-24T00:41:27Z,2026-06-24T00:41:27Z,2026-06-24T00:41:27Z,2026-06-24T00:41:27Z,2026-06-24T00:41:28Z,DIAGNOSTIC_SOURCE_EVIDENCE_ONLY,AUDITED_DIAGNOSTIC_ONLY
market_bars_5m,receipt:market_bars_5m:2026-06-24T00:35:00Z,2026-06-23T19:59:59Z,2026-06-24T00:37:50.464177Z,2026-06-24T00:37:50.464177Z,2026-06-24T00:37:50Z,2026-06-24T00:37:50Z,2026-06-24T00:37:50Z,2026-06-24T00:37:50Z,2026-06-24T00:37:51Z,DIAGNOSTIC_SOURCE_EVIDENCE_ONLY,AUDITED_DIAGNOSTIC_ONLY
market_bars_5m,receipt:market_bars_5m:provider:5b0e56a0081a5215,2026-06-23T19:55:00Z,2026-06-24T00:36:24.483621Z,2026-06-24T00:36:24.483621Z,2026-06-24T00:36:24Z,2026-06-24T00:36:24Z,2026-06-24T00:36:24Z,2026-06-24T00:36:24Z,2026-06-24T00:36:25Z,DIAGNOSTIC_SOURCE_EVIDENCE_ONLY,AUDITED_DIAGNOSTIC_ONLY
market_bars_5m,receipt:market_bars_5m:2026-06-24T00:30:00Z,2026-06-23T19:59:59Z,2026-06-24T00:32:47.212307Z,2026-06-24T00:32:47.212307Z,2026-06-24T00:32:47Z,2026-06-24T00:32:47Z,2026-06-24T00:32:47Z,2026-06-24T00:32:47Z,2026-06-24T00:32:48Z,DIAGNOSTIC_SOURCE_EVIDENCE_ONLY,AUDITED_DIAGNOSTIC_ONLY
market_bars_5m,receipt:market_bars_5m:provider:026c0f93e4133b46,2026-06-23T19:55:00Z,2026-06-24T00:31:09.596410Z,2026-06-24T00:31:09.596410Z,2026-06-24T00:31:09Z,2026-06-24T00:31:09Z,2026-06-24T00:31:09Z,2026-06-24T00:31:09Z,2026-06-24T00:31:10Z,DIAGNOSTIC_SOURCE_EVIDENCE_ONLY,AUDITED_DIAGNOSTIC_ONLY
market_bars_5m,receipt:market_bars_5m:2026-06-24T00:25:00Z,2026-06-23T19:59:59Z,2026-06-24T00:27:29.394640Z,2026-06-24T00:27:29.394640Z,2026-06-24T00:27:29Z,2026-06-24T00:27:29Z,2026-06-24T00:27:29Z,2026-06-24T00:27:29Z,2026-06-24T00:27:30Z,DIAGNOSTIC_SOURCE_EVIDENCE_ONLY,AUDITED_DIAGNOSTIC_ONLY
market_bars_5m,receipt:market_bars_5m:provider:cb9fb6637e3aeceb,2026-06-23T19:55:00Z,2026-06-24T00:26:23.561291Z,2026-06-24T00:26:23.561291Z,2026-06-24T00:26:23Z,2026-06-24T00:26:23Z,2026-06-24T00:26:23Z,2026-06-24T00:26:23Z,2026-06-24T00:26:24Z,DIAGNOSTIC_SOURCE_EVIDENCE_ONLY,AUDITED_DIAGNOSTIC_ONLY
market_bars_5m,receipt:market_bars_5m:2026-06-24T00:20:00Z,2026-06-23T19:59:59Z,2026-06-24T00:22:47.505152Z,2026-06-24T00:22:47.505152Z,2026-06-24T00:22:47Z,2026-06-24T00:22:47Z,2026-06-24T00:22:47Z,2026-06-24T00:22:47Z,2026-06-24T00:22:48Z,DIAGNOSTIC_SOURCE_EVIDENCE_ONLY,AUDITED_DIAGNOSTIC_ONLY
market_bars_5m,receipt:market_bars_5m:provider:683013c6eac8bfff,2026-06-23T19:55:00Z,2026-06-24T00:21:27.571152Z,2026-06-24T00:21:27.571152Z,2026-06-24T00:21:27Z,2026-06-24T00:21:27Z,2026-06-24T00:21:27Z,2026-06-24T00:21:27Z,2026-06-24T00:21:28Z,DIAGNOSTIC_SOURCE_EVIDENCE_ONLY,AUDITED_DIAGNOSTIC_ONLY
market_bars_5m,receipt:market_bars_5m:2026-06-24T00:15:00Z,2026-06-23T19:59:59Z,2026-06-24T00:16:51.032340Z,2026-06-24T00:16:51.032340Z,2026-06-24T00:16:51Z,2026-06-24T00:16:51Z,2026-06-24T00:16:51Z,2026-06-24T00:16:51Z,2026-06-24T00:16:52Z,DIAGNOSTIC_SOURCE_EVIDENCE_ONLY,AUDITED_DIAGNOSTIC_ONLY
market_bars_5m,receipt:market_bars_5m:provider:78c3b5115edc6784,2026-06-23T19:55:00Z,2026-06-24T00:15:46.531859Z,2026-06-24T00:15:46.531859Z,2026-06-24T00:15:46Z,2026-06-24T00:15:46Z,2026-06-24T00:15:46Z,2026-06-24T00:15:46Z,2026-06-24T00:15:47Z,DIAGNOSTIC_SOURCE_EVIDENCE_ONLY,AUDITED_DIAGNOSTIC_ONLY
market_bars_5m,receipt:market_bars_5m:2026-06-24T00:10:00Z,2026-06-23T19:59:59Z,2026-06-24T00:13:11.172868Z,2026-06-24T00:13:11.172868Z,2026-06-24T00:13:11Z,2026-06-24T00:13:11Z,2026-06-24T00:13:11Z,2026-06-24T00:13:11Z,2026-06-24T00:13:12Z,DIAGNOSTIC_SOURCE_EVIDENCE_ONLY,AUDITED_DIAGNOSTIC_ONLY
market_bars_5m,receipt:market_bars_5m:provider:3c1547850e1a8222,2026-06-23T19:55:00Z,2026-06-24T00:11:33.498415Z,2026-06-24T00:11:33.498415Z,2026-06-24T00:11:33Z,2026-06-24T00:11:33Z,2026-06-24T00:11:33Z,2026-06-24T00:11:33Z,2026-06-24T00:11:34Z,DIAGNOSTIC_SOURCE_EVIDENCE_ONLY,AUDITED_DIAGNOSTIC_ONLY
market_bars_5m,receipt:market_bars_5m:2026-06-24T00:05:00Z,2026-06-23T19:59:59Z,2026-06-24T00:07:56.577530Z,2026-06-24T00:07:56.577530Z,2026-06-24T00:07:56Z,2026-06-24T00:07:56Z,2026-06-24T00:07:56Z,2026-06-24T00:07:56Z,2026-06-24T00:07:57Z,DIAGNOSTIC_SOURCE_EVIDENCE_ONLY,AUDITED_DIAGNOSTIC_ONLY
market_bars_5m,receipt:market_bars_5m:provider:81ba63fddd341515,2026-06-23T19:55:00Z,2026-06-24T00:06:22.480691Z,2026-06-24T00:06:22.480691Z,2026-06-24T00:06:22Z,2026-06-24T00:06:22Z,2026-06-24T00:06:22Z,2026-06-24T00:06:22Z,2026-06-24T00:06:23Z,DIAGNOSTIC_SOURCE_EVIDENCE_ONLY,AUDITED_DIAGNOSTIC_ONLY
market_bars_5m,receipt:market_bars_5m:2026-06-24T00:00:00Z,2026-06-23T19:59:59Z,2026-06-24T00:04:47.691021Z,2026-06-24T00:04:47.691021Z,2026-06-24T00:04:47Z,2026-06-24T00:04:47Z,2026-06-24T00:04:47Z,2026-06-24T00:04:47Z,2026-06-24T00:04:48Z,DIAGNOSTIC_SOURCE_EVIDENCE_ONLY,AUDITED_DIAGNOSTIC_ONLY
market_bars_5m,receipt:market_bars_5m:provider:10bc60a8e1bde3cf,2026-06-23T19:55:00Z,2026-06-24T00:01:07.507395Z,2026-06-24T00:01:07.507395Z,2026-06-24T00:01:07Z,2026-06-24T00:01:07Z,2026-06-24T00:01:07Z,2026-06-24T00:01:07Z,2026-06-24T00:01:08Z,DIAGNOSTIC_SOURCE_EVIDENCE_ONLY,AUDITED_DIAGNOSTIC_ONLY
market_bars_5m,receipt:market_bars_5m:2026-06-23T23:55:00Z,2026-06-23T19:59:59Z,2026-06-23T23:57:31.370546Z,2026-06-23T23:57:31.370546Z,2026-06-23T23:57:31Z,2026-06-23T23:57:31Z,2026-06-23T23:57:31Z,2026-06-23T23:57:31Z,2026-06-23T23:57:32Z,DIAGNOSTIC_SOURCE_EVIDENCE_ONLY,AUDITED_DIAGNOSTIC_ONLY
market_bars_5m,receipt:market_bars_5m:provider:09a61e1682837151,2026-06-23T19:55:00Z,2026-06-23T23:56:22.343782Z,2026-06-23T23:56:22.343782Z,2026-06-23T23:56:22Z,2026-06-23T23:56:22Z,2026-06-23T23:56:22Z,2026-06-23T23:56:22Z,2026-06-23T23:56:23Z,DIAGNOSTIC_SOURCE_EVIDENCE_ONLY,AUDITED_DIAGNOSTIC_ONLY
market_bars_5m,receipt:market_bars_5m:2026-06-23T23:50:00Z,2026-06-23T19:59:59Z,2026-06-23T23:52:45.766717Z,2026-06-23T23:52:45.766717Z,2026-06-23T23:52:45Z,2026-06-23T23:52:45Z,2026-06-23T23:52:45Z,2026-06-23T23:52:45Z,2026-06-23T23:52:46Z,DIAGNOSTIC_SOURCE_EVIDENCE_ONLY,AUDITED_DIAGNOSTIC_ONLY
market_bars_5m,receipt:market_bars_5m:provider:6b1dbdb13924aa7d,2026-06-23T19:55:00Z,2026-06-23T23:51:29.254641Z,2026-06-23T23:51:29.254641Z,2026-06-23T23:51:29Z,2026-06-23T23:51:29Z,2026-06-23T23:51:29Z,2026-06-23T23:51:29Z,2026-06-23T23:51:30Z,DIAGNOSTIC_SOURCE_EVIDENCE_ONLY,AUDITED_DIAGNOSTIC_ONLY
market_bars_5m,receipt:market_bars_5m:2026-06-23T23:45:00Z,2026-06-23T19:59:59Z,2026-06-23T23:46:45.881769Z,2026-06-23T23:46:45.881769Z,2026-06-23T23:46:45Z,2026-06-23T23:46:45Z,2026-06-23T23:46:45Z,2026-06-23T23:46:45Z,2026-06-23T23:46:46Z,DIAGNOSTIC_SOURCE_EVIDENCE_ONLY,AUDITED_DIAGNOSTIC_ONLY
market_bars_5m,receipt:market_bars_5m:provider:1d53ed8783de3820,2026-06-23T19:55:00Z,2026-06-23T23:45:37.845049Z,2026-06-23T23:45:37.845049Z,2026-06-23T23:45:37Z,2026-06-23T23:45:37Z,2026-06-23T23:45:37Z,2026-06-23T23:45:37Z,2026-06-23T23:45:38Z,DIAGNOSTIC_SOURCE_EVIDENCE_ONLY,AUDITED_DIAGNOSTIC_ONLY
market_bars_5m,receipt:market_bars_5m:2026-06-23T23:40:00Z,2026-06-23T19:59:59Z,2026-06-23T23:42:00.750027Z,2026-06-23T23:42:00.750027Z,2026-06-23T23:42:00Z,2026-06-23T23:42:00Z,2026-06-23T23:42:00Z,2026-06-23T23:42:00Z,2026-06-23T23:42:01Z,DIAGNOSTIC_SOURCE_EVIDENCE_ONLY,AUDITED_DIAGNOSTIC_ONLY
market_bars_5m,receipt:market_bars_5m:provider:3dc9e4deecee884c,2026-06-23T19:55:00Z,2026-06-23T23:40:41.993345Z,2026-06-23T23:40:41.993345Z,2026-06-23T23:40:41Z,2026-06-23T23:40:41Z,2026-06-23T23:40:41Z,2026-06-23T23:40:41Z,2026-06-23T23:40:42Z,DIAGNOSTIC_SOURCE_EVIDENCE_ONLY,AUDITED_DIAGNOSTIC_ONLY
market_bars_5m,receipt:market_bars_5m:2026-06-23T23:35:00Z,2026-06-23T19:59:59Z,2026-06-23T23:37:07.985612Z,2026-06-23T23:37:07.985612Z,2026-06-23T23:37:07Z,2026-06-23T23:37:07Z,2026-06-23T23:37:07Z,2026-06-23T23:37:07Z,2026-06-23T23:37:08Z,DIAGNOSTIC_SOURCE_EVIDENCE_ONLY,AUDITED_DIAGNOSTIC_ONLY
market_bars_5m,receipt:market_bars_5m:provider:b130154c504e310e,2026-06-23T19:55:00Z,2026-06-23T23:36:05.701783Z,2026-06-23T23:36:05.701783Z,2026-06-23T23:36:05Z,2026-06-23T23:36:05Z,2026-06-23T23:36:05Z,2026-06-23T23:36:05Z,2026-06-23T23:36:06Z,DIAGNOSTIC_SOURCE_EVIDENCE_ONLY,AUDITED_DIAGNOSTIC_ONLY
market_bars_5m,receipt:market_bars_5m:2026-06-23T23:30:00Z,2026-06-23T19:59:59Z,2026-06-23T23:32:30.337422Z,2026-06-23T23:32:30.337422Z,2026-06-23T23:32:30Z,2026-06-23T23:32:30Z,2026-06-23T23:32:30Z,2026-06-23T23:32:30Z,2026-06-23T23:32:31Z,DIAGNOSTIC_SOURCE_EVIDENCE_ONLY,AUDITED_DIAGNOSTIC_ONLY
market_bars_5m,receipt:market_bars_5m:provider:cdc413d7c9d8472d,2026-06-23T19:55:00Z,2026-06-23T23:31:05.880483Z,2026-06-23T23:31:05.880483Z,2026-06-23T23:31:05Z,2026-06-23T23:31:05Z,2026-06-23T23:31:05Z,2026-06-23T23:31:05Z,2026-06-23T23:31:06Z,DIAGNOSTIC_SOURCE_EVIDENCE_ONLY,AUDITED_DIAGNOSTIC_ONLY
market_bars_5m,receipt:market_bars_5m:2026-06-23T23:25:00Z,2026-06-23T19:59:59Z,2026-06-23T23:27:25.624619Z,2026-06-23T23:27:25.624619Z,2026-06-23T23:27:25Z,2026-06-23T23:27:25Z,2026-06-23T23:27:25Z,2026-06-23T23:27:25Z,2026-06-23T23:27:26Z,DIAGNOSTIC_SOURCE_EVIDENCE_ONLY,AUDITED_DIAGNOSTIC_ONLY
market_bars_5m,receipt:market_bars_5m:provider:ccd7e07e18fe35f9,2026-06-23T19:55:00Z,2026-06-23T23:26:19.168045Z,2026-06-23T23:26:19.168045Z,2026-06-23T23:26:19Z,2026-06-23T23:26:19Z,2026-06-23T23:26:19Z,2026-06-23T23:26:19Z,2026-06-23T23:26:20Z,DIAGNOSTIC_SOURCE_EVIDENCE_ONLY,AUDITED_DIAGNOSTIC_ONLY
market_bars_5m,receipt:market_bars_5m:2026-06-23T23:20:00Z,2026-06-23T19:59:59Z,2026-06-23T23:22:42.521585Z,2026-06-23T23:22:42.521585Z,2026-06-23T23:22:42Z,2026-06-23T23:22:42Z,2026-06-23T23:22:42Z,2026-06-23T23:22:42Z,2026-06-23T23:22:43Z,DIAGNOSTIC_SOURCE_EVIDENCE_ONLY,AUDITED_DIAGNOSTIC_ONLY
market_bars_5m,receipt:market_bars_5m:provider:0b45ec5227611ca3,2026-06-23T19:55:00Z,2026-06-23T23:21:27.753117Z,2026-06-23T23:21:27.753117Z,2026-06-23T23:21:27Z,2026-06-23T23:21:27Z,2026-06-23T23:21:27Z,2026-06-23T23:21:27Z,2026-06-23T23:21:28Z,DIAGNOSTIC_SOURCE_EVIDENCE_ONLY,AUDITED_DIAGNOSTIC_ONLY
market_bars_5m,receipt:market_bars_5m:2026-06-23T23:15:00Z,2026-06-23T19:59:59Z,2026-06-23T23:16:52.720310Z,2026-06-23T23:16:52.720310Z,2026-06-23T23:16:52Z,2026-06-23T23:16:52Z,2026-06-23T23:16:52Z,2026-06-23T23:16:52Z,2026-06-23T23:16:53Z,DIAGNOSTIC_SOURCE_EVIDENCE_ONLY,AUDITED_DIAGNOSTIC_ONLY
market_bars_5m,receipt:market_bars_5m:provider:a5bdc744b41fadac,2026-06-23T19:55:00Z,2026-06-23T23:15:50.119271Z,2026-06-23T23:15:50.119271Z,2026-06-23T23:15:50Z,2026-06-23T23:15:50Z,2026-06-23T23:15:50Z,2026-06-23T23:15:50Z,2026-06-23T23:15:51Z,DIAGNOSTIC_SOURCE_EVIDENCE_ONLY,AUDITED_DIAGNOSTIC_ONLY
market_bars_5m,receipt:market_bars_5m:2026-06-23T23:10:00Z,2026-06-23T19:59:59Z,2026-06-23T23:12:14.925493Z,2026-06-23T23:12:14.925493Z,2026-06-23T23:12:14Z,2026-06-23T23:12:14Z,2026-06-23T23:12:14Z,2026-06-23T23:12:14Z,2026-06-23T23:12:15Z,DIAGNOSTIC_SOURCE_EVIDENCE_ONLY,AUDITED_DIAGNOSTIC_ONLY
market_bars_5m,receipt:market_bars_5m:provider:409e6d1ffab7db1d,2026-06-23T19:55:00Z,2026-06-23T23:10:56.913754Z,2026-06-23T23:10:56.913754Z,2026-06-23T23:10:56Z,2026-06-23T23:10:56Z,2026-06-23T23:10:56Z,2026-06-23T23:10:56Z,2026-06-23T23:10:57Z,DIAGNOSTIC_SOURCE_EVIDENCE_ONLY,AUDITED_DIAGNOSTIC_ONLY
market_bars_5m,receipt:market_bars_5m:2026-06-23T23:05:00Z,2026-06-23T19:59:59Z,2026-06-23T23:07:21.159022Z,2026-06-23T23:07:21.159022Z,2026-06-23T23:07:21Z,2026-06-23T23:07:21Z,2026-06-23T23:07:21Z,2026-06-23T23:07:21Z,2026-06-23T23:07:22Z,DIAGNOSTIC_SOURCE_EVIDENCE_ONLY,AUDITED_DIAGNOSTIC_ONLY
market_bars_5m,receipt:market_bars_5m:provider:ed1633440eb49552,2026-06-23T19:55:00Z,2026-06-23T23:06:18.324020Z,2026-06-23T23:06:18.324020Z,2026-06-23T23:06:18Z,2026-06-23T23:06:18Z,2026-06-23T23:06:18Z,2026-06-23T23:06:18Z,2026-06-23T23:06:19Z,DIAGNOSTIC_SOURCE_EVIDENCE_ONLY,AUDITED_DIAGNOSTIC_ONLY
market_bars_5m,receipt:market_bars_5m:2026-06-23T23:00:00Z,2026-06-23T19:59:59Z,2026-06-23T23:03:43.657561Z,2026-06-23T23:03:43.657561Z,2026-06-23T23:03:43Z,2026-06-23T23:03:43Z,2026-06-23T23:03:43Z,2026-06-23T23:03:43Z,2026-06-23T23:03:44Z,DIAGNOSTIC_SOURCE_EVIDENCE_ONLY,AUDITED_DIAGNOSTIC_ONLY
market_bars_5m,receipt:market_bars_5m:provider:5e259772ff2cc498,2026-06-23T19:55:00Z,2026-06-23T23:01:23.399042Z,2026-06-23T23:01:23.399042Z,2026-06-23T23:01:23Z,2026-06-23T23:01:23Z,2026-06-23T23:01:23Z,2026-06-23T23:01:23Z,2026-06-23T23:01:24Z,DIAGNOSTIC_SOURCE_EVIDENCE_ONLY,AUDITED_DIAGNOSTIC_ONLY
market_bars_5m,receipt:market_bars_5m:2026-06-23T22:55:00Z,2026-06-23T19:59:59Z,2026-06-23T22:57:47.383923Z,2026-06-23T22:57:47.383923Z,2026-06-23T22:57:47Z,2026-06-23T22:57:47Z,2026-06-23T22:57:47Z,2026-06-23T22:57:47Z,2026-06-23T22:57:48Z,DIAGNOSTIC_SOURCE_EVIDENCE_ONLY,AUDITED_DIAGNOSTIC_ONLY
market_bars_5m,receipt:market_bars_5m:provider:38a64e068e86104f,2026-06-23T19:55:00Z,2026-06-23T22:56:31.830636Z,2026-06-23T22:56:31.830636Z,2026-06-23T22:56:31Z,2026-06-23T22:56:31Z,2026-06-23T22:56:31Z,2026-06-23T22:56:31Z,2026-06-23T22:56:32Z,DIAGNOSTIC_SOURCE_EVIDENCE_ONLY,AUDITED_DIAGNOSTIC_ONLY
market_bars_5m,receipt:market_bars_5m:2026-06-23T22:50:00Z,2026-06-23T19:59:59Z,2026-06-23T22:51:57.705404Z,2026-06-23T22:51:57.705404Z,2026-06-23T22:51:57Z,2026-06-23T22:51:57Z,2026-06-23T22:51:57Z,2026-06-23T22:51:57Z,2026-06-23T22:51:58Z,DIAGNOSTIC_SOURCE_EVIDENCE_ONLY,AUDITED_DIAGNOSTIC_ONLY
market_bars_5m,receipt:market_bars_5m:provider:e35996fb4f216e0b,2026-06-23T19:55:00Z,2026-06-23T22:50:38.397779Z,2026-06-23T22:50:38.397779Z,2026-06-23T22:50:38Z,2026-06-23T22:50:38Z,2026-06-23T22:50:38Z,2026-06-23T22:50:38Z,2026-06-23T22:50:39Z,DIAGNOSTIC_SOURCE_EVIDENCE_ONLY,AUDITED_DIAGNOSTIC_ONLY
market_bars_5m,receipt:market_bars_5m:2026-06-23T22:45:00Z,2026-06-23T19:59:59Z,2026-06-23T22:47:01.520619Z,2026-06-23T22:47:01.520619Z,2026-06-23T22:47:01Z,2026-06-23T22:47:01Z,2026-06-23T22:47:01Z,2026-06-23T22:47:01Z,2026-06-23T22:47:02Z,DIAGNOSTIC_SOURCE_EVIDENCE_ONLY,AUDITED_DIAGNOSTIC_ONLY
market_bars_5m,receipt:market_bars_5m:provider:6903cebbce7c3513,2026-06-23T19:55:00Z,2026-06-23T22:45:58.574189Z,2026-06-23T22:45:58.574189Z,2026-06-23T22:45:58Z,2026-06-23T22:45:58Z,2026-06-23T22:45:58Z,2026-06-23T22:45:58Z,2026-06-23T22:45:59Z,DIAGNOSTIC_SOURCE_EVIDENCE_ONLY,AUDITED_DIAGNOSTIC_ONLY
market_bars_5m,receipt:market_bars_5m:2026-06-23T22:40:00Z,2026-06-23T19:59:59Z,2026-06-23T22:42:21.579416Z,2026-06-23T22:42:21.579416Z,2026-06-23T22:42:21Z,2026-06-23T22:42:21Z,2026-06-23T22:42:21Z,2026-06-23T22:42:21Z,2026-06-23T22:42:22Z,DIAGNOSTIC_SOURCE_EVIDENCE_ONLY,AUDITED_DIAGNOSTIC_ONLY
market_bars_5m,receipt:market_bars_5m:provider:03c9af1e680535b6,2026-06-23T19:55:00Z,2026-06-23T22:41:02.011732Z,2026-06-23T22:41:02.011732Z,2026-06-23T22:41:02Z,2026-06-23T22:41:02Z,2026-06-23T22:41:02Z,2026-06-23T22:41:02Z,2026-06-23T22:41:03Z,DIAGNOSTIC_SOURCE_EVIDENCE_ONLY,AUDITED_DIAGNOSTIC_ONLY
market_bars_5m,receipt:market_bars_5m:2026-06-23T22:35:00Z,2026-06-23T19:59:59Z,2026-06-23T22:37:25.401277Z,2026-06-23T22:37:25.401277Z,2026-06-23T22:37:25Z,2026-06-23T22:37:25Z,2026-06-23T22:37:25Z,2026-06-23T22:37:25Z,2026-06-23T22:37:26Z,DIAGNOSTIC_SOURCE_EVIDENCE_ONLY,AUDITED_DIAGNOSTIC_ONLY
market_bars_5m,receipt:market_bars_5m:provider:a95f4588c6625d51,2026-06-23T19:55:00Z,2026-06-23T22:36:04.014118Z,2026-06-23T22:36:04.014118Z,2026-06-23T22:36:04Z,2026-06-23T22:36:04Z,2026-06-23T22:36:04Z,2026-06-23T22:36:04Z,2026-06-23T22:36:05Z,DIAGNOSTIC_SOURCE_EVIDENCE_ONLY,AUDITED_DIAGNOSTIC_ONLY
market_bars_5m,receipt:market_bars_5m:2026-06-23T22:30:00Z,2026-06-23T19:59:59Z,2026-06-23T22:32:25.604204Z,2026-06-23T22:32:25.604204Z,2026-06-23T22:32:25Z,2026-06-23T22:32:25Z,2026-06-23T22:32:25Z,2026-06-23T22:32:25Z,2026-06-23T22:32:26Z,DIAGNOSTIC_SOURCE_EVIDENCE_ONLY,AUDITED_DIAGNOSTIC_ONLY
market_bars_5m,receipt:market_bars_5m:provider:33291713b94f476d,2026-06-23T19:55:00Z,2026-06-23T22:31:22.054662Z,2026-06-23T22:31:22.054662Z,2026-06-23T22:31:22Z,2026-06-23T22:31:22Z,2026-06-23T22:31:22Z,2026-06-23T22:31:22Z,2026-06-23T22:31:23Z,DIAGNOSTIC_SOURCE_EVIDENCE_ONLY,AUDITED_DIAGNOSTIC_ONLY
market_bars_5m,receipt:market_bars_5m:2026-06-23T22:25:00Z,2026-06-23T19:59:59Z,2026-06-23T22:27:45.918919Z,2026-06-23T22:27:45.918919Z,2026-06-23T22:27:45Z,2026-06-23T22:27:45Z,2026-06-23T22:27:45Z,2026-06-23T22:27:45Z,2026-06-23T22:27:46Z,DIAGNOSTIC_SOURCE_EVIDENCE_ONLY,AUDITED_DIAGNOSTIC_ONLY
market_bars_5m,receipt:market_bars_5m:provider:dfea81c6cbfc54f8,2026-06-23T19:55:00Z,2026-06-23T22:26:26.314472Z,2026-06-23T22:26:26.314472Z,2026-06-23T22:26:26Z,2026-06-23T22:26:26Z,2026-06-23T22:26:26Z,2026-06-23T22:26:26Z,2026-06-23T22:26:27Z,DIAGNOSTIC_SOURCE_EVIDENCE_ONLY,AUDITED_DIAGNOSTIC_ONLY
market_bars_5m,receipt:market_bars_5m:2026-06-23T22:20:00Z,2026-06-23T19:59:59Z,2026-06-23T22:21:52.706410Z,2026-06-23T22:21:52.706410Z,2026-06-23T22:21:52Z,2026-06-23T22:21:52Z,2026-06-23T22:21:52Z,2026-06-23T22:21:52Z,2026-06-23T22:21:53Z,DIAGNOSTIC_SOURCE_EVIDENCE_ONLY,AUDITED_DIAGNOSTIC_ONLY
market_bars_5m,receipt:market_bars_5m:provider:b1573d07e4fc68cf,2026-06-23T19:55:00Z,2026-06-23T22:20:35.720528Z,2026-06-23T22:20:35.720528Z,2026-06-23T22:20:35Z,2026-06-23T22:20:35Z,2026-06-23T22:20:35Z,2026-06-23T22:20:35Z,2026-06-23T22:20:36Z,DIAGNOSTIC_SOURCE_EVIDENCE_ONLY,AUDITED_DIAGNOSTIC_ONLY
market_bars_5m,receipt:market_bars_5m:2026-06-23T22:15:00Z,2026-06-23T19:59:59Z,2026-06-23T22:18:00.357875Z,2026-06-23T22:18:00.357875Z,2026-06-23T22:18:00Z,2026-06-23T22:18:00Z,2026-06-23T22:18:00Z,2026-06-23T22:18:00Z,2026-06-23T22:18:01Z,DIAGNOSTIC_SOURCE_EVIDENCE_ONLY,AUDITED_DIAGNOSTIC_ONLY
market_bars_5m,receipt:market_bars_5m:provider:63770e876860c11b,2026-06-23T19:55:00Z,2026-06-23T22:16:27.710677Z,2026-06-23T22:16:27.710677Z,2026-06-23T22:16:27Z,2026-06-23T22:16:27Z,2026-06-23T22:16:27Z,2026-06-23T22:16:27Z,2026-06-23T22:16:28Z,DIAGNOSTIC_SOURCE_EVIDENCE_ONLY,AUDITED_DIAGNOSTIC_ONLY
market_bars_5m,receipt:market_bars_5m:2026-06-23T22:10:00Z,2026-06-23T19:59:59Z,2026-06-23T22:11:54.076534Z,2026-06-23T22:11:54.076534Z,2026-06-23T22:11:54Z,2026-06-23T22:11:54Z,2026-06-23T22:11:54Z,2026-06-23T22:11:54Z,2026-06-23T22:11:55Z,DIAGNOSTIC_SOURCE_EVIDENCE_ONLY,AUDITED_DIAGNOSTIC_ONLY
market_bars_5m,receipt:market_bars_5m:provider:76ad2de96d0277d4,2026-06-23T19:55:00Z,2026-06-23T22:10:50.289713Z,2026-06-23T22:10:50.289713Z,2026-06-23T22:10:50Z,2026-06-23T22:10:50Z,2026-06-23T22:10:50Z,2026-06-23T22:10:50Z,2026-06-23T22:10:51Z,DIAGNOSTIC_SOURCE_EVIDENCE_ONLY,AUDITED_DIAGNOSTIC_ONLY
market_bars_5m,receipt:market_bars_5m:2026-06-23T22:05:00Z,2026-06-23T19:59:59Z,2026-06-23T22:07:09.313177Z,2026-06-23T22:07:09.313177Z,2026-06-23T22:07:09Z,2026-06-23T22:07:09Z,2026-06-23T22:07:09Z,2026-06-23T22:07:09Z,2026-06-23T22:07:10Z,DIAGNOSTIC_SOURCE_EVIDENCE_ONLY,AUDITED_DIAGNOSTIC_ONLY
market_bars_5m,receipt:market_bars_5m:provider:5e2d3d93552600d3,2026-06-23T19:55:00Z,2026-06-23T22:05:50.169681Z,2026-06-23T22:05:50.169681Z,2026-06-23T22:05:50Z,2026-06-23T22:05:50Z,2026-06-23T22:05:50Z,2026-06-23T22:05:50Z,2026-06-23T22:05:51Z,DIAGNOSTIC_SOURCE_EVIDENCE_ONLY,AUDITED_DIAGNOSTIC_ONLY
market_bars_5m,receipt:market_bars_5m:2026-06-23T22:00:00Z,2026-06-23T19:59:59Z,2026-06-23T22:03:16.388682Z,2026-06-23T22:03:16.388682Z,2026-06-23T22:03:16Z,2026-06-23T22:03:16Z,2026-06-23T22:03:16Z,2026-06-23T22:03:16Z,2026-06-23T22:03:17Z,DIAGNOSTIC_SOURCE_EVIDENCE_ONLY,AUDITED_DIAGNOSTIC_ONLY
market_bars_5m,receipt:market_bars_5m:provider:64d1a36a8db74bf2,2026-06-23T19:55:00Z,2026-06-23T22:01:54.853300Z,2026-06-23T22:01:54.853300Z,2026-06-23T22:01:54Z,2026-06-23T22:01:54Z,2026-06-23T22:01:54Z,2026-06-23T22:01:54Z,2026-06-23T22:01:55Z,DIAGNOSTIC_SOURCE_EVIDENCE_ONLY,AUDITED_DIAGNOSTIC_ONLY
market_bars_5m,receipt:market_bars_5m:provider:de635d7b566103f7,2026-06-23T19:55:00Z,2026-06-23T22:00:37.852728Z,2026-06-23T22:00:37.852728Z,2026-06-23T22:00:37Z,2026-06-23T22:00:37Z,2026-06-23T22:00:37Z,2026-06-23T22:00:37Z,2026-06-23T22:00:38Z,DIAGNOSTIC_SOURCE_EVIDENCE_ONLY,AUDITED_DIAGNOSTIC_ONLY
market_bars_5m,receipt:market_bars_5m:2026-06-23T21:55:00Z,2026-06-23T19:59:59Z,2026-06-23T21:57:02.421941Z,2026-06-23T21:57:02.421941Z,2026-06-23T21:57:02Z,2026-06-23T21:57:02Z,2026-06-23T21:57:02Z,2026-06-23T21:57:02Z,2026-06-23T21:57:03Z,DIAGNOSTIC_SOURCE_EVIDENCE_ONLY,AUDITED_DIAGNOSTIC_ONLY
market_bars_5m,receipt:market_bars_5m:provider:ec9579b376aa924e,2026-06-23T19:55:00Z,2026-06-23T21:55:42.045127Z,2026-06-23T21:55:42.045127Z,2026-06-23T21:55:42Z,2026-06-23T21:55:42Z,2026-06-23T21:55:42Z,2026-06-23T21:55:42Z,2026-06-23T21:55:43Z,DIAGNOSTIC_SOURCE_EVIDENCE_ONLY,AUDITED_DIAGNOSTIC_ONLY
market_bars_5m,receipt:market_bars_5m:2026-06-23T21:50:00Z,2026-06-23T19:59:59Z,2026-06-23T21:52:07.111904Z,2026-06-23T21:52:07.111904Z,2026-06-23T21:52:07Z,2026-06-23T21:52:07Z,2026-06-23T21:52:07Z,2026-06-23T21:52:07Z,2026-06-23T21:52:08Z,DIAGNOSTIC_SOURCE_EVIDENCE_ONLY,AUDITED_DIAGNOSTIC_ONLY
market_bars_5m,receipt:market_bars_5m:provider:f353b7e9e04d9d1b,2026-06-23T19:55:00Z,2026-06-23T21:50:47.185364Z,2026-06-23T21:50:47.185364Z,2026-06-23T21:50:47Z,2026-06-23T21:50:47Z,2026-06-23T21:50:47Z,2026-06-23T21:50:47Z,2026-06-23T21:50:48Z,DIAGNOSTIC_SOURCE_EVIDENCE_ONLY,AUDITED_DIAGNOSTIC_ONLY
market_bars_5m,receipt:market_bars_5m:2026-06-23T21:45:00Z,2026-06-23T19:59:59Z,2026-06-23T21:47:12.769447Z,2026-06-23T21:47:12.769447Z,2026-06-23T21:47:12Z,2026-06-23T21:47:12Z,2026-06-23T21:47:12Z,2026-06-23T21:47:12Z,2026-06-23T21:47:13Z,DIAGNOSTIC_SOURCE_EVIDENCE_ONLY,AUDITED_DIAGNOSTIC_ONLY
market_bars_5m,receipt:market_bars_5m:provider:e8ef58c3862f85f5,2026-06-23T19:55:00Z,2026-06-23T21:45:56.875116Z,2026-06-23T21:45:56.875116Z,2026-06-23T21:45:56Z,2026-06-23T21:45:56Z,2026-06-23T21:45:56Z,2026-06-23T21:45:56Z,2026-06-23T21:45:57Z,DIAGNOSTIC_SOURCE_EVIDENCE_ONLY,AUDITED_DIAGNOSTIC_ONLY
market_bars_5m,receipt:market_bars_5m:2026-06-23T21:40:00Z,2026-06-23T19:59:59Z,2026-06-23T21:42:23.139830Z,2026-06-23T21:42:23.139830Z,2026-06-23T21:42:23Z,2026-06-23T21:42:23Z,2026-06-23T21:42:23Z,2026-06-23T21:42:23Z,2026-06-23T21:42:24Z,DIAGNOSTIC_SOURCE_EVIDENCE_ONLY,AUDITED_DIAGNOSTIC_ONLY
market_bars_5m,receipt:market_bars_5m:provider:2a81b50f2980d86e,2026-06-23T19:55:00Z,2026-06-23T21:41:04.460869Z,2026-06-23T21:41:04.460869Z,2026-06-23T21:41:04Z,2026-06-23T21:41:04Z,2026-06-23T21:41:04Z,2026-06-23T21:41:04Z,2026-06-23T21:41:05Z,DIAGNOSTIC_SOURCE_EVIDENCE_ONLY,AUDITED_DIAGNOSTIC_ONLY
market_bars_5m,receipt:market_bars_5m:2026-06-23T21:35:00Z,2026-06-23T19:59:59Z,2026-06-23T21:37:30.115561Z,2026-06-23T21:37:30.115561Z,2026-06-23T21:37:30Z,2026-06-23T21:37:30Z,2026-06-23T21:37:30Z,2026-06-23T21:37:30Z,2026-06-23T21:37:31Z,DIAGNOSTIC_SOURCE_EVIDENCE_ONLY,AUDITED_DIAGNOSTIC_ONLY
market_bars_5m,receipt:market_bars_5m:provider:f78d4fc47426edc9,2026-06-23T19:55:00Z,2026-06-23T21:36:04.229590Z,2026-06-23T21:36:04.229590Z,2026-06-23T21:36:04Z,2026-06-23T21:36:04Z,2026-06-23T21:36:04Z,2026-06-23T21:36:04Z,2026-06-23T21:36:05Z,DIAGNOSTIC_SOURCE_EVIDENCE_ONLY,AUDITED_DIAGNOSTIC_ONLY
market_bars_5m,receipt:market_bars_5m:2026-06-23T21:30:00Z,2026-06-23T19:59:59Z,2026-06-23T21:32:30.543400Z,2026-06-23T21:32:30.543400Z,2026-06-23T21:32:30Z,2026-06-23T21:32:30Z,2026-06-23T21:32:30Z,2026-06-23T21:32:30Z,2026-06-23T21:32:31Z,DIAGNOSTIC_SOURCE_EVIDENCE_ONLY,AUDITED_DIAGNOSTIC_ONLY
market_bars_5m,receipt:market_bars_5m:provider:5ef22fe1a8fe646b,2026-06-23T19:55:00Z,2026-06-23T21:31:05.388106Z,2026-06-23T21:31:05.388106Z,2026-06-23T21:31:05Z,2026-06-23T21:31:05Z,2026-06-23T21:31:05Z,2026-06-23T21:31:05Z,2026-06-23T21:31:06Z,DIAGNOSTIC_SOURCE_EVIDENCE_ONLY,AUDITED_DIAGNOSTIC_ONLY
market_bars_5m,receipt:market_bars_5m:2026-06-23T21:25:00Z,2026-06-23T19:59:59Z,2026-06-23T21:27:31.313074Z,2026-06-23T21:27:31.313074Z,2026-06-23T21:27:31Z,2026-06-23T21:27:31Z,2026-06-23T21:27:31Z,2026-06-23T21:27:31Z,2026-06-23T21:27:32Z,DIAGNOSTIC_SOURCE_EVIDENCE_ONLY,AUDITED_DIAGNOSTIC_ONLY
market_bars_5m,receipt:market_bars_5m:provider:4c4ae4a3f7768a39,2026-06-23T19:55:00Z,2026-06-23T21:26:28.150258Z,2026-06-23T21:26:28.150258Z,2026-06-23T21:26:28Z,2026-06-23T21:26:28Z,2026-06-23T21:26:28Z,2026-06-23T21:26:28Z,2026-06-23T21:26:29Z,DIAGNOSTIC_SOURCE_EVIDENCE_ONLY,AUDITED_DIAGNOSTIC_ONLY
market_bars_5m,receipt:market_bars_5m:2026-06-23T21:20:00Z,2026-06-23T19:59:59Z,2026-06-23T21:22:54.236172Z,2026-06-23T21:22:54.236172Z,2026-06-23T21:22:54Z,2026-06-23T21:22:54Z,2026-06-23T21:22:54Z,2026-06-23T21:22:54Z,2026-06-23T21:22:55Z,DIAGNOSTIC_SOURCE_EVIDENCE_ONLY,AUDITED_DIAGNOSTIC_ONLY
market_bars_5m,receipt:market_bars_5m:provider:cd393bd172779e0b,2026-06-23T19:55:00Z,2026-06-23T21:21:33.929399Z,2026-06-23T21:21:33.929399Z,2026-06-23T21:21:33Z,2026-06-23T21:21:33Z,2026-06-23T21:21:33Z,2026-06-23T21:21:33Z,2026-06-23T21:21:34Z,DIAGNOSTIC_SOURCE_EVIDENCE_ONLY,AUDITED_DIAGNOSTIC_ONLY
market_bars_5m,receipt:market_bars_5m:2026-06-23T21:15:00Z,2026-06-23T19:59:59Z,2026-06-23T21:16:58.674407Z,2026-06-23T21:16:58.674407Z,2026-06-23T21:16:58Z,2026-06-23T21:16:58Z,2026-06-23T21:16:58Z,2026-06-23T21:16:58Z,2026-06-23T21:16:59Z,DIAGNOSTIC_SOURCE_EVIDENCE_ONLY,AUDITED_DIAGNOSTIC_ONLY
market_bars_5m,receipt:market_bars_5m:provider:6ac32e808f618ee3,2026-06-23T19:55:00Z,2026-06-23T21:15:54.523611Z,2026-06-23T21:15:54.523611Z,2026-06-23T21:15:54Z,2026-06-23T21:15:54Z,2026-06-23T21:15:54Z,2026-06-23T21:15:54Z,2026-06-23T21:15:55Z,DIAGNOSTIC_SOURCE_EVIDENCE_ONLY,AUDITED_DIAGNOSTIC_ONLY
market_bars_5m,receipt:market_bars_5m:2026-06-23T21:10:00Z,2026-06-23T19:59:59Z,2026-06-23T21:12:19.865185Z,2026-06-23T21:12:19.865185Z,2026-06-23T21:12:19Z,2026-06-23T21:12:19Z,2026-06-23T21:12:19Z,2026-06-23T21:12:19Z,2026-06-23T21:12:20Z,DIAGNOSTIC_SOURCE_EVIDENCE_ONLY,AUDITED_DIAGNOSTIC_ONLY
market_bars_5m,receipt:market_bars_5m:provider:b37613c22223cf1b,2026-06-23T19:55:00Z,2026-06-23T21:10:56.265299Z,2026-06-23T21:10:56.265299Z,2026-06-23T21:10:56Z,2026-06-23T21:10:56Z,2026-06-23T21:10:56Z,2026-06-23T21:10:56Z,2026-06-23T21:10:57Z,DIAGNOSTIC_SOURCE_EVIDENCE_ONLY,AUDITED_DIAGNOSTIC_ONLY
market_bars_5m,receipt:market_bars_5m:2026-06-23T21:05:00Z,2026-06-23T19:59:59Z,2026-06-23T21:07:22.498916Z,2026-06-23T21:07:22.498916Z,2026-06-23T21:07:22Z,2026-06-23T21:07:22Z,2026-06-23T21:07:22Z,2026-06-23T21:07:22Z,2026-06-23T21:07:23Z,DIAGNOSTIC_SOURCE_EVIDENCE_ONLY,AUDITED_DIAGNOSTIC_ONLY
market_bars_5m,receipt:market_bars_5m:provider:b3f96273bfc72e57,2026-06-23T19:55:00Z,2026-06-23T21:06:18.453308Z,2026-06-23T21:06:18.453308Z,2026-06-23T21:06:18Z,2026-06-23T21:06:18Z,2026-06-23T21:06:18Z,2026-06-23T21:06:18Z,2026-06-23T21:06:19Z,DIAGNOSTIC_SOURCE_EVIDENCE_ONLY,AUDITED_DIAGNOSTIC_ONLY
market_bars_5m,receipt:market_bars_5m:2026-06-23T21:00:00Z,2026-06-23T19:59:59Z,2026-06-23T21:03:43.751376Z,2026-06-23T21:03:43.751376Z,2026-06-23T21:03:43Z,2026-06-23T21:03:43Z,2026-06-23T21:03:43Z,2026-06-23T21:03:43Z,2026-06-23T21:03:44Z,DIAGNOSTIC_SOURCE_EVIDENCE_ONLY,AUDITED_DIAGNOSTIC_ONLY
market_bars_5m,receipt:market_bars_5m:provider:86f922f7a5a40e9f,2026-06-23T19:55:00Z,2026-06-23T21:00:56.198532Z,2026-06-23T21:00:56.198532Z,2026-06-23T21:00:56Z,2026-06-23T21:00:56Z,2026-06-23T21:00:56Z,2026-06-23T21:00:56Z,2026-06-23T21:00:57Z,DIAGNOSTIC_SOURCE_EVIDENCE_ONLY,AUDITED_DIAGNOSTIC_ONLY
market_bars_5m,receipt:market_bars_5m:2026-06-23T20:55:00Z,2026-06-23T19:59:59Z,2026-06-23T20:57:21.513724Z,2026-06-23T20:57:21.513724Z,2026-06-23T20:57:21Z,2026-06-23T20:57:21Z,2026-06-23T20:57:21Z,2026-06-23T20:57:21Z,2026-06-23T20:57:22Z,DIAGNOSTIC_SOURCE_EVIDENCE_ONLY,AUDITED_DIAGNOSTIC_ONLY
market_bars_5m,receipt:market_bars_5m:provider:39498d55ea379c33,2026-06-23T19:55:00Z,2026-06-23T20:56:08.939569Z,2026-06-23T20:56:08.939569Z,2026-06-23T20:56:08Z,2026-06-23T20:56:08Z,2026-06-23T20:56:08Z,2026-06-23T20:56:08Z,2026-06-23T20:56:09Z,DIAGNOSTIC_SOURCE_EVIDENCE_ONLY,AUDITED_DIAGNOSTIC_ONLY
market_bars_5m,receipt:market_bars_5m:2026-06-23T20:50:00Z,2026-06-23T19:59:59Z,2026-06-23T20:52:35.015142Z,2026-06-23T20:52:35.015142Z,2026-06-23T20:52:35Z,2026-06-23T20:52:35Z,2026-06-23T20:52:35Z,2026-06-23T20:52:35Z,2026-06-23T20:52:36Z,DIAGNOSTIC_SOURCE_EVIDENCE_ONLY,AUDITED_DIAGNOSTIC_ONLY
market_bars_5m,receipt:market_bars_5m:provider:7eea9691da9bf0ec,2026-06-23T19:55:00Z,2026-06-23T20:51:15.818562Z,2026-06-23T20:51:15.818562Z,2026-06-23T20:51:15Z,2026-06-23T20:51:15Z,2026-06-23T20:51:15Z,2026-06-23T20:51:15Z,2026-06-23T20:51:16Z,DIAGNOSTIC_SOURCE_EVIDENCE_ONLY,AUDITED_DIAGNOSTIC_ONLY
market_bars_5m,receipt:market_bars_5m:2026-06-23T20:45:00Z,2026-06-23T19:59:59Z,2026-06-23T20:47:40.316173Z,2026-06-23T20:47:40.316173Z,2026-06-23T20:47:40Z,2026-06-23T20:47:40Z,2026-06-23T20:47:40Z,2026-06-23T20:47:40Z,2026-06-23T20:47:41Z,DIAGNOSTIC_SOURCE_EVIDENCE_ONLY,AUDITED_DIAGNOSTIC_ONLY
market_bars_5m,receipt:market_bars_5m:provider:aa2850247f21a106,2026-06-23T19:55:00Z,2026-06-23T20:46:18.898081Z,2026-06-23T20:46:18.898081Z,2026-06-23T20:46:18Z,2026-06-23T20:46:18Z,2026-06-23T20:46:18Z,2026-06-23T20:46:18Z,2026-06-23T20:46:19Z,DIAGNOSTIC_SOURCE_EVIDENCE_ONLY,AUDITED_DIAGNOSTIC_ONLY
market_bars_5m,receipt:market_bars_5m:2026-06-23T20:40:00Z,2026-06-23T19:59:59Z,2026-06-23T20:41:44.777792Z,2026-06-23T20:41:44.777792Z,2026-06-23T20:41:44Z,2026-06-23T20:41:44Z,2026-06-23T20:41:44Z,2026-06-23T20:41:44Z,2026-06-23T20:41:45Z,DIAGNOSTIC_SOURCE_EVIDENCE_ONLY,AUDITED_DIAGNOSTIC_ONLY
market_bars_5m,receipt:market_bars_5m:provider:2c49d6fb32071f3a,2026-06-23T19:55:00Z,2026-06-23T20:40:37.603018Z,2026-06-23T20:40:37.603018Z,2026-06-23T20:40:37Z,2026-06-23T20:40:37Z,2026-06-23T20:40:37Z,2026-06-23T20:40:37Z,2026-06-23T20:40:38Z,DIAGNOSTIC_SOURCE_EVIDENCE_ONLY,AUDITED_DIAGNOSTIC_ONLY
market_bars_5m,receipt:market_bars_5m:2026-06-23T20:35:00Z,2026-06-23T19:59:59Z,2026-06-23T20:37:02.752058Z,2026-06-23T20:37:02.752058Z,2026-06-23T20:37:02Z,2026-06-23T20:37:02Z,2026-06-23T20:37:02Z,2026-06-23T20:37:02Z,2026-06-23T20:37:03Z,DIAGNOSTIC_SOURCE_EVIDENCE_ONLY,AUDITED_DIAGNOSTIC_ONLY
market_bars_5m,receipt:market_bars_5m:provider:c1adf0fc2f13423d,2026-06-23T19:55:00Z,2026-06-23T20:35:40.487326Z,2026-06-23T20:35:40.487326Z,2026-06-23T20:35:40Z,2026-06-23T20:35:40Z,2026-06-23T20:35:40Z,2026-06-23T20:35:40Z,2026-06-23T20:35:41Z,DIAGNOSTIC_SOURCE_EVIDENCE_ONLY,AUDITED_DIAGNOSTIC_ONLY
market_bars_5m,receipt:market_bars_5m:2026-06-23T20:30:00Z,2026-06-23T19:59:59Z,2026-06-23T20:32:05.934390Z,2026-06-23T20:32:05.934390Z,2026-06-23T20:32:05Z,2026-06-23T20:32:05Z,2026-06-23T20:32:05Z,2026-06-23T20:32:05Z,2026-06-23T20:32:06Z,DIAGNOSTIC_SOURCE_EVIDENCE_ONLY,AUDITED_DIAGNOSTIC_ONLY
market_bars_5m,receipt:market_bars_5m:provider:173ccdc10f5670f7,2026-06-23T19:55:00Z,2026-06-23T20:30:56.927245Z,2026-06-23T20:30:56.927245Z,2026-06-23T20:30:56Z,2026-06-23T20:30:56Z,2026-06-23T20:30:56Z,2026-06-23T20:30:56Z,2026-06-23T20:30:57Z,DIAGNOSTIC_SOURCE_EVIDENCE_ONLY,AUDITED_DIAGNOSTIC_ONLY
market_bars_5m,receipt:market_bars_5m:2026-06-23T20:25:00Z,2026-06-23T19:59:59Z,2026-06-23T20:27:22.493460Z,2026-06-23T20:27:22.493460Z,2026-06-23T20:27:22Z,2026-06-23T20:27:22Z,2026-06-23T20:27:22Z,2026-06-23T20:27:22Z,2026-06-23T20:27:23Z,DIAGNOSTIC_SOURCE_EVIDENCE_ONLY,AUDITED_DIAGNOSTIC_ONLY
market_bars_5m,receipt:market_bars_5m:provider:dedb33f1bab3b0d8,2026-06-23T19:55:00Z,2026-06-23T20:25:58.053582Z,2026-06-23T20:25:58.053582Z,2026-06-23T20:25:58Z,2026-06-23T20:25:58Z,2026-06-23T20:25:58Z,2026-06-23T20:25:58Z,2026-06-23T20:25:59Z,DIAGNOSTIC_SOURCE_EVIDENCE_ONLY,AUDITED_DIAGNOSTIC_ONLY
market_bars_5m,receipt:market_bars_5m:2026-06-23T20:20:00Z,2026-06-23T19:59:59Z,2026-06-23T20:22:24.162453Z,2026-06-23T20:22:24.162453Z,2026-06-23T20:22:24Z,2026-06-23T20:22:24Z,2026-06-23T20:22:24Z,2026-06-23T20:22:24Z,2026-06-23T20:22:25Z,DIAGNOSTIC_SOURCE_EVIDENCE_ONLY,AUDITED_DIAGNOSTIC_ONLY
market_bars_5m,receipt:market_bars_5m:provider:86cda2d7808da2b4,2026-06-23T19:55:00Z,2026-06-23T20:20:57.760836Z,2026-06-23T20:20:57.760836Z,2026-06-23T20:20:57Z,2026-06-23T20:20:57Z,2026-06-23T20:20:57Z,2026-06-23T20:20:57Z,2026-06-23T20:20:58Z,DIAGNOSTIC_SOURCE_EVIDENCE_ONLY,AUDITED_DIAGNOSTIC_ONLY
market_bars_5m,receipt:market_bars_5m:2026-06-23T20:15:00Z,2026-06-23T19:59:59Z,2026-06-23T20:17:23.589314Z,2026-06-23T20:17:23.589314Z,2026-06-23T20:17:23Z,2026-06-23T20:17:23Z,2026-06-23T20:17:23Z,2026-06-23T20:17:23Z,2026-06-23T20:17:24Z,DIAGNOSTIC_SOURCE_EVIDENCE_ONLY,AUDITED_DIAGNOSTIC_ONLY
market_bars_5m,receipt:market_bars_5m:provider:e09aa6ed689d4867,2026-06-23T19:55:00Z,2026-06-23T20:16:19.726212Z,2026-06-23T20:16:19.726212Z,2026-06-23T20:16:19Z,2026-06-23T20:16:19Z,2026-06-23T20:16:19Z,2026-06-23T20:16:19Z,2026-06-23T20:16:20Z,DIAGNOSTIC_SOURCE_EVIDENCE_ONLY,AUDITED_DIAGNOSTIC_ONLY
market_bars_5m,receipt:market_bars_5m:2026-06-23T20:10:00Z,2026-06-23T19:59:59Z,2026-06-23T20:12:45.693204Z,2026-06-23T20:12:45.693204Z,2026-06-23T20:12:45Z,2026-06-23T20:12:45Z,2026-06-23T20:12:45Z,2026-06-23T20:12:45Z,2026-06-23T20:12:46Z,DIAGNOSTIC_SOURCE_EVIDENCE_ONLY,AUDITED_DIAGNOSTIC_ONLY
market_bars_5m,receipt:market_bars_5m:provider:43f9ebc4d91e1731,2026-06-23T19:55:00Z,2026-06-23T20:11:25.727422Z,2026-06-23T20:11:25.727422Z,2026-06-23T20:11:25Z,2026-06-23T20:11:25Z,2026-06-23T20:11:25Z,2026-06-23T20:11:25Z,2026-06-23T20:11:26Z,DIAGNOSTIC_SOURCE_EVIDENCE_ONLY,AUDITED_DIAGNOSTIC_ONLY
market_bars_5m,receipt:market_bars_5m:2026-06-23T20:05:00Z,2026-06-23T19:59:59Z,2026-06-23T20:06:51.464049Z,2026-06-23T20:06:51.464049Z,2026-06-23T20:06:51Z,2026-06-23T20:06:51Z,2026-06-23T20:06:51Z,2026-06-23T20:06:51Z,2026-06-23T20:06:52Z,DIAGNOSTIC_SOURCE_EVIDENCE_ONLY,AUDITED_DIAGNOSTIC_ONLY
market_bars_5m,receipt:market_bars_5m:provider:5e15b89df6ed6095,2026-06-23T19:55:00Z,2026-06-23T20:05:47.025512Z,2026-06-23T20:05:47.025512Z,2026-06-23T20:05:47Z,2026-06-23T20:05:47Z,2026-06-23T20:05:47Z,2026-06-23T20:05:47Z,2026-06-23T20:05:48Z,DIAGNOSTIC_SOURCE_EVIDENCE_ONLY,AUDITED_DIAGNOSTIC_ONLY
market_bars_5m,receipt:market_bars_5m:2026-06-23T20:00:00Z,2026-06-23T19:59:59Z,2026-06-23T20:04:13.312345Z,2026-06-23T20:04:13.312345Z,2026-06-23T20:04:13Z,2026-06-23T20:04:13Z,2026-06-23T20:04:13Z,2026-06-23T20:04:13Z,2026-06-23T20:04:14Z,DIAGNOSTIC_SOURCE_EVIDENCE_ONLY,AUDITED_DIAGNOSTIC_ONLY
market_bars_5m,receipt:market_bars_5m:provider:649fbbcdaf207c07,2026-06-23T19:55:00Z,2026-06-23T20:03:04.435858Z,2026-06-23T20:03:04.435858Z,2026-06-23T20:03:04Z,2026-06-23T20:03:04Z,2026-06-23T20:03:04Z,2026-06-23T20:03:04Z,2026-06-23T20:03:05Z,DIAGNOSTIC_SOURCE_EVIDENCE_ONLY,AUDITED_DIAGNOSTIC_ONLY
market_bars_5m,receipt:market_bars_5m:provider:3ec9ad37336501f3,2026-06-23T19:55:00Z,2026-06-23T20:01:31.560950Z,2026-06-23T20:01:31.560950Z,2026-06-23T20:01:31Z,2026-06-23T20:01:31Z,2026-06-23T20:01:31Z,2026-06-23T20:01:31Z,2026-06-23T20:01:32Z,DIAGNOSTIC_SOURCE_EVIDENCE_ONLY,AUDITED_DIAGNOSTIC_ONLY
market_bars_5m,receipt:market_bars_5m:provider:c2e518257052dc19,2026-06-23T19:55:00Z,2026-06-23T19:55:37.809040Z,2026-06-23T19:55:37.809040Z,2026-06-23T19:55:37Z,2026-06-23T19:55:37Z,2026-06-23T19:55:37Z,2026-06-23T19:55:37Z,2026-06-23T19:55:38Z,DIAGNOSTIC_SOURCE_EVIDENCE_ONLY,AUDITED_DIAGNOSTIC_ONLY
market_bars_5m,receipt:market_bars_5m:provider:0d375a702e93a462,2026-06-23T19:50:00Z,2026-06-23T19:51:27.657767Z,2026-06-23T19:51:27.657767Z,2026-06-23T19:51:27Z,2026-06-23T19:51:27Z,2026-06-23T19:51:27Z,2026-06-23T19:51:27Z,2026-06-23T19:51:28Z,DIAGNOSTIC_SOURCE_EVIDENCE_ONLY,AUDITED_DIAGNOSTIC_ONLY
market_bars_5m,receipt:market_bars_5m:provider:b7cd08e1c2658c13,2026-06-23T19:45:00Z,2026-06-23T19:45:33.329684Z,2026-06-23T19:45:33.329684Z,2026-06-23T19:45:33Z,2026-06-23T19:45:33Z,2026-06-23T19:45:33Z,2026-06-23T19:45:33Z,2026-06-23T19:45:34Z,DIAGNOSTIC_SOURCE_EVIDENCE_ONLY,AUDITED_DIAGNOSTIC_ONLY
market_bars_5m,receipt:market_bars_5m:provider:e807a15347e1a41f,2026-06-23T19:40:00Z,2026-06-23T19:40:33.887161Z,2026-06-23T19:40:33.887161Z,2026-06-23T19:40:33Z,2026-06-23T19:40:33Z,2026-06-23T19:40:33Z,2026-06-23T19:40:33Z,2026-06-23T19:40:34Z,DIAGNOSTIC_SOURCE_EVIDENCE_ONLY,AUDITED_DIAGNOSTIC_ONLY
market_bars_5m,receipt:market_bars_5m:provider:67380da977c994e9,2026-06-23T19:35:00Z,2026-06-23T19:35:53.839114Z,2026-06-23T19:35:53.839114Z,2026-06-23T19:35:53Z,2026-06-23T19:35:53Z,2026-06-23T19:35:53Z,2026-06-23T19:35:53Z,2026-06-23T19:35:54Z,DIAGNOSTIC_SOURCE_EVIDENCE_ONLY,AUDITED_DIAGNOSTIC_ONLY
market_bars_5m,receipt:market_bars_5m:provider:576f97817700a77b,2026-06-23T19:30:00Z,2026-06-23T19:30:54.784428Z,2026-06-23T19:30:54.784428Z,2026-06-23T19:30:54Z,2026-06-23T19:30:54Z,2026-06-23T19:30:54Z,2026-06-23T19:30:54Z,2026-06-23T19:30:55Z,DIAGNOSTIC_SOURCE_EVIDENCE_ONLY,AUDITED_DIAGNOSTIC_ONLY
market_bars_5m,receipt:market_bars_5m:provider:02d4182c55e714ba,2026-06-23T19:25:00Z,2026-06-23T19:26:17.283947Z,2026-06-23T19:26:17.283947Z,2026-06-23T19:26:17Z,2026-06-23T19:26:17Z,2026-06-23T19:26:17Z,2026-06-23T19:26:17Z,2026-06-23T19:26:18Z,DIAGNOSTIC_SOURCE_EVIDENCE_ONLY,AUDITED_DIAGNOSTIC_ONLY
market_bars_5m,receipt:market_bars_5m:provider:39d8921f6ba54f71,2026-06-23T19:20:00Z,2026-06-23T19:21:18.505261Z,2026-06-23T19:21:18.505261Z,2026-06-23T19:21:18Z,2026-06-23T19:21:18Z,2026-06-23T19:21:18Z,2026-06-23T19:21:18Z,2026-06-23T19:21:19Z,DIAGNOSTIC_SOURCE_EVIDENCE_ONLY,AUDITED_DIAGNOSTIC_ONLY
market_bars_5m,receipt:market_bars_5m:provider:671dcd0bd4ffdc5e,2026-06-23T19:15:00Z,2026-06-23T19:15:38.903399Z,2026-06-23T19:15:38.903399Z,2026-06-23T19:15:38Z,2026-06-23T19:15:38Z,2026-06-23T19:15:38Z,2026-06-23T19:15:38Z,2026-06-23T19:15:39Z,DIAGNOSTIC_SOURCE_EVIDENCE_ONLY,AUDITED_DIAGNOSTIC_ONLY
market_bars_5m,receipt:market_bars_5m:provider:47b2ccae18c4d79c,2026-06-23T19:10:00Z,2026-06-23T19:10:40.875801Z,2026-06-23T19:10:40.875801Z,2026-06-23T19:10:40Z,2026-06-23T19:10:40Z,2026-06-23T19:10:40Z,2026-06-23T19:10:40Z,2026-06-23T19:10:41Z,DIAGNOSTIC_SOURCE_EVIDENCE_ONLY,AUDITED_DIAGNOSTIC_ONLY
market_bars_5m,receipt:market_bars_5m:provider:5956b15852872a0b,2026-06-23T19:05:00Z,2026-06-23T19:05:57.945820Z,2026-06-23T19:05:57.945820Z,2026-06-23T19:05:57Z,2026-06-23T19:05:57Z,2026-06-23T19:05:57Z,2026-06-23T19:05:57Z,2026-06-23T19:05:58Z,DIAGNOSTIC_SOURCE_EVIDENCE_ONLY,AUDITED_DIAGNOSTIC_ONLY
market_bars_5m,receipt:market_bars_5m:provider:f22f4e7589060d22,2026-06-23T19:00:00Z,2026-06-23T19:02:17.819882Z,2026-06-23T19:02:17.819882Z,2026-06-23T19:02:17Z,2026-06-23T19:02:17Z,2026-06-23T19:02:17Z,2026-06-23T19:02:17Z,2026-06-23T19:02:18Z,DIAGNOSTIC_SOURCE_EVIDENCE_ONLY,AUDITED_DIAGNOSTIC_ONLY
market_bars_5m,receipt:market_bars_5m:provider:331def3c637dcd57,2026-06-23T19:00:00Z,2026-06-23T19:00:44.447024Z,2026-06-23T19:00:44.447024Z,2026-06-23T19:00:44Z,2026-06-23T19:00:44Z,2026-06-23T19:00:44Z,2026-06-23T19:00:44Z,2026-06-23T19:00:45Z,DIAGNOSTIC_SOURCE_EVIDENCE_ONLY,AUDITED_DIAGNOSTIC_ONLY
market_bars_5m,receipt:market_bars_5m:provider:a09d142677e55c68,2026-06-23T18:55:00Z,2026-06-23T18:55:48.836476Z,2026-06-23T18:55:48.836476Z,2026-06-23T18:55:48Z,2026-06-23T18:55:48Z,2026-06-23T18:55:48Z,2026-06-23T18:55:48Z,2026-06-23T18:55:49Z,DIAGNOSTIC_SOURCE_EVIDENCE_ONLY,AUDITED_DIAGNOSTIC_ONLY
market_bars_5m,receipt:market_bars_5m:provider:b31ff9f67b5f14d7,2026-06-23T18:50:00Z,2026-06-23T18:50:49.830557Z,2026-06-23T18:50:49.830557Z,2026-06-23T18:50:49Z,2026-06-23T18:50:49Z,2026-06-23T18:50:49Z,2026-06-23T18:50:49Z,2026-06-23T18:50:50Z,DIAGNOSTIC_SOURCE_EVIDENCE_ONLY,AUDITED_DIAGNOSTIC_ONLY
market_bars_5m,receipt:market_bars_5m:provider:c1e0e34b2b3092ec,2026-06-23T18:45:00Z,2026-06-23T18:46:04.207123Z,2026-06-23T18:46:04.207123Z,2026-06-23T18:46:04Z,2026-06-23T18:46:04Z,2026-06-23T18:46:04Z,2026-06-23T18:46:04Z,2026-06-23T18:46:05Z,DIAGNOSTIC_SOURCE_EVIDENCE_ONLY,AUDITED_DIAGNOSTIC_ONLY
market_bars_5m,receipt:market_bars_5m:provider:462065536b5c5cc7,2026-06-23T18:40:00Z,2026-06-23T18:40:57.678342Z,2026-06-23T18:40:57.678342Z,2026-06-23T18:40:57Z,2026-06-23T18:40:57Z,2026-06-23T18:40:57Z,2026-06-23T18:40:57Z,2026-06-23T18:40:58Z,DIAGNOSTIC_SOURCE_EVIDENCE_ONLY,AUDITED_DIAGNOSTIC_ONLY
market_bars_5m,receipt:market_bars_5m:provider:257ad7f3fd03f40b,2026-06-23T18:35:00Z,2026-06-23T18:36:12.499142Z,2026-06-23T18:36:12.499142Z,2026-06-23T18:36:12Z,2026-06-23T18:36:12Z,2026-06-23T18:36:12Z,2026-06-23T18:36:12Z,2026-06-23T18:36:13Z,DIAGNOSTIC_SOURCE_EVIDENCE_ONLY,AUDITED_DIAGNOSTIC_ONLY
market_bars_5m,receipt:market_bars_5m:provider:6dd4b3adf7f17bc1,2026-06-23T18:30:00Z,2026-06-23T18:31:04.186464Z,2026-06-23T18:31:04.186464Z,2026-06-23T18:31:04Z,2026-06-23T18:31:04Z,2026-06-23T18:31:04Z,2026-06-23T18:31:04Z,2026-06-23T18:31:05Z,DIAGNOSTIC_SOURCE_EVIDENCE_ONLY,AUDITED_DIAGNOSTIC_ONLY
market_bars_5m,receipt:market_bars_5m:provider:885e6c85bfc021a3,2026-06-23T18:25:00Z,2026-06-23T18:26:20.811225Z,2026-06-23T18:26:20.811225Z,2026-06-23T18:26:20Z,2026-06-23T18:26:20Z,2026-06-23T18:26:20Z,2026-06-23T18:26:20Z,2026-06-23T18:26:21Z,DIAGNOSTIC_SOURCE_EVIDENCE_ONLY,AUDITED_DIAGNOSTIC_ONLY
market_bars_5m,receipt:market_bars_5m:provider:9aeba0ef6d7f53b3,2026-06-23T18:20:00Z,2026-06-23T18:21:25.278734Z,2026-06-23T18:21:25.278734Z,2026-06-23T18:21:25Z,2026-06-23T18:21:25Z,2026-06-23T18:21:25Z,2026-06-23T18:21:25Z,2026-06-23T18:21:26Z,DIAGNOSTIC_SOURCE_EVIDENCE_ONLY,AUDITED_DIAGNOSTIC_ONLY
market_bars_5m,receipt:market_bars_5m:provider:ea18d2ba339b0789,2026-06-23T18:15:00Z,2026-06-23T18:15:39.287042Z,2026-06-23T18:15:39.287042Z,2026-06-23T18:15:39Z,2026-06-23T18:15:39Z,2026-06-23T18:15:39Z,2026-06-23T18:15:39Z,2026-06-23T18:15:40Z,DIAGNOSTIC_SOURCE_EVIDENCE_ONLY,AUDITED_DIAGNOSTIC_ONLY
market_bars_5m,receipt:market_bars_5m:provider:3cd2f1b69dc27858,2026-06-23T18:10:00Z,2026-06-23T18:11:35.049211Z,2026-06-23T18:11:35.049211Z,2026-06-23T18:11:35Z,2026-06-23T18:11:35Z,2026-06-23T18:11:35Z,2026-06-23T18:11:35Z,2026-06-23T18:11:36Z,DIAGNOSTIC_SOURCE_EVIDENCE_ONLY,AUDITED_DIAGNOSTIC_ONLY
market_bars_5m,receipt:market_bars_5m:provider:832a8f7a8f269a41,2026-06-23T18:05:00Z,2026-06-23T18:05:49.481959Z,2026-06-23T18:05:49.481959Z,2026-06-23T18:05:49Z,2026-06-23T18:05:49Z,2026-06-23T18:05:49Z,2026-06-23T18:05:49Z,2026-06-23T18:05:50Z,DIAGNOSTIC_SOURCE_EVIDENCE_ONLY,AUDITED_DIAGNOSTIC_ONLY
market_bars_5m,receipt:market_bars_5m:provider:4de4553aa4bfa80c,2026-06-23T18:00:00Z,2026-06-23T18:02:47.689780Z,2026-06-23T18:02:47.689780Z,2026-06-23T18:02:47Z,2026-06-23T18:02:47Z,2026-06-23T18:02:47Z,2026-06-23T18:02:47Z,2026-06-23T18:02:48Z,DIAGNOSTIC_SOURCE_EVIDENCE_ONLY,AUDITED_DIAGNOSTIC_ONLY
market_bars_5m,receipt:market_bars_5m:provider:dac2bee024f4463c,2026-06-23T18:00:00Z,2026-06-23T18:01:19.377328Z,2026-06-23T18:01:19.377328Z,2026-06-23T18:01:19Z,2026-06-23T18:01:19Z,2026-06-23T18:01:19Z,2026-06-23T18:01:19Z,2026-06-23T18:01:20Z,DIAGNOSTIC_SOURCE_EVIDENCE_ONLY,AUDITED_DIAGNOSTIC_ONLY
market_bars_5m,receipt:market_bars_5m:provider:6ec7c905ecee09da,2026-06-23T17:55:00Z,2026-06-23T17:56:20.652713Z,2026-06-23T17:56:20.652713Z,2026-06-23T17:56:20Z,2026-06-23T17:56:20Z,2026-06-23T17:56:20Z,2026-06-23T17:56:20Z,2026-06-23T17:56:21Z,DIAGNOSTIC_SOURCE_EVIDENCE_ONLY,AUDITED_DIAGNOSTIC_ONLY
market_bars_5m,receipt:market_bars_5m:provider:2ac0ddbb71b840c7,2026-06-23T17:50:00Z,2026-06-23T17:50:36.300893Z,2026-06-23T17:50:36.300893Z,2026-06-23T17:50:36Z,2026-06-23T17:50:36Z,2026-06-23T17:50:36Z,2026-06-23T17:50:36Z,2026-06-23T17:50:37Z,DIAGNOSTIC_SOURCE_EVIDENCE_ONLY,AUDITED_DIAGNOSTIC_ONLY
market_bars_5m,receipt:market_bars_5m:provider:ab7c956ab45f4278,2026-06-23T17:45:00Z,2026-06-23T17:45:35.085094Z,2026-06-23T17:45:35.085094Z,2026-06-23T17:45:35Z,2026-06-23T17:45:35Z,2026-06-23T17:45:35Z,2026-06-23T17:45:35Z,2026-06-23T17:45:36Z,DIAGNOSTIC_SOURCE_EVIDENCE_ONLY,AUDITED_DIAGNOSTIC_ONLY
market_bars_5m,receipt:market_bars_5m:provider:02fda9c6d3392ecf,2026-06-23T17:40:00Z,2026-06-23T17:41:08.493140Z,2026-06-23T17:41:08.493140Z,2026-06-23T17:41:08Z,2026-06-23T17:41:08Z,2026-06-23T17:41:08Z,2026-06-23T17:41:08Z,2026-06-23T17:41:09Z,DIAGNOSTIC_SOURCE_EVIDENCE_ONLY,AUDITED_DIAGNOSTIC_ONLY
market_bars_5m,receipt:market_bars_5m:provider:d6e95ce5ab1d415f,2026-06-23T17:35:00Z,2026-06-23T17:36:06.411802Z,2026-06-23T17:36:06.411802Z,2026-06-23T17:36:06Z,2026-06-23T17:36:06Z,2026-06-23T17:36:06Z,2026-06-23T17:36:06Z,2026-06-23T17:36:07Z,DIAGNOSTIC_SOURCE_EVIDENCE_ONLY,AUDITED_DIAGNOSTIC_ONLY
market_bars_5m,receipt:market_bars_5m:provider:1e4f7f8aef3925e7,2026-06-23T17:30:00Z,2026-06-23T17:31:24.357638Z,2026-06-23T17:31:24.357638Z,2026-06-23T17:31:24Z,2026-06-23T17:31:24Z,2026-06-23T17:31:24Z,2026-06-23T17:31:24Z,2026-06-23T17:31:25Z,DIAGNOSTIC_SOURCE_EVIDENCE_ONLY,AUDITED_DIAGNOSTIC_ONLY
market_bars_5m,receipt:market_bars_5m:provider:9ab603a7ad5db49d,2026-06-23T17:25:00Z,2026-06-23T17:26:29.135589Z,2026-06-23T17:26:29.135589Z,2026-06-23T17:26:29Z,2026-06-23T17:26:29Z,2026-06-23T17:26:29Z,2026-06-23T17:26:29Z,2026-06-23T17:26:30Z,DIAGNOSTIC_SOURCE_EVIDENCE_ONLY,AUDITED_DIAGNOSTIC_ONLY
market_bars_5m,receipt:market_bars_5m:provider:55fe84d68d8dfd3b,2026-06-23T17:20:00Z,2026-06-23T17:20:46.350910Z,2026-06-23T17:20:46.350910Z,2026-06-23T17:20:46Z,2026-06-23T17:20:46Z,2026-06-23T17:20:46Z,2026-06-23T17:20:46Z,2026-06-23T17:20:47Z,DIAGNOSTIC_SOURCE_EVIDENCE_ONLY,AUDITED_DIAGNOSTIC_ONLY
market_bars_5m,receipt:market_bars_5m:provider:e13b2f5c85c6e09f,2026-06-23T17:15:00Z,2026-06-23T17:15:45.034060Z,2026-06-23T17:15:45.034060Z,2026-06-23T17:15:45Z,2026-06-23T17:15:45Z,2026-06-23T17:15:45Z,2026-06-23T17:15:45Z,2026-06-23T17:15:46Z,DIAGNOSTIC_SOURCE_EVIDENCE_ONLY,AUDITED_DIAGNOSTIC_ONLY
market_bars_5m,receipt:market_bars_5m:provider:9bc665778cffca18,2026-06-23T17:10:00Z,2026-06-23T17:10:42.833156Z,2026-06-23T17:10:42.833156Z,2026-06-23T17:10:42Z,2026-06-23T17:10:42Z,2026-06-23T17:10:42Z,2026-06-23T17:10:42Z,2026-06-23T17:10:43Z,DIAGNOSTIC_SOURCE_EVIDENCE_ONLY,AUDITED_DIAGNOSTIC_ONLY
market_bars_5m,receipt:market_bars_5m:provider:414188227e09a8dd,2026-06-23T17:05:00Z,2026-06-23T17:05:56.427497Z,2026-06-23T17:05:56.427497Z,2026-06-23T17:05:56Z,2026-06-23T17:05:56Z,2026-06-23T17:05:56Z,2026-06-23T17:05:56Z,2026-06-23T17:05:57Z,DIAGNOSTIC_SOURCE_EVIDENCE_ONLY,AUDITED_DIAGNOSTIC_ONLY
market_bars_5m,receipt:market_bars_5m:provider:267d7e496b4c1cc4,2026-06-23T17:00:00Z,2026-06-23T17:02:10.446975Z,2026-06-23T17:02:10.446975Z,2026-06-23T17:02:10Z,2026-06-23T17:02:10Z,2026-06-23T17:02:10Z,2026-06-23T17:02:10Z,2026-06-23T17:02:11Z,DIAGNOSTIC_SOURCE_EVIDENCE_ONLY,AUDITED_DIAGNOSTIC_ONLY
market_bars_5m,receipt:market_bars_5m:provider:566ae771d3a51a77,2026-06-23T17:00:00Z,2026-06-23T17:00:43.540276Z,2026-06-23T17:00:43.540276Z,2026-06-23T17:00:43Z,2026-06-23T17:00:43Z,2026-06-23T17:00:43Z,2026-06-23T17:00:43Z,2026-06-23T17:00:44Z,DIAGNOSTIC_SOURCE_EVIDENCE_ONLY,AUDITED_DIAGNOSTIC_ONLY
market_bars_5m,receipt:market_bars_5m:provider:b038f28bc95c34ba,2026-06-23T16:55:00Z,2026-06-23T16:55:59.292128Z,2026-06-23T16:55:59.292128Z,2026-06-23T16:55:59Z,2026-06-23T16:55:59Z,2026-06-23T16:55:59Z,2026-06-23T16:55:59Z,2026-06-23T16:56:00Z,DIAGNOSTIC_SOURCE_EVIDENCE_ONLY,AUDITED_DIAGNOSTIC_ONLY
market_bars_5m,receipt:market_bars_5m:provider:52dee004a3e7987d,2026-06-23T16:50:00Z,2026-06-23T16:50:57.817387Z,2026-06-23T16:50:57.817387Z,2026-06-23T16:50:57Z,2026-06-23T16:50:57Z,2026-06-23T16:50:57Z,2026-06-23T16:50:57Z,2026-06-23T16:50:58Z,DIAGNOSTIC_SOURCE_EVIDENCE_ONLY,AUDITED_DIAGNOSTIC_ONLY
market_bars_5m,receipt:market_bars_5m:provider:16a749d17adfc67f,2026-06-23T16:45:00Z,2026-06-23T16:46:11.771394Z,2026-06-23T16:46:11.771394Z,2026-06-23T16:46:11Z,2026-06-23T16:46:11Z,2026-06-23T16:46:11Z,2026-06-23T16:46:11Z,2026-06-23T16:46:12Z,DIAGNOSTIC_SOURCE_EVIDENCE_ONLY,AUDITED_DIAGNOSTIC_ONLY
market_bars_5m,receipt:market_bars_5m:provider:76d1458f83ea8db9,2026-06-23T16:40:00Z,2026-06-23T16:41:13.262735Z,2026-06-23T16:41:13.262735Z,2026-06-23T16:41:13Z,2026-06-23T16:41:13Z,2026-06-23T16:41:13Z,2026-06-23T16:41:13Z,2026-06-23T16:41:14Z,DIAGNOSTIC_SOURCE_EVIDENCE_ONLY,AUDITED_DIAGNOSTIC_ONLY
market_bars_5m,receipt:market_bars_5m:provider:e679a0041c98acb7,2026-06-23T16:35:00Z,2026-06-23T16:36:04.678829Z,2026-06-23T16:36:04.678829Z,2026-06-23T16:36:04Z,2026-06-23T16:36:04Z,2026-06-23T16:36:04Z,2026-06-23T16:36:04Z,2026-06-23T16:36:05Z,DIAGNOSTIC_SOURCE_EVIDENCE_ONLY,AUDITED_DIAGNOSTIC_ONLY
market_bars_5m,receipt:market_bars_5m:provider:2285f278e9b767e1,2026-06-23T16:30:00Z,2026-06-23T16:31:15.614909Z,2026-06-23T16:31:15.614909Z,2026-06-23T16:31:15Z,2026-06-23T16:31:15Z,2026-06-23T16:31:15Z,2026-06-23T16:31:15Z,2026-06-23T16:31:16Z,DIAGNOSTIC_SOURCE_EVIDENCE_ONLY,AUDITED_DIAGNOSTIC_ONLY
market_bars_5m,receipt:market_bars_5m:provider:034b5dab69ae3444,2026-06-23T16:25:00Z,2026-06-23T16:26:01.769205Z,2026-06-23T16:26:01.769205Z,2026-06-23T16:26:01Z,2026-06-23T16:26:01Z,2026-06-23T16:26:01Z,2026-06-23T16:26:01Z,2026-06-23T16:26:02Z,DIAGNOSTIC_SOURCE_EVIDENCE_ONLY,AUDITED_DIAGNOSTIC_ONLY
market_bars_5m,receipt:market_bars_5m:provider:af44447819c9ceff,2026-06-23T16:20:00Z,2026-06-23T16:21:32.609204Z,2026-06-23T16:21:32.609204Z,2026-06-23T16:21:32Z,2026-06-23T16:21:32Z,2026-06-23T16:21:32Z,2026-06-23T16:21:32Z,2026-06-23T16:21:33Z,DIAGNOSTIC_SOURCE_EVIDENCE_ONLY,AUDITED_DIAGNOSTIC_ONLY
market_bars_5m,receipt:market_bars_5m:provider:501d0a5419f96ea0,2026-06-23T16:15:00Z,2026-06-23T16:16:28.740361Z,2026-06-23T16:16:28.740361Z,2026-06-23T16:16:28Z,2026-06-23T16:16:28Z,2026-06-23T16:16:28Z,2026-06-23T16:16:28Z,2026-06-23T16:16:29Z,DIAGNOSTIC_SOURCE_EVIDENCE_ONLY,AUDITED_DIAGNOSTIC_ONLY
market_bars_5m,receipt:market_bars_5m:provider:389ee103b3e2b281,2026-06-23T16:10:00Z,2026-06-23T16:11:15.121671Z,2026-06-23T16:11:15.121671Z,2026-06-23T16:11:15Z,2026-06-23T16:11:15Z,2026-06-23T16:11:15Z,2026-06-23T16:11:15Z,2026-06-23T16:11:16Z,DIAGNOSTIC_SOURCE_EVIDENCE_ONLY,AUDITED_DIAGNOSTIC_ONLY
market_bars_5m,receipt:market_bars_5m:provider:1a1b38a63e1946cc,2026-06-23T16:05:00Z,2026-06-23T16:06:43.617443Z,2026-06-23T16:06:43.617443Z,2026-06-23T16:06:43Z,2026-06-23T16:06:43Z,2026-06-23T16:06:43Z,2026-06-23T16:06:43Z,2026-06-23T16:06:44Z,DIAGNOSTIC_SOURCE_EVIDENCE_ONLY,AUDITED_DIAGNOSTIC_ONLY
market_bars_5m,receipt:market_bars_5m:provider:8fc506983b64cec5,2026-06-23T16:00:00Z,2026-06-23T16:02:34.278923Z,2026-06-23T16:02:34.278923Z,2026-06-23T16:02:34Z,2026-06-23T16:02:34Z,2026-06-23T16:02:34Z,2026-06-23T16:02:34Z,2026-06-23T16:02:35Z,DIAGNOSTIC_SOURCE_EVIDENCE_ONLY,AUDITED_DIAGNOSTIC_ONLY
market_bars_5m,receipt:market_bars_5m:provider:3e0f903eb6cfd999,2026-06-23T16:00:00Z,2026-06-23T16:00:42.327543Z,2026-06-23T16:00:42.327543Z,2026-06-23T16:00:42Z,2026-06-23T16:00:42Z,2026-06-23T16:00:42Z,2026-06-23T16:00:42Z,2026-06-23T16:00:43Z,DIAGNOSTIC_SOURCE_EVIDENCE_ONLY,AUDITED_DIAGNOSTIC_ONLY
market_bars_5m,receipt:market_bars_5m:provider:f9cbf7c313a3bd88,2026-06-23T15:55:00Z,2026-06-23T15:56:37.861718Z,2026-06-23T15:56:37.861718Z,2026-06-23T15:56:37Z,2026-06-23T15:56:37Z,2026-06-23T15:56:37Z,2026-06-23T15:56:37Z,2026-06-23T15:56:38Z,DIAGNOSTIC_SOURCE_EVIDENCE_ONLY,AUDITED_DIAGNOSTIC_ONLY
market_bars_5m,receipt:market_bars_5m:provider:e9176c02430b0f19,2026-06-23T15:50:00Z,2026-06-23T15:51:19.001929Z,2026-06-23T15:51:19.001929Z,2026-06-23T15:51:19Z,2026-06-23T15:51:19Z,2026-06-23T15:51:19Z,2026-06-23T15:51:19Z,2026-06-23T15:51:20Z,DIAGNOSTIC_SOURCE_EVIDENCE_ONLY,AUDITED_DIAGNOSTIC_ONLY
market_bars_5m,receipt:market_bars_5m:provider:9c1c3352f718a77a,2026-06-23T15:45:00Z,2026-06-23T15:46:48.624789Z,2026-06-23T15:46:48.624789Z,2026-06-23T15:46:48Z,2026-06-23T15:46:48Z,2026-06-23T15:46:48Z,2026-06-23T15:46:48Z,2026-06-23T15:46:49Z,DIAGNOSTIC_SOURCE_EVIDENCE_ONLY,AUDITED_DIAGNOSTIC_ONLY
market_bars_5m,receipt:market_bars_5m:provider:01f402ecfc83c270,2026-06-23T15:40:00Z,2026-06-23T15:41:25.111122Z,2026-06-23T15:41:25.111122Z,2026-06-23T15:41:25Z,2026-06-23T15:41:25Z,2026-06-23T15:41:25Z,2026-06-23T15:41:25Z,2026-06-23T15:41:26Z,DIAGNOSTIC_SOURCE_EVIDENCE_ONLY,AUDITED_DIAGNOSTIC_ONLY
market_bars_5m,receipt:market_bars_5m:provider:a4c31514af62867e,2026-06-23T15:35:00Z,2026-06-23T15:36:35.182977Z,2026-06-23T15:36:35.182977Z,2026-06-23T15:36:35Z,2026-06-23T15:36:35Z,2026-06-23T15:36:35Z,2026-06-23T15:36:35Z,2026-06-23T15:36:36Z,DIAGNOSTIC_SOURCE_EVIDENCE_ONLY,AUDITED_DIAGNOSTIC_ONLY
market_bars_5m,receipt:market_bars_5m:provider:0efab02afb30667b,2026-06-23T15:30:00Z,2026-06-23T15:30:51.574440Z,2026-06-23T15:30:51.574440Z,2026-06-23T15:30:51Z,2026-06-23T15:30:51Z,2026-06-23T15:30:51Z,2026-06-23T15:30:51Z,2026-06-23T15:30:52Z,DIAGNOSTIC_SOURCE_EVIDENCE_ONLY,AUDITED_DIAGNOSTIC_ONLY
market_bars_5m,receipt:market_bars_5m:provider:83b279515711ae71,2026-06-23T15:25:00Z,2026-06-23T15:26:08.076900Z,2026-06-23T15:26:08.076900Z,2026-06-23T15:26:08Z,2026-06-23T15:26:08Z,2026-06-23T15:26:08Z,2026-06-23T15:26:08Z,2026-06-23T15:26:09Z,DIAGNOSTIC_SOURCE_EVIDENCE_ONLY,AUDITED_DIAGNOSTIC_ONLY
market_bars_5m,receipt:market_bars_5m:provider:b07ec881dbe44c62,2026-06-23T15:20:00Z,2026-06-23T15:21:30.263091Z,2026-06-23T15:21:30.263091Z,2026-06-23T15:21:30Z,2026-06-23T15:21:30Z,2026-06-23T15:21:30Z,2026-06-23T15:21:30Z,2026-06-23T15:21:31Z,DIAGNOSTIC_SOURCE_EVIDENCE_ONLY,AUDITED_DIAGNOSTIC_ONLY
market_bars_5m,receipt:market_bars_5m:provider:dd6d8c222f471e1a,2026-06-23T15:15:00Z,2026-06-23T15:15:54.178390Z,2026-06-23T15:15:54.178390Z,2026-06-23T15:15:54Z,2026-06-23T15:15:54Z,2026-06-23T15:15:54Z,2026-06-23T15:15:54Z,2026-06-23T15:15:55Z,DIAGNOSTIC_SOURCE_EVIDENCE_ONLY,AUDITED_DIAGNOSTIC_ONLY
market_bars_5m,receipt:market_bars_5m:provider:ee03b35cb834423b,2026-06-23T15:10:00Z,2026-06-23T15:11:09.159567Z,2026-06-23T15:11:09.159567Z,2026-06-23T15:11:09Z,2026-06-23T15:11:09Z,2026-06-23T15:11:09Z,2026-06-23T15:11:09Z,2026-06-23T15:11:10Z,DIAGNOSTIC_SOURCE_EVIDENCE_ONLY,AUDITED_DIAGNOSTIC_ONLY
market_bars_5m,receipt:market_bars_5m:provider:a319d0aa6f324c71,2026-06-23T15:05:00Z,2026-06-23T15:06:26.426581Z,2026-06-23T15:06:26.426581Z,2026-06-23T15:06:26Z,2026-06-23T15:06:26Z,2026-06-23T15:06:26Z,2026-06-23T15:06:26Z,2026-06-23T15:06:27Z,DIAGNOSTIC_SOURCE_EVIDENCE_ONLY,AUDITED_DIAGNOSTIC_ONLY
market_bars_5m,receipt:market_bars_5m:provider:fb1c6e631b8b5c71,2026-06-23T15:00:00Z,2026-06-23T15:01:47.929353Z,2026-06-23T15:01:47.929353Z,2026-06-23T15:01:47Z,2026-06-23T15:01:47Z,2026-06-23T15:01:47Z,2026-06-23T15:01:47Z,2026-06-23T15:01:48Z,DIAGNOSTIC_SOURCE_EVIDENCE_ONLY,AUDITED_DIAGNOSTIC_ONLY
market_bars_5m,receipt:market_bars_5m:provider:c69fca4266da8c1d,2026-06-23T15:00:00Z,2026-06-23T15:00:40.094797Z,2026-06-23T15:00:40.094797Z,2026-06-23T15:00:40Z,2026-06-23T15:00:40Z,2026-06-23T15:00:40Z,2026-06-23T15:00:40Z,2026-06-23T15:00:41Z,DIAGNOSTIC_SOURCE_EVIDENCE_ONLY,AUDITED_DIAGNOSTIC_ONLY
market_bars_5m,receipt:market_bars_5m:provider:68cb775e6eb3fdae,2026-06-23T14:55:00Z,2026-06-23T14:56:07.302237Z,2026-06-23T14:56:07.302237Z,2026-06-23T14:56:07Z,2026-06-23T14:56:07Z,2026-06-23T14:56:07Z,2026-06-23T14:56:07Z,2026-06-23T14:56:08Z,DIAGNOSTIC_SOURCE_EVIDENCE_ONLY,AUDITED_DIAGNOSTIC_ONLY
market_bars_5m,receipt:market_bars_5m:provider:7c444d3f2874b36f,2026-06-23T14:50:00Z,2026-06-23T14:51:10.495396Z,2026-06-23T14:51:10.495396Z,2026-06-23T14:51:10Z,2026-06-23T14:51:10Z,2026-06-23T14:51:10Z,2026-06-23T14:51:10Z,2026-06-23T14:51:11Z,DIAGNOSTIC_SOURCE_EVIDENCE_ONLY,AUDITED_DIAGNOSTIC_ONLY
market_bars_5m,receipt:market_bars_5m:provider:6d8d0e0e2cbabb41,2026-06-23T14:45:00Z,2026-06-23T14:46:32.347976Z,2026-06-23T14:46:32.347976Z,2026-06-23T14:46:32Z,2026-06-23T14:46:32Z,2026-06-23T14:46:32Z,2026-06-23T14:46:32Z,2026-06-23T14:46:33Z,DIAGNOSTIC_SOURCE_EVIDENCE_ONLY,AUDITED_DIAGNOSTIC_ONLY
market_bars_5m,receipt:market_bars_5m:provider:604534149924b4ee,2026-06-23T14:40:00Z,2026-06-23T14:40:53.333961Z,2026-06-23T14:40:53.333961Z,2026-06-23T14:40:53Z,2026-06-23T14:40:53Z,2026-06-23T14:40:53Z,2026-06-23T14:40:53Z,2026-06-23T14:40:54Z,DIAGNOSTIC_SOURCE_EVIDENCE_ONLY,AUDITED_DIAGNOSTIC_ONLY
market_bars_5m,receipt:market_bars_5m:provider:c5af46ffe782bdd9,2026-06-23T14:35:00Z,2026-06-23T14:36:07.783377Z,2026-06-23T14:36:07.783377Z,2026-06-23T14:36:07Z,2026-06-23T14:36:07Z,2026-06-23T14:36:07Z,2026-06-23T14:36:07Z,2026-06-23T14:36:08Z,DIAGNOSTIC_SOURCE_EVIDENCE_ONLY,AUDITED_DIAGNOSTIC_ONLY
market_bars_5m,receipt:market_bars_5m:provider:c7afd6751743d5b9,2026-06-23T14:30:00Z,2026-06-23T14:31:22.229326Z,2026-06-23T14:31:22.229326Z,2026-06-23T14:31:22Z,2026-06-23T14:31:22Z,2026-06-23T14:31:22Z,2026-06-23T14:31:22Z,2026-06-23T14:31:23Z,DIAGNOSTIC_SOURCE_EVIDENCE_ONLY,AUDITED_DIAGNOSTIC_ONLY
market_bars_5m,receipt:market_bars_5m:provider:61c46119f71fa296,2026-06-23T14:25:00Z,2026-06-23T14:26:33.646814Z,2026-06-23T14:26:33.646814Z,2026-06-23T14:26:33Z,2026-06-23T14:26:33Z,2026-06-23T14:26:33Z,2026-06-23T14:26:33Z,2026-06-23T14:26:34Z,DIAGNOSTIC_SOURCE_EVIDENCE_ONLY,AUDITED_DIAGNOSTIC_ONLY
market_bars_5m,receipt:market_bars_5m:provider:493a7960f7c87ed1,2026-06-23T14:20:00Z,2026-06-23T14:20:44.850122Z,2026-06-23T14:20:44.850122Z,2026-06-23T14:20:44Z,2026-06-23T14:20:44Z,2026-06-23T14:20:44Z,2026-06-23T14:20:44Z,2026-06-23T14:20:45Z,DIAGNOSTIC_SOURCE_EVIDENCE_ONLY,AUDITED_DIAGNOSTIC_ONLY
market_bars_5m,receipt:market_bars_5m:provider:95c96dc730b32754,2026-06-23T14:15:00Z,2026-06-23T14:15:59.039435Z,2026-06-23T14:15:59.039435Z,2026-06-23T14:15:59Z,2026-06-23T14:15:59Z,2026-06-23T14:15:59Z,2026-06-23T14:15:59Z,2026-06-23T14:16:00Z,DIAGNOSTIC_SOURCE_EVIDENCE_ONLY,AUDITED_DIAGNOSTIC_ONLY
market_bars_5m,receipt:market_bars_5m:provider:3f343ca094369281,2026-06-23T14:10:00Z,2026-06-23T14:11:04.553847Z,2026-06-23T14:11:04.553847Z,2026-06-23T14:11:04Z,2026-06-23T14:11:04Z,2026-06-23T14:11:04Z,2026-06-23T14:11:04Z,2026-06-23T14:11:05Z,DIAGNOSTIC_SOURCE_EVIDENCE_ONLY,AUDITED_DIAGNOSTIC_ONLY
market_bars_5m,receipt:market_bars_5m:provider:fd5f236747372515,2026-06-23T14:05:00Z,2026-06-23T14:05:58.112301Z,2026-06-23T14:05:58.112301Z,2026-06-23T14:05:58Z,2026-06-23T14:05:58Z,2026-06-23T14:05:58Z,2026-06-23T14:05:58Z,2026-06-23T14:05:59Z,DIAGNOSTIC_SOURCE_EVIDENCE_ONLY,AUDITED_DIAGNOSTIC_ONLY
market_bars_5m,receipt:market_bars_5m:provider:86908c9144818a92,2026-06-23T14:00:00Z,2026-06-23T14:02:55.741674Z,2026-06-23T14:02:55.741674Z,2026-06-23T14:02:55Z,2026-06-23T14:02:55Z,2026-06-23T14:02:55Z,2026-06-23T14:02:55Z,2026-06-23T14:02:56Z,DIAGNOSTIC_SOURCE_EVIDENCE_ONLY,AUDITED_DIAGNOSTIC_ONLY
market_bars_5m,receipt:market_bars_5m:provider:c9bd8ec865e86be6,2026-06-23T14:00:00Z,2026-06-23T14:01:36.200398Z,2026-06-23T14:01:36.200398Z,2026-06-23T14:01:36Z,2026-06-23T14:01:36Z,2026-06-23T14:01:36Z,2026-06-23T14:01:36Z,2026-06-23T14:01:37Z,DIAGNOSTIC_SOURCE_EVIDENCE_ONLY,AUDITED_DIAGNOSTIC_ONLY
market_bars_5m,receipt:market_bars_5m:provider:da0ebe8ce08011d5,2026-06-23T13:55:00Z,2026-06-23T13:56:15.626784Z,2026-06-23T13:56:15.626784Z,2026-06-23T13:56:15Z,2026-06-23T13:56:15Z,2026-06-23T13:56:15Z,2026-06-23T13:56:15Z,2026-06-23T13:56:16Z,DIAGNOSTIC_SOURCE_EVIDENCE_ONLY,AUDITED_DIAGNOSTIC_ONLY
market_bars_5m,receipt:market_bars_5m:provider:df168cbe3b7e7b40,2026-06-23T13:50:00Z,2026-06-23T13:51:03.655069Z,2026-06-23T13:51:03.655069Z,2026-06-23T13:51:03Z,2026-06-23T13:51:03Z,2026-06-23T13:51:03Z,2026-06-23T13:51:03Z,2026-06-23T13:51:04Z,DIAGNOSTIC_SOURCE_EVIDENCE_ONLY,AUDITED_DIAGNOSTIC_ONLY
market_bars_5m,receipt:market_bars_5m:provider:72d509496870ef20,2026-06-23T13:45:00Z,2026-06-23T13:45:51.808248Z,2026-06-23T13:45:51.808248Z,2026-06-23T13:45:51Z,2026-06-23T13:45:51Z,2026-06-23T13:45:51Z,2026-06-23T13:45:51Z,2026-06-23T13:45:52Z,DIAGNOSTIC_SOURCE_EVIDENCE_ONLY,AUDITED_DIAGNOSTIC_ONLY
market_bars_5m,receipt:market_bars_5m:provider:f9cf4f3237bdd513,2026-06-23T13:40:00Z,2026-06-23T13:41:47.251013Z,2026-06-23T13:41:47.251013Z,2026-06-23T13:41:47Z,2026-06-23T13:41:47Z,2026-06-23T13:41:47Z,2026-06-23T13:41:47Z,2026-06-23T13:41:48Z,DIAGNOSTIC_SOURCE_EVIDENCE_ONLY,AUDITED_DIAGNOSTIC_ONLY
macro_rates,receipt:macro_rates:2026-06-24T00:45:00Z,2026-06-22T21:00:00Z,2026-06-24T00:47:31Z,2026-06-24T00:47:31Z,2026-06-24T00:47:31Z,2026-06-24T00:47:31Z,2026-06-24T00:47:31Z,2026-06-24T00:47:31Z,2026-06-24T00:47:32Z,DIAGNOSTIC_SOURCE_EVIDENCE_ONLY,AUDITED_DIAGNOSTIC_ONLY
macro_rates,receipt:macro_rates:provider:1fbd49c8f448a8e0,2026-06-22T21:00:00Z,2026-06-24T00:45:56.195798Z,2026-06-24T00:45:56.195798Z,2026-06-24T00:45:56Z,2026-06-24T00:45:56Z,2026-06-24T00:45:56Z,2026-06-24T00:45:56Z,2026-06-24T00:45:57Z,DIAGNOSTIC_SOURCE_EVIDENCE_ONLY,AUDITED_DIAGNOSTIC_ONLY
macro_rates,receipt:macro_rates:2026-06-24T00:40:00Z,2026-06-22T21:00:00Z,2026-06-24T00:42:49.796116Z,2026-06-24T00:42:49.796116Z,2026-06-24T00:42:49Z,2026-06-24T00:42:49Z,2026-06-24T00:42:49Z,2026-06-24T00:42:49Z,2026-06-24T00:42:50Z,DIAGNOSTIC_SOURCE_EVIDENCE_ONLY,AUDITED_DIAGNOSTIC_ONLY
macro_rates,receipt:macro_rates:provider:ccc0dad5574d16a2,2026-06-22T21:00:00Z,2026-06-24T00:40:56.388111Z,2026-06-24T00:40:56.388111Z,2026-06-24T00:40:56Z,2026-06-24T00:40:56Z,2026-06-24T00:40:56Z,2026-06-24T00:40:56Z,2026-06-24T00:40:57Z,DIAGNOSTIC_SOURCE_EVIDENCE_ONLY,AUDITED_DIAGNOSTIC_ONLY
macro_rates,receipt:macro_rates:2026-06-24T00:35:00Z,2026-06-22T21:00:00Z,2026-06-24T00:37:50.207955Z,2026-06-24T00:37:50.207955Z,2026-06-24T00:37:50Z,2026-06-24T00:37:50Z,2026-06-24T00:37:50Z,2026-06-24T00:37:50Z,2026-06-24T00:37:51Z,DIAGNOSTIC_SOURCE_EVIDENCE_ONLY,AUDITED_DIAGNOSTIC_ONLY
macro_rates,receipt:macro_rates:provider:a686746db9ec5676,2026-06-22T21:00:00Z,2026-06-24T00:35:53.174105Z,2026-06-24T00:35:53.174105Z,2026-06-24T00:35:53Z,2026-06-24T00:35:53Z,2026-06-24T00:35:53Z,2026-06-24T00:35:53Z,2026-06-24T00:35:54Z,DIAGNOSTIC_SOURCE_EVIDENCE_ONLY,AUDITED_DIAGNOSTIC_ONLY
macro_rates,receipt:macro_rates:2026-06-24T00:30:00Z,2026-06-22T21:00:00Z,2026-06-24T00:32:46.934804Z,2026-06-24T00:32:46.934804Z,2026-06-24T00:32:46Z,2026-06-24T00:32:46Z,2026-06-24T00:32:46Z,2026-06-24T00:32:46Z,2026-06-24T00:32:47Z,DIAGNOSTIC_SOURCE_EVIDENCE_ONLY,AUDITED_DIAGNOSTIC_ONLY
macro_rates,receipt:macro_rates:provider:e3ab74d91e3dc5ac,2026-06-22T21:00:00Z,2026-06-24T00:30:38.694917Z,2026-06-24T00:30:38.694917Z,2026-06-24T00:30:38Z,2026-06-24T00:30:38Z,2026-06-24T00:30:38Z,2026-06-24T00:30:38Z,2026-06-24T00:30:39Z,DIAGNOSTIC_SOURCE_EVIDENCE_ONLY,AUDITED_DIAGNOSTIC_ONLY
macro_rates,receipt:macro_rates:2026-06-24T00:25:00Z,2026-06-22T21:00:00Z,2026-06-24T00:27:29.119721Z,2026-06-24T00:27:29.119721Z,2026-06-24T00:27:29Z,2026-06-24T00:27:29Z,2026-06-24T00:27:29Z,2026-06-24T00:27:29Z,2026-06-24T00:27:30Z,DIAGNOSTIC_SOURCE_EVIDENCE_ONLY,AUDITED_DIAGNOSTIC_ONLY
macro_rates,receipt:macro_rates:provider:4cb62962859a1d96,2026-06-22T21:00:00Z,2026-06-24T00:25:52.804104Z,2026-06-24T00:25:52.804104Z,2026-06-24T00:25:52Z,2026-06-24T00:25:52Z,2026-06-24T00:25:52Z,2026-06-24T00:25:52Z,2026-06-24T00:25:53Z,DIAGNOSTIC_SOURCE_EVIDENCE_ONLY,AUDITED_DIAGNOSTIC_ONLY
macro_rates,receipt:macro_rates:2026-06-24T00:20:00Z,2026-06-22T21:00:00Z,2026-06-24T00:22:47.269751Z,2026-06-24T00:22:47.269751Z,2026-06-24T00:22:47Z,2026-06-24T00:22:47Z,2026-06-24T00:22:47Z,2026-06-24T00:22:47Z,2026-06-24T00:22:48Z,DIAGNOSTIC_SOURCE_EVIDENCE_ONLY,AUDITED_DIAGNOSTIC_ONLY
macro_rates,receipt:macro_rates:provider:1e072a9925d7001b,2026-06-22T21:00:00Z,2026-06-24T00:20:57.512354Z,2026-06-24T00:20:57.512354Z,2026-06-24T00:20:57Z,2026-06-24T00:20:57Z,2026-06-24T00:20:57Z,2026-06-24T00:20:57Z,2026-06-24T00:20:58Z,DIAGNOSTIC_SOURCE_EVIDENCE_ONLY,AUDITED_DIAGNOSTIC_ONLY
macro_rates,receipt:macro_rates:2026-06-24T00:15:00Z,2026-06-22T21:00:00Z,2026-06-24T00:16:50.746252Z,2026-06-24T00:16:50.746252Z,2026-06-24T00:16:50Z,2026-06-24T00:16:50Z,2026-06-24T00:16:50Z,2026-06-24T00:16:50Z,2026-06-24T00:16:51Z,DIAGNOSTIC_SOURCE_EVIDENCE_ONLY,AUDITED_DIAGNOSTIC_ONLY
macro_rates,receipt:macro_rates:provider:012a9ac5b764c2d6,2026-06-22T21:00:00Z,2026-06-24T00:15:16.084695Z,2026-06-24T00:15:16.084695Z,2026-06-24T00:15:16Z,2026-06-24T00:15:16Z,2026-06-24T00:15:16Z,2026-06-24T00:15:16Z,2026-06-24T00:15:17Z,DIAGNOSTIC_SOURCE_EVIDENCE_ONLY,AUDITED_DIAGNOSTIC_ONLY
macro_rates,receipt:macro_rates:2026-06-24T00:10:00Z,2026-06-22T21:00:00Z,2026-06-24T00:13:10.908887Z,2026-06-24T00:13:10.908887Z,2026-06-24T00:13:10Z,2026-06-24T00:13:10Z,2026-06-24T00:13:10Z,2026-06-24T00:13:10Z,2026-06-24T00:13:11Z,DIAGNOSTIC_SOURCE_EVIDENCE_ONLY,AUDITED_DIAGNOSTIC_ONLY
macro_rates,receipt:macro_rates:provider:532142e76824fa2f,2026-06-22T21:00:00Z,2026-06-24T00:11:01.047552Z,2026-06-24T00:11:01.047552Z,2026-06-24T00:11:01Z,2026-06-24T00:11:01Z,2026-06-24T00:11:01Z,2026-06-24T00:11:01Z,2026-06-24T00:11:02Z,DIAGNOSTIC_SOURCE_EVIDENCE_ONLY,AUDITED_DIAGNOSTIC_ONLY
macro_rates,receipt:macro_rates:2026-06-24T00:05:00Z,2026-06-22T21:00:00Z,2026-06-24T00:07:56.341199Z,2026-06-24T00:07:56.341199Z,2026-06-24T00:07:56Z,2026-06-24T00:07:56Z,2026-06-24T00:07:56Z,2026-06-24T00:07:56Z,2026-06-24T00:07:57Z,DIAGNOSTIC_SOURCE_EVIDENCE_ONLY,AUDITED_DIAGNOSTIC_ONLY
macro_rates,receipt:macro_rates:provider:833f5edc81ac22f0,2026-06-22T21:00:00Z,2026-06-24T00:05:52.587753Z,2026-06-24T00:05:52.587753Z,2026-06-24T00:05:52Z,2026-06-24T00:05:52Z,2026-06-24T00:05:52Z,2026-06-24T00:05:52Z,2026-06-24T00:05:53Z,DIAGNOSTIC_SOURCE_EVIDENCE_ONLY,AUDITED_DIAGNOSTIC_ONLY
macro_rates,receipt:macro_rates:2026-06-24T00:00:00Z,2026-06-22T21:00:00Z,2026-06-24T00:04:47.436673Z,2026-06-24T00:04:47.436673Z,2026-06-24T00:04:47Z,2026-06-24T00:04:47Z,2026-06-24T00:04:47Z,2026-06-24T00:04:47Z,2026-06-24T00:04:48Z,DIAGNOSTIC_SOURCE_EVIDENCE_ONLY,AUDITED_DIAGNOSTIC_ONLY
macro_rates,receipt:macro_rates:provider:35947ac8ddd6a24f,2026-06-22T21:00:00Z,2026-06-24T00:00:37.439891Z,2026-06-24T00:00:37.439891Z,2026-06-24T00:00:37Z,2026-06-24T00:00:37Z,2026-06-24T00:00:37Z,2026-06-24T00:00:37Z,2026-06-24T00:00:38Z,DIAGNOSTIC_SOURCE_EVIDENCE_ONLY,AUDITED_DIAGNOSTIC_ONLY
macro_rates,receipt:macro_rates:2026-06-23T23:55:00Z,2026-06-22T21:00:00Z,2026-06-23T23:57:30.972530Z,2026-06-23T23:57:30.972530Z,2026-06-23T23:57:30Z,2026-06-23T23:57:30Z,2026-06-23T23:57:30Z,2026-06-23T23:57:30Z,2026-06-23T23:57:31Z,DIAGNOSTIC_SOURCE_EVIDENCE_ONLY,AUDITED_DIAGNOSTIC_ONLY
macro_rates,receipt:macro_rates:provider:3db0e0fd56f2bf9c,2026-06-22T21:00:00Z,2026-06-23T23:55:51.050811Z,2026-06-23T23:55:51.050811Z,2026-06-23T23:55:51Z,2026-06-23T23:55:51Z,2026-06-23T23:55:51Z,2026-06-23T23:55:51Z,2026-06-23T23:55:52Z,DIAGNOSTIC_SOURCE_EVIDENCE_ONLY,AUDITED_DIAGNOSTIC_ONLY
macro_rates,receipt:macro_rates:2026-06-23T23:50:00Z,2026-06-22T21:00:00Z,2026-06-23T23:52:45.409076Z,2026-06-23T23:52:45.409076Z,2026-06-23T23:52:45Z,2026-06-23T23:52:45Z,2026-06-23T23:52:45Z,2026-06-23T23:52:45Z,2026-06-23T23:52:46Z,DIAGNOSTIC_SOURCE_EVIDENCE_ONLY,AUDITED_DIAGNOSTIC_ONLY
macro_rates,receipt:macro_rates:provider:eca5f375b6d8a48a,2026-06-22T21:00:00Z,2026-06-23T23:50:56.054341Z,2026-06-23T23:50:56.054341Z,2026-06-23T23:50:56Z,2026-06-23T23:50:56Z,2026-06-23T23:50:56Z,2026-06-23T23:50:56Z,2026-06-23T23:50:57Z,DIAGNOSTIC_SOURCE_EVIDENCE_ONLY,AUDITED_DIAGNOSTIC_ONLY
macro_rates,receipt:macro_rates:2026-06-23T23:45:00Z,2026-06-22T21:00:00Z,2026-06-23T23:46:45.457741Z,2026-06-23T23:46:45.457741Z,2026-06-23T23:46:45Z,2026-06-23T23:46:45Z,2026-06-23T23:46:45Z,2026-06-23T23:46:45Z,2026-06-23T23:46:46Z,DIAGNOSTIC_SOURCE_EVIDENCE_ONLY,AUDITED_DIAGNOSTIC_ONLY
macro_rates,receipt:macro_rates:provider:e8a1e73aa0ccf1dd,2026-06-22T21:00:00Z,2026-06-23T23:45:07.331854Z,2026-06-23T23:45:07.331854Z,2026-06-23T23:45:07Z,2026-06-23T23:45:07Z,2026-06-23T23:45:07Z,2026-06-23T23:45:07Z,2026-06-23T23:45:08Z,DIAGNOSTIC_SOURCE_EVIDENCE_ONLY,AUDITED_DIAGNOSTIC_ONLY
macro_rates,receipt:macro_rates:2026-06-23T23:40:00Z,2026-06-22T21:00:00Z,2026-06-23T23:42:00.460326Z,2026-06-23T23:42:00.460326Z,2026-06-23T23:42:00Z,2026-06-23T23:42:00Z,2026-06-23T23:42:00Z,2026-06-23T23:42:00Z,2026-06-23T23:42:01Z,DIAGNOSTIC_SOURCE_EVIDENCE_ONLY,AUDITED_DIAGNOSTIC_ONLY
macro_rates,receipt:macro_rates:provider:30f385496def0df0,2026-06-22T21:00:00Z,2026-06-23T23:40:13.439590Z,2026-06-23T23:40:13.439590Z,2026-06-23T23:40:13Z,2026-06-23T23:40:13Z,2026-06-23T23:40:13Z,2026-06-23T23:40:13Z,2026-06-23T23:40:14Z,DIAGNOSTIC_SOURCE_EVIDENCE_ONLY,AUDITED_DIAGNOSTIC_ONLY
macro_rates,receipt:macro_rates:2026-06-23T23:35:00Z,2026-06-22T21:00:00Z,2026-06-23T23:37:07.668724Z,2026-06-23T23:37:07.668724Z,2026-06-23T23:37:07Z,2026-06-23T23:37:07Z,2026-06-23T23:37:07Z,2026-06-23T23:37:07Z,2026-06-23T23:37:08Z,DIAGNOSTIC_SOURCE_EVIDENCE_ONLY,AUDITED_DIAGNOSTIC_ONLY
macro_rates,receipt:macro_rates:provider:ec26c5f0ad0bd9f7,2026-06-22T21:00:00Z,2026-06-23T23:35:35.450759Z,2026-06-23T23:35:35.450759Z,2026-06-23T23:35:35Z,2026-06-23T23:35:35Z,2026-06-23T23:35:35Z,2026-06-23T23:35:35Z,2026-06-23T23:35:36Z,DIAGNOSTIC_SOURCE_EVIDENCE_ONLY,AUDITED_DIAGNOSTIC_ONLY
macro_rates,receipt:macro_rates:2026-06-23T23:30:00Z,2026-06-22T21:00:00Z,2026-06-23T23:32:30.079821Z,2026-06-23T23:32:30.079821Z,2026-06-23T23:32:30Z,2026-06-23T23:32:30Z,2026-06-23T23:32:30Z,2026-06-23T23:32:30Z,2026-06-23T23:32:31Z,DIAGNOSTIC_SOURCE_EVIDENCE_ONLY,AUDITED_DIAGNOSTIC_ONLY
macro_rates,receipt:macro_rates:provider:1e1aee93fa45c4a2,2026-06-22T21:00:00Z,2026-06-23T23:30:31.619267Z,2026-06-23T23:30:31.619267Z,2026-06-23T23:30:31Z,2026-06-23T23:30:31Z,2026-06-23T23:30:31Z,2026-06-23T23:30:31Z,2026-06-23T23:30:32Z,DIAGNOSTIC_SOURCE_EVIDENCE_ONLY,AUDITED_DIAGNOSTIC_ONLY
macro_rates,receipt:macro_rates:2026-06-23T23:25:00Z,2026-06-22T21:00:00Z,2026-06-23T23:27:25.290595Z,2026-06-23T23:27:25.290595Z,2026-06-23T23:27:25Z,2026-06-23T23:27:25Z,2026-06-23T23:27:25Z,2026-06-23T23:27:25Z,2026-06-23T23:27:26Z,DIAGNOSTIC_SOURCE_EVIDENCE_ONLY,AUDITED_DIAGNOSTIC_ONLY
macro_rates,receipt:macro_rates:provider:20d351510e91d467,2026-06-22T21:00:00Z,2026-06-23T23:25:47.422295Z,2026-06-23T23:25:47.422295Z,2026-06-23T23:25:47Z,2026-06-23T23:25:47Z,2026-06-23T23:25:47Z,2026-06-23T23:25:47Z,2026-06-23T23:25:48Z,DIAGNOSTIC_SOURCE_EVIDENCE_ONLY,AUDITED_DIAGNOSTIC_ONLY
macro_rates,receipt:macro_rates:2026-06-23T23:20:00Z,2026-06-22T21:00:00Z,2026-06-23T23:22:42.275990Z,2026-06-23T23:22:42.275990Z,2026-06-23T23:22:42Z,2026-06-23T23:22:42Z,2026-06-23T23:22:42Z,2026-06-23T23:22:42Z,2026-06-23T23:22:43Z,DIAGNOSTIC_SOURCE_EVIDENCE_ONLY,AUDITED_DIAGNOSTIC_ONLY
macro_rates,receipt:macro_rates:provider:9a6e216434e5fcec,2026-06-22T21:00:00Z,2026-06-23T23:20:57.589016Z,2026-06-23T23:20:57.589016Z,2026-06-23T23:20:57Z,2026-06-23T23:20:57Z,2026-06-23T23:20:57Z,2026-06-23T23:20:57Z,2026-06-23T23:20:58Z,DIAGNOSTIC_SOURCE_EVIDENCE_ONLY,AUDITED_DIAGNOSTIC_ONLY
macro_rates,receipt:macro_rates:2026-06-23T23:15:00Z,2026-06-22T21:00:00Z,2026-06-23T23:16:52.471628Z,2026-06-23T23:16:52.471628Z,2026-06-23T23:16:52Z,2026-06-23T23:16:52Z,2026-06-23T23:16:52Z,2026-06-23T23:16:52Z,2026-06-23T23:16:53Z,DIAGNOSTIC_SOURCE_EVIDENCE_ONLY,AUDITED_DIAGNOSTIC_ONLY
macro_rates,receipt:macro_rates:provider:b96fa039c8bfcc46,2026-06-22T21:00:00Z,2026-06-23T23:15:19.948499Z,2026-06-23T23:15:19.948499Z,2026-06-23T23:15:19Z,2026-06-23T23:15:19Z,2026-06-23T23:15:19Z,2026-06-23T23:15:19Z,2026-06-23T23:15:20Z,DIAGNOSTIC_SOURCE_EVIDENCE_ONLY,AUDITED_DIAGNOSTIC_ONLY
macro_rates,receipt:macro_rates:2026-06-23T23:10:00Z,2026-06-22T21:00:00Z,2026-06-23T23:12:14.640618Z,2026-06-23T23:12:14.640618Z,2026-06-23T23:12:14Z,2026-06-23T23:12:14Z,2026-06-23T23:12:14Z,2026-06-23T23:12:14Z,2026-06-23T23:12:15Z,DIAGNOSTIC_SOURCE_EVIDENCE_ONLY,AUDITED_DIAGNOSTIC_ONLY
macro_rates,receipt:macro_rates:provider:7392df860fe9d62f,2026-06-22T21:00:00Z,2026-06-23T23:10:25.637819Z,2026-06-23T23:10:25.637819Z,2026-06-23T23:10:25Z,2026-06-23T23:10:25Z,2026-06-23T23:10:25Z,2026-06-23T23:10:25Z,2026-06-23T23:10:26Z,DIAGNOSTIC_SOURCE_EVIDENCE_ONLY,AUDITED_DIAGNOSTIC_ONLY
macro_rates,receipt:macro_rates:2026-06-23T23:05:00Z,2026-06-22T21:00:00Z,2026-06-23T23:07:20.892123Z,2026-06-23T23:07:20.892123Z,2026-06-23T23:07:20Z,2026-06-23T23:07:20Z,2026-06-23T23:07:20Z,2026-06-23T23:07:20Z,2026-06-23T23:07:21Z,DIAGNOSTIC_SOURCE_EVIDENCE_ONLY,AUDITED_DIAGNOSTIC_ONLY
macro_rates,receipt:macro_rates:provider:770036eb953b5181,2026-06-22T21:00:00Z,2026-06-23T23:05:48.219780Z,2026-06-23T23:05:48.219780Z,2026-06-23T23:05:48Z,2026-06-23T23:05:48Z,2026-06-23T23:05:48Z,2026-06-23T23:05:48Z,2026-06-23T23:05:49Z,DIAGNOSTIC_SOURCE_EVIDENCE_ONLY,AUDITED_DIAGNOSTIC_ONLY
macro_rates,receipt:macro_rates:2026-06-23T23:00:00Z,2026-06-22T21:00:00Z,2026-06-23T23:03:43.425740Z,2026-06-23T23:03:43.425740Z,2026-06-23T23:03:43Z,2026-06-23T23:03:43Z,2026-06-23T23:03:43Z,2026-06-23T23:03:43Z,2026-06-23T23:03:44Z,DIAGNOSTIC_SOURCE_EVIDENCE_ONLY,AUDITED_DIAGNOSTIC_ONLY
macro_rates,receipt:macro_rates:provider:39a65068689c0c71,2026-06-22T21:00:00Z,2026-06-23T23:00:53.230250Z,2026-06-23T23:00:53.230250Z,2026-06-23T23:00:53Z,2026-06-23T23:00:53Z,2026-06-23T23:00:53Z,2026-06-23T23:00:53Z,2026-06-23T23:00:54Z,DIAGNOSTIC_SOURCE_EVIDENCE_ONLY,AUDITED_DIAGNOSTIC_ONLY
macro_rates,receipt:macro_rates:2026-06-23T22:55:00Z,2026-06-22T21:00:00Z,2026-06-23T22:57:47.146245Z,2026-06-23T22:57:47.146245Z,2026-06-23T22:57:47Z,2026-06-23T22:57:47Z,2026-06-23T22:57:47Z,2026-06-23T22:57:47Z,2026-06-23T22:57:48Z,DIAGNOSTIC_SOURCE_EVIDENCE_ONLY,AUDITED_DIAGNOSTIC_ONLY
macro_rates,receipt:macro_rates:provider:0c43ed7379a607e5,2026-06-22T21:00:00Z,2026-06-23T22:56:02.388927Z,2026-06-23T22:56:02.388927Z,2026-06-23T22:56:02Z,2026-06-23T22:56:02Z,2026-06-23T22:56:02Z,2026-06-23T22:56:02Z,2026-06-23T22:56:03Z,DIAGNOSTIC_SOURCE_EVIDENCE_ONLY,AUDITED_DIAGNOSTIC_ONLY
macro_rates,receipt:macro_rates:2026-06-23T22:50:00Z,2026-06-22T21:00:00Z,2026-06-23T22:51:57.456480Z,2026-06-23T22:51:57.456480Z,2026-06-23T22:51:57Z,2026-06-23T22:51:57Z,2026-06-23T22:51:57Z,2026-06-23T22:51:57Z,2026-06-23T22:51:58Z,DIAGNOSTIC_SOURCE_EVIDENCE_ONLY,AUDITED_DIAGNOSTIC_ONLY
macro_rates,receipt:macro_rates:provider:40e781c220135e67,2026-06-22T21:00:00Z,2026-06-23T22:50:06.014411Z,2026-06-23T22:50:06.014411Z,2026-06-23T22:50:06Z,2026-06-23T22:50:06Z,2026-06-23T22:50:06Z,2026-06-23T22:50:06Z,2026-06-23T22:50:07Z,DIAGNOSTIC_SOURCE_EVIDENCE_ONLY,AUDITED_DIAGNOSTIC_ONLY
macro_rates,receipt:macro_rates:2026-06-23T22:45:00Z,2026-06-22T21:00:00Z,2026-06-23T22:47:01.076625Z,2026-06-23T22:47:01.076625Z,2026-06-23T22:47:01Z,2026-06-23T22:47:01Z,2026-06-23T22:47:01Z,2026-06-23T22:47:01Z,2026-06-23T22:47:02Z,DIAGNOSTIC_SOURCE_EVIDENCE_ONLY,AUDITED_DIAGNOSTIC_ONLY
macro_rates,receipt:macro_rates:provider:c8e5fa93834f3aa1,2026-06-22T21:00:00Z,2026-06-23T22:45:27.868848Z,2026-06-23T22:45:27.868848Z,2026-06-23T22:45:27Z,2026-06-23T22:45:27Z,2026-06-23T22:45:27Z,2026-06-23T22:45:27Z,2026-06-23T22:45:28Z,DIAGNOSTIC_SOURCE_EVIDENCE_ONLY,AUDITED_DIAGNOSTIC_ONLY
macro_rates,receipt:macro_rates:2026-06-23T22:40:00Z,2026-06-22T21:00:00Z,2026-06-23T22:42:21.324339Z,2026-06-23T22:42:21.324339Z,2026-06-23T22:42:21Z,2026-06-23T22:42:21Z,2026-06-23T22:42:21Z,2026-06-23T22:42:21Z,2026-06-23T22:42:22Z,DIAGNOSTIC_SOURCE_EVIDENCE_ONLY,AUDITED_DIAGNOSTIC_ONLY
macro_rates,receipt:macro_rates:provider:96b211f4721d2092,2026-06-22T21:00:00Z,2026-06-23T22:40:31.840572Z,2026-06-23T22:40:31.840572Z,2026-06-23T22:40:31Z,2026-06-23T22:40:31Z,2026-06-23T22:40:31Z,2026-06-23T22:40:31Z,2026-06-23T22:40:32Z,DIAGNOSTIC_SOURCE_EVIDENCE_ONLY,AUDITED_DIAGNOSTIC_ONLY
macro_rates,receipt:macro_rates:2026-06-23T22:35:00Z,2026-06-22T21:00:00Z,2026-06-23T22:37:25.018263Z,2026-06-23T22:37:25.018263Z,2026-06-23T22:37:25Z,2026-06-23T22:37:25Z,2026-06-23T22:37:25Z,2026-06-23T22:37:25Z,2026-06-23T22:37:26Z,DIAGNOSTIC_SOURCE_EVIDENCE_ONLY,AUDITED_DIAGNOSTIC_ONLY
macro_rates,receipt:macro_rates:provider:208184732ba3ab2e,2026-06-22T21:00:00Z,2026-06-23T22:35:31.641687Z,2026-06-23T22:35:31.641687Z,2026-06-23T22:35:31Z,2026-06-23T22:35:31Z,2026-06-23T22:35:31Z,2026-06-23T22:35:31Z,2026-06-23T22:35:32Z,DIAGNOSTIC_SOURCE_EVIDENCE_ONLY,AUDITED_DIAGNOSTIC_ONLY
macro_rates,receipt:macro_rates:2026-06-23T22:30:00Z,2026-06-22T21:00:00Z,2026-06-23T22:32:25.363818Z,2026-06-23T22:32:25.363818Z,2026-06-23T22:32:25Z,2026-06-23T22:32:25Z,2026-06-23T22:32:25Z,2026-06-23T22:32:25Z,2026-06-23T22:32:26Z,DIAGNOSTIC_SOURCE_EVIDENCE_ONLY,AUDITED_DIAGNOSTIC_ONLY
macro_rates,receipt:macro_rates:provider:8027cfa26a909625,2026-06-22T21:00:00Z,2026-06-23T22:30:50.980291Z,2026-06-23T22:30:50.980291Z,2026-06-23T22:30:50Z,2026-06-23T22:30:50Z,2026-06-23T22:30:50Z,2026-06-23T22:30:50Z,2026-06-23T22:30:51Z,DIAGNOSTIC_SOURCE_EVIDENCE_ONLY,AUDITED_DIAGNOSTIC_ONLY
macro_rates,receipt:macro_rates:2026-06-23T22:25:00Z,2026-06-22T21:00:00Z,2026-06-23T22:27:45.661965Z,2026-06-23T22:27:45.661965Z,2026-06-23T22:27:45Z,2026-06-23T22:27:45Z,2026-06-23T22:27:45Z,2026-06-23T22:27:45Z,2026-06-23T22:27:46Z,DIAGNOSTIC_SOURCE_EVIDENCE_ONLY,AUDITED_DIAGNOSTIC_ONLY
macro_rates,receipt:macro_rates:provider:23fb0cb0b6fffef5,2026-06-22T21:00:00Z,2026-06-23T22:25:57.048170Z,2026-06-23T22:25:57.048170Z,2026-06-23T22:25:57Z,2026-06-23T22:25:57Z,2026-06-23T22:25:57Z,2026-06-23T22:25:57Z,2026-06-23T22:25:58Z,DIAGNOSTIC_SOURCE_EVIDENCE_ONLY,AUDITED_DIAGNOSTIC_ONLY
macro_rates,receipt:macro_rates:2026-06-23T22:20:00Z,2026-06-22T21:00:00Z,2026-06-23T22:21:52.466471Z,2026-06-23T22:21:52.466471Z,2026-06-23T22:21:52Z,2026-06-23T22:21:52Z,2026-06-23T22:21:52Z,2026-06-23T22:21:52Z,2026-06-23T22:21:53Z,DIAGNOSTIC_SOURCE_EVIDENCE_ONLY,AUDITED_DIAGNOSTIC_ONLY
macro_rates,receipt:macro_rates:provider:d2cdb20d74932fc7,2026-06-22T21:00:00Z,2026-06-23T22:20:05.624223Z,2026-06-23T22:20:05.624223Z,2026-06-23T22:20:05Z,2026-06-23T22:20:05Z,2026-06-23T22:20:05Z,2026-06-23T22:20:05Z,2026-06-23T22:20:06Z,DIAGNOSTIC_SOURCE_EVIDENCE_ONLY,AUDITED_DIAGNOSTIC_ONLY
macro_rates,receipt:macro_rates:2026-06-23T22:15:00Z,2026-06-22T21:00:00Z,2026-06-23T22:18:00.085724Z,2026-06-23T22:18:00.085724Z,2026-06-23T22:18:00Z,2026-06-23T22:18:00Z,2026-06-23T22:18:00Z,2026-06-23T22:18:00Z,2026-06-23T22:18:01Z,DIAGNOSTIC_SOURCE_EVIDENCE_ONLY,AUDITED_DIAGNOSTIC_ONLY
macro_rates,receipt:macro_rates:provider:cf2a461af7051765,2026-06-22T21:00:00Z,2026-06-23T22:15:58.564269Z,2026-06-23T22:15:58.564269Z,2026-06-23T22:15:58Z,2026-06-23T22:15:58Z,2026-06-23T22:15:58Z,2026-06-23T22:15:58Z,2026-06-23T22:15:59Z,DIAGNOSTIC_SOURCE_EVIDENCE_ONLY,AUDITED_DIAGNOSTIC_ONLY
macro_rates,receipt:macro_rates:2026-06-23T22:10:00Z,2026-06-22T21:00:00Z,2026-06-23T22:11:53.832637Z,2026-06-23T22:11:53.832637Z,2026-06-23T22:11:53Z,2026-06-23T22:11:53Z,2026-06-23T22:11:53Z,2026-06-23T22:11:53Z,2026-06-23T22:11:54Z,DIAGNOSTIC_SOURCE_EVIDENCE_ONLY,AUDITED_DIAGNOSTIC_ONLY
macro_rates,receipt:macro_rates:provider:a804d11d491a1de2,2026-06-22T21:00:00Z,2026-06-23T22:10:14.225088Z,2026-06-23T22:10:14.225088Z,2026-06-23T22:10:14Z,2026-06-23T22:10:14Z,2026-06-23T22:10:14Z,2026-06-23T22:10:14Z,2026-06-23T22:10:15Z,DIAGNOSTIC_SOURCE_EVIDENCE_ONLY,AUDITED_DIAGNOSTIC_ONLY
macro_rates,receipt:macro_rates:2026-06-23T22:05:00Z,2026-06-22T21:00:00Z,2026-06-23T22:07:09.062929Z,2026-06-23T22:07:09.062929Z,2026-06-23T22:07:09Z,2026-06-23T22:07:09Z,2026-06-23T22:07:09Z,2026-06-23T22:07:09Z,2026-06-23T22:07:10Z,DIAGNOSTIC_SOURCE_EVIDENCE_ONLY,AUDITED_DIAGNOSTIC_ONLY
macro_rates,receipt:macro_rates:provider:f316b5306e55f122,2026-06-22T21:00:00Z,2026-06-23T22:05:21.037913Z,2026-06-23T22:05:21.037913Z,2026-06-23T22:05:21Z,2026-06-23T22:05:21Z,2026-06-23T22:05:21Z,2026-06-23T22:05:21Z,2026-06-23T22:05:22Z,DIAGNOSTIC_SOURCE_EVIDENCE_ONLY,AUDITED_DIAGNOSTIC_ONLY
macro_rates,receipt:macro_rates:2026-06-23T22:00:00Z,2026-06-22T21:00:00Z,2026-06-23T22:03:15.998127Z,2026-06-23T22:03:15.998127Z,2026-06-23T22:03:15Z,2026-06-23T22:03:15Z,2026-06-23T22:03:15Z,2026-06-23T22:03:15Z,2026-06-23T22:03:16Z,DIAGNOSTIC_SOURCE_EVIDENCE_ONLY,AUDITED_DIAGNOSTIC_ONLY
macro_rates,receipt:macro_rates:provider:eb5d2e6b876d441c,2026-06-22T21:00:00Z,2026-06-23T22:00:08.671698Z,2026-06-23T22:00:08.671698Z,2026-06-23T22:00:08Z,2026-06-23T22:00:08Z,2026-06-23T22:00:08Z,2026-06-23T22:00:08Z,2026-06-23T22:00:09Z,DIAGNOSTIC_SOURCE_EVIDENCE_ONLY,AUDITED_DIAGNOSTIC_ONLY
macro_rates,receipt:macro_rates:2026-06-23T21:55:00Z,2026-06-22T21:00:00Z,2026-06-23T21:57:02.153264Z,2026-06-23T21:57:02.153264Z,2026-06-23T21:57:02Z,2026-06-23T21:57:02Z,2026-06-23T21:57:02Z,2026-06-23T21:57:02Z,2026-06-23T21:57:03Z,DIAGNOSTIC_SOURCE_EVIDENCE_ONLY,AUDITED_DIAGNOSTIC_ONLY
macro_rates,receipt:macro_rates:provider:a7cfb39cd7bb1090,2026-06-22T21:00:00Z,2026-06-23T21:55:13.004526Z,2026-06-23T21:55:13.004526Z,2026-06-23T21:55:13Z,2026-06-23T21:55:13Z,2026-06-23T21:55:13Z,2026-06-23T21:55:13Z,2026-06-23T21:55:14Z,DIAGNOSTIC_SOURCE_EVIDENCE_ONLY,AUDITED_DIAGNOSTIC_ONLY
macro_rates,receipt:macro_rates:2026-06-23T21:50:00Z,2026-06-22T21:00:00Z,2026-06-23T21:52:06.861391Z,2026-06-23T21:52:06.861391Z,2026-06-23T21:52:06Z,2026-06-23T21:52:06Z,2026-06-23T21:52:06Z,2026-06-23T21:52:06Z,2026-06-23T21:52:07Z,DIAGNOSTIC_SOURCE_EVIDENCE_ONLY,AUDITED_DIAGNOSTIC_ONLY
macro_rates,receipt:macro_rates:provider:2b1db7f3b4bb77e2,2026-06-22T21:00:00Z,2026-06-23T21:50:17.751025Z,2026-06-23T21:50:17.751025Z,2026-06-23T21:50:17Z,2026-06-23T21:50:17Z,2026-06-23T21:50:17Z,2026-06-23T21:50:17Z,2026-06-23T21:50:18Z,DIAGNOSTIC_SOURCE_EVIDENCE_ONLY,AUDITED_DIAGNOSTIC_ONLY
macro_rates,receipt:macro_rates:2026-06-23T21:45:00Z,2026-06-22T21:00:00Z,2026-06-23T21:47:12.422820Z,2026-06-23T21:47:12.422820Z,2026-06-23T21:47:12Z,2026-06-23T21:47:12Z,2026-06-23T21:47:12Z,2026-06-23T21:47:12Z,2026-06-23T21:47:13Z,DIAGNOSTIC_SOURCE_EVIDENCE_ONLY,AUDITED_DIAGNOSTIC_ONLY
macro_rates,receipt:macro_rates:provider:be118b9f754e0088,2026-06-22T21:00:00Z,2026-06-23T21:45:28.078781Z,2026-06-23T21:45:28.078781Z,2026-06-23T21:45:28Z,2026-06-23T21:45:28Z,2026-06-23T21:45:28Z,2026-06-23T21:45:28Z,2026-06-23T21:45:29Z,DIAGNOSTIC_SOURCE_EVIDENCE_ONLY,AUDITED_DIAGNOSTIC_ONLY
macro_rates,receipt:macro_rates:2026-06-23T21:40:00Z,2026-06-22T21:00:00Z,2026-06-23T21:42:22.879415Z,2026-06-23T21:42:22.879415Z,2026-06-23T21:42:22Z,2026-06-23T21:42:22Z,2026-06-23T21:42:22Z,2026-06-23T21:42:22Z,2026-06-23T21:42:23Z,DIAGNOSTIC_SOURCE_EVIDENCE_ONLY,AUDITED_DIAGNOSTIC_ONLY
macro_rates,receipt:macro_rates:provider:b4c7477118fe9254,2026-06-22T21:00:00Z,2026-06-23T21:40:34.978994Z,2026-06-23T21:40:34.978994Z,2026-06-23T21:40:34Z,2026-06-23T21:40:34Z,2026-06-23T21:40:34Z,2026-06-23T21:40:34Z,2026-06-23T21:40:35Z,DIAGNOSTIC_SOURCE_EVIDENCE_ONLY,AUDITED_DIAGNOSTIC_ONLY
macro_rates,receipt:macro_rates:2026-06-23T21:35:00Z,2026-06-22T21:00:00Z,2026-06-23T21:37:29.865529Z,2026-06-23T21:37:29.865529Z,2026-06-23T21:37:29Z,2026-06-23T21:37:29Z,2026-06-23T21:37:29Z,2026-06-23T21:37:29Z,2026-06-23T21:37:30Z,DIAGNOSTIC_SOURCE_EVIDENCE_ONLY,AUDITED_DIAGNOSTIC_ONLY
macro_rates,receipt:macro_rates:provider:d917d58c6b5f5327,2026-06-22T21:00:00Z,2026-06-23T21:35:35.256129Z,2026-06-23T21:35:35.256129Z,2026-06-23T21:35:35Z,2026-06-23T21:35:35Z,2026-06-23T21:35:35Z,2026-06-23T21:35:35Z,2026-06-23T21:35:36Z,DIAGNOSTIC_SOURCE_EVIDENCE_ONLY,AUDITED_DIAGNOSTIC_ONLY
macro_rates,receipt:macro_rates:2026-06-23T21:30:00Z,2026-06-22T21:00:00Z,2026-06-23T21:32:30.303006Z,2026-06-23T21:32:30.303006Z,2026-06-23T21:32:30Z,2026-06-23T21:32:30Z,2026-06-23T21:32:30Z,2026-06-23T21:32:30Z,2026-06-23T21:32:31Z,DIAGNOSTIC_SOURCE_EVIDENCE_ONLY,AUDITED_DIAGNOSTIC_ONLY
macro_rates,receipt:macro_rates:provider:dd421f4758aa390d,2026-06-22T21:00:00Z,2026-06-23T21:30:36.019287Z,2026-06-23T21:30:36.019287Z,2026-06-23T21:30:36Z,2026-06-23T21:30:36Z,2026-06-23T21:30:36Z,2026-06-23T21:30:36Z,2026-06-23T21:30:37Z,DIAGNOSTIC_SOURCE_EVIDENCE_ONLY,AUDITED_DIAGNOSTIC_ONLY
macro_rates,receipt:macro_rates:2026-06-23T21:25:00Z,2026-06-22T21:00:00Z,2026-06-23T21:27:31.075276Z,2026-06-23T21:27:31.075276Z,2026-06-23T21:27:31Z,2026-06-23T21:27:31Z,2026-06-23T21:27:31Z,2026-06-23T21:27:31Z,2026-06-23T21:27:32Z,DIAGNOSTIC_SOURCE_EVIDENCE_ONLY,AUDITED_DIAGNOSTIC_ONLY
macro_rates,receipt:macro_rates:provider:77ae9a3ab81a844d,2026-06-22T21:00:00Z,2026-06-23T21:25:59.114544Z,2026-06-23T21:25:59.114544Z,2026-06-23T21:25:59Z,2026-06-23T21:25:59Z,2026-06-23T21:25:59Z,2026-06-23T21:25:59Z,2026-06-23T21:26:00Z,DIAGNOSTIC_SOURCE_EVIDENCE_ONLY,AUDITED_DIAGNOSTIC_ONLY
macro_rates,receipt:macro_rates:2026-06-23T21:20:00Z,2026-06-22T21:00:00Z,2026-06-23T21:22:53.925785Z,2026-06-23T21:22:53.925785Z,2026-06-23T21:22:53Z,2026-06-23T21:22:53Z,2026-06-23T21:22:53Z,2026-06-23T21:22:53Z,2026-06-23T21:22:54Z,DIAGNOSTIC_SOURCE_EVIDENCE_ONLY,AUDITED_DIAGNOSTIC_ONLY
macro_rates,receipt:macro_rates:provider:bb3437d74c301485,2026-06-22T21:00:00Z,2026-06-23T21:21:04.687398Z,2026-06-23T21:21:04.687398Z,2026-06-23T21:21:04Z,2026-06-23T21:21:04Z,2026-06-23T21:21:04Z,2026-06-23T21:21:04Z,2026-06-23T21:21:05Z,DIAGNOSTIC_SOURCE_EVIDENCE_ONLY,AUDITED_DIAGNOSTIC_ONLY
macro_rates,receipt:macro_rates:2026-06-23T21:15:00Z,2026-06-22T21:00:00Z,2026-06-23T21:16:58.428832Z,2026-06-23T21:16:58.428832Z,2026-06-23T21:16:58Z,2026-06-23T21:16:58Z,2026-06-23T21:16:58Z,2026-06-23T21:16:58Z,2026-06-23T21:16:59Z,DIAGNOSTIC_SOURCE_EVIDENCE_ONLY,AUDITED_DIAGNOSTIC_ONLY
macro_rates,receipt:macro_rates:provider:654c42e1a98cb4ef,2026-06-22T21:00:00Z,2026-06-23T21:15:25.041143Z,2026-06-23T21:15:25.041143Z,2026-06-23T21:15:25Z,2026-06-23T21:15:25Z,2026-06-23T21:15:25Z,2026-06-23T21:15:25Z,2026-06-23T21:15:26Z,DIAGNOSTIC_SOURCE_EVIDENCE_ONLY,AUDITED_DIAGNOSTIC_ONLY
macro_rates,receipt:macro_rates:2026-06-23T21:10:00Z,2026-06-22T21:00:00Z,2026-06-23T21:12:19.612715Z,2026-06-23T21:12:19.612715Z,2026-06-23T21:12:19Z,2026-06-23T21:12:19Z,2026-06-23T21:12:19Z,2026-06-23T21:12:19Z,2026-06-23T21:12:20Z,DIAGNOSTIC_SOURCE_EVIDENCE_ONLY,AUDITED_DIAGNOSTIC_ONLY
macro_rates,receipt:macro_rates:provider:ba02e180c0b3c30f,2026-06-22T21:00:00Z,2026-06-23T21:10:27.228094Z,2026-06-23T21:10:27.228094Z,2026-06-23T21:10:27Z,2026-06-23T21:10:27Z,2026-06-23T21:10:27Z,2026-06-23T21:10:27Z,2026-06-23T21:10:28Z,DIAGNOSTIC_SOURCE_EVIDENCE_ONLY,AUDITED_DIAGNOSTIC_ONLY
macro_rates,receipt:macro_rates:2026-06-23T21:05:00Z,2026-06-22T21:00:00Z,2026-06-23T21:07:22.115165Z,2026-06-23T21:07:22.115165Z,2026-06-23T21:07:22Z,2026-06-23T21:07:22Z,2026-06-23T21:07:22Z,2026-06-23T21:07:22Z,2026-06-23T21:07:23Z,DIAGNOSTIC_SOURCE_EVIDENCE_ONLY,AUDITED_DIAGNOSTIC_ONLY
macro_rates,receipt:macro_rates:provider:4c395c562b0d2500,2026-06-22T21:00:00Z,2026-06-23T21:05:48.798701Z,2026-06-23T21:05:48.798701Z,2026-06-23T21:05:48Z,2026-06-23T21:05:48Z,2026-06-23T21:05:48Z,2026-06-23T21:05:48Z,2026-06-23T21:05:49Z,DIAGNOSTIC_SOURCE_EVIDENCE_ONLY,AUDITED_DIAGNOSTIC_ONLY
macro_rates,receipt:macro_rates:2026-06-23T21:00:00Z,2026-06-22T21:00:00Z,2026-06-23T21:03:43.418265Z,2026-06-23T21:03:43.418265Z,2026-06-23T21:03:43Z,2026-06-23T21:03:43Z,2026-06-23T21:03:43Z,2026-06-23T21:03:43Z,2026-06-23T21:03:44Z,DIAGNOSTIC_SOURCE_EVIDENCE_ONLY,AUDITED_DIAGNOSTIC_ONLY
macro_rates,receipt:macro_rates:provider:b7ab1e2be82a3fa6,2026-06-22T21:00:00Z,2026-06-23T21:00:26.717146Z,2026-06-23T21:00:26.717146Z,2026-06-23T21:00:26Z,2026-06-23T21:00:26Z,2026-06-23T21:00:26Z,2026-06-23T21:00:26Z,2026-06-23T21:00:27Z,DIAGNOSTIC_SOURCE_EVIDENCE_ONLY,AUDITED_DIAGNOSTIC_ONLY
macro_rates,receipt:macro_rates:2026-06-23T20:55:00Z,2026-06-22T21:00:00Z,2026-06-23T20:57:21.245629Z,2026-06-23T20:57:21.245629Z,2026-06-23T20:57:21Z,2026-06-23T20:57:21Z,2026-06-23T20:57:21Z,2026-06-23T20:57:21Z,2026-06-23T20:57:22Z,DIAGNOSTIC_SOURCE_EVIDENCE_ONLY,AUDITED_DIAGNOSTIC_ONLY
macro_rates,receipt:macro_rates:provider:557159862feb94f5,2026-06-22T21:00:00Z,2026-06-23T20:55:39.959207Z,2026-06-23T20:55:39.959207Z,2026-06-23T20:55:39Z,2026-06-23T20:55:39Z,2026-06-23T20:55:39Z,2026-06-23T20:55:39Z,2026-06-23T20:55:40Z,DIAGNOSTIC_SOURCE_EVIDENCE_ONLY,AUDITED_DIAGNOSTIC_ONLY
macro_rates,receipt:macro_rates:2026-06-23T20:50:00Z,2026-06-22T21:00:00Z,2026-06-23T20:52:34.780874Z,2026-06-23T20:52:34.780874Z,2026-06-23T20:52:34Z,2026-06-23T20:52:34Z,2026-06-23T20:52:34Z,2026-06-23T20:52:34Z,2026-06-23T20:52:35Z,DIAGNOSTIC_SOURCE_EVIDENCE_ONLY,AUDITED_DIAGNOSTIC_ONLY
macro_rates,receipt:macro_rates:provider:6a7b8da1ae13de1d,2026-06-22T21:00:00Z,2026-06-23T20:50:46.582528Z,2026-06-23T20:50:46.582528Z,2026-06-23T20:50:46Z,2026-06-23T20:50:46Z,2026-06-23T20:50:46Z,2026-06-23T20:50:46Z,2026-06-23T20:50:47Z,DIAGNOSTIC_SOURCE_EVIDENCE_ONLY,AUDITED_DIAGNOSTIC_ONLY
macro_rates,receipt:macro_rates:2026-06-23T20:45:00Z,2026-06-22T21:00:00Z,2026-06-23T20:47:39.958941Z,2026-06-23T20:47:39.958941Z,2026-06-23T20:47:39Z,2026-06-23T20:47:39Z,2026-06-23T20:47:39Z,2026-06-23T20:47:39Z,2026-06-23T20:47:40Z,DIAGNOSTIC_SOURCE_EVIDENCE_ONLY,AUDITED_DIAGNOSTIC_ONLY
macro_rates,receipt:macro_rates:provider:7d9e29b30ba34b5d,2026-06-22T21:00:00Z,2026-06-23T20:45:49.452874Z,2026-06-23T20:45:49.452874Z,2026-06-23T20:45:49Z,2026-06-23T20:45:49Z,2026-06-23T20:45:49Z,2026-06-23T20:45:49Z,2026-06-23T20:45:50Z,DIAGNOSTIC_SOURCE_EVIDENCE_ONLY,AUDITED_DIAGNOSTIC_ONLY
macro_rates,receipt:macro_rates:2026-06-23T20:40:00Z,2026-06-22T21:00:00Z,2026-06-23T20:41:44.540481Z,2026-06-23T20:41:44.540481Z,2026-06-23T20:41:44Z,2026-06-23T20:41:44Z,2026-06-23T20:41:44Z,2026-06-23T20:41:44Z,2026-06-23T20:41:45Z,DIAGNOSTIC_SOURCE_EVIDENCE_ONLY,AUDITED_DIAGNOSTIC_ONLY
macro_rates,receipt:macro_rates:provider:acef19e83a6afa69,2026-06-22T21:00:00Z,2026-06-23T20:40:08.959066Z,2026-06-23T20:40:08.959066Z,2026-06-23T20:40:08Z,2026-06-23T20:40:08Z,2026-06-23T20:40:08Z,2026-06-23T20:40:08Z,2026-06-23T20:40:09Z,DIAGNOSTIC_SOURCE_EVIDENCE_ONLY,AUDITED_DIAGNOSTIC_ONLY
macro_rates,receipt:macro_rates:2026-06-23T20:35:00Z,2026-06-22T21:00:00Z,2026-06-23T20:37:02.488893Z,2026-06-23T20:37:02.488893Z,2026-06-23T20:37:02Z,2026-06-23T20:37:02Z,2026-06-23T20:37:02Z,2026-06-23T20:37:02Z,2026-06-23T20:37:03Z,DIAGNOSTIC_SOURCE_EVIDENCE_ONLY,AUDITED_DIAGNOSTIC_ONLY
macro_rates,receipt:macro_rates:provider:f4a8a4f28e228eaa,2026-06-22T21:00:00Z,2026-06-23T20:35:11.244322Z,2026-06-23T20:35:11.244322Z,2026-06-23T20:35:11Z,2026-06-23T20:35:11Z,2026-06-23T20:35:11Z,2026-06-23T20:35:11Z,2026-06-23T20:35:12Z,DIAGNOSTIC_SOURCE_EVIDENCE_ONLY,AUDITED_DIAGNOSTIC_ONLY
macro_rates,receipt:macro_rates:2026-06-23T20:30:00Z,2026-06-22T21:00:00Z,2026-06-23T20:32:05.645924Z,2026-06-23T20:32:05.645924Z,2026-06-23T20:32:05Z,2026-06-23T20:32:05Z,2026-06-23T20:32:05Z,2026-06-23T20:32:05Z,2026-06-23T20:32:06Z,DIAGNOSTIC_SOURCE_EVIDENCE_ONLY,AUDITED_DIAGNOSTIC_ONLY
macro_rates,receipt:macro_rates:provider:ae5735d9799d8fec,2026-06-22T21:00:00Z,2026-06-23T20:30:27.515159Z,2026-06-23T20:30:27.515159Z,2026-06-23T20:30:27Z,2026-06-23T20:30:27Z,2026-06-23T20:30:27Z,2026-06-23T20:30:27Z,2026-06-23T20:30:28Z,DIAGNOSTIC_SOURCE_EVIDENCE_ONLY,AUDITED_DIAGNOSTIC_ONLY
macro_rates,receipt:macro_rates:2026-06-23T20:25:00Z,2026-06-22T21:00:00Z,2026-06-23T20:27:22.247384Z,2026-06-23T20:27:22.247384Z,2026-06-23T20:27:22Z,2026-06-23T20:27:22Z,2026-06-23T20:27:22Z,2026-06-23T20:27:22Z,2026-06-23T20:27:23Z,DIAGNOSTIC_SOURCE_EVIDENCE_ONLY,AUDITED_DIAGNOSTIC_ONLY
macro_rates,receipt:macro_rates:provider:5e771610e75c89ff,2026-06-22T21:00:00Z,2026-06-23T20:25:28.728042Z,2026-06-23T20:25:28.728042Z,2026-06-23T20:25:28Z,2026-06-23T20:25:28Z,2026-06-23T20:25:28Z,2026-06-23T20:25:28Z,2026-06-23T20:25:29Z,DIAGNOSTIC_SOURCE_EVIDENCE_ONLY,AUDITED_DIAGNOSTIC_ONLY
macro_rates,receipt:macro_rates:2026-06-23T20:20:00Z,2026-06-22T21:00:00Z,2026-06-23T20:22:23.919359Z,2026-06-23T20:22:23.919359Z,2026-06-23T20:22:23Z,2026-06-23T20:22:23Z,2026-06-23T20:22:23Z,2026-06-23T20:22:23Z,2026-06-23T20:22:24Z,DIAGNOSTIC_SOURCE_EVIDENCE_ONLY,AUDITED_DIAGNOSTIC_ONLY
macro_rates,receipt:macro_rates:provider:893bc069c6fa232f,2026-06-22T21:00:00Z,2026-06-23T20:20:28.324014Z,2026-06-23T20:20:28.324014Z,2026-06-23T20:20:28Z,2026-06-23T20:20:28Z,2026-06-23T20:20:28Z,2026-06-23T20:20:28Z,2026-06-23T20:20:29Z,DIAGNOSTIC_SOURCE_EVIDENCE_ONLY,AUDITED_DIAGNOSTIC_ONLY
macro_rates,receipt:macro_rates:2026-06-23T20:15:00Z,2026-06-19T21:00:00Z,2026-06-23T20:17:23.344359Z,2026-06-23T20:17:23.344359Z,2026-06-23T20:17:23Z,2026-06-23T20:17:23Z,2026-06-23T20:17:23Z,2026-06-23T20:17:23Z,2026-06-23T20:17:24Z,DIAGNOSTIC_SOURCE_EVIDENCE_ONLY,AUDITED_DIAGNOSTIC_ONLY
macro_rates,receipt:macro_rates:provider:f3127c4dc6016693,2026-06-19T21:00:00Z,2026-06-23T20:15:50.390105Z,2026-06-23T20:15:50.390105Z,2026-06-23T20:15:50Z,2026-06-23T20:15:50Z,2026-06-23T20:15:50Z,2026-06-23T20:15:50Z,2026-06-23T20:15:51Z,DIAGNOSTIC_SOURCE_EVIDENCE_ONLY,AUDITED_DIAGNOSTIC_ONLY
macro_rates,receipt:macro_rates:2026-06-23T20:10:00Z,2026-06-19T21:00:00Z,2026-06-23T20:12:45.360465Z,2026-06-23T20:12:45.360465Z,2026-06-23T20:12:45Z,2026-06-23T20:12:45Z,2026-06-23T20:12:45Z,2026-06-23T20:12:45Z,2026-06-23T20:12:46Z,DIAGNOSTIC_SOURCE_EVIDENCE_ONLY,AUDITED_DIAGNOSTIC_ONLY
macro_rates,receipt:macro_rates:provider:6d91aab148a387e8,2026-06-19T21:00:00Z,2026-06-23T20:10:56.304308Z,2026-06-23T20:10:56.304308Z,2026-06-23T20:10:56Z,2026-06-23T20:10:56Z,2026-06-23T20:10:56Z,2026-06-23T20:10:56Z,2026-06-23T20:10:57Z,DIAGNOSTIC_SOURCE_EVIDENCE_ONLY,AUDITED_DIAGNOSTIC_ONLY
macro_rates,receipt:macro_rates:2026-06-23T20:05:00Z,2026-06-19T21:00:00Z,2026-06-23T20:06:51.086086Z,2026-06-23T20:06:51.086086Z,2026-06-23T20:06:51Z,2026-06-23T20:06:51Z,2026-06-23T20:06:51Z,2026-06-23T20:06:51Z,2026-06-23T20:06:52Z,DIAGNOSTIC_SOURCE_EVIDENCE_ONLY,AUDITED_DIAGNOSTIC_ONLY
macro_rates,receipt:macro_rates:provider:e727ffb420cd79ac,2026-06-19T21:00:00Z,2026-06-23T20:05:17.854443Z,2026-06-23T20:05:17.854443Z,2026-06-23T20:05:17Z,2026-06-23T20:05:17Z,2026-06-23T20:05:17Z,2026-06-23T20:05:17Z,2026-06-23T20:05:18Z,DIAGNOSTIC_SOURCE_EVIDENCE_ONLY,AUDITED_DIAGNOSTIC_ONLY
macro_rates,receipt:macro_rates:2026-06-23T20:00:00Z,2026-06-19T21:00:00Z,2026-06-23T20:04:12.903406Z,2026-06-23T20:04:12.903406Z,2026-06-23T20:04:12Z,2026-06-23T20:04:12Z,2026-06-23T20:04:12Z,2026-06-23T20:04:12Z,2026-06-23T20:04:13Z,DIAGNOSTIC_SOURCE_EVIDENCE_ONLY,AUDITED_DIAGNOSTIC_ONLY
macro_rates,receipt:macro_rates:provider:a2e201573e76b316,2026-06-19T21:00:00Z,2026-06-23T20:01:02.498759Z,2026-06-23T20:01:02.498759Z,2026-06-23T20:01:02Z,2026-06-23T20:01:02Z,2026-06-23T20:01:02Z,2026-06-23T20:01:02Z,2026-06-23T20:01:03Z,DIAGNOSTIC_SOURCE_EVIDENCE_ONLY,AUDITED_DIAGNOSTIC_ONLY
macro_rates,receipt:macro_rates:2026-06-23T19:55:00Z,2026-06-19T21:00:00Z,2026-06-23T19:56:57.107773Z,2026-06-23T19:56:57.107773Z,2026-06-23T19:56:57Z,2026-06-23T19:56:57Z,2026-06-23T19:56:57Z,2026-06-23T19:56:57Z,2026-06-23T19:56:58Z,DIAGNOSTIC_SOURCE_EVIDENCE_ONLY,AUDITED_DIAGNOSTIC_ONLY
macro_rates,receipt:macro_rates:provider:f9573021e03e590e,2026-06-19T21:00:00Z,2026-06-23T19:55:08.652166Z,2026-06-23T19:55:08.652166Z,2026-06-23T19:55:08Z,2026-06-23T19:55:08Z,2026-06-23T19:55:08Z,2026-06-23T19:55:08Z,2026-06-23T19:55:09Z,DIAGNOSTIC_SOURCE_EVIDENCE_ONLY,AUDITED_DIAGNOSTIC_ONLY
macro_rates,receipt:macro_rates:2026-06-23T19:50:00Z,2026-06-19T21:00:00Z,2026-06-23T19:53:03.847759Z,2026-06-23T19:53:03.847759Z,2026-06-23T19:53:03Z,2026-06-23T19:53:03Z,2026-06-23T19:53:03Z,2026-06-23T19:53:03Z,2026-06-23T19:53:04Z,DIAGNOSTIC_SOURCE_EVIDENCE_ONLY,AUDITED_DIAGNOSTIC_ONLY
macro_rates,receipt:macro_rates:provider:adc50bf6dbb9074e,2026-06-19T21:00:00Z,2026-06-23T19:50:57.835416Z,2026-06-23T19:50:57.835416Z,2026-06-23T19:50:57Z,2026-06-23T19:50:57Z,2026-06-23T19:50:57Z,2026-06-23T19:50:57Z,2026-06-23T19:50:58Z,DIAGNOSTIC_SOURCE_EVIDENCE_ONLY,AUDITED_DIAGNOSTIC_ONLY
macro_rates,receipt:macro_rates:2026-06-23T19:45:00Z,2026-06-19T21:00:00Z,2026-06-23T19:46:52.827509Z,2026-06-23T19:46:52.827509Z,2026-06-23T19:46:52Z,2026-06-23T19:46:52Z,2026-06-23T19:46:52Z,2026-06-23T19:46:52Z,2026-06-23T19:46:53Z,DIAGNOSTIC_SOURCE_EVIDENCE_ONLY,AUDITED_DIAGNOSTIC_ONLY
macro_rates,receipt:macro_rates:provider:ecbee62d1eb4d497,2026-06-19T21:00:00Z,2026-06-23T19:45:04.093057Z,2026-06-23T19:45:04.093057Z,2026-06-23T19:45:04Z,2026-06-23T19:45:04Z,2026-06-23T19:45:04Z,2026-06-23T19:45:04Z,2026-06-23T19:45:05Z,DIAGNOSTIC_SOURCE_EVIDENCE_ONLY,AUDITED_DIAGNOSTIC_ONLY
macro_rates,receipt:macro_rates:2026-06-23T19:40:00Z,2026-06-19T21:00:00Z,2026-06-23T19:41:58.425055Z,2026-06-23T19:41:58.425055Z,2026-06-23T19:41:58Z,2026-06-23T19:41:58Z,2026-06-23T19:41:58Z,2026-06-23T19:41:58Z,2026-06-23T19:41:59Z,DIAGNOSTIC_SOURCE_EVIDENCE_ONLY,AUDITED_DIAGNOSTIC_ONLY
macro_rates,receipt:macro_rates:provider:36cbb765b57b06bb,2026-06-19T21:00:00Z,2026-06-23T19:40:04.457012Z,2026-06-23T19:40:04.457012Z,2026-06-23T19:40:04Z,2026-06-23T19:40:04Z,2026-06-23T19:40:04Z,2026-06-23T19:40:04Z,2026-06-23T19:40:05Z,DIAGNOSTIC_SOURCE_EVIDENCE_ONLY,AUDITED_DIAGNOSTIC_ONLY
macro_rates,receipt:macro_rates:2026-06-23T19:35:00Z,2026-06-19T21:00:00Z,2026-06-23T19:36:59.208542Z,2026-06-23T19:36:59.208542Z,2026-06-23T19:36:59Z,2026-06-23T19:36:59Z,2026-06-23T19:36:59Z,2026-06-23T19:36:59Z,2026-06-23T19:37:00Z,DIAGNOSTIC_SOURCE_EVIDENCE_ONLY,AUDITED_DIAGNOSTIC_ONLY
macro_rates,receipt:macro_rates:provider:0a21c746ecf67c44,2026-06-19T21:00:00Z,2026-06-23T19:35:20.677957Z,2026-06-23T19:35:20.677957Z,2026-06-23T19:35:20Z,2026-06-23T19:35:20Z,2026-06-23T19:35:20Z,2026-06-23T19:35:20Z,2026-06-23T19:35:21Z,DIAGNOSTIC_SOURCE_EVIDENCE_ONLY,AUDITED_DIAGNOSTIC_ONLY
macro_rates,receipt:macro_rates:2026-06-23T19:30:00Z,2026-06-19T21:00:00Z,2026-06-23T19:32:15.336188Z,2026-06-23T19:32:15.336188Z,2026-06-23T19:32:15Z,2026-06-23T19:32:15Z,2026-06-23T19:32:15Z,2026-06-23T19:32:15Z,2026-06-23T19:32:16Z,DIAGNOSTIC_SOURCE_EVIDENCE_ONLY,AUDITED_DIAGNOSTIC_ONLY
macro_rates,receipt:macro_rates:provider:d118e867b4a229ad,2026-06-19T21:00:00Z,2026-06-23T19:30:25.764436Z,2026-06-23T19:30:25.764436Z,2026-06-23T19:30:25Z,2026-06-23T19:30:25Z,2026-06-23T19:30:25Z,2026-06-23T19:30:25Z,2026-06-23T19:30:26Z,DIAGNOSTIC_SOURCE_EVIDENCE_ONLY,AUDITED_DIAGNOSTIC_ONLY
macro_rates,receipt:macro_rates:2026-06-23T19:25:00Z,2026-06-19T21:00:00Z,2026-06-23T19:27:20.958310Z,2026-06-23T19:27:20.958310Z,2026-06-23T19:27:20Z,2026-06-23T19:27:20Z,2026-06-23T19:27:20Z,2026-06-23T19:27:20Z,2026-06-23T19:27:21Z,DIAGNOSTIC_SOURCE_EVIDENCE_ONLY,AUDITED_DIAGNOSTIC_ONLY
macro_rates,receipt:macro_rates:provider:78200d8cb0c95520,2026-06-19T21:00:00Z,2026-06-23T19:25:48.092772Z,2026-06-23T19:25:48.092772Z,2026-06-23T19:25:48Z,2026-06-23T19:25:48Z,2026-06-23T19:25:48Z,2026-06-23T19:25:48Z,2026-06-23T19:25:49Z,DIAGNOSTIC_SOURCE_EVIDENCE_ONLY,AUDITED_DIAGNOSTIC_ONLY
macro_rates,receipt:macro_rates:2026-06-23T19:20:00Z,2026-06-19T21:00:00Z,2026-06-23T19:22:43.592988Z,2026-06-23T19:22:43.592988Z,2026-06-23T19:22:43Z,2026-06-23T19:22:43Z,2026-06-23T19:22:43Z,2026-06-23T19:22:43Z,2026-06-23T19:22:44Z,DIAGNOSTIC_SOURCE_EVIDENCE_ONLY,AUDITED_DIAGNOSTIC_ONLY
macro_rates,receipt:macro_rates:provider:41ed9998f3a8302f,2026-06-19T21:00:00Z,2026-06-23T19:20:48.894502Z,2026-06-23T19:20:48.894502Z,2026-06-23T19:20:48Z,2026-06-23T19:20:48Z,2026-06-23T19:20:48Z,2026-06-23T19:20:48Z,2026-06-23T19:20:49Z,DIAGNOSTIC_SOURCE_EVIDENCE_ONLY,AUDITED_DIAGNOSTIC_ONLY
macro_rates,receipt:macro_rates:2026-06-23T19:15:00Z,2026-06-19T21:00:00Z,2026-06-23T19:16:43.565582Z,2026-06-23T19:16:43.565582Z,2026-06-23T19:16:43Z,2026-06-23T19:16:43Z,2026-06-23T19:16:43Z,2026-06-23T19:16:43Z,2026-06-23T19:16:44Z,DIAGNOSTIC_SOURCE_EVIDENCE_ONLY,AUDITED_DIAGNOSTIC_ONLY
macro_rates,receipt:macro_rates:provider:060378db2e5e626c,2026-06-19T21:00:00Z,2026-06-23T19:15:09.337984Z,2026-06-23T19:15:09.337984Z,2026-06-23T19:15:09Z,2026-06-23T19:15:09Z,2026-06-23T19:15:09Z,2026-06-23T19:15:09Z,2026-06-23T19:15:10Z,DIAGNOSTIC_SOURCE_EVIDENCE_ONLY,AUDITED_DIAGNOSTIC_ONLY
macro_rates,receipt:macro_rates:2026-06-23T19:10:00Z,2026-06-19T21:00:00Z,2026-06-23T19:12:04.033233Z,2026-06-23T19:12:04.033233Z,2026-06-23T19:12:04Z,2026-06-23T19:12:04Z,2026-06-23T19:12:04Z,2026-06-23T19:12:04Z,2026-06-23T19:12:05Z,DIAGNOSTIC_SOURCE_EVIDENCE_ONLY,AUDITED_DIAGNOSTIC_ONLY
macro_rates,receipt:macro_rates:provider:b1db75d109da975c,2026-06-19T21:00:00Z,2026-06-23T19:10:10.174064Z,2026-06-23T19:10:10.174064Z,2026-06-23T19:10:10Z,2026-06-23T19:10:10Z,2026-06-23T19:10:10Z,2026-06-23T19:10:10Z,2026-06-23T19:10:11Z,DIAGNOSTIC_SOURCE_EVIDENCE_ONLY,AUDITED_DIAGNOSTIC_ONLY
macro_rates,receipt:macro_rates:2026-06-23T19:05:00Z,2026-06-19T21:00:00Z,2026-06-23T19:07:04.532992Z,2026-06-23T19:07:04.532992Z,2026-06-23T19:07:04Z,2026-06-23T19:07:04Z,2026-06-23T19:07:04Z,2026-06-23T19:07:04Z,2026-06-23T19:07:05Z,DIAGNOSTIC_SOURCE_EVIDENCE_ONLY,AUDITED_DIAGNOSTIC_ONLY
macro_rates,receipt:macro_rates:provider:23d9748a7c1cfccc,2026-06-19T21:00:00Z,2026-06-23T19:05:27.205069Z,2026-06-23T19:05:27.205069Z,2026-06-23T19:05:27Z,2026-06-23T19:05:27Z,2026-06-23T19:05:27Z,2026-06-23T19:05:27Z,2026-06-23T19:05:28Z,DIAGNOSTIC_SOURCE_EVIDENCE_ONLY,AUDITED_DIAGNOSTIC_ONLY
macro_rates,receipt:macro_rates:2026-06-23T19:00:00Z,2026-06-19T21:00:00Z,2026-06-23T19:03:21.304748Z,2026-06-23T19:03:21.304748Z,2026-06-23T19:03:21Z,2026-06-23T19:03:21Z,2026-06-23T19:03:21Z,2026-06-23T19:03:21Z,2026-06-23T19:03:22Z,DIAGNOSTIC_SOURCE_EVIDENCE_ONLY,AUDITED_DIAGNOSTIC_ONLY
macro_rates,receipt:macro_rates:provider:132ae242f6249927,2026-06-19T21:00:00Z,2026-06-23T19:00:12.947630Z,2026-06-23T19:00:12.947630Z,2026-06-23T19:00:12Z,2026-06-23T19:00:12Z,2026-06-23T19:00:12Z,2026-06-23T19:00:12Z,2026-06-23T19:00:13Z,DIAGNOSTIC_SOURCE_EVIDENCE_ONLY,AUDITED_DIAGNOSTIC_ONLY
macro_rates,receipt:macro_rates:2026-06-23T18:55:00Z,2026-06-19T21:00:00Z,2026-06-23T18:57:07.225572Z,2026-06-23T18:57:07.225572Z,2026-06-23T18:57:07Z,2026-06-23T18:57:07Z,2026-06-23T18:57:07Z,2026-06-23T18:57:07Z,2026-06-23T18:57:08Z,DIAGNOSTIC_SOURCE_EVIDENCE_ONLY,AUDITED_DIAGNOSTIC_ONLY
macro_rates,receipt:macro_rates:provider:f4cb550d5ae39183,2026-06-19T21:00:00Z,2026-06-23T18:55:17.959093Z,2026-06-23T18:55:17.959093Z,2026-06-23T18:55:17Z,2026-06-23T18:55:17Z,2026-06-23T18:55:17Z,2026-06-23T18:55:17Z,2026-06-23T18:55:18Z,DIAGNOSTIC_SOURCE_EVIDENCE_ONLY,AUDITED_DIAGNOSTIC_ONLY
macro_rates,receipt:macro_rates:2026-06-23T18:50:00Z,2026-06-19T21:00:00Z,2026-06-23T18:52:12.882809Z,2026-06-23T18:52:12.882809Z,2026-06-23T18:52:12Z,2026-06-23T18:52:12Z,2026-06-23T18:52:12Z,2026-06-23T18:52:12Z,2026-06-23T18:52:13Z,DIAGNOSTIC_SOURCE_EVIDENCE_ONLY,AUDITED_DIAGNOSTIC_ONLY
macro_rates,receipt:macro_rates:provider:cf5d017840cd48ba,2026-06-19T21:00:00Z,2026-06-23T18:50:18.921719Z,2026-06-23T18:50:18.921719Z,2026-06-23T18:50:18Z,2026-06-23T18:50:18Z,2026-06-23T18:50:18Z,2026-06-23T18:50:18Z,2026-06-23T18:50:19Z,DIAGNOSTIC_SOURCE_EVIDENCE_ONLY,AUDITED_DIAGNOSTIC_ONLY
macro_rates,receipt:macro_rates:2026-06-23T18:45:00Z,2026-06-19T21:00:00Z,2026-06-23T18:47:13.593452Z,2026-06-23T18:47:13.593452Z,2026-06-23T18:47:13Z,2026-06-23T18:47:13Z,2026-06-23T18:47:13Z,2026-06-23T18:47:13Z,2026-06-23T18:47:14Z,DIAGNOSTIC_SOURCE_EVIDENCE_ONLY,AUDITED_DIAGNOSTIC_ONLY
macro_rates,receipt:macro_rates:provider:3d43a332ddc30276,2026-06-19T21:00:00Z,2026-06-23T18:45:33.526630Z,2026-06-23T18:45:33.526630Z,2026-06-23T18:45:33Z,2026-06-23T18:45:33Z,2026-06-23T18:45:33Z,2026-06-23T18:45:33Z,2026-06-23T18:45:34Z,DIAGNOSTIC_SOURCE_EVIDENCE_ONLY,AUDITED_DIAGNOSTIC_ONLY
macro_rates,receipt:macro_rates:2026-06-23T18:40:00Z,2026-06-19T21:00:00Z,2026-06-23T18:42:27.808312Z,2026-06-23T18:42:27.808312Z,2026-06-23T18:42:27Z,2026-06-23T18:42:27Z,2026-06-23T18:42:27Z,2026-06-23T18:42:27Z,2026-06-23T18:42:28Z,DIAGNOSTIC_SOURCE_EVIDENCE_ONLY,AUDITED_DIAGNOSTIC_ONLY
macro_rates,receipt:macro_rates:provider:66aeff25bafcca6a,2026-06-19T21:00:00Z,2026-06-23T18:40:26.928261Z,2026-06-23T18:40:26.928261Z,2026-06-23T18:40:26Z,2026-06-23T18:40:26Z,2026-06-23T18:40:26Z,2026-06-23T18:40:26Z,2026-06-23T18:40:27Z,DIAGNOSTIC_SOURCE_EVIDENCE_ONLY,AUDITED_DIAGNOSTIC_ONLY
macro_rates,receipt:macro_rates:2026-06-23T18:35:00Z,2026-06-19T21:00:00Z,2026-06-23T18:37:20.171317Z,2026-06-23T18:37:20.171317Z,2026-06-23T18:37:20Z,2026-06-23T18:37:20Z,2026-06-23T18:37:20Z,2026-06-23T18:37:20Z,2026-06-23T18:37:21Z,DIAGNOSTIC_SOURCE_EVIDENCE_ONLY,AUDITED_DIAGNOSTIC_ONLY
macro_rates,receipt:macro_rates:provider:6df37621b8927999,2026-06-19T21:00:00Z,2026-06-23T18:35:41.227135Z,2026-06-23T18:35:41.227135Z,2026-06-23T18:35:41Z,2026-06-23T18:35:41Z,2026-06-23T18:35:41Z,2026-06-23T18:35:41Z,2026-06-23T18:35:42Z,DIAGNOSTIC_SOURCE_EVIDENCE_ONLY,AUDITED_DIAGNOSTIC_ONLY
macro_rates,receipt:macro_rates:2026-06-23T18:30:00Z,2026-06-19T21:00:00Z,2026-06-23T18:32:35.949757Z,2026-06-23T18:32:35.949757Z,2026-06-23T18:32:35Z,2026-06-23T18:32:35Z,2026-06-23T18:32:35Z,2026-06-23T18:32:35Z,2026-06-23T18:32:36Z,DIAGNOSTIC_SOURCE_EVIDENCE_ONLY,AUDITED_DIAGNOSTIC_ONLY
macro_rates,receipt:macro_rates:provider:cbf66d1d6f225ea2,2026-06-19T21:00:00Z,2026-06-23T18:30:33.711835Z,2026-06-23T18:30:33.711835Z,2026-06-23T18:30:33Z,2026-06-23T18:30:33Z,2026-06-23T18:30:33Z,2026-06-23T18:30:33Z,2026-06-23T18:30:34Z,DIAGNOSTIC_SOURCE_EVIDENCE_ONLY,AUDITED_DIAGNOSTIC_ONLY
macro_rates,receipt:macro_rates:2026-06-23T18:25:00Z,2026-06-19T21:00:00Z,2026-06-23T18:27:27.836099Z,2026-06-23T18:27:27.836099Z,2026-06-23T18:27:27Z,2026-06-23T18:27:27Z,2026-06-23T18:27:27Z,2026-06-23T18:27:27Z,2026-06-23T18:27:28Z,DIAGNOSTIC_SOURCE_EVIDENCE_ONLY,AUDITED_DIAGNOSTIC_ONLY
macro_rates,receipt:macro_rates:provider:d5a081151a9ab406,2026-06-19T21:00:00Z,2026-06-23T18:25:50.630625Z,2026-06-23T18:25:50.630625Z,2026-06-23T18:25:50Z,2026-06-23T18:25:50Z,2026-06-23T18:25:50Z,2026-06-23T18:25:50Z,2026-06-23T18:25:51Z,DIAGNOSTIC_SOURCE_EVIDENCE_ONLY,AUDITED_DIAGNOSTIC_ONLY
macro_rates,receipt:macro_rates:2026-06-23T18:20:00Z,2026-06-19T21:00:00Z,2026-06-23T18:22:45.241722Z,2026-06-23T18:22:45.241722Z,2026-06-23T18:22:45Z,2026-06-23T18:22:45Z,2026-06-23T18:22:45Z,2026-06-23T18:22:45Z,2026-06-23T18:22:46Z,DIAGNOSTIC_SOURCE_EVIDENCE_ONLY,AUDITED_DIAGNOSTIC_ONLY
macro_rates,receipt:macro_rates:provider:64e429f6a1b8cf9a,2026-06-19T21:00:00Z,2026-06-23T18:20:54.611227Z,2026-06-23T18:20:54.611227Z,2026-06-23T18:20:54Z,2026-06-23T18:20:54Z,2026-06-23T18:20:54Z,2026-06-23T18:20:54Z,2026-06-23T18:20:55Z,DIAGNOSTIC_SOURCE_EVIDENCE_ONLY,AUDITED_DIAGNOSTIC_ONLY
macro_rates,receipt:macro_rates:2026-06-23T18:15:00Z,2026-06-19T21:00:00Z,2026-06-23T18:16:49.221991Z,2026-06-23T18:16:49.221991Z,2026-06-23T18:16:49Z,2026-06-23T18:16:49Z,2026-06-23T18:16:49Z,2026-06-23T18:16:49Z,2026-06-23T18:16:50Z,DIAGNOSTIC_SOURCE_EVIDENCE_ONLY,AUDITED_DIAGNOSTIC_ONLY
macro_rates,receipt:macro_rates:provider:00b209a57adb5d2b,2026-06-19T21:00:00Z,2026-06-23T18:15:08.554756Z,2026-06-23T18:15:08.554756Z,2026-06-23T18:15:08Z,2026-06-23T18:15:08Z,2026-06-23T18:15:08Z,2026-06-23T18:15:08Z,2026-06-23T18:15:09Z,DIAGNOSTIC_SOURCE_EVIDENCE_ONLY,AUDITED_DIAGNOSTIC_ONLY
macro_rates,receipt:macro_rates:2026-06-23T18:10:00Z,2026-06-19T21:00:00Z,2026-06-23T18:13:03.290628Z,2026-06-23T18:13:03.290628Z,2026-06-23T18:13:03Z,2026-06-23T18:13:03Z,2026-06-23T18:13:03Z,2026-06-23T18:13:03Z,2026-06-23T18:13:04Z,DIAGNOSTIC_SOURCE_EVIDENCE_ONLY,AUDITED_DIAGNOSTIC_ONLY
macro_rates,receipt:macro_rates:provider:9163f91dfc033188,2026-06-19T21:00:00Z,2026-06-23T18:11:04.436768Z,2026-06-23T18:11:04.436768Z,2026-06-23T18:11:04Z,2026-06-23T18:11:04Z,2026-06-23T18:11:04Z,2026-06-23T18:11:04Z,2026-06-23T18:11:05Z,DIAGNOSTIC_SOURCE_EVIDENCE_ONLY,AUDITED_DIAGNOSTIC_ONLY
macro_rates,receipt:macro_rates:2026-06-23T18:05:00Z,2026-06-19T21:00:00Z,2026-06-23T18:06:58.299019Z,2026-06-23T18:06:58.299019Z,2026-06-23T18:06:58Z,2026-06-23T18:06:58Z,2026-06-23T18:06:58Z,2026-06-23T18:06:58Z,2026-06-23T18:06:59Z,DIAGNOSTIC_SOURCE_EVIDENCE_ONLY,AUDITED_DIAGNOSTIC_ONLY
macro_rates,receipt:macro_rates:provider:97e3ee57eb467aa0,2026-06-19T21:00:00Z,2026-06-23T18:05:19.131352Z,2026-06-23T18:05:19.131352Z,2026-06-23T18:05:19Z,2026-06-23T18:05:19Z,2026-06-23T18:05:19Z,2026-06-23T18:05:19Z,2026-06-23T18:05:20Z,DIAGNOSTIC_SOURCE_EVIDENCE_ONLY,AUDITED_DIAGNOSTIC_ONLY
macro_rates,receipt:macro_rates:2026-06-23T18:00:00Z,2026-06-19T21:00:00Z,2026-06-23T18:04:13.691167Z,2026-06-23T18:04:13.691167Z,2026-06-23T18:04:13Z,2026-06-23T18:04:13Z,2026-06-23T18:04:13Z,2026-06-23T18:04:13Z,2026-06-23T18:04:14Z,DIAGNOSTIC_SOURCE_EVIDENCE_ONLY,AUDITED_DIAGNOSTIC_ONLY
macro_rates,receipt:macro_rates:provider:c6ea2413d2eed62d,2026-06-19T21:00:00Z,2026-06-23T18:00:48.401329Z,2026-06-23T18:00:48.401329Z,2026-06-23T18:00:48Z,2026-06-23T18:00:48Z,2026-06-23T18:00:48Z,2026-06-23T18:00:48Z,2026-06-23T18:00:49Z,DIAGNOSTIC_SOURCE_EVIDENCE_ONLY,AUDITED_DIAGNOSTIC_ONLY
macro_rates,receipt:macro_rates:2026-06-23T17:55:00Z,2026-06-19T21:00:00Z,2026-06-23T17:57:43.569290Z,2026-06-23T17:57:43.569290Z,2026-06-23T17:57:43Z,2026-06-23T17:57:43Z,2026-06-23T17:57:43Z,2026-06-23T17:57:43Z,2026-06-23T17:57:44Z,DIAGNOSTIC_SOURCE_EVIDENCE_ONLY,AUDITED_DIAGNOSTIC_ONLY
macro_rates,receipt:macro_rates:provider:fbc2a44041b3e66a,2026-06-19T21:00:00Z,2026-06-23T17:55:50.068852Z,2026-06-23T17:55:50.068852Z,2026-06-23T17:55:50Z,2026-06-23T17:55:50Z,2026-06-23T17:55:50Z,2026-06-23T17:55:50Z,2026-06-23T17:55:51Z,DIAGNOSTIC_SOURCE_EVIDENCE_ONLY,AUDITED_DIAGNOSTIC_ONLY
macro_rates,receipt:macro_rates:2026-06-23T17:50:00Z,2026-06-19T21:00:00Z,2026-06-23T17:51:43.939944Z,2026-06-23T17:51:43.939944Z,2026-06-23T17:51:43Z,2026-06-23T17:51:43Z,2026-06-23T17:51:43Z,2026-06-23T17:51:43Z,2026-06-23T17:51:44Z,DIAGNOSTIC_SOURCE_EVIDENCE_ONLY,AUDITED_DIAGNOSTIC_ONLY
macro_rates,receipt:macro_rates:provider:f95ce4f93a57f0fc,2026-06-19T21:00:00Z,2026-06-23T17:50:05.342689Z,2026-06-23T17:50:05.342689Z,2026-06-23T17:50:05Z,2026-06-23T17:50:05Z,2026-06-23T17:50:05Z,2026-06-23T17:50:05Z,2026-06-23T17:50:06Z,DIAGNOSTIC_SOURCE_EVIDENCE_ONLY,AUDITED_DIAGNOSTIC_ONLY
macro_rates,receipt:macro_rates:2026-06-23T17:45:00Z,2026-06-19T21:00:00Z,2026-06-23T17:46:58.983025Z,2026-06-23T17:46:58.983025Z,2026-06-23T17:46:58Z,2026-06-23T17:46:58Z,2026-06-23T17:46:58Z,2026-06-23T17:46:58Z,2026-06-23T17:46:59Z,DIAGNOSTIC_SOURCE_EVIDENCE_ONLY,AUDITED_DIAGNOSTIC_ONLY
macro_rates,receipt:macro_rates:provider:2f8ec7f84c15b82e,2026-06-19T21:00:00Z,2026-06-23T17:45:04.799133Z,2026-06-23T17:45:04.799133Z,2026-06-23T17:45:04Z,2026-06-23T17:45:04Z,2026-06-23T17:45:04Z,2026-06-23T17:45:04Z,2026-06-23T17:45:05Z,DIAGNOSTIC_SOURCE_EVIDENCE_ONLY,AUDITED_DIAGNOSTIC_ONLY
macro_rates,receipt:macro_rates:2026-06-23T17:40:00Z,2026-06-19T21:00:00Z,2026-06-23T17:42:59.652509Z,2026-06-23T17:42:59.652509Z,2026-06-23T17:42:59Z,2026-06-23T17:42:59Z,2026-06-23T17:42:59Z,2026-06-23T17:42:59Z,2026-06-23T17:43:00Z,DIAGNOSTIC_SOURCE_EVIDENCE_ONLY,AUDITED_DIAGNOSTIC_ONLY
macro_rates,receipt:macro_rates:provider:202c4308877db080,2026-06-19T21:00:00Z,2026-06-23T17:40:38.265987Z,2026-06-23T17:40:38.265987Z,2026-06-23T17:40:38Z,2026-06-23T17:40:38Z,2026-06-23T17:40:38Z,2026-06-23T17:40:38Z,2026-06-23T17:40:39Z,DIAGNOSTIC_SOURCE_EVIDENCE_ONLY,AUDITED_DIAGNOSTIC_ONLY
macro_rates,receipt:macro_rates:2026-06-23T17:35:00Z,2026-06-19T21:00:00Z,2026-06-23T17:37:33.132878Z,2026-06-23T17:37:33.132878Z,2026-06-23T17:37:33Z,2026-06-23T17:37:33Z,2026-06-23T17:37:33Z,2026-06-23T17:37:33Z,2026-06-23T17:37:34Z,DIAGNOSTIC_SOURCE_EVIDENCE_ONLY,AUDITED_DIAGNOSTIC_ONLY
macro_rates,receipt:macro_rates:provider:43cfbbecd8f9a8ad,2026-06-19T21:00:00Z,2026-06-23T17:35:35.582436Z,2026-06-23T17:35:35.582436Z,2026-06-23T17:35:35Z,2026-06-23T17:35:35Z,2026-06-23T17:35:35Z,2026-06-23T17:35:35Z,2026-06-23T17:35:36Z,DIAGNOSTIC_SOURCE_EVIDENCE_ONLY,AUDITED_DIAGNOSTIC_ONLY
macro_rates,receipt:macro_rates:2026-06-23T17:30:00Z,2026-06-19T21:00:00Z,2026-06-23T17:32:29.803474Z,2026-06-23T17:32:29.803474Z,2026-06-23T17:32:29Z,2026-06-23T17:32:29Z,2026-06-23T17:32:29Z,2026-06-23T17:32:29Z,2026-06-23T17:32:30Z,DIAGNOSTIC_SOURCE_EVIDENCE_ONLY,AUDITED_DIAGNOSTIC_ONLY
macro_rates,receipt:macro_rates:provider:c17913c92d9764fa,2026-06-19T21:00:00Z,2026-06-23T17:30:53.142397Z,2026-06-23T17:30:53.142397Z,2026-06-23T17:30:53Z,2026-06-23T17:30:53Z,2026-06-23T17:30:53Z,2026-06-23T17:30:53Z,2026-06-23T17:30:54Z,DIAGNOSTIC_SOURCE_EVIDENCE_ONLY,AUDITED_DIAGNOSTIC_ONLY
macro_rates,receipt:macro_rates:2026-06-23T17:25:00Z,2026-06-19T21:00:00Z,2026-06-23T17:27:47.742928Z,2026-06-23T17:27:47.742928Z,2026-06-23T17:27:47Z,2026-06-23T17:27:47Z,2026-06-23T17:27:47Z,2026-06-23T17:27:47Z,2026-06-23T17:27:48Z,DIAGNOSTIC_SOURCE_EVIDENCE_ONLY,AUDITED_DIAGNOSTIC_ONLY
macro_rates,receipt:macro_rates:provider:0230bc8170ff2b56,2026-06-19T21:00:00Z,2026-06-23T17:25:58.418737Z,2026-06-23T17:25:58.418737Z,2026-06-23T17:25:58Z,2026-06-23T17:25:58Z,2026-06-23T17:25:58Z,2026-06-23T17:25:58Z,2026-06-23T17:25:59Z,DIAGNOSTIC_SOURCE_EVIDENCE_ONLY,AUDITED_DIAGNOSTIC_ONLY
macro_rates,receipt:macro_rates:2026-06-23T17:20:00Z,2026-06-19T21:00:00Z,2026-06-23T17:21:52.759480Z,2026-06-23T17:21:52.759480Z,2026-06-23T17:21:52Z,2026-06-23T17:21:52Z,2026-06-23T17:21:52Z,2026-06-23T17:21:52Z,2026-06-23T17:21:53Z,DIAGNOSTIC_SOURCE_EVIDENCE_ONLY,AUDITED_DIAGNOSTIC_ONLY
macro_rates,receipt:macro_rates:provider:71a1ccbd20468649,2026-06-19T21:00:00Z,2026-06-23T17:20:15.537596Z,2026-06-23T17:20:15.537596Z,2026-06-23T17:20:15Z,2026-06-23T17:20:15Z,2026-06-23T17:20:15Z,2026-06-23T17:20:15Z,2026-06-23T17:20:16Z,DIAGNOSTIC_SOURCE_EVIDENCE_ONLY,AUDITED_DIAGNOSTIC_ONLY
macro_rates,receipt:macro_rates:2026-06-23T17:15:00Z,2026-06-19T21:00:00Z,2026-06-23T17:17:10.048568Z,2026-06-23T17:17:10.048568Z,2026-06-23T17:17:10Z,2026-06-23T17:17:10Z,2026-06-23T17:17:10Z,2026-06-23T17:17:10Z,2026-06-23T17:17:11Z,DIAGNOSTIC_SOURCE_EVIDENCE_ONLY,AUDITED_DIAGNOSTIC_ONLY
macro_rates,receipt:macro_rates:provider:89a7720374eb4e1d,2026-06-19T21:00:00Z,2026-06-23T17:15:14.168794Z,2026-06-23T17:15:14.168794Z,2026-06-23T17:15:14Z,2026-06-23T17:15:14Z,2026-06-23T17:15:14Z,2026-06-23T17:15:14Z,2026-06-23T17:15:15Z,DIAGNOSTIC_SOURCE_EVIDENCE_ONLY,AUDITED_DIAGNOSTIC_ONLY
macro_rates,receipt:macro_rates:2026-06-23T17:10:00Z,2026-06-19T21:00:00Z,2026-06-23T17:12:08.932436Z,2026-06-23T17:12:08.932436Z,2026-06-23T17:12:08Z,2026-06-23T17:12:08Z,2026-06-23T17:12:08Z,2026-06-23T17:12:08Z,2026-06-23T17:12:09Z,DIAGNOSTIC_SOURCE_EVIDENCE_ONLY,AUDITED_DIAGNOSTIC_ONLY
macro_rates,receipt:macro_rates:provider:091940e0746645c9,2026-06-19T21:00:00Z,2026-06-23T17:10:11.280434Z,2026-06-23T17:10:11.280434Z,2026-06-23T17:10:11Z,2026-06-23T17:10:11Z,2026-06-23T17:10:11Z,2026-06-23T17:10:11Z,2026-06-23T17:10:12Z,DIAGNOSTIC_SOURCE_EVIDENCE_ONLY,AUDITED_DIAGNOSTIC_ONLY
macro_rates,receipt:macro_rates:2026-06-23T17:05:00Z,2026-06-19T21:00:00Z,2026-06-23T17:07:05.694296Z,2026-06-23T17:07:05.694296Z,2026-06-23T17:07:05Z,2026-06-23T17:07:05Z,2026-06-23T17:07:05Z,2026-06-23T17:07:05Z,2026-06-23T17:07:06Z,DIAGNOSTIC_SOURCE_EVIDENCE_ONLY,AUDITED_DIAGNOSTIC_ONLY
macro_rates,receipt:macro_rates:provider:6353d7e257b716d0,2026-06-19T21:00:00Z,2026-06-23T17:05:24.989600Z,2026-06-23T17:05:24.989600Z,2026-06-23T17:05:24Z,2026-06-23T17:05:24Z,2026-06-23T17:05:24Z,2026-06-23T17:05:24Z,2026-06-23T17:05:25Z,DIAGNOSTIC_SOURCE_EVIDENCE_ONLY,AUDITED_DIAGNOSTIC_ONLY
macro_rates,receipt:macro_rates:2026-06-23T17:00:00Z,2026-06-19T21:00:00Z,2026-06-23T17:03:19.032536Z,2026-06-23T17:03:19.032536Z,2026-06-23T17:03:19Z,2026-06-23T17:03:19Z,2026-06-23T17:03:19Z,2026-06-23T17:03:19Z,2026-06-23T17:03:20Z,DIAGNOSTIC_SOURCE_EVIDENCE_ONLY,AUDITED_DIAGNOSTIC_ONLY
macro_rates,receipt:macro_rates:provider:37a921db0fb5dd6e,2026-06-19T21:00:00Z,2026-06-23T17:00:12.473099Z,2026-06-23T17:00:12.473099Z,2026-06-23T17:00:12Z,2026-06-23T17:00:12Z,2026-06-23T17:00:12Z,2026-06-23T17:00:12Z,2026-06-23T17:00:13Z,DIAGNOSTIC_SOURCE_EVIDENCE_ONLY,AUDITED_DIAGNOSTIC_ONLY
macro_rates,receipt:macro_rates:2026-06-23T16:55:00Z,2026-06-19T21:00:00Z,2026-06-23T16:57:07.102079Z,2026-06-23T16:57:07.102079Z,2026-06-23T16:57:07Z,2026-06-23T16:57:07Z,2026-06-23T16:57:07Z,2026-06-23T16:57:07Z,2026-06-23T16:57:08Z,DIAGNOSTIC_SOURCE_EVIDENCE_ONLY,AUDITED_DIAGNOSTIC_ONLY
macro_rates,receipt:macro_rates:provider:1f2eff51e0bcecfb,2026-06-19T21:00:00Z,2026-06-23T16:55:28.309193Z,2026-06-23T16:55:28.309193Z,2026-06-23T16:55:28Z,2026-06-23T16:55:28Z,2026-06-23T16:55:28Z,2026-06-23T16:55:28Z,2026-06-23T16:55:29Z,DIAGNOSTIC_SOURCE_EVIDENCE_ONLY,AUDITED_DIAGNOSTIC_ONLY
macro_rates,receipt:macro_rates:2026-06-23T16:50:00Z,2026-06-19T21:00:00Z,2026-06-23T16:52:22.681434Z,2026-06-23T16:52:22.681434Z,2026-06-23T16:52:22Z,2026-06-23T16:52:22Z,2026-06-23T16:52:22Z,2026-06-23T16:52:22Z,2026-06-23T16:52:23Z,DIAGNOSTIC_SOURCE_EVIDENCE_ONLY,AUDITED_DIAGNOSTIC_ONLY
macro_rates,receipt:macro_rates:provider:18ede72bcd712a82,2026-06-19T21:00:00Z,2026-06-23T16:50:25.151398Z,2026-06-23T16:50:25.151398Z,2026-06-23T16:50:25Z,2026-06-23T16:50:25Z,2026-06-23T16:50:25Z,2026-06-23T16:50:25Z,2026-06-23T16:50:26Z,DIAGNOSTIC_SOURCE_EVIDENCE_ONLY,AUDITED_DIAGNOSTIC_ONLY
macro_rates,receipt:macro_rates:2026-06-23T16:45:00Z,2026-06-19T21:00:00Z,2026-06-23T16:47:18.934943Z,2026-06-23T16:47:18.934943Z,2026-06-23T16:47:18Z,2026-06-23T16:47:18Z,2026-06-23T16:47:18Z,2026-06-23T16:47:18Z,2026-06-23T16:47:19Z,DIAGNOSTIC_SOURCE_EVIDENCE_ONLY,AUDITED_DIAGNOSTIC_ONLY
macro_rates,receipt:macro_rates:provider:f02a11b055a07ec3,2026-06-19T21:00:00Z,2026-06-23T16:45:40.306398Z,2026-06-23T16:45:40.306398Z,2026-06-23T16:45:40Z,2026-06-23T16:45:40Z,2026-06-23T16:45:40Z,2026-06-23T16:45:40Z,2026-06-23T16:45:41Z,DIAGNOSTIC_SOURCE_EVIDENCE_ONLY,AUDITED_DIAGNOSTIC_ONLY
macro_rates,receipt:macro_rates:2026-06-23T16:40:00Z,2026-06-19T21:00:00Z,2026-06-23T16:42:34.988863Z,2026-06-23T16:42:34.988863Z,2026-06-23T16:42:34Z,2026-06-23T16:42:34Z,2026-06-23T16:42:34Z,2026-06-23T16:42:34Z,2026-06-23T16:42:35Z,DIAGNOSTIC_SOURCE_EVIDENCE_ONLY,AUDITED_DIAGNOSTIC_ONLY
macro_rates,receipt:macro_rates:provider:e16878189b9b380d,2026-06-19T21:00:00Z,2026-06-23T16:40:44.990399Z,2026-06-23T16:40:44.990399Z,2026-06-23T16:40:44Z,2026-06-23T16:40:44Z,2026-06-23T16:40:44Z,2026-06-23T16:40:44Z,2026-06-23T16:40:45Z,DIAGNOSTIC_SOURCE_EVIDENCE_ONLY,AUDITED_DIAGNOSTIC_ONLY
macro_rates,receipt:macro_rates:2026-06-23T16:35:00Z,2026-06-19T21:00:00Z,2026-06-23T16:37:39.729362Z,2026-06-23T16:37:39.729362Z,2026-06-23T16:37:39Z,2026-06-23T16:37:39Z,2026-06-23T16:37:39Z,2026-06-23T16:37:39Z,2026-06-23T16:37:40Z,DIAGNOSTIC_SOURCE_EVIDENCE_ONLY,AUDITED_DIAGNOSTIC_ONLY
macro_rates,receipt:macro_rates:provider:bb1cb556d1a0b1d9,2026-06-19T21:00:00Z,2026-06-23T16:35:36.882001Z,2026-06-23T16:35:36.882001Z,2026-06-23T16:35:36Z,2026-06-23T16:35:36Z,2026-06-23T16:35:36Z,2026-06-23T16:35:36Z,2026-06-23T16:35:37Z,DIAGNOSTIC_SOURCE_EVIDENCE_ONLY,AUDITED_DIAGNOSTIC_ONLY
macro_rates,receipt:macro_rates:2026-06-23T16:30:00Z,2026-06-19T21:00:00Z,2026-06-23T16:32:30.372964Z,2026-06-23T16:32:30.372964Z,2026-06-23T16:32:30Z,2026-06-23T16:32:30Z,2026-06-23T16:32:30Z,2026-06-23T16:32:30Z,2026-06-23T16:32:31Z,DIAGNOSTIC_SOURCE_EVIDENCE_ONLY,AUDITED_DIAGNOSTIC_ONLY
macro_rates,receipt:macro_rates:provider:499463b7a75f38ae,2026-06-19T21:00:00Z,2026-06-23T16:30:43.082644Z,2026-06-23T16:30:43.082644Z,2026-06-23T16:30:43Z,2026-06-23T16:30:43Z,2026-06-23T16:30:43Z,2026-06-23T16:30:43Z,2026-06-23T16:30:44Z,DIAGNOSTIC_SOURCE_EVIDENCE_ONLY,AUDITED_DIAGNOSTIC_ONLY
sec_events,receipt:sec_events:2026-06-24T00:45:00Z,2026-06-23T16:41:58Z,2026-06-24T00:47:33Z,2026-06-24T00:47:33Z,2026-06-24T00:47:33Z,2026-06-24T00:47:33Z,2026-06-24T00:47:33Z,2026-06-24T00:47:33Z,2026-06-24T00:47:34Z,DIAGNOSTIC_SOURCE_EVIDENCE_ONLY,AUDITED_DIAGNOSTIC_ONLY
sec_events,receipt:sec_events:provider:5b7a92257714a158,2026-06-23T16:41:58Z,2026-06-24T00:46:40.791454Z,2026-06-24T00:46:40.791454Z,2026-06-24T00:46:40Z,2026-06-24T00:46:40Z,2026-06-24T00:46:40Z,2026-06-24T00:46:40Z,2026-06-24T00:46:41Z,DIAGNOSTIC_SOURCE_EVIDENCE_ONLY,AUDITED_DIAGNOSTIC_ONLY
sec_events,receipt:sec_events:2026-06-24T00:40:00Z,2026-06-23T16:41:58Z,2026-06-24T00:42:52.022244Z,2026-06-24T00:42:52.022244Z,2026-06-24T00:42:52Z,2026-06-24T00:42:52Z,2026-06-24T00:42:52Z,2026-06-24T00:42:52Z,2026-06-24T00:42:53Z,DIAGNOSTIC_SOURCE_EVIDENCE_ONLY,AUDITED_DIAGNOSTIC_ONLY
sec_events,receipt:sec_events:provider:fe4fe4e45613992d,2026-06-23T16:41:58Z,2026-06-24T00:41:53.953376Z,2026-06-24T00:41:53.953376Z,2026-06-24T00:41:53Z,2026-06-24T00:41:53Z,2026-06-24T00:41:53Z,2026-06-24T00:41:53Z,2026-06-24T00:41:54Z,DIAGNOSTIC_SOURCE_EVIDENCE_ONLY,AUDITED_DIAGNOSTIC_ONLY
sec_events,receipt:sec_events:2026-06-24T00:35:00Z,2026-06-23T16:41:58Z,2026-06-24T00:37:52.331961Z,2026-06-24T00:37:52.331961Z,2026-06-24T00:37:52Z,2026-06-24T00:37:52Z,2026-06-24T00:37:52Z,2026-06-24T00:37:52Z,2026-06-24T00:37:53Z,DIAGNOSTIC_SOURCE_EVIDENCE_ONLY,AUDITED_DIAGNOSTIC_ONLY
sec_events,receipt:sec_events:provider:26d1efc9a4d2a4fa,2026-06-23T16:41:58Z,2026-06-24T00:36:56.260441Z,2026-06-24T00:36:56.260441Z,2026-06-24T00:36:56Z,2026-06-24T00:36:56Z,2026-06-24T00:36:56Z,2026-06-24T00:36:56Z,2026-06-24T00:36:57Z,DIAGNOSTIC_SOURCE_EVIDENCE_ONLY,AUDITED_DIAGNOSTIC_ONLY
sec_events,receipt:sec_events:2026-06-24T00:30:00Z,2026-06-23T16:41:58Z,2026-06-24T00:32:49.112706Z,2026-06-24T00:32:49.112706Z,2026-06-24T00:32:49Z,2026-06-24T00:32:49Z,2026-06-24T00:32:49Z,2026-06-24T00:32:49Z,2026-06-24T00:32:50Z,DIAGNOSTIC_SOURCE_EVIDENCE_ONLY,AUDITED_DIAGNOSTIC_ONLY
sec_events,receipt:sec_events:provider:963e54a85ab493f1,2026-06-23T16:41:58Z,2026-06-24T00:31:49.714440Z,2026-06-24T00:31:49.714440Z,2026-06-24T00:31:49Z,2026-06-24T00:31:49Z,2026-06-24T00:31:49Z,2026-06-24T00:31:49Z,2026-06-24T00:31:50Z,DIAGNOSTIC_SOURCE_EVIDENCE_ONLY,AUDITED_DIAGNOSTIC_ONLY
sec_events,receipt:sec_events:2026-06-24T00:25:00Z,2026-06-23T16:41:58Z,2026-06-24T00:27:30.588221Z,2026-06-24T00:27:30.588221Z,2026-06-24T00:27:30Z,2026-06-24T00:27:30Z,2026-06-24T00:27:30Z,2026-06-24T00:27:30Z,2026-06-24T00:27:31Z,DIAGNOSTIC_SOURCE_EVIDENCE_ONLY,AUDITED_DIAGNOSTIC_ONLY
sec_events,receipt:sec_events:provider:b81569b1f9ea0c70,2026-06-23T16:41:58Z,2026-06-24T00:26:37.470879Z,2026-06-24T00:26:37.470879Z,2026-06-24T00:26:37Z,2026-06-24T00:26:37Z,2026-06-24T00:26:37Z,2026-06-24T00:26:37Z,2026-06-24T00:26:38Z,DIAGNOSTIC_SOURCE_EVIDENCE_ONLY,AUDITED_DIAGNOSTIC_ONLY
sec_events,receipt:sec_events:2026-06-24T00:20:00Z,2026-06-23T16:41:58Z,2026-06-24T00:22:48.624898Z,2026-06-24T00:22:48.624898Z,2026-06-24T00:22:48Z,2026-06-24T00:22:48Z,2026-06-24T00:22:48Z,2026-06-24T00:22:48Z,2026-06-24T00:22:49Z,DIAGNOSTIC_SOURCE_EVIDENCE_ONLY,AUDITED_DIAGNOSTIC_ONLY
sec_events,receipt:sec_events:provider:8061fe9a86b0ed95,2026-06-23T16:41:58Z,2026-06-24T00:21:56.068914Z,2026-06-24T00:21:56.068914Z,2026-06-24T00:21:56Z,2026-06-24T00:21:56Z,2026-06-24T00:21:56Z,2026-06-24T00:21:56Z,2026-06-24T00:21:57Z,DIAGNOSTIC_SOURCE_EVIDENCE_ONLY,AUDITED_DIAGNOSTIC_ONLY
sec_events,receipt:sec_events:2026-06-24T00:15:00Z,2026-06-23T16:41:58Z,2026-06-24T00:16:52.175676Z,2026-06-24T00:16:52.175676Z,2026-06-24T00:16:52Z,2026-06-24T00:16:52Z,2026-06-24T00:16:52Z,2026-06-24T00:16:52Z,2026-06-24T00:16:53Z,DIAGNOSTIC_SOURCE_EVIDENCE_ONLY,AUDITED_DIAGNOSTIC_ONLY
sec_events,receipt:sec_events:provider:08cc0fd4be03329d,2026-06-23T16:41:58Z,2026-06-24T00:16:00.224382Z,2026-06-24T00:16:00.224382Z,2026-06-24T00:16:00Z,2026-06-24T00:16:00Z,2026-06-24T00:16:00Z,2026-06-24T00:16:00Z,2026-06-24T00:16:01Z,DIAGNOSTIC_SOURCE_EVIDENCE_ONLY,AUDITED_DIAGNOSTIC_ONLY
sec_events,receipt:sec_events:2026-06-24T00:10:00Z,2026-06-23T16:41:58Z,2026-06-24T00:13:12.312389Z,2026-06-24T00:13:12.312389Z,2026-06-24T00:13:12Z,2026-06-24T00:13:12Z,2026-06-24T00:13:12Z,2026-06-24T00:13:12Z,2026-06-24T00:13:13Z,DIAGNOSTIC_SOURCE_EVIDENCE_ONLY,AUDITED_DIAGNOSTIC_ONLY
sec_events,receipt:sec_events:provider:2e3b4a2e9d40ad73,2026-06-23T16:41:58Z,2026-06-24T00:12:19.380248Z,2026-06-24T00:12:19.380248Z,2026-06-24T00:12:19Z,2026-06-24T00:12:19Z,2026-06-24T00:12:19Z,2026-06-24T00:12:19Z,2026-06-24T00:12:20Z,DIAGNOSTIC_SOURCE_EVIDENCE_ONLY,AUDITED_DIAGNOSTIC_ONLY
sec_events,receipt:sec_events:2026-06-24T00:05:00Z,2026-06-23T16:41:58Z,2026-06-24T00:07:57.717362Z,2026-06-24T00:07:57.717362Z,2026-06-24T00:07:57Z,2026-06-24T00:07:57Z,2026-06-24T00:07:57Z,2026-06-24T00:07:57Z,2026-06-24T00:07:58Z,DIAGNOSTIC_SOURCE_EVIDENCE_ONLY,AUDITED_DIAGNOSTIC_ONLY
sec_events,receipt:sec_events:provider:87cbe65ac8015715,2026-06-23T16:41:58Z,2026-06-24T00:07:06.259017Z,2026-06-24T00:07:06.259017Z,2026-06-24T00:07:06Z,2026-06-24T00:07:06Z,2026-06-24T00:07:06Z,2026-06-24T00:07:06Z,2026-06-24T00:07:07Z,DIAGNOSTIC_SOURCE_EVIDENCE_ONLY,AUDITED_DIAGNOSTIC_ONLY
sec_events,receipt:sec_events:2026-06-24T00:00:00Z,2026-06-23T16:41:58Z,2026-06-24T00:04:48.885789Z,2026-06-24T00:04:48.885789Z,2026-06-24T00:04:48Z,2026-06-24T00:04:48Z,2026-06-24T00:04:48Z,2026-06-24T00:04:48Z,2026-06-24T00:04:49Z,DIAGNOSTIC_SOURCE_EVIDENCE_ONLY,AUDITED_DIAGNOSTIC_ONLY
sec_events,receipt:sec_events:provider:c43215eadc8c704d,2026-06-23T16:41:58Z,2026-06-24T00:01:55.173647Z,2026-06-24T00:01:55.173647Z,2026-06-24T00:01:55Z,2026-06-24T00:01:55Z,2026-06-24T00:01:55Z,2026-06-24T00:01:55Z,2026-06-24T00:01:56Z,DIAGNOSTIC_SOURCE_EVIDENCE_ONLY,AUDITED_DIAGNOSTIC_ONLY
sec_events,receipt:sec_events:2026-06-23T23:55:00Z,2026-06-23T16:41:58Z,2026-06-23T23:57:33.582879Z,2026-06-23T23:57:33.582879Z,2026-06-23T23:57:33Z,2026-06-23T23:57:33Z,2026-06-23T23:57:33Z,2026-06-23T23:57:33Z,2026-06-23T23:57:34Z,DIAGNOSTIC_SOURCE_EVIDENCE_ONLY,AUDITED_DIAGNOSTIC_ONLY
sec_events,receipt:sec_events:provider:231403a9be70dd51,2026-06-23T16:41:58Z,2026-06-23T23:56:34.261845Z,2026-06-23T23:56:34.261845Z,2026-06-23T23:56:34Z,2026-06-23T23:56:34Z,2026-06-23T23:56:34Z,2026-06-23T23:56:34Z,2026-06-23T23:56:35Z,DIAGNOSTIC_SOURCE_EVIDENCE_ONLY,AUDITED_DIAGNOSTIC_ONLY
sec_events,receipt:sec_events:2026-06-23T23:50:00Z,2026-06-23T16:41:58Z,2026-06-23T23:52:47.042067Z,2026-06-23T23:52:47.042067Z,2026-06-23T23:52:47Z,2026-06-23T23:52:47Z,2026-06-23T23:52:47Z,2026-06-23T23:52:47Z,2026-06-23T23:52:48Z,DIAGNOSTIC_SOURCE_EVIDENCE_ONLY,AUDITED_DIAGNOSTIC_ONLY
sec_events,receipt:sec_events:provider:96bf39d4ce25a1d7,2026-06-23T16:41:58Z,2026-06-23T23:51:53.113115Z,2026-06-23T23:51:53.113115Z,2026-06-23T23:51:53Z,2026-06-23T23:51:53Z,2026-06-23T23:51:53Z,2026-06-23T23:51:53Z,2026-06-23T23:51:54Z,DIAGNOSTIC_SOURCE_EVIDENCE_ONLY,AUDITED_DIAGNOSTIC_ONLY
sec_events,receipt:sec_events:2026-06-23T23:45:00Z,2026-06-23T16:41:58Z,2026-06-23T23:46:47.154481Z,2026-06-23T23:46:47.154481Z,2026-06-23T23:46:47Z,2026-06-23T23:46:47Z,2026-06-23T23:46:47Z,2026-06-23T23:46:47Z,2026-06-23T23:46:48Z,DIAGNOSTIC_SOURCE_EVIDENCE_ONLY,AUDITED_DIAGNOSTIC_ONLY
sec_events,receipt:sec_events:provider:eccc075a77a89e1a,2026-06-23T16:41:58Z,2026-06-23T23:45:49.212514Z,2026-06-23T23:45:49.212514Z,2026-06-23T23:45:49Z,2026-06-23T23:45:49Z,2026-06-23T23:45:49Z,2026-06-23T23:45:49Z,2026-06-23T23:45:50Z,DIAGNOSTIC_SOURCE_EVIDENCE_ONLY,AUDITED_DIAGNOSTIC_ONLY
sec_events,receipt:sec_events:2026-06-23T23:40:00Z,2026-06-23T16:41:58Z,2026-06-23T23:42:02.281530Z,2026-06-23T23:42:02.281530Z,2026-06-23T23:42:02Z,2026-06-23T23:42:02Z,2026-06-23T23:42:02Z,2026-06-23T23:42:02Z,2026-06-23T23:42:03Z,DIAGNOSTIC_SOURCE_EVIDENCE_ONLY,AUDITED_DIAGNOSTIC_ONLY
sec_events,receipt:sec_events:provider:557babc0f7d1cbd5,2026-06-23T16:41:58Z,2026-06-23T23:41:09.236812Z,2026-06-23T23:41:09.236812Z,2026-06-23T23:41:09Z,2026-06-23T23:41:09Z,2026-06-23T23:41:09Z,2026-06-23T23:41:09Z,2026-06-23T23:41:10Z,DIAGNOSTIC_SOURCE_EVIDENCE_ONLY,AUDITED_DIAGNOSTIC_ONLY
sec_events,receipt:sec_events:2026-06-23T23:35:00Z,2026-06-23T16:41:58Z,2026-06-23T23:37:09.680839Z,2026-06-23T23:37:09.680839Z,2026-06-23T23:37:09Z,2026-06-23T23:37:09Z,2026-06-23T23:37:09Z,2026-06-23T23:37:09Z,2026-06-23T23:37:10Z,DIAGNOSTIC_SOURCE_EVIDENCE_ONLY,AUDITED_DIAGNOSTIC_ONLY
sec_events,receipt:sec_events:provider:30c35dad2f4dfc6f,2026-06-23T16:41:58Z,2026-06-23T23:36:16.142546Z,2026-06-23T23:36:16.142546Z,2026-06-23T23:36:16Z,2026-06-23T23:36:16Z,2026-06-23T23:36:16Z,2026-06-23T23:36:16Z,2026-06-23T23:36:17Z,DIAGNOSTIC_SOURCE_EVIDENCE_ONLY,AUDITED_DIAGNOSTIC_ONLY
sec_events,receipt:sec_events:2026-06-23T23:30:00Z,2026-06-23T16:41:58Z,2026-06-23T23:32:31.764226Z,2026-06-23T23:32:31.764226Z,2026-06-23T23:32:31Z,2026-06-23T23:32:31Z,2026-06-23T23:32:31Z,2026-06-23T23:32:31Z,2026-06-23T23:32:32Z,DIAGNOSTIC_SOURCE_EVIDENCE_ONLY,AUDITED_DIAGNOSTIC_ONLY
sec_events,receipt:sec_events:provider:38413b9d36a7ad1e,2026-06-23T16:41:58Z,2026-06-23T23:31:35.726707Z,2026-06-23T23:31:35.726707Z,2026-06-23T23:31:35Z,2026-06-23T23:31:35Z,2026-06-23T23:31:35Z,2026-06-23T23:31:35Z,2026-06-23T23:31:36Z,DIAGNOSTIC_SOURCE_EVIDENCE_ONLY,AUDITED_DIAGNOSTIC_ONLY
sec_events,receipt:sec_events:2026-06-23T23:25:00Z,2026-06-23T16:41:58Z,2026-06-23T23:27:27.426710Z,2026-06-23T23:27:27.426710Z,2026-06-23T23:27:27Z,2026-06-23T23:27:27Z,2026-06-23T23:27:27Z,2026-06-23T23:27:27Z,2026-06-23T23:27:28Z,DIAGNOSTIC_SOURCE_EVIDENCE_ONLY,AUDITED_DIAGNOSTIC_ONLY
sec_events,receipt:sec_events:provider:3922cefe7d4ffa33,2026-06-23T16:41:58Z,2026-06-23T23:26:31.479391Z,2026-06-23T23:26:31.479391Z,2026-06-23T23:26:31Z,2026-06-23T23:26:31Z,2026-06-23T23:26:31Z,2026-06-23T23:26:31Z,2026-06-23T23:26:32Z,DIAGNOSTIC_SOURCE_EVIDENCE_ONLY,AUDITED_DIAGNOSTIC_ONLY
sec_events,receipt:sec_events:2026-06-23T23:20:00Z,2026-06-23T16:41:58Z,2026-06-23T23:22:43.708195Z,2026-06-23T23:22:43.708195Z,2026-06-23T23:22:43Z,2026-06-23T23:22:43Z,2026-06-23T23:22:43Z,2026-06-23T23:22:43Z,2026-06-23T23:22:44Z,DIAGNOSTIC_SOURCE_EVIDENCE_ONLY,AUDITED_DIAGNOSTIC_ONLY
sec_events,receipt:sec_events:provider:e56fc56d1c3da81d,2026-06-23T16:41:58Z,2026-06-23T23:21:51.472478Z,2026-06-23T23:21:51.472478Z,2026-06-23T23:21:51Z,2026-06-23T23:21:51Z,2026-06-23T23:21:51Z,2026-06-23T23:21:51Z,2026-06-23T23:21:52Z,DIAGNOSTIC_SOURCE_EVIDENCE_ONLY,AUDITED_DIAGNOSTIC_ONLY
sec_events,receipt:sec_events:2026-06-23T23:15:00Z,2026-06-23T16:41:58Z,2026-06-23T23:16:53.886098Z,2026-06-23T23:16:53.886098Z,2026-06-23T23:16:53Z,2026-06-23T23:16:53Z,2026-06-23T23:16:53Z,2026-06-23T23:16:53Z,2026-06-23T23:16:54Z,DIAGNOSTIC_SOURCE_EVIDENCE_ONLY,AUDITED_DIAGNOSTIC_ONLY
sec_events,receipt:sec_events:provider:bfa370ac2722510c,2026-06-23T16:41:58Z,2026-06-23T23:16:00.979416Z,2026-06-23T23:16:00.979416Z,2026-06-23T23:16:00Z,2026-06-23T23:16:00Z,2026-06-23T23:16:00Z,2026-06-23T23:16:00Z,2026-06-23T23:16:01Z,DIAGNOSTIC_SOURCE_EVIDENCE_ONLY,AUDITED_DIAGNOSTIC_ONLY
sec_events,receipt:sec_events:2026-06-23T23:10:00Z,2026-06-23T16:41:58Z,2026-06-23T23:12:16.139110Z,2026-06-23T23:12:16.139110Z,2026-06-23T23:12:16Z,2026-06-23T23:12:16Z,2026-06-23T23:12:16Z,2026-06-23T23:12:16Z,2026-06-23T23:12:17Z,DIAGNOSTIC_SOURCE_EVIDENCE_ONLY,AUDITED_DIAGNOSTIC_ONLY
sec_events,receipt:sec_events:provider:5188c6c9f99aa539,2026-06-23T16:41:58Z,2026-06-23T23:11:23.356286Z,2026-06-23T23:11:23.356286Z,2026-06-23T23:11:23Z,2026-06-23T23:11:23Z,2026-06-23T23:11:23Z,2026-06-23T23:11:23Z,2026-06-23T23:11:24Z,DIAGNOSTIC_SOURCE_EVIDENCE_ONLY,AUDITED_DIAGNOSTIC_ONLY
sec_events,receipt:sec_events:2026-06-23T23:05:00Z,2026-06-23T16:41:58Z,2026-06-23T23:07:22.245886Z,2026-06-23T23:07:22.245886Z,2026-06-23T23:07:22Z,2026-06-23T23:07:22Z,2026-06-23T23:07:22Z,2026-06-23T23:07:22Z,2026-06-23T23:07:23Z,DIAGNOSTIC_SOURCE_EVIDENCE_ONLY,AUDITED_DIAGNOSTIC_ONLY
sec_events,receipt:sec_events:provider:528cb17dfe5cfefb,2026-06-23T16:41:58Z,2026-06-23T23:06:29.941197Z,2026-06-23T23:06:29.941197Z,2026-06-23T23:06:29Z,2026-06-23T23:06:29Z,2026-06-23T23:06:29Z,2026-06-23T23:06:29Z,2026-06-23T23:06:30Z,DIAGNOSTIC_SOURCE_EVIDENCE_ONLY,AUDITED_DIAGNOSTIC_ONLY
sec_events,receipt:sec_events:2026-06-23T23:00:00Z,2026-06-23T16:41:58Z,2026-06-23T23:03:44.805250Z,2026-06-23T23:03:44.805250Z,2026-06-23T23:03:44Z,2026-06-23T23:03:44Z,2026-06-23T23:03:44Z,2026-06-23T23:03:44Z,2026-06-23T23:03:45Z,DIAGNOSTIC_SOURCE_EVIDENCE_ONLY,AUDITED_DIAGNOSTIC_ONLY
sec_events,receipt:sec_events:provider:12185379779238c4,2026-06-23T16:41:58Z,2026-06-23T23:01:34.664153Z,2026-06-23T23:01:34.664153Z,2026-06-23T23:01:34Z,2026-06-23T23:01:34Z,2026-06-23T23:01:34Z,2026-06-23T23:01:34Z,2026-06-23T23:01:35Z,DIAGNOSTIC_SOURCE_EVIDENCE_ONLY,AUDITED_DIAGNOSTIC_ONLY
sec_events,receipt:sec_events:2026-06-23T22:55:00Z,2026-06-23T16:41:58Z,2026-06-23T22:57:48.499847Z,2026-06-23T22:57:48.499847Z,2026-06-23T22:57:48Z,2026-06-23T22:57:48Z,2026-06-23T22:57:48Z,2026-06-23T22:57:48Z,2026-06-23T22:57:49Z,DIAGNOSTIC_SOURCE_EVIDENCE_ONLY,AUDITED_DIAGNOSTIC_ONLY
sec_events,receipt:sec_events:provider:50969b67ab90b598,2026-06-23T16:41:58Z,2026-06-23T22:56:55.832593Z,2026-06-23T22:56:55.832593Z,2026-06-23T22:56:55Z,2026-06-23T22:56:55Z,2026-06-23T22:56:55Z,2026-06-23T22:56:55Z,2026-06-23T22:56:56Z,DIAGNOSTIC_SOURCE_EVIDENCE_ONLY,AUDITED_DIAGNOSTIC_ONLY
sec_events,receipt:sec_events:2026-06-23T22:50:00Z,2026-06-23T16:41:58Z,2026-06-23T22:51:58.919868Z,2026-06-23T22:51:58.919868Z,2026-06-23T22:51:58Z,2026-06-23T22:51:58Z,2026-06-23T22:51:58Z,2026-06-23T22:51:58Z,2026-06-23T22:51:59Z,DIAGNOSTIC_SOURCE_EVIDENCE_ONLY,AUDITED_DIAGNOSTIC_ONLY
sec_events,receipt:sec_events:provider:c0b6b89014078d47,2026-06-23T16:41:58Z,2026-06-23T22:51:07.286315Z,2026-06-23T22:51:07.286315Z,2026-06-23T22:51:07Z,2026-06-23T22:51:07Z,2026-06-23T22:51:07Z,2026-06-23T22:51:07Z,2026-06-23T22:51:08Z,DIAGNOSTIC_SOURCE_EVIDENCE_ONLY,AUDITED_DIAGNOSTIC_ONLY
sec_events,receipt:sec_events:2026-06-23T22:45:00Z,2026-06-23T16:41:58Z,2026-06-23T22:47:02.812909Z,2026-06-23T22:47:02.812909Z,2026-06-23T22:47:02Z,2026-06-23T22:47:02Z,2026-06-23T22:47:02Z,2026-06-23T22:47:02Z,2026-06-23T22:47:03Z,DIAGNOSTIC_SOURCE_EVIDENCE_ONLY,AUDITED_DIAGNOSTIC_ONLY
sec_events,receipt:sec_events:provider:7422af9a3202e982,2026-06-23T16:41:58Z,2026-06-23T22:46:08.847322Z,2026-06-23T22:46:08.847322Z,2026-06-23T22:46:08Z,2026-06-23T22:46:08Z,2026-06-23T22:46:08Z,2026-06-23T22:46:08Z,2026-06-23T22:46:09Z,DIAGNOSTIC_SOURCE_EVIDENCE_ONLY,AUDITED_DIAGNOSTIC_ONLY
sec_events,receipt:sec_events:2026-06-23T22:40:00Z,2026-06-23T16:41:58Z,2026-06-23T22:42:22.691519Z,2026-06-23T22:42:22.691519Z,2026-06-23T22:42:22Z,2026-06-23T22:42:22Z,2026-06-23T22:42:22Z,2026-06-23T22:42:22Z,2026-06-23T22:42:23Z,DIAGNOSTIC_SOURCE_EVIDENCE_ONLY,AUDITED_DIAGNOSTIC_ONLY
sec_events,receipt:sec_events:provider:f8c55d58b2b2b412,2026-06-23T16:41:58Z,2026-06-23T22:41:29.959807Z,2026-06-23T22:41:29.959807Z,2026-06-23T22:41:29Z,2026-06-23T22:41:29Z,2026-06-23T22:41:29Z,2026-06-23T22:41:29Z,2026-06-23T22:41:30Z,DIAGNOSTIC_SOURCE_EVIDENCE_ONLY,AUDITED_DIAGNOSTIC_ONLY
sec_events,receipt:sec_events:2026-06-23T22:35:00Z,2026-06-23T16:41:58Z,2026-06-23T22:37:26.676590Z,2026-06-23T22:37:26.676590Z,2026-06-23T22:37:26Z,2026-06-23T22:37:26Z,2026-06-23T22:37:26Z,2026-06-23T22:37:26Z,2026-06-23T22:37:27Z,DIAGNOSTIC_SOURCE_EVIDENCE_ONLY,AUDITED_DIAGNOSTIC_ONLY
sec_events,receipt:sec_events:provider:894ec6da6aafa6c5,2026-06-23T16:41:58Z,2026-06-23T22:36:31.531031Z,2026-06-23T22:36:31.531031Z,2026-06-23T22:36:31Z,2026-06-23T22:36:31Z,2026-06-23T22:36:31Z,2026-06-23T22:36:31Z,2026-06-23T22:36:32Z,DIAGNOSTIC_SOURCE_EVIDENCE_ONLY,AUDITED_DIAGNOSTIC_ONLY
sec_events,receipt:sec_events:2026-06-23T22:30:00Z,2026-06-23T16:41:58Z,2026-06-23T22:32:26.759658Z,2026-06-23T22:32:26.759658Z,2026-06-23T22:32:26Z,2026-06-23T22:32:26Z,2026-06-23T22:32:26Z,2026-06-23T22:32:26Z,2026-06-23T22:32:27Z,DIAGNOSTIC_SOURCE_EVIDENCE_ONLY,AUDITED_DIAGNOSTIC_ONLY
sec_events,receipt:sec_events:provider:5d26b963b57316e1,2026-06-23T16:41:58Z,2026-06-23T22:31:33.142607Z,2026-06-23T22:31:33.142607Z,2026-06-23T22:31:33Z,2026-06-23T22:31:33Z,2026-06-23T22:31:33Z,2026-06-23T22:31:33Z,2026-06-23T22:31:34Z,DIAGNOSTIC_SOURCE_EVIDENCE_ONLY,AUDITED_DIAGNOSTIC_ONLY
sec_events,receipt:sec_events:2026-06-23T22:25:00Z,2026-06-23T16:41:58Z,2026-06-23T22:27:47.076005Z,2026-06-23T22:27:47.076005Z,2026-06-23T22:27:47Z,2026-06-23T22:27:47Z,2026-06-23T22:27:47Z,2026-06-23T22:27:47Z,2026-06-23T22:27:48Z,DIAGNOSTIC_SOURCE_EVIDENCE_ONLY,AUDITED_DIAGNOSTIC_ONLY
sec_events,receipt:sec_events:provider:d24995e94f4d0cd0,2026-06-23T16:41:58Z,2026-06-23T22:26:53.057051Z,2026-06-23T22:26:53.057051Z,2026-06-23T22:26:53Z,2026-06-23T22:26:53Z,2026-06-23T22:26:53Z,2026-06-23T22:26:53Z,2026-06-23T22:26:54Z,DIAGNOSTIC_SOURCE_EVIDENCE_ONLY,AUDITED_DIAGNOSTIC_ONLY
sec_events,receipt:sec_events:2026-06-23T22:20:00Z,2026-06-23T16:41:58Z,2026-06-23T22:21:53.827365Z,2026-06-23T22:21:53.827365Z,2026-06-23T22:21:53Z,2026-06-23T22:21:53Z,2026-06-23T22:21:53Z,2026-06-23T22:21:53Z,2026-06-23T22:21:54Z,DIAGNOSTIC_SOURCE_EVIDENCE_ONLY,AUDITED_DIAGNOSTIC_ONLY
sec_events,receipt:sec_events:provider:f27d81809cdefa5e,2026-06-23T16:41:58Z,2026-06-23T22:21:01.413360Z,2026-06-23T22:21:01.413360Z,2026-06-23T22:21:01Z,2026-06-23T22:21:01Z,2026-06-23T22:21:01Z,2026-06-23T22:21:01Z,2026-06-23T22:21:02Z,DIAGNOSTIC_SOURCE_EVIDENCE_ONLY,AUDITED_DIAGNOSTIC_ONLY
sec_events,receipt:sec_events:2026-06-23T22:15:00Z,2026-06-23T16:41:58Z,2026-06-23T22:18:01.489149Z,2026-06-23T22:18:01.489149Z,2026-06-23T22:18:01Z,2026-06-23T22:18:01Z,2026-06-23T22:18:01Z,2026-06-23T22:18:01Z,2026-06-23T22:18:02Z,DIAGNOSTIC_SOURCE_EVIDENCE_ONLY,AUDITED_DIAGNOSTIC_ONLY
sec_events,receipt:sec_events:provider:973bbadce047c761,2026-06-23T16:41:58Z,2026-06-23T22:17:08.261671Z,2026-06-23T22:17:08.261671Z,2026-06-23T22:17:08Z,2026-06-23T22:17:08Z,2026-06-23T22:17:08Z,2026-06-23T22:17:08Z,2026-06-23T22:17:09Z,DIAGNOSTIC_SOURCE_EVIDENCE_ONLY,AUDITED_DIAGNOSTIC_ONLY
sec_events,receipt:sec_events:2026-06-23T22:10:00Z,2026-06-23T16:41:58Z,2026-06-23T22:11:55.198935Z,2026-06-23T22:11:55.198935Z,2026-06-23T22:11:55Z,2026-06-23T22:11:55Z,2026-06-23T22:11:55Z,2026-06-23T22:11:55Z,2026-06-23T22:11:56Z,DIAGNOSTIC_SOURCE_EVIDENCE_ONLY,AUDITED_DIAGNOSTIC_ONLY
sec_events,receipt:sec_events:provider:abd7bfdb3b966593,2026-06-23T16:41:58Z,2026-06-23T22:11:03.778793Z,2026-06-23T22:11:03.778793Z,2026-06-23T22:11:03Z,2026-06-23T22:11:03Z,2026-06-23T22:11:03Z,2026-06-23T22:11:03Z,2026-06-23T22:11:04Z,DIAGNOSTIC_SOURCE_EVIDENCE_ONLY,AUDITED_DIAGNOSTIC_ONLY
sec_events,receipt:sec_events:2026-06-23T22:05:00Z,2026-06-23T16:41:58Z,2026-06-23T22:07:10.775812Z,2026-06-23T22:07:10.775812Z,2026-06-23T22:07:10Z,2026-06-23T22:07:10Z,2026-06-23T22:07:10Z,2026-06-23T22:07:10Z,2026-06-23T22:07:11Z,DIAGNOSTIC_SOURCE_EVIDENCE_ONLY,AUDITED_DIAGNOSTIC_ONLY
sec_events,receipt:sec_events:provider:3b05fe741de3ff95,2026-06-23T16:41:58Z,2026-06-23T22:06:19.131583Z,2026-06-23T22:06:19.131583Z,2026-06-23T22:06:19Z,2026-06-23T22:06:19Z,2026-06-23T22:06:19Z,2026-06-23T22:06:19Z,2026-06-23T22:06:20Z,DIAGNOSTIC_SOURCE_EVIDENCE_ONLY,AUDITED_DIAGNOSTIC_ONLY
sec_events,receipt:sec_events:2026-06-23T22:00:00Z,2026-06-23T16:41:58Z,2026-06-23T22:03:17.614936Z,2026-06-23T22:03:17.614936Z,2026-06-23T22:03:17Z,2026-06-23T22:03:17Z,2026-06-23T22:03:17Z,2026-06-23T22:03:17Z,2026-06-23T22:03:18Z,DIAGNOSTIC_SOURCE_EVIDENCE_ONLY,AUDITED_DIAGNOSTIC_ONLY
sec_events,receipt:sec_events:provider:5b5e4fd904b76388,2026-06-23T16:41:58Z,2026-06-23T22:01:02.194832Z,2026-06-23T22:01:02.194832Z,2026-06-23T22:01:02Z,2026-06-23T22:01:02Z,2026-06-23T22:01:02Z,2026-06-23T22:01:02Z,2026-06-23T22:01:03Z,DIAGNOSTIC_SOURCE_EVIDENCE_ONLY,AUDITED_DIAGNOSTIC_ONLY
sec_events,receipt:sec_events:2026-06-23T21:55:00Z,2026-06-23T16:41:58Z,2026-06-23T21:57:03.529229Z,2026-06-23T21:57:03.529229Z,2026-06-23T21:57:03Z,2026-06-23T21:57:03Z,2026-06-23T21:57:03Z,2026-06-23T21:57:03Z,2026-06-23T21:57:04Z,DIAGNOSTIC_SOURCE_EVIDENCE_ONLY,AUDITED_DIAGNOSTIC_ONLY
sec_events,receipt:sec_events:provider:c45c0ce6307eb4b7,2026-06-23T16:41:58Z,2026-06-23T21:56:11.805375Z,2026-06-23T21:56:11.805375Z,2026-06-23T21:56:11Z,2026-06-23T21:56:11Z,2026-06-23T21:56:11Z,2026-06-23T21:56:11Z,2026-06-23T21:56:12Z,DIAGNOSTIC_SOURCE_EVIDENCE_ONLY,AUDITED_DIAGNOSTIC_ONLY
sec_events,receipt:sec_events:2026-06-23T21:50:00Z,2026-06-23T16:41:58Z,2026-06-23T21:52:08.328779Z,2026-06-23T21:52:08.328779Z,2026-06-23T21:52:08Z,2026-06-23T21:52:08Z,2026-06-23T21:52:08Z,2026-06-23T21:52:08Z,2026-06-23T21:52:09Z,DIAGNOSTIC_SOURCE_EVIDENCE_ONLY,AUDITED_DIAGNOSTIC_ONLY
sec_events,receipt:sec_events:provider:fa34abab1a8b7116,2026-06-23T16:41:58Z,2026-06-23T21:51:16.259653Z,2026-06-23T21:51:16.259653Z,2026-06-23T21:51:16Z,2026-06-23T21:51:16Z,2026-06-23T21:51:16Z,2026-06-23T21:51:16Z,2026-06-23T21:51:17Z,DIAGNOSTIC_SOURCE_EVIDENCE_ONLY,AUDITED_DIAGNOSTIC_ONLY
sec_events,receipt:sec_events:2026-06-23T21:45:00Z,2026-06-23T16:41:58Z,2026-06-23T21:47:13.910929Z,2026-06-23T21:47:13.910929Z,2026-06-23T21:47:13Z,2026-06-23T21:47:13Z,2026-06-23T21:47:13Z,2026-06-23T21:47:13Z,2026-06-23T21:47:14Z,DIAGNOSTIC_SOURCE_EVIDENCE_ONLY,AUDITED_DIAGNOSTIC_ONLY
sec_events,receipt:sec_events:provider:1e3e106991398606,2026-06-23T16:41:58Z,2026-06-23T21:46:21.363524Z,2026-06-23T21:46:21.363524Z,2026-06-23T21:46:21Z,2026-06-23T21:46:21Z,2026-06-23T21:46:21Z,2026-06-23T21:46:21Z,2026-06-23T21:46:22Z,DIAGNOSTIC_SOURCE_EVIDENCE_ONLY,AUDITED_DIAGNOSTIC_ONLY
sec_events,receipt:sec_events:2026-06-23T21:40:00Z,2026-06-23T16:41:58Z,2026-06-23T21:42:24.454463Z,2026-06-23T21:42:24.454463Z,2026-06-23T21:42:24Z,2026-06-23T21:42:24Z,2026-06-23T21:42:24Z,2026-06-23T21:42:24Z,2026-06-23T21:42:25Z,DIAGNOSTIC_SOURCE_EVIDENCE_ONLY,AUDITED_DIAGNOSTIC_ONLY
sec_events,receipt:sec_events:provider:46bcd33b32e0a2a5,2026-06-23T16:41:58Z,2026-06-23T21:41:32.492913Z,2026-06-23T21:41:32.492913Z,2026-06-23T21:41:32Z,2026-06-23T21:41:32Z,2026-06-23T21:41:32Z,2026-06-23T21:41:32Z,2026-06-23T21:41:33Z,DIAGNOSTIC_SOURCE_EVIDENCE_ONLY,AUDITED_DIAGNOSTIC_ONLY
sec_events,receipt:sec_events:2026-06-23T21:35:00Z,2026-06-23T16:41:58Z,2026-06-23T21:37:31.335899Z,2026-06-23T21:37:31.335899Z,2026-06-23T21:37:31Z,2026-06-23T21:37:31Z,2026-06-23T21:37:31Z,2026-06-23T21:37:31Z,2026-06-23T21:37:32Z,DIAGNOSTIC_SOURCE_EVIDENCE_ONLY,AUDITED_DIAGNOSTIC_ONLY
sec_events,receipt:sec_events:provider:a6eb0c6d62eee167,2026-06-23T16:41:58Z,2026-06-23T21:36:39.566629Z,2026-06-23T21:36:39.566629Z,2026-06-23T21:36:39Z,2026-06-23T21:36:39Z,2026-06-23T21:36:39Z,2026-06-23T21:36:39Z,2026-06-23T21:36:40Z,DIAGNOSTIC_SOURCE_EVIDENCE_ONLY,AUDITED_DIAGNOSTIC_ONLY
sec_events,receipt:sec_events:2026-06-23T21:30:00Z,2026-06-23T16:41:58Z,2026-06-23T21:32:31.695371Z,2026-06-23T21:32:31.695371Z,2026-06-23T21:32:31Z,2026-06-23T21:32:31Z,2026-06-23T21:32:31Z,2026-06-23T21:32:31Z,2026-06-23T21:32:32Z,DIAGNOSTIC_SOURCE_EVIDENCE_ONLY,AUDITED_DIAGNOSTIC_ONLY
sec_events,receipt:sec_events:provider:a284397293212146,2026-06-23T16:41:58Z,2026-06-23T21:31:40.128304Z,2026-06-23T21:31:40.128304Z,2026-06-23T21:31:40Z,2026-06-23T21:31:40Z,2026-06-23T21:31:40Z,2026-06-23T21:31:40Z,2026-06-23T21:31:41Z,DIAGNOSTIC_SOURCE_EVIDENCE_ONLY,AUDITED_DIAGNOSTIC_ONLY
sec_events,receipt:sec_events:2026-06-23T21:25:00Z,2026-06-23T16:41:58Z,2026-06-23T21:27:32.497238Z,2026-06-23T21:27:32.497238Z,2026-06-23T21:27:32Z,2026-06-23T21:27:32Z,2026-06-23T21:27:32Z,2026-06-23T21:27:32Z,2026-06-23T21:27:33Z,DIAGNOSTIC_SOURCE_EVIDENCE_ONLY,AUDITED_DIAGNOSTIC_ONLY
sec_events,receipt:sec_events:provider:f33753f9390bf4be,2026-06-23T16:41:58Z,2026-06-23T21:26:40.916107Z,2026-06-23T21:26:40.916107Z,2026-06-23T21:26:40Z,2026-06-23T21:26:40Z,2026-06-23T21:26:40Z,2026-06-23T21:26:40Z,2026-06-23T21:26:41Z,DIAGNOSTIC_SOURCE_EVIDENCE_ONLY,AUDITED_DIAGNOSTIC_ONLY
sec_events,receipt:sec_events:2026-06-23T21:20:00Z,2026-06-23T16:41:58Z,2026-06-23T21:22:55.382367Z,2026-06-23T21:22:55.382367Z,2026-06-23T21:22:55Z,2026-06-23T21:22:55Z,2026-06-23T21:22:55Z,2026-06-23T21:22:55Z,2026-06-23T21:22:56Z,DIAGNOSTIC_SOURCE_EVIDENCE_ONLY,AUDITED_DIAGNOSTIC_ONLY
sec_events,receipt:sec_events:provider:ba90be9ceed046ce,2026-06-23T16:41:58Z,2026-06-23T21:22:02.847111Z,2026-06-23T21:22:02.847111Z,2026-06-23T21:22:02Z,2026-06-23T21:22:02Z,2026-06-23T21:22:02Z,2026-06-23T21:22:02Z,2026-06-23T21:22:03Z,DIAGNOSTIC_SOURCE_EVIDENCE_ONLY,AUDITED_DIAGNOSTIC_ONLY
sec_events,receipt:sec_events:2026-06-23T21:15:00Z,2026-06-23T16:41:58Z,2026-06-23T21:16:59.841033Z,2026-06-23T21:16:59.841033Z,2026-06-23T21:16:59Z,2026-06-23T21:16:59Z,2026-06-23T21:16:59Z,2026-06-23T21:16:59Z,2026-06-23T21:17:00Z,DIAGNOSTIC_SOURCE_EVIDENCE_ONLY,AUDITED_DIAGNOSTIC_ONLY
sec_events,receipt:sec_events:provider:288cfd0d8499e33e,2026-06-23T16:41:58Z,2026-06-23T21:16:08.633265Z,2026-06-23T21:16:08.633265Z,2026-06-23T21:16:08Z,2026-06-23T21:16:08Z,2026-06-23T21:16:08Z,2026-06-23T21:16:08Z,2026-06-23T21:16:09Z,DIAGNOSTIC_SOURCE_EVIDENCE_ONLY,AUDITED_DIAGNOSTIC_ONLY
sec_events,receipt:sec_events:2026-06-23T21:10:00Z,2026-06-23T16:41:58Z,2026-06-23T21:12:20.961928Z,2026-06-23T21:12:20.961928Z,2026-06-23T21:12:20Z,2026-06-23T21:12:20Z,2026-06-23T21:12:20Z,2026-06-23T21:12:20Z,2026-06-23T21:12:21Z,DIAGNOSTIC_SOURCE_EVIDENCE_ONLY,AUDITED_DIAGNOSTIC_ONLY
sec_events,receipt:sec_events:provider:6fd7d57cbf05ce46,2026-06-23T16:41:58Z,2026-06-23T21:11:29.385506Z,2026-06-23T21:11:29.385506Z,2026-06-23T21:11:29Z,2026-06-23T21:11:29Z,2026-06-23T21:11:29Z,2026-06-23T21:11:29Z,2026-06-23T21:11:30Z,DIAGNOSTIC_SOURCE_EVIDENCE_ONLY,AUDITED_DIAGNOSTIC_ONLY
sec_events,receipt:sec_events:2026-06-23T21:05:00Z,2026-06-23T16:41:58Z,2026-06-23T21:07:23.807275Z,2026-06-23T21:07:23.807275Z,2026-06-23T21:07:23Z,2026-06-23T21:07:23Z,2026-06-23T21:07:23Z,2026-06-23T21:07:23Z,2026-06-23T21:07:24Z,DIAGNOSTIC_SOURCE_EVIDENCE_ONLY,AUDITED_DIAGNOSTIC_ONLY
sec_events,receipt:sec_events:provider:43b5fdf13a7ca5d0,2026-06-23T16:41:58Z,2026-06-23T21:06:30.965156Z,2026-06-23T21:06:30.965156Z,2026-06-23T21:06:30Z,2026-06-23T21:06:30Z,2026-06-23T21:06:30Z,2026-06-23T21:06:30Z,2026-06-23T21:06:31Z,DIAGNOSTIC_SOURCE_EVIDENCE_ONLY,AUDITED_DIAGNOSTIC_ONLY
sec_events,receipt:sec_events:2026-06-23T21:00:00Z,2026-06-23T16:41:58Z,2026-06-23T21:03:44.925665Z,2026-06-23T21:03:44.925665Z,2026-06-23T21:03:44Z,2026-06-23T21:03:44Z,2026-06-23T21:03:44Z,2026-06-23T21:03:44Z,2026-06-23T21:03:45Z,DIAGNOSTIC_SOURCE_EVIDENCE_ONLY,AUDITED_DIAGNOSTIC_ONLY
sec_events,receipt:sec_events:provider:4aa8cd88868b6cf3,2026-06-23T16:41:58Z,2026-06-23T21:01:32.088979Z,2026-06-23T21:01:32.088979Z,2026-06-23T21:01:32Z,2026-06-23T21:01:32Z,2026-06-23T21:01:32Z,2026-06-23T21:01:32Z,2026-06-23T21:01:33Z,DIAGNOSTIC_SOURCE_EVIDENCE_ONLY,AUDITED_DIAGNOSTIC_ONLY
sec_events,receipt:sec_events:2026-06-23T20:55:00Z,2026-06-23T16:41:58Z,2026-06-23T20:57:22.673681Z,2026-06-23T20:57:22.673681Z,2026-06-23T20:57:22Z,2026-06-23T20:57:22Z,2026-06-23T20:57:22Z,2026-06-23T20:57:22Z,2026-06-23T20:57:23Z,DIAGNOSTIC_SOURCE_EVIDENCE_ONLY,AUDITED_DIAGNOSTIC_ONLY
sec_events,receipt:sec_events:provider:a5423b4c829e712e,2026-06-23T16:41:58Z,2026-06-23T20:56:22.830349Z,2026-06-23T20:56:22.830349Z,2026-06-23T20:56:22Z,2026-06-23T20:56:22Z,2026-06-23T20:56:22Z,2026-06-23T20:56:22Z,2026-06-23T20:56:23Z,DIAGNOSTIC_SOURCE_EVIDENCE_ONLY,AUDITED_DIAGNOSTIC_ONLY
sec_events,receipt:sec_events:2026-06-23T20:50:00Z,2026-06-23T16:41:58Z,2026-06-23T20:52:36.226580Z,2026-06-23T20:52:36.226580Z,2026-06-23T20:52:36Z,2026-06-23T20:52:36Z,2026-06-23T20:52:36Z,2026-06-23T20:52:36Z,2026-06-23T20:52:37Z,DIAGNOSTIC_SOURCE_EVIDENCE_ONLY,AUDITED_DIAGNOSTIC_ONLY
sec_events,receipt:sec_events:provider:c1d9a0446317f5c4,2026-06-23T16:41:58Z,2026-06-23T20:51:43.768191Z,2026-06-23T20:51:43.768191Z,2026-06-23T20:51:43Z,2026-06-23T20:51:43Z,2026-06-23T20:51:43Z,2026-06-23T20:51:43Z,2026-06-23T20:51:44Z,DIAGNOSTIC_SOURCE_EVIDENCE_ONLY,AUDITED_DIAGNOSTIC_ONLY
sec_events,receipt:sec_events:2026-06-23T20:45:00Z,2026-06-23T16:41:58Z,2026-06-23T20:47:41.596141Z,2026-06-23T20:47:41.596141Z,2026-06-23T20:47:41Z,2026-06-23T20:47:41Z,2026-06-23T20:47:41Z,2026-06-23T20:47:41Z,2026-06-23T20:47:42Z,DIAGNOSTIC_SOURCE_EVIDENCE_ONLY,AUDITED_DIAGNOSTIC_ONLY
sec_events,receipt:sec_events:provider:4f8370827dfb738f,2026-06-23T16:41:58Z,2026-06-23T20:46:49.151951Z,2026-06-23T20:46:49.151951Z,2026-06-23T20:46:49Z,2026-06-23T20:46:49Z,2026-06-23T20:46:49Z,2026-06-23T20:46:49Z,2026-06-23T20:46:50Z,DIAGNOSTIC_SOURCE_EVIDENCE_ONLY,AUDITED_DIAGNOSTIC_ONLY
sec_events,receipt:sec_events:2026-06-23T20:40:00Z,2026-06-23T06:04:01Z,2026-06-23T20:41:45.948049Z,2026-06-23T20:41:45.948049Z,2026-06-23T20:41:45Z,2026-06-23T20:41:45Z,2026-06-23T20:41:45Z,2026-06-23T20:41:45Z,2026-06-23T20:41:46Z,DIAGNOSTIC_SOURCE_EVIDENCE_ONLY,AUDITED_DIAGNOSTIC_ONLY
sec_events,receipt:sec_events:provider:324fa973f0b0486a,2026-06-23T06:04:01Z,2026-06-23T20:40:54.316488Z,2026-06-23T20:40:54.316488Z,2026-06-23T20:40:54Z,2026-06-23T20:40:54Z,2026-06-23T20:40:54Z,2026-06-23T20:40:54Z,2026-06-23T20:40:55Z,DIAGNOSTIC_SOURCE_EVIDENCE_ONLY,AUDITED_DIAGNOSTIC_ONLY
sec_events,receipt:sec_events:2026-06-23T20:35:00Z,2026-06-23T06:04:01Z,2026-06-23T20:37:03.915309Z,2026-06-23T20:37:03.915309Z,2026-06-23T20:37:03Z,2026-06-23T20:37:03Z,2026-06-23T20:37:03Z,2026-06-23T20:37:03Z,2026-06-23T20:37:04Z,DIAGNOSTIC_SOURCE_EVIDENCE_ONLY,AUDITED_DIAGNOSTIC_ONLY
sec_events,receipt:sec_events:provider:5ca1233430d0dcd7,2026-06-23T06:04:01Z,2026-06-23T20:36:11.323305Z,2026-06-23T20:36:11.323305Z,2026-06-23T20:36:11Z,2026-06-23T20:36:11Z,2026-06-23T20:36:11Z,2026-06-23T20:36:11Z,2026-06-23T20:36:12Z,DIAGNOSTIC_SOURCE_EVIDENCE_ONLY,AUDITED_DIAGNOSTIC_ONLY
sec_events,receipt:sec_events:2026-06-23T20:30:00Z,2026-06-23T06:04:01Z,2026-06-23T20:32:07.063198Z,2026-06-23T20:32:07.063198Z,2026-06-23T20:32:07Z,2026-06-23T20:32:07Z,2026-06-23T20:32:07Z,2026-06-23T20:32:07Z,2026-06-23T20:32:08Z,DIAGNOSTIC_SOURCE_EVIDENCE_ONLY,AUDITED_DIAGNOSTIC_ONLY
sec_events,receipt:sec_events:provider:78014f571f5af6a0,2026-06-23T06:04:01Z,2026-06-23T20:31:09.858646Z,2026-06-23T20:31:09.858646Z,2026-06-23T20:31:09Z,2026-06-23T20:31:09Z,2026-06-23T20:31:09Z,2026-06-23T20:31:09Z,2026-06-23T20:31:10Z,DIAGNOSTIC_SOURCE_EVIDENCE_ONLY,AUDITED_DIAGNOSTIC_ONLY
sec_events,receipt:sec_events:2026-06-23T20:25:00Z,2026-06-23T06:04:01Z,2026-06-23T20:27:23.705173Z,2026-06-23T20:27:23.705173Z,2026-06-23T20:27:23Z,2026-06-23T20:27:23Z,2026-06-23T20:27:23Z,2026-06-23T20:27:23Z,2026-06-23T20:27:24Z,DIAGNOSTIC_SOURCE_EVIDENCE_ONLY,AUDITED_DIAGNOSTIC_ONLY
sec_events,receipt:sec_events:provider:9c33fe55c31fc710,2026-06-23T06:04:01Z,2026-06-23T20:26:27.987549Z,2026-06-23T20:26:27.987549Z,2026-06-23T20:26:27Z,2026-06-23T20:26:27Z,2026-06-23T20:26:27Z,2026-06-23T20:26:27Z,2026-06-23T20:26:28Z,DIAGNOSTIC_SOURCE_EVIDENCE_ONLY,AUDITED_DIAGNOSTIC_ONLY
sec_events,receipt:sec_events:2026-06-23T20:20:00Z,2026-06-23T06:04:01Z,2026-06-23T20:22:25.309785Z,2026-06-23T20:22:25.309785Z,2026-06-23T20:22:25Z,2026-06-23T20:22:25Z,2026-06-23T20:22:25Z,2026-06-23T20:22:25Z,2026-06-23T20:22:26Z,DIAGNOSTIC_SOURCE_EVIDENCE_ONLY,AUDITED_DIAGNOSTIC_ONLY
sec_events,receipt:sec_events:provider:e1af255585854c64,2026-06-23T06:04:01Z,2026-06-23T20:21:29.452051Z,2026-06-23T20:21:29.452051Z,2026-06-23T20:21:29Z,2026-06-23T20:21:29Z,2026-06-23T20:21:29Z,2026-06-23T20:21:29Z,2026-06-23T20:21:30Z,DIAGNOSTIC_SOURCE_EVIDENCE_ONLY,AUDITED_DIAGNOSTIC_ONLY
sec_events,receipt:sec_events:2026-06-23T20:15:00Z,2026-06-23T06:04:01Z,2026-06-23T20:17:24.786253Z,2026-06-23T20:17:24.786253Z,2026-06-23T20:17:24Z,2026-06-23T20:17:24Z,2026-06-23T20:17:24Z,2026-06-23T20:17:24Z,2026-06-23T20:17:25Z,DIAGNOSTIC_SOURCE_EVIDENCE_ONLY,AUDITED_DIAGNOSTIC_ONLY
sec_events,receipt:sec_events:provider:5dd059e3093d8579,2026-06-23T06:04:01Z,2026-06-23T20:16:32.992829Z,2026-06-23T20:16:32.992829Z,2026-06-23T20:16:32Z,2026-06-23T20:16:32Z,2026-06-23T20:16:32Z,2026-06-23T20:16:32Z,2026-06-23T20:16:33Z,DIAGNOSTIC_SOURCE_EVIDENCE_ONLY,AUDITED_DIAGNOSTIC_ONLY
sec_events,receipt:sec_events:2026-06-23T20:10:00Z,2026-06-23T06:04:01Z,2026-06-23T20:12:46.861596Z,2026-06-23T20:12:46.861596Z,2026-06-23T20:12:46Z,2026-06-23T20:12:46Z,2026-06-23T20:12:46Z,2026-06-23T20:12:46Z,2026-06-23T20:12:47Z,DIAGNOSTIC_SOURCE_EVIDENCE_ONLY,AUDITED_DIAGNOSTIC_ONLY
sec_events,receipt:sec_events:provider:950df5de7b0d3b3e,2026-06-23T06:04:01Z,2026-06-23T20:11:55.638950Z,2026-06-23T20:11:55.638950Z,2026-06-23T20:11:55Z,2026-06-23T20:11:55Z,2026-06-23T20:11:55Z,2026-06-23T20:11:55Z,2026-06-23T20:11:56Z,DIAGNOSTIC_SOURCE_EVIDENCE_ONLY,AUDITED_DIAGNOSTIC_ONLY
sec_events,receipt:sec_events:2026-06-23T20:05:00Z,2026-06-23T06:04:01Z,2026-06-23T20:06:52.733540Z,2026-06-23T20:06:52.733540Z,2026-06-23T20:06:52Z,2026-06-23T20:06:52Z,2026-06-23T20:06:52Z,2026-06-23T20:06:52Z,2026-06-23T20:06:53Z,DIAGNOSTIC_SOURCE_EVIDENCE_ONLY,AUDITED_DIAGNOSTIC_ONLY
sec_events,receipt:sec_events:provider:7e62bf163e38e93d,2026-06-23T06:04:01Z,2026-06-23T20:06:00.455820Z,2026-06-23T20:06:00.455820Z,2026-06-23T20:06:00Z,2026-06-23T20:06:00Z,2026-06-23T20:06:00Z,2026-06-23T20:06:00Z,2026-06-23T20:06:01Z,DIAGNOSTIC_SOURCE_EVIDENCE_ONLY,AUDITED_DIAGNOSTIC_ONLY
sec_events,receipt:sec_events:2026-06-23T20:00:00Z,2026-06-23T06:04:01Z,2026-06-23T20:04:14.641263Z,2026-06-23T20:04:14.641263Z,2026-06-23T20:04:14Z,2026-06-23T20:04:14Z,2026-06-23T20:04:14Z,2026-06-23T20:04:14Z,2026-06-23T20:04:15Z,DIAGNOSTIC_SOURCE_EVIDENCE_ONLY,AUDITED_DIAGNOSTIC_ONLY
sec_events,receipt:sec_events:provider:f15af3c14e1135c7,2026-06-23T06:04:01Z,2026-06-23T20:02:10.010765Z,2026-06-23T20:02:10.010765Z,2026-06-23T20:02:10Z,2026-06-23T20:02:10Z,2026-06-23T20:02:10Z,2026-06-23T20:02:10Z,2026-06-23T20:02:11Z,DIAGNOSTIC_SOURCE_EVIDENCE_ONLY,AUDITED_DIAGNOSTIC_ONLY
sec_events,receipt:sec_events:2026-06-23T19:55:00Z,2026-06-23T06:04:01Z,2026-06-23T19:56:58.445871Z,2026-06-23T19:56:58.445871Z,2026-06-23T19:56:58Z,2026-06-23T19:56:58Z,2026-06-23T19:56:58Z,2026-06-23T19:56:58Z,2026-06-23T19:56:59Z,DIAGNOSTIC_SOURCE_EVIDENCE_ONLY,AUDITED_DIAGNOSTIC_ONLY
sec_events,receipt:sec_events:provider:5fe9a880ba85954b,2026-06-23T06:04:01Z,2026-06-23T19:56:06.941888Z,2026-06-23T19:56:06.941888Z,2026-06-23T19:56:06Z,2026-06-23T19:56:06Z,2026-06-23T19:56:06Z,2026-06-23T19:56:06Z,2026-06-23T19:56:07Z,DIAGNOSTIC_SOURCE_EVIDENCE_ONLY,AUDITED_DIAGNOSTIC_ONLY
sec_events,receipt:sec_events:2026-06-23T19:50:00Z,2026-06-23T06:04:01Z,2026-06-23T19:53:05.190496Z,2026-06-23T19:53:05.190496Z,2026-06-23T19:53:05Z,2026-06-23T19:53:05Z,2026-06-23T19:53:05Z,2026-06-23T19:53:05Z,2026-06-23T19:53:06Z,DIAGNOSTIC_SOURCE_EVIDENCE_ONLY,AUDITED_DIAGNOSTIC_ONLY
sec_events,receipt:sec_events:provider:fbbbba468d225f76,2026-06-23T06:04:01Z,2026-06-23T19:52:06.263083Z,2026-06-23T19:52:06.263083Z,2026-06-23T19:52:06Z,2026-06-23T19:52:06Z,2026-06-23T19:52:06Z,2026-06-23T19:52:06Z,2026-06-23T19:52:07Z,DIAGNOSTIC_SOURCE_EVIDENCE_ONLY,AUDITED_DIAGNOSTIC_ONLY
sec_events,receipt:sec_events:2026-06-23T19:45:00Z,2026-06-23T06:04:01Z,2026-06-23T19:46:54.163044Z,2026-06-23T19:46:54.163044Z,2026-06-23T19:46:54Z,2026-06-23T19:46:54Z,2026-06-23T19:46:54Z,2026-06-23T19:46:54Z,2026-06-23T19:46:55Z,DIAGNOSTIC_SOURCE_EVIDENCE_ONLY,AUDITED_DIAGNOSTIC_ONLY
sec_events,receipt:sec_events:provider:6533a294b5f542da,2026-06-23T06:04:01Z,2026-06-23T19:45:47.505898Z,2026-06-23T19:45:47.505898Z,2026-06-23T19:45:47Z,2026-06-23T19:45:47Z,2026-06-23T19:45:47Z,2026-06-23T19:45:47Z,2026-06-23T19:45:48Z,DIAGNOSTIC_SOURCE_EVIDENCE_ONLY,AUDITED_DIAGNOSTIC_ONLY
sec_events,receipt:sec_events:2026-06-23T19:40:00Z,2026-06-23T06:04:01Z,2026-06-23T19:42:00.390183Z,2026-06-23T19:42:00.390183Z,2026-06-23T19:42:00Z,2026-06-23T19:42:00Z,2026-06-23T19:42:00Z,2026-06-23T19:42:00Z,2026-06-23T19:42:01Z,DIAGNOSTIC_SOURCE_EVIDENCE_ONLY,AUDITED_DIAGNOSTIC_ONLY
sec_events,receipt:sec_events:provider:ff198d502894887f,2026-06-23T06:04:01Z,2026-06-23T19:41:05.937589Z,2026-06-23T19:41:05.937589Z,2026-06-23T19:41:05Z,2026-06-23T19:41:05Z,2026-06-23T19:41:05Z,2026-06-23T19:41:05Z,2026-06-23T19:41:06Z,DIAGNOSTIC_SOURCE_EVIDENCE_ONLY,AUDITED_DIAGNOSTIC_ONLY
sec_events,receipt:sec_events:2026-06-23T19:35:00Z,2026-06-23T06:04:01Z,2026-06-23T19:37:00.673569Z,2026-06-23T19:37:00.673569Z,2026-06-23T19:37:00Z,2026-06-23T19:37:00Z,2026-06-23T19:37:00Z,2026-06-23T19:37:00Z,2026-06-23T19:37:01Z,DIAGNOSTIC_SOURCE_EVIDENCE_ONLY,AUDITED_DIAGNOSTIC_ONLY
sec_events,receipt:sec_events:provider:0a0832a453b672ca,2026-06-23T06:04:01Z,2026-06-23T19:36:08.021500Z,2026-06-23T19:36:08.021500Z,2026-06-23T19:36:08Z,2026-06-23T19:36:08Z,2026-06-23T19:36:08Z,2026-06-23T19:36:08Z,2026-06-23T19:36:09Z,DIAGNOSTIC_SOURCE_EVIDENCE_ONLY,AUDITED_DIAGNOSTIC_ONLY
sec_events,receipt:sec_events:2026-06-23T19:30:00Z,2026-06-23T06:04:01Z,2026-06-23T19:32:16.721882Z,2026-06-23T19:32:16.721882Z,2026-06-23T19:32:16Z,2026-06-23T19:32:16Z,2026-06-23T19:32:16Z,2026-06-23T19:32:16Z,2026-06-23T19:32:17Z,DIAGNOSTIC_SOURCE_EVIDENCE_ONLY,AUDITED_DIAGNOSTIC_ONLY
sec_events,receipt:sec_events:provider:9c21b3cf3523631d,2026-06-23T06:04:01Z,2026-06-23T19:31:25.500586Z,2026-06-23T19:31:25.500586Z,2026-06-23T19:31:25Z,2026-06-23T19:31:25Z,2026-06-23T19:31:25Z,2026-06-23T19:31:25Z,2026-06-23T19:31:26Z,DIAGNOSTIC_SOURCE_EVIDENCE_ONLY,AUDITED_DIAGNOSTIC_ONLY
sec_events,receipt:sec_events:2026-06-23T19:25:00Z,2026-06-23T06:04:01Z,2026-06-23T19:27:22.494260Z,2026-06-23T19:27:22.494260Z,2026-06-23T19:27:22Z,2026-06-23T19:27:22Z,2026-06-23T19:27:22Z,2026-06-23T19:27:22Z,2026-06-23T19:27:23Z,DIAGNOSTIC_SOURCE_EVIDENCE_ONLY,AUDITED_DIAGNOSTIC_ONLY
sec_events,receipt:sec_events:provider:3902dd79787bb161,2026-06-23T06:04:01Z,2026-06-23T19:26:30.868418Z,2026-06-23T19:26:30.868418Z,2026-06-23T19:26:30Z,2026-06-23T19:26:30Z,2026-06-23T19:26:30Z,2026-06-23T19:26:30Z,2026-06-23T19:26:31Z,DIAGNOSTIC_SOURCE_EVIDENCE_ONLY,AUDITED_DIAGNOSTIC_ONLY
sec_events,receipt:sec_events:2026-06-23T19:20:00Z,2026-06-23T06:04:01Z,2026-06-23T19:22:44.992126Z,2026-06-23T19:22:44.992126Z,2026-06-23T19:22:44Z,2026-06-23T19:22:44Z,2026-06-23T19:22:44Z,2026-06-23T19:22:44Z,2026-06-23T19:22:45Z,DIAGNOSTIC_SOURCE_EVIDENCE_ONLY,AUDITED_DIAGNOSTIC_ONLY
sec_events,receipt:sec_events:provider:9749759f6da7c5fe,2026-06-23T06:04:01Z,2026-06-23T19:21:47.938097Z,2026-06-23T19:21:47.938097Z,2026-06-23T19:21:47Z,2026-06-23T19:21:47Z,2026-06-23T19:21:47Z,2026-06-23T19:21:47Z,2026-06-23T19:21:48Z,DIAGNOSTIC_SOURCE_EVIDENCE_ONLY,AUDITED_DIAGNOSTIC_ONLY
sec_events,receipt:sec_events:2026-06-23T19:15:00Z,2026-06-23T06:04:01Z,2026-06-23T19:16:44.954143Z,2026-06-23T19:16:44.954143Z,2026-06-23T19:16:44Z,2026-06-23T19:16:44Z,2026-06-23T19:16:44Z,2026-06-23T19:16:44Z,2026-06-23T19:16:45Z,DIAGNOSTIC_SOURCE_EVIDENCE_ONLY,AUDITED_DIAGNOSTIC_ONLY
sec_events,receipt:sec_events:provider:4db18c224fc75e38,2026-06-23T06:04:01Z,2026-06-23T19:15:52.985421Z,2026-06-23T19:15:52.985421Z,2026-06-23T19:15:52Z,2026-06-23T19:15:52Z,2026-06-23T19:15:52Z,2026-06-23T19:15:52Z,2026-06-23T19:15:53Z,DIAGNOSTIC_SOURCE_EVIDENCE_ONLY,AUDITED_DIAGNOSTIC_ONLY
sec_events,receipt:sec_events:2026-06-23T19:10:00Z,2026-06-23T06:04:01Z,2026-06-23T19:12:05.557095Z,2026-06-23T19:12:05.557095Z,2026-06-23T19:12:05Z,2026-06-23T19:12:05Z,2026-06-23T19:12:05Z,2026-06-23T19:12:05Z,2026-06-23T19:12:06Z,DIAGNOSTIC_SOURCE_EVIDENCE_ONLY,AUDITED_DIAGNOSTIC_ONLY
sec_events,receipt:sec_events:provider:d90b802bf785ad32,2026-06-23T06:04:01Z,2026-06-23T19:11:10.325336Z,2026-06-23T19:11:10.325336Z,2026-06-23T19:11:10Z,2026-06-23T19:11:10Z,2026-06-23T19:11:10Z,2026-06-23T19:11:10Z,2026-06-23T19:11:11Z,DIAGNOSTIC_SOURCE_EVIDENCE_ONLY,AUDITED_DIAGNOSTIC_ONLY
sec_events,receipt:sec_events:2026-06-23T19:05:00Z,2026-06-23T06:04:01Z,2026-06-23T19:07:06.060459Z,2026-06-23T19:07:06.060459Z,2026-06-23T19:07:06Z,2026-06-23T19:07:06Z,2026-06-23T19:07:06Z,2026-06-23T19:07:06Z,2026-06-23T19:07:07Z,DIAGNOSTIC_SOURCE_EVIDENCE_ONLY,AUDITED_DIAGNOSTIC_ONLY
sec_events,receipt:sec_events:provider:4e01fb5ac8e2eecc,2026-06-23T06:04:01Z,2026-06-23T19:06:12.399525Z,2026-06-23T19:06:12.399525Z,2026-06-23T19:06:12Z,2026-06-23T19:06:12Z,2026-06-23T19:06:12Z,2026-06-23T19:06:12Z,2026-06-23T19:06:13Z,DIAGNOSTIC_SOURCE_EVIDENCE_ONLY,AUDITED_DIAGNOSTIC_ONLY
sec_events,receipt:sec_events:2026-06-23T19:00:00Z,2026-06-23T06:04:01Z,2026-06-23T19:03:23.316552Z,2026-06-23T19:03:23.316552Z,2026-06-23T19:03:23Z,2026-06-23T19:03:23Z,2026-06-23T19:03:23Z,2026-06-23T19:03:23Z,2026-06-23T19:03:24Z,DIAGNOSTIC_SOURCE_EVIDENCE_ONLY,AUDITED_DIAGNOSTIC_ONLY
sec_events,receipt:sec_events:provider:a1d3f68bfdc6abaf,2026-06-23T06:04:01Z,2026-06-23T19:01:20.293019Z,2026-06-23T19:01:20.293019Z,2026-06-23T19:01:20Z,2026-06-23T19:01:20Z,2026-06-23T19:01:20Z,2026-06-23T19:01:20Z,2026-06-23T19:01:21Z,DIAGNOSTIC_SOURCE_EVIDENCE_ONLY,AUDITED_DIAGNOSTIC_ONLY
sec_events,receipt:sec_events:2026-06-23T18:55:00Z,2026-06-23T06:04:01Z,2026-06-23T18:57:08.869373Z,2026-06-23T18:57:08.869373Z,2026-06-23T18:57:08Z,2026-06-23T18:57:08Z,2026-06-23T18:57:08Z,2026-06-23T18:57:08Z,2026-06-23T18:57:09Z,DIAGNOSTIC_SOURCE_EVIDENCE_ONLY,AUDITED_DIAGNOSTIC_ONLY
sec_events,receipt:sec_events:provider:240eb4a703eb68b2,2026-06-23T06:04:01Z,2026-06-23T18:56:03.380742Z,2026-06-23T18:56:03.380742Z,2026-06-23T18:56:03Z,2026-06-23T18:56:03Z,2026-06-23T18:56:03Z,2026-06-23T18:56:03Z,2026-06-23T18:56:04Z,DIAGNOSTIC_SOURCE_EVIDENCE_ONLY,AUDITED_DIAGNOSTIC_ONLY
sec_events,receipt:sec_events:2026-06-23T18:50:00Z,2026-06-23T06:04:01Z,2026-06-23T18:52:14.453263Z,2026-06-23T18:52:14.453263Z,2026-06-23T18:52:14Z,2026-06-23T18:52:14Z,2026-06-23T18:52:14Z,2026-06-23T18:52:14Z,2026-06-23T18:52:15Z,DIAGNOSTIC_SOURCE_EVIDENCE_ONLY,AUDITED_DIAGNOSTIC_ONLY
sec_events,receipt:sec_events:provider:528fe58e85799283,2026-06-23T06:04:01Z,2026-06-23T18:51:20.524033Z,2026-06-23T18:51:20.524033Z,2026-06-23T18:51:20Z,2026-06-23T18:51:20Z,2026-06-23T18:51:20Z,2026-06-23T18:51:20Z,2026-06-23T18:51:21Z,DIAGNOSTIC_SOURCE_EVIDENCE_ONLY,AUDITED_DIAGNOSTIC_ONLY
sec_events,receipt:sec_events:2026-06-23T18:45:00Z,2026-06-23T06:04:01Z,2026-06-23T18:47:15.139122Z,2026-06-23T18:47:15.139122Z,2026-06-23T18:47:15Z,2026-06-23T18:47:15Z,2026-06-23T18:47:15Z,2026-06-23T18:47:15Z,2026-06-23T18:47:16Z,DIAGNOSTIC_SOURCE_EVIDENCE_ONLY,AUDITED_DIAGNOSTIC_ONLY
sec_events,receipt:sec_events:provider:0820d8930cf244a6,2026-06-23T06:04:01Z,2026-06-23T18:46:17.620471Z,2026-06-23T18:46:17.620471Z,2026-06-23T18:46:17Z,2026-06-23T18:46:17Z,2026-06-23T18:46:17Z,2026-06-23T18:46:17Z,2026-06-23T18:46:18Z,DIAGNOSTIC_SOURCE_EVIDENCE_ONLY,AUDITED_DIAGNOSTIC_ONLY
sec_events,receipt:sec_events:2026-06-23T18:40:00Z,2026-06-23T06:04:01Z,2026-06-23T18:42:29.690451Z,2026-06-23T18:42:29.690451Z,2026-06-23T18:42:29Z,2026-06-23T18:42:29Z,2026-06-23T18:42:29Z,2026-06-23T18:42:29Z,2026-06-23T18:42:30Z,DIAGNOSTIC_SOURCE_EVIDENCE_ONLY,AUDITED_DIAGNOSTIC_ONLY
sec_events,receipt:sec_events:provider:7f959107ae67f5bc,2026-06-23T06:04:01Z,2026-06-23T18:41:24.996773Z,2026-06-23T18:41:24.996773Z,2026-06-23T18:41:24Z,2026-06-23T18:41:24Z,2026-06-23T18:41:24Z,2026-06-23T18:41:24Z,2026-06-23T18:41:25Z,DIAGNOSTIC_SOURCE_EVIDENCE_ONLY,AUDITED_DIAGNOSTIC_ONLY
sec_events,receipt:sec_events:2026-06-23T18:35:00Z,2026-06-23T06:04:01Z,2026-06-23T18:37:22.168276Z,2026-06-23T18:37:22.168276Z,2026-06-23T18:37:22Z,2026-06-23T18:37:22Z,2026-06-23T18:37:22Z,2026-06-23T18:37:22Z,2026-06-23T18:37:23Z,DIAGNOSTIC_SOURCE_EVIDENCE_ONLY,AUDITED_DIAGNOSTIC_ONLY
sec_events,receipt:sec_events:provider:c74d2dd23a74957c,2026-06-23T06:04:01Z,2026-06-23T18:36:26.372225Z,2026-06-23T18:36:26.372225Z,2026-06-23T18:36:26Z,2026-06-23T18:36:26Z,2026-06-23T18:36:26Z,2026-06-23T18:36:26Z,2026-06-23T18:36:27Z,DIAGNOSTIC_SOURCE_EVIDENCE_ONLY,AUDITED_DIAGNOSTIC_ONLY
sec_events,receipt:sec_events:2026-06-23T18:30:00Z,2026-06-23T06:04:01Z,2026-06-23T18:32:37.564204Z,2026-06-23T18:32:37.564204Z,2026-06-23T18:32:37Z,2026-06-23T18:32:37Z,2026-06-23T18:32:37Z,2026-06-23T18:32:37Z,2026-06-23T18:32:38Z,DIAGNOSTIC_SOURCE_EVIDENCE_ONLY,AUDITED_DIAGNOSTIC_ONLY
sec_events,receipt:sec_events:provider:1a0844c83f39ecae,2026-06-23T06:04:01Z,2026-06-23T18:31:41.341083Z,2026-06-23T18:31:41.341083Z,2026-06-23T18:31:41Z,2026-06-23T18:31:41Z,2026-06-23T18:31:41Z,2026-06-23T18:31:41Z,2026-06-23T18:31:42Z,DIAGNOSTIC_SOURCE_EVIDENCE_ONLY,AUDITED_DIAGNOSTIC_ONLY
sec_events,receipt:sec_events:2026-06-23T18:25:00Z,2026-06-23T06:04:01Z,2026-06-23T18:27:30.083402Z,2026-06-23T18:27:30.083402Z,2026-06-23T18:27:30Z,2026-06-23T18:27:30Z,2026-06-23T18:27:30Z,2026-06-23T18:27:30Z,2026-06-23T18:27:31Z,DIAGNOSTIC_SOURCE_EVIDENCE_ONLY,AUDITED_DIAGNOSTIC_ONLY
sec_events,receipt:sec_events:provider:3adef7ca901aee6d,2026-06-23T06:04:01Z,2026-06-23T18:26:34.349964Z,2026-06-23T18:26:34.349964Z,2026-06-23T18:26:34Z,2026-06-23T18:26:34Z,2026-06-23T18:26:34Z,2026-06-23T18:26:34Z,2026-06-23T18:26:35Z,DIAGNOSTIC_SOURCE_EVIDENCE_ONLY,AUDITED_DIAGNOSTIC_ONLY
sec_events,receipt:sec_events:2026-06-23T18:20:00Z,2026-06-23T06:04:01Z,2026-06-23T18:22:47.204435Z,2026-06-23T18:22:47.204435Z,2026-06-23T18:22:47Z,2026-06-23T18:22:47Z,2026-06-23T18:22:47Z,2026-06-23T18:22:47Z,2026-06-23T18:22:48Z,DIAGNOSTIC_SOURCE_EVIDENCE_ONLY,AUDITED_DIAGNOSTIC_ONLY
sec_events,receipt:sec_events:provider:f5f0c67e12e4e91a,2026-06-23T06:04:01Z,2026-06-23T18:21:53.906919Z,2026-06-23T18:21:53.906919Z,2026-06-23T18:21:53Z,2026-06-23T18:21:53Z,2026-06-23T18:21:53Z,2026-06-23T18:21:53Z,2026-06-23T18:21:54Z,DIAGNOSTIC_SOURCE_EVIDENCE_ONLY,AUDITED_DIAGNOSTIC_ONLY
sec_events,receipt:sec_events:2026-06-23T18:15:00Z,2026-06-23T06:04:01Z,2026-06-23T18:16:50.732352Z,2026-06-23T18:16:50.732352Z,2026-06-23T18:16:50Z,2026-06-23T18:16:50Z,2026-06-23T18:16:50Z,2026-06-23T18:16:50Z,2026-06-23T18:16:51Z,DIAGNOSTIC_SOURCE_EVIDENCE_ONLY,AUDITED_DIAGNOSTIC_ONLY
sec_events,receipt:sec_events:provider:1e6166277c138b69,2026-06-23T06:04:01Z,2026-06-23T18:15:55.978681Z,2026-06-23T18:15:55.978681Z,2026-06-23T18:15:55Z,2026-06-23T18:15:55Z,2026-06-23T18:15:55Z,2026-06-23T18:15:55Z,2026-06-23T18:15:56Z,DIAGNOSTIC_SOURCE_EVIDENCE_ONLY,AUDITED_DIAGNOSTIC_ONLY
sec_events,receipt:sec_events:2026-06-23T18:10:00Z,2026-06-23T06:04:01Z,2026-06-23T18:13:05.040961Z,2026-06-23T18:13:05.040961Z,2026-06-23T18:13:05Z,2026-06-23T18:13:05Z,2026-06-23T18:13:05Z,2026-06-23T18:13:05Z,2026-06-23T18:13:06Z,DIAGNOSTIC_SOURCE_EVIDENCE_ONLY,AUDITED_DIAGNOSTIC_ONLY
sec_events,receipt:sec_events:provider:540fe46e2453a47d,2026-06-23T06:04:01Z,2026-06-23T18:12:07.034372Z,2026-06-23T18:12:07.034372Z,2026-06-23T18:12:07Z,2026-06-23T18:12:07Z,2026-06-23T18:12:07Z,2026-06-23T18:12:07Z,2026-06-23T18:12:08Z,DIAGNOSTIC_SOURCE_EVIDENCE_ONLY,AUDITED_DIAGNOSTIC_ONLY
sec_events,receipt:sec_events:2026-06-23T18:05:00Z,2026-06-23T06:04:01Z,2026-06-23T18:06:59.772910Z,2026-06-23T18:06:59.772910Z,2026-06-23T18:06:59Z,2026-06-23T18:06:59Z,2026-06-23T18:06:59Z,2026-06-23T18:06:59Z,2026-06-23T18:07:00Z,DIAGNOSTIC_SOURCE_EVIDENCE_ONLY,AUDITED_DIAGNOSTIC_ONLY
sec_events,receipt:sec_events:provider:7b06b29656f8c907,2026-06-23T06:04:01Z,2026-06-23T18:06:04.392871Z,2026-06-23T18:06:04.392871Z,2026-06-23T18:06:04Z,2026-06-23T18:06:04Z,2026-06-23T18:06:04Z,2026-06-23T18:06:04Z,2026-06-23T18:06:05Z,DIAGNOSTIC_SOURCE_EVIDENCE_ONLY,AUDITED_DIAGNOSTIC_ONLY
sec_events,receipt:sec_events:2026-06-23T18:00:00Z,2026-06-23T06:04:01Z,2026-06-23T18:04:15.172774Z,2026-06-23T18:04:15.172774Z,2026-06-23T18:04:15Z,2026-06-23T18:04:15Z,2026-06-23T18:04:15Z,2026-06-23T18:04:15Z,2026-06-23T18:04:16Z,DIAGNOSTIC_SOURCE_EVIDENCE_ONLY,AUDITED_DIAGNOSTIC_ONLY
sec_events,receipt:sec_events:provider:3a6b86a697d1f70d,2026-06-23T06:04:01Z,2026-06-23T18:01:51.538168Z,2026-06-23T18:01:51.538168Z,2026-06-23T18:01:51Z,2026-06-23T18:01:51Z,2026-06-23T18:01:51Z,2026-06-23T18:01:51Z,2026-06-23T18:01:52Z,DIAGNOSTIC_SOURCE_EVIDENCE_ONLY,AUDITED_DIAGNOSTIC_ONLY
sec_events,receipt:sec_events:2026-06-23T17:55:00Z,2026-06-23T06:04:01Z,2026-06-23T17:57:45.067799Z,2026-06-23T17:57:45.067799Z,2026-06-23T17:57:45Z,2026-06-23T17:57:45Z,2026-06-23T17:57:45Z,2026-06-23T17:57:45Z,2026-06-23T17:57:46Z,DIAGNOSTIC_SOURCE_EVIDENCE_ONLY,AUDITED_DIAGNOSTIC_ONLY
sec_events,receipt:sec_events:provider:e5947fec32fce736,2026-06-23T06:04:01Z,2026-06-23T17:56:47.707374Z,2026-06-23T17:56:47.707374Z,2026-06-23T17:56:47Z,2026-06-23T17:56:47Z,2026-06-23T17:56:47Z,2026-06-23T17:56:47Z,2026-06-23T17:56:48Z,DIAGNOSTIC_SOURCE_EVIDENCE_ONLY,AUDITED_DIAGNOSTIC_ONLY
sec_events,receipt:sec_events:2026-06-23T17:50:00Z,2026-06-23T06:04:01Z,2026-06-23T17:51:45.733930Z,2026-06-23T17:51:45.733930Z,2026-06-23T17:51:45Z,2026-06-23T17:51:45Z,2026-06-23T17:51:45Z,2026-06-23T17:51:45Z,2026-06-23T17:51:46Z,DIAGNOSTIC_SOURCE_EVIDENCE_ONLY,AUDITED_DIAGNOSTIC_ONLY
sec_events,receipt:sec_events:provider:3962660118319382,2026-06-23T06:04:01Z,2026-06-23T17:50:50.695092Z,2026-06-23T17:50:50.695092Z,2026-06-23T17:50:50Z,2026-06-23T17:50:50Z,2026-06-23T17:50:50Z,2026-06-23T17:50:50Z,2026-06-23T17:50:51Z,DIAGNOSTIC_SOURCE_EVIDENCE_ONLY,AUDITED_DIAGNOSTIC_ONLY
sec_events,receipt:sec_events:2026-06-23T17:45:00Z,2026-06-23T06:04:01Z,2026-06-23T17:47:01.287770Z,2026-06-23T17:47:01.287770Z,2026-06-23T17:47:01Z,2026-06-23T17:47:01Z,2026-06-23T17:47:01Z,2026-06-23T17:47:01Z,2026-06-23T17:47:02Z,DIAGNOSTIC_SOURCE_EVIDENCE_ONLY,AUDITED_DIAGNOSTIC_ONLY
sec_events,receipt:sec_events:provider:996b2a48a148e42d,2026-06-23T06:04:01Z,2026-06-23T17:46:06.203796Z,2026-06-23T17:46:06.203796Z,2026-06-23T17:46:06Z,2026-06-23T17:46:06Z,2026-06-23T17:46:06Z,2026-06-23T17:46:06Z,2026-06-23T17:46:07Z,DIAGNOSTIC_SOURCE_EVIDENCE_ONLY,AUDITED_DIAGNOSTIC_ONLY
sec_events,receipt:sec_events:2026-06-23T17:40:00Z,2026-06-23T06:04:01Z,2026-06-23T17:43:01.287422Z,2026-06-23T17:43:01.287422Z,2026-06-23T17:43:01Z,2026-06-23T17:43:01Z,2026-06-23T17:43:01Z,2026-06-23T17:43:01Z,2026-06-23T17:43:02Z,DIAGNOSTIC_SOURCE_EVIDENCE_ONLY,AUDITED_DIAGNOSTIC_ONLY
sec_events,receipt:sec_events:provider:56c61c71d78d66fa,2026-06-23T06:04:01Z,2026-06-23T17:42:03.098463Z,2026-06-23T17:42:03.098463Z,2026-06-23T17:42:03Z,2026-06-23T17:42:03Z,2026-06-23T17:42:03Z,2026-06-23T17:42:03Z,2026-06-23T17:42:04Z,DIAGNOSTIC_SOURCE_EVIDENCE_ONLY,AUDITED_DIAGNOSTIC_ONLY
sec_events,receipt:sec_events:2026-06-23T17:35:00Z,2026-06-23T06:04:01Z,2026-06-23T17:37:34.836269Z,2026-06-23T17:37:34.836269Z,2026-06-23T17:37:34Z,2026-06-23T17:37:34Z,2026-06-23T17:37:34Z,2026-06-23T17:37:34Z,2026-06-23T17:37:35Z,DIAGNOSTIC_SOURCE_EVIDENCE_ONLY,AUDITED_DIAGNOSTIC_ONLY
sec_events,receipt:sec_events:provider:e4081ff24c5b08a3,2026-06-23T06:04:01Z,2026-06-23T17:36:38.688449Z,2026-06-23T17:36:38.688449Z,2026-06-23T17:36:38Z,2026-06-23T17:36:38Z,2026-06-23T17:36:38Z,2026-06-23T17:36:38Z,2026-06-23T17:36:39Z,DIAGNOSTIC_SOURCE_EVIDENCE_ONLY,AUDITED_DIAGNOSTIC_ONLY
sec_events,receipt:sec_events:2026-06-23T17:30:00Z,2026-06-23T06:04:01Z,2026-06-23T17:32:31.429418Z,2026-06-23T17:32:31.429418Z,2026-06-23T17:32:31Z,2026-06-23T17:32:31Z,2026-06-23T17:32:31Z,2026-06-23T17:32:31Z,2026-06-23T17:32:32Z,DIAGNOSTIC_SOURCE_EVIDENCE_ONLY,AUDITED_DIAGNOSTIC_ONLY
sec_events,receipt:sec_events:provider:2d470cfacb3ded6c,2026-06-23T06:04:01Z,2026-06-23T17:31:37.639517Z,2026-06-23T17:31:37.639517Z,2026-06-23T17:31:37Z,2026-06-23T17:31:37Z,2026-06-23T17:31:37Z,2026-06-23T17:31:37Z,2026-06-23T17:31:38Z,DIAGNOSTIC_SOURCE_EVIDENCE_ONLY,AUDITED_DIAGNOSTIC_ONLY
sec_events,receipt:sec_events:2026-06-23T17:25:00Z,2026-06-23T06:04:01Z,2026-06-23T17:27:49.259864Z,2026-06-23T17:27:49.259864Z,2026-06-23T17:27:49Z,2026-06-23T17:27:49Z,2026-06-23T17:27:49Z,2026-06-23T17:27:49Z,2026-06-23T17:27:50Z,DIAGNOSTIC_SOURCE_EVIDENCE_ONLY,AUDITED_DIAGNOSTIC_ONLY
sec_events,receipt:sec_events:provider:8635b76a77339654,2026-06-23T06:04:01Z,2026-06-23T17:26:55.292122Z,2026-06-23T17:26:55.292122Z,2026-06-23T17:26:55Z,2026-06-23T17:26:55Z,2026-06-23T17:26:55Z,2026-06-23T17:26:55Z,2026-06-23T17:26:56Z,DIAGNOSTIC_SOURCE_EVIDENCE_ONLY,AUDITED_DIAGNOSTIC_ONLY
sec_events,receipt:sec_events:2026-06-23T17:20:00Z,2026-06-23T06:04:01Z,2026-06-23T17:21:54.585292Z,2026-06-23T17:21:54.585292Z,2026-06-23T17:21:54Z,2026-06-23T17:21:54Z,2026-06-23T17:21:54Z,2026-06-23T17:21:54Z,2026-06-23T17:21:55Z,DIAGNOSTIC_SOURCE_EVIDENCE_ONLY,AUDITED_DIAGNOSTIC_ONLY
sec_events,receipt:sec_events:provider:0de4758f05be7d89,2026-06-23T06:04:01Z,2026-06-23T17:21:01.113362Z,2026-06-23T17:21:01.113362Z,2026-06-23T17:21:01Z,2026-06-23T17:21:01Z,2026-06-23T17:21:01Z,2026-06-23T17:21:01Z,2026-06-23T17:21:02Z,DIAGNOSTIC_SOURCE_EVIDENCE_ONLY,AUDITED_DIAGNOSTIC_ONLY
sec_events,receipt:sec_events:2026-06-23T17:15:00Z,2026-06-23T06:04:01Z,2026-06-23T17:17:11.627454Z,2026-06-23T17:17:11.627454Z,2026-06-23T17:17:11Z,2026-06-23T17:17:11Z,2026-06-23T17:17:11Z,2026-06-23T17:17:11Z,2026-06-23T17:17:12Z,DIAGNOSTIC_SOURCE_EVIDENCE_ONLY,AUDITED_DIAGNOSTIC_ONLY
sec_events,receipt:sec_events:provider:134ecceae9f3e90b,2026-06-23T06:04:01Z,2026-06-23T17:16:15.039380Z,2026-06-23T17:16:15.039380Z,2026-06-23T17:16:15Z,2026-06-23T17:16:15Z,2026-06-23T17:16:15Z,2026-06-23T17:16:15Z,2026-06-23T17:16:16Z,DIAGNOSTIC_SOURCE_EVIDENCE_ONLY,AUDITED_DIAGNOSTIC_ONLY
sec_events,receipt:sec_events:2026-06-23T17:10:00Z,2026-06-23T06:04:01Z,2026-06-23T17:12:10.423965Z,2026-06-23T17:12:10.423965Z,2026-06-23T17:12:10Z,2026-06-23T17:12:10Z,2026-06-23T17:12:10Z,2026-06-23T17:12:10Z,2026-06-23T17:12:11Z,DIAGNOSTIC_SOURCE_EVIDENCE_ONLY,AUDITED_DIAGNOSTIC_ONLY
sec_events,receipt:sec_events:provider:80427c9db078a0cc,2026-06-23T06:04:01Z,2026-06-23T17:11:15.854411Z,2026-06-23T17:11:15.854411Z,2026-06-23T17:11:15Z,2026-06-23T17:11:15Z,2026-06-23T17:11:15Z,2026-06-23T17:11:15Z,2026-06-23T17:11:16Z,DIAGNOSTIC_SOURCE_EVIDENCE_ONLY,AUDITED_DIAGNOSTIC_ONLY
sec_events,receipt:sec_events:2026-06-23T17:05:00Z,2026-06-23T06:04:01Z,2026-06-23T17:07:07.305247Z,2026-06-23T17:07:07.305247Z,2026-06-23T17:07:07Z,2026-06-23T17:07:07Z,2026-06-23T17:07:07Z,2026-06-23T17:07:07Z,2026-06-23T17:07:08Z,DIAGNOSTIC_SOURCE_EVIDENCE_ONLY,AUDITED_DIAGNOSTIC_ONLY
sec_events,receipt:sec_events:provider:affd1099caf37dd1,2026-06-23T06:04:01Z,2026-06-23T17:06:10.907356Z,2026-06-23T17:06:10.907356Z,2026-06-23T17:06:10Z,2026-06-23T17:06:10Z,2026-06-23T17:06:10Z,2026-06-23T17:06:10Z,2026-06-23T17:06:11Z,DIAGNOSTIC_SOURCE_EVIDENCE_ONLY,AUDITED_DIAGNOSTIC_ONLY
sec_events,receipt:sec_events:2026-06-23T17:00:00Z,2026-06-23T06:04:01Z,2026-06-23T17:03:20.911075Z,2026-06-23T17:03:20.911075Z,2026-06-23T17:03:20Z,2026-06-23T17:03:20Z,2026-06-23T17:03:20Z,2026-06-23T17:03:20Z,2026-06-23T17:03:21Z,DIAGNOSTIC_SOURCE_EVIDENCE_ONLY,AUDITED_DIAGNOSTIC_ONLY
sec_events,receipt:sec_events:provider:d58b67c16e3805d8,2026-06-23T06:04:01Z,2026-06-23T17:01:14.633434Z,2026-06-23T17:01:14.633434Z,2026-06-23T17:01:14Z,2026-06-23T17:01:14Z,2026-06-23T17:01:14Z,2026-06-23T17:01:14Z,2026-06-23T17:01:15Z,DIAGNOSTIC_SOURCE_EVIDENCE_ONLY,AUDITED_DIAGNOSTIC_ONLY
sec_events,receipt:sec_events:2026-06-23T16:55:00Z,2026-06-23T06:04:01Z,2026-06-23T16:57:08.669003Z,2026-06-23T16:57:08.669003Z,2026-06-23T16:57:08Z,2026-06-23T16:57:08Z,2026-06-23T16:57:08Z,2026-06-23T16:57:08Z,2026-06-23T16:57:09Z,DIAGNOSTIC_SOURCE_EVIDENCE_ONLY,AUDITED_DIAGNOSTIC_ONLY
sec_events,receipt:sec_events:provider:ad233fa71a17d343,2026-06-23T06:04:01Z,2026-06-23T16:56:12.514289Z,2026-06-23T16:56:12.514289Z,2026-06-23T16:56:12Z,2026-06-23T16:56:12Z,2026-06-23T16:56:12Z,2026-06-23T16:56:12Z,2026-06-23T16:56:13Z,DIAGNOSTIC_SOURCE_EVIDENCE_ONLY,AUDITED_DIAGNOSTIC_ONLY
sec_events,receipt:sec_events:2026-06-23T16:50:00Z,2026-06-23T06:04:01Z,2026-06-23T16:52:24.637898Z,2026-06-23T16:52:24.637898Z,2026-06-23T16:52:24Z,2026-06-23T16:52:24Z,2026-06-23T16:52:24Z,2026-06-23T16:52:24Z,2026-06-23T16:52:25Z,DIAGNOSTIC_SOURCE_EVIDENCE_ONLY,AUDITED_DIAGNOSTIC_ONLY
sec_events,receipt:sec_events:provider:3efa123e00966f1d,2026-06-23T06:04:01Z,2026-06-23T16:51:25.490979Z,2026-06-23T16:51:25.490979Z,2026-06-23T16:51:25Z,2026-06-23T16:51:25Z,2026-06-23T16:51:25Z,2026-06-23T16:51:25Z,2026-06-23T16:51:26Z,DIAGNOSTIC_SOURCE_EVIDENCE_ONLY,AUDITED_DIAGNOSTIC_ONLY
sec_events,receipt:sec_events:2026-06-23T16:45:00Z,2026-06-23T06:04:01Z,2026-06-23T16:47:20.934792Z,2026-06-23T16:47:20.934792Z,2026-06-23T16:47:20Z,2026-06-23T16:47:20Z,2026-06-23T16:47:20Z,2026-06-23T16:47:20Z,2026-06-23T16:47:21Z,DIAGNOSTIC_SOURCE_EVIDENCE_ONLY,AUDITED_DIAGNOSTIC_ONLY
sec_events,receipt:sec_events:provider:f30cce636503e886,2026-06-23T06:04:01Z,2026-06-23T16:46:26.280974Z,2026-06-23T16:46:26.280974Z,2026-06-23T16:46:26Z,2026-06-23T16:46:26Z,2026-06-23T16:46:26Z,2026-06-23T16:46:26Z,2026-06-23T16:46:27Z,DIAGNOSTIC_SOURCE_EVIDENCE_ONLY,AUDITED_DIAGNOSTIC_ONLY
sec_events,receipt:sec_events:2026-06-23T16:40:00Z,2026-06-23T06:04:01Z,2026-06-23T16:42:36.761536Z,2026-06-23T16:42:36.761536Z,2026-06-23T16:42:36Z,2026-06-23T16:42:36Z,2026-06-23T16:42:36Z,2026-06-23T16:42:36Z,2026-06-23T16:42:37Z,DIAGNOSTIC_SOURCE_EVIDENCE_ONLY,AUDITED_DIAGNOSTIC_ONLY
sec_events,receipt:sec_events:provider:e760996fb90022e4,2026-06-23T06:04:01Z,2026-06-23T16:41:42.116621Z,2026-06-23T16:41:42.116621Z,2026-06-23T16:41:42Z,2026-06-23T16:41:42Z,2026-06-23T16:41:42Z,2026-06-23T16:41:42Z,2026-06-23T16:41:43Z,DIAGNOSTIC_SOURCE_EVIDENCE_ONLY,AUDITED_DIAGNOSTIC_ONLY
sec_events,receipt:sec_events:2026-06-23T16:35:00Z,2026-06-23T06:04:01Z,2026-06-23T16:37:41.359951Z,2026-06-23T16:37:41.359951Z,2026-06-23T16:37:41Z,2026-06-23T16:37:41Z,2026-06-23T16:37:41Z,2026-06-23T16:37:41Z,2026-06-23T16:37:42Z,DIAGNOSTIC_SOURCE_EVIDENCE_ONLY,AUDITED_DIAGNOSTIC_ONLY
sec_events,receipt:sec_events:provider:72ee14302aa2a94c,2026-06-23T06:04:01Z,2026-06-23T16:36:45.072701Z,2026-06-23T16:36:45.072701Z,2026-06-23T16:36:45Z,2026-06-23T16:36:45Z,2026-06-23T16:36:45Z,2026-06-23T16:36:45Z,2026-06-23T16:36:46Z,DIAGNOSTIC_SOURCE_EVIDENCE_ONLY,AUDITED_DIAGNOSTIC_ONLY
sec_events,receipt:sec_events:2026-06-23T16:30:00Z,2026-06-23T06:04:01Z,2026-06-23T16:32:32.590612Z,2026-06-23T16:32:32.590612Z,2026-06-23T16:32:32Z,2026-06-23T16:32:32Z,2026-06-23T16:32:32Z,2026-06-23T16:32:32Z,2026-06-23T16:32:33Z,DIAGNOSTIC_SOURCE_EVIDENCE_ONLY,AUDITED_DIAGNOSTIC_ONLY
sec_events,receipt:sec_events:provider:9ff557cce6f03278,2026-06-23T06:04:01Z,2026-06-23T16:31:30.769472Z,2026-06-23T16:31:30.769472Z,2026-06-23T16:31:30Z,2026-06-23T16:31:30Z,2026-06-23T16:31:30Z,2026-06-23T16:31:30Z,2026-06-23T16:31:31Z,DIAGNOSTIC_SOURCE_EVIDENCE_ONLY,AUDITED_DIAGNOSTIC_ONLY
official_public_releases,receipt:official_public_releases:provider:b8b5e5415dc3a976,2026-06-24T00:46:29Z,2026-06-24T00:46:29.474899Z,2026-06-24T00:46:29.474899Z,2026-06-24T00:46:29Z,2026-06-24T00:46:29Z,2026-06-24T00:46:29Z,2026-06-24T00:46:29Z,2026-06-24T00:46:30Z,DIAGNOSTIC_SOURCE_EVIDENCE_ONLY,AUDITED_DIAGNOSTIC_ONLY
official_public_releases,receipt:official_public_releases:provider:a91aacc9c5ccebc9,2026-06-24T00:41:29Z,2026-06-24T00:41:29.893327Z,2026-06-24T00:41:29.893327Z,2026-06-24T00:41:29Z,2026-06-24T00:41:29Z,2026-06-24T00:41:29Z,2026-06-24T00:41:29Z,2026-06-24T00:41:30Z,DIAGNOSTIC_SOURCE_EVIDENCE_ONLY,AUDITED_DIAGNOSTIC_ONLY
official_public_releases,receipt:official_public_releases:provider:9266342131adfd42,2026-06-24T00:36:30Z,2026-06-24T00:36:30.239893Z,2026-06-24T00:36:30.239893Z,2026-06-24T00:36:30Z,2026-06-24T00:36:30Z,2026-06-24T00:36:30Z,2026-06-24T00:36:30Z,2026-06-24T00:36:31Z,DIAGNOSTIC_SOURCE_EVIDENCE_ONLY,AUDITED_DIAGNOSTIC_ONLY
official_public_releases,receipt:official_public_releases:provider:976a236e540e401a,2026-06-24T00:31:12Z,2026-06-24T00:31:12.872963Z,2026-06-24T00:31:12.872963Z,2026-06-24T00:31:12Z,2026-06-24T00:31:12Z,2026-06-24T00:31:12Z,2026-06-24T00:31:12Z,2026-06-24T00:31:13Z,DIAGNOSTIC_SOURCE_EVIDENCE_ONLY,AUDITED_DIAGNOSTIC_ONLY
official_public_releases,receipt:official_public_releases:provider:f4dd96847b39f28c,2026-06-24T00:26:26Z,2026-06-24T00:26:26.795547Z,2026-06-24T00:26:26.795547Z,2026-06-24T00:26:26Z,2026-06-24T00:26:26Z,2026-06-24T00:26:26Z,2026-06-24T00:26:26Z,2026-06-24T00:26:27Z,DIAGNOSTIC_SOURCE_EVIDENCE_ONLY,AUDITED_DIAGNOSTIC_ONLY
official_public_releases,receipt:official_public_releases:provider:7615a211ad766b48,2026-06-24T00:21:30Z,2026-06-24T00:21:30.445714Z,2026-06-24T00:21:30.445714Z,2026-06-24T00:21:30Z,2026-06-24T00:21:30Z,2026-06-24T00:21:30Z,2026-06-24T00:21:30Z,2026-06-24T00:21:31Z,DIAGNOSTIC_SOURCE_EVIDENCE_ONLY,AUDITED_DIAGNOSTIC_ONLY
official_public_releases,receipt:official_public_releases:provider:6f3c9c421eb1617d,2026-06-24T00:15:49Z,2026-06-24T00:15:49.233483Z,2026-06-24T00:15:49.233483Z,2026-06-24T00:15:49Z,2026-06-24T00:15:49Z,2026-06-24T00:15:49Z,2026-06-24T00:15:49Z,2026-06-24T00:15:50Z,DIAGNOSTIC_SOURCE_EVIDENCE_ONLY,AUDITED_DIAGNOSTIC_ONLY
official_public_releases,receipt:official_public_releases:provider:cc6506e6092aab1e,2026-06-24T00:11:36Z,2026-06-24T00:11:36.219490Z,2026-06-24T00:11:36.219490Z,2026-06-24T00:11:36Z,2026-06-24T00:11:36Z,2026-06-24T00:11:36Z,2026-06-24T00:11:36Z,2026-06-24T00:11:37Z,DIAGNOSTIC_SOURCE_EVIDENCE_ONLY,AUDITED_DIAGNOSTIC_ONLY
official_public_releases,receipt:official_public_releases:provider:2594a8be92143dbf,2026-06-24T00:06:25Z,2026-06-24T00:06:25.349387Z,2026-06-24T00:06:25.349387Z,2026-06-24T00:06:25Z,2026-06-24T00:06:25Z,2026-06-24T00:06:25Z,2026-06-24T00:06:25Z,2026-06-24T00:06:26Z,DIAGNOSTIC_SOURCE_EVIDENCE_ONLY,AUDITED_DIAGNOSTIC_ONLY
official_public_releases,receipt:official_public_releases:provider:8e8a57173025a297,2026-06-24T00:02:51Z,2026-06-24T00:02:51.446575Z,2026-06-24T00:02:51.446575Z,2026-06-24T00:02:51Z,2026-06-24T00:02:51Z,2026-06-24T00:02:51Z,2026-06-24T00:02:51Z,2026-06-24T00:02:52Z,DIAGNOSTIC_SOURCE_EVIDENCE_ONLY,AUDITED_DIAGNOSTIC_ONLY
official_public_releases,receipt:official_public_releases:provider:0253d86106e0d372,2026-06-24T00:01:10Z,2026-06-24T00:01:10.032137Z,2026-06-24T00:01:10.032137Z,2026-06-24T00:01:10Z,2026-06-24T00:01:10Z,2026-06-24T00:01:10Z,2026-06-24T00:01:10Z,2026-06-24T00:01:11Z,DIAGNOSTIC_SOURCE_EVIDENCE_ONLY,AUDITED_DIAGNOSTIC_ONLY
official_public_releases,receipt:official_public_releases:provider:5f3531c6e5585933,2026-06-23T23:56:25Z,2026-06-23T23:56:25.776272Z,2026-06-23T23:56:25.776272Z,2026-06-23T23:56:25Z,2026-06-23T23:56:25Z,2026-06-23T23:56:25Z,2026-06-23T23:56:25Z,2026-06-23T23:56:26Z,DIAGNOSTIC_SOURCE_EVIDENCE_ONLY,AUDITED_DIAGNOSTIC_ONLY
official_public_releases,receipt:official_public_releases:provider:f8dec61015f59e0b,2026-06-23T23:51:32Z,2026-06-23T23:51:32.421696Z,2026-06-23T23:51:32.421696Z,2026-06-23T23:51:32Z,2026-06-23T23:51:32Z,2026-06-23T23:51:32Z,2026-06-23T23:51:32Z,2026-06-23T23:51:33Z,DIAGNOSTIC_SOURCE_EVIDENCE_ONLY,AUDITED_DIAGNOSTIC_ONLY
official_public_releases,receipt:official_public_releases:provider:bd0ccfc787626178,2026-06-23T23:45:40Z,2026-06-23T23:45:40.389831Z,2026-06-23T23:45:40.389831Z,2026-06-23T23:45:40Z,2026-06-23T23:45:40Z,2026-06-23T23:45:40Z,2026-06-23T23:45:40Z,2026-06-23T23:45:41Z,DIAGNOSTIC_SOURCE_EVIDENCE_ONLY,AUDITED_DIAGNOSTIC_ONLY
official_public_releases,receipt:official_public_releases:provider:ee3791cff4b8835e,2026-06-23T23:40:45Z,2026-06-23T23:40:45.221416Z,2026-06-23T23:40:45.221416Z,2026-06-23T23:40:45Z,2026-06-23T23:40:45Z,2026-06-23T23:40:45Z,2026-06-23T23:40:45Z,2026-06-23T23:40:46Z,DIAGNOSTIC_SOURCE_EVIDENCE_ONLY,AUDITED_DIAGNOSTIC_ONLY
official_public_releases,receipt:official_public_releases:provider:6242b77695aff2b6,2026-06-23T23:36:08Z,2026-06-23T23:36:08.134910Z,2026-06-23T23:36:08.134910Z,2026-06-23T23:36:08Z,2026-06-23T23:36:08Z,2026-06-23T23:36:08Z,2026-06-23T23:36:08Z,2026-06-23T23:36:09Z,DIAGNOSTIC_SOURCE_EVIDENCE_ONLY,AUDITED_DIAGNOSTIC_ONLY
official_public_releases,receipt:official_public_releases:provider:d49f92308b9971ab,2026-06-23T23:31:08Z,2026-06-23T23:31:08.688017Z,2026-06-23T23:31:08.688017Z,2026-06-23T23:31:08Z,2026-06-23T23:31:08Z,2026-06-23T23:31:08Z,2026-06-23T23:31:08Z,2026-06-23T23:31:09Z,DIAGNOSTIC_SOURCE_EVIDENCE_ONLY,AUDITED_DIAGNOSTIC_ONLY
official_public_releases,receipt:official_public_releases:provider:6ae652ef35cc750a,2026-06-23T23:26:22Z,2026-06-23T23:26:22.572396Z,2026-06-23T23:26:22.572396Z,2026-06-23T23:26:22Z,2026-06-23T23:26:22Z,2026-06-23T23:26:22Z,2026-06-23T23:26:22Z,2026-06-23T23:26:23Z,DIAGNOSTIC_SOURCE_EVIDENCE_ONLY,AUDITED_DIAGNOSTIC_ONLY
official_public_releases,receipt:official_public_releases:provider:d6657f49a2f03472,2026-06-23T23:21:30Z,2026-06-23T23:21:30.336469Z,2026-06-23T23:21:30.336469Z,2026-06-23T23:21:30Z,2026-06-23T23:21:30Z,2026-06-23T23:21:30Z,2026-06-23T23:21:30Z,2026-06-23T23:21:31Z,DIAGNOSTIC_SOURCE_EVIDENCE_ONLY,AUDITED_DIAGNOSTIC_ONLY
official_public_releases,receipt:official_public_releases:provider:644132c0e1aad96f,2026-06-23T23:15:52Z,2026-06-23T23:15:52.739076Z,2026-06-23T23:15:52.739076Z,2026-06-23T23:15:52Z,2026-06-23T23:15:52Z,2026-06-23T23:15:52Z,2026-06-23T23:15:52Z,2026-06-23T23:15:53Z,DIAGNOSTIC_SOURCE_EVIDENCE_ONLY,AUDITED_DIAGNOSTIC_ONLY
official_public_releases,receipt:official_public_releases:provider:613364874d4104e7,2026-06-23T23:10:59Z,2026-06-23T23:10:59.315526Z,2026-06-23T23:10:59.315526Z,2026-06-23T23:10:59Z,2026-06-23T23:10:59Z,2026-06-23T23:10:59Z,2026-06-23T23:10:59Z,2026-06-23T23:11:00Z,DIAGNOSTIC_SOURCE_EVIDENCE_ONLY,AUDITED_DIAGNOSTIC_ONLY
official_public_releases,receipt:official_public_releases:provider:fc6e51253c98bf61,2026-06-23T23:06:20Z,2026-06-23T23:06:20.844250Z,2026-06-23T23:06:20.844250Z,2026-06-23T23:06:20Z,2026-06-23T23:06:20Z,2026-06-23T23:06:20Z,2026-06-23T23:06:20Z,2026-06-23T23:06:21Z,DIAGNOSTIC_SOURCE_EVIDENCE_ONLY,AUDITED_DIAGNOSTIC_ONLY
official_public_releases,receipt:official_public_releases:provider:cb99b78c17ce97d1,2026-06-23T23:02:31Z,2026-06-23T23:02:31.207736Z,2026-06-23T23:02:31.207736Z,2026-06-23T23:02:31Z,2026-06-23T23:02:31Z,2026-06-23T23:02:31Z,2026-06-23T23:02:31Z,2026-06-23T23:02:32Z,DIAGNOSTIC_SOURCE_EVIDENCE_ONLY,AUDITED_DIAGNOSTIC_ONLY
official_public_releases,receipt:official_public_releases:provider:7267fc319b314502,2026-06-23T23:01:26Z,2026-06-23T23:01:26.555433Z,2026-06-23T23:01:26.555433Z,2026-06-23T23:01:26Z,2026-06-23T23:01:26Z,2026-06-23T23:01:26Z,2026-06-23T23:01:26Z,2026-06-23T23:01:27Z,DIAGNOSTIC_SOURCE_EVIDENCE_ONLY,AUDITED_DIAGNOSTIC_ONLY
official_public_releases,receipt:official_public_releases:provider:304714ec58e87927,2026-06-23T22:56:35Z,2026-06-23T22:56:35.189947Z,2026-06-23T22:56:35.189947Z,2026-06-23T22:56:35Z,2026-06-23T22:56:35Z,2026-06-23T22:56:35Z,2026-06-23T22:56:35Z,2026-06-23T22:56:36Z,DIAGNOSTIC_SOURCE_EVIDENCE_ONLY,AUDITED_DIAGNOSTIC_ONLY
official_public_releases,receipt:official_public_releases:provider:361032fcc2b574be,2026-06-23T22:50:44Z,2026-06-23T22:50:44.172787Z,2026-06-23T22:50:44.172787Z,2026-06-23T22:50:44Z,2026-06-23T22:50:44Z,2026-06-23T22:50:44Z,2026-06-23T22:50:44Z,2026-06-23T22:50:45Z,DIAGNOSTIC_SOURCE_EVIDENCE_ONLY,AUDITED_DIAGNOSTIC_ONLY
official_public_releases,receipt:official_public_releases:provider:7686ca05835ab3ed,2026-06-23T22:46:00Z,2026-06-23T22:46:00.961255Z,2026-06-23T22:46:00.961255Z,2026-06-23T22:46:00Z,2026-06-23T22:46:00Z,2026-06-23T22:46:00Z,2026-06-23T22:46:00Z,2026-06-23T22:46:01Z,DIAGNOSTIC_SOURCE_EVIDENCE_ONLY,AUDITED_DIAGNOSTIC_ONLY
official_public_releases,receipt:official_public_releases:provider:dc7e6f3901dd831a,2026-06-23T22:41:07Z,2026-06-23T22:41:07.544939Z,2026-06-23T22:41:07.544939Z,2026-06-23T22:41:07Z,2026-06-23T22:41:07Z,2026-06-23T22:41:07Z,2026-06-23T22:41:07Z,2026-06-23T22:41:08Z,DIAGNOSTIC_SOURCE_EVIDENCE_ONLY,AUDITED_DIAGNOSTIC_ONLY
official_public_releases,receipt:official_public_releases:provider:d0f3faf6638b31fd,2026-06-23T22:36:06Z,2026-06-23T22:36:06.511172Z,2026-06-23T22:36:06.511172Z,2026-06-23T22:36:06Z,2026-06-23T22:36:06Z,2026-06-23T22:36:06Z,2026-06-23T22:36:06Z,2026-06-23T22:36:07Z,DIAGNOSTIC_SOURCE_EVIDENCE_ONLY,AUDITED_DIAGNOSTIC_ONLY
official_public_releases,receipt:official_public_releases:provider:4f3833bb28acf2ff,2026-06-23T22:31:24Z,2026-06-23T22:31:24.529526Z,2026-06-23T22:31:24.529526Z,2026-06-23T22:31:24Z,2026-06-23T22:31:24Z,2026-06-23T22:31:24Z,2026-06-23T22:31:24Z,2026-06-23T22:31:25Z,DIAGNOSTIC_SOURCE_EVIDENCE_ONLY,AUDITED_DIAGNOSTIC_ONLY
official_public_releases,receipt:official_public_releases:provider:3886deabe9f5d8c1,2026-06-23T22:26:29Z,2026-06-23T22:26:29.058466Z,2026-06-23T22:26:29.058466Z,2026-06-23T22:26:29Z,2026-06-23T22:26:29Z,2026-06-23T22:26:29Z,2026-06-23T22:26:29Z,2026-06-23T22:26:30Z,DIAGNOSTIC_SOURCE_EVIDENCE_ONLY,AUDITED_DIAGNOSTIC_ONLY
official_public_releases,receipt:official_public_releases:provider:4cca13cf158464f6,2026-06-23T22:20:38Z,2026-06-23T22:20:38.138848Z,2026-06-23T22:20:38.138848Z,2026-06-23T22:20:38Z,2026-06-23T22:20:38Z,2026-06-23T22:20:38Z,2026-06-23T22:20:38Z,2026-06-23T22:20:39Z,DIAGNOSTIC_SOURCE_EVIDENCE_ONLY,AUDITED_DIAGNOSTIC_ONLY
official_public_releases,receipt:official_public_releases:provider:7165b36574669a20,2026-06-23T22:16:30Z,2026-06-23T22:16:30.321114Z,2026-06-23T22:16:30.321114Z,2026-06-23T22:16:30Z,2026-06-23T22:16:30Z,2026-06-23T22:16:30Z,2026-06-23T22:16:30Z,2026-06-23T22:16:31Z,DIAGNOSTIC_SOURCE_EVIDENCE_ONLY,AUDITED_DIAGNOSTIC_ONLY
official_public_releases,receipt:official_public_releases:provider:c75b1340b95dfb87,2026-06-23T22:10:52Z,2026-06-23T22:10:52.762037Z,2026-06-23T22:10:52.762037Z,2026-06-23T22:10:52Z,2026-06-23T22:10:52Z,2026-06-23T22:10:52Z,2026-06-23T22:10:52Z,2026-06-23T22:10:53Z,DIAGNOSTIC_SOURCE_EVIDENCE_ONLY,AUDITED_DIAGNOSTIC_ONLY
official_public_releases,receipt:official_public_releases:provider:8ad0e054a9d0df46,2026-06-23T22:05:52Z,2026-06-23T22:05:52.775985Z,2026-06-23T22:05:52.775985Z,2026-06-23T22:05:52Z,2026-06-23T22:05:52Z,2026-06-23T22:05:52Z,2026-06-23T22:05:52Z,2026-06-23T22:05:53Z,DIAGNOSTIC_SOURCE_EVIDENCE_ONLY,AUDITED_DIAGNOSTIC_ONLY
official_public_releases,receipt:official_public_releases:provider:8d21391fdd7e7b64,2026-06-23T22:01:57Z,2026-06-23T22:01:57.372329Z,2026-06-23T22:01:57.372329Z,2026-06-23T22:01:57Z,2026-06-23T22:01:57Z,2026-06-23T22:01:57Z,2026-06-23T22:01:57Z,2026-06-23T22:01:58Z,DIAGNOSTIC_SOURCE_EVIDENCE_ONLY,AUDITED_DIAGNOSTIC_ONLY
official_public_releases,receipt:official_public_releases:provider:602e1444b142f3a2,2026-06-23T22:00:43Z,2026-06-23T22:00:43.459031Z,2026-06-23T22:00:43.459031Z,2026-06-23T22:00:43Z,2026-06-23T22:00:43Z,2026-06-23T22:00:43Z,2026-06-23T22:00:43Z,2026-06-23T22:00:44Z,DIAGNOSTIC_SOURCE_EVIDENCE_ONLY,AUDITED_DIAGNOSTIC_ONLY
official_public_releases,receipt:official_public_releases:provider:644091dbe45d4294,2026-06-23T21:55:47Z,2026-06-23T21:55:47.655081Z,2026-06-23T21:55:47.655081Z,2026-06-23T21:55:47Z,2026-06-23T21:55:47Z,2026-06-23T21:55:47Z,2026-06-23T21:55:47Z,2026-06-23T21:55:48Z,DIAGNOSTIC_SOURCE_EVIDENCE_ONLY,AUDITED_DIAGNOSTIC_ONLY
official_public_releases,receipt:official_public_releases:provider:5116048bd3d607fb,2026-06-23T21:50:49Z,2026-06-23T21:50:49.576531Z,2026-06-23T21:50:49.576531Z,2026-06-23T21:50:49Z,2026-06-23T21:50:49Z,2026-06-23T21:50:49Z,2026-06-23T21:50:49Z,2026-06-23T21:50:50Z,DIAGNOSTIC_SOURCE_EVIDENCE_ONLY,AUDITED_DIAGNOSTIC_ONLY
official_public_releases,receipt:official_public_releases:provider:7961310b3cc2b3eb,2026-06-23T21:45:59Z,2026-06-23T21:45:59.507841Z,2026-06-23T21:45:59.507841Z,2026-06-23T21:45:59Z,2026-06-23T21:45:59Z,2026-06-23T21:45:59Z,2026-06-23T21:45:59Z,2026-06-23T21:46:00Z,DIAGNOSTIC_SOURCE_EVIDENCE_ONLY,AUDITED_DIAGNOSTIC_ONLY
official_public_releases,receipt:official_public_releases:provider:9f84e0dd3560641e,2026-06-23T21:41:07Z,2026-06-23T21:41:07.770518Z,2026-06-23T21:41:07.770518Z,2026-06-23T21:41:07Z,2026-06-23T21:41:07Z,2026-06-23T21:41:07Z,2026-06-23T21:41:07Z,2026-06-23T21:41:08Z,DIAGNOSTIC_SOURCE_EVIDENCE_ONLY,AUDITED_DIAGNOSTIC_ONLY
official_public_releases,receipt:official_public_releases:provider:8a1177cd41657651,2026-06-23T21:36:07Z,2026-06-23T21:36:07.562987Z,2026-06-23T21:36:07.562987Z,2026-06-23T21:36:07Z,2026-06-23T21:36:07Z,2026-06-23T21:36:07Z,2026-06-23T21:36:07Z,2026-06-23T21:36:08Z,DIAGNOSTIC_SOURCE_EVIDENCE_ONLY,AUDITED_DIAGNOSTIC_ONLY
official_public_releases,receipt:official_public_releases:provider:39cf6801b999e2ba,2026-06-23T21:31:11Z,2026-06-23T21:31:11.073075Z,2026-06-23T21:31:11.073075Z,2026-06-23T21:31:11Z,2026-06-23T21:31:11Z,2026-06-23T21:31:11Z,2026-06-23T21:31:11Z,2026-06-23T21:31:12Z,DIAGNOSTIC_SOURCE_EVIDENCE_ONLY,AUDITED_DIAGNOSTIC_ONLY
official_public_releases,receipt:official_public_releases:provider:f731661616750174,2026-06-23T21:26:30Z,2026-06-23T21:26:30.561172Z,2026-06-23T21:26:30.561172Z,2026-06-23T21:26:30Z,2026-06-23T21:26:30Z,2026-06-23T21:26:30Z,2026-06-23T21:26:30Z,2026-06-23T21:26:31Z,DIAGNOSTIC_SOURCE_EVIDENCE_ONLY,AUDITED_DIAGNOSTIC_ONLY
official_public_releases,receipt:official_public_releases:provider:3e379044cccf0fb1,2026-06-23T21:21:37Z,2026-06-23T21:21:37.106478Z,2026-06-23T21:21:37.106478Z,2026-06-23T21:21:37Z,2026-06-23T21:21:37Z,2026-06-23T21:21:37Z,2026-06-23T21:21:37Z,2026-06-23T21:21:38Z,DIAGNOSTIC_SOURCE_EVIDENCE_ONLY,AUDITED_DIAGNOSTIC_ONLY
official_public_releases,receipt:official_public_releases:provider:e3284447db61d890,2026-06-23T21:15:57Z,2026-06-23T21:15:57.534211Z,2026-06-23T21:15:57.534211Z,2026-06-23T21:15:57Z,2026-06-23T21:15:57Z,2026-06-23T21:15:57Z,2026-06-23T21:15:57Z,2026-06-23T21:15:58Z,DIAGNOSTIC_SOURCE_EVIDENCE_ONLY,AUDITED_DIAGNOSTIC_ONLY
official_public_releases,receipt:official_public_releases:provider:3aaab1f8efb02609,2026-06-23T21:11:02Z,2026-06-23T21:11:02.007954Z,2026-06-23T21:11:02.007954Z,2026-06-23T21:11:02Z,2026-06-23T21:11:02Z,2026-06-23T21:11:02Z,2026-06-23T21:11:02Z,2026-06-23T21:11:03Z,DIAGNOSTIC_SOURCE_EVIDENCE_ONLY,AUDITED_DIAGNOSTIC_ONLY
official_public_releases,receipt:official_public_releases:provider:30027ba17abece7e,2026-06-23T21:06:20Z,2026-06-23T21:06:20.783706Z,2026-06-23T21:06:20.783706Z,2026-06-23T21:06:20Z,2026-06-23T21:06:20Z,2026-06-23T21:06:20Z,2026-06-23T21:06:20Z,2026-06-23T21:06:21Z,DIAGNOSTIC_SOURCE_EVIDENCE_ONLY,AUDITED_DIAGNOSTIC_ONLY
official_public_releases,receipt:official_public_releases:provider:e4a482d8c14f473c,2026-06-23T21:02:27Z,2026-06-23T21:02:27.059817Z,2026-06-23T21:02:27.059817Z,2026-06-23T21:02:27Z,2026-06-23T21:02:27Z,2026-06-23T21:02:27Z,2026-06-23T21:02:27Z,2026-06-23T21:02:28Z,DIAGNOSTIC_SOURCE_EVIDENCE_ONLY,AUDITED_DIAGNOSTIC_ONLY
official_public_releases,receipt:official_public_releases:provider:87dc1b49bdf87073,2026-06-23T21:00:59Z,2026-06-23T21:00:59.462337Z,2026-06-23T21:00:59.462337Z,2026-06-23T21:00:59Z,2026-06-23T21:00:59Z,2026-06-23T21:00:59Z,2026-06-23T21:00:59Z,2026-06-23T21:01:00Z,DIAGNOSTIC_SOURCE_EVIDENCE_ONLY,AUDITED_DIAGNOSTIC_ONLY
official_public_releases,receipt:official_public_releases:provider:0c10d0ae2920f45a,2026-06-23T20:56:11Z,2026-06-23T20:56:11.482280Z,2026-06-23T20:56:11.482280Z,2026-06-23T20:56:11Z,2026-06-23T20:56:11Z,2026-06-23T20:56:11Z,2026-06-23T20:56:11Z,2026-06-23T20:56:12Z,DIAGNOSTIC_SOURCE_EVIDENCE_ONLY,AUDITED_DIAGNOSTIC_ONLY
official_public_releases,receipt:official_public_releases:provider:0b11d9c15f646586,2026-06-23T20:51:19Z,2026-06-23T20:51:19.051015Z,2026-06-23T20:51:19.051015Z,2026-06-23T20:51:19Z,2026-06-23T20:51:19Z,2026-06-23T20:51:19Z,2026-06-23T20:51:19Z,2026-06-23T20:51:20Z,DIAGNOSTIC_SOURCE_EVIDENCE_ONLY,AUDITED_DIAGNOSTIC_ONLY
official_public_releases,receipt:official_public_releases:provider:828608601f7fb218,2026-06-23T20:46:21Z,2026-06-23T20:46:21.410723Z,2026-06-23T20:46:21.410723Z,2026-06-23T20:46:21Z,2026-06-23T20:46:21Z,2026-06-23T20:46:21Z,2026-06-23T20:46:21Z,2026-06-23T20:46:22Z,DIAGNOSTIC_SOURCE_EVIDENCE_ONLY,AUDITED_DIAGNOSTIC_ONLY
official_public_releases,receipt:official_public_releases:provider:68dae40facbf1476,2026-06-23T20:40:43Z,2026-06-23T20:40:43.222777Z,2026-06-23T20:40:43.222777Z,2026-06-23T20:40:43Z,2026-06-23T20:40:43Z,2026-06-23T20:40:43Z,2026-06-23T20:40:43Z,2026-06-23T20:40:44Z,DIAGNOSTIC_SOURCE_EVIDENCE_ONLY,AUDITED_DIAGNOSTIC_ONLY
official_public_releases,receipt:official_public_releases:provider:32ec9049ddd7a5f3,2026-06-23T20:35:43Z,2026-06-23T20:35:43.747935Z,2026-06-23T20:35:43.747935Z,2026-06-23T20:35:43Z,2026-06-23T20:35:43Z,2026-06-23T20:35:43Z,2026-06-23T20:35:43Z,2026-06-23T20:35:44Z,DIAGNOSTIC_SOURCE_EVIDENCE_ONLY,AUDITED_DIAGNOSTIC_ONLY
official_public_releases,receipt:official_public_releases:provider:6b32e3c2c563243d,2026-06-23T20:30:59Z,2026-06-23T20:30:59.444295Z,2026-06-23T20:30:59.444295Z,2026-06-23T20:30:59Z,2026-06-23T20:30:59Z,2026-06-23T20:30:59Z,2026-06-23T20:30:59Z,2026-06-23T20:31:00Z,DIAGNOSTIC_SOURCE_EVIDENCE_ONLY,AUDITED_DIAGNOSTIC_ONLY
official_public_releases,receipt:official_public_releases:provider:552ae023b27192d6,2026-06-23T20:26:00Z,2026-06-23T20:26:00.540473Z,2026-06-23T20:26:00.540473Z,2026-06-23T20:26:00Z,2026-06-23T20:26:00Z,2026-06-23T20:26:00Z,2026-06-23T20:26:00Z,2026-06-23T20:26:01Z,DIAGNOSTIC_SOURCE_EVIDENCE_ONLY,AUDITED_DIAGNOSTIC_ONLY
official_public_releases,receipt:official_public_releases:provider:3887369d05e42d1c,2026-06-23T20:21:00Z,2026-06-23T20:21:00.368545Z,2026-06-23T20:21:00.368545Z,2026-06-23T20:21:00Z,2026-06-23T20:21:00Z,2026-06-23T20:21:00Z,2026-06-23T20:21:00Z,2026-06-23T20:21:01Z,DIAGNOSTIC_SOURCE_EVIDENCE_ONLY,AUDITED_DIAGNOSTIC_ONLY
official_public_releases,receipt:official_public_releases:provider:99a837f0e648a6a2,2026-06-23T20:16:22Z,2026-06-23T20:16:22.928843Z,2026-06-23T20:16:22.928843Z,2026-06-23T20:16:22Z,2026-06-23T20:16:22Z,2026-06-23T20:16:22Z,2026-06-23T20:16:22Z,2026-06-23T20:16:23Z,DIAGNOSTIC_SOURCE_EVIDENCE_ONLY,AUDITED_DIAGNOSTIC_ONLY
official_public_releases,receipt:official_public_releases:provider:437b2b6bbaa27903,2026-06-23T20:11:28Z,2026-06-23T20:11:28.226775Z,2026-06-23T20:11:28.226775Z,2026-06-23T20:11:28Z,2026-06-23T20:11:28Z,2026-06-23T20:11:28Z,2026-06-23T20:11:28Z,2026-06-23T20:11:29Z,DIAGNOSTIC_SOURCE_EVIDENCE_ONLY,AUDITED_DIAGNOSTIC_ONLY
official_public_releases,receipt:official_public_releases:provider:12727c82df2e7736,2026-06-23T20:05:49Z,2026-06-23T20:05:49.642845Z,2026-06-23T20:05:49.642845Z,2026-06-23T20:05:49Z,2026-06-23T20:05:49Z,2026-06-23T20:05:49Z,2026-06-23T20:05:49Z,2026-06-23T20:05:50Z,DIAGNOSTIC_SOURCE_EVIDENCE_ONLY,AUDITED_DIAGNOSTIC_ONLY
official_public_releases,receipt:official_public_releases:provider:1d6197f30d471c27,2026-06-23T20:03:10Z,2026-06-23T20:03:10.269167Z,2026-06-23T20:03:10.269167Z,2026-06-23T20:03:10Z,2026-06-23T20:03:10Z,2026-06-23T20:03:10Z,2026-06-23T20:03:10Z,2026-06-23T20:03:11Z,DIAGNOSTIC_SOURCE_EVIDENCE_ONLY,AUDITED_DIAGNOSTIC_ONLY
official_public_releases,receipt:official_public_releases:provider:966318fe95f12bc3,2026-06-23T20:01:34Z,2026-06-23T20:01:34.769117Z,2026-06-23T20:01:34.769117Z,2026-06-23T20:01:34Z,2026-06-23T20:01:34Z,2026-06-23T20:01:34Z,2026-06-23T20:01:34Z,2026-06-23T20:01:35Z,DIAGNOSTIC_SOURCE_EVIDENCE_ONLY,AUDITED_DIAGNOSTIC_ONLY
official_public_releases,receipt:official_public_releases:provider:291dd159753fd686,2026-06-23T19:55:40Z,2026-06-23T19:55:40.257529Z,2026-06-23T19:55:40.257529Z,2026-06-23T19:55:40Z,2026-06-23T19:55:40Z,2026-06-23T19:55:40Z,2026-06-23T19:55:40Z,2026-06-23T19:55:41Z,DIAGNOSTIC_SOURCE_EVIDENCE_ONLY,AUDITED_DIAGNOSTIC_ONLY
official_public_releases,receipt:official_public_releases:provider:278cd7c432bf1b6c,2026-06-23T19:51:33Z,2026-06-23T19:51:33.466798Z,2026-06-23T19:51:33.466798Z,2026-06-23T19:51:33Z,2026-06-23T19:51:33Z,2026-06-23T19:51:33Z,2026-06-23T19:51:33Z,2026-06-23T19:51:34Z,DIAGNOSTIC_SOURCE_EVIDENCE_ONLY,AUDITED_DIAGNOSTIC_ONLY
official_public_releases,receipt:official_public_releases:provider:ddf98dff2521b17c,2026-06-23T19:45:35Z,2026-06-23T19:45:35.928540Z,2026-06-23T19:45:35.928540Z,2026-06-23T19:45:35Z,2026-06-23T19:45:35Z,2026-06-23T19:45:35Z,2026-06-23T19:45:35Z,2026-06-23T19:45:36Z,DIAGNOSTIC_SOURCE_EVIDENCE_ONLY,AUDITED_DIAGNOSTIC_ONLY
official_public_releases,receipt:official_public_releases:provider:b4f9757b22f767d9,2026-06-23T19:40:36Z,2026-06-23T19:40:36.993981Z,2026-06-23T19:40:36.993981Z,2026-06-23T19:40:36Z,2026-06-23T19:40:36Z,2026-06-23T19:40:36Z,2026-06-23T19:40:36Z,2026-06-23T19:40:37Z,DIAGNOSTIC_SOURCE_EVIDENCE_ONLY,AUDITED_DIAGNOSTIC_ONLY
official_public_releases,receipt:official_public_releases:provider:65f675077d8d289f,2026-06-23T19:35:56Z,2026-06-23T19:35:56.902444Z,2026-06-23T19:35:56.902444Z,2026-06-23T19:35:56Z,2026-06-23T19:35:56Z,2026-06-23T19:35:56Z,2026-06-23T19:35:56Z,2026-06-23T19:35:57Z,DIAGNOSTIC_SOURCE_EVIDENCE_ONLY,AUDITED_DIAGNOSTIC_ONLY
official_public_releases,receipt:official_public_releases:provider:aa71e13895bbebf7,2026-06-23T19:30:57Z,2026-06-23T19:30:57.355478Z,2026-06-23T19:30:57.355478Z,2026-06-23T19:30:57Z,2026-06-23T19:30:57Z,2026-06-23T19:30:57Z,2026-06-23T19:30:57Z,2026-06-23T19:30:58Z,DIAGNOSTIC_SOURCE_EVIDENCE_ONLY,AUDITED_DIAGNOSTIC_ONLY
official_public_releases,receipt:official_public_releases:provider:63f1f246fd55a752,2026-06-23T19:26:19Z,2026-06-23T19:26:19.766544Z,2026-06-23T19:26:19.766544Z,2026-06-23T19:26:19Z,2026-06-23T19:26:19Z,2026-06-23T19:26:19Z,2026-06-23T19:26:19Z,2026-06-23T19:26:20Z,DIAGNOSTIC_SOURCE_EVIDENCE_ONLY,AUDITED_DIAGNOSTIC_ONLY
official_public_releases,receipt:official_public_releases:provider:3e33fa8e21851b3c,2026-06-23T19:21:21Z,2026-06-23T19:21:21.447966Z,2026-06-23T19:21:21.447966Z,2026-06-23T19:21:21Z,2026-06-23T19:21:21Z,2026-06-23T19:21:21Z,2026-06-23T19:21:21Z,2026-06-23T19:21:22Z,DIAGNOSTIC_SOURCE_EVIDENCE_ONLY,AUDITED_DIAGNOSTIC_ONLY
official_public_releases,receipt:official_public_releases:provider:bc8d51fd8b72bfb5,2026-06-23T19:15:42Z,2026-06-23T19:15:42.137886Z,2026-06-23T19:15:42.137886Z,2026-06-23T19:15:42Z,2026-06-23T19:15:42Z,2026-06-23T19:15:42Z,2026-06-23T19:15:42Z,2026-06-23T19:15:43Z,DIAGNOSTIC_SOURCE_EVIDENCE_ONLY,AUDITED_DIAGNOSTIC_ONLY
official_public_releases,receipt:official_public_releases:provider:e093c84929a56119,2026-06-23T19:10:43Z,2026-06-23T19:10:43.396764Z,2026-06-23T19:10:43.396764Z,2026-06-23T19:10:43Z,2026-06-23T19:10:43Z,2026-06-23T19:10:43Z,2026-06-23T19:10:43Z,2026-06-23T19:10:44Z,DIAGNOSTIC_SOURCE_EVIDENCE_ONLY,AUDITED_DIAGNOSTIC_ONLY
official_public_releases,receipt:official_public_releases:provider:8ed93a0d5d7906e9,2026-06-23T19:06:00Z,2026-06-23T19:06:00.708491Z,2026-06-23T19:06:00.708491Z,2026-06-23T19:06:00Z,2026-06-23T19:06:00Z,2026-06-23T19:06:00Z,2026-06-23T19:06:00Z,2026-06-23T19:06:01Z,DIAGNOSTIC_SOURCE_EVIDENCE_ONLY,AUDITED_DIAGNOSTIC_ONLY
official_public_releases,receipt:official_public_releases:provider:fa0c8d055b7d2fe6,2026-06-23T19:02:20Z,2026-06-23T19:02:20.046451Z,2026-06-23T19:02:20.046451Z,2026-06-23T19:02:20Z,2026-06-23T19:02:20Z,2026-06-23T19:02:20Z,2026-06-23T19:02:20Z,2026-06-23T19:02:21Z,DIAGNOSTIC_SOURCE_EVIDENCE_ONLY,AUDITED_DIAGNOSTIC_ONLY
official_public_releases,receipt:official_public_releases:provider:1d327490730a88e9,2026-06-23T19:00:47Z,2026-06-23T19:00:47.442100Z,2026-06-23T19:00:47.442100Z,2026-06-23T19:00:47Z,2026-06-23T19:00:47Z,2026-06-23T19:00:47Z,2026-06-23T19:00:47Z,2026-06-23T19:00:48Z,DIAGNOSTIC_SOURCE_EVIDENCE_ONLY,AUDITED_DIAGNOSTIC_ONLY
official_public_releases,receipt:official_public_releases:provider:bd3213efc175de1e,2026-06-23T18:55:51Z,2026-06-23T18:55:51.367202Z,2026-06-23T18:55:51.367202Z,2026-06-23T18:55:51Z,2026-06-23T18:55:51Z,2026-06-23T18:55:51Z,2026-06-23T18:55:51Z,2026-06-23T18:55:52Z,DIAGNOSTIC_SOURCE_EVIDENCE_ONLY,AUDITED_DIAGNOSTIC_ONLY
official_public_releases,receipt:official_public_releases:provider:911bddb1223b7cae,2026-06-23T18:50:52Z,2026-06-23T18:50:52.903506Z,2026-06-23T18:50:52.903506Z,2026-06-23T18:50:52Z,2026-06-23T18:50:52Z,2026-06-23T18:50:52Z,2026-06-23T18:50:52Z,2026-06-23T18:50:53Z,DIAGNOSTIC_SOURCE_EVIDENCE_ONLY,AUDITED_DIAGNOSTIC_ONLY
official_public_releases,receipt:official_public_releases:provider:3cba691751346912,2026-06-23T18:46:06Z,2026-06-23T18:46:06.863702Z,2026-06-23T18:46:06.863702Z,2026-06-23T18:46:06Z,2026-06-23T18:46:06Z,2026-06-23T18:46:06Z,2026-06-23T18:46:06Z,2026-06-23T18:46:07Z,DIAGNOSTIC_SOURCE_EVIDENCE_ONLY,AUDITED_DIAGNOSTIC_ONLY
official_public_releases,receipt:official_public_releases:provider:5fea323c6e48a371,2026-06-23T18:41:00Z,2026-06-23T18:41:00.278167Z,2026-06-23T18:41:00.278167Z,2026-06-23T18:41:00Z,2026-06-23T18:41:00Z,2026-06-23T18:41:00Z,2026-06-23T18:41:00Z,2026-06-23T18:41:01Z,DIAGNOSTIC_SOURCE_EVIDENCE_ONLY,AUDITED_DIAGNOSTIC_ONLY
official_public_releases,receipt:official_public_releases:provider:8ed45ccf25d17149,2026-06-23T18:36:15Z,2026-06-23T18:36:15.049784Z,2026-06-23T18:36:15.049784Z,2026-06-23T18:36:15Z,2026-06-23T18:36:15Z,2026-06-23T18:36:15Z,2026-06-23T18:36:15Z,2026-06-23T18:36:16Z,DIAGNOSTIC_SOURCE_EVIDENCE_ONLY,AUDITED_DIAGNOSTIC_ONLY
official_public_releases,receipt:official_public_releases:provider:49a6775672c897af,2026-06-23T18:31:07Z,2026-06-23T18:31:07.388027Z,2026-06-23T18:31:07.388027Z,2026-06-23T18:31:07Z,2026-06-23T18:31:07Z,2026-06-23T18:31:07Z,2026-06-23T18:31:07Z,2026-06-23T18:31:08Z,DIAGNOSTIC_SOURCE_EVIDENCE_ONLY,AUDITED_DIAGNOSTIC_ONLY
official_public_releases,receipt:official_public_releases:provider:6afa60ff3589c855,2026-06-23T18:26:23Z,2026-06-23T18:26:23.360231Z,2026-06-23T18:26:23.360231Z,2026-06-23T18:26:23Z,2026-06-23T18:26:23Z,2026-06-23T18:26:23Z,2026-06-23T18:26:23Z,2026-06-23T18:26:24Z,DIAGNOSTIC_SOURCE_EVIDENCE_ONLY,AUDITED_DIAGNOSTIC_ONLY
official_public_releases,receipt:official_public_releases:provider:07868e7246ad4333,2026-06-23T18:21:28Z,2026-06-23T18:21:28.580020Z,2026-06-23T18:21:28.580020Z,2026-06-23T18:21:28Z,2026-06-23T18:21:28Z,2026-06-23T18:21:28Z,2026-06-23T18:21:28Z,2026-06-23T18:21:29Z,DIAGNOSTIC_SOURCE_EVIDENCE_ONLY,AUDITED_DIAGNOSTIC_ONLY
official_public_releases,receipt:official_public_releases:provider:0a798a5c39b338ad,2026-06-23T18:15:45Z,2026-06-23T18:15:45.010521Z,2026-06-23T18:15:45.010521Z,2026-06-23T18:15:45Z,2026-06-23T18:15:45Z,2026-06-23T18:15:45Z,2026-06-23T18:15:45Z,2026-06-23T18:15:46Z,DIAGNOSTIC_SOURCE_EVIDENCE_ONLY,AUDITED_DIAGNOSTIC_ONLY
official_public_releases,receipt:official_public_releases:provider:e2f10da31dd8f945,2026-06-23T18:11:40Z,2026-06-23T18:11:40.689350Z,2026-06-23T18:11:40.689350Z,2026-06-23T18:11:40Z,2026-06-23T18:11:40Z,2026-06-23T18:11:40Z,2026-06-23T18:11:40Z,2026-06-23T18:11:41Z,DIAGNOSTIC_SOURCE_EVIDENCE_ONLY,AUDITED_DIAGNOSTIC_ONLY
official_public_releases,receipt:official_public_releases:provider:9c86d0441336d677,2026-06-23T18:05:52Z,2026-06-23T18:05:52.682073Z,2026-06-23T18:05:52.682073Z,2026-06-23T18:05:52Z,2026-06-23T18:05:52Z,2026-06-23T18:05:52Z,2026-06-23T18:05:52Z,2026-06-23T18:05:53Z,DIAGNOSTIC_SOURCE_EVIDENCE_ONLY,AUDITED_DIAGNOSTIC_ONLY
official_public_releases,receipt:official_public_releases:provider:d0c377b3feba203f,2026-06-23T18:02:50Z,2026-06-23T18:02:50.006653Z,2026-06-23T18:02:50.006653Z,2026-06-23T18:02:50Z,2026-06-23T18:02:50Z,2026-06-23T18:02:50Z,2026-06-23T18:02:50Z,2026-06-23T18:02:51Z,DIAGNOSTIC_SOURCE_EVIDENCE_ONLY,AUDITED_DIAGNOSTIC_ONLY
official_public_releases,receipt:official_public_releases:provider:171fb1723376247c,2026-06-23T18:01:21Z,2026-06-23T18:01:21.814183Z,2026-06-23T18:01:21.814183Z,2026-06-23T18:01:21Z,2026-06-23T18:01:21Z,2026-06-23T18:01:21Z,2026-06-23T18:01:21Z,2026-06-23T18:01:22Z,DIAGNOSTIC_SOURCE_EVIDENCE_ONLY,AUDITED_DIAGNOSTIC_ONLY
official_public_releases,receipt:official_public_releases:provider:f2bde3c30291f33b,2026-06-23T17:56:23Z,2026-06-23T17:56:23.196586Z,2026-06-23T17:56:23.196586Z,2026-06-23T17:56:23Z,2026-06-23T17:56:23Z,2026-06-23T17:56:23Z,2026-06-23T17:56:23Z,2026-06-23T17:56:24Z,DIAGNOSTIC_SOURCE_EVIDENCE_ONLY,AUDITED_DIAGNOSTIC_ONLY
official_public_releases,receipt:official_public_releases:provider:87c8d5866ff28360,2026-06-23T17:50:39Z,2026-06-23T17:50:39.512673Z,2026-06-23T17:50:39.512673Z,2026-06-23T17:50:39Z,2026-06-23T17:50:39Z,2026-06-23T17:50:39Z,2026-06-23T17:50:39Z,2026-06-23T17:50:40Z,DIAGNOSTIC_SOURCE_EVIDENCE_ONLY,AUDITED_DIAGNOSTIC_ONLY
official_public_releases,receipt:official_public_releases:provider:fdfe706df08ff802,2026-06-23T17:45:37Z,2026-06-23T17:45:37.737471Z,2026-06-23T17:45:37.737471Z,2026-06-23T17:45:37Z,2026-06-23T17:45:37Z,2026-06-23T17:45:37Z,2026-06-23T17:45:37Z,2026-06-23T17:45:38Z,DIAGNOSTIC_SOURCE_EVIDENCE_ONLY,AUDITED_DIAGNOSTIC_ONLY
official_public_releases,receipt:official_public_releases:provider:5b5db18aeea6f3b3,2026-06-23T17:41:11Z,2026-06-23T17:41:11.089540Z,2026-06-23T17:41:11.089540Z,2026-06-23T17:41:11Z,2026-06-23T17:41:11Z,2026-06-23T17:41:11Z,2026-06-23T17:41:11Z,2026-06-23T17:41:12Z,DIAGNOSTIC_SOURCE_EVIDENCE_ONLY,AUDITED_DIAGNOSTIC_ONLY
official_public_releases,receipt:official_public_releases:provider:e67415f9e421ddc9,2026-06-23T17:36:09Z,2026-06-23T17:36:09.676779Z,2026-06-23T17:36:09.676779Z,2026-06-23T17:36:09Z,2026-06-23T17:36:09Z,2026-06-23T17:36:09Z,2026-06-23T17:36:09Z,2026-06-23T17:36:10Z,DIAGNOSTIC_SOURCE_EVIDENCE_ONLY,AUDITED_DIAGNOSTIC_ONLY
official_public_releases,receipt:official_public_releases:provider:a1a1a63a904a181c,2026-06-23T17:31:26Z,2026-06-23T17:31:26.874584Z,2026-06-23T17:31:26.874584Z,2026-06-23T17:31:26Z,2026-06-23T17:31:26Z,2026-06-23T17:31:26Z,2026-06-23T17:31:26Z,2026-06-23T17:31:27Z,DIAGNOSTIC_SOURCE_EVIDENCE_ONLY,AUDITED_DIAGNOSTIC_ONLY
official_public_releases,receipt:official_public_releases:provider:5149aecef73efc65,2026-06-23T17:26:31Z,2026-06-23T17:26:31.717001Z,2026-06-23T17:26:31.717001Z,2026-06-23T17:26:31Z,2026-06-23T17:26:31Z,2026-06-23T17:26:31Z,2026-06-23T17:26:31Z,2026-06-23T17:26:32Z,DIAGNOSTIC_SOURCE_EVIDENCE_ONLY,AUDITED_DIAGNOSTIC_ONLY
official_public_releases,receipt:official_public_releases:provider:34283f8d93da37c3,2026-06-23T17:20:49Z,2026-06-23T17:20:49.570779Z,2026-06-23T17:20:49.570779Z,2026-06-23T17:20:49Z,2026-06-23T17:20:49Z,2026-06-23T17:20:49Z,2026-06-23T17:20:49Z,2026-06-23T17:20:50Z,DIAGNOSTIC_SOURCE_EVIDENCE_ONLY,AUDITED_DIAGNOSTIC_ONLY
official_public_releases,receipt:official_public_releases:provider:0fa9c1d9f10a6081,2026-06-23T17:15:47Z,2026-06-23T17:15:47.480248Z,2026-06-23T17:15:47.480248Z,2026-06-23T17:15:47Z,2026-06-23T17:15:47Z,2026-06-23T17:15:47Z,2026-06-23T17:15:47Z,2026-06-23T17:15:48Z,DIAGNOSTIC_SOURCE_EVIDENCE_ONLY,AUDITED_DIAGNOSTIC_ONLY
official_public_releases,receipt:official_public_releases:provider:ac9376fe49aa6938,2026-06-23T17:10:45Z,2026-06-23T17:10:45.253345Z,2026-06-23T17:10:45.253345Z,2026-06-23T17:10:45Z,2026-06-23T17:10:45Z,2026-06-23T17:10:45Z,2026-06-23T17:10:45Z,2026-06-23T17:10:46Z,DIAGNOSTIC_SOURCE_EVIDENCE_ONLY,AUDITED_DIAGNOSTIC_ONLY
official_public_releases,receipt:official_public_releases:provider:3a50ff846bb88b51,2026-06-23T17:05:58Z,2026-06-23T17:05:58.871484Z,2026-06-23T17:05:58.871484Z,2026-06-23T17:05:58Z,2026-06-23T17:05:58Z,2026-06-23T17:05:58Z,2026-06-23T17:05:58Z,2026-06-23T17:05:59Z,DIAGNOSTIC_SOURCE_EVIDENCE_ONLY,AUDITED_DIAGNOSTIC_ONLY
official_public_releases,receipt:official_public_releases:provider:4b9ccbb6da45af03,2026-06-23T17:02:12Z,2026-06-23T17:02:12.905972Z,2026-06-23T17:02:12.905972Z,2026-06-23T17:02:12Z,2026-06-23T17:02:12Z,2026-06-23T17:02:12Z,2026-06-23T17:02:12Z,2026-06-23T17:02:13Z,DIAGNOSTIC_SOURCE_EVIDENCE_ONLY,AUDITED_DIAGNOSTIC_ONLY
official_public_releases,receipt:official_public_releases:provider:0af89b2e143384b3,2026-06-23T17:00:46Z,2026-06-23T17:00:46.046773Z,2026-06-23T17:00:46.046773Z,2026-06-23T17:00:46Z,2026-06-23T17:00:46Z,2026-06-23T17:00:46Z,2026-06-23T17:00:46Z,2026-06-23T17:00:47Z,DIAGNOSTIC_SOURCE_EVIDENCE_ONLY,AUDITED_DIAGNOSTIC_ONLY
official_public_releases,receipt:official_public_releases:provider:f73350bdedf57308,2026-06-23T16:56:01Z,2026-06-23T16:56:01.639200Z,2026-06-23T16:56:01.639200Z,2026-06-23T16:56:01Z,2026-06-23T16:56:01Z,2026-06-23T16:56:01Z,2026-06-23T16:56:01Z,2026-06-23T16:56:02Z,DIAGNOSTIC_SOURCE_EVIDENCE_ONLY,AUDITED_DIAGNOSTIC_ONLY
official_public_releases,receipt:official_public_releases:provider:73649a3f87dc2882,2026-06-23T16:51:00Z,2026-06-23T16:51:00.282749Z,2026-06-23T16:51:00.282749Z,2026-06-23T16:51:00Z,2026-06-23T16:51:00Z,2026-06-23T16:51:00Z,2026-06-23T16:51:00Z,2026-06-23T16:51:01Z,DIAGNOSTIC_SOURCE_EVIDENCE_ONLY,AUDITED_DIAGNOSTIC_ONLY
official_public_releases,receipt:official_public_releases:provider:ba1fe53d1e9280f3,2026-06-23T16:46:14Z,2026-06-23T16:46:14.638347Z,2026-06-23T16:46:14.638347Z,2026-06-23T16:46:14Z,2026-06-23T16:46:14Z,2026-06-23T16:46:14Z,2026-06-23T16:46:14Z,2026-06-23T16:46:15Z,DIAGNOSTIC_SOURCE_EVIDENCE_ONLY,AUDITED_DIAGNOSTIC_ONLY
official_public_releases,receipt:official_public_releases:provider:632d5037772ea60f,2026-06-23T16:41:16Z,2026-06-23T16:41:16.128437Z,2026-06-23T16:41:16.128437Z,2026-06-23T16:41:16Z,2026-06-23T16:41:16Z,2026-06-23T16:41:16Z,2026-06-23T16:41:16Z,2026-06-23T16:41:17Z,DIAGNOSTIC_SOURCE_EVIDENCE_ONLY,AUDITED_DIAGNOSTIC_ONLY
official_public_releases,receipt:official_public_releases:provider:22e726c692dc3abb,2026-06-23T16:36:07Z,2026-06-23T16:36:07.939100Z,2026-06-23T16:36:07.939100Z,2026-06-23T16:36:07Z,2026-06-23T16:36:07Z,2026-06-23T16:36:07Z,2026-06-23T16:36:07Z,2026-06-23T16:36:08Z,DIAGNOSTIC_SOURCE_EVIDENCE_ONLY,AUDITED_DIAGNOSTIC_ONLY
official_public_releases,receipt:official_public_releases:provider:b3285d1be5e67295,2026-06-23T16:31:18Z,2026-06-23T16:31:18.125269Z,2026-06-23T16:31:18.125269Z,2026-06-23T16:31:18Z,2026-06-23T16:31:18Z,2026-06-23T16:31:18Z,2026-06-23T16:31:18Z,2026-06-23T16:31:19Z,DIAGNOSTIC_SOURCE_EVIDENCE_ONLY,AUDITED_DIAGNOSTIC_ONLY
official_public_releases,receipt:official_public_releases:provider:6841a654b78755a0,2026-06-23T16:26:04Z,2026-06-23T16:26:04.924062Z,2026-06-23T16:26:04.924062Z,2026-06-23T16:26:04Z,2026-06-23T16:26:04Z,2026-06-23T16:26:04Z,2026-06-23T16:26:04Z,2026-06-23T16:26:05Z,DIAGNOSTIC_SOURCE_EVIDENCE_ONLY,AUDITED_DIAGNOSTIC_ONLY
official_public_releases,receipt:official_public_releases:provider:ee49d11c5c819142,2026-06-23T16:21:35Z,2026-06-23T16:21:35.754965Z,2026-06-23T16:21:35.754965Z,2026-06-23T16:21:35Z,2026-06-23T16:21:35Z,2026-06-23T16:21:35Z,2026-06-23T16:21:35Z,2026-06-23T16:21:36Z,DIAGNOSTIC_SOURCE_EVIDENCE_ONLY,AUDITED_DIAGNOSTIC_ONLY
official_public_releases,receipt:official_public_releases:provider:615eacbbf238c7ae,2026-06-23T16:16:31Z,2026-06-23T16:16:31.498307Z,2026-06-23T16:16:31.498307Z,2026-06-23T16:16:31Z,2026-06-23T16:16:31Z,2026-06-23T16:16:31Z,2026-06-23T16:16:31Z,2026-06-23T16:16:32Z,DIAGNOSTIC_SOURCE_EVIDENCE_ONLY,AUDITED_DIAGNOSTIC_ONLY
official_public_releases,receipt:official_public_releases:provider:bea69a672f89a32f,2026-06-23T16:11:17Z,2026-06-23T16:11:17.734565Z,2026-06-23T16:11:17.734565Z,2026-06-23T16:11:17Z,2026-06-23T16:11:17Z,2026-06-23T16:11:17Z,2026-06-23T16:11:17Z,2026-06-23T16:11:18Z,DIAGNOSTIC_SOURCE_EVIDENCE_ONLY,AUDITED_DIAGNOSTIC_ONLY
official_public_releases,receipt:official_public_releases:provider:78ca6e7949187f48,2026-06-23T16:06:46Z,2026-06-23T16:06:46.636987Z,2026-06-23T16:06:46.636987Z,2026-06-23T16:06:46Z,2026-06-23T16:06:46Z,2026-06-23T16:06:46Z,2026-06-23T16:06:46Z,2026-06-23T16:06:47Z,DIAGNOSTIC_SOURCE_EVIDENCE_ONLY,AUDITED_DIAGNOSTIC_ONLY
official_public_releases,receipt:official_public_releases:provider:516b4c7f908082c1,2026-06-23T16:02:37Z,2026-06-23T16:02:37.665632Z,2026-06-23T16:02:37.665632Z,2026-06-23T16:02:37Z,2026-06-23T16:02:37Z,2026-06-23T16:02:37Z,2026-06-23T16:02:37Z,2026-06-23T16:02:38Z,DIAGNOSTIC_SOURCE_EVIDENCE_ONLY,AUDITED_DIAGNOSTIC_ONLY
official_public_releases,receipt:official_public_releases:provider:3b5a2e949c7b5e99,2026-06-23T16:00:47Z,2026-06-23T16:00:47.085916Z,2026-06-23T16:00:47.085916Z,2026-06-23T16:00:47Z,2026-06-23T16:00:47Z,2026-06-23T16:00:47Z,2026-06-23T16:00:47Z,2026-06-23T16:00:48Z,DIAGNOSTIC_SOURCE_EVIDENCE_ONLY,AUDITED_DIAGNOSTIC_ONLY
official_public_releases,receipt:official_public_releases:provider:24f2944b1fb15c7f,2026-06-23T15:56:40Z,2026-06-23T15:56:40.980643Z,2026-06-23T15:56:40.980643Z,2026-06-23T15:56:40Z,2026-06-23T15:56:40Z,2026-06-23T15:56:40Z,2026-06-23T15:56:40Z,2026-06-23T15:56:41Z,DIAGNOSTIC_SOURCE_EVIDENCE_ONLY,AUDITED_DIAGNOSTIC_ONLY
official_public_releases,receipt:official_public_releases:provider:01edcdaca2ad8f8c,2026-06-23T15:56:29Z,2026-06-23T15:56:29.107049Z,2026-06-23T15:56:29.107049Z,2026-06-23T15:56:29Z,2026-06-23T15:56:29Z,2026-06-23T15:56:29Z,2026-06-23T15:56:29Z,2026-06-23T15:56:30Z,DIAGNOSTIC_SOURCE_EVIDENCE_ONLY,AUDITED_DIAGNOSTIC_ONLY
official_public_releases,receipt:official_public_releases:provider:32ebaf2dcf40de17,2026-06-22T12:45:00Z,2026-06-23T15:51:21.637113Z,2026-06-23T15:51:21.637113Z,2026-06-23T15:51:21Z,2026-06-23T15:51:21Z,2026-06-23T15:51:21Z,2026-06-23T15:51:21Z,2026-06-23T15:51:22Z,DIAGNOSTIC_SOURCE_EVIDENCE_ONLY,AUDITED_DIAGNOSTIC_ONLY
official_public_releases,receipt:official_public_releases:provider:7980b20ee9d89ad9,2026-06-22T12:45:00Z,2026-06-23T15:51:11.063654Z,2026-06-23T15:51:11.063654Z,2026-06-23T15:51:11Z,2026-06-23T15:51:11Z,2026-06-23T15:51:11Z,2026-06-23T15:51:11Z,2026-06-23T15:51:12Z,DIAGNOSTIC_SOURCE_EVIDENCE_ONLY,AUDITED_DIAGNOSTIC_ONLY
official_public_releases,receipt:official_public_releases:provider:5a87fc6afe320849,2026-06-22T12:45:00Z,2026-06-23T15:48:09.406672Z,2026-06-23T15:48:09.406672Z,2026-06-23T15:48:09Z,2026-06-23T15:48:09Z,2026-06-23T15:48:09Z,2026-06-23T15:48:09Z,2026-06-23T15:48:10Z,DIAGNOSTIC_SOURCE_EVIDENCE_ONLY,AUDITED_DIAGNOSTIC_ONLY
official_public_releases,receipt:official_public_releases:provider:ac8134cb5817588d,2026-06-22T12:45:00Z,2026-06-23T15:46:51.873062Z,2026-06-23T15:46:51.873062Z,2026-06-23T15:46:51Z,2026-06-23T15:46:51Z,2026-06-23T15:46:51Z,2026-06-23T15:46:51Z,2026-06-23T15:46:52Z,DIAGNOSTIC_SOURCE_EVIDENCE_ONLY,AUDITED_DIAGNOSTIC_ONLY
official_public_releases,receipt:official_public_releases:provider:a386d07fbbff1b6f,2026-06-22T12:45:00Z,2026-06-23T15:46:26.098646Z,2026-06-23T15:46:26.098646Z,2026-06-23T15:46:26Z,2026-06-23T15:46:26Z,2026-06-23T15:46:26Z,2026-06-23T15:46:26Z,2026-06-23T15:46:27Z,DIAGNOSTIC_SOURCE_EVIDENCE_ONLY,AUDITED_DIAGNOSTIC_ONLY
gdelt_news_events,receipt:gdelt_news_events:provider:8fabfe50cbc30210,2026-06-24T00:15:00Z,2026-06-24T00:36:38.023376Z,2026-06-24T00:36:38.023376Z,2026-06-24T00:36:38Z,2026-06-24T00:36:38Z,2026-06-24T00:36:38Z,2026-06-24T00:36:38Z,2026-06-24T00:36:39Z,DISCOVERY_OR_ENRICHMENT_ONLY,AUDITED_DIAGNOSTIC_ONLY
gdelt_news_events,receipt:gdelt_news_events:provider:65c437b60ed7497e,2026-06-23T21:00:00Z,2026-06-24T00:06:33.209160Z,2026-06-24T00:06:33.209160Z,2026-06-24T00:06:33Z,2026-06-24T00:06:33Z,2026-06-24T00:06:33Z,2026-06-24T00:06:33Z,2026-06-24T00:06:34Z,DISCOVERY_OR_ENRICHMENT_ONLY,AUDITED_DIAGNOSTIC_ONLY
gdelt_news_events,receipt:gdelt_news_events:provider:ced3e9f04a9bca55,2026-06-23T21:00:00Z,2026-06-24T00:03:00.077150Z,2026-06-24T00:03:00.077150Z,2026-06-24T00:03:00Z,2026-06-24T00:03:00Z,2026-06-24T00:03:00Z,2026-06-24T00:03:00Z,2026-06-24T00:03:01Z,DISCOVERY_OR_ENRICHMENT_ONLY,AUDITED_DIAGNOSTIC_ONLY
gdelt_news_events,receipt:gdelt_news_events:provider:e24893a970dbcc4d,2026-06-23T21:00:00Z,2026-06-24T00:01:18.661592Z,2026-06-24T00:01:18.661592Z,2026-06-24T00:01:18Z,2026-06-24T00:01:18Z,2026-06-24T00:01:18Z,2026-06-24T00:01:18Z,2026-06-24T00:01:19Z,DISCOVERY_OR_ENRICHMENT_ONLY,AUDITED_DIAGNOSTIC_ONLY
gdelt_news_events,receipt:gdelt_news_events:provider:d060bcc70fbc11ef,2026-06-23T21:00:00Z,2026-06-23T22:36:14.784086Z,2026-06-23T22:36:14.784086Z,2026-06-23T22:36:14Z,2026-06-23T22:36:14Z,2026-06-23T22:36:14Z,2026-06-23T22:36:14Z,2026-06-23T22:36:15Z,DISCOVERY_OR_ENRICHMENT_ONLY,AUDITED_DIAGNOSTIC_ONLY
gdelt_news_events,receipt:gdelt_news_events:provider:04c9aecb4121ee67,2026-06-23T21:00:00Z,2026-06-23T22:16:39.407006Z,2026-06-23T22:16:39.407006Z,2026-06-23T22:16:39Z,2026-06-23T22:16:39Z,2026-06-23T22:16:39Z,2026-06-23T22:16:39Z,2026-06-23T22:16:40Z,DISCOVERY_OR_ENRICHMENT_ONLY,AUDITED_DIAGNOSTIC_ONLY
gdelt_news_events,receipt:gdelt_news_events:provider:8729cda1f0934661,2026-06-23T21:00:00Z,2026-06-23T22:02:05.715726Z,2026-06-23T22:02:05.715726Z,2026-06-23T22:02:05Z,2026-06-23T22:02:05Z,2026-06-23T22:02:05Z,2026-06-23T22:02:05Z,2026-06-23T22:02:06Z,DISCOVERY_OR_ENRICHMENT_ONLY,AUDITED_DIAGNOSTIC_ONLY
gdelt_news_events,receipt:gdelt_news_events:provider:99c7805fb66f7827,2026-06-23T21:00:00Z,2026-06-23T21:50:58.531200Z,2026-06-23T21:50:58.531200Z,2026-06-23T21:50:58Z,2026-06-23T21:50:58Z,2026-06-23T21:50:58Z,2026-06-23T21:50:58Z,2026-06-23T21:50:59Z,DISCOVERY_OR_ENRICHMENT_ONLY,AUDITED_DIAGNOSTIC_ONLY
gdelt_news_events,receipt:gdelt_news_events:provider:0c563bcebf5fd08d,2026-06-23T21:00:00Z,2026-06-23T21:36:16.127117Z,2026-06-23T21:36:16.127117Z,2026-06-23T21:36:16Z,2026-06-23T21:36:16Z,2026-06-23T21:36:16Z,2026-06-23T21:36:16Z,2026-06-23T21:36:17Z,DISCOVERY_OR_ENRICHMENT_ONLY,AUDITED_DIAGNOSTIC_ONLY
gdelt_news_events,receipt:gdelt_news_events:provider:39803db5c4638950,2026-06-23T21:00:00Z,2026-06-23T21:31:19.526428Z,2026-06-23T21:31:19.526428Z,2026-06-23T21:31:19Z,2026-06-23T21:31:19Z,2026-06-23T21:31:19Z,2026-06-23T21:31:19Z,2026-06-23T21:31:20Z,DISCOVERY_OR_ENRICHMENT_ONLY,AUDITED_DIAGNOSTIC_ONLY
gdelt_news_events,receipt:gdelt_news_events:provider:29c1d7d62040fa08,2026-06-23T20:00:00Z,2026-06-23T21:01:08.458903Z,2026-06-23T21:01:08.458903Z,2026-06-23T21:01:08Z,2026-06-23T21:01:08Z,2026-06-23T21:01:08Z,2026-06-23T21:01:08Z,2026-06-23T21:01:09Z,DISCOVERY_OR_ENRICHMENT_ONLY,AUDITED_DIAGNOSTIC_ONLY
gdelt_news_events,receipt:gdelt_news_events:provider:4729c61257fc6431,2026-06-23T20:00:00Z,2026-06-23T20:46:30.006792Z,2026-06-23T20:46:30.006792Z,2026-06-23T20:46:30Z,2026-06-23T20:46:30Z,2026-06-23T20:46:30Z,2026-06-23T20:46:30Z,2026-06-23T20:46:31Z,DISCOVERY_OR_ENRICHMENT_ONLY,AUDITED_DIAGNOSTIC_ONLY
gdelt_news_events,receipt:gdelt_news_events:provider:5ebae0019d507f97,2026-06-23T20:00:00Z,2026-06-23T20:21:08.811424Z,2026-06-23T20:21:08.811424Z,2026-06-23T20:21:08Z,2026-06-23T20:21:08Z,2026-06-23T20:21:08Z,2026-06-23T20:21:08Z,2026-06-23T20:21:09Z,DISCOVERY_OR_ENRICHMENT_ONLY,AUDITED_DIAGNOSTIC_ONLY
gdelt_news_events,receipt:gdelt_news_events:provider:42345794a98b0a8f,2026-06-23T13:45:00Z,2026-06-23T19:51:42.136051Z,2026-06-23T19:51:42.136051Z,2026-06-23T19:51:42Z,2026-06-23T19:51:42Z,2026-06-23T19:51:42Z,2026-06-23T19:51:42Z,2026-06-23T19:51:43Z,DISCOVERY_OR_ENRICHMENT_ONLY,AUDITED_DIAGNOSTIC_ONLY
gdelt_news_events,receipt:gdelt_news_events:provider:481ca7f6bb686cc1,2026-06-23T13:45:00Z,2026-06-23T17:41:20.131159Z,2026-06-23T17:41:20.131159Z,2026-06-23T17:41:20Z,2026-06-23T17:41:20Z,2026-06-23T17:41:20Z,2026-06-23T17:41:20Z,2026-06-23T17:41:21Z,DISCOVERY_OR_ENRICHMENT_ONLY,AUDITED_DIAGNOSTIC_ONLY
gdelt_news_events,receipt:gdelt_news_events:provider:905a76fe6df09b71,2026-06-23T13:45:00Z,2026-06-23T17:36:18.243356Z,2026-06-23T17:36:18.243356Z,2026-06-23T17:36:18Z,2026-06-23T17:36:18Z,2026-06-23T17:36:18Z,2026-06-23T17:36:18Z,2026-06-23T17:36:19Z,DISCOVERY_OR_ENRICHMENT_ONLY,AUDITED_DIAGNOSTIC_ONLY
gdelt_news_events,receipt:gdelt_news_events:provider:0cb876c2b1ecf4e0,2026-06-23T13:45:00Z,2026-06-23T17:10:53.698141Z,2026-06-23T17:10:53.698141Z,2026-06-23T17:10:53Z,2026-06-23T17:10:53Z,2026-06-23T17:10:53Z,2026-06-23T17:10:53Z,2026-06-23T17:10:54Z,DISCOVERY_OR_ENRICHMENT_ONLY,AUDITED_DIAGNOSTIC_ONLY
gdelt_news_events,receipt:gdelt_news_events:provider:de0799d7d586afa9,2026-06-23T13:45:00Z,2026-06-23T16:36:16.100842Z,2026-06-23T16:36:16.100842Z,2026-06-23T16:36:16Z,2026-06-23T16:36:16Z,2026-06-23T16:36:16Z,2026-06-23T16:36:16Z,2026-06-23T16:36:17Z,DISCOVERY_OR_ENRICHMENT_ONLY,AUDITED_DIAGNOSTIC_ONLY
gdelt_news_events,receipt:gdelt_news_events:provider:e90a8487b7d0b060,2026-06-23T13:45:00Z,2026-06-23T16:08:04.070722Z,2026-06-23T16:08:04.070722Z,2026-06-23T16:08:04Z,2026-06-23T16:08:04Z,2026-06-23T16:08:04Z,2026-06-23T16:08:04Z,2026-06-23T16:08:05Z,DISCOVERY_OR_ENRICHMENT_ONLY,AUDITED_DIAGNOSTIC_ONLY
marketaux_news_free,receipt:marketaux_news_free:provider:e1852f6578e81189,2026-06-23T21:51:54Z,2026-06-24T00:46:38.707067Z,2026-06-24T00:46:38.707067Z,2026-06-24T00:46:38Z,2026-06-24T00:46:38Z,2026-06-24T00:46:38Z,2026-06-24T00:46:38Z,2026-06-24T00:46:39Z,DISCOVERY_OR_ENRICHMENT_ONLY,AUDITED_DIAGNOSTIC_ONLY
marketaux_news_free,receipt:marketaux_news_free:provider:a21ace221e2c72ce,2026-06-23T21:51:54Z,2026-06-24T00:41:52.253246Z,2026-06-24T00:41:52.253246Z,2026-06-24T00:41:52Z,2026-06-24T00:41:52Z,2026-06-24T00:41:52Z,2026-06-24T00:41:52Z,2026-06-24T00:41:53Z,DISCOVERY_OR_ENRICHMENT_ONLY,AUDITED_DIAGNOSTIC_ONLY
marketaux_news_free,receipt:marketaux_news_free:provider:40c90f96b205975d,2026-06-23T21:51:54Z,2026-06-24T00:36:53.917611Z,2026-06-24T00:36:53.917611Z,2026-06-24T00:36:53Z,2026-06-24T00:36:53Z,2026-06-24T00:36:53Z,2026-06-24T00:36:53Z,2026-06-24T00:36:54Z,DISCOVERY_OR_ENRICHMENT_ONLY,AUDITED_DIAGNOSTIC_ONLY
marketaux_news_free,receipt:marketaux_news_free:provider:c8854643179063af,2026-06-23T21:51:54Z,2026-06-24T00:31:36.710575Z,2026-06-24T00:31:36.710575Z,2026-06-24T00:31:36Z,2026-06-24T00:31:36Z,2026-06-24T00:31:36Z,2026-06-24T00:31:36Z,2026-06-24T00:31:37Z,DISCOVERY_OR_ENRICHMENT_ONLY,AUDITED_DIAGNOSTIC_ONLY
marketaux_news_free,receipt:marketaux_news_free:provider:d17d028fc34a2dda,2026-06-23T21:51:54Z,2026-06-24T00:26:35.141188Z,2026-06-24T00:26:35.141188Z,2026-06-24T00:26:35Z,2026-06-24T00:26:35Z,2026-06-24T00:26:35Z,2026-06-24T00:26:35Z,2026-06-24T00:26:36Z,DISCOVERY_OR_ENRICHMENT_ONLY,AUDITED_DIAGNOSTIC_ONLY
marketaux_news_free,receipt:marketaux_news_free:provider:c941c51aef42237f,2026-06-23T21:51:54Z,2026-06-24T00:21:53.948789Z,2026-06-24T00:21:53.948789Z,2026-06-24T00:21:53Z,2026-06-24T00:21:53Z,2026-06-24T00:21:53Z,2026-06-24T00:21:53Z,2026-06-24T00:21:54Z,DISCOVERY_OR_ENRICHMENT_ONLY,AUDITED_DIAGNOSTIC_ONLY
marketaux_news_free,receipt:marketaux_news_free:provider:e92acd593f9034a5,2026-06-23T21:51:54Z,2026-06-24T00:15:58.122932Z,2026-06-24T00:15:58.122932Z,2026-06-24T00:15:58Z,2026-06-24T00:15:58Z,2026-06-24T00:15:58Z,2026-06-24T00:15:58Z,2026-06-24T00:15:59Z,DISCOVERY_OR_ENRICHMENT_ONLY,AUDITED_DIAGNOSTIC_ONLY
marketaux_news_free,receipt:marketaux_news_free:provider:78b8224c300c9612,2026-06-23T21:51:54Z,2026-06-24T00:06:53.509428Z,2026-06-24T00:06:53.509428Z,2026-06-24T00:06:53Z,2026-06-24T00:06:53Z,2026-06-24T00:06:53Z,2026-06-24T00:06:53Z,2026-06-24T00:06:54Z,DISCOVERY_OR_ENRICHMENT_ONLY,AUDITED_DIAGNOSTIC_ONLY
marketaux_news_free,receipt:marketaux_news_free:provider:723a31b63bcb90e6,2026-06-23T21:51:54Z,2026-06-24T00:01:39.245577Z,2026-06-24T00:01:39.245577Z,2026-06-24T00:01:39Z,2026-06-24T00:01:39Z,2026-06-24T00:01:39Z,2026-06-24T00:01:39Z,2026-06-24T00:01:40Z,DISCOVERY_OR_ENRICHMENT_ONLY,AUDITED_DIAGNOSTIC_ONLY
marketaux_news_free,receipt:marketaux_news_free:provider:9e3c67034ef9dbbd,2026-06-23T21:51:54Z,2026-06-23T22:26:50.833352Z,2026-06-23T22:26:50.833352Z,2026-06-23T22:26:50Z,2026-06-23T22:26:50Z,2026-06-23T22:26:50Z,2026-06-23T22:26:50Z,2026-06-23T22:26:51Z,DISCOVERY_OR_ENRICHMENT_ONLY,AUDITED_DIAGNOSTIC_ONLY
marketaux_news_free,receipt:marketaux_news_free:provider:e16992134dc74654,2026-06-23T21:51:54Z,2026-06-23T22:20:59.527091Z,2026-06-23T22:20:59.527091Z,2026-06-23T22:20:59Z,2026-06-23T22:20:59Z,2026-06-23T22:20:59Z,2026-06-23T22:20:59Z,2026-06-23T22:21:00Z,DISCOVERY_OR_ENRICHMENT_ONLY,AUDITED_DIAGNOSTIC_ONLY
marketaux_news_free,receipt:marketaux_news_free:provider:198fa5153e99292f,2026-06-23T21:51:54Z,2026-06-23T22:17:06.016651Z,2026-06-23T22:17:06.016651Z,2026-06-23T22:17:06Z,2026-06-23T22:17:06Z,2026-06-23T22:17:06Z,2026-06-23T22:17:06Z,2026-06-23T22:17:07Z,DISCOVERY_OR_ENRICHMENT_ONLY,AUDITED_DIAGNOSTIC_ONLY
marketaux_news_free,receipt:marketaux_news_free:provider:882b95085b71aaf9,2026-06-23T20:41:11Z,2026-06-23T22:11:01.361581Z,2026-06-23T22:11:01.361581Z,2026-06-23T22:11:01Z,2026-06-23T22:11:01Z,2026-06-23T22:11:01Z,2026-06-23T22:11:01Z,2026-06-23T22:11:02Z,DISCOVERY_OR_ENRICHMENT_ONLY,AUDITED_DIAGNOSTIC_ONLY
marketaux_news_free,receipt:marketaux_news_free:provider:1ec19415be241c7f,2026-06-23T20:41:11Z,2026-06-23T22:06:16.964075Z,2026-06-23T22:06:16.964075Z,2026-06-23T22:06:16Z,2026-06-23T22:06:16Z,2026-06-23T22:06:16Z,2026-06-23T22:06:16Z,2026-06-23T22:06:17Z,DISCOVERY_OR_ENRICHMENT_ONLY,AUDITED_DIAGNOSTIC_ONLY
marketaux_news_free,receipt:marketaux_news_free:provider:960198ada09acc37,2026-06-23T20:41:11Z,2026-06-23T22:02:24.754812Z,2026-06-23T22:02:24.754812Z,2026-06-23T22:02:24Z,2026-06-23T22:02:24Z,2026-06-23T22:02:24Z,2026-06-23T22:02:24Z,2026-06-23T22:02:25Z,DISCOVERY_OR_ENRICHMENT_ONLY,AUDITED_DIAGNOSTIC_ONLY
marketaux_news_free,receipt:marketaux_news_free:provider:2d70292d85de224c,2026-06-23T20:41:11Z,2026-06-23T22:00:51.943677Z,2026-06-23T22:00:51.943677Z,2026-06-23T22:00:51Z,2026-06-23T22:00:51Z,2026-06-23T22:00:51Z,2026-06-23T22:00:51Z,2026-06-23T22:00:52Z,DISCOVERY_OR_ENRICHMENT_ONLY,AUDITED_DIAGNOSTIC_ONLY
marketaux_news_free,receipt:marketaux_news_free:provider:10125cb7621e04ed,2026-06-23T20:41:11Z,2026-06-23T21:56:09.613347Z,2026-06-23T21:56:09.613347Z,2026-06-23T21:56:09Z,2026-06-23T21:56:09Z,2026-06-23T21:56:09Z,2026-06-23T21:56:09Z,2026-06-23T21:56:10Z,DISCOVERY_OR_ENRICHMENT_ONLY,AUDITED_DIAGNOSTIC_ONLY
marketaux_news_free,receipt:marketaux_news_free:provider:dd6d9d0abfe29149,2026-06-23T20:41:11Z,2026-06-23T21:51:13.971328Z,2026-06-23T21:51:13.971328Z,2026-06-23T21:51:13Z,2026-06-23T21:51:13Z,2026-06-23T21:51:13Z,2026-06-23T21:51:13Z,2026-06-23T21:51:14Z,DISCOVERY_OR_ENRICHMENT_ONLY,AUDITED_DIAGNOSTIC_ONLY
marketaux_news_free,receipt:marketaux_news_free:provider:d69f848e2db50db9,2026-06-23T20:41:11Z,2026-06-23T21:46:18.797788Z,2026-06-23T21:46:18.797788Z,2026-06-23T21:46:18Z,2026-06-23T21:46:18Z,2026-06-23T21:46:18Z,2026-06-23T21:46:18Z,2026-06-23T21:46:19Z,DISCOVERY_OR_ENRICHMENT_ONLY,AUDITED_DIAGNOSTIC_ONLY
marketaux_news_free,receipt:marketaux_news_free:provider:18533c63b5476fd2,2026-06-23T20:41:11Z,2026-06-23T21:41:29.739922Z,2026-06-23T21:41:29.739922Z,2026-06-23T21:41:29Z,2026-06-23T21:41:29Z,2026-06-23T21:41:29Z,2026-06-23T21:41:29Z,2026-06-23T21:41:30Z,DISCOVERY_OR_ENRICHMENT_ONLY,AUDITED_DIAGNOSTIC_ONLY
marketaux_news_free,receipt:marketaux_news_free:provider:3b952a118ff2b746,2026-06-23T20:41:11Z,2026-06-23T21:36:36.927751Z,2026-06-23T21:36:36.927751Z,2026-06-23T21:36:36Z,2026-06-23T21:36:36Z,2026-06-23T21:36:36Z,2026-06-23T21:36:36Z,2026-06-23T21:36:37Z,DISCOVERY_OR_ENRICHMENT_ONLY,AUDITED_DIAGNOSTIC_ONLY
marketaux_news_free,receipt:marketaux_news_free:provider:ae61d33091399e60,2026-06-23T20:41:11Z,2026-06-23T21:31:37.868011Z,2026-06-23T21:31:37.868011Z,2026-06-23T21:31:37Z,2026-06-23T21:31:37Z,2026-06-23T21:31:37Z,2026-06-23T21:31:37Z,2026-06-23T21:31:38Z,DISCOVERY_OR_ENRICHMENT_ONLY,AUDITED_DIAGNOSTIC_ONLY
marketaux_news_free,receipt:marketaux_news_free:provider:e7b3d8b22babe255,2026-06-23T20:41:11Z,2026-06-23T21:26:38.944051Z,2026-06-23T21:26:38.944051Z,2026-06-23T21:26:38Z,2026-06-23T21:26:38Z,2026-06-23T21:26:38Z,2026-06-23T21:26:38Z,2026-06-23T21:26:39Z,DISCOVERY_OR_ENRICHMENT_ONLY,AUDITED_DIAGNOSTIC_ONLY
marketaux_news_free,receipt:marketaux_news_free:provider:cb395389004ab955,2026-06-23T20:41:11Z,2026-06-23T21:21:59.934320Z,2026-06-23T21:21:59.934320Z,2026-06-23T21:21:59Z,2026-06-23T21:21:59Z,2026-06-23T21:21:59Z,2026-06-23T21:21:59Z,2026-06-23T21:22:00Z,DISCOVERY_OR_ENRICHMENT_ONLY,AUDITED_DIAGNOSTIC_ONLY
marketaux_news_free,receipt:marketaux_news_free:provider:1f7ce7a05c44a60d,2026-06-23T20:41:11Z,2026-06-23T21:16:06.083933Z,2026-06-23T21:16:06.083933Z,2026-06-23T21:16:06Z,2026-06-23T21:16:06Z,2026-06-23T21:16:06Z,2026-06-23T21:16:06Z,2026-06-23T21:16:07Z,DISCOVERY_OR_ENRICHMENT_ONLY,AUDITED_DIAGNOSTIC_ONLY
marketaux_news_free,receipt:marketaux_news_free:provider:8e966b74a88710b1,2026-06-23T20:41:11Z,2026-06-23T21:11:26.896407Z,2026-06-23T21:11:26.896407Z,2026-06-23T21:11:26Z,2026-06-23T21:11:26Z,2026-06-23T21:11:26Z,2026-06-23T21:11:26Z,2026-06-23T21:11:27Z,DISCOVERY_OR_ENRICHMENT_ONLY,AUDITED_DIAGNOSTIC_ONLY
marketaux_news_free,receipt:marketaux_news_free:provider:7f1fe4ba034526c5,2026-06-23T20:41:11Z,2026-06-23T21:06:28.755045Z,2026-06-23T21:06:28.755045Z,2026-06-23T21:06:28Z,2026-06-23T21:06:28Z,2026-06-23T21:06:28Z,2026-06-23T21:06:28Z,2026-06-23T21:06:29Z,DISCOVERY_OR_ENRICHMENT_ONLY,AUDITED_DIAGNOSTIC_ONLY
marketaux_news_free,receipt:marketaux_news_free:provider:2232d185f2f5609f,2026-06-23T20:02:23Z,2026-06-23T21:02:51.877883Z,2026-06-23T21:02:51.877883Z,2026-06-23T21:02:51Z,2026-06-23T21:02:51Z,2026-06-23T21:02:51Z,2026-06-23T21:02:51Z,2026-06-23T21:02:52Z,DISCOVERY_OR_ENRICHMENT_ONLY,AUDITED_DIAGNOSTIC_ONLY
marketaux_news_free,receipt:marketaux_news_free:provider:e512abe3748b9b6d,2026-06-23T20:02:23Z,2026-06-23T21:01:29.422311Z,2026-06-23T21:01:29.422311Z,2026-06-23T21:01:29Z,2026-06-23T21:01:29Z,2026-06-23T21:01:29Z,2026-06-23T21:01:29Z,2026-06-23T21:01:30Z,DISCOVERY_OR_ENRICHMENT_ONLY,AUDITED_DIAGNOSTIC_ONLY
marketaux_news_free,receipt:marketaux_news_free:provider:dfe74481d333e06e,2026-06-23T20:02:23Z,2026-06-23T20:56:20.437674Z,2026-06-23T20:56:20.437674Z,2026-06-23T20:56:20Z,2026-06-23T20:56:20Z,2026-06-23T20:56:20Z,2026-06-23T20:56:20Z,2026-06-23T20:56:21Z,DISCOVERY_OR_ENRICHMENT_ONLY,AUDITED_DIAGNOSTIC_ONLY
marketaux_news_free,receipt:marketaux_news_free:provider:d196d265aa964b3d,2026-06-23T20:02:23Z,2026-06-23T20:51:41.571952Z,2026-06-23T20:51:41.571952Z,2026-06-23T20:51:41Z,2026-06-23T20:51:41Z,2026-06-23T20:51:41Z,2026-06-23T20:51:41Z,2026-06-23T20:51:42Z,DISCOVERY_OR_ENRICHMENT_ONLY,AUDITED_DIAGNOSTIC_ONLY
marketaux_news_free,receipt:marketaux_news_free:provider:430d192c26655bfd,2026-06-23T20:02:23Z,2026-06-23T20:46:47.037034Z,2026-06-23T20:46:47.037034Z,2026-06-23T20:46:47Z,2026-06-23T20:46:47Z,2026-06-23T20:46:47Z,2026-06-23T20:46:47Z,2026-06-23T20:46:48Z,DISCOVERY_OR_ENRICHMENT_ONLY,AUDITED_DIAGNOSTIC_ONLY
marketaux_news_free,receipt:marketaux_news_free:provider:15133246336725ef,2026-06-23T18:57:24Z,2026-06-23T20:40:51.899132Z,2026-06-23T20:40:51.899132Z,2026-06-23T20:40:51Z,2026-06-23T20:40:51Z,2026-06-23T20:40:51Z,2026-06-23T20:40:51Z,2026-06-23T20:40:52Z,DISCOVERY_OR_ENRICHMENT_ONLY,AUDITED_DIAGNOSTIC_ONLY
marketaux_news_free,receipt:marketaux_news_free:provider:8d0ec36a0c393635,2026-06-23T18:57:24Z,2026-06-23T20:36:08.391743Z,2026-06-23T20:36:08.391743Z,2026-06-23T20:36:08Z,2026-06-23T20:36:08Z,2026-06-23T20:36:08Z,2026-06-23T20:36:08Z,2026-06-23T20:36:09Z,DISCOVERY_OR_ENRICHMENT_ONLY,AUDITED_DIAGNOSTIC_ONLY
marketaux_news_free,receipt:marketaux_news_free:provider:00748e5c4b701f8a,2026-06-23T18:57:24Z,2026-06-23T20:31:07.162404Z,2026-06-23T20:31:07.162404Z,2026-06-23T20:31:07Z,2026-06-23T20:31:07Z,2026-06-23T20:31:07Z,2026-06-23T20:31:07Z,2026-06-23T20:31:08Z,DISCOVERY_OR_ENRICHMENT_ONLY,AUDITED_DIAGNOSTIC_ONLY
marketaux_news_free,receipt:marketaux_news_free:provider:698b12e9c68214d8,2026-06-23T18:57:24Z,2026-06-23T20:26:24.954726Z,2026-06-23T20:26:24.954726Z,2026-06-23T20:26:24Z,2026-06-23T20:26:24Z,2026-06-23T20:26:24Z,2026-06-23T20:26:24Z,2026-06-23T20:26:25Z,DISCOVERY_OR_ENRICHMENT_ONLY,AUDITED_DIAGNOSTIC_ONLY
marketaux_news_free,receipt:marketaux_news_free:provider:89939587fcc0ebf7,2026-06-23T18:57:24Z,2026-06-23T20:21:27.508314Z,2026-06-23T20:21:27.508314Z,2026-06-23T20:21:27Z,2026-06-23T20:21:27Z,2026-06-23T20:21:27Z,2026-06-23T20:21:27Z,2026-06-23T20:21:28Z,DISCOVERY_OR_ENRICHMENT_ONLY,AUDITED_DIAGNOSTIC_ONLY
marketaux_news_free,receipt:marketaux_news_free:provider:4aefbcebb59158d6,2026-06-23T18:57:24Z,2026-06-23T20:16:31.066674Z,2026-06-23T20:16:31.066674Z,2026-06-23T20:16:31Z,2026-06-23T20:16:31Z,2026-06-23T20:16:31Z,2026-06-23T20:16:31Z,2026-06-23T20:16:32Z,DISCOVERY_OR_ENRICHMENT_ONLY,AUDITED_DIAGNOSTIC_ONLY
marketaux_news_free,receipt:marketaux_news_free:provider:d432fb6b800ee515,2026-06-23T18:57:24Z,2026-06-23T20:11:52.813267Z,2026-06-23T20:11:52.813267Z,2026-06-23T20:11:52Z,2026-06-23T20:11:52Z,2026-06-23T20:11:52Z,2026-06-23T20:11:52Z,2026-06-23T20:11:53Z,DISCOVERY_OR_ENRICHMENT_ONLY,AUDITED_DIAGNOSTIC_ONLY
marketaux_news_free,receipt:marketaux_news_free:provider:09e9701ad7e7b67b,2026-06-23T18:57:24Z,2026-06-23T20:05:58.186672Z,2026-06-23T20:05:58.186672Z,2026-06-23T20:05:58Z,2026-06-23T20:05:58Z,2026-06-23T20:05:58Z,2026-06-23T20:05:58Z,2026-06-23T20:05:59Z,DISCOVERY_OR_ENRICHMENT_ONLY,AUDITED_DIAGNOSTIC_ONLY
marketaux_news_free,receipt:marketaux_news_free:provider:3ccfa223bd56a140,2026-06-23T18:57:24Z,2026-06-23T20:03:18.633975Z,2026-06-23T20:03:18.633975Z,2026-06-23T20:03:18Z,2026-06-23T20:03:18Z,2026-06-23T20:03:18Z,2026-06-23T20:03:18Z,2026-06-23T20:03:19Z,DISCOVERY_OR_ENRICHMENT_ONLY,AUDITED_DIAGNOSTIC_ONLY
marketaux_news_free,receipt:marketaux_news_free:provider:8b5285f6c2c559fa,2026-06-23T18:57:24Z,2026-06-23T20:02:02.879356Z,2026-06-23T20:02:02.879356Z,2026-06-23T20:02:02Z,2026-06-23T20:02:02Z,2026-06-23T20:02:02Z,2026-06-23T20:02:02Z,2026-06-23T20:02:03Z,DISCOVERY_OR_ENRICHMENT_ONLY,AUDITED_DIAGNOSTIC_ONLY
marketaux_news_free,receipt:marketaux_news_free:provider:0d7b24018deea608,2026-06-23T18:57:24Z,2026-06-23T19:56:03.928618Z,2026-06-23T19:56:03.928618Z,2026-06-23T19:56:03Z,2026-06-23T19:56:03Z,2026-06-23T19:56:03Z,2026-06-23T19:56:03Z,2026-06-23T19:56:04Z,DISCOVERY_OR_ENRICHMENT_ONLY,AUDITED_DIAGNOSTIC_ONLY
marketaux_news_free,receipt:marketaux_news_free:provider:1b2ca193deabde04,2026-06-23T18:57:24Z,2026-06-23T19:52:03.682815Z,2026-06-23T19:52:03.682815Z,2026-06-23T19:52:03Z,2026-06-23T19:52:03Z,2026-06-23T19:52:03Z,2026-06-23T19:52:03Z,2026-06-23T19:52:04Z,DISCOVERY_OR_ENRICHMENT_ONLY,AUDITED_DIAGNOSTIC_ONLY
marketaux_news_free,receipt:marketaux_news_free:provider:fde9a7af3127137c,2026-06-23T18:57:24Z,2026-06-23T19:45:44.917722Z,2026-06-23T19:45:44.917722Z,2026-06-23T19:45:44Z,2026-06-23T19:45:44Z,2026-06-23T19:45:44Z,2026-06-23T19:45:44Z,2026-06-23T19:45:45Z,DISCOVERY_OR_ENRICHMENT_ONLY,AUDITED_DIAGNOSTIC_ONLY
marketaux_news_free,receipt:marketaux_news_free:provider:08201ae8fb6ccec6,2026-06-23T18:57:24Z,2026-06-23T19:41:02.971929Z,2026-06-23T19:41:02.971929Z,2026-06-23T19:41:02Z,2026-06-23T19:41:02Z,2026-06-23T19:41:02Z,2026-06-23T19:41:02Z,2026-06-23T19:41:03Z,DISCOVERY_OR_ENRICHMENT_ONLY,AUDITED_DIAGNOSTIC_ONLY
marketaux_news_free,receipt:marketaux_news_free:provider:d0a4f25a6e5d21af,2026-06-23T18:57:24Z,2026-06-23T19:36:05.274279Z,2026-06-23T19:36:05.274279Z,2026-06-23T19:36:05Z,2026-06-23T19:36:05Z,2026-06-23T19:36:05Z,2026-06-23T19:36:05Z,2026-06-23T19:36:06Z,DISCOVERY_OR_ENRICHMENT_ONLY,AUDITED_DIAGNOSTIC_ONLY
marketaux_news_free,receipt:marketaux_news_free:provider:72b90962a341bc57,2026-06-23T17:06:56Z,2026-06-23T19:31:22.419070Z,2026-06-23T19:31:22.419070Z,2026-06-23T19:31:22Z,2026-06-23T19:31:22Z,2026-06-23T19:31:22Z,2026-06-23T19:31:22Z,2026-06-23T19:31:23Z,DISCOVERY_OR_ENRICHMENT_ONLY,AUDITED_DIAGNOSTIC_ONLY
marketaux_news_free,receipt:marketaux_news_free:provider:56aefd5b05b17d4d,2026-06-23T17:06:56Z,2026-06-23T19:26:28.588670Z,2026-06-23T19:26:28.588670Z,2026-06-23T19:26:28Z,2026-06-23T19:26:28Z,2026-06-23T19:26:28Z,2026-06-23T19:26:28Z,2026-06-23T19:26:29Z,DISCOVERY_OR_ENRICHMENT_ONLY,AUDITED_DIAGNOSTIC_ONLY
marketaux_news_free,receipt:marketaux_news_free:provider:75e4cc65ed1c9099,2026-06-23T17:06:56Z,2026-06-23T19:21:44.997637Z,2026-06-23T19:21:44.997637Z,2026-06-23T19:21:44Z,2026-06-23T19:21:44Z,2026-06-23T19:21:44Z,2026-06-23T19:21:44Z,2026-06-23T19:21:45Z,DISCOVERY_OR_ENRICHMENT_ONLY,AUDITED_DIAGNOSTIC_ONLY
marketaux_news_free,receipt:marketaux_news_free:provider:eeee8085a2be1ddf,2026-06-23T17:06:56Z,2026-06-23T19:15:50.835455Z,2026-06-23T19:15:50.835455Z,2026-06-23T19:15:50Z,2026-06-23T19:15:50Z,2026-06-23T19:15:50Z,2026-06-23T19:15:50Z,2026-06-23T19:15:51Z,DISCOVERY_OR_ENRICHMENT_ONLY,AUDITED_DIAGNOSTIC_ONLY
marketaux_news_free,receipt:marketaux_news_free:provider:7f7be9904ba60726,2026-06-23T17:06:56Z,2026-06-23T19:11:07.823557Z,2026-06-23T19:11:07.823557Z,2026-06-23T19:11:07Z,2026-06-23T19:11:07Z,2026-06-23T19:11:07Z,2026-06-23T19:11:07Z,2026-06-23T19:11:08Z,DISCOVERY_OR_ENRICHMENT_ONLY,AUDITED_DIAGNOSTIC_ONLY
marketaux_news_free,receipt:marketaux_news_free:provider:3e1fe4550e15c644,2026-06-23T17:06:56Z,2026-06-23T19:06:09.619252Z,2026-06-23T19:06:09.619252Z,2026-06-23T19:06:09Z,2026-06-23T19:06:09Z,2026-06-23T19:06:09Z,2026-06-23T19:06:09Z,2026-06-23T19:06:10Z,DISCOVERY_OR_ENRICHMENT_ONLY,AUDITED_DIAGNOSTIC_ONLY
marketaux_news_free,receipt:marketaux_news_free:provider:b244dd97d4e9de00,2026-06-23T17:06:56Z,2026-06-23T19:02:28.307127Z,2026-06-23T19:02:28.307127Z,2026-06-23T19:02:28Z,2026-06-23T19:02:28Z,2026-06-23T19:02:28Z,2026-06-23T19:02:28Z,2026-06-23T19:02:29Z,DISCOVERY_OR_ENRICHMENT_ONLY,AUDITED_DIAGNOSTIC_ONLY
marketaux_news_free,receipt:marketaux_news_free:provider:2d362fcd5ac44d11,2026-06-23T17:06:56Z,2026-06-23T19:01:17.544425Z,2026-06-23T19:01:17.544425Z,2026-06-23T19:01:17Z,2026-06-23T19:01:17Z,2026-06-23T19:01:17Z,2026-06-23T19:01:17Z,2026-06-23T19:01:18Z,DISCOVERY_OR_ENRICHMENT_ONLY,AUDITED_DIAGNOSTIC_ONLY
marketaux_news_free,receipt:marketaux_news_free:provider:d5d60bbcce05b328,2026-06-23T17:06:56Z,2026-06-23T18:55:59.868600Z,2026-06-23T18:55:59.868600Z,2026-06-23T18:55:59Z,2026-06-23T18:55:59Z,2026-06-23T18:55:59Z,2026-06-23T18:55:59Z,2026-06-23T18:56:00Z,DISCOVERY_OR_ENRICHMENT_ONLY,AUDITED_DIAGNOSTIC_ONLY
marketaux_news_free,receipt:marketaux_news_free:provider:d852569110167861,2026-06-23T17:06:56Z,2026-06-23T18:51:18.157063Z,2026-06-23T18:51:18.157063Z,2026-06-23T18:51:18Z,2026-06-23T18:51:18Z,2026-06-23T18:51:18Z,2026-06-23T18:51:18Z,2026-06-23T18:51:19Z,DISCOVERY_OR_ENRICHMENT_ONLY,AUDITED_DIAGNOSTIC_ONLY
marketaux_news_free,receipt:marketaux_news_free:provider:4f7a588ea9d6302a,2026-06-23T17:06:56Z,2026-06-23T18:46:15.554082Z,2026-06-23T18:46:15.554082Z,2026-06-23T18:46:15Z,2026-06-23T18:46:15Z,2026-06-23T18:46:15Z,2026-06-23T18:46:15Z,2026-06-23T18:46:16Z,DISCOVERY_OR_ENRICHMENT_ONLY,AUDITED_DIAGNOSTIC_ONLY
marketaux_news_free,receipt:marketaux_news_free:provider:d6735397d9225f15,2026-06-23T17:06:56Z,2026-06-23T18:41:22.747708Z,2026-06-23T18:41:22.747708Z,2026-06-23T18:41:22Z,2026-06-23T18:41:22Z,2026-06-23T18:41:22Z,2026-06-23T18:41:22Z,2026-06-23T18:41:23Z,DISCOVERY_OR_ENRICHMENT_ONLY,AUDITED_DIAGNOSTIC_ONLY
marketaux_news_free,receipt:marketaux_news_free:provider:8d608165593a2234,2026-06-23T17:06:56Z,2026-06-23T18:36:24.118137Z,2026-06-23T18:36:24.118137Z,2026-06-23T18:36:24Z,2026-06-23T18:36:24Z,2026-06-23T18:36:24Z,2026-06-23T18:36:24Z,2026-06-23T18:36:25Z,DISCOVERY_OR_ENRICHMENT_ONLY,AUDITED_DIAGNOSTIC_ONLY
marketaux_news_free,receipt:marketaux_news_free:provider:008c5f85b0d78b12,2026-06-23T17:06:56Z,2026-06-23T18:31:38.272489Z,2026-06-23T18:31:38.272489Z,2026-06-23T18:31:38Z,2026-06-23T18:31:38Z,2026-06-23T18:31:38Z,2026-06-23T18:31:38Z,2026-06-23T18:31:39Z,DISCOVERY_OR_ENRICHMENT_ONLY,AUDITED_DIAGNOSTIC_ONLY
marketaux_news_free,receipt:marketaux_news_free:provider:a120eb1dcbb63f27,2026-06-23T17:06:56Z,2026-06-23T18:26:32.159852Z,2026-06-23T18:26:32.159852Z,2026-06-23T18:26:32Z,2026-06-23T18:26:32Z,2026-06-23T18:26:32Z,2026-06-23T18:26:32Z,2026-06-23T18:26:33Z,DISCOVERY_OR_ENRICHMENT_ONLY,AUDITED_DIAGNOSTIC_ONLY
marketaux_news_free,receipt:marketaux_news_free:provider:71cabdef79d57785,2026-06-23T17:06:56Z,2026-06-23T18:21:51.788619Z,2026-06-23T18:21:51.788619Z,2026-06-23T18:21:51Z,2026-06-23T18:21:51Z,2026-06-23T18:21:51Z,2026-06-23T18:21:51Z,2026-06-23T18:21:52Z,DISCOVERY_OR_ENRICHMENT_ONLY,AUDITED_DIAGNOSTIC_ONLY
marketaux_news_free,receipt:marketaux_news_free:provider:6c8cf7cec5701a66,2026-06-23T17:06:56Z,2026-06-23T18:15:53.686843Z,2026-06-23T18:15:53.686843Z,2026-06-23T18:15:53Z,2026-06-23T18:15:53Z,2026-06-23T18:15:53Z,2026-06-23T18:15:53Z,2026-06-23T18:15:54Z,DISCOVERY_OR_ENRICHMENT_ONLY,AUDITED_DIAGNOSTIC_ONLY
marketaux_news_free,receipt:marketaux_news_free:provider:d27f8c3b625ca4c3,2026-06-23T17:06:56Z,2026-06-23T18:12:03.712271Z,2026-06-23T18:12:03.712271Z,2026-06-23T18:12:03Z,2026-06-23T18:12:03Z,2026-06-23T18:12:03Z,2026-06-23T18:12:03Z,2026-06-23T18:12:04Z,DISCOVERY_OR_ENRICHMENT_ONLY,AUDITED_DIAGNOSTIC_ONLY
marketaux_news_free,receipt:marketaux_news_free:provider:7d80db33695f1b78,2026-06-23T17:06:56Z,2026-06-23T18:06:01.229425Z,2026-06-23T18:06:01.229425Z,2026-06-23T18:06:01Z,2026-06-23T18:06:01Z,2026-06-23T18:06:01Z,2026-06-23T18:06:01Z,2026-06-23T18:06:02Z,DISCOVERY_OR_ENRICHMENT_ONLY,AUDITED_DIAGNOSTIC_ONLY
marketaux_news_free,receipt:marketaux_news_free:provider:bc316df04e7bef2c,2026-06-23T17:06:56Z,2026-06-23T18:03:16.564238Z,2026-06-23T18:03:16.564238Z,2026-06-23T18:03:16Z,2026-06-23T18:03:16Z,2026-06-23T18:03:16Z,2026-06-23T18:03:16Z,2026-06-23T18:03:17Z,DISCOVERY_OR_ENRICHMENT_ONLY,AUDITED_DIAGNOSTIC_ONLY
marketaux_news_free,receipt:marketaux_news_free:provider:d85f2a51f7eb0a28,2026-06-23T17:06:56Z,2026-06-23T17:56:45.108181Z,2026-06-23T17:56:45.108181Z,2026-06-23T17:56:45Z,2026-06-23T17:56:45Z,2026-06-23T17:56:45Z,2026-06-23T17:56:45Z,2026-06-23T17:56:46Z,DISCOVERY_OR_ENRICHMENT_ONLY,AUDITED_DIAGNOSTIC_ONLY
marketaux_news_free,receipt:marketaux_news_free:provider:fce74dc24214bf07,2026-06-23T17:06:56Z,2026-06-23T17:50:48.101101Z,2026-06-23T17:50:48.101101Z,2026-06-23T17:50:48Z,2026-06-23T17:50:48Z,2026-06-23T17:50:48Z,2026-06-23T17:50:48Z,2026-06-23T17:50:49Z,DISCOVERY_OR_ENRICHMENT_ONLY,AUDITED_DIAGNOSTIC_ONLY
marketaux_news_free,receipt:marketaux_news_free:provider:e5d9af57b5fbb84f,2026-06-23T17:06:56Z,2026-06-23T17:46:03.597820Z,2026-06-23T17:46:03.597820Z,2026-06-23T17:46:03Z,2026-06-23T17:46:03Z,2026-06-23T17:46:03Z,2026-06-23T17:46:03Z,2026-06-23T17:46:04Z,DISCOVERY_OR_ENRICHMENT_ONLY,AUDITED_DIAGNOSTIC_ONLY
marketaux_news_free,receipt:marketaux_news_free:provider:5c8b44e33870de3a,2026-06-23T17:06:56Z,2026-06-23T17:36:36.304021Z,2026-06-23T17:36:36.304021Z,2026-06-23T17:36:36Z,2026-06-23T17:36:36Z,2026-06-23T17:36:36Z,2026-06-23T17:36:36Z,2026-06-23T17:36:37Z,DISCOVERY_OR_ENRICHMENT_ONLY,AUDITED_DIAGNOSTIC_ONLY
marketaux_news_free,receipt:marketaux_news_free:provider:b81c664b14b3630d,2026-06-23T16:41:00Z,2026-06-23T17:31:35.334893Z,2026-06-23T17:31:35.334893Z,2026-06-23T17:31:35Z,2026-06-23T17:31:35Z,2026-06-23T17:31:35Z,2026-06-23T17:31:35Z,2026-06-23T17:31:36Z,DISCOVERY_OR_ENRICHMENT_ONLY,AUDITED_DIAGNOSTIC_ONLY
marketaux_news_free,receipt:marketaux_news_free:provider:163903962a91caaf,2026-06-23T16:41:00Z,2026-06-23T17:26:53.060181Z,2026-06-23T17:26:53.060181Z,2026-06-23T17:26:53Z,2026-06-23T17:26:53Z,2026-06-23T17:26:53Z,2026-06-23T17:26:53Z,2026-06-23T17:26:54Z,DISCOVERY_OR_ENRICHMENT_ONLY,AUDITED_DIAGNOSTIC_ONLY
marketaux_news_free,receipt:marketaux_news_free:provider:cd2a2ed1e6995e6b,2026-06-23T16:41:00Z,2026-06-23T17:20:58.387594Z,2026-06-23T17:20:58.387594Z,2026-06-23T17:20:58Z,2026-06-23T17:20:58Z,2026-06-23T17:20:58Z,2026-06-23T17:20:58Z,2026-06-23T17:20:59Z,DISCOVERY_OR_ENRICHMENT_ONLY,AUDITED_DIAGNOSTIC_ONLY
marketaux_news_free,receipt:marketaux_news_free:provider:c17ba0cef60e9b2d,2026-06-23T16:41:00Z,2026-06-23T17:16:12.863441Z,2026-06-23T17:16:12.863441Z,2026-06-23T17:16:12Z,2026-06-23T17:16:12Z,2026-06-23T17:16:12Z,2026-06-23T17:16:12Z,2026-06-23T17:16:13Z,DISCOVERY_OR_ENRICHMENT_ONLY,AUDITED_DIAGNOSTIC_ONLY
marketaux_news_free,receipt:marketaux_news_free:provider:2721d7c2e37249f3,2026-06-23T16:41:00Z,2026-06-23T17:11:13.425638Z,2026-06-23T17:11:13.425638Z,2026-06-23T17:11:13Z,2026-06-23T17:11:13Z,2026-06-23T17:11:13Z,2026-06-23T17:11:13Z,2026-06-23T17:11:14Z,DISCOVERY_OR_ENRICHMENT_ONLY,AUDITED_DIAGNOSTIC_ONLY
marketaux_news_free,receipt:marketaux_news_free:provider:8a13db3ca0f05bee,2026-06-23T16:41:00Z,2026-06-23T17:06:08.079390Z,2026-06-23T17:06:08.079390Z,2026-06-23T17:06:08Z,2026-06-23T17:06:08Z,2026-06-23T17:06:08Z,2026-06-23T17:06:08Z,2026-06-23T17:06:09Z,DISCOVERY_OR_ENRICHMENT_ONLY,AUDITED_DIAGNOSTIC_ONLY
marketaux_news_free,receipt:marketaux_news_free:provider:ebb5c76f8afe52b2,2026-06-23T16:41:00Z,2026-06-23T17:02:21.348766Z,2026-06-23T17:02:21.348766Z,2026-06-23T17:02:21Z,2026-06-23T17:02:21Z,2026-06-23T17:02:21Z,2026-06-23T17:02:21Z,2026-06-23T17:02:22Z,DISCOVERY_OR_ENRICHMENT_ONLY,AUDITED_DIAGNOSTIC_ONLY
marketaux_news_free,receipt:marketaux_news_free:provider:8081432866023b6a,2026-06-23T16:41:00Z,2026-06-23T17:01:11.820121Z,2026-06-23T17:01:11.820121Z,2026-06-23T17:01:11Z,2026-06-23T17:01:11Z,2026-06-23T17:01:11Z,2026-06-23T17:01:11Z,2026-06-23T17:01:12Z,DISCOVERY_OR_ENRICHMENT_ONLY,AUDITED_DIAGNOSTIC_ONLY
marketaux_news_free,receipt:marketaux_news_free:provider:d0167765ec052b09,2026-06-23T16:41:00Z,2026-06-23T16:56:10.227868Z,2026-06-23T16:56:10.227868Z,2026-06-23T16:56:10Z,2026-06-23T16:56:10Z,2026-06-23T16:56:10Z,2026-06-23T16:56:10Z,2026-06-23T16:56:11Z,DISCOVERY_OR_ENRICHMENT_ONLY,AUDITED_DIAGNOSTIC_ONLY
marketaux_news_free,receipt:marketaux_news_free:provider:e40d105be54053e8,2026-06-23T16:41:00Z,2026-06-23T16:51:22.793275Z,2026-06-23T16:51:22.793275Z,2026-06-23T16:51:22Z,2026-06-23T16:51:22Z,2026-06-23T16:51:22Z,2026-06-23T16:51:22Z,2026-06-23T16:51:23Z,DISCOVERY_OR_ENRICHMENT_ONLY,AUDITED_DIAGNOSTIC_ONLY
marketaux_news_free,receipt:marketaux_news_free:provider:73e7bbc12e0258c2,2026-06-23T16:41:00Z,2026-06-23T16:46:23.677596Z,2026-06-23T16:46:23.677596Z,2026-06-23T16:46:23Z,2026-06-23T16:46:23Z,2026-06-23T16:46:23Z,2026-06-23T16:46:23Z,2026-06-23T16:46:24Z,DISCOVERY_OR_ENRICHMENT_ONLY,AUDITED_DIAGNOSTIC_ONLY
marketaux_news_free,receipt:marketaux_news_free:provider:98c943f01f459c39,2026-06-23T16:41:00Z,2026-06-23T16:41:39.711244Z,2026-06-23T16:41:39.711244Z,2026-06-23T16:41:39Z,2026-06-23T16:41:39Z,2026-06-23T16:41:39Z,2026-06-23T16:41:39Z,2026-06-23T16:41:40Z,DISCOVERY_OR_ENRICHMENT_ONLY,AUDITED_DIAGNOSTIC_ONLY
marketaux_news_free,receipt:marketaux_news_free:provider:b0a45855348aca75,2026-06-23T14:59:09Z,2026-06-23T16:36:42.561241Z,2026-06-23T16:36:42.561241Z,2026-06-23T16:36:42Z,2026-06-23T16:36:42Z,2026-06-23T16:36:42Z,2026-06-23T16:36:42Z,2026-06-23T16:36:43Z,DISCOVERY_OR_ENRICHMENT_ONLY,AUDITED_DIAGNOSTIC_ONLY
marketaux_news_free,receipt:marketaux_news_free:provider:b8253f446baf9746,2026-06-23T14:59:09Z,2026-06-23T16:31:26.961911Z,2026-06-23T16:31:26.961911Z,2026-06-23T16:31:26Z,2026-06-23T16:31:26Z,2026-06-23T16:31:26Z,2026-06-23T16:31:26Z,2026-06-23T16:31:27Z,DISCOVERY_OR_ENRICHMENT_ONLY,AUDITED_DIAGNOSTIC_ONLY
marketaux_news_free,receipt:marketaux_news_free:provider:72f157474159b45f,2026-06-23T14:59:09Z,2026-06-23T16:26:27.250927Z,2026-06-23T16:26:27.250927Z,2026-06-23T16:26:27Z,2026-06-23T16:26:27Z,2026-06-23T16:26:27Z,2026-06-23T16:26:27Z,2026-06-23T16:26:28Z,DISCOVERY_OR_ENRICHMENT_ONLY,AUDITED_DIAGNOSTIC_ONLY
marketaux_news_free,receipt:marketaux_news_free:provider:acb75d3684be8976,2026-06-23T14:59:09Z,2026-06-23T16:22:17.546226Z,2026-06-23T16:22:17.546226Z,2026-06-23T16:22:17Z,2026-06-23T16:22:17Z,2026-06-23T16:22:17Z,2026-06-23T16:22:17Z,2026-06-23T16:22:18Z,DISCOVERY_OR_ENRICHMENT_ONLY,AUDITED_DIAGNOSTIC_ONLY
marketaux_news_free,receipt:marketaux_news_free:provider:fb83f5ce53b18c8f,2026-06-23T14:59:09Z,2026-06-23T16:16:40.606059Z,2026-06-23T16:16:40.606059Z,2026-06-23T16:16:40Z,2026-06-23T16:16:40Z,2026-06-23T16:16:40Z,2026-06-23T16:16:40Z,2026-06-23T16:16:41Z,DISCOVERY_OR_ENRICHMENT_ONLY,AUDITED_DIAGNOSTIC_ONLY
marketaux_news_free,receipt:marketaux_news_free:provider:9e7e11b8cddfa990,2026-06-23T14:59:09Z,2026-06-23T16:11:41.974618Z,2026-06-23T16:11:41.974618Z,2026-06-23T16:11:41Z,2026-06-23T16:11:41Z,2026-06-23T16:11:41Z,2026-06-23T16:11:41Z,2026-06-23T16:11:42Z,DISCOVERY_OR_ENRICHMENT_ONLY,AUDITED_DIAGNOSTIC_ONLY
marketaux_news_free,receipt:marketaux_news_free:provider:307c136d3ed01608,2026-06-23T14:59:09Z,2026-06-23T16:07:05.532678Z,2026-06-23T16:07:05.532678Z,2026-06-23T16:07:05Z,2026-06-23T16:07:05Z,2026-06-23T16:07:05Z,2026-06-23T16:07:05Z,2026-06-23T16:07:06Z,DISCOVERY_OR_ENRICHMENT_ONLY,AUDITED_DIAGNOSTIC_ONLY
marketaux_news_free,receipt:marketaux_news_free:provider:ff93654712fb0aed,2026-06-23T14:59:09Z,2026-06-23T16:02:58.046781Z,2026-06-23T16:02:58.046781Z,2026-06-23T16:02:58Z,2026-06-23T16:02:58Z,2026-06-23T16:02:58Z,2026-06-23T16:02:58Z,2026-06-23T16:02:59Z,DISCOVERY_OR_ENRICHMENT_ONLY,AUDITED_DIAGNOSTIC_ONLY
marketaux_news_free,receipt:marketaux_news_free:provider:e87e75a05de98a4e,2026-06-23T14:59:09Z,2026-06-23T16:01:08.883716Z,2026-06-23T16:01:08.883716Z,2026-06-23T16:01:08Z,2026-06-23T16:01:08Z,2026-06-23T16:01:08Z,2026-06-23T16:01:08Z,2026-06-23T16:01:09Z,DISCOVERY_OR_ENRICHMENT_ONLY,AUDITED_DIAGNOSTIC_ONLY
marketaux_news_free,receipt:marketaux_news_free:provider:e3c0af0fdd3b0f42,2026-06-23T14:59:09Z,2026-06-23T15:56:58.250313Z,2026-06-23T15:56:58.250313Z,2026-06-23T15:56:58Z,2026-06-23T15:56:58Z,2026-06-23T15:56:58Z,2026-06-23T15:56:58Z,2026-06-23T15:56:59Z,DISCOVERY_OR_ENRICHMENT_ONLY,AUDITED_DIAGNOSTIC_ONLY
marketaux_news_free,receipt:marketaux_news_free:provider:8d527e6e260e29a0,2026-06-23T14:59:09Z,2026-06-23T15:51:38.552393Z,2026-06-23T15:51:38.552393Z,2026-06-23T15:51:38Z,2026-06-23T15:51:38Z,2026-06-23T15:51:38Z,2026-06-23T15:51:38Z,2026-06-23T15:51:39Z,DISCOVERY_OR_ENRICHMENT_ONLY,AUDITED_DIAGNOSTIC_ONLY
marketaux_news_free,receipt:marketaux_news_free:provider:cc882c3646193383,2026-06-23T14:35:00Z,2026-06-23T15:48:17.141778Z,2026-06-23T15:48:17.141778Z,2026-06-23T15:48:17Z,2026-06-23T15:48:17Z,2026-06-23T15:48:17Z,2026-06-23T15:48:17Z,2026-06-23T15:48:18Z,DISCOVERY_OR_ENRICHMENT_ONLY,AUDITED_DIAGNOSTIC_ONLY
marketaux_news_free,receipt:marketaux_news_free:provider:bb9336cccfe0f354,2026-06-23T14:35:00Z,2026-06-23T15:47:09.534331Z,2026-06-23T15:47:09.534331Z,2026-06-23T15:47:09Z,2026-06-23T15:47:09Z,2026-06-23T15:47:09Z,2026-06-23T15:47:09Z,2026-06-23T15:47:10Z,DISCOVERY_OR_ENRICHMENT_ONLY,AUDITED_DIAGNOSTIC_ONLY
marketaux_news_free,receipt:marketaux_news_free:provider:b0414da501f8a412,2026-06-23T14:35:00Z,2026-06-23T15:46:45.327142Z,2026-06-23T15:46:45.327142Z,2026-06-23T15:46:45Z,2026-06-23T15:46:45Z,2026-06-23T15:46:45Z,2026-06-23T15:46:45Z,2026-06-23T15:46:46Z,DISCOVERY_OR_ENRICHMENT_ONLY,AUDITED_DIAGNOSTIC_ONLY
