path,action,result,target_path,size_bytes,note
.github/CODEOWNERS,KEEP_PROJECT_SOURCE,NO_PHYSICAL_CHANGE,.github/CODEOWNERS,1016,Decision recorded; no physical move/delete required.
.github/ISSUE_TEMPLATE/data_integrity_bug.yml,KEEP_PROJECT_SOURCE,NO_PHYSICAL_CHANGE,.github/ISSUE_TEMPLATE/data_integrity_bug.yml,815,Decision recorded; no physical move/delete required.
.github/ISSUE_TEMPLATE/data_source_task.yml,KEEP_PROJECT_SOURCE,NO_PHYSICAL_CHANGE,.github/ISSUE_TEMPLATE/data_source_task.yml,947,Decision recorded; no physical move/delete required.
.github/ISSUE_TEMPLATE/refactor_infra_task.yml,KEEP_PROJECT_SOURCE,NO_PHYSICAL_CHANGE,.github/ISSUE_TEMPLATE/refactor_infra_task.yml,686,Decision recorded; no physical move/delete required.
.github/ISSUE_TEMPLATE/research_task.yml,KEEP_PROJECT_SOURCE,NO_PHYSICAL_CHANGE,.github/ISSUE_TEMPLATE/research_task.yml,1177,Decision recorded; no physical move/delete required.
.github/pull_request_template.md,KEEP_PROJECT_SOURCE,NO_PHYSICAL_CHANGE,.github/pull_request_template.md,834,Decision recorded; no physical move/delete required.
.gitignore,KEEP_PROJECT_SOURCE,NO_PHYSICAL_CHANGE,.gitignore,432,Decision recorded; no physical move/delete required.
.graphifyignore,KEEP_PROJECT_SOURCE,NO_PHYSICAL_CHANGE,.graphifyignore,430,Decision recorded; no physical move/delete required.
.obsidian/app.json,KEEP,NO_PHYSICAL_CHANGE,.obsidian/app.json,149,Decision recorded; no physical move/delete required.
.obsidian/appearance.json,KEEP,NO_PHYSICAL_CHANGE,.obsidian/appearance.json,2,Decision recorded; no physical move/delete required.
.obsidian/core-plugins.json,KEEP,NO_PHYSICAL_CHANGE,.obsidian/core-plugins.json,704,Decision recorded; no physical move/delete required.
.obsidian/graph.json,KEEP,NO_PHYSICAL_CHANGE,.obsidian/graph.json,662,Decision recorded; no physical move/delete required.
.obsidian/templates.json,KEEP,NO_PHYSICAL_CHANGE,.obsidian/templates.json,42,Decision recorded; no physical move/delete required.
.obsidian/workspace.json,KEEP,NO_PHYSICAL_CHANGE,.obsidian/workspace.json,5752,Decision recorded; no physical move/delete required.
AGENTS.md,KEEP_PROJECT_SOURCE,NO_PHYSICAL_CHANGE,AGENTS.md,4400,Decision recorded; no physical move/delete required.
README.md,KEEP_PROJECT_SOURCE,NO_PHYSICAL_CHANGE,README.md,6247,Decision recorded; no physical move/delete required.
context/README.md,KEEP_PROJECT_SOURCE,NO_PHYSICAL_CHANGE,context/README.md,3927,Decision recorded; no physical move/delete required.
context/architecture/README.md,KEEP_PROJECT_SOURCE,NO_PHYSICAL_CHANGE,context/architecture/README.md,1080,Decision recorded; no physical move/delete required.
context/architecture/contracts.md,KEEP_PROJECT_SOURCE,NO_PHYSICAL_CHANGE,context/architecture/contracts.md,14914,Decision recorded; no physical move/delete required.
context/architecture/domain-model.md,KEEP_PROJECT_SOURCE,NO_PHYSICAL_CHANGE,context/architecture/domain-model.md,7743,Decision recorded; no physical move/delete required.
context/codebase/README.md,KEEP_PROJECT_SOURCE,NO_PHYSICAL_CHANGE,context/codebase/README.md,4840,Decision recorded; no physical move/delete required.
context/product/README.md,KEEP_PROJECT_SOURCE,NO_PHYSICAL_CHANGE,context/product/README.md,899,Decision recorded; no physical move/delete required.
context/workflow/README.md,KEEP_PROJECT_SOURCE,NO_PHYSICAL_CHANGE,context/workflow/README.md,1069,Decision recorded; no physical move/delete required.
context/workflow/execution-rules.md,KEEP_PROJECT_SOURCE,NO_PHYSICAL_CHANGE,context/workflow/execution-rules.md,3538,Decision recorded; no physical move/delete required.
context/workflow/state-management.md,KEEP_PROJECT_SOURCE,NO_PHYSICAL_CHANGE,context/workflow/state-management.md,2392,Decision recorded; no physical move/delete required.
data/README.md,KEEP_PROJECT_SOURCE,NO_PHYSICAL_CHANGE,data/README.md,1248,Data package source/documentation reclassified from derived/runtime.
data/artifacts/task_394_regime_aware_canonical_continuation_policy/policy_lifecycle_simulation_panel.csv,DVC_TRACK,NO_PHYSICAL_CHANGE,data/artifacts/task_394_regime_aware_canonical_continuation_policy/policy_lifecycle_simulation_panel.csv,38895358,Decision recorded; no physical move/delete required.
data/artifacts/task_395_forward_live_regime_detectability/forward_live_timestamp_regime_panel.csv,DVC_TRACK,NO_PHYSICAL_CHANGE,data/artifacts/task_395_forward_live_regime_detectability/forward_live_timestamp_regime_panel.csv,19558110,Decision recorded; no physical move/delete required.
data/artifacts/task_399_intraday_universe_history_expansion/canonical_rerun/intraday_canonical_event_log.csv,DVC_TRACK,NO_PHYSICAL_CHANGE,data/artifacts/task_399_intraday_universe_history_expansion/canonical_rerun/intraday_canonical_event_log.csv,25178744,Decision recorded; no physical move/delete required.
data/artifacts/task_399_intraday_universe_history_expansion/canonical_rerun/intraday_canonical_lifecycle_summary.csv,DVC_TRACK,NO_PHYSICAL_CHANGE,data/artifacts/task_399_intraday_universe_history_expansion/canonical_rerun/intraday_canonical_lifecycle_summary.csv,13505494,Decision recorded; no physical move/delete required.
data/artifacts/task_399_intraday_universe_history_expansion/task_391_expanded/split_lifecycle_panel.csv,DVC_TRACK,NO_PHYSICAL_CHANGE,data/artifacts/task_399_intraday_universe_history_expansion/task_391_expanded/split_lifecycle_panel.csv,23609717,Decision recorded; no physical move/delete required.
data/artifacts/task_399_intraday_universe_history_expansion/task_392_expanded/lifecycle_regime_panel.csv,DVC_TRACK,NO_PHYSICAL_CHANGE,data/artifacts/task_399_intraday_universe_history_expansion/task_392_expanded/lifecycle_regime_panel.csv,40740776,Decision recorded; no physical move/delete required.
data/artifacts/task_399_intraday_universe_history_expansion/task_395_expanded/forward_live_lifecycle_regime_panel.csv,DVC_TRACK,NO_PHYSICAL_CHANGE,data/artifacts/task_399_intraday_universe_history_expansion/task_395_expanded/forward_live_lifecycle_regime_panel.csv,59787886,Decision recorded; no physical move/delete required.
data/artifacts/task_399_intraday_universe_history_expansion/task_395_expanded/forward_live_timestamp_regime_panel.csv,DVC_TRACK,NO_PHYSICAL_CHANGE,data/artifacts/task_399_intraday_universe_history_expansion/task_395_expanded/forward_live_timestamp_regime_panel.csv,102793066,Decision recorded; no physical move/delete required.
data/artifacts/task_399_intraday_universe_history_expansion/task_396_expanded/cost_constrained_lifecycle_panel.csv,DVC_TRACK,NO_PHYSICAL_CHANGE,data/artifacts/task_399_intraday_universe_history_expansion/task_396_expanded/cost_constrained_lifecycle_panel.csv,289886362,Decision recorded; no physical move/delete required.
data/artifacts/task_399_intraday_universe_history_expansion/task_398_expanded/portfolio_trade_ledger.csv,DVC_TRACK,NO_PHYSICAL_CHANGE,data/artifacts/task_399_intraday_universe_history_expansion/task_398_expanded/portfolio_trade_ledger.csv,16349734,Decision recorded; no physical move/delete required.
data/artifacts/task_402_multifactor_continuation_state_discovery/archetype_assignment_panel.csv,DVC_TRACK,NO_PHYSICAL_CHANGE,data/artifacts/task_402_multifactor_continuation_state_discovery/archetype_assignment_panel.csv,12712810,Decision recorded; no physical move/delete required.
data/artifacts/task_402r_decision_labelability_audit/unlabeled_candidate_audit.csv,DVC_TRACK,NO_PHYSICAL_CHANGE,data/artifacts/task_402r_decision_labelability_audit/unlabeled_candidate_audit.csv,38923730,Decision recorded; no physical move/delete required.
data/artifacts/task_405_refined_archetype_portfolio_rebuild/refined_archetype_assignment_panel.csv,DVC_TRACK,NO_PHYSICAL_CHANGE,data/artifacts/task_405_refined_archetype_portfolio_rebuild/refined_archetype_assignment_panel.csv,187794560,Decision recorded; no physical move/delete required.
data/artifacts/task_406_professional_multicombination_test/professional_combo_assignment_panel.csv,DVC_TRACK,NO_PHYSICAL_CHANGE,data/artifacts/task_406_professional_multicombination_test/professional_combo_assignment_panel.csv,85681768,Decision recorded; no physical move/delete required.
data/artifacts/task_406_raw_factor_source_audit/raw_bar_provenance_panel.csv,DVC_TRACK,NO_PHYSICAL_CHANGE,data/artifacts/task_406_raw_factor_source_audit/raw_bar_provenance_panel.csv,681195740,Decision recorded; no physical move/delete required.
data/artifacts/task_407_raw_native_vectorized_rebuild/raw_native_entry_candidate_log.csv,DVC_TRACK,NO_PHYSICAL_CHANGE,data/artifacts/task_407_raw_native_vectorized_rebuild/raw_native_entry_candidate_log.csv,354964924,Decision recorded; no physical move/delete required.
data/artifacts/task_407_raw_native_vectorized_rebuild/raw_native_lifecycle_event_log.csv,DVC_TRACK,NO_PHYSICAL_CHANGE,data/artifacts/task_407_raw_native_vectorized_rebuild/raw_native_lifecycle_event_log.csv,17671036,Decision recorded; no physical move/delete required.
data/artifacts/task_407_raw_native_vectorized_rebuild/raw_native_lifecycle_labels.csv,DVC_TRACK,NO_PHYSICAL_CHANGE,data/artifacts/task_407_raw_native_vectorized_rebuild/raw_native_lifecycle_labels.csv,10676397,Decision recorded; no physical move/delete required.
data/artifacts/task_480_symbol_structure_continuation_diagnostics/symbol_structure_label_panel.csv,DVC_TRACK,NO_PHYSICAL_CHANGE,data/artifacts/task_480_symbol_structure_continuation_diagnostics/symbol_structure_label_panel.csv,12793495,Decision recorded; no physical move/delete required.
data/artifacts/task_482_continuous_market_theme_regime_engine/daily_regime_source_ohlcv_panel.csv,DVC_TRACK,NO_PHYSICAL_CHANGE,data/artifacts/task_482_continuous_market_theme_regime_engine/daily_regime_source_ohlcv_panel.csv,28729257,Decision recorded; no physical move/delete required.
data/artifacts/task_483_firm_grade_market_theme_regime_upgrade/daily_regime_source_ohlcv_panel.csv,DVC_TRACK,NO_PHYSICAL_CHANGE,data/artifacts/task_483_firm_grade_market_theme_regime_upgrade/daily_regime_source_ohlcv_panel.csv,28729257,Decision recorded; no physical move/delete required.
data/artifacts/task_484_continuation_payoff_regime_engine/daily_regime_source_ohlcv_panel.csv,DVC_TRACK,NO_PHYSICAL_CHANGE,data/artifacts/task_484_continuation_payoff_regime_engine/daily_regime_source_ohlcv_panel.csv,30847977,Decision recorded; no physical move/delete required.
data/artifacts/task_484_continuation_payoff_regime_engine/payoff_regime_lifecycle_panel.csv,DVC_TRACK,NO_PHYSICAL_CHANGE,data/artifacts/task_484_continuation_payoff_regime_engine/payoff_regime_lifecycle_panel.csv,101344232,Decision recorded; no physical move/delete required.
data/artifacts/task_548_market_theme_regime_feature_expansion/market_regime_v5_panel.csv,DVC_TRACK,NO_PHYSICAL_CHANGE,data/artifacts/task_548_market_theme_regime_feature_expansion/market_regime_v5_panel.csv,31689112,Decision recorded; no physical move/delete required.
data/artifacts/task_548_market_theme_regime_feature_expansion/theme_regime_v5_panel.csv,DVC_TRACK,NO_PHYSICAL_CHANGE,data/artifacts/task_548_market_theme_regime_feature_expansion/theme_regime_v5_panel.csv,5032,Decision recorded; no physical move/delete required.
data/artifacts/task_549_theme_universe_leadership_contract/theme_leadership_panel.csv,DVC_TRACK,NO_PHYSICAL_CHANGE,data/artifacts/task_549_theme_universe_leadership_contract/theme_leadership_panel.csv,7565,Decision recorded; no physical move/delete required.
data/artifacts/task_550_anchored_vwap_band_walk_continuation/symbol_continuation_structure_v2_panel.csv,DVC_TRACK,NO_PHYSICAL_CHANGE,data/artifacts/task_550_anchored_vwap_band_walk_continuation/symbol_continuation_structure_v2_panel.csv,33804724,Decision recorded; no physical move/delete required.
data/artifacts/task_553_portfolio_realism_simulator/exposure_overlap_audit.csv,DVC_TRACK,NO_PHYSICAL_CHANGE,data/artifacts/task_553_portfolio_realism_simulator/exposure_overlap_audit.csv,3059020,Decision recorded; no physical move/delete required.
data/artifacts/task_553_portfolio_realism_simulator/portfolio_equity_curve.csv,DVC_TRACK,NO_PHYSICAL_CHANGE,data/artifacts/task_553_portfolio_realism_simulator/portfolio_equity_curve.csv,2905006,Decision recorded; no physical move/delete required.
data/artifacts/task_556_vwap_bandwalk_portfolio_revalidation/vwap_bandwalk_assignment_panel.csv,DVC_TRACK,NO_PHYSICAL_CHANGE,data/artifacts/task_556_vwap_bandwalk_portfolio_revalidation/vwap_bandwalk_assignment_panel.csv,159012197,Decision recorded; no physical move/delete required.
data/artifacts/task_557_vwap_acceptance_ontology_rebuild/vwap_acceptance_ontology_v3_panel.csv,DVC_TRACK,NO_PHYSICAL_CHANGE,data/artifacts/task_557_vwap_acceptance_ontology_rebuild/vwap_acceptance_ontology_v3_panel.csv,37579809,Decision recorded; no physical move/delete required.
data/artifacts/task_559_context_gate_reattach/context_gate_v3_panel.csv,DVC_TRACK,NO_PHYSICAL_CHANGE,data/artifacts/task_559_context_gate_reattach/context_gate_v3_panel.csv,38174216,Decision recorded; no physical move/delete required.
data/artifacts/task_562_vwap_acceptance_oos_stability_test/vwap_acceptance_oos_stability_audit.csv,DVC_TRACK,NO_PHYSICAL_CHANGE,data/artifacts/task_562_vwap_acceptance_oos_stability_test/vwap_acceptance_oos_stability_audit.csv,1076,Decision recorded; no physical move/delete required.
data/artifacts/task_563_paper_shadow_microstructure_capture_activation/paper_shadow_capture_activation_plan.csv,DVC_TRACK,NO_PHYSICAL_CHANGE,data/artifacts/task_563_paper_shadow_microstructure_capture_activation/paper_shadow_capture_activation_plan.csv,458,Decision recorded; no physical move/delete required.
data/artifacts/task_567_capital_flow_regime_v6/capital_flow_regime_v6_panel.csv,DVC_TRACK,NO_PHYSICAL_CHANGE,data/artifacts/task_567_capital_flow_regime_v6/capital_flow_regime_v6_panel.csv,40436892,Decision recorded; no physical move/delete required.
data/artifacts/task_568_vwap_pullback_sleeve_robustness/vwap_pullback_sleeve_assignment_panel.csv,DVC_TRACK,NO_PHYSICAL_CHANGE,data/artifacts/task_568_vwap_pullback_sleeve_robustness/vwap_pullback_sleeve_assignment_panel.csv,17118963,Decision recorded; no physical move/delete required.
data/artifacts/task_573_historical_nbbo_feature_rebuild/historical_nbbo_feature_panel.csv,DVC_TRACK,NO_PHYSICAL_CHANGE,data/artifacts/task_573_historical_nbbo_feature_rebuild/historical_nbbo_feature_panel.csv,20623127,Decision recorded; no physical move/delete required.
data/artifacts/task_576_microstructure_aware_continuation_backtest/task576_microstructure_assignment_panel.csv,DVC_TRACK,NO_PHYSICAL_CHANGE,data/artifacts/task_576_microstructure_aware_continuation_backtest/task576_microstructure_assignment_panel.csv,21825204,Decision recorded; no physical move/delete required.
data/artifacts/task_577_historical_nbbo_trajectory_factor_rebuild/nbbo_trajectory_feature_panel.csv,DVC_TRACK,NO_PHYSICAL_CHANGE,data/artifacts/task_577_historical_nbbo_trajectory_factor_rebuild/nbbo_trajectory_feature_panel.csv,33479982,Decision recorded; no physical move/delete required.
data/artifacts/task_578_regime_vwap_nbbo_trajectory_backtest/nbbo_trajectory_backtest_panel.csv,DVC_TRACK,NO_PHYSICAL_CHANGE,data/artifacts/task_578_regime_vwap_nbbo_trajectory_backtest/nbbo_trajectory_backtest_panel.csv,33774783,Decision recorded; no physical move/delete required.
data/artifacts/task_581_quote_pressure_price_response_refinement/quote_pressure_price_response_panel.csv,DVC_TRACK,NO_PHYSICAL_CHANGE,data/artifacts/task_581_quote_pressure_price_response_refinement/quote_pressure_price_response_panel.csv,37505502,Decision recorded; no physical move/delete required.
data/backtest/trades.json,DVC_TRACK,NO_PHYSICAL_CHANGE,data/backtest/trades.json,305517,Decision recorded; no physical move/delete required.
data/catalog.py,KEEP_PROJECT_SOURCE,NO_PHYSICAL_CHANGE,data/catalog.py,666,Data package source/documentation reclassified from derived/runtime.
data/quality.py,KEEP_PROJECT_SOURCE,NO_PHYSICAL_CHANGE,data/quality.py,1004,Data package source/documentation reclassified from derived/runtime.
data/task384_offline_canonical_smoke_continuation_capture.jsonl,DVC_TRACK,NO_PHYSICAL_CHANGE,data/task384_offline_canonical_smoke_continuation_capture.jsonl,3629,Decision recorded; no physical move/delete required.
docs/tmp/task_068B_risk_grid.checkpoint.json,MOVE_TO_ARCHIVE,MOVED,docs/archive/tmp/2026_06/docs/tmp/task_068B_risk_grid.checkpoint.json,147843,Path moved to managed archive location.
docs/tmp/tmp_post_068c_validation.json,MOVE_TO_ARCHIVE,MOVED,docs/archive/tmp/2026_06/docs/tmp/tmp_post_068c_validation.json,11706,Path moved to managed archive location.
docs/tmp/tmp_pre_068c_validation.json,MOVE_TO_ARCHIVE,MOVED,docs/archive/tmp/2026_06/docs/tmp/tmp_pre_068c_validation.json,11706,Path moved to managed archive location.
downloads/tailscale-setup-1.98.2-amd64.msi,MOVE_TO_ARCHIVE,MOVED,docs/archive/local_downloads/2026_06/downloads/tailscale-setup-1.98.2-amd64.msi,36501504,Path moved to managed archive location.
frontend_data/catalog/acceptance_status_catalog.json,DELETE_LOGGED,DELETED,,16334,Generated staging duplicate of C:/Users/minjo/OneDrive/바탕 화면/외국주식 퀀트트레이딩/frontend/trader-terminal/public/catalog/acceptance_status_catalog.json.
frontend_data/catalog/paper_ops_runtime_catalog.json,DELETE_LOGGED,DELETED,,3339210,Generated staging duplicate of C:/Users/minjo/OneDrive/바탕 화면/외국주식 퀀트트레이딩/frontend/trader-terminal/public/catalog/paper_ops_runtime_catalog.json.
frontend_data/catalog/paper_trade_detail_view.json,DELETE_LOGGED,DELETED,,859208,Generated staging duplicate of C:/Users/minjo/OneDrive/바탕 화면/외국주식 퀀트트레이딩/frontend/trader-terminal/public/catalog/paper_trade_detail_view.json.
frontend_data/catalog/readiness_registry.json,DELETE_LOGGED,DELETED,,8729,Generated staging duplicate of C:/Users/minjo/OneDrive/바탕 화면/외국주식 퀀트트레이딩/frontend/trader-terminal/public/catalog/readiness_registry.json.
frontend_data/catalog/trader_terminal_catalog.json,DELETE_LOGGED,DELETED,,116939669,Generated staging duplicate of C:/Users/minjo/OneDrive/바탕 화면/외국주식 퀀트트레이딩/frontend/trader-terminal/public/catalog/trader_terminal_catalog.json.
logs/bg_test_err.log,MOVE_TO_ARCHIVE,MOVED,docs/archive/runtime_logs/2026_06/logs/bg_test_err.log,0,Path moved to managed archive location.
logs/bg_test_out.log,MOVE_TO_ARCHIVE,MOVED,docs/archive/runtime_logs/2026_06/logs/bg_test_out.log,5,Path moved to managed archive location.
logs/task374_full_rerun_status.txt,MOVE_TO_ARCHIVE,MOVED,docs/archive/runtime_logs/2026_06/logs/task374_full_rerun_status.txt,9,Path moved to managed archive location.
logs/task374_full_rerun_stderr.log,MOVE_TO_ARCHIVE,MOVED,docs/archive/runtime_logs/2026_06/logs/task374_full_rerun_stderr.log,468,Path moved to managed archive location.
logs/task374_full_rerun_stderr_20260510_152822.log,MOVE_TO_ARCHIVE,MOVED,docs/archive/runtime_logs/2026_06/logs/task374_full_rerun_stderr_20260510_152822.log,172,Path moved to managed archive location.
logs/task374_full_rerun_stderr_20260510_152913.log,MOVE_TO_ARCHIVE,MOVED,docs/archive/runtime_logs/2026_06/logs/task374_full_rerun_stderr_20260510_152913.log,0,Path moved to managed archive location.
logs/task374_full_rerun_stdout.log,MOVE_TO_ARCHIVE,MOVED,docs/archive/runtime_logs/2026_06/logs/task374_full_rerun_stdout.log,0,Path moved to managed archive location.
logs/task374_full_rerun_stdout_20260510_152822.log,MOVE_TO_ARCHIVE,MOVED,docs/archive/runtime_logs/2026_06/logs/task374_full_rerun_stdout_20260510_152822.log,173,Path moved to managed archive location.
logs/task374_full_rerun_stdout_20260510_152913.log,MOVE_TO_ARCHIVE,MOVED,docs/archive/runtime_logs/2026_06/logs/task374_full_rerun_stdout_20260510_152913.log,0,Path moved to managed archive location.
logs/task588_nasdaq_paper_loop_stderr.log,MOVE_TO_ARCHIVE,MOVED,docs/archive/runtime_logs/2026_06/logs/task588_nasdaq_paper_loop_stderr.log,0,Path moved to managed archive location.
logs/task588_nasdaq_paper_loop_stdout.log,MOVE_TO_ARCHIVE,MOVED,docs/archive/runtime_logs/2026_06/logs/task588_nasdaq_paper_loop_stdout.log,947741,Path moved to managed archive location.
logs/task588_paper_runtime_loop_stderr.log,MOVE_TO_ARCHIVE,MOVED,docs/archive/runtime_logs/2026_06/logs/task588_paper_runtime_loop_stderr.log,0,Path moved to managed archive location.
logs/task588_paper_runtime_loop_stdout.log,MOVE_TO_ARCHIVE,MOVED,docs/archive/runtime_logs/2026_06/logs/task588_paper_runtime_loop_stdout.log,0,Path moved to managed archive location.
logs/task589_paper_eod_stderr.log,MOVE_TO_ARCHIVE,MOVED,docs/archive/runtime_logs/2026_06/logs/task589_paper_eod_stderr.log,0,Path moved to managed archive location.
logs/task589_paper_eod_stdout.log,MOVE_TO_ARCHIVE,MOVED,docs/archive/runtime_logs/2026_06/logs/task589_paper_eod_stdout.log,23514,Path moved to managed archive location.
logs/trader-terminal-vite.err.log,MOVE_TO_ARCHIVE,MOVED,docs/archive/runtime_logs/2026_06/logs/trader-terminal-vite.err.log,0,Path moved to managed archive location.
logs/trader-terminal-vite.out.log,MOVE_TO_ARCHIVE,MOVED,docs/archive/runtime_logs/2026_06/logs/trader-terminal-vite.out.log,590,Path moved to managed archive location.
logs/trader_terminal_lan_stderr.log,MOVE_TO_ARCHIVE,MOVED,docs/archive/runtime_logs/2026_06/logs/trader_terminal_lan_stderr.log,0,Path moved to managed archive location.
logs/trader_terminal_lan_stdout.log,MOVE_TO_ARCHIVE,MOVED,docs/archive/runtime_logs/2026_06/logs/trader_terminal_lan_stdout.log,437,Path moved to managed archive location.
logs/trader_terminal_preview.log,MOVE_TO_ARCHIVE,MOVED,docs/archive/runtime_logs/2026_06/logs/trader_terminal_preview.log,322,Path moved to managed archive location.
trading_continuation_capture.jsonl,MOVE_TO_ARCHIVE,MOVED,data/artifacts/runtime_capture/trading_continuation_capture.jsonl,36784,Path moved to managed archive location.
참고 Context/1. 퀀트트레이딩기초/1.pdf,SOURCE_MISSING_RECHECK,MISSING_SOURCE_AT_EXECUTION,,1783517,"A005 listed this external reference path, but it is not present in the current workspace; no delete or move was performed."
참고 Context/1. 퀀트트레이딩기초/10.pdf,SOURCE_MISSING_RECHECK,MISSING_SOURCE_AT_EXECUTION,,6189614,"A005 listed this external reference path, but it is not present in the current workspace; no delete or move was performed."
참고 Context/1. 퀀트트레이딩기초/11.pdf,SOURCE_MISSING_RECHECK,MISSING_SOURCE_AT_EXECUTION,,9640711,"A005 listed this external reference path, but it is not present in the current workspace; no delete or move was performed."
참고 Context/1. 퀀트트레이딩기초/12.pdf,SOURCE_MISSING_RECHECK,MISSING_SOURCE_AT_EXECUTION,,3664434,"A005 listed this external reference path, but it is not present in the current workspace; no delete or move was performed."
참고 Context/1. 퀀트트레이딩기초/13.pdf,SOURCE_MISSING_RECHECK,MISSING_SOURCE_AT_EXECUTION,,3118268,"A005 listed this external reference path, but it is not present in the current workspace; no delete or move was performed."
참고 Context/1. 퀀트트레이딩기초/2.pdf,SOURCE_MISSING_RECHECK,MISSING_SOURCE_AT_EXECUTION,,3604554,"A005 listed this external reference path, but it is not present in the current workspace; no delete or move was performed."
참고 Context/1. 퀀트트레이딩기초/3.pdf,SOURCE_MISSING_RECHECK,MISSING_SOURCE_AT_EXECUTION,,3287188,"A005 listed this external reference path, but it is not present in the current workspace; no delete or move was performed."
참고 Context/1. 퀀트트레이딩기초/4.pdf,SOURCE_MISSING_RECHECK,MISSING_SOURCE_AT_EXECUTION,,6034092,"A005 listed this external reference path, but it is not present in the current workspace; no delete or move was performed."
참고 Context/1. 퀀트트레이딩기초/5.pdf,SOURCE_MISSING_RECHECK,MISSING_SOURCE_AT_EXECUTION,,7631227,"A005 listed this external reference path, but it is not present in the current workspace; no delete or move was performed."
참고 Context/1. 퀀트트레이딩기초/6.pdf,SOURCE_MISSING_RECHECK,MISSING_SOURCE_AT_EXECUTION,,11984240,"A005 listed this external reference path, but it is not present in the current workspace; no delete or move was performed."
참고 Context/1. 퀀트트레이딩기초/7.pdf,SOURCE_MISSING_RECHECK,MISSING_SOURCE_AT_EXECUTION,,2902515,"A005 listed this external reference path, but it is not present in the current workspace; no delete or move was performed."
참고 Context/1. 퀀트트레이딩기초/8.pdf,SOURCE_MISSING_RECHECK,MISSING_SOURCE_AT_EXECUTION,,6924126,"A005 listed this external reference path, but it is not present in the current workspace; no delete or move was performed."
참고 Context/1. 퀀트트레이딩기초/9.pdf,SOURCE_MISSING_RECHECK,MISSING_SOURCE_AT_EXECUTION,,7400129,"A005 listed this external reference path, but it is not present in the current workspace; no delete or move was performed."
참고 Context/2. 트레이딩뷰 Sourcecode/3Commas Bot.txt,SOURCE_MISSING_RECHECK,MISSING_SOURCE_AT_EXECUTION,,21775,"A005 listed this external reference path, but it is not present in the current workspace; no delete or move was performed."
참고 Context/2. 트레이딩뷰 Sourcecode/AI Predictive Flow (Zeiierman).txt,SOURCE_MISSING_RECHECK,MISSING_SOURCE_AT_EXECUTION,,11076,"A005 listed this external reference path, but it is not present in the current workspace; no delete or move was performed."
참고 Context/2. 트레이딩뷰 Sourcecode/Bjorgum Double Tap.txt,SOURCE_MISSING_RECHECK,MISSING_SOURCE_AT_EXECUTION,,28288,"A005 listed this external reference path, but it is not present in the current workspace; no delete or move was performed."
참고 Context/2. 트레이딩뷰 Sourcecode/Built-in Kelly ratio for dynamic position sizing.txt,SOURCE_MISSING_RECHECK,MISSING_SOURCE_AT_EXECUTION,,3746,"A005 listed this external reference path, but it is not present in the current workspace; no delete or move was performed."
참고 Context/2. 트레이딩뷰 Sourcecode/CTZ BTC Liquidation Heatmap with Whale Detection.txt,SOURCE_MISSING_RECHECK,MISSING_SOURCE_AT_EXECUTION,,24216,"A005 listed this external reference path, but it is not present in the current workspace; no delete or move was performed."
참고 Context/2. 트레이딩뷰 Sourcecode/HTF Volume Spike & Imbalance Projection [LuxAlgo].txt,SOURCE_MISSING_RECHECK,MISSING_SOURCE_AT_EXECUTION,,15533,"A005 listed this external reference path, but it is not present in the current workspace; no delete or move was performed."
참고 Context/2. 트레이딩뷰 Sourcecode/Market Structure Trend Matrix [BigBeluga].txt,SOURCE_MISSING_RECHECK,MISSING_SOURCE_AT_EXECUTION,,7242,"A005 listed this external reference path, but it is not present in the current workspace; no delete or move was performed."
참고 Context/2. 트레이딩뷰 Sourcecode/Monthly Returns in PineScript Strategies.txt,SOURCE_MISSING_RECHECK,MISSING_SOURCE_AT_EXECUTION,,4270,"A005 listed this external reference path, but it is not present in the current workspace; no delete or move was performed."
참고 Context/2. 트레이딩뷰 Sourcecode/Template Trailing Strategy (Backtester).txt,SOURCE_MISSING_RECHECK,MISSING_SOURCE_AT_EXECUTION,,287677,"A005 listed this external reference path, but it is not present in the current workspace; no delete or move was performed."
참고 Context/2. 트레이딩뷰 Sourcecode/Traling.SL.Target.txt,SOURCE_MISSING_RECHECK,MISSING_SOURCE_AT_EXECUTION,,11261,"A005 listed this external reference path, but it is not present in the current workspace; no delete or move was performed."
참고 Context/3. Github Source/QuantTraderDL-main/QuantTraderDL-main/.gitignore,SOURCE_MISSING_RECHECK,MISSING_SOURCE_AT_EXECUTION,,100,"A005 listed this external reference path, but it is not present in the current workspace; no delete or move was performed."
참고 Context/3. Github Source/QuantTraderDL-main/QuantTraderDL-main/QuantConnectStrategies/01_Trend_Scanning/research.ipynb,SOURCE_MISSING_RECHECK,MISSING_SOURCE_AT_EXECUTION,,5591557,"A005 listed this external reference path, but it is not present in the current workspace; no delete or move was performed."
참고 Context/3. Github Source/QuantTraderDL-main/QuantTraderDL-main/QuantConnectStrategies/02_Factor_Preprocessing_Techniques_for_Regime_Detection/research.ipynb,SOURCE_MISSING_RECHECK,MISSING_SOURCE_AT_EXECUTION,,6564551,"A005 listed this external reference path, but it is not present in the current workspace; no delete or move was performed."
참고 Context/3. Github Source/QuantTraderDL-main/QuantTraderDL-main/QuantConnectStrategies/03_Reversion_vs_Trending_Strategy_Selection/F-F_Momentum_Factor_daily.csv,SOURCE_MISSING_RECHECK,MISSING_SOURCE_AT_EXECUTION,,439486,"A005 listed this external reference path, but it is not present in the current workspace; no delete or move was performed."
참고 Context/3. Github Source/QuantTraderDL-main/QuantTraderDL-main/QuantConnectStrategies/03_Reversion_vs_Trending_Strategy_Selection/F-F_ST_Reversal_Factor_daily.csv,SOURCE_MISSING_RECHECK,MISSING_SOURCE_AT_EXECUTION,,443399,"A005 listed this external reference path, but it is not present in the current workspace; no delete or move was performed."
참고 Context/3. Github Source/QuantTraderDL-main/QuantTraderDL-main/QuantConnectStrategies/03_Reversion_vs_Trending_Strategy_Selection/model_search.ipynb,SOURCE_MISSING_RECHECK,MISSING_SOURCE_AT_EXECUTION,,1482264,"A005 listed this external reference path, but it is not present in the current workspace; no delete or move was performed."
참고 Context/3. Github Source/QuantTraderDL-main/QuantTraderDL-main/QuantConnectStrategies/03_Reversion_vs_Trending_Strategy_Selection/research.ipynb,SOURCE_MISSING_RECHECK,MISSING_SOURCE_AT_EXECUTION,,5809741,"A005 listed this external reference path, but it is not present in the current workspace; no delete or move was performed."
참고 Context/3. Github Source/QuantTraderDL-main/QuantTraderDL-main/QuantConnectStrategies/04_Hidden_Markov_Models/01_Equities/main.py,SOURCE_MISSING_RECHECK,MISSING_SOURCE_AT_EXECUTION,,3183,"A005 listed this external reference path, but it is not present in the current workspace; no delete or move was performed."
참고 Context/3. Github Source/QuantTraderDL-main/QuantTraderDL-main/QuantConnectStrategies/04_Hidden_Markov_Models/02_Equity_Options/main.py,SOURCE_MISSING_RECHECK,MISSING_SOURCE_AT_EXECUTION,,5971,"A005 listed this external reference path, but it is not present in the current workspace; no delete or move was performed."
참고 Context/3. Github Source/QuantTraderDL-main/QuantTraderDL-main/QuantConnectStrategies/05_FX_SVM_Wavelet_Forecasting/main.py,SOURCE_MISSING_RECHECK,MISSING_SOURCE_AT_EXECUTION,,2656,"A005 listed this external reference path, but it is not present in the current workspace; no delete or move was performed."
참고 Context/3. Github Source/QuantTraderDL-main/QuantTraderDL-main/QuantConnectStrategies/05_FX_SVM_Wavelet_Forecasting/svmwavelet.py,SOURCE_MISSING_RECHECK,MISSING_SOURCE_AT_EXECUTION,,6030,"A005 listed this external reference path, but it is not present in the current workspace; no delete or move was performed."
참고 Context/3. Github Source/QuantTraderDL-main/QuantTraderDL-main/QuantConnectStrategies/06_Dividend_Harvesting_Selection_of_High-Yield_Assets/main.py,SOURCE_MISSING_RECHECK,MISSING_SOURCE_AT_EXECUTION,,6818,"A005 listed this external reference path, but it is not present in the current workspace; no delete or move was performed."
참고 Context/3. Github Source/QuantTraderDL-main/QuantTraderDL-main/QuantConnectStrategies/06_Dividend_Harvesting_Selection_of_High-Yield_Assets/symboldata.py,SOURCE_MISSING_RECHECK,MISSING_SOURCE_AT_EXECUTION,,6653,"A005 listed this external reference path, but it is not present in the current workspace; no delete or move was performed."
참고 Context/3. Github Source/QuantTraderDL-main/QuantTraderDL-main/QuantConnectStrategies/07_Effect_of_Positive-Negative_Splits/main.py,SOURCE_MISSING_RECHECK,MISSING_SOURCE_AT_EXECUTION,,8017,"A005 listed this external reference path, but it is not present in the current workspace; no delete or move was performed."
참고 Context/3. Github Source/QuantTraderDL-main/QuantTraderDL-main/QuantConnectStrategies/08_Stoploss_Based_on_Historical_Volatility_and _Drawdown_Recovery/01 Benchmark - Fixed Percentage Stop Loss/footnotes.txt,SOURCE_MISSING_RECHECK,MISSING_SOURCE_AT_EXECUTION,,680,"A005 listed this external reference path, but it is not present in the current workspace; no delete or move was performed."
참고 Context/3. Github Source/QuantTraderDL-main/QuantTraderDL-main/QuantConnectStrategies/08_Stoploss_Based_on_Historical_Volatility_and _Drawdown_Recovery/01 Benchmark - Fixed Percentage Stop Loss/main.py,SOURCE_MISSING_RECHECK,MISSING_SOURCE_AT_EXECUTION,,1721,"A005 listed this external reference path, but it is not present in the current workspace; no delete or move was performed."
참고 Context/3. Github Source/QuantTraderDL-main/QuantTraderDL-main/QuantConnectStrategies/08_Stoploss_Based_on_Historical_Volatility_and _Drawdown_Recovery/01 Benchmark - Fixed Percentage Stop Loss/tearsheet1.png,SOURCE_MISSING_RECHECK,MISSING_SOURCE_AT_EXECUTION,,116372,"A005 listed this external reference path, but it is not present in the current workspace; no delete or move was performed."
참고 Context/3. Github Source/QuantTraderDL-main/QuantTraderDL-main/QuantConnectStrategies/08_Stoploss_Based_on_Historical_Volatility_and _Drawdown_Recovery/01 Benchmark - Fixed Percentage Stop Loss/tearsheet2.png,SOURCE_MISSING_RECHECK,MISSING_SOURCE_AT_EXECUTION,,202638,"A005 listed this external reference path, but it is not present in the current workspace; no delete or move was performed."
참고 Context/3. Github Source/QuantTraderDL-main/QuantTraderDL-main/QuantConnectStrategies/08_Stoploss_Based_on_Historical_Volatility_and _Drawdown_Recovery/02 ML Placed Stop Loss/footnotes.txt,SOURCE_MISSING_RECHECK,MISSING_SOURCE_AT_EXECUTION,,1016,"A005 listed this external reference path, but it is not present in the current workspace; no delete or move was performed."
참고 Context/3. Github Source/QuantTraderDL-main/QuantTraderDL-main/QuantConnectStrategies/08_Stoploss_Based_on_Historical_Volatility_and _Drawdown_Recovery/02 ML Placed Stop Loss/main.py,SOURCE_MISSING_RECHECK,MISSING_SOURCE_AT_EXECUTION,,7367,"A005 listed this external reference path, but it is not present in the current workspace; no delete or move was performed."
참고 Context/3. Github Source/QuantTraderDL-main/QuantTraderDL-main/QuantConnectStrategies/08_Stoploss_Based_on_Historical_Volatility_and _Drawdown_Recovery/02 ML Placed Stop Loss/tearsheet1.png,SOURCE_MISSING_RECHECK,MISSING_SOURCE_AT_EXECUTION,,248003,"A005 listed this external reference path, but it is not present in the current workspace; no delete or move was performed."
참고 Context/3. Github Source/QuantTraderDL-main/QuantTraderDL-main/QuantConnectStrategies/08_Stoploss_Based_on_Historical_Volatility_and _Drawdown_Recovery/02 ML Placed Stop Loss/tearsheet2.png,SOURCE_MISSING_RECHECK,MISSING_SOURCE_AT_EXECUTION,,200116,"A005 listed this external reference path, but it is not present in the current workspace; no delete or move was performed."
참고 Context/3. Github Source/QuantTraderDL-main/QuantTraderDL-main/QuantConnectStrategies/08_Stoploss_Based_on_Historical_Volatility_and _Drawdown_Recovery/03 ML Put Option Hedge/footnotes.txt,SOURCE_MISSING_RECHECK,MISSING_SOURCE_AT_EXECUTION,,124,"A005 listed this external reference path, but it is not present in the current workspace; no delete or move was performed."
참고 Context/3. Github Source/QuantTraderDL-main/QuantTraderDL-main/QuantConnectStrategies/08_Stoploss_Based_on_Historical_Volatility_and _Drawdown_Recovery/03 ML Put Option Hedge/main.py,SOURCE_MISSING_RECHECK,MISSING_SOURCE_AT_EXECUTION,,8174,"A005 listed this external reference path, but it is not present in the current workspace; no delete or move was performed."
참고 Context/3. Github Source/QuantTraderDL-main/QuantTraderDL-main/QuantConnectStrategies/08_Stoploss_Based_on_Historical_Volatility_and _Drawdown_Recovery/03 ML Put Option Hedge/research.ipynb,SOURCE_MISSING_RECHECK,MISSING_SOURCE_AT_EXECUTION,,1977,"A005 listed this external reference path, but it is not present in the current workspace; no delete or move was performed."
참고 Context/3. Github Source/QuantTraderDL-main/QuantTraderDL-main/QuantConnectStrategies/08_Stoploss_Based_on_Historical_Volatility_and _Drawdown_Recovery/03 ML Put Option Hedge/tearsheet1.png,SOURCE_MISSING_RECHECK,MISSING_SOURCE_AT_EXECUTION,,189258,"A005 listed this external reference path, but it is not present in the current workspace; no delete or move was performed."
참고 Context/3. Github Source/QuantTraderDL-main/QuantTraderDL-main/QuantConnectStrategies/08_Stoploss_Based_on_Historical_Volatility_and _Drawdown_Recovery/03 ML Put Option Hedge/tearsheet2.png,SOURCE_MISSING_RECHECK,MISSING_SOURCE_AT_EXECUTION,,169215,"A005 listed this external reference path, but it is not present in the current workspace; no delete or move was performed."
참고 Context/3. Github Source/QuantTraderDL-main/QuantTraderDL-main/QuantConnectStrategies/09_ML_Trading_Pairs_Selection/research.ipynb,SOURCE_MISSING_RECHECK,MISSING_SOURCE_AT_EXECUTION,,12079489,"A005 listed this external reference path, but it is not present in the current workspace; no delete or move was performed."
참고 Context/3. Github Source/QuantTraderDL-main/QuantTraderDL-main/QuantConnectStrategies/10_Stock_Selection_through_Clustering_Fundamental_Data/footnotes.txt,SOURCE_MISSING_RECHECK,MISSING_SOURCE_AT_EXECUTION,,1149,"A005 listed this external reference path, but it is not present in the current workspace; no delete or move was performed."
참고 Context/3. Github Source/QuantTraderDL-main/QuantTraderDL-main/QuantConnectStrategies/10_Stock_Selection_through_Clustering_Fundamental_Data/main.py,SOURCE_MISSING_RECHECK,MISSING_SOURCE_AT_EXECUTION,,13104,"A005 listed this external reference path, but it is not present in the current workspace; no delete or move was performed."
참고 Context/3. Github Source/QuantTraderDL-main/QuantTraderDL-main/QuantConnectStrategies/10_Stock_Selection_through_Clustering_Fundamental_Data/tearsheet1.png,SOURCE_MISSING_RECHECK,MISSING_SOURCE_AT_EXECUTION,,141464,"A005 listed this external reference path, but it is not present in the current workspace; no delete or move was performed."
참고 Context/3. Github Source/QuantTraderDL-main/QuantTraderDL-main/QuantConnectStrategies/10_Stock_Selection_through_Clustering_Fundamental_Data/tearsheet2.png,SOURCE_MISSING_RECHECK,MISSING_SOURCE_AT_EXECUTION,,199492,"A005 listed this external reference path, but it is not present in the current workspace; no delete or move was performed."
참고 Context/3. Github Source/QuantTraderDL-main/QuantTraderDL-main/QuantConnectStrategies/11_Inverse_Volatility_Rank_and_Allocate_to_Future_Contracts/footnotes.txt,SOURCE_MISSING_RECHECK,MISSING_SOURCE_AT_EXECUTION,,826,"A005 listed this external reference path, but it is not present in the current workspace; no delete or move was performed."
참고 Context/3. Github Source/QuantTraderDL-main/QuantTraderDL-main/QuantConnectStrategies/11_Inverse_Volatility_Rank_and_Allocate_to_Future_Contracts/main.py,SOURCE_MISSING_RECHECK,MISSING_SOURCE_AT_EXECUTION,,9050,"A005 listed this external reference path, but it is not present in the current workspace; no delete or move was performed."
참고 Context/3. Github Source/QuantTraderDL-main/QuantTraderDL-main/QuantConnectStrategies/11_Inverse_Volatility_Rank_and_Allocate_to_Future_Contracts/tearsheet1.png,SOURCE_MISSING_RECHECK,MISSING_SOURCE_AT_EXECUTION,,187491,"A005 listed this external reference path, but it is not present in the current workspace; no delete or move was performed."
참고 Context/3. Github Source/QuantTraderDL-main/QuantTraderDL-main/QuantConnectStrategies/11_Inverse_Volatility_Rank_and_Allocate_to_Future_Contracts/tearsheet2.png,SOURCE_MISSING_RECHECK,MISSING_SOURCE_AT_EXECUTION,,192534,"A005 listed this external reference path, but it is not present in the current workspace; no delete or move was performed."
참고 Context/3. Github Source/QuantTraderDL-main/QuantTraderDL-main/QuantConnectStrategies/12_Trading_Costs_Optimization/main.py,SOURCE_MISSING_RECHECK,MISSING_SOURCE_AT_EXECUTION,,7345,"A005 listed this external reference path, but it is not present in the current workspace; no delete or move was performed."
참고 Context/3. Github Source/QuantTraderDL-main/QuantTraderDL-main/QuantConnectStrategies/12_Trading_Costs_Optimization/research.ipynb,SOURCE_MISSING_RECHECK,MISSING_SOURCE_AT_EXECUTION,,3903538,"A005 listed this external reference path, but it is not present in the current workspace; no delete or move was performed."
참고 Context/3. Github Source/QuantTraderDL-main/QuantTraderDL-main/QuantConnectStrategies/13_PCA_Statistical_Arbitrage_Mean_Reversion/footnotes.txt,SOURCE_MISSING_RECHECK,MISSING_SOURCE_AT_EXECUTION,,1049,"A005 listed this external reference path, but it is not present in the current workspace; no delete or move was performed."
참고 Context/3. Github Source/QuantTraderDL-main/QuantTraderDL-main/QuantConnectStrategies/13_PCA_Statistical_Arbitrage_Mean_Reversion/main.py,SOURCE_MISSING_RECHECK,MISSING_SOURCE_AT_EXECUTION,,5455,"A005 listed this external reference path, but it is not present in the current workspace; no delete or move was performed."
참고 Context/3. Github Source/QuantTraderDL-main/QuantTraderDL-main/QuantConnectStrategies/13_PCA_Statistical_Arbitrage_Mean_Reversion/tearsheet1.png,SOURCE_MISSING_RECHECK,MISSING_SOURCE_AT_EXECUTION,,142648,"A005 listed this external reference path, but it is not present in the current workspace; no delete or move was performed."
참고 Context/3. Github Source/QuantTraderDL-main/QuantTraderDL-main/QuantConnectStrategies/13_PCA_Statistical_Arbitrage_Mean_Reversion/tearsheet2.png,SOURCE_MISSING_RECHECK,MISSING_SOURCE_AT_EXECUTION,,197359,"A005 listed this external reference path, but it is not present in the current workspace; no delete or move was performed."
참고 Context/3. Github Source/QuantTraderDL-main/QuantTraderDL-main/QuantConnectStrategies/14_Temporal_CNN_Prediction/footnotes.txt,SOURCE_MISSING_RECHECK,MISSING_SOURCE_AT_EXECUTION,,1024,"A005 listed this external reference path, but it is not present in the current workspace; no delete or move was performed."
참고 Context/3. Github Source/QuantTraderDL-main/QuantTraderDL-main/QuantConnectStrategies/14_Temporal_CNN_Prediction/main.py,SOURCE_MISSING_RECHECK,MISSING_SOURCE_AT_EXECUTION,,5804,"A005 listed this external reference path, but it is not present in the current workspace; no delete or move was performed."
참고 Context/3. Github Source/QuantTraderDL-main/QuantTraderDL-main/QuantConnectStrategies/14_Temporal_CNN_Prediction/tearsheet1.png,SOURCE_MISSING_RECHECK,MISSING_SOURCE_AT_EXECUTION,,278399,"A005 listed this external reference path, but it is not present in the current workspace; no delete or move was performed."
참고 Context/3. Github Source/QuantTraderDL-main/QuantTraderDL-main/QuantConnectStrategies/14_Temporal_CNN_Prediction/tearsheet2.png,SOURCE_MISSING_RECHECK,MISSING_SOURCE_AT_EXECUTION,,209400,"A005 listed this external reference path, but it is not present in the current workspace; no delete or move was performed."
참고 Context/3. Github Source/QuantTraderDL-main/QuantTraderDL-main/QuantConnectStrategies/14_Temporal_CNN_Prediction/temporalcnn.py,SOURCE_MISSING_RECHECK,MISSING_SOURCE_AT_EXECUTION,,6883,"A005 listed this external reference path, but it is not present in the current workspace; no delete or move was performed."
참고 Context/3. Github Source/QuantTraderDL-main/QuantTraderDL-main/QuantConnectStrategies/15_Gaussian_Classifier_for_Direction_Prediction/footnotes.txt,SOURCE_MISSING_RECHECK,MISSING_SOURCE_AT_EXECUTION,,1174,"A005 listed this external reference path, but it is not present in the current workspace; no delete or move was performed."
참고 Context/3. Github Source/QuantTraderDL-main/QuantTraderDL-main/QuantConnectStrategies/15_Gaussian_Classifier_for_Direction_Prediction/main.py,SOURCE_MISSING_RECHECK,MISSING_SOURCE_AT_EXECUTION,,10831,"A005 listed this external reference path, but it is not present in the current workspace; no delete or move was performed."
참고 Context/3. Github Source/QuantTraderDL-main/QuantTraderDL-main/QuantConnectStrategies/15_Gaussian_Classifier_for_Direction_Prediction/tearsheet1.png,SOURCE_MISSING_RECHECK,MISSING_SOURCE_AT_EXECUTION,,146968,"A005 listed this external reference path, but it is not present in the current workspace; no delete or move was performed."
참고 Context/3. Github Source/QuantTraderDL-main/QuantTraderDL-main/QuantConnectStrategies/15_Gaussian_Classifier_for_Direction_Prediction/tearsheet2.png,SOURCE_MISSING_RECHECK,MISSING_SOURCE_AT_EXECUTION,,201972,"A005 listed this external reference path, but it is not present in the current workspace; no delete or move was performed."
참고 Context/3. Github Source/QuantTraderDL-main/QuantTraderDL-main/QuantConnectStrategies/16_LLM_Summarization_of_Tiingo_News_Articles/footnotes.txt,SOURCE_MISSING_RECHECK,MISSING_SOURCE_AT_EXECUTION,,85,"A005 listed this external reference path, but it is not present in the current workspace; no delete or move was performed."
참고 Context/3. Github Source/QuantTraderDL-main/QuantTraderDL-main/QuantConnectStrategies/16_LLM_Summarization_of_Tiingo_News_Articles/main.py,SOURCE_MISSING_RECHECK,MISSING_SOURCE_AT_EXECUTION,,2932,"A005 listed this external reference path, but it is not present in the current workspace; no delete or move was performed."
참고 Context/3. Github Source/QuantTraderDL-main/QuantTraderDL-main/QuantConnectStrategies/16_LLM_Summarization_of_Tiingo_News_Articles/research.ipynb,SOURCE_MISSING_RECHECK,MISSING_SOURCE_AT_EXECUTION,,4390604,"A005 listed this external reference path, but it is not present in the current workspace; no delete or move was performed."
참고 Context/3. Github Source/QuantTraderDL-main/QuantTraderDL-main/QuantConnectStrategies/16_LLM_Summarization_of_Tiingo_News_Articles/tearsheet1.png,SOURCE_MISSING_RECHECK,MISSING_SOURCE_AT_EXECUTION,,153779,"A005 listed this external reference path, but it is not present in the current workspace; no delete or move was performed."
참고 Context/3. Github Source/QuantTraderDL-main/QuantTraderDL-main/QuantConnectStrategies/16_LLM_Summarization_of_Tiingo_News_Articles/tearsheet2.png,SOURCE_MISSING_RECHECK,MISSING_SOURCE_AT_EXECUTION,,18820,"A005 listed this external reference path, but it is not present in the current workspace; no delete or move was performed."
참고 Context/3. Github Source/QuantTraderDL-main/QuantTraderDL-main/QuantConnectStrategies/17_Head_Shoulders_Pattern_Matching_with_CNN/footnotes.txt,SOURCE_MISSING_RECHECK,MISSING_SOURCE_AT_EXECUTION,,889,"A005 listed this external reference path, but it is not present in the current workspace; no delete or move was performed."
참고 Context/3. Github Source/QuantTraderDL-main/QuantTraderDL-main/QuantConnectStrategies/17_Head_Shoulders_Pattern_Matching_with_CNN/main.py,SOURCE_MISSING_RECHECK,MISSING_SOURCE_AT_EXECUTION,,6184,"A005 listed this external reference path, but it is not present in the current workspace; no delete or move was performed."
참고 Context/3. Github Source/QuantTraderDL-main/QuantTraderDL-main/QuantConnectStrategies/17_Head_Shoulders_Pattern_Matching_with_CNN/research.ipynb,SOURCE_MISSING_RECHECK,MISSING_SOURCE_AT_EXECUTION,,4462386,"A005 listed this external reference path, but it is not present in the current workspace; no delete or move was performed."
참고 Context/3. Github Source/QuantTraderDL-main/QuantTraderDL-main/QuantConnectStrategies/17_Head_Shoulders_Pattern_Matching_with_CNN/tearsheet1.png,SOURCE_MISSING_RECHECK,MISSING_SOURCE_AT_EXECUTION,,109950,"A005 listed this external reference path, but it is not present in the current workspace; no delete or move was performed."
참고 Context/3. Github Source/QuantTraderDL-main/QuantTraderDL-main/QuantConnectStrategies/17_Head_Shoulders_Pattern_Matching_with_CNN/tearsheet2.png,SOURCE_MISSING_RECHECK,MISSING_SOURCE_AT_EXECUTION,,145237,"A005 listed this external reference path, but it is not present in the current workspace; no delete or move was performed."
참고 Context/3. Github Source/QuantTraderDL-main/QuantTraderDL-main/QuantConnectStrategies/18_Amazon_Chronos_Model/01 Base Model/footnotes.txt,SOURCE_MISSING_RECHECK,MISSING_SOURCE_AT_EXECUTION,,200,"A005 listed this external reference path, but it is not present in the current workspace; no delete or move was performed."
참고 Context/3. Github Source/QuantTraderDL-main/QuantTraderDL-main/QuantConnectStrategies/18_Amazon_Chronos_Model/01 Base Model/main.py,SOURCE_MISSING_RECHECK,MISSING_SOURCE_AT_EXECUTION,,5332,"A005 listed this external reference path, but it is not present in the current workspace; no delete or move was performed."
참고 Context/3. Github Source/QuantTraderDL-main/QuantTraderDL-main/QuantConnectStrategies/18_Amazon_Chronos_Model/01 Base Model/tearsheet1.png,SOURCE_MISSING_RECHECK,MISSING_SOURCE_AT_EXECUTION,,91519,"A005 listed this external reference path, but it is not present in the current workspace; no delete or move was performed."
참고 Context/3. Github Source/QuantTraderDL-main/QuantTraderDL-main/QuantConnectStrategies/18_Amazon_Chronos_Model/01 Base Model/tearsheet2.png,SOURCE_MISSING_RECHECK,MISSING_SOURCE_AT_EXECUTION,,171024,"A005 listed this external reference path, but it is not present in the current workspace; no delete or move was performed."
참고 Context/3. Github Source/QuantTraderDL-main/QuantTraderDL-main/QuantConnectStrategies/18_Amazon_Chronos_Model/02 Fine-Tuned Model/footnotes.txt,SOURCE_MISSING_RECHECK,MISSING_SOURCE_AT_EXECUTION,,717,"A005 listed this external reference path, but it is not present in the current workspace; no delete or move was performed."
참고 Context/3. Github Source/QuantTraderDL-main/QuantTraderDL-main/QuantConnectStrategies/18_Amazon_Chronos_Model/02 Fine-Tuned Model/main.py,SOURCE_MISSING_RECHECK,MISSING_SOURCE_AT_EXECUTION,,12976,"A005 listed this external reference path, but it is not present in the current workspace; no delete or move was performed."
참고 Context/3. Github Source/QuantTraderDL-main/QuantTraderDL-main/QuantConnectStrategies/18_Amazon_Chronos_Model/02 Fine-Tuned Model/tearsheet1.png,SOURCE_MISSING_RECHECK,MISSING_SOURCE_AT_EXECUTION,,91223,"A005 listed this external reference path, but it is not present in the current workspace; no delete or move was performed."
참고 Context/3. Github Source/QuantTraderDL-main/QuantTraderDL-main/QuantConnectStrategies/18_Amazon_Chronos_Model/02 Fine-Tuned Model/tearsheet2.png,SOURCE_MISSING_RECHECK,MISSING_SOURCE_AT_EXECUTION,,166852,"A005 listed this external reference path, but it is not present in the current workspace; no delete or move was performed."
참고 Context/3. Github Source/QuantTraderDL-main/QuantTraderDL-main/QuantConnectStrategies/19_FinBERT_Model/01 Base Model/footnotes.txt,SOURCE_MISSING_RECHECK,MISSING_SOURCE_AT_EXECUTION,,200,"A005 listed this external reference path, but it is not present in the current workspace; no delete or move was performed."
참고 Context/3. Github Source/QuantTraderDL-main/QuantTraderDL-main/QuantConnectStrategies/19_FinBERT_Model/01 Base Model/main.py,SOURCE_MISSING_RECHECK,MISSING_SOURCE_AT_EXECUTION,,4963,"A005 listed this external reference path, but it is not present in the current workspace; no delete or move was performed."
참고 Context/3. Github Source/QuantTraderDL-main/QuantTraderDL-main/QuantConnectStrategies/19_FinBERT_Model/01 Base Model/tearsheet1.png,SOURCE_MISSING_RECHECK,MISSING_SOURCE_AT_EXECUTION,,127960,"A005 listed this external reference path, but it is not present in the current workspace; no delete or move was performed."
참고 Context/3. Github Source/QuantTraderDL-main/QuantTraderDL-main/QuantConnectStrategies/19_FinBERT_Model/01 Base Model/tearsheet2.png,SOURCE_MISSING_RECHECK,MISSING_SOURCE_AT_EXECUTION,,71784,"A005 listed this external reference path, but it is not present in the current workspace; no delete or move was performed."
참고 Context/3. Github Source/QuantTraderDL-main/QuantTraderDL-main/QuantConnectStrategies/19_FinBERT_Model/02 Fine-Tuned Model/footnotes.txt,SOURCE_MISSING_RECHECK,MISSING_SOURCE_AT_EXECUTION,,200,"A005 listed this external reference path, but it is not present in the current workspace; no delete or move was performed."
참고 Context/3. Github Source/QuantTraderDL-main/QuantTraderDL-main/QuantConnectStrategies/19_FinBERT_Model/02 Fine-Tuned Model/main.py,SOURCE_MISSING_RECHECK,MISSING_SOURCE_AT_EXECUTION,,8185,"A005 listed this external reference path, but it is not present in the current workspace; no delete or move was performed."
참고 Context/3. Github Source/QuantTraderDL-main/QuantTraderDL-main/QuantConnectStrategies/19_FinBERT_Model/02 Fine-Tuned Model/tearsheet1.png,SOURCE_MISSING_RECHECK,MISSING_SOURCE_AT_EXECUTION,,141093,"A005 listed this external reference path, but it is not present in the current workspace; no delete or move was performed."
참고 Context/3. Github Source/QuantTraderDL-main/QuantTraderDL-main/QuantConnectStrategies/19_FinBERT_Model/02 Fine-Tuned Model/tearsheet2.png,SOURCE_MISSING_RECHECK,MISSING_SOURCE_AT_EXECUTION,,69166,"A005 listed this external reference path, but it is not present in the current workspace; no delete or move was performed."
참고 Context/3. Github Source/QuantTraderDL-main/QuantTraderDL-main/README.md,SOURCE_MISSING_RECHECK,MISSING_SOURCE_AT_EXECUTION,,17378,"A005 listed this external reference path, but it is not present in the current workspace; no delete or move was performed."
참고 Context/3. Github Source/QuantTraderDL-main/QuantTraderDL-main/RL-Trading-Bot/tradingBot_RL.ipynb,SOURCE_MISSING_RECHECK,MISSING_SOURCE_AT_EXECUTION,,332346,"A005 listed this external reference path, but it is not present in the current workspace; no delete or move was performed."
참고 Context/3. Github Source/QuantTraderDL-main/QuantTraderDL-main/Stock-Price-Forecasting-TFT/trading_individual.ipynb,SOURCE_MISSING_RECHECK,MISSING_SOURCE_AT_EXECUTION,,177744,"A005 listed this external reference path, but it is not present in the current workspace; no delete or move was performed."
참고 Context/3. Github Source/QuantTraderDL-main/QuantTraderDL-main/Stock-Price-Forecasting-TFT/trading_multiseries_exog.ipynb,SOURCE_MISSING_RECHECK,MISSING_SOURCE_AT_EXECUTION,,150286,"A005 listed this external reference path, but it is not present in the current workspace; no delete or move was performed."
참고 Context/3. Github Source/QuantTraderDL-main/QuantTraderDL-main/Stock-Price-Forecasting-TFT/trading_multiseries_exog_gauss.ipynb,SOURCE_MISSING_RECHECK,MISSING_SOURCE_AT_EXECUTION,,125985,"A005 listed this external reference path, but it is not present in the current workspace; no delete or move was performed."
참고 Context/3. Github Source/QuantTraderDL-main/QuantTraderDL-main/alternatives/LSTM_gauss.ipynb,SOURCE_MISSING_RECHECK,MISSING_SOURCE_AT_EXECUTION,,442782,"A005 listed this external reference path, but it is not present in the current workspace; no delete or move was performed."
참고 Context/3. Github Source/QuantTraderDL-main/QuantTraderDL-main/alternatives/trading_ffillIndicators.ipynb,SOURCE_MISSING_RECHECK,MISSING_SOURCE_AT_EXECUTION,,415887,"A005 listed this external reference path, but it is not present in the current workspace; no delete or move was performed."
참고 Context/3. Github Source/QuantTraderDL-main/QuantTraderDL-main/alternatives/trading_multiseries_group.ipynb,SOURCE_MISSING_RECHECK,MISSING_SOURCE_AT_EXECUTION,,129068,"A005 listed this external reference path, but it is not present in the current workspace; no delete or move was performed."
참고 Context/3. Github Source/QuantTraderDL-main/QuantTraderDL-main/alternatives/trading_noIndicators_infer_train.ipynb,SOURCE_MISSING_RECHECK,MISSING_SOURCE_AT_EXECUTION,,342501,"A005 listed this external reference path, but it is not present in the current workspace; no delete or move was performed."
참고 Context/3. Github Source/QuantTraderDL-main/QuantTraderDL-main/alternatives/traiding_inferTrain.ipynb,SOURCE_MISSING_RECHECK,MISSING_SOURCE_AT_EXECUTION,,394943,"A005 listed this external reference path, but it is not present in the current workspace; no delete or move was performed."
참고 Context/3. Github Source/QuantTraderDL-main/QuantTraderDL-main/bot_helper.py,SOURCE_MISSING_RECHECK,MISSING_SOURCE_AT_EXECUTION,,6581,"A005 listed this external reference path, but it is not present in the current workspace; no delete or move was performed."
참고 Context/3. Github Source/QuantTraderDL-main/QuantTraderDL-main/data/BTC.csv,SOURCE_MISSING_RECHECK,MISSING_SOURCE_AT_EXECUTION,,234376,"A005 listed this external reference path, but it is not present in the current workspace; no delete or move was performed."
참고 Context/3. Github Source/QuantTraderDL-main/QuantTraderDL-main/data/BTC_bot.csv,SOURCE_MISSING_RECHECK,MISSING_SOURCE_AT_EXECUTION,,2538614,"A005 listed this external reference path, but it is not present in the current workspace; no delete or move was performed."
참고 Context/3. Github Source/QuantTraderDL-main/QuantTraderDL-main/data/Datos históricos del Dow Jones.csv,SOURCE_MISSING_RECHECK,MISSING_SOURCE_AT_EXECUTION,,1971,"A005 listed this external reference path, but it is not present in the current workspace; no delete or move was performed."
참고 Context/3. Github Source/QuantTraderDL-main/QuantTraderDL-main/data/DowJones.csv,SOURCE_MISSING_RECHECK,MISSING_SOURCE_AT_EXECUTION,,317640,"A005 listed this external reference path, but it is not present in the current workspace; no delete or move was performed."
참고 Context/3. Github Source/QuantTraderDL-main/QuantTraderDL-main/data/EUStoxx50.csv,SOURCE_MISSING_RECHECK,MISSING_SOURCE_AT_EXECUTION,,252891,"A005 listed this external reference path, but it is not present in the current workspace; no delete or move was performed."
참고 Context/3. Github Source/QuantTraderDL-main/QuantTraderDL-main/data/FedFundsEffRate.csv,SOURCE_MISSING_RECHECK,MISSING_SOURCE_AT_EXECUTION,,13562,"A005 listed this external reference path, but it is not present in the current workspace; no delete or move was performed."
참고 Context/3. Github Source/QuantTraderDL-main/QuantTraderDL-main/data/GBP_USD.csv,SOURCE_MISSING_RECHECK,MISSING_SOURCE_AT_EXECUTION,,235397,"A005 listed this external reference path, but it is not present in the current workspace; no delete or move was performed."
참고 Context/3. Github Source/QuantTraderDL-main/QuantTraderDL-main/data/IBEX35.csv,SOURCE_MISSING_RECHECK,MISSING_SOURCE_AT_EXECUTION,,291711,"A005 listed this external reference path, but it is not present in the current workspace; no delete or move was performed."
참고 Context/3. Github Source/QuantTraderDL-main/QuantTraderDL-main/data/IIAA_sentiment.xls,SOURCE_MISSING_RECHECK,MISSING_SOURCE_AT_EXECUTION,,1108992,"A005 listed this external reference path, but it is not present in the current workspace; no delete or move was performed."
참고 Context/3. Github Source/QuantTraderDL-main/QuantTraderDL-main/data/Nasdaq.csv,SOURCE_MISSING_RECHECK,MISSING_SOURCE_AT_EXECUTION,,286116,"A005 listed this external reference path, but it is not present in the current workspace; no delete or move was performed."
참고 Context/3. Github Source/QuantTraderDL-main/QuantTraderDL-main/data/S&P500.csv,SOURCE_MISSING_RECHECK,MISSING_SOURCE_AT_EXECUTION,,255332,"A005 listed this external reference path, but it is not present in the current workspace; no delete or move was performed."
참고 Context/3. Github Source/QuantTraderDL-main/QuantTraderDL-main/data/S&P500Futures.csv,SOURCE_MISSING_RECHECK,MISSING_SOURCE_AT_EXECUTION,,287510,"A005 listed this external reference path, but it is not present in the current workspace; no delete or move was performed."
참고 Context/3. Github Source/QuantTraderDL-main/QuantTraderDL-main/data/USD_EUR.csv,SOURCE_MISSING_RECHECK,MISSING_SOURCE_AT_EXECUTION,,242103,"A005 listed this external reference path, but it is not present in the current workspace; no delete or move was performed."
참고 Context/3. Github Source/QuantTraderDL-main/QuantTraderDL-main/data/USTech100.csv,SOURCE_MISSING_RECHECK,MISSING_SOURCE_AT_EXECUTION,,286668,"A005 listed this external reference path, but it is not present in the current workspace; no delete or move was performed."
참고 Context/3. Github Source/QuantTraderDL-main/QuantTraderDL-main/data/VIX_FRED.csv,SOURCE_MISSING_RECHECK,MISSING_SOURCE_AT_EXECUTION,,21971,"A005 listed this external reference path, but it is not present in the current workspace; no delete or move was performed."
참고 Context/3. Github Source/QuantTraderDL-main/QuantTraderDL-main/data/VSTOXX.csv,SOURCE_MISSING_RECHECK,MISSING_SOURCE_AT_EXECUTION,,171334,"A005 listed this external reference path, but it is not present in the current workspace; no delete or move was performed."
참고 Context/3. Github Source/QuantTraderDL-main/QuantTraderDL-main/data/commodity-prices.csv,SOURCE_MISSING_RECHECK,MISSING_SOURCE_AT_EXECUTION,,8100120,"A005 listed this external reference path, but it is not present in the current workspace; no delete or move was performed."
참고 Context/3. Github Source/QuantTraderDL-main/QuantTraderDL-main/data/worldPIBdata.xls,SOURCE_MISSING_RECHECK,MISSING_SOURCE_AT_EXECUTION,,312320,"A005 listed this external reference path, but it is not present in the current workspace; no delete or move was performed."
참고 Context/3. Github Source/QuantTraderDL-main/QuantTraderDL-main/plots/BTC_gauss_multiexog_-50d-20100104-2024729/iteracion_1.png,SOURCE_MISSING_RECHECK,MISSING_SOURCE_AT_EXECUTION,,49696,"A005 listed this external reference path, but it is not present in the current workspace; no delete or move was performed."
참고 Context/3. Github Source/QuantTraderDL-main/QuantTraderDL-main/plots/BTC_gauss_multiexog_-50d-20100104-2024729/iteracion_10.png,SOURCE_MISSING_RECHECK,MISSING_SOURCE_AT_EXECUTION,,50845,"A005 listed this external reference path, but it is not present in the current workspace; no delete or move was performed."
참고 Context/3. Github Source/QuantTraderDL-main/QuantTraderDL-main/plots/BTC_gauss_multiexog_-50d-20100104-2024729/iteracion_11.png,SOURCE_MISSING_RECHECK,MISSING_SOURCE_AT_EXECUTION,,42087,"A005 listed this external reference path, but it is not present in the current workspace; no delete or move was performed."
참고 Context/3. Github Source/QuantTraderDL-main/QuantTraderDL-main/plots/BTC_gauss_multiexog_-50d-20100104-2024729/iteracion_12.png,SOURCE_MISSING_RECHECK,MISSING_SOURCE_AT_EXECUTION,,48109,"A005 listed this external reference path, but it is not present in the current workspace; no delete or move was performed."
참고 Context/3. Github Source/QuantTraderDL-main/QuantTraderDL-main/plots/BTC_gauss_multiexog_-50d-20100104-2024729/iteracion_13.png,SOURCE_MISSING_RECHECK,MISSING_SOURCE_AT_EXECUTION,,49446,"A005 listed this external reference path, but it is not present in the current workspace; no delete or move was performed."
참고 Context/3. Github Source/QuantTraderDL-main/QuantTraderDL-main/plots/BTC_gauss_multiexog_-50d-20100104-2024729/iteracion_14.png,SOURCE_MISSING_RECHECK,MISSING_SOURCE_AT_EXECUTION,,48216,"A005 listed this external reference path, but it is not present in the current workspace; no delete or move was performed."
참고 Context/3. Github Source/QuantTraderDL-main/QuantTraderDL-main/plots/BTC_gauss_multiexog_-50d-20100104-2024729/iteracion_15.png,SOURCE_MISSING_RECHECK,MISSING_SOURCE_AT_EXECUTION,,48766,"A005 listed this external reference path, but it is not present in the current workspace; no delete or move was performed."
참고 Context/3. Github Source/QuantTraderDL-main/QuantTraderDL-main/plots/BTC_gauss_multiexog_-50d-20100104-2024729/iteracion_16.png,SOURCE_MISSING_RECHECK,MISSING_SOURCE_AT_EXECUTION,,48027,"A005 listed this external reference path, but it is not present in the current workspace; no delete or move was performed."
참고 Context/3. Github Source/QuantTraderDL-main/QuantTraderDL-main/plots/BTC_gauss_multiexog_-50d-20100104-2024729/iteracion_17.png,SOURCE_MISSING_RECHECK,MISSING_SOURCE_AT_EXECUTION,,73480,"A005 listed this external reference path, but it is not present in the current workspace; no delete or move was performed."
참고 Context/3. Github Source/QuantTraderDL-main/QuantTraderDL-main/plots/BTC_gauss_multiexog_-50d-20100104-2024729/iteracion_18.png,SOURCE_MISSING_RECHECK,MISSING_SOURCE_AT_EXECUTION,,70965,"A005 listed this external reference path, but it is not present in the current workspace; no delete or move was performed."
참고 Context/3. Github Source/QuantTraderDL-main/QuantTraderDL-main/plots/BTC_gauss_multiexog_-50d-20100104-2024729/iteracion_19.png,SOURCE_MISSING_RECHECK,MISSING_SOURCE_AT_EXECUTION,,87474,"A005 listed this external reference path, but it is not present in the current workspace; no delete or move was performed."
참고 Context/3. Github Source/QuantTraderDL-main/QuantTraderDL-main/plots/BTC_gauss_multiexog_-50d-20100104-2024729/iteracion_2.png,SOURCE_MISSING_RECHECK,MISSING_SOURCE_AT_EXECUTION,,48490,"A005 listed this external reference path, but it is not present in the current workspace; no delete or move was performed."
참고 Context/3. Github Source/QuantTraderDL-main/QuantTraderDL-main/plots/BTC_gauss_multiexog_-50d-20100104-2024729/iteracion_20.png,SOURCE_MISSING_RECHECK,MISSING_SOURCE_AT_EXECUTION,,86140,"A005 listed this external reference path, but it is not present in the current workspace; no delete or move was performed."
참고 Context/3. Github Source/QuantTraderDL-main/QuantTraderDL-main/plots/BTC_gauss_multiexog_-50d-20100104-2024729/iteracion_21.png,SOURCE_MISSING_RECHECK,MISSING_SOURCE_AT_EXECUTION,,80573,"A005 listed this external reference path, but it is not present in the current workspace; no delete or move was performed."
참고 Context/3. Github Source/QuantTraderDL-main/QuantTraderDL-main/plots/BTC_gauss_multiexog_-50d-20100104-2024729/iteracion_22.png,SOURCE_MISSING_RECHECK,MISSING_SOURCE_AT_EXECUTION,,84508,"A005 listed this external reference path, but it is not present in the current workspace; no delete or move was performed."
참고 Context/3. Github Source/QuantTraderDL-main/QuantTraderDL-main/plots/BTC_gauss_multiexog_-50d-20100104-2024729/iteracion_23.png,SOURCE_MISSING_RECHECK,MISSING_SOURCE_AT_EXECUTION,,83248,"A005 listed this external reference path, but it is not present in the current workspace; no delete or move was performed."
참고 Context/3. Github Source/QuantTraderDL-main/QuantTraderDL-main/plots/BTC_gauss_multiexog_-50d-20100104-2024729/iteracion_3.png,SOURCE_MISSING_RECHECK,MISSING_SOURCE_AT_EXECUTION,,50361,"A005 listed this external reference path, but it is not present in the current workspace; no delete or move was performed."
참고 Context/3. Github Source/QuantTraderDL-main/QuantTraderDL-main/plots/BTC_gauss_multiexog_-50d-20100104-2024729/iteracion_4.png,SOURCE_MISSING_RECHECK,MISSING_SOURCE_AT_EXECUTION,,54576,"A005 listed this external reference path, but it is not present in the current workspace; no delete or move was performed."
참고 Context/3. Github Source/QuantTraderDL-main/QuantTraderDL-main/plots/BTC_gauss_multiexog_-50d-20100104-2024729/iteracion_5.png,SOURCE_MISSING_RECHECK,MISSING_SOURCE_AT_EXECUTION,,47642,"A005 listed this external reference path, but it is not present in the current workspace; no delete or move was performed."
참고 Context/3. Github Source/QuantTraderDL-main/QuantTraderDL-main/plots/BTC_gauss_multiexog_-50d-20100104-2024729/iteracion_6.png,SOURCE_MISSING_RECHECK,MISSING_SOURCE_AT_EXECUTION,,48145,"A005 listed this external reference path, but it is not present in the current workspace; no delete or move was performed."
참고 Context/3. Github Source/QuantTraderDL-main/QuantTraderDL-main/plots/BTC_gauss_multiexog_-50d-20100104-2024729/iteracion_7.png,SOURCE_MISSING_RECHECK,MISSING_SOURCE_AT_EXECUTION,,55710,"A005 listed this external reference path, but it is not present in the current workspace; no delete or move was performed."
참고 Context/3. Github Source/QuantTraderDL-main/QuantTraderDL-main/plots/BTC_gauss_multiexog_-50d-20100104-2024729/iteracion_8.png,SOURCE_MISSING_RECHECK,MISSING_SOURCE_AT_EXECUTION,,46946,"A005 listed this external reference path, but it is not present in the current workspace; no delete or move was performed."
참고 Context/3. Github Source/QuantTraderDL-main/QuantTraderDL-main/plots/BTC_gauss_multiexog_-50d-20100104-2024729/iteracion_9.png,SOURCE_MISSING_RECHECK,MISSING_SOURCE_AT_EXECUTION,,47658,"A005 listed this external reference path, but it is not present in the current workspace; no delete or move was performed."
참고 Context/3. Github Source/QuantTraderDL-main/QuantTraderDL-main/plots/S&P500_gauss_multiexog_-50d-20100104-2024729/iteracion_1.png,SOURCE_MISSING_RECHECK,MISSING_SOURCE_AT_EXECUTION,,41073,"A005 listed this external reference path, but it is not present in the current workspace; no delete or move was performed."
참고 Context/3. Github Source/QuantTraderDL-main/QuantTraderDL-main/plots/S&P500_gauss_multiexog_-50d-20100104-2024729/iteracion_2.png,SOURCE_MISSING_RECHECK,MISSING_SOURCE_AT_EXECUTION,,40363,"A005 listed this external reference path, but it is not present in the current workspace; no delete or move was performed."
참고 Context/3. Github Source/QuantTraderDL-main/QuantTraderDL-main/plots/S&P500_gauss_multiexog_-50d-20100104-2024729/iteracion_3.png,SOURCE_MISSING_RECHECK,MISSING_SOURCE_AT_EXECUTION,,40467,"A005 listed this external reference path, but it is not present in the current workspace; no delete or move was performed."
참고 Context/3. Github Source/QuantTraderDL-main/QuantTraderDL-main/plots/gauss_multiexog_syp500_-100d-20100104-2024729-lessFilters/iteracion_1.png,SOURCE_MISSING_RECHECK,MISSING_SOURCE_AT_EXECUTION,,40660,"A005 listed this external reference path, but it is not present in the current workspace; no delete or move was performed."
참고 Context/3. Github Source/QuantTraderDL-main/QuantTraderDL-main/plots/gauss_multiexog_syp500_-100d-20100104-2024729-lessFilters/iteracion_10.png,SOURCE_MISSING_RECHECK,MISSING_SOURCE_AT_EXECUTION,,40412,"A005 listed this external reference path, but it is not present in the current workspace; no delete or move was performed."
참고 Context/3. Github Source/QuantTraderDL-main/QuantTraderDL-main/plots/gauss_multiexog_syp500_-100d-20100104-2024729-lessFilters/iteracion_11.png,SOURCE_MISSING_RECHECK,MISSING_SOURCE_AT_EXECUTION,,39771,"A005 listed this external reference path, but it is not present in the current workspace; no delete or move was performed."
참고 Context/3. Github Source/QuantTraderDL-main/QuantTraderDL-main/plots/gauss_multiexog_syp500_-100d-20100104-2024729-lessFilters/iteracion_12.png,SOURCE_MISSING_RECHECK,MISSING_SOURCE_AT_EXECUTION,,40606,"A005 listed this external reference path, but it is not present in the current workspace; no delete or move was performed."
참고 Context/3. Github Source/QuantTraderDL-main/QuantTraderDL-main/plots/gauss_multiexog_syp500_-100d-20100104-2024729-lessFilters/iteracion_13.png,SOURCE_MISSING_RECHECK,MISSING_SOURCE_AT_EXECUTION,,45396,"A005 listed this external reference path, but it is not present in the current workspace; no delete or move was performed."
참고 Context/3. Github Source/QuantTraderDL-main/QuantTraderDL-main/plots/gauss_multiexog_syp500_-100d-20100104-2024729-lessFilters/iteracion_14.png,SOURCE_MISSING_RECHECK,MISSING_SOURCE_AT_EXECUTION,,41008,"A005 listed this external reference path, but it is not present in the current workspace; no delete or move was performed."
참고 Context/3. Github Source/QuantTraderDL-main/QuantTraderDL-main/plots/gauss_multiexog_syp500_-100d-20100104-2024729-lessFilters/iteracion_15.png,SOURCE_MISSING_RECHECK,MISSING_SOURCE_AT_EXECUTION,,39904,"A005 listed this external reference path, but it is not present in the current workspace; no delete or move was performed."
참고 Context/3. Github Source/QuantTraderDL-main/QuantTraderDL-main/plots/gauss_multiexog_syp500_-100d-20100104-2024729-lessFilters/iteracion_16.png,SOURCE_MISSING_RECHECK,MISSING_SOURCE_AT_EXECUTION,,41516,"A005 listed this external reference path, but it is not present in the current workspace; no delete or move was performed."
참고 Context/3. Github Source/QuantTraderDL-main/QuantTraderDL-main/plots/gauss_multiexog_syp500_-100d-20100104-2024729-lessFilters/iteracion_18.png,SOURCE_MISSING_RECHECK,MISSING_SOURCE_AT_EXECUTION,,42378,"A005 listed this external reference path, but it is not present in the current workspace; no delete or move was performed."
참고 Context/3. Github Source/QuantTraderDL-main/QuantTraderDL-main/plots/gauss_multiexog_syp500_-100d-20100104-2024729-lessFilters/iteracion_19.png,SOURCE_MISSING_RECHECK,MISSING_SOURCE_AT_EXECUTION,,40544,"A005 listed this external reference path, but it is not present in the current workspace; no delete or move was performed."
참고 Context/3. Github Source/QuantTraderDL-main/QuantTraderDL-main/plots/gauss_multiexog_syp500_-100d-20100104-2024729-lessFilters/iteracion_2.png,SOURCE_MISSING_RECHECK,MISSING_SOURCE_AT_EXECUTION,,39527,"A005 listed this external reference path, but it is not present in the current workspace; no delete or move was performed."
참고 Context/3. Github Source/QuantTraderDL-main/QuantTraderDL-main/plots/gauss_multiexog_syp500_-100d-20100104-2024729-lessFilters/iteracion_20.png,SOURCE_MISSING_RECHECK,MISSING_SOURCE_AT_EXECUTION,,41011,"A005 listed this external reference path, but it is not present in the current workspace; no delete or move was performed."
참고 Context/3. Github Source/QuantTraderDL-main/QuantTraderDL-main/plots/gauss_multiexog_syp500_-100d-20100104-2024729-lessFilters/iteracion_21.png,SOURCE_MISSING_RECHECK,MISSING_SOURCE_AT_EXECUTION,,40463,"A005 listed this external reference path, but it is not present in the current workspace; no delete or move was performed."
참고 Context/3. Github Source/QuantTraderDL-main/QuantTraderDL-main/plots/gauss_multiexog_syp500_-100d-20100104-2024729-lessFilters/iteracion_22.png,SOURCE_MISSING_RECHECK,MISSING_SOURCE_AT_EXECUTION,,41221,"A005 listed this external reference path, but it is not present in the current workspace; no delete or move was performed."
참고 Context/3. Github Source/QuantTraderDL-main/QuantTraderDL-main/plots/gauss_multiexog_syp500_-100d-20100104-2024729-lessFilters/iteracion_23.png,SOURCE_MISSING_RECHECK,MISSING_SOURCE_AT_EXECUTION,,42979,"A005 listed this external reference path, but it is not present in the current workspace; no delete or move was performed."
참고 Context/3. Github Source/QuantTraderDL-main/QuantTraderDL-main/plots/gauss_multiexog_syp500_-100d-20100104-2024729-lessFilters/iteracion_24.png,SOURCE_MISSING_RECHECK,MISSING_SOURCE_AT_EXECUTION,,40061,"A005 listed this external reference path, but it is not present in the current workspace; no delete or move was performed."
참고 Context/3. Github Source/QuantTraderDL-main/QuantTraderDL-main/plots/gauss_multiexog_syp500_-100d-20100104-2024729-lessFilters/iteracion_25.png,SOURCE_MISSING_RECHECK,MISSING_SOURCE_AT_EXECUTION,,42174,"A005 listed this external reference path, but it is not present in the current workspace; no delete or move was performed."
참고 Context/3. Github Source/QuantTraderDL-main/QuantTraderDL-main/plots/gauss_multiexog_syp500_-100d-20100104-2024729-lessFilters/iteracion_26.png,SOURCE_MISSING_RECHECK,MISSING_SOURCE_AT_EXECUTION,,41388,"A005 listed this external reference path, but it is not present in the current workspace; no delete or move was performed."
참고 Context/3. Github Source/QuantTraderDL-main/QuantTraderDL-main/plots/gauss_multiexog_syp500_-100d-20100104-2024729-lessFilters/iteracion_27.png,SOURCE_MISSING_RECHECK,MISSING_SOURCE_AT_EXECUTION,,43980,"A005 listed this external reference path, but it is not present in the current workspace; no delete or move was performed."
참고 Context/3. Github Source/QuantTraderDL-main/QuantTraderDL-main/plots/gauss_multiexog_syp500_-100d-20100104-2024729-lessFilters/iteracion_28.png,SOURCE_MISSING_RECHECK,MISSING_SOURCE_AT_EXECUTION,,45698,"A005 listed this external reference path, but it is not present in the current workspace; no delete or move was performed."
참고 Context/3. Github Source/QuantTraderDL-main/QuantTraderDL-main/plots/gauss_multiexog_syp500_-100d-20100104-2024729-lessFilters/iteracion_29.png,SOURCE_MISSING_RECHECK,MISSING_SOURCE_AT_EXECUTION,,40019,"A005 listed this external reference path, but it is not present in the current workspace; no delete or move was performed."
참고 Context/3. Github Source/QuantTraderDL-main/QuantTraderDL-main/plots/gauss_multiexog_syp500_-100d-20100104-2024729-lessFilters/iteracion_3.png,SOURCE_MISSING_RECHECK,MISSING_SOURCE_AT_EXECUTION,,40670,"A005 listed this external reference path, but it is not present in the current workspace; no delete or move was performed."
참고 Context/3. Github Source/QuantTraderDL-main/QuantTraderDL-main/plots/gauss_multiexog_syp500_-100d-20100104-2024729-lessFilters/iteracion_30.png,SOURCE_MISSING_RECHECK,MISSING_SOURCE_AT_EXECUTION,,42836,"A005 listed this external reference path, but it is not present in the current workspace; no delete or move was performed."
참고 Context/3. Github Source/QuantTraderDL-main/QuantTraderDL-main/plots/gauss_multiexog_syp500_-100d-20100104-2024729-lessFilters/iteracion_31.png,SOURCE_MISSING_RECHECK,MISSING_SOURCE_AT_EXECUTION,,40390,"A005 listed this external reference path, but it is not present in the current workspace; no delete or move was performed."
참고 Context/3. Github Source/QuantTraderDL-main/QuantTraderDL-main/plots/gauss_multiexog_syp500_-100d-20100104-2024729-lessFilters/iteracion_32.png,SOURCE_MISSING_RECHECK,MISSING_SOURCE_AT_EXECUTION,,39469,"A005 listed this external reference path, but it is not present in the current workspace; no delete or move was performed."
참고 Context/3. Github Source/QuantTraderDL-main/QuantTraderDL-main/plots/gauss_multiexog_syp500_-100d-20100104-2024729-lessFilters/iteracion_33.png,SOURCE_MISSING_RECHECK,MISSING_SOURCE_AT_EXECUTION,,41617,"A005 listed this external reference path, but it is not present in the current workspace; no delete or move was performed."
참고 Context/3. Github Source/QuantTraderDL-main/QuantTraderDL-main/plots/gauss_multiexog_syp500_-100d-20100104-2024729-lessFilters/iteracion_34.png,SOURCE_MISSING_RECHECK,MISSING_SOURCE_AT_EXECUTION,,40210,"A005 listed this external reference path, but it is not present in the current workspace; no delete or move was performed."
참고 Context/3. Github Source/QuantTraderDL-main/QuantTraderDL-main/plots/gauss_multiexog_syp500_-100d-20100104-2024729-lessFilters/iteracion_35.png,SOURCE_MISSING_RECHECK,MISSING_SOURCE_AT_EXECUTION,,39599,"A005 listed this external reference path, but it is not present in the current workspace; no delete or move was performed."
참고 Context/3. Github Source/QuantTraderDL-main/QuantTraderDL-main/plots/gauss_multiexog_syp500_-100d-20100104-2024729-lessFilters/iteracion_36.png,SOURCE_MISSING_RECHECK,MISSING_SOURCE_AT_EXECUTION,,43952,"A005 listed this external reference path, but it is not present in the current workspace; no delete or move was performed."
참고 Context/3. Github Source/QuantTraderDL-main/QuantTraderDL-main/plots/gauss_multiexog_syp500_-100d-20100104-2024729-lessFilters/iteracion_37.png,SOURCE_MISSING_RECHECK,MISSING_SOURCE_AT_EXECUTION,,39734,"A005 listed this external reference path, but it is not present in the current workspace; no delete or move was performed."
참고 Context/3. Github Source/QuantTraderDL-main/QuantTraderDL-main/plots/gauss_multiexog_syp500_-100d-20100104-2024729-lessFilters/iteracion_38.png,SOURCE_MISSING_RECHECK,MISSING_SOURCE_AT_EXECUTION,,38936,"A005 listed this external reference path, but it is not present in the current workspace; no delete or move was performed."
참고 Context/3. Github Source/QuantTraderDL-main/QuantTraderDL-main/plots/gauss_multiexog_syp500_-100d-20100104-2024729-lessFilters/iteracion_39.png,SOURCE_MISSING_RECHECK,MISSING_SOURCE_AT_EXECUTION,,41567,"A005 listed this external reference path, but it is not present in the current workspace; no delete or move was performed."
참고 Context/3. Github Source/QuantTraderDL-main/QuantTraderDL-main/plots/gauss_multiexog_syp500_-100d-20100104-2024729-lessFilters/iteracion_4.png,SOURCE_MISSING_RECHECK,MISSING_SOURCE_AT_EXECUTION,,39212,"A005 listed this external reference path, but it is not present in the current workspace; no delete or move was performed."
참고 Context/3. Github Source/QuantTraderDL-main/QuantTraderDL-main/plots/gauss_multiexog_syp500_-100d-20100104-2024729-lessFilters/iteracion_40.png,SOURCE_MISSING_RECHECK,MISSING_SOURCE_AT_EXECUTION,,40003,"A005 listed this external reference path, but it is not present in the current workspace; no delete or move was performed."
참고 Context/3. Github Source/QuantTraderDL-main/QuantTraderDL-main/plots/gauss_multiexog_syp500_-100d-20100104-2024729-lessFilters/iteracion_41.png,SOURCE_MISSING_RECHECK,MISSING_SOURCE_AT_EXECUTION,,40334,"A005 listed this external reference path, but it is not present in the current workspace; no delete or move was performed."
참고 Context/3. Github Source/QuantTraderDL-main/QuantTraderDL-main/plots/gauss_multiexog_syp500_-100d-20100104-2024729-lessFilters/iteracion_42.png,SOURCE_MISSING_RECHECK,MISSING_SOURCE_AT_EXECUTION,,41359,"A005 listed this external reference path, but it is not present in the current workspace; no delete or move was performed."
참고 Context/3. Github Source/QuantTraderDL-main/QuantTraderDL-main/plots/gauss_multiexog_syp500_-100d-20100104-2024729-lessFilters/iteracion_45.png,SOURCE_MISSING_RECHECK,MISSING_SOURCE_AT_EXECUTION,,41501,"A005 listed this external reference path, but it is not present in the current workspace; no delete or move was performed."
참고 Context/3. Github Source/QuantTraderDL-main/QuantTraderDL-main/plots/gauss_multiexog_syp500_-100d-20100104-2024729-lessFilters/iteracion_46.png,SOURCE_MISSING_RECHECK,MISSING_SOURCE_AT_EXECUTION,,39516,"A005 listed this external reference path, but it is not present in the current workspace; no delete or move was performed."
참고 Context/3. Github Source/QuantTraderDL-main/QuantTraderDL-main/plots/gauss_multiexog_syp500_-100d-20100104-2024729-lessFilters/iteracion_47.png,SOURCE_MISSING_RECHECK,MISSING_SOURCE_AT_EXECUTION,,42364,"A005 listed this external reference path, but it is not present in the current workspace; no delete or move was performed."
참고 Context/3. Github Source/QuantTraderDL-main/QuantTraderDL-main/plots/gauss_multiexog_syp500_-100d-20100104-2024729-lessFilters/iteracion_48.png,SOURCE_MISSING_RECHECK,MISSING_SOURCE_AT_EXECUTION,,40028,"A005 listed this external reference path, but it is not present in the current workspace; no delete or move was performed."
참고 Context/3. Github Source/QuantTraderDL-main/QuantTraderDL-main/plots/gauss_multiexog_syp500_-100d-20100104-2024729-lessFilters/iteracion_49.png,SOURCE_MISSING_RECHECK,MISSING_SOURCE_AT_EXECUTION,,45256,"A005 listed this external reference path, but it is not present in the current workspace; no delete or move was performed."
참고 Context/3. Github Source/QuantTraderDL-main/QuantTraderDL-main/plots/gauss_multiexog_syp500_-100d-20100104-2024729-lessFilters/iteracion_5.png,SOURCE_MISSING_RECHECK,MISSING_SOURCE_AT_EXECUTION,,40149,"A005 listed this external reference path, but it is not present in the current workspace; no delete or move was performed."
참고 Context/3. Github Source/QuantTraderDL-main/QuantTraderDL-main/plots/gauss_multiexog_syp500_-100d-20100104-2024729-lessFilters/iteracion_50.png,SOURCE_MISSING_RECHECK,MISSING_SOURCE_AT_EXECUTION,,38855,"A005 listed this external reference path, but it is not present in the current workspace; no delete or move was performed."
참고 Context/3. Github Source/QuantTraderDL-main/QuantTraderDL-main/plots/gauss_multiexog_syp500_-100d-20100104-2024729-lessFilters/iteracion_51.png,SOURCE_MISSING_RECHECK,MISSING_SOURCE_AT_EXECUTION,,40454,"A005 listed this external reference path, but it is not present in the current workspace; no delete or move was performed."
참고 Context/3. Github Source/QuantTraderDL-main/QuantTraderDL-main/plots/gauss_multiexog_syp500_-100d-20100104-2024729-lessFilters/iteracion_52.png,SOURCE_MISSING_RECHECK,MISSING_SOURCE_AT_EXECUTION,,41137,"A005 listed this external reference path, but it is not present in the current workspace; no delete or move was performed."
참고 Context/3. Github Source/QuantTraderDL-main/QuantTraderDL-main/plots/gauss_multiexog_syp500_-100d-20100104-2024729-lessFilters/iteracion_53.png,SOURCE_MISSING_RECHECK,MISSING_SOURCE_AT_EXECUTION,,39680,"A005 listed this external reference path, but it is not present in the current workspace; no delete or move was performed."
참고 Context/3. Github Source/QuantTraderDL-main/QuantTraderDL-main/plots/gauss_multiexog_syp500_-100d-20100104-2024729-lessFilters/iteracion_54.png,SOURCE_MISSING_RECHECK,MISSING_SOURCE_AT_EXECUTION,,40990,"A005 listed this external reference path, but it is not present in the current workspace; no delete or move was performed."
참고 Context/3. Github Source/QuantTraderDL-main/QuantTraderDL-main/plots/gauss_multiexog_syp500_-100d-20100104-2024729-lessFilters/iteracion_56.png,SOURCE_MISSING_RECHECK,MISSING_SOURCE_AT_EXECUTION,,42296,"A005 listed this external reference path, but it is not present in the current workspace; no delete or move was performed."
참고 Context/3. Github Source/QuantTraderDL-main/QuantTraderDL-main/plots/gauss_multiexog_syp500_-100d-20100104-2024729-lessFilters/iteracion_57.png,SOURCE_MISSING_RECHECK,MISSING_SOURCE_AT_EXECUTION,,39682,"A005 listed this external reference path, but it is not present in the current workspace; no delete or move was performed."
참고 Context/3. Github Source/QuantTraderDL-main/QuantTraderDL-main/plots/gauss_multiexog_syp500_-100d-20100104-2024729-lessFilters/iteracion_59.png,SOURCE_MISSING_RECHECK,MISSING_SOURCE_AT_EXECUTION,,42109,"A005 listed this external reference path, but it is not present in the current workspace; no delete or move was performed."
참고 Context/3. Github Source/QuantTraderDL-main/QuantTraderDL-main/plots/gauss_multiexog_syp500_-100d-20100104-2024729-lessFilters/iteracion_6.png,SOURCE_MISSING_RECHECK,MISSING_SOURCE_AT_EXECUTION,,43845,"A005 listed this external reference path, but it is not present in the current workspace; no delete or move was performed."
참고 Context/3. Github Source/QuantTraderDL-main/QuantTraderDL-main/plots/gauss_multiexog_syp500_-100d-20100104-2024729-lessFilters/iteracion_60.png,SOURCE_MISSING_RECHECK,MISSING_SOURCE_AT_EXECUTION,,38933,"A005 listed this external reference path, but it is not present in the current workspace; no delete or move was performed."
참고 Context/3. Github Source/QuantTraderDL-main/QuantTraderDL-main/plots/gauss_multiexog_syp500_-100d-20100104-2024729-lessFilters/iteracion_61.png,SOURCE_MISSING_RECHECK,MISSING_SOURCE_AT_EXECUTION,,39459,"A005 listed this external reference path, but it is not present in the current workspace; no delete or move was performed."
참고 Context/3. Github Source/QuantTraderDL-main/QuantTraderDL-main/plots/gauss_multiexog_syp500_-100d-20100104-2024729-lessFilters/iteracion_62.png,SOURCE_MISSING_RECHECK,MISSING_SOURCE_AT_EXECUTION,,38509,"A005 listed this external reference path, but it is not present in the current workspace; no delete or move was performed."
참고 Context/3. Github Source/QuantTraderDL-main/QuantTraderDL-main/plots/gauss_multiexog_syp500_-100d-20100104-2024729-lessFilters/iteracion_63.png,SOURCE_MISSING_RECHECK,MISSING_SOURCE_AT_EXECUTION,,40785,"A005 listed this external reference path, but it is not present in the current workspace; no delete or move was performed."
참고 Context/3. Github Source/QuantTraderDL-main/QuantTraderDL-main/plots/gauss_multiexog_syp500_-100d-20100104-2024729-lessFilters/iteracion_64.png,SOURCE_MISSING_RECHECK,MISSING_SOURCE_AT_EXECUTION,,41370,"A005 listed this external reference path, but it is not present in the current workspace; no delete or move was performed."
참고 Context/3. Github Source/QuantTraderDL-main/QuantTraderDL-main/plots/gauss_multiexog_syp500_-100d-20100104-2024729-lessFilters/iteracion_65.png,SOURCE_MISSING_RECHECK,MISSING_SOURCE_AT_EXECUTION,,42890,"A005 listed this external reference path, but it is not present in the current workspace; no delete or move was performed."
참고 Context/3. Github Source/QuantTraderDL-main/QuantTraderDL-main/plots/gauss_multiexog_syp500_-100d-20100104-2024729-lessFilters/iteracion_67.png,SOURCE_MISSING_RECHECK,MISSING_SOURCE_AT_EXECUTION,,44523,"A005 listed this external reference path, but it is not present in the current workspace; no delete or move was performed."
참고 Context/3. Github Source/QuantTraderDL-main/QuantTraderDL-main/plots/gauss_multiexog_syp500_-100d-20100104-2024729-lessFilters/iteracion_68.png,SOURCE_MISSING_RECHECK,MISSING_SOURCE_AT_EXECUTION,,42840,"A005 listed this external reference path, but it is not present in the current workspace; no delete or move was performed."
참고 Context/3. Github Source/QuantTraderDL-main/QuantTraderDL-main/plots/gauss_multiexog_syp500_-100d-20100104-2024729-lessFilters/iteracion_69.png,SOURCE_MISSING_RECHECK,MISSING_SOURCE_AT_EXECUTION,,42822,"A005 listed this external reference path, but it is not present in the current workspace; no delete or move was performed."
참고 Context/3. Github Source/QuantTraderDL-main/QuantTraderDL-main/plots/gauss_multiexog_syp500_-100d-20100104-2024729-lessFilters/iteracion_7.png,SOURCE_MISSING_RECHECK,MISSING_SOURCE_AT_EXECUTION,,38440,"A005 listed this external reference path, but it is not present in the current workspace; no delete or move was performed."
참고 Context/3. Github Source/QuantTraderDL-main/QuantTraderDL-main/plots/gauss_multiexog_syp500_-100d-20100104-2024729-lessFilters/iteracion_70.png,SOURCE_MISSING_RECHECK,MISSING_SOURCE_AT_EXECUTION,,38517,"A005 listed this external reference path, but it is not present in the current workspace; no delete or move was performed."
참고 Context/3. Github Source/QuantTraderDL-main/QuantTraderDL-main/plots/gauss_multiexog_syp500_-100d-20100104-2024729-lessFilters/iteracion_71.png,SOURCE_MISSING_RECHECK,MISSING_SOURCE_AT_EXECUTION,,43253,"A005 listed this external reference path, but it is not present in the current workspace; no delete or move was performed."
참고 Context/3. Github Source/QuantTraderDL-main/QuantTraderDL-main/plots/gauss_multiexog_syp500_-100d-20100104-2024729-lessFilters/iteracion_72.png,SOURCE_MISSING_RECHECK,MISSING_SOURCE_AT_EXECUTION,,39367,"A005 listed this external reference path, but it is not present in the current workspace; no delete or move was performed."
참고 Context/3. Github Source/QuantTraderDL-main/QuantTraderDL-main/plots/gauss_multiexog_syp500_-100d-20100104-2024729-lessFilters/iteracion_73.png,SOURCE_MISSING_RECHECK,MISSING_SOURCE_AT_EXECUTION,,40957,"A005 listed this external reference path, but it is not present in the current workspace; no delete or move was performed."
참고 Context/3. Github Source/QuantTraderDL-main/QuantTraderDL-main/plots/gauss_multiexog_syp500_-100d-20100104-2024729-lessFilters/iteracion_74.png,SOURCE_MISSING_RECHECK,MISSING_SOURCE_AT_EXECUTION,,39260,"A005 listed this external reference path, but it is not present in the current workspace; no delete or move was performed."
참고 Context/3. Github Source/QuantTraderDL-main/QuantTraderDL-main/plots/gauss_multiexog_syp500_-100d-20100104-2024729-lessFilters/iteracion_75.png,SOURCE_MISSING_RECHECK,MISSING_SOURCE_AT_EXECUTION,,40703,"A005 listed this external reference path, but it is not present in the current workspace; no delete or move was performed."
참고 Context/3. Github Source/QuantTraderDL-main/QuantTraderDL-main/plots/gauss_multiexog_syp500_-100d-20100104-2024729-lessFilters/iteracion_76.png,SOURCE_MISSING_RECHECK,MISSING_SOURCE_AT_EXECUTION,,41889,"A005 listed this external reference path, but it is not present in the current workspace; no delete or move was performed."
참고 Context/3. Github Source/QuantTraderDL-main/QuantTraderDL-main/plots/gauss_multiexog_syp500_-100d-20100104-2024729-lessFilters/iteracion_77.png,SOURCE_MISSING_RECHECK,MISSING_SOURCE_AT_EXECUTION,,38141,"A005 listed this external reference path, but it is not present in the current workspace; no delete or move was performed."
참고 Context/3. Github Source/QuantTraderDL-main/QuantTraderDL-main/plots/gauss_multiexog_syp500_-100d-20100104-2024729-lessFilters/iteracion_78.png,SOURCE_MISSING_RECHECK,MISSING_SOURCE_AT_EXECUTION,,39102,"A005 listed this external reference path, but it is not present in the current workspace; no delete or move was performed."
참고 Context/3. Github Source/QuantTraderDL-main/QuantTraderDL-main/plots/gauss_multiexog_syp500_-100d-20100104-2024729-lessFilters/iteracion_79.png,SOURCE_MISSING_RECHECK,MISSING_SOURCE_AT_EXECUTION,,38363,"A005 listed this external reference path, but it is not present in the current workspace; no delete or move was performed."
참고 Context/3. Github Source/QuantTraderDL-main/QuantTraderDL-main/plots/gauss_multiexog_syp500_-100d-20100104-2024729-lessFilters/iteracion_8.png,SOURCE_MISSING_RECHECK,MISSING_SOURCE_AT_EXECUTION,,40157,"A005 listed this external reference path, but it is not present in the current workspace; no delete or move was performed."
참고 Context/3. Github Source/QuantTraderDL-main/QuantTraderDL-main/plots/gauss_multiexog_syp500_-100d-20100104-2024729-lessFilters/iteracion_80.png,SOURCE_MISSING_RECHECK,MISSING_SOURCE_AT_EXECUTION,,41795,"A005 listed this external reference path, but it is not present in the current workspace; no delete or move was performed."
참고 Context/3. Github Source/QuantTraderDL-main/QuantTraderDL-main/plots/gauss_multiexog_syp500_-100d-20100104-2024729-lessFilters/iteracion_9.png,SOURCE_MISSING_RECHECK,MISSING_SOURCE_AT_EXECUTION,,41329,"A005 listed this external reference path, but it is not present in the current workspace; no delete or move was performed."
참고 Context/3. Github Source/QuantTraderDL-main/QuantTraderDL-main/plots/gauss_multiexog_syp500_-50d-20100104-2024729-lessFilters/iteracion_1.png,SOURCE_MISSING_RECHECK,MISSING_SOURCE_AT_EXECUTION,,40257,"A005 listed this external reference path, but it is not present in the current workspace; no delete or move was performed."
참고 Context/3. Github Source/QuantTraderDL-main/QuantTraderDL-main/plots/gauss_multiexog_syp500_-50d-20100104-2024729-lessFilters/iteracion_10.png,SOURCE_MISSING_RECHECK,MISSING_SOURCE_AT_EXECUTION,,40257,"A005 listed this external reference path, but it is not present in the current workspace; no delete or move was performed."
참고 Context/3. Github Source/QuantTraderDL-main/QuantTraderDL-main/plots/gauss_multiexog_syp500_-50d-20100104-2024729-lessFilters/iteracion_100.png,SOURCE_MISSING_RECHECK,MISSING_SOURCE_AT_EXECUTION,,41297,"A005 listed this external reference path, but it is not present in the current workspace; no delete or move was performed."
참고 Context/3. Github Source/QuantTraderDL-main/QuantTraderDL-main/plots/gauss_multiexog_syp500_-50d-20100104-2024729-lessFilters/iteracion_101.png,SOURCE_MISSING_RECHECK,MISSING_SOURCE_AT_EXECUTION,,40578,"A005 listed this external reference path, but it is not present in the current workspace; no delete or move was performed."
참고 Context/3. Github Source/QuantTraderDL-main/QuantTraderDL-main/plots/gauss_multiexog_syp500_-50d-20100104-2024729-lessFilters/iteracion_102.png,SOURCE_MISSING_RECHECK,MISSING_SOURCE_AT_EXECUTION,,39904,"A005 listed this external reference path, but it is not present in the current workspace; no delete or move was performed."
참고 Context/3. Github Source/QuantTraderDL-main/QuantTraderDL-main/plots/gauss_multiexog_syp500_-50d-20100104-2024729-lessFilters/iteracion_103.png,SOURCE_MISSING_RECHECK,MISSING_SOURCE_AT_EXECUTION,,40748,"A005 listed this external reference path, but it is not present in the current workspace; no delete or move was performed."
참고 Context/3. Github Source/QuantTraderDL-main/QuantTraderDL-main/plots/gauss_multiexog_syp500_-50d-20100104-2024729-lessFilters/iteracion_104.png,SOURCE_MISSING_RECHECK,MISSING_SOURCE_AT_EXECUTION,,40397,"A005 listed this external reference path, but it is not present in the current workspace; no delete or move was performed."
참고 Context/3. Github Source/QuantTraderDL-main/QuantTraderDL-main/plots/gauss_multiexog_syp500_-50d-20100104-2024729-lessFilters/iteracion_105.png,SOURCE_MISSING_RECHECK,MISSING_SOURCE_AT_EXECUTION,,40682,"A005 listed this external reference path, but it is not present in the current workspace; no delete or move was performed."
참고 Context/3. Github Source/QuantTraderDL-main/QuantTraderDL-main/plots/gauss_multiexog_syp500_-50d-20100104-2024729-lessFilters/iteracion_106.png,SOURCE_MISSING_RECHECK,MISSING_SOURCE_AT_EXECUTION,,39127,"A005 listed this external reference path, but it is not present in the current workspace; no delete or move was performed."
참고 Context/3. Github Source/QuantTraderDL-main/QuantTraderDL-main/plots/gauss_multiexog_syp500_-50d-20100104-2024729-lessFilters/iteracion_107.png,SOURCE_MISSING_RECHECK,MISSING_SOURCE_AT_EXECUTION,,41074,"A005 listed this external reference path, but it is not present in the current workspace; no delete or move was performed."
참고 Context/3. Github Source/QuantTraderDL-main/QuantTraderDL-main/plots/gauss_multiexog_syp500_-50d-20100104-2024729-lessFilters/iteracion_108.png,SOURCE_MISSING_RECHECK,MISSING_SOURCE_AT_EXECUTION,,40216,"A005 listed this external reference path, but it is not present in the current workspace; no delete or move was performed."
참고 Context/3. Github Source/QuantTraderDL-main/QuantTraderDL-main/plots/gauss_multiexog_syp500_-50d-20100104-2024729-lessFilters/iteracion_109.png,SOURCE_MISSING_RECHECK,MISSING_SOURCE_AT_EXECUTION,,40780,"A005 listed this external reference path, but it is not present in the current workspace; no delete or move was performed."
참고 Context/3. Github Source/QuantTraderDL-main/QuantTraderDL-main/plots/gauss_multiexog_syp500_-50d-20100104-2024729-lessFilters/iteracion_11.png,SOURCE_MISSING_RECHECK,MISSING_SOURCE_AT_EXECUTION,,40491,"A005 listed this external reference path, but it is not present in the current workspace; no delete or move was performed."
참고 Context/3. Github Source/QuantTraderDL-main/QuantTraderDL-main/plots/gauss_multiexog_syp500_-50d-20100104-2024729-lessFilters/iteracion_110.png,SOURCE_MISSING_RECHECK,MISSING_SOURCE_AT_EXECUTION,,38652,"A005 listed this external reference path, but it is not present in the current workspace; no delete or move was performed."
참고 Context/3. Github Source/QuantTraderDL-main/QuantTraderDL-main/plots/gauss_multiexog_syp500_-50d-20100104-2024729-lessFilters/iteracion_111.png,SOURCE_MISSING_RECHECK,MISSING_SOURCE_AT_EXECUTION,,40785,"A005 listed this external reference path, but it is not present in the current workspace; no delete or move was performed."
참고 Context/3. Github Source/QuantTraderDL-main/QuantTraderDL-main/plots/gauss_multiexog_syp500_-50d-20100104-2024729-lessFilters/iteracion_114.png,SOURCE_MISSING_RECHECK,MISSING_SOURCE_AT_EXECUTION,,39535,"A005 listed this external reference path, but it is not present in the current workspace; no delete or move was performed."
참고 Context/3. Github Source/QuantTraderDL-main/QuantTraderDL-main/plots/gauss_multiexog_syp500_-50d-20100104-2024729-lessFilters/iteracion_115.png,SOURCE_MISSING_RECHECK,MISSING_SOURCE_AT_EXECUTION,,41052,"A005 listed this external reference path, but it is not present in the current workspace; no delete or move was performed."
참고 Context/3. Github Source/QuantTraderDL-main/QuantTraderDL-main/plots/gauss_multiexog_syp500_-50d-20100104-2024729-lessFilters/iteracion_116.png,SOURCE_MISSING_RECHECK,MISSING_SOURCE_AT_EXECUTION,,39325,"A005 listed this external reference path, but it is not present in the current workspace; no delete or move was performed."
참고 Context/3. Github Source/QuantTraderDL-main/QuantTraderDL-main/plots/gauss_multiexog_syp500_-50d-20100104-2024729-lessFilters/iteracion_117.png,SOURCE_MISSING_RECHECK,MISSING_SOURCE_AT_EXECUTION,,37839,"A005 listed this external reference path, but it is not present in the current workspace; no delete or move was performed."
참고 Context/3. Github Source/QuantTraderDL-main/QuantTraderDL-main/plots/gauss_multiexog_syp500_-50d-20100104-2024729-lessFilters/iteracion_118.png,SOURCE_MISSING_RECHECK,MISSING_SOURCE_AT_EXECUTION,,39740,"A005 listed this external reference path, but it is not present in the current workspace; no delete or move was performed."
참고 Context/3. Github Source/QuantTraderDL-main/QuantTraderDL-main/plots/gauss_multiexog_syp500_-50d-20100104-2024729-lessFilters/iteracion_119.png,SOURCE_MISSING_RECHECK,MISSING_SOURCE_AT_EXECUTION,,40512,"A005 listed this external reference path, but it is not present in the current workspace; no delete or move was performed."
참고 Context/3. Github Source/QuantTraderDL-main/QuantTraderDL-main/plots/gauss_multiexog_syp500_-50d-20100104-2024729-lessFilters/iteracion_12.png,SOURCE_MISSING_RECHECK,MISSING_SOURCE_AT_EXECUTION,,37801,"A005 listed this external reference path, but it is not present in the current workspace; no delete or move was performed."
참고 Context/3. Github Source/QuantTraderDL-main/QuantTraderDL-main/plots/gauss_multiexog_syp500_-50d-20100104-2024729-lessFilters/iteracion_120.png,SOURCE_MISSING_RECHECK,MISSING_SOURCE_AT_EXECUTION,,41294,"A005 listed this external reference path, but it is not present in the current workspace; no delete or move was performed."
참고 Context/3. Github Source/QuantTraderDL-main/QuantTraderDL-main/plots/gauss_multiexog_syp500_-50d-20100104-2024729-lessFilters/iteracion_121.png,SOURCE_MISSING_RECHECK,MISSING_SOURCE_AT_EXECUTION,,40778,"A005 listed this external reference path, but it is not present in the current workspace; no delete or move was performed."
참고 Context/3. Github Source/QuantTraderDL-main/QuantTraderDL-main/plots/gauss_multiexog_syp500_-50d-20100104-2024729-lessFilters/iteracion_122.png,SOURCE_MISSING_RECHECK,MISSING_SOURCE_AT_EXECUTION,,38970,"A005 listed this external reference path, but it is not present in the current workspace; no delete or move was performed."
참고 Context/3. Github Source/QuantTraderDL-main/QuantTraderDL-main/plots/gauss_multiexog_syp500_-50d-20100104-2024729-lessFilters/iteracion_123.png,SOURCE_MISSING_RECHECK,MISSING_SOURCE_AT_EXECUTION,,40349,"A005 listed this external reference path, but it is not present in the current workspace; no delete or move was performed."
참고 Context/3. Github Source/QuantTraderDL-main/QuantTraderDL-main/plots/gauss_multiexog_syp500_-50d-20100104-2024729-lessFilters/iteracion_124.png,SOURCE_MISSING_RECHECK,MISSING_SOURCE_AT_EXECUTION,,40444,"A005 listed this external reference path, but it is not present in the current workspace; no delete or move was performed."
참고 Context/3. Github Source/QuantTraderDL-main/QuantTraderDL-main/plots/gauss_multiexog_syp500_-50d-20100104-2024729-lessFilters/iteracion_125.png,SOURCE_MISSING_RECHECK,MISSING_SOURCE_AT_EXECUTION,,41302,"A005 listed this external reference path, but it is not present in the current workspace; no delete or move was performed."
참고 Context/3. Github Source/QuantTraderDL-main/QuantTraderDL-main/plots/gauss_multiexog_syp500_-50d-20100104-2024729-lessFilters/iteracion_126.png,SOURCE_MISSING_RECHECK,MISSING_SOURCE_AT_EXECUTION,,40360,"A005 listed this external reference path, but it is not present in the current workspace; no delete or move was performed."
참고 Context/3. Github Source/QuantTraderDL-main/QuantTraderDL-main/plots/gauss_multiexog_syp500_-50d-20100104-2024729-lessFilters/iteracion_127.png,SOURCE_MISSING_RECHECK,MISSING_SOURCE_AT_EXECUTION,,38887,"A005 listed this external reference path, but it is not present in the current workspace; no delete or move was performed."
참고 Context/3. Github Source/QuantTraderDL-main/QuantTraderDL-main/plots/gauss_multiexog_syp500_-50d-20100104-2024729-lessFilters/iteracion_128.png,SOURCE_MISSING_RECHECK,MISSING_SOURCE_AT_EXECUTION,,38854,"A005 listed this external reference path, but it is not present in the current workspace; no delete or move was performed."
참고 Context/3. Github Source/QuantTraderDL-main/QuantTraderDL-main/plots/gauss_multiexog_syp500_-50d-20100104-2024729-lessFilters/iteracion_129.png,SOURCE_MISSING_RECHECK,MISSING_SOURCE_AT_EXECUTION,,41187,"A005 listed this external reference path, but it is not present in the current workspace; no delete or move was performed."
참고 Context/3. Github Source/QuantTraderDL-main/QuantTraderDL-main/plots/gauss_multiexog_syp500_-50d-20100104-2024729-lessFilters/iteracion_13.png,SOURCE_MISSING_RECHECK,MISSING_SOURCE_AT_EXECUTION,,39024,"A005 listed this external reference path, but it is not present in the current workspace; no delete or move was performed."
참고 Context/3. Github Source/QuantTraderDL-main/QuantTraderDL-main/plots/gauss_multiexog_syp500_-50d-20100104-2024729-lessFilters/iteracion_130.png,SOURCE_MISSING_RECHECK,MISSING_SOURCE_AT_EXECUTION,,40245,"A005 listed this external reference path, but it is not present in the current workspace; no delete or move was performed."
참고 Context/3. Github Source/QuantTraderDL-main/QuantTraderDL-main/plots/gauss_multiexog_syp500_-50d-20100104-2024729-lessFilters/iteracion_14.png,SOURCE_MISSING_RECHECK,MISSING_SOURCE_AT_EXECUTION,,39110,"A005 listed this external reference path, but it is not present in the current workspace; no delete or move was performed."
참고 Context/3. Github Source/QuantTraderDL-main/QuantTraderDL-main/plots/gauss_multiexog_syp500_-50d-20100104-2024729-lessFilters/iteracion_15.png,SOURCE_MISSING_RECHECK,MISSING_SOURCE_AT_EXECUTION,,40749,"A005 listed this external reference path, but it is not present in the current workspace; no delete or move was performed."
참고 Context/3. Github Source/QuantTraderDL-main/QuantTraderDL-main/plots/gauss_multiexog_syp500_-50d-20100104-2024729-lessFilters/iteracion_16.png,SOURCE_MISSING_RECHECK,MISSING_SOURCE_AT_EXECUTION,,40575,"A005 listed this external reference path, but it is not present in the current workspace; no delete or move was performed."
참고 Context/3. Github Source/QuantTraderDL-main/QuantTraderDL-main/plots/gauss_multiexog_syp500_-50d-20100104-2024729-lessFilters/iteracion_17.png,SOURCE_MISSING_RECHECK,MISSING_SOURCE_AT_EXECUTION,,40221,"A005 listed this external reference path, but it is not present in the current workspace; no delete or move was performed."
참고 Context/3. Github Source/QuantTraderDL-main/QuantTraderDL-main/plots/gauss_multiexog_syp500_-50d-20100104-2024729-lessFilters/iteracion_18.png,SOURCE_MISSING_RECHECK,MISSING_SOURCE_AT_EXECUTION,,39288,"A005 listed this external reference path, but it is not present in the current workspace; no delete or move was performed."
참고 Context/3. Github Source/QuantTraderDL-main/QuantTraderDL-main/plots/gauss_multiexog_syp500_-50d-20100104-2024729-lessFilters/iteracion_19.png,SOURCE_MISSING_RECHECK,MISSING_SOURCE_AT_EXECUTION,,39241,"A005 listed this external reference path, but it is not present in the current workspace; no delete or move was performed."
참고 Context/3. Github Source/QuantTraderDL-main/QuantTraderDL-main/plots/gauss_multiexog_syp500_-50d-20100104-2024729-lessFilters/iteracion_2.png,SOURCE_MISSING_RECHECK,MISSING_SOURCE_AT_EXECUTION,,41882,"A005 listed this external reference path, but it is not present in the current workspace; no delete or move was performed."
참고 Context/3. Github Source/QuantTraderDL-main/QuantTraderDL-main/plots/gauss_multiexog_syp500_-50d-20100104-2024729-lessFilters/iteracion_20.png,SOURCE_MISSING_RECHECK,MISSING_SOURCE_AT_EXECUTION,,40537,"A005 listed this external reference path, but it is not present in the current workspace; no delete or move was performed."
참고 Context/3. Github Source/QuantTraderDL-main/QuantTraderDL-main/plots/gauss_multiexog_syp500_-50d-20100104-2024729-lessFilters/iteracion_21.png,SOURCE_MISSING_RECHECK,MISSING_SOURCE_AT_EXECUTION,,39596,"A005 listed this external reference path, but it is not present in the current workspace; no delete or move was performed."
참고 Context/3. Github Source/QuantTraderDL-main/QuantTraderDL-main/plots/gauss_multiexog_syp500_-50d-20100104-2024729-lessFilters/iteracion_22.png,SOURCE_MISSING_RECHECK,MISSING_SOURCE_AT_EXECUTION,,39786,"A005 listed this external reference path, but it is not present in the current workspace; no delete or move was performed."
참고 Context/3. Github Source/QuantTraderDL-main/QuantTraderDL-main/plots/gauss_multiexog_syp500_-50d-20100104-2024729-lessFilters/iteracion_23.png,SOURCE_MISSING_RECHECK,MISSING_SOURCE_AT_EXECUTION,,39438,"A005 listed this external reference path, but it is not present in the current workspace; no delete or move was performed."
참고 Context/3. Github Source/QuantTraderDL-main/QuantTraderDL-main/plots/gauss_multiexog_syp500_-50d-20100104-2024729-lessFilters/iteracion_24.png,SOURCE_MISSING_RECHECK,MISSING_SOURCE_AT_EXECUTION,,39685,"A005 listed this external reference path, but it is not present in the current workspace; no delete or move was performed."
참고 Context/3. Github Source/QuantTraderDL-main/QuantTraderDL-main/plots/gauss_multiexog_syp500_-50d-20100104-2024729-lessFilters/iteracion_25.png,SOURCE_MISSING_RECHECK,MISSING_SOURCE_AT_EXECUTION,,41565,"A005 listed this external reference path, but it is not present in the current workspace; no delete or move was performed."
참고 Context/3. Github Source/QuantTraderDL-main/QuantTraderDL-main/plots/gauss_multiexog_syp500_-50d-20100104-2024729-lessFilters/iteracion_26.png,SOURCE_MISSING_RECHECK,MISSING_SOURCE_AT_EXECUTION,,39892,"A005 listed this external reference path, but it is not present in the current workspace; no delete or move was performed."
참고 Context/3. Github Source/QuantTraderDL-main/QuantTraderDL-main/plots/gauss_multiexog_syp500_-50d-20100104-2024729-lessFilters/iteracion_27.png,SOURCE_MISSING_RECHECK,MISSING_SOURCE_AT_EXECUTION,,38898,"A005 listed this external reference path, but it is not present in the current workspace; no delete or move was performed."
참고 Context/3. Github Source/QuantTraderDL-main/QuantTraderDL-main/plots/gauss_multiexog_syp500_-50d-20100104-2024729-lessFilters/iteracion_29.png,SOURCE_MISSING_RECHECK,MISSING_SOURCE_AT_EXECUTION,,40641,"A005 listed this external reference path, but it is not present in the current workspace; no delete or move was performed."
참고 Context/3. Github Source/QuantTraderDL-main/QuantTraderDL-main/plots/gauss_multiexog_syp500_-50d-20100104-2024729-lessFilters/iteracion_3.png,SOURCE_MISSING_RECHECK,MISSING_SOURCE_AT_EXECUTION,,40187,"A005 listed this external reference path, but it is not present in the current workspace; no delete or move was performed."
참고 Context/3. Github Source/QuantTraderDL-main/QuantTraderDL-main/plots/gauss_multiexog_syp500_-50d-20100104-2024729-lessFilters/iteracion_30.png,SOURCE_MISSING_RECHECK,MISSING_SOURCE_AT_EXECUTION,,38938,"A005 listed this external reference path, but it is not present in the current workspace; no delete or move was performed."
참고 Context/3. Github Source/QuantTraderDL-main/QuantTraderDL-main/plots/gauss_multiexog_syp500_-50d-20100104-2024729-lessFilters/iteracion_31.png,SOURCE_MISSING_RECHECK,MISSING_SOURCE_AT_EXECUTION,,39246,"A005 listed this external reference path, but it is not present in the current workspace; no delete or move was performed."
참고 Context/3. Github Source/QuantTraderDL-main/QuantTraderDL-main/plots/gauss_multiexog_syp500_-50d-20100104-2024729-lessFilters/iteracion_32.png,SOURCE_MISSING_RECHECK,MISSING_SOURCE_AT_EXECUTION,,40626,"A005 listed this external reference path, but it is not present in the current workspace; no delete or move was performed."
참고 Context/3. Github Source/QuantTraderDL-main/QuantTraderDL-main/plots/gauss_multiexog_syp500_-50d-20100104-2024729-lessFilters/iteracion_33.png,SOURCE_MISSING_RECHECK,MISSING_SOURCE_AT_EXECUTION,,40019,"A005 listed this external reference path, but it is not present in the current workspace; no delete or move was performed."
참고 Context/3. Github Source/QuantTraderDL-main/QuantTraderDL-main/plots/gauss_multiexog_syp500_-50d-20100104-2024729-lessFilters/iteracion_34.png,SOURCE_MISSING_RECHECK,MISSING_SOURCE_AT_EXECUTION,,40548,"A005 listed this external reference path, but it is not present in the current workspace; no delete or move was performed."
참고 Context/3. Github Source/QuantTraderDL-main/QuantTraderDL-main/plots/gauss_multiexog_syp500_-50d-20100104-2024729-lessFilters/iteracion_35.png,SOURCE_MISSING_RECHECK,MISSING_SOURCE_AT_EXECUTION,,40601,"A005 listed this external reference path, but it is not present in the current workspace; no delete or move was performed."
참고 Context/3. Github Source/QuantTraderDL-main/QuantTraderDL-main/plots/gauss_multiexog_syp500_-50d-20100104-2024729-lessFilters/iteracion_36.png,SOURCE_MISSING_RECHECK,MISSING_SOURCE_AT_EXECUTION,,40446,"A005 listed this external reference path, but it is not present in the current workspace; no delete or move was performed."
참고 Context/3. Github Source/QuantTraderDL-main/QuantTraderDL-main/plots/gauss_multiexog_syp500_-50d-20100104-2024729-lessFilters/iteracion_37.png,SOURCE_MISSING_RECHECK,MISSING_SOURCE_AT_EXECUTION,,40290,"A005 listed this external reference path, but it is not present in the current workspace; no delete or move was performed."
참고 Context/3. Github Source/QuantTraderDL-main/QuantTraderDL-main/plots/gauss_multiexog_syp500_-50d-20100104-2024729-lessFilters/iteracion_38.png,SOURCE_MISSING_RECHECK,MISSING_SOURCE_AT_EXECUTION,,41983,"A005 listed this external reference path, but it is not present in the current workspace; no delete or move was performed."
참고 Context/3. Github Source/QuantTraderDL-main/QuantTraderDL-main/plots/gauss_multiexog_syp500_-50d-20100104-2024729-lessFilters/iteracion_39.png,SOURCE_MISSING_RECHECK,MISSING_SOURCE_AT_EXECUTION,,41790,"A005 listed this external reference path, but it is not present in the current workspace; no delete or move was performed."
참고 Context/3. Github Source/QuantTraderDL-main/QuantTraderDL-main/plots/gauss_multiexog_syp500_-50d-20100104-2024729-lessFilters/iteracion_4.png,SOURCE_MISSING_RECHECK,MISSING_SOURCE_AT_EXECUTION,,39921,"A005 listed this external reference path, but it is not present in the current workspace; no delete or move was performed."
참고 Context/3. Github Source/QuantTraderDL-main/QuantTraderDL-main/plots/gauss_multiexog_syp500_-50d-20100104-2024729-lessFilters/iteracion_40.png,SOURCE_MISSING_RECHECK,MISSING_SOURCE_AT_EXECUTION,,40299,"A005 listed this external reference path, but it is not present in the current workspace; no delete or move was performed."
참고 Context/3. Github Source/QuantTraderDL-main/QuantTraderDL-main/plots/gauss_multiexog_syp500_-50d-20100104-2024729-lessFilters/iteracion_41.png,SOURCE_MISSING_RECHECK,MISSING_SOURCE_AT_EXECUTION,,40931,"A005 listed this external reference path, but it is not present in the current workspace; no delete or move was performed."
참고 Context/3. Github Source/QuantTraderDL-main/QuantTraderDL-main/plots/gauss_multiexog_syp500_-50d-20100104-2024729-lessFilters/iteracion_42.png,SOURCE_MISSING_RECHECK,MISSING_SOURCE_AT_EXECUTION,,38537,"A005 listed this external reference path, but it is not present in the current workspace; no delete or move was performed."
참고 Context/3. Github Source/QuantTraderDL-main/QuantTraderDL-main/plots/gauss_multiexog_syp500_-50d-20100104-2024729-lessFilters/iteracion_43.png,SOURCE_MISSING_RECHECK,MISSING_SOURCE_AT_EXECUTION,,39636,"A005 listed this external reference path, but it is not present in the current workspace; no delete or move was performed."
참고 Context/3. Github Source/QuantTraderDL-main/QuantTraderDL-main/plots/gauss_multiexog_syp500_-50d-20100104-2024729-lessFilters/iteracion_44.png,SOURCE_MISSING_RECHECK,MISSING_SOURCE_AT_EXECUTION,,42971,"A005 listed this external reference path, but it is not present in the current workspace; no delete or move was performed."
참고 Context/3. Github Source/QuantTraderDL-main/QuantTraderDL-main/plots/gauss_multiexog_syp500_-50d-20100104-2024729-lessFilters/iteracion_45.png,SOURCE_MISSING_RECHECK,MISSING_SOURCE_AT_EXECUTION,,40001,"A005 listed this external reference path, but it is not present in the current workspace; no delete or move was performed."
참고 Context/3. Github Source/QuantTraderDL-main/QuantTraderDL-main/plots/gauss_multiexog_syp500_-50d-20100104-2024729-lessFilters/iteracion_46.png,SOURCE_MISSING_RECHECK,MISSING_SOURCE_AT_EXECUTION,,38599,"A005 listed this external reference path, but it is not present in the current workspace; no delete or move was performed."
참고 Context/3. Github Source/QuantTraderDL-main/QuantTraderDL-main/plots/gauss_multiexog_syp500_-50d-20100104-2024729-lessFilters/iteracion_47.png,SOURCE_MISSING_RECHECK,MISSING_SOURCE_AT_EXECUTION,,40483,"A005 listed this external reference path, but it is not present in the current workspace; no delete or move was performed."
참고 Context/3. Github Source/QuantTraderDL-main/QuantTraderDL-main/plots/gauss_multiexog_syp500_-50d-20100104-2024729-lessFilters/iteracion_48.png,SOURCE_MISSING_RECHECK,MISSING_SOURCE_AT_EXECUTION,,40576,"A005 listed this external reference path, but it is not present in the current workspace; no delete or move was performed."
참고 Context/3. Github Source/QuantTraderDL-main/QuantTraderDL-main/plots/gauss_multiexog_syp500_-50d-20100104-2024729-lessFilters/iteracion_49.png,SOURCE_MISSING_RECHECK,MISSING_SOURCE_AT_EXECUTION,,39185,"A005 listed this external reference path, but it is not present in the current workspace; no delete or move was performed."
참고 Context/3. Github Source/QuantTraderDL-main/QuantTraderDL-main/plots/gauss_multiexog_syp500_-50d-20100104-2024729-lessFilters/iteracion_5.png,SOURCE_MISSING_RECHECK,MISSING_SOURCE_AT_EXECUTION,,39285,"A005 listed this external reference path, but it is not present in the current workspace; no delete or move was performed."
참고 Context/3. Github Source/QuantTraderDL-main/QuantTraderDL-main/plots/gauss_multiexog_syp500_-50d-20100104-2024729-lessFilters/iteracion_50.png,SOURCE_MISSING_RECHECK,MISSING_SOURCE_AT_EXECUTION,,40461,"A005 listed this external reference path, but it is not present in the current workspace; no delete or move was performed."
참고 Context/3. Github Source/QuantTraderDL-main/QuantTraderDL-main/plots/gauss_multiexog_syp500_-50d-20100104-2024729-lessFilters/iteracion_51.png,SOURCE_MISSING_RECHECK,MISSING_SOURCE_AT_EXECUTION,,39680,"A005 listed this external reference path, but it is not present in the current workspace; no delete or move was performed."
참고 Context/3. Github Source/QuantTraderDL-main/QuantTraderDL-main/plots/gauss_multiexog_syp500_-50d-20100104-2024729-lessFilters/iteracion_52.png,SOURCE_MISSING_RECHECK,MISSING_SOURCE_AT_EXECUTION,,39574,"A005 listed this external reference path, but it is not present in the current workspace; no delete or move was performed."
참고 Context/3. Github Source/QuantTraderDL-main/QuantTraderDL-main/plots/gauss_multiexog_syp500_-50d-20100104-2024729-lessFilters/iteracion_53.png,SOURCE_MISSING_RECHECK,MISSING_SOURCE_AT_EXECUTION,,40170,"A005 listed this external reference path, but it is not present in the current workspace; no delete or move was performed."
참고 Context/3. Github Source/QuantTraderDL-main/QuantTraderDL-main/plots/gauss_multiexog_syp500_-50d-20100104-2024729-lessFilters/iteracion_54.png,SOURCE_MISSING_RECHECK,MISSING_SOURCE_AT_EXECUTION,,39323,"A005 listed this external reference path, but it is not present in the current workspace; no delete or move was performed."
참고 Context/3. Github Source/QuantTraderDL-main/QuantTraderDL-main/plots/gauss_multiexog_syp500_-50d-20100104-2024729-lessFilters/iteracion_55.png,SOURCE_MISSING_RECHECK,MISSING_SOURCE_AT_EXECUTION,,38626,"A005 listed this external reference path, but it is not present in the current workspace; no delete or move was performed."
참고 Context/3. Github Source/QuantTraderDL-main/QuantTraderDL-main/plots/gauss_multiexog_syp500_-50d-20100104-2024729-lessFilters/iteracion_57.png,SOURCE_MISSING_RECHECK,MISSING_SOURCE_AT_EXECUTION,,39863,"A005 listed this external reference path, but it is not present in the current workspace; no delete or move was performed."
참고 Context/3. Github Source/QuantTraderDL-main/QuantTraderDL-main/plots/gauss_multiexog_syp500_-50d-20100104-2024729-lessFilters/iteracion_58.png,SOURCE_MISSING_RECHECK,MISSING_SOURCE_AT_EXECUTION,,39911,"A005 listed this external reference path, but it is not present in the current workspace; no delete or move was performed."
참고 Context/3. Github Source/QuantTraderDL-main/QuantTraderDL-main/plots/gauss_multiexog_syp500_-50d-20100104-2024729-lessFilters/iteracion_59.png,SOURCE_MISSING_RECHECK,MISSING_SOURCE_AT_EXECUTION,,39779,"A005 listed this external reference path, but it is not present in the current workspace; no delete or move was performed."
참고 Context/3. Github Source/QuantTraderDL-main/QuantTraderDL-main/plots/gauss_multiexog_syp500_-50d-20100104-2024729-lessFilters/iteracion_6.png,SOURCE_MISSING_RECHECK,MISSING_SOURCE_AT_EXECUTION,,40956,"A005 listed this external reference path, but it is not present in the current workspace; no delete or move was performed."
참고 Context/3. Github Source/QuantTraderDL-main/QuantTraderDL-main/plots/gauss_multiexog_syp500_-50d-20100104-2024729-lessFilters/iteracion_61.png,SOURCE_MISSING_RECHECK,MISSING_SOURCE_AT_EXECUTION,,39985,"A005 listed this external reference path, but it is not present in the current workspace; no delete or move was performed."
참고 Context/3. Github Source/QuantTraderDL-main/QuantTraderDL-main/plots/gauss_multiexog_syp500_-50d-20100104-2024729-lessFilters/iteracion_62.png,SOURCE_MISSING_RECHECK,MISSING_SOURCE_AT_EXECUTION,,39874,"A005 listed this external reference path, but it is not present in the current workspace; no delete or move was performed."
참고 Context/3. Github Source/QuantTraderDL-main/QuantTraderDL-main/plots/gauss_multiexog_syp500_-50d-20100104-2024729-lessFilters/iteracion_63.png,SOURCE_MISSING_RECHECK,MISSING_SOURCE_AT_EXECUTION,,38969,"A005 listed this external reference path, but it is not present in the current workspace; no delete or move was performed."
참고 Context/3. Github Source/QuantTraderDL-main/QuantTraderDL-main/plots/gauss_multiexog_syp500_-50d-20100104-2024729-lessFilters/iteracion_64.png,SOURCE_MISSING_RECHECK,MISSING_SOURCE_AT_EXECUTION,,41272,"A005 listed this external reference path, but it is not present in the current workspace; no delete or move was performed."
참고 Context/3. Github Source/QuantTraderDL-main/QuantTraderDL-main/plots/gauss_multiexog_syp500_-50d-20100104-2024729-lessFilters/iteracion_65.png,SOURCE_MISSING_RECHECK,MISSING_SOURCE_AT_EXECUTION,,39890,"A005 listed this external reference path, but it is not present in the current workspace; no delete or move was performed."
참고 Context/3. Github Source/QuantTraderDL-main/QuantTraderDL-main/plots/gauss_multiexog_syp500_-50d-20100104-2024729-lessFilters/iteracion_66.png,SOURCE_MISSING_RECHECK,MISSING_SOURCE_AT_EXECUTION,,39515,"A005 listed this external reference path, but it is not present in the current workspace; no delete or move was performed."
참고 Context/3. Github Source/QuantTraderDL-main/QuantTraderDL-main/plots/gauss_multiexog_syp500_-50d-20100104-2024729-lessFilters/iteracion_67.png,SOURCE_MISSING_RECHECK,MISSING_SOURCE_AT_EXECUTION,,40446,"A005 listed this external reference path, but it is not present in the current workspace; no delete or move was performed."
참고 Context/3. Github Source/QuantTraderDL-main/QuantTraderDL-main/plots/gauss_multiexog_syp500_-50d-20100104-2024729-lessFilters/iteracion_68.png,SOURCE_MISSING_RECHECK,MISSING_SOURCE_AT_EXECUTION,,39755,"A005 listed this external reference path, but it is not present in the current workspace; no delete or move was performed."
참고 Context/3. Github Source/QuantTraderDL-main/QuantTraderDL-main/plots/gauss_multiexog_syp500_-50d-20100104-2024729-lessFilters/iteracion_69.png,SOURCE_MISSING_RECHECK,MISSING_SOURCE_AT_EXECUTION,,41402,"A005 listed this external reference path, but it is not present in the current workspace; no delete or move was performed."
참고 Context/3. Github Source/QuantTraderDL-main/QuantTraderDL-main/plots/gauss_multiexog_syp500_-50d-20100104-2024729-lessFilters/iteracion_7.png,SOURCE_MISSING_RECHECK,MISSING_SOURCE_AT_EXECUTION,,41421,"A005 listed this external reference path, but it is not present in the current workspace; no delete or move was performed."
참고 Context/3. Github Source/QuantTraderDL-main/QuantTraderDL-main/plots/gauss_multiexog_syp500_-50d-20100104-2024729-lessFilters/iteracion_70.png,SOURCE_MISSING_RECHECK,MISSING_SOURCE_AT_EXECUTION,,39673,"A005 listed this external reference path, but it is not present in the current workspace; no delete or move was performed."
참고 Context/3. Github Source/QuantTraderDL-main/QuantTraderDL-main/plots/gauss_multiexog_syp500_-50d-20100104-2024729-lessFilters/iteracion_71.png,SOURCE_MISSING_RECHECK,MISSING_SOURCE_AT_EXECUTION,,40637,"A005 listed this external reference path, but it is not present in the current workspace; no delete or move was performed."
참고 Context/3. Github Source/QuantTraderDL-main/QuantTraderDL-main/plots/gauss_multiexog_syp500_-50d-20100104-2024729-lessFilters/iteracion_72.png,SOURCE_MISSING_RECHECK,MISSING_SOURCE_AT_EXECUTION,,40283,"A005 listed this external reference path, but it is not present in the current workspace; no delete or move was performed."
참고 Context/3. Github Source/QuantTraderDL-main/QuantTraderDL-main/plots/gauss_multiexog_syp500_-50d-20100104-2024729-lessFilters/iteracion_73.png,SOURCE_MISSING_RECHECK,MISSING_SOURCE_AT_EXECUTION,,39650,"A005 listed this external reference path, but it is not present in the current workspace; no delete or move was performed."
참고 Context/3. Github Source/QuantTraderDL-main/QuantTraderDL-main/plots/gauss_multiexog_syp500_-50d-20100104-2024729-lessFilters/iteracion_74.png,SOURCE_MISSING_RECHECK,MISSING_SOURCE_AT_EXECUTION,,40130,"A005 listed this external reference path, but it is not present in the current workspace; no delete or move was performed."
참고 Context/3. Github Source/QuantTraderDL-main/QuantTraderDL-main/plots/gauss_multiexog_syp500_-50d-20100104-2024729-lessFilters/iteracion_76.png,SOURCE_MISSING_RECHECK,MISSING_SOURCE_AT_EXECUTION,,43081,"A005 listed this external reference path, but it is not present in the current workspace; no delete or move was performed."
참고 Context/3. Github Source/QuantTraderDL-main/QuantTraderDL-main/plots/gauss_multiexog_syp500_-50d-20100104-2024729-lessFilters/iteracion_78.png,SOURCE_MISSING_RECHECK,MISSING_SOURCE_AT_EXECUTION,,39459,"A005 listed this external reference path, but it is not present in the current workspace; no delete or move was performed."
참고 Context/3. Github Source/QuantTraderDL-main/QuantTraderDL-main/plots/gauss_multiexog_syp500_-50d-20100104-2024729-lessFilters/iteracion_8.png,SOURCE_MISSING_RECHECK,MISSING_SOURCE_AT_EXECUTION,,40497,"A005 listed this external reference path, but it is not present in the current workspace; no delete or move was performed."
참고 Context/3. Github Source/QuantTraderDL-main/QuantTraderDL-main/plots/gauss_multiexog_syp500_-50d-20100104-2024729-lessFilters/iteracion_80.png,SOURCE_MISSING_RECHECK,MISSING_SOURCE_AT_EXECUTION,,40392,"A005 listed this external reference path, but it is not present in the current workspace; no delete or move was performed."
참고 Context/3. Github Source/QuantTraderDL-main/QuantTraderDL-main/plots/gauss_multiexog_syp500_-50d-20100104-2024729-lessFilters/iteracion_81.png,SOURCE_MISSING_RECHECK,MISSING_SOURCE_AT_EXECUTION,,40593,"A005 listed this external reference path, but it is not present in the current workspace; no delete or move was performed."
참고 Context/3. Github Source/QuantTraderDL-main/QuantTraderDL-main/plots/gauss_multiexog_syp500_-50d-20100104-2024729-lessFilters/iteracion_82.png,SOURCE_MISSING_RECHECK,MISSING_SOURCE_AT_EXECUTION,,42394,"A005 listed this external reference path, but it is not present in the current workspace; no delete or move was performed."
참고 Context/3. Github Source/QuantTraderDL-main/QuantTraderDL-main/plots/gauss_multiexog_syp500_-50d-20100104-2024729-lessFilters/iteracion_84.png,SOURCE_MISSING_RECHECK,MISSING_SOURCE_AT_EXECUTION,,40500,"A005 listed this external reference path, but it is not present in the current workspace; no delete or move was performed."
참고 Context/3. Github Source/QuantTraderDL-main/QuantTraderDL-main/plots/gauss_multiexog_syp500_-50d-20100104-2024729-lessFilters/iteracion_85.png,SOURCE_MISSING_RECHECK,MISSING_SOURCE_AT_EXECUTION,,40707,"A005 listed this external reference path, but it is not present in the current workspace; no delete or move was performed."
참고 Context/3. Github Source/QuantTraderDL-main/QuantTraderDL-main/plots/gauss_multiexog_syp500_-50d-20100104-2024729-lessFilters/iteracion_86.png,SOURCE_MISSING_RECHECK,MISSING_SOURCE_AT_EXECUTION,,39431,"A005 listed this external reference path, but it is not present in the current workspace; no delete or move was performed."
참고 Context/3. Github Source/QuantTraderDL-main/QuantTraderDL-main/plots/gauss_multiexog_syp500_-50d-20100104-2024729-lessFilters/iteracion_87.png,SOURCE_MISSING_RECHECK,MISSING_SOURCE_AT_EXECUTION,,42073,"A005 listed this external reference path, but it is not present in the current workspace; no delete or move was performed."
참고 Context/3. Github Source/QuantTraderDL-main/QuantTraderDL-main/plots/gauss_multiexog_syp500_-50d-20100104-2024729-lessFilters/iteracion_89.png,SOURCE_MISSING_RECHECK,MISSING_SOURCE_AT_EXECUTION,,39433,"A005 listed this external reference path, but it is not present in the current workspace; no delete or move was performed."
참고 Context/3. Github Source/QuantTraderDL-main/QuantTraderDL-main/plots/gauss_multiexog_syp500_-50d-20100104-2024729-lessFilters/iteracion_9.png,SOURCE_MISSING_RECHECK,MISSING_SOURCE_AT_EXECUTION,,39449,"A005 listed this external reference path, but it is not present in the current workspace; no delete or move was performed."
참고 Context/3. Github Source/QuantTraderDL-main/QuantTraderDL-main/plots/gauss_multiexog_syp500_-50d-20100104-2024729-lessFilters/iteracion_90.png,SOURCE_MISSING_RECHECK,MISSING_SOURCE_AT_EXECUTION,,40701,"A005 listed this external reference path, but it is not present in the current workspace; no delete or move was performed."
참고 Context/3. Github Source/QuantTraderDL-main/QuantTraderDL-main/plots/gauss_multiexog_syp500_-50d-20100104-2024729-lessFilters/iteracion_93.png,SOURCE_MISSING_RECHECK,MISSING_SOURCE_AT_EXECUTION,,38118,"A005 listed this external reference path, but it is not present in the current workspace; no delete or move was performed."
참고 Context/3. Github Source/QuantTraderDL-main/QuantTraderDL-main/plots/gauss_multiexog_syp500_-50d-20100104-2024729-lessFilters/iteracion_94.png,SOURCE_MISSING_RECHECK,MISSING_SOURCE_AT_EXECUTION,,36709,"A005 listed this external reference path, but it is not present in the current workspace; no delete or move was performed."
참고 Context/3. Github Source/QuantTraderDL-main/QuantTraderDL-main/plots/gauss_multiexog_syp500_-50d-20100104-2024729-lessFilters/iteracion_96.png,SOURCE_MISSING_RECHECK,MISSING_SOURCE_AT_EXECUTION,,39752,"A005 listed this external reference path, but it is not present in the current workspace; no delete or move was performed."
참고 Context/3. Github Source/QuantTraderDL-main/QuantTraderDL-main/plots/gauss_multiexog_syp500_-50d-20100104-2024729-lessFilters/iteracion_97.png,SOURCE_MISSING_RECHECK,MISSING_SOURCE_AT_EXECUTION,,39088,"A005 listed this external reference path, but it is not present in the current workspace; no delete or move was performed."
참고 Context/3. Github Source/QuantTraderDL-main/QuantTraderDL-main/plots/gauss_multiexog_syp500_-50d-20100104-2024729-lessFilters/iteracion_98.png,SOURCE_MISSING_RECHECK,MISSING_SOURCE_AT_EXECUTION,,38614,"A005 listed this external reference path, but it is not present in the current workspace; no delete or move was performed."
참고 Context/3. Github Source/QuantTraderDL-main/QuantTraderDL-main/plots/gauss_multiexog_syp500_-50d-20100104-2024729-lessFilters/iteracion_99.png,SOURCE_MISSING_RECHECK,MISSING_SOURCE_AT_EXECUTION,,40396,"A005 listed this external reference path, but it is not present in the current workspace; no delete or move was performed."
참고 Context/3. Github Source/QuantTraderDL-main/QuantTraderDL-main/plots/multiexog_syp500_-100d-20100104-2024729-lessFilters/iteracion_1.png,SOURCE_MISSING_RECHECK,MISSING_SOURCE_AT_EXECUTION,,41029,"A005 listed this external reference path, but it is not present in the current workspace; no delete or move was performed."
참고 Context/3. Github Source/QuantTraderDL-main/QuantTraderDL-main/plots/multiexog_syp500_-100d-20100104-2024729-lessFilters/iteracion_10.png,SOURCE_MISSING_RECHECK,MISSING_SOURCE_AT_EXECUTION,,41523,"A005 listed this external reference path, but it is not present in the current workspace; no delete or move was performed."
참고 Context/3. Github Source/QuantTraderDL-main/QuantTraderDL-main/plots/multiexog_syp500_-100d-20100104-2024729-lessFilters/iteracion_11.png,SOURCE_MISSING_RECHECK,MISSING_SOURCE_AT_EXECUTION,,38309,"A005 listed this external reference path, but it is not present in the current workspace; no delete or move was performed."
참고 Context/3. Github Source/QuantTraderDL-main/QuantTraderDL-main/plots/multiexog_syp500_-100d-20100104-2024729-lessFilters/iteracion_12.png,SOURCE_MISSING_RECHECK,MISSING_SOURCE_AT_EXECUTION,,47083,"A005 listed this external reference path, but it is not present in the current workspace; no delete or move was performed."
참고 Context/3. Github Source/QuantTraderDL-main/QuantTraderDL-main/plots/multiexog_syp500_-100d-20100104-2024729-lessFilters/iteracion_13.png,SOURCE_MISSING_RECHECK,MISSING_SOURCE_AT_EXECUTION,,41015,"A005 listed this external reference path, but it is not present in the current workspace; no delete or move was performed."
참고 Context/3. Github Source/QuantTraderDL-main/QuantTraderDL-main/plots/multiexog_syp500_-100d-20100104-2024729-lessFilters/iteracion_14.png,SOURCE_MISSING_RECHECK,MISSING_SOURCE_AT_EXECUTION,,42255,"A005 listed this external reference path, but it is not present in the current workspace; no delete or move was performed."
참고 Context/3. Github Source/QuantTraderDL-main/QuantTraderDL-main/plots/multiexog_syp500_-100d-20100104-2024729-lessFilters/iteracion_15.png,SOURCE_MISSING_RECHECK,MISSING_SOURCE_AT_EXECUTION,,43248,"A005 listed this external reference path, but it is not present in the current workspace; no delete or move was performed."
참고 Context/3. Github Source/QuantTraderDL-main/QuantTraderDL-main/plots/multiexog_syp500_-100d-20100104-2024729-lessFilters/iteracion_16.png,SOURCE_MISSING_RECHECK,MISSING_SOURCE_AT_EXECUTION,,44237,"A005 listed this external reference path, but it is not present in the current workspace; no delete or move was performed."
참고 Context/3. Github Source/QuantTraderDL-main/QuantTraderDL-main/plots/multiexog_syp500_-100d-20100104-2024729-lessFilters/iteracion_17.png,SOURCE_MISSING_RECHECK,MISSING_SOURCE_AT_EXECUTION,,40815,"A005 listed this external reference path, but it is not present in the current workspace; no delete or move was performed."
참고 Context/3. Github Source/QuantTraderDL-main/QuantTraderDL-main/plots/multiexog_syp500_-100d-20100104-2024729-lessFilters/iteracion_18.png,SOURCE_MISSING_RECHECK,MISSING_SOURCE_AT_EXECUTION,,40082,"A005 listed this external reference path, but it is not present in the current workspace; no delete or move was performed."
참고 Context/3. Github Source/QuantTraderDL-main/QuantTraderDL-main/plots/multiexog_syp500_-100d-20100104-2024729-lessFilters/iteracion_19.png,SOURCE_MISSING_RECHECK,MISSING_SOURCE_AT_EXECUTION,,44293,"A005 listed this external reference path, but it is not present in the current workspace; no delete or move was performed."
참고 Context/3. Github Source/QuantTraderDL-main/QuantTraderDL-main/plots/multiexog_syp500_-100d-20100104-2024729-lessFilters/iteracion_2.png,SOURCE_MISSING_RECHECK,MISSING_SOURCE_AT_EXECUTION,,40252,"A005 listed this external reference path, but it is not present in the current workspace; no delete or move was performed."
참고 Context/3. Github Source/QuantTraderDL-main/QuantTraderDL-main/plots/multiexog_syp500_-100d-20100104-2024729-lessFilters/iteracion_20.png,SOURCE_MISSING_RECHECK,MISSING_SOURCE_AT_EXECUTION,,42062,"A005 listed this external reference path, but it is not present in the current workspace; no delete or move was performed."
참고 Context/3. Github Source/QuantTraderDL-main/QuantTraderDL-main/plots/multiexog_syp500_-100d-20100104-2024729-lessFilters/iteracion_21.png,SOURCE_MISSING_RECHECK,MISSING_SOURCE_AT_EXECUTION,,40984,"A005 listed this external reference path, but it is not present in the current workspace; no delete or move was performed."
참고 Context/3. Github Source/QuantTraderDL-main/QuantTraderDL-main/plots/multiexog_syp500_-100d-20100104-2024729-lessFilters/iteracion_22.png,SOURCE_MISSING_RECHECK,MISSING_SOURCE_AT_EXECUTION,,44597,"A005 listed this external reference path, but it is not present in the current workspace; no delete or move was performed."
참고 Context/3. Github Source/QuantTraderDL-main/QuantTraderDL-main/plots/multiexog_syp500_-100d-20100104-2024729-lessFilters/iteracion_23.png,SOURCE_MISSING_RECHECK,MISSING_SOURCE_AT_EXECUTION,,40392,"A005 listed this external reference path, but it is not present in the current workspace; no delete or move was performed."
참고 Context/3. Github Source/QuantTraderDL-main/QuantTraderDL-main/plots/multiexog_syp500_-100d-20100104-2024729-lessFilters/iteracion_24.png,SOURCE_MISSING_RECHECK,MISSING_SOURCE_AT_EXECUTION,,40272,"A005 listed this external reference path, but it is not present in the current workspace; no delete or move was performed."
참고 Context/3. Github Source/QuantTraderDL-main/QuantTraderDL-main/plots/multiexog_syp500_-100d-20100104-2024729-lessFilters/iteracion_25.png,SOURCE_MISSING_RECHECK,MISSING_SOURCE_AT_EXECUTION,,47151,"A005 listed this external reference path, but it is not present in the current workspace; no delete or move was performed."
참고 Context/3. Github Source/QuantTraderDL-main/QuantTraderDL-main/plots/multiexog_syp500_-100d-20100104-2024729-lessFilters/iteracion_26.png,SOURCE_MISSING_RECHECK,MISSING_SOURCE_AT_EXECUTION,,43900,"A005 listed this external reference path, but it is not present in the current workspace; no delete or move was performed."
참고 Context/3. Github Source/QuantTraderDL-main/QuantTraderDL-main/plots/multiexog_syp500_-100d-20100104-2024729-lessFilters/iteracion_27.png,SOURCE_MISSING_RECHECK,MISSING_SOURCE_AT_EXECUTION,,44362,"A005 listed this external reference path, but it is not present in the current workspace; no delete or move was performed."
참고 Context/3. Github Source/QuantTraderDL-main/QuantTraderDL-main/plots/multiexog_syp500_-100d-20100104-2024729-lessFilters/iteracion_28.png,SOURCE_MISSING_RECHECK,MISSING_SOURCE_AT_EXECUTION,,45772,"A005 listed this external reference path, but it is not present in the current workspace; no delete or move was performed."
참고 Context/3. Github Source/QuantTraderDL-main/QuantTraderDL-main/plots/multiexog_syp500_-100d-20100104-2024729-lessFilters/iteracion_29.png,SOURCE_MISSING_RECHECK,MISSING_SOURCE_AT_EXECUTION,,45239,"A005 listed this external reference path, but it is not present in the current workspace; no delete or move was performed."
참고 Context/3. Github Source/QuantTraderDL-main/QuantTraderDL-main/plots/multiexog_syp500_-100d-20100104-2024729-lessFilters/iteracion_3.png,SOURCE_MISSING_RECHECK,MISSING_SOURCE_AT_EXECUTION,,40057,"A005 listed this external reference path, but it is not present in the current workspace; no delete or move was performed."
참고 Context/3. Github Source/QuantTraderDL-main/QuantTraderDL-main/plots/multiexog_syp500_-100d-20100104-2024729-lessFilters/iteracion_30.png,SOURCE_MISSING_RECHECK,MISSING_SOURCE_AT_EXECUTION,,44168,"A005 listed this external reference path, but it is not present in the current workspace; no delete or move was performed."
참고 Context/3. Github Source/QuantTraderDL-main/QuantTraderDL-main/plots/multiexog_syp500_-100d-20100104-2024729-lessFilters/iteracion_31.png,SOURCE_MISSING_RECHECK,MISSING_SOURCE_AT_EXECUTION,,43046,"A005 listed this external reference path, but it is not present in the current workspace; no delete or move was performed."
참고 Context/3. Github Source/QuantTraderDL-main/QuantTraderDL-main/plots/multiexog_syp500_-100d-20100104-2024729-lessFilters/iteracion_32.png,SOURCE_MISSING_RECHECK,MISSING_SOURCE_AT_EXECUTION,,47751,"A005 listed this external reference path, but it is not present in the current workspace; no delete or move was performed."
참고 Context/3. Github Source/QuantTraderDL-main/QuantTraderDL-main/plots/multiexog_syp500_-100d-20100104-2024729-lessFilters/iteracion_33.png,SOURCE_MISSING_RECHECK,MISSING_SOURCE_AT_EXECUTION,,42890,"A005 listed this external reference path, but it is not present in the current workspace; no delete or move was performed."
참고 Context/3. Github Source/QuantTraderDL-main/QuantTraderDL-main/plots/multiexog_syp500_-100d-20100104-2024729-lessFilters/iteracion_34.png,SOURCE_MISSING_RECHECK,MISSING_SOURCE_AT_EXECUTION,,44170,"A005 listed this external reference path, but it is not present in the current workspace; no delete or move was performed."
참고 Context/3. Github Source/QuantTraderDL-main/QuantTraderDL-main/plots/multiexog_syp500_-100d-20100104-2024729-lessFilters/iteracion_35.png,SOURCE_MISSING_RECHECK,MISSING_SOURCE_AT_EXECUTION,,51034,"A005 listed this external reference path, but it is not present in the current workspace; no delete or move was performed."
참고 Context/3. Github Source/QuantTraderDL-main/QuantTraderDL-main/plots/multiexog_syp500_-100d-20100104-2024729-lessFilters/iteracion_36.png,SOURCE_MISSING_RECHECK,MISSING_SOURCE_AT_EXECUTION,,44336,"A005 listed this external reference path, but it is not present in the current workspace; no delete or move was performed."
참고 Context/3. Github Source/QuantTraderDL-main/QuantTraderDL-main/plots/multiexog_syp500_-100d-20100104-2024729-lessFilters/iteracion_37.png,SOURCE_MISSING_RECHECK,MISSING_SOURCE_AT_EXECUTION,,44120,"A005 listed this external reference path, but it is not present in the current workspace; no delete or move was performed."
참고 Context/3. Github Source/QuantTraderDL-main/QuantTraderDL-main/plots/multiexog_syp500_-100d-20100104-2024729-lessFilters/iteracion_38.png,SOURCE_MISSING_RECHECK,MISSING_SOURCE_AT_EXECUTION,,46055,"A005 listed this external reference path, but it is not present in the current workspace; no delete or move was performed."
참고 Context/3. Github Source/QuantTraderDL-main/QuantTraderDL-main/plots/multiexog_syp500_-100d-20100104-2024729-lessFilters/iteracion_39.png,SOURCE_MISSING_RECHECK,MISSING_SOURCE_AT_EXECUTION,,44246,"A005 listed this external reference path, but it is not present in the current workspace; no delete or move was performed."
참고 Context/3. Github Source/QuantTraderDL-main/QuantTraderDL-main/plots/multiexog_syp500_-100d-20100104-2024729-lessFilters/iteracion_4.png,SOURCE_MISSING_RECHECK,MISSING_SOURCE_AT_EXECUTION,,42424,"A005 listed this external reference path, but it is not present in the current workspace; no delete or move was performed."
참고 Context/3. Github Source/QuantTraderDL-main/QuantTraderDL-main/plots/multiexog_syp500_-100d-20100104-2024729-lessFilters/iteracion_40.png,SOURCE_MISSING_RECHECK,MISSING_SOURCE_AT_EXECUTION,,44309,"A005 listed this external reference path, but it is not present in the current workspace; no delete or move was performed."
참고 Context/3. Github Source/QuantTraderDL-main/QuantTraderDL-main/plots/multiexog_syp500_-100d-20100104-2024729-lessFilters/iteracion_41.png,SOURCE_MISSING_RECHECK,MISSING_SOURCE_AT_EXECUTION,,42721,"A005 listed this external reference path, but it is not present in the current workspace; no delete or move was performed."
참고 Context/3. Github Source/QuantTraderDL-main/QuantTraderDL-main/plots/multiexog_syp500_-100d-20100104-2024729-lessFilters/iteracion_42.png,SOURCE_MISSING_RECHECK,MISSING_SOURCE_AT_EXECUTION,,43446,"A005 listed this external reference path, but it is not present in the current workspace; no delete or move was performed."
참고 Context/3. Github Source/QuantTraderDL-main/QuantTraderDL-main/plots/multiexog_syp500_-100d-20100104-2024729-lessFilters/iteracion_43.png,SOURCE_MISSING_RECHECK,MISSING_SOURCE_AT_EXECUTION,,46170,"A005 listed this external reference path, but it is not present in the current workspace; no delete or move was performed."
참고 Context/3. Github Source/QuantTraderDL-main/QuantTraderDL-main/plots/multiexog_syp500_-100d-20100104-2024729-lessFilters/iteracion_44.png,SOURCE_MISSING_RECHECK,MISSING_SOURCE_AT_EXECUTION,,43182,"A005 listed this external reference path, but it is not present in the current workspace; no delete or move was performed."
참고 Context/3. Github Source/QuantTraderDL-main/QuantTraderDL-main/plots/multiexog_syp500_-100d-20100104-2024729-lessFilters/iteracion_45.png,SOURCE_MISSING_RECHECK,MISSING_SOURCE_AT_EXECUTION,,44761,"A005 listed this external reference path, but it is not present in the current workspace; no delete or move was performed."
참고 Context/3. Github Source/QuantTraderDL-main/QuantTraderDL-main/plots/multiexog_syp500_-100d-20100104-2024729-lessFilters/iteracion_46.png,SOURCE_MISSING_RECHECK,MISSING_SOURCE_AT_EXECUTION,,44642,"A005 listed this external reference path, but it is not present in the current workspace; no delete or move was performed."
참고 Context/3. Github Source/QuantTraderDL-main/QuantTraderDL-main/plots/multiexog_syp500_-100d-20100104-2024729-lessFilters/iteracion_47.png,SOURCE_MISSING_RECHECK,MISSING_SOURCE_AT_EXECUTION,,44893,"A005 listed this external reference path, but it is not present in the current workspace; no delete or move was performed."
참고 Context/3. Github Source/QuantTraderDL-main/QuantTraderDL-main/plots/multiexog_syp500_-100d-20100104-2024729-lessFilters/iteracion_48.png,SOURCE_MISSING_RECHECK,MISSING_SOURCE_AT_EXECUTION,,44520,"A005 listed this external reference path, but it is not present in the current workspace; no delete or move was performed."
참고 Context/3. Github Source/QuantTraderDL-main/QuantTraderDL-main/plots/multiexog_syp500_-100d-20100104-2024729-lessFilters/iteracion_49.png,SOURCE_MISSING_RECHECK,MISSING_SOURCE_AT_EXECUTION,,48251,"A005 listed this external reference path, but it is not present in the current workspace; no delete or move was performed."
참고 Context/3. Github Source/QuantTraderDL-main/QuantTraderDL-main/plots/multiexog_syp500_-100d-20100104-2024729-lessFilters/iteracion_5.png,SOURCE_MISSING_RECHECK,MISSING_SOURCE_AT_EXECUTION,,45011,"A005 listed this external reference path, but it is not present in the current workspace; no delete or move was performed."
참고 Context/3. Github Source/QuantTraderDL-main/QuantTraderDL-main/plots/multiexog_syp500_-100d-20100104-2024729-lessFilters/iteracion_50.png,SOURCE_MISSING_RECHECK,MISSING_SOURCE_AT_EXECUTION,,45393,"A005 listed this external reference path, but it is not present in the current workspace; no delete or move was performed."
참고 Context/3. Github Source/QuantTraderDL-main/QuantTraderDL-main/plots/multiexog_syp500_-100d-20100104-2024729-lessFilters/iteracion_51.png,SOURCE_MISSING_RECHECK,MISSING_SOURCE_AT_EXECUTION,,46833,"A005 listed this external reference path, but it is not present in the current workspace; no delete or move was performed."
참고 Context/3. Github Source/QuantTraderDL-main/QuantTraderDL-main/plots/multiexog_syp500_-100d-20100104-2024729-lessFilters/iteracion_52.png,SOURCE_MISSING_RECHECK,MISSING_SOURCE_AT_EXECUTION,,42935,"A005 listed this external reference path, but it is not present in the current workspace; no delete or move was performed."
참고 Context/3. Github Source/QuantTraderDL-main/QuantTraderDL-main/plots/multiexog_syp500_-100d-20100104-2024729-lessFilters/iteracion_53.png,SOURCE_MISSING_RECHECK,MISSING_SOURCE_AT_EXECUTION,,46637,"A005 listed this external reference path, but it is not present in the current workspace; no delete or move was performed."
참고 Context/3. Github Source/QuantTraderDL-main/QuantTraderDL-main/plots/multiexog_syp500_-100d-20100104-2024729-lessFilters/iteracion_54.png,SOURCE_MISSING_RECHECK,MISSING_SOURCE_AT_EXECUTION,,45953,"A005 listed this external reference path, but it is not present in the current workspace; no delete or move was performed."
참고 Context/3. Github Source/QuantTraderDL-main/QuantTraderDL-main/plots/multiexog_syp500_-100d-20100104-2024729-lessFilters/iteracion_55.png,SOURCE_MISSING_RECHECK,MISSING_SOURCE_AT_EXECUTION,,46148,"A005 listed this external reference path, but it is not present in the current workspace; no delete or move was performed."
참고 Context/3. Github Source/QuantTraderDL-main/QuantTraderDL-main/plots/multiexog_syp500_-100d-20100104-2024729-lessFilters/iteracion_56.png,SOURCE_MISSING_RECHECK,MISSING_SOURCE_AT_EXECUTION,,43402,"A005 listed this external reference path, but it is not present in the current workspace; no delete or move was performed."
참고 Context/3. Github Source/QuantTraderDL-main/QuantTraderDL-main/plots/multiexog_syp500_-100d-20100104-2024729-lessFilters/iteracion_57.png,SOURCE_MISSING_RECHECK,MISSING_SOURCE_AT_EXECUTION,,45332,"A005 listed this external reference path, but it is not present in the current workspace; no delete or move was performed."
참고 Context/3. Github Source/QuantTraderDL-main/QuantTraderDL-main/plots/multiexog_syp500_-100d-20100104-2024729-lessFilters/iteracion_58.png,SOURCE_MISSING_RECHECK,MISSING_SOURCE_AT_EXECUTION,,44159,"A005 listed this external reference path, but it is not present in the current workspace; no delete or move was performed."
참고 Context/3. Github Source/QuantTraderDL-main/QuantTraderDL-main/plots/multiexog_syp500_-100d-20100104-2024729-lessFilters/iteracion_59.png,SOURCE_MISSING_RECHECK,MISSING_SOURCE_AT_EXECUTION,,45308,"A005 listed this external reference path, but it is not present in the current workspace; no delete or move was performed."
참고 Context/3. Github Source/QuantTraderDL-main/QuantTraderDL-main/plots/multiexog_syp500_-100d-20100104-2024729-lessFilters/iteracion_6.png,SOURCE_MISSING_RECHECK,MISSING_SOURCE_AT_EXECUTION,,41143,"A005 listed this external reference path, but it is not present in the current workspace; no delete or move was performed."
참고 Context/3. Github Source/QuantTraderDL-main/QuantTraderDL-main/plots/multiexog_syp500_-100d-20100104-2024729-lessFilters/iteracion_60.png,SOURCE_MISSING_RECHECK,MISSING_SOURCE_AT_EXECUTION,,44986,"A005 listed this external reference path, but it is not present in the current workspace; no delete or move was performed."
참고 Context/3. Github Source/QuantTraderDL-main/QuantTraderDL-main/plots/multiexog_syp500_-100d-20100104-2024729-lessFilters/iteracion_61.png,SOURCE_MISSING_RECHECK,MISSING_SOURCE_AT_EXECUTION,,47966,"A005 listed this external reference path, but it is not present in the current workspace; no delete or move was performed."
참고 Context/3. Github Source/QuantTraderDL-main/QuantTraderDL-main/plots/multiexog_syp500_-100d-20100104-2024729-lessFilters/iteracion_62.png,SOURCE_MISSING_RECHECK,MISSING_SOURCE_AT_EXECUTION,,45663,"A005 listed this external reference path, but it is not present in the current workspace; no delete or move was performed."
참고 Context/3. Github Source/QuantTraderDL-main/QuantTraderDL-main/plots/multiexog_syp500_-100d-20100104-2024729-lessFilters/iteracion_63.png,SOURCE_MISSING_RECHECK,MISSING_SOURCE_AT_EXECUTION,,46456,"A005 listed this external reference path, but it is not present in the current workspace; no delete or move was performed."
참고 Context/3. Github Source/QuantTraderDL-main/QuantTraderDL-main/plots/multiexog_syp500_-100d-20100104-2024729-lessFilters/iteracion_64.png,SOURCE_MISSING_RECHECK,MISSING_SOURCE_AT_EXECUTION,,43772,"A005 listed this external reference path, but it is not present in the current workspace; no delete or move was performed."
참고 Context/3. Github Source/QuantTraderDL-main/QuantTraderDL-main/plots/multiexog_syp500_-100d-20100104-2024729-lessFilters/iteracion_65.png,SOURCE_MISSING_RECHECK,MISSING_SOURCE_AT_EXECUTION,,48717,"A005 listed this external reference path, but it is not present in the current workspace; no delete or move was performed."
참고 Context/3. Github Source/QuantTraderDL-main/QuantTraderDL-main/plots/multiexog_syp500_-100d-20100104-2024729-lessFilters/iteracion_66.png,SOURCE_MISSING_RECHECK,MISSING_SOURCE_AT_EXECUTION,,52457,"A005 listed this external reference path, but it is not present in the current workspace; no delete or move was performed."
참고 Context/3. Github Source/QuantTraderDL-main/QuantTraderDL-main/plots/multiexog_syp500_-100d-20100104-2024729-lessFilters/iteracion_7.png,SOURCE_MISSING_RECHECK,MISSING_SOURCE_AT_EXECUTION,,40392,"A005 listed this external reference path, but it is not present in the current workspace; no delete or move was performed."
참고 Context/3. Github Source/QuantTraderDL-main/QuantTraderDL-main/plots/multiexog_syp500_-100d-20100104-2024729-lessFilters/iteracion_8.png,SOURCE_MISSING_RECHECK,MISSING_SOURCE_AT_EXECUTION,,40567,"A005 listed this external reference path, but it is not present in the current workspace; no delete or move was performed."
참고 Context/3. Github Source/QuantTraderDL-main/QuantTraderDL-main/plots/multiexog_syp500_-100d-20100104-2024729-lessFilters/iteracion_9.png,SOURCE_MISSING_RECHECK,MISSING_SOURCE_AT_EXECUTION,,39707,"A005 listed this external reference path, but it is not present in the current workspace; no delete or move was performed."
참고 Context/3. Github Source/QuantTraderDL-main/QuantTraderDL-main/results/BTC_gauss_multiexog-50d-2010-01-04-2024-7-29.csv,SOURCE_MISSING_RECHECK,MISSING_SOURCE_AT_EXECUTION,,3320,"A005 listed this external reference path, but it is not present in the current workspace; no delete or move was performed."
참고 Context/3. Github Source/QuantTraderDL-main/QuantTraderDL-main/results/S&P500_gauss_multiexog-50d-2010-01-04-2024-7-29.csv,SOURCE_MISSING_RECHECK,MISSING_SOURCE_AT_EXECUTION,,626,"A005 listed this external reference path, but it is not present in the current workspace; no delete or move was performed."
참고 Context/3. Github Source/QuantTraderDL-main/QuantTraderDL-main/results/TFT-100d-2010-01-04-2024-10-25-lessFilters.csv,SOURCE_MISSING_RECHECK,MISSING_SOURCE_AT_EXECUTION,,2315,"A005 listed this external reference path, but it is not present in the current workspace; no delete or move was performed."
참고 Context/3. Github Source/QuantTraderDL-main/QuantTraderDL-main/results/TFT-100d-2010-01-04-2024-7-29-lessFilters.csv,SOURCE_MISSING_RECHECK,MISSING_SOURCE_AT_EXECUTION,,4240,"A005 listed this external reference path, but it is not present in the current workspace; no delete or move was performed."
참고 Context/3. Github Source/QuantTraderDL-main/QuantTraderDL-main/results/TFT-15d-2000-01-03-2019-11-14-lessFilters.csv,SOURCE_MISSING_RECHECK,MISSING_SOURCE_AT_EXECUTION,,2281,"A005 listed this external reference path, but it is not present in the current workspace; no delete or move was performed."
참고 Context/3. Github Source/QuantTraderDL-main/QuantTraderDL-main/results/TFT-15d-2021-01-04-2024-07-31-lessFilters.csv,SOURCE_MISSING_RECHECK,MISSING_SOURCE_AT_EXECUTION,,884,"A005 listed this external reference path, but it is not present in the current workspace; no delete or move was performed."
참고 Context/3. Github Source/QuantTraderDL-main/QuantTraderDL-main/results/TFT-15d-2023-06-01-2024-07-31-lessFilters.csv,SOURCE_MISSING_RECHECK,MISSING_SOURCE_AT_EXECUTION,,3128,"A005 listed this external reference path, but it is not present in the current workspace; no delete or move was performed."
참고 Context/3. Github Source/QuantTraderDL-main/QuantTraderDL-main/results/TFT-21d-2023-06-01-2024-07-31-lessFilters.csv,SOURCE_MISSING_RECHECK,MISSING_SOURCE_AT_EXECUTION,,463,"A005 listed this external reference path, but it is not present in the current workspace; no delete or move was performed."
참고 Context/3. Github Source/QuantTraderDL-main/QuantTraderDL-main/results/gauss_multiexog_syp500_-100d-2010-01-04-2024-7-29.csv,SOURCE_MISSING_RECHECK,MISSING_SOURCE_AT_EXECUTION,,11255,"A005 listed this external reference path, but it is not present in the current workspace; no delete or move was performed."
참고 Context/3. Github Source/QuantTraderDL-main/QuantTraderDL-main/results/gauss_multiexog_syp500_-50d-2010-01-04-2024-7-29.csv,SOURCE_MISSING_RECHECK,MISSING_SOURCE_AT_EXECUTION,,17639,"A005 listed this external reference path, but it is not present in the current workspace; no delete or move was performed."
참고 Context/3. Github Source/QuantTraderDL-main/QuantTraderDL-main/results/multiexog_syp500_-100d-2010-01-04-2024-7-29.csv,SOURCE_MISSING_RECHECK,MISSING_SOURCE_AT_EXECUTION,,9738,"A005 listed this external reference path, but it is not present in the current workspace; no delete or move was performed."
참고 Context/3. Github Source/QuantTraderDL-main/QuantTraderDL-main/tft_helper.py,SOURCE_MISSING_RECHECK,MISSING_SOURCE_AT_EXECUTION,,42556,"A005 listed this external reference path, but it is not present in the current workspace; no delete or move was performed."
참고 Context/3. Github Source/QuantTraderDL-main/QuantTraderDL-main/trading_bot_model.zip,SOURCE_MISSING_RECHECK,MISSING_SOURCE_AT_EXECUTION,,253170,"A005 listed this external reference path, but it is not present in the current workspace; no delete or move was performed."
참고 Context/3. Github Source/QuantTraderDL-main/QuantTraderDL-main/trading_multiseries_exog_gauss.ipynb,SOURCE_MISSING_RECHECK,MISSING_SOURCE_AT_EXECUTION,,174424,"A005 listed this external reference path, but it is not present in the current workspace; no delete or move was performed."
참고 Context/3. Github Source/github-main/.github-main/.DS_Store,SOURCE_MISSING_RECHECK,MISSING_SOURCE_AT_EXECUTION,,6148,"A005 listed this external reference path, but it is not present in the current workspace; no delete or move was performed."
참고 Context/3. Github Source/github-main/.github-main/README.md,SOURCE_MISSING_RECHECK,MISSING_SOURCE_AT_EXECUTION,,17373,"A005 listed this external reference path, but it is not present in the current workspace; no delete or move was performed."
참고 Context/3. Github Source/github-main/.github-main/profile/README.md,SOURCE_MISSING_RECHECK,MISSING_SOURCE_AT_EXECUTION,,17375,"A005 listed this external reference path, but it is not present in the current workspace; no delete or move was performed."
참고 Context/3. Github Source/github-main/.github-main/profile/ROADMAP.md,SOURCE_MISSING_RECHECK,MISSING_SOURCE_AT_EXECUTION,,6760,"A005 listed this external reference path, but it is not present in the current workspace; no delete or move was performed."
참고 Context/3. Github Source/regime-adaptive-quantitative-trading-main/regime-adaptive-quantitative-trading-main/.gitignore,SOURCE_MISSING_RECHECK,MISSING_SOURCE_AT_EXECUTION,,1405,"A005 listed this external reference path, but it is not present in the current workspace; no delete or move was performed."
참고 Context/3. Github Source/regime-adaptive-quantitative-trading-main/regime-adaptive-quantitative-trading-main/CHANGELOG.md,SOURCE_MISSING_RECHECK,MISSING_SOURCE_AT_EXECUTION,,2478,"A005 listed this external reference path, but it is not present in the current workspace; no delete or move was performed."
참고 Context/3. Github Source/regime-adaptive-quantitative-trading-main/regime-adaptive-quantitative-trading-main/CLEANUP_SUMMARY.md,SOURCE_MISSING_RECHECK,MISSING_SOURCE_AT_EXECUTION,,8906,"A005 listed this external reference path, but it is not present in the current workspace; no delete or move was performed."
참고 Context/3. Github Source/regime-adaptive-quantitative-trading-main/regime-adaptive-quantitative-trading-main/CONTRIBUTING.md,SOURCE_MISSING_RECHECK,MISSING_SOURCE_AT_EXECUTION,,10771,"A005 listed this external reference path, but it is not present in the current workspace; no delete or move was performed."
참고 Context/3. Github Source/regime-adaptive-quantitative-trading-main/regime-adaptive-quantitative-trading-main/LICENSE,SOURCE_MISSING_RECHECK,MISSING_SOURCE_AT_EXECUTION,,1086,"A005 listed this external reference path, but it is not present in the current workspace; no delete or move was performed."
참고 Context/3. Github Source/regime-adaptive-quantitative-trading-main/regime-adaptive-quantitative-trading-main/PROJECT_SUMMARY.md,SOURCE_MISSING_RECHECK,MISSING_SOURCE_AT_EXECUTION,,11413,"A005 listed this external reference path, but it is not present in the current workspace; no delete or move was performed."
참고 Context/3. Github Source/regime-adaptive-quantitative-trading-main/regime-adaptive-quantitative-trading-main/QUICK_REFERENCE.md,SOURCE_MISSING_RECHECK,MISSING_SOURCE_AT_EXECUTION,,4691,"A005 listed this external reference path, but it is not present in the current workspace; no delete or move was performed."
참고 Context/3. Github Source/regime-adaptive-quantitative-trading-main/regime-adaptive-quantitative-trading-main/README.md,SOURCE_MISSING_RECHECK,MISSING_SOURCE_AT_EXECUTION,,9222,"A005 listed this external reference path, but it is not present in the current workspace; no delete or move was performed."
참고 Context/3. Github Source/regime-adaptive-quantitative-trading-main/regime-adaptive-quantitative-trading-main/archive/CONSTRAINTS_FOR_ALPHAS.md,SOURCE_MISSING_RECHECK,MISSING_SOURCE_AT_EXECUTION,,5481,"A005 listed this external reference path, but it is not present in the current workspace; no delete or move was performed."
참고 Context/3. Github Source/regime-adaptive-quantitative-trading-main/regime-adaptive-quantitative-trading-main/archive/FINAL_SUBMISSION_CHECKLIST.md,SOURCE_MISSING_RECHECK,MISSING_SOURCE_AT_EXECUTION,,2017,"A005 listed this external reference path, but it is not present in the current workspace; no delete or move was performed."
참고 Context/3. Github Source/regime-adaptive-quantitative-trading-main/regime-adaptive-quantitative-trading-main/archive/HIGH_SHARPE_FILES.md,SOURCE_MISSING_RECHECK,MISSING_SOURCE_AT_EXECUTION,,1310,"A005 listed this external reference path, but it is not present in the current workspace; no delete or move was performed."
참고 Context/3. Github Source/regime-adaptive-quantitative-trading-main/regime-adaptive-quantitative-trading-main/archive/README.md,SOURCE_MISSING_RECHECK,MISSING_SOURCE_AT_EXECUTION,,3036,"A005 listed this external reference path, but it is not present in the current workspace; no delete or move was performed."
참고 Context/3. Github Source/regime-adaptive-quantitative-trading-main/regime-adaptive-quantitative-trading-main/archive/SHARPE_COMPARISON.md,SOURCE_MISSING_RECHECK,MISSING_SOURCE_AT_EXECUTION,,2528,"A005 listed this external reference path, but it is not present in the current workspace; no delete or move was performed."
참고 Context/3. Github Source/regime-adaptive-quantitative-trading-main/regime-adaptive-quantitative-trading-main/archive/STRATEGY2_GUIDE.md,SOURCE_MISSING_RECHECK,MISSING_SOURCE_AT_EXECUTION,,1920,"A005 listed this external reference path, but it is not present in the current workspace; no delete or move was performed."
참고 Context/3. Github Source/regime-adaptive-quantitative-trading-main/regime-adaptive-quantitative-trading-main/archive/STRATEGY_3_LOGIC.md,SOURCE_MISSING_RECHECK,MISSING_SOURCE_AT_EXECUTION,,12249,"A005 listed this external reference path, but it is not present in the current workspace; no delete or move was performed."
참고 Context/3. Github Source/regime-adaptive-quantitative-trading-main/regime-adaptive-quantitative-trading-main/archive/STRATEGY_3_SUBMISSION_PACKAGE.md,SOURCE_MISSING_RECHECK,MISSING_SOURCE_AT_EXECUTION,,4408,"A005 listed this external reference path, but it is not present in the current workspace; no delete or move was performed."
참고 Context/3. Github Source/regime-adaptive-quantitative-trading-main/regime-adaptive-quantitative-trading-main/archive/SUBMISSION_FORM_ANSWERS.md,SOURCE_MISSING_RECHECK,MISSING_SOURCE_AT_EXECUTION,,2883,"A005 listed this external reference path, but it is not present in the current workspace; no delete or move was performed."
참고 Context/3. Github Source/regime-adaptive-quantitative-trading-main/regime-adaptive-quantitative-trading-main/archive/UPLOAD_GUIDE.md,SOURCE_MISSING_RECHECK,MISSING_SOURCE_AT_EXECUTION,,2437,"A005 listed this external reference path, but it is not present in the current workspace; no delete or move was performed."
참고 Context/3. Github Source/regime-adaptive-quantitative-trading-main/regime-adaptive-quantitative-trading-main/archive/adjust_these_files/generate_final_submission.py,SOURCE_MISSING_RECHECK,MISSING_SOURCE_AT_EXECUTION,,7299,"A005 listed this external reference path, but it is not present in the current workspace; no delete or move was performed."
참고 Context/3. Github Source/regime-adaptive-quantitative-trading-main/regime-adaptive-quantitative-trading-main/archive/adjust_these_files/objective_functions.py,SOURCE_MISSING_RECHECK,MISSING_SOURCE_AT_EXECUTION,,12177,"A005 listed this external reference path, but it is not present in the current workspace; no delete or move was performed."
참고 Context/3. Github Source/regime-adaptive-quantitative-trading-main/regime-adaptive-quantitative-trading-main/archive/adjust_these_files/parallel_optimizer.py,SOURCE_MISSING_RECHECK,MISSING_SOURCE_AT_EXECUTION,,13475,"A005 listed this external reference path, but it is not present in the current workspace; no delete or move was performed."
참고 Context/3. Github Source/regime-adaptive-quantitative-trading-main/regime-adaptive-quantitative-trading-main/archive/adjust_these_files/parameter_space.py,SOURCE_MISSING_RECHECK,MISSING_SOURCE_AT_EXECUTION,,9927,"A005 listed this external reference path, but it is not present in the current workspace; no delete or move was performed."
참고 Context/3. Github Source/regime-adaptive-quantitative-trading-main/regime-adaptive-quantitative-trading-main/archive/adjust_these_files/run_full_optimization.py,SOURCE_MISSING_RECHECK,MISSING_SOURCE_AT_EXECUTION,,4149,"A005 listed this external reference path, but it is not present in the current workspace; no delete or move was performed."
참고 Context/3. Github Source/regime-adaptive-quantitative-trading-main/regime-adaptive-quantitative-trading-main/archive/baseline_measurement.py,SOURCE_MISSING_RECHECK,MISSING_SOURCE_AT_EXECUTION,,3821,"A005 listed this external reference path, but it is not present in the current workspace; no delete or move was performed."
참고 Context/3. Github Source/regime-adaptive-quantitative-trading-main/regime-adaptive-quantitative-trading-main/archive/claude_testing_prompt.md,SOURCE_MISSING_RECHECK,MISSING_SOURCE_AT_EXECUTION,,15463,"A005 listed this external reference path, but it is not present in the current workspace; no delete or move was performed."
참고 Context/3. Github Source/regime-adaptive-quantitative-trading-main/regime-adaptive-quantitative-trading-main/archive/create_strategy2_files.py,SOURCE_MISSING_RECHECK,MISSING_SOURCE_AT_EXECUTION,,1488,"A005 listed this external reference path, but it is not present in the current workspace; no delete or move was performed."
참고 Context/3. Github Source/regime-adaptive-quantitative-trading-main/regime-adaptive-quantitative-trading-main/archive/debug_nifty_trend.py,SOURCE_MISSING_RECHECK,MISSING_SOURCE_AT_EXECUTION,,1939,"A005 listed this external reference path, but it is not present in the current workspace; no delete or move was performed."
참고 Context/3. Github Source/regime-adaptive-quantitative-trading-main/regime-adaptive-quantitative-trading-main/archive/emergency_overfitting_check.py,SOURCE_MISSING_RECHECK,MISSING_SOURCE_AT_EXECUTION,,10026,"A005 listed this external reference path, but it is not present in the current workspace; no delete or move was performed."
참고 Context/3. Github Source/regime-adaptive-quantitative-trading-main/regime-adaptive-quantitative-trading-main/archive/emergency_trade_boost.py,SOURCE_MISSING_RECHECK,MISSING_SOURCE_AT_EXECUTION,,6824,"A005 listed this external reference path, but it is not present in the current workspace; no delete or move was performed."
참고 Context/3. Github Source/regime-adaptive-quantitative-trading-main/regime-adaptive-quantitative-trading-main/archive/final_rule12_check.py,SOURCE_MISSING_RECHECK,MISSING_SOURCE_AT_EXECUTION,,980,"A005 listed this external reference path, but it is not present in the current workspace; no delete or move was performed."
참고 Context/3. Github Source/regime-adaptive-quantitative-trading-main/regime-adaptive-quantitative-trading-main/archive/immediate_action_plan.md,SOURCE_MISSING_RECHECK,MISSING_SOURCE_AT_EXECUTION,,8281,"A005 listed this external reference path, but it is not present in the current workspace; no delete or move was performed."
참고 Context/3. Github Source/regime-adaptive-quantitative-trading-main/regime-adaptive-quantitative-trading-main/archive/manual_samples.py,SOURCE_MISSING_RECHECK,MISSING_SOURCE_AT_EXECUTION,,849,"A005 listed this external reference path, but it is not present in the current workspace; no delete or move was performed."
참고 Context/3. Github Source/regime-adaptive-quantitative-trading-main/regime-adaptive-quantitative-trading-main/archive/outlier_check.py,SOURCE_MISSING_RECHECK,MISSING_SOURCE_AT_EXECUTION,,1228,"A005 listed this external reference path, but it is not present in the current workspace; no delete or move was performed."
참고 Context/3. Github Source/regime-adaptive-quantitative-trading-main/regime-adaptive-quantitative-trading-main/archive/run_comprehensive_tests.py,SOURCE_MISSING_RECHECK,MISSING_SOURCE_AT_EXECUTION,,26333,"A005 listed this external reference path, but it is not present in the current workspace; no delete or move was performed."
참고 Context/3. Github Source/regime-adaptive-quantitative-trading-main/regime-adaptive-quantitative-trading-main/archive/smart_trade_boost.py,SOURCE_MISSING_RECHECK,MISSING_SOURCE_AT_EXECUTION,,7873,"A005 listed this external reference path, but it is not present in the current workspace; no delete or move was performed."
참고 Context/3. Github Source/regime-adaptive-quantitative-trading-main/regime-adaptive-quantitative-trading-main/archive/split_submission_by_symbol.py,SOURCE_MISSING_RECHECK,MISSING_SOURCE_AT_EXECUTION,,1234,"A005 listed this external reference path, but it is not present in the current workspace; no delete or move was performed."
참고 Context/3. Github Source/regime-adaptive-quantitative-trading-main/regime-adaptive-quantitative-trading-main/archive/submission_3/README.md,SOURCE_MISSING_RECHECK,MISSING_SOURCE_AT_EXECUTION,,4408,"A005 listed this external reference path, but it is not present in the current workspace; no delete or move was performed."
참고 Context/3. Github Source/regime-adaptive-quantitative-trading-main/regime-adaptive-quantitative-trading-main/archive/submission_3/STRATEGY3_NSE_NIFTY50-INDEX_trades.csv,SOURCE_MISSING_RECHECK,MISSING_SOURCE_AT_EXECUTION,,18625,"A005 listed this external reference path, but it is not present in the current workspace; no delete or move was performed."
참고 Context/3. Github Source/regime-adaptive-quantitative-trading-main/regime-adaptive-quantitative-trading-main/archive/submission_3/STRATEGY3_NSE_RELIANCE-EQ_trades.csv,SOURCE_MISSING_RECHECK,MISSING_SOURCE_AT_EXECUTION,,16584,"A005 listed this external reference path, but it is not present in the current workspace; no delete or move was performed."
참고 Context/3. Github Source/regime-adaptive-quantitative-trading-main/regime-adaptive-quantitative-trading-main/archive/submission_3/STRATEGY3_NSE_SUNPHARMA-EQ_trades.csv,SOURCE_MISSING_RECHECK,MISSING_SOURCE_AT_EXECUTION,,17487,"A005 listed this external reference path, but it is not present in the current workspace; no delete or move was performed."
참고 Context/3. Github Source/regime-adaptive-quantitative-trading-main/regime-adaptive-quantitative-trading-main/archive/submission_3/STRATEGY3_NSE_VBL-EQ_trades.csv,SOURCE_MISSING_RECHECK,MISSING_SOURCE_AT_EXECUTION,,36451,"A005 listed this external reference path, but it is not present in the current workspace; no delete or move was performed."
참고 Context/3. Github Source/regime-adaptive-quantitative-trading-main/regime-adaptive-quantitative-trading-main/archive/submission_3/STRATEGY3_NSE_YESBANK-EQ_trades.csv,SOURCE_MISSING_RECHECK,MISSING_SOURCE_AT_EXECUTION,,16891,"A005 listed this external reference path, but it is not present in the current workspace; no delete or move was performed."
참고 Context/3. Github Source/regime-adaptive-quantitative-trading-main/regime-adaptive-quantitative-trading-main/archive/submission_3/STRATEGY_3_LOGIC.md,SOURCE_MISSING_RECHECK,MISSING_SOURCE_AT_EXECUTION,,12249,"A005 listed this external reference path, but it is not present in the current workspace; no delete or move was performed."
참고 Context/3. Github Source/regime-adaptive-quantitative-trading-main/regime-adaptive-quantitative-trading-main/archive/submission_3/SUBMISSION_CHECKLIST.md,SOURCE_MISSING_RECHECK,MISSING_SOURCE_AT_EXECUTION,,813,"A005 listed this external reference path, but it is not present in the current workspace; no delete or move was performed."
참고 Context/3. Github Source/regime-adaptive-quantitative-trading-main/regime-adaptive-quantitative-trading-main/archive/submission_3/SUBMISSION_GUIDE.md,SOURCE_MISSING_RECHECK,MISSING_SOURCE_AT_EXECUTION,,5520,"A005 listed this external reference path, but it is not present in the current workspace; no delete or move was performed."
참고 Context/3. Github Source/regime-adaptive-quantitative-trading-main/regime-adaptive-quantitative-trading-main/archive/submission_3/VALIDATION_REPORT.json,SOURCE_MISSING_RECHECK,MISSING_SOURCE_AT_EXECUTION,,1565,"A005 listed this external reference path, but it is not present in the current workspace; no delete or move was performed."
참고 Context/3. Github Source/regime-adaptive-quantitative-trading-main/regime-adaptive-quantitative-trading-main/archive/submission_4/README.md,SOURCE_MISSING_RECHECK,MISSING_SOURCE_AT_EXECUTION,,4804,"A005 listed this external reference path, but it is not present in the current workspace; no delete or move was performed."
참고 Context/3. Github Source/regime-adaptive-quantitative-trading-main/regime-adaptive-quantitative-trading-main/archive/submission_4/STRATEGY4_NSE_NIFTY50-INDEX_trades.csv,SOURCE_MISSING_RECHECK,MISSING_SOURCE_AT_EXECUTION,,18620,"A005 listed this external reference path, but it is not present in the current workspace; no delete or move was performed."
참고 Context/3. Github Source/regime-adaptive-quantitative-trading-main/regime-adaptive-quantitative-trading-main/archive/submission_4/STRATEGY4_NSE_RELIANCE-EQ_trades.csv,SOURCE_MISSING_RECHECK,MISSING_SOURCE_AT_EXECUTION,,16584,"A005 listed this external reference path, but it is not present in the current workspace; no delete or move was performed."
참고 Context/3. Github Source/regime-adaptive-quantitative-trading-main/regime-adaptive-quantitative-trading-main/archive/submission_4/STRATEGY4_NSE_SUNPHARMA-EQ_trades.csv,SOURCE_MISSING_RECHECK,MISSING_SOURCE_AT_EXECUTION,,17487,"A005 listed this external reference path, but it is not present in the current workspace; no delete or move was performed."
참고 Context/3. Github Source/regime-adaptive-quantitative-trading-main/regime-adaptive-quantitative-trading-main/archive/submission_4/STRATEGY4_NSE_VBL-EQ_trades.csv,SOURCE_MISSING_RECHECK,MISSING_SOURCE_AT_EXECUTION,,36442,"A005 listed this external reference path, but it is not present in the current workspace; no delete or move was performed."
참고 Context/3. Github Source/regime-adaptive-quantitative-trading-main/regime-adaptive-quantitative-trading-main/archive/submission_4/STRATEGY4_NSE_YESBANK-EQ_trades.csv,SOURCE_MISSING_RECHECK,MISSING_SOURCE_AT_EXECUTION,,16891,"A005 listed this external reference path, but it is not present in the current workspace; no delete or move was performed."
참고 Context/3. Github Source/regime-adaptive-quantitative-trading-main/regime-adaptive-quantitative-trading-main/archive/submission_4/STRATEGY_4_LOGIC.md,SOURCE_MISSING_RECHECK,MISSING_SOURCE_AT_EXECUTION,,12249,"A005 listed this external reference path, but it is not present in the current workspace; no delete or move was performed."
참고 Context/3. Github Source/regime-adaptive-quantitative-trading-main/regime-adaptive-quantitative-trading-main/archive/submission_4/SUBMISSION_CHECKLIST.md,SOURCE_MISSING_RECHECK,MISSING_SOURCE_AT_EXECUTION,,618,"A005 listed this external reference path, but it is not present in the current workspace; no delete or move was performed."
참고 Context/3. Github Source/regime-adaptive-quantitative-trading-main/regime-adaptive-quantitative-trading-main/archive/submission_5/FINAL_IMPLEMENTATION_SUMMARY.md,SOURCE_MISSING_RECHECK,MISSING_SOURCE_AT_EXECUTION,,2915,"A005 listed this external reference path, but it is not present in the current workspace; no delete or move was performed."
참고 Context/3. Github Source/regime-adaptive-quantitative-trading-main/regime-adaptive-quantitative-trading-main/archive/submission_5/FINAL_PORTFOLIO_TRACKER_20260117_194157.csv,SOURCE_MISSING_RECHECK,MISSING_SOURCE_AT_EXECUTION,,69388,"A005 listed this external reference path, but it is not present in the current workspace; no delete or move was performed."
참고 Context/3. Github Source/regime-adaptive-quantitative-trading-main/regime-adaptive-quantitative-trading-main/archive/submission_5/FINAL_PORTFOLIO_TRACKER_20260117_194253.csv,SOURCE_MISSING_RECHECK,MISSING_SOURCE_AT_EXECUTION,,53839,"A005 listed this external reference path, but it is not present in the current workspace; no delete or move was performed."
참고 Context/3. Github Source/regime-adaptive-quantitative-trading-main/regime-adaptive-quantitative-trading-main/archive/submission_5/FINAL_PORTFOLIO_TRACKER_20260117_194355.csv,SOURCE_MISSING_RECHECK,MISSING_SOURCE_AT_EXECUTION,,63744,"A005 listed this external reference path, but it is not present in the current workspace; no delete or move was performed."
참고 Context/3. Github Source/regime-adaptive-quantitative-trading-main/regime-adaptive-quantitative-trading-main/archive/submission_5/FINAL_PORTFOLIO_TRACKER_20260117_194441.csv,SOURCE_MISSING_RECHECK,MISSING_SOURCE_AT_EXECUTION,,67984,"A005 listed this external reference path, but it is not present in the current workspace; no delete or move was performed."
참고 Context/3. Github Source/regime-adaptive-quantitative-trading-main/regime-adaptive-quantitative-trading-main/archive/submission_5/FINAL_PORTFOLIO_TRACKER_20260117_194503.csv,SOURCE_MISSING_RECHECK,MISSING_SOURCE_AT_EXECUTION,,73541,"A005 listed this external reference path, but it is not present in the current workspace; no delete or move was performed."
참고 Context/3. Github Source/regime-adaptive-quantitative-trading-main/regime-adaptive-quantitative-trading-main/archive/submission_5/FINAL_PORTFOLIO_TRACKER_20260117_200750.csv,SOURCE_MISSING_RECHECK,MISSING_SOURCE_AT_EXECUTION,,62159,"A005 listed this external reference path, but it is not present in the current workspace; no delete or move was performed."
참고 Context/3. Github Source/regime-adaptive-quantitative-trading-main/regime-adaptive-quantitative-trading-main/archive/submission_5/FINAL_PORTFOLIO_TRACKER_20260117_200805.csv,SOURCE_MISSING_RECHECK,MISSING_SOURCE_AT_EXECUTION,,74070,"A005 listed this external reference path, but it is not present in the current workspace; no delete or move was performed."
참고 Context/3. Github Source/regime-adaptive-quantitative-trading-main/regime-adaptive-quantitative-trading-main/archive/submission_5/FINAL_UPLOAD_PACKAGE/FINAL_IMPLEMENTATION_SUMMARY.md,SOURCE_MISSING_RECHECK,MISSING_SOURCE_AT_EXECUTION,,2915,"A005 listed this external reference path, but it is not present in the current workspace; no delete or move was performed."
참고 Context/3. Github Source/regime-adaptive-quantitative-trading-main/regime-adaptive-quantitative-trading-main/archive/submission_5/FINAL_UPLOAD_PACKAGE/FINAL_SUBMISSION_VALIDATION.md,SOURCE_MISSING_RECHECK,MISSING_SOURCE_AT_EXECUTION,,1823,"A005 listed this external reference path, but it is not present in the current workspace; no delete or move was performed."
참고 Context/3. Github Source/regime-adaptive-quantitative-trading-main/regime-adaptive-quantitative-trading-main/archive/submission_5/FINAL_UPLOAD_PACKAGE/ROBUSTNESS_TEST_RESULTS.md,SOURCE_MISSING_RECHECK,MISSING_SOURCE_AT_EXECUTION,,1542,"A005 listed this external reference path, but it is not present in the current workspace; no delete or move was performed."
참고 Context/3. Github Source/regime-adaptive-quantitative-trading-main/regime-adaptive-quantitative-trading-main/archive/submission_5/FINAL_UPLOAD_PACKAGE/STRATEGY5_NSE_NIFTY50-INDEX_trades.csv,SOURCE_MISSING_RECHECK,MISSING_SOURCE_AT_EXECUTION,,15052,"A005 listed this external reference path, but it is not present in the current workspace; no delete or move was performed."
참고 Context/3. Github Source/regime-adaptive-quantitative-trading-main/regime-adaptive-quantitative-trading-main/archive/submission_5/FINAL_UPLOAD_PACKAGE/STRATEGY5_NSE_RELIANCE-EQ_trades.csv,SOURCE_MISSING_RECHECK,MISSING_SOURCE_AT_EXECUTION,,15035,"A005 listed this external reference path, but it is not present in the current workspace; no delete or move was performed."
참고 Context/3. Github Source/regime-adaptive-quantitative-trading-main/regime-adaptive-quantitative-trading-main/archive/submission_5/FINAL_UPLOAD_PACKAGE/STRATEGY5_NSE_SUNPHARMA-EQ_trades.csv,SOURCE_MISSING_RECHECK,MISSING_SOURCE_AT_EXECUTION,,15861,"A005 listed this external reference path, but it is not present in the current workspace; no delete or move was performed."
참고 Context/3. Github Source/regime-adaptive-quantitative-trading-main/regime-adaptive-quantitative-trading-main/archive/submission_5/FINAL_UPLOAD_PACKAGE/STRATEGY5_NSE_VBL-EQ_trades.csv,SOURCE_MISSING_RECHECK,MISSING_SOURCE_AT_EXECUTION,,17988,"A005 listed this external reference path, but it is not present in the current workspace; no delete or move was performed."
참고 Context/3. Github Source/regime-adaptive-quantitative-trading-main/regime-adaptive-quantitative-trading-main/archive/submission_5/FINAL_UPLOAD_PACKAGE/STRATEGY5_NSE_YESBANK-EQ_trades.csv,SOURCE_MISSING_RECHECK,MISSING_SOURCE_AT_EXECUTION,,15474,"A005 listed this external reference path, but it is not present in the current workspace; no delete or move was performed."
참고 Context/3. Github Source/regime-adaptive-quantitative-trading-main/regime-adaptive-quantitative-trading-main/archive/submission_5/FINAL_UPLOAD_PACKAGE/STRATEGY_5_LOGIC.md,SOURCE_MISSING_RECHECK,MISSING_SOURCE_AT_EXECUTION,,4794,"A005 listed this external reference path, but it is not present in the current workspace; no delete or move was performed."
참고 Context/3. Github Source/regime-adaptive-quantitative-trading-main/regime-adaptive-quantitative-trading-main/archive/submission_5/ROBUSTNESS_TEST_RESULTS.md,SOURCE_MISSING_RECHECK,MISSING_SOURCE_AT_EXECUTION,,1542,"A005 listed this external reference path, but it is not present in the current workspace; no delete or move was performed."
참고 Context/3. Github Source/regime-adaptive-quantitative-trading-main/regime-adaptive-quantitative-trading-main/archive/submission_5/STRATEGY5_NSE_NIFTY50-INDEX_trades.csv,SOURCE_MISSING_RECHECK,MISSING_SOURCE_AT_EXECUTION,,15052,"A005 listed this external reference path, but it is not present in the current workspace; no delete or move was performed."
참고 Context/3. Github Source/regime-adaptive-quantitative-trading-main/regime-adaptive-quantitative-trading-main/archive/submission_5/STRATEGY5_NSE_RELIANCE-EQ_trades.csv,SOURCE_MISSING_RECHECK,MISSING_SOURCE_AT_EXECUTION,,15035,"A005 listed this external reference path, but it is not present in the current workspace; no delete or move was performed."
참고 Context/3. Github Source/regime-adaptive-quantitative-trading-main/regime-adaptive-quantitative-trading-main/archive/submission_5/STRATEGY5_NSE_SUNPHARMA-EQ_trades.csv,SOURCE_MISSING_RECHECK,MISSING_SOURCE_AT_EXECUTION,,15861,"A005 listed this external reference path, but it is not present in the current workspace; no delete or move was performed."
참고 Context/3. Github Source/regime-adaptive-quantitative-trading-main/regime-adaptive-quantitative-trading-main/archive/submission_5/STRATEGY5_NSE_VBL-EQ_trades.csv,SOURCE_MISSING_RECHECK,MISSING_SOURCE_AT_EXECUTION,,17988,"A005 listed this external reference path, but it is not present in the current workspace; no delete or move was performed."
참고 Context/3. Github Source/regime-adaptive-quantitative-trading-main/regime-adaptive-quantitative-trading-main/archive/submission_5/STRATEGY5_NSE_YESBANK-EQ_trades.csv,SOURCE_MISSING_RECHECK,MISSING_SOURCE_AT_EXECUTION,,15474,"A005 listed this external reference path, but it is not present in the current workspace; no delete or move was performed."
참고 Context/3. Github Source/regime-adaptive-quantitative-trading-main/regime-adaptive-quantitative-trading-main/archive/submission_5/STRATEGY_5_LOGIC.md,SOURCE_MISSING_RECHECK,MISSING_SOURCE_AT_EXECUTION,,4794,"A005 listed this external reference path, but it is not present in the current workspace; no delete or move was performed."
참고 Context/3. Github Source/regime-adaptive-quantitative-trading-main/regime-adaptive-quantitative-trading-main/archive/submission_new/FINAL_PORTFOLIO_TRACKER_20260117_201824.csv,SOURCE_MISSING_RECHECK,MISSING_SOURCE_AT_EXECUTION,,74070,"A005 listed this external reference path, but it is not present in the current workspace; no delete or move was performed."
참고 Context/3. Github Source/regime-adaptive-quantitative-trading-main/regime-adaptive-quantitative-trading-main/archive/submission_new/STRATEGY5_NSE_NIFTY50-INDEX_trades.csv,SOURCE_MISSING_RECHECK,MISSING_SOURCE_AT_EXECUTION,,15052,"A005 listed this external reference path, but it is not present in the current workspace; no delete or move was performed."
참고 Context/3. Github Source/regime-adaptive-quantitative-trading-main/regime-adaptive-quantitative-trading-main/archive/submission_new/STRATEGY5_NSE_RELIANCE-EQ_trades.csv,SOURCE_MISSING_RECHECK,MISSING_SOURCE_AT_EXECUTION,,15035,"A005 listed this external reference path, but it is not present in the current workspace; no delete or move was performed."
참고 Context/3. Github Source/regime-adaptive-quantitative-trading-main/regime-adaptive-quantitative-trading-main/archive/submission_new/STRATEGY5_NSE_SUNPHARMA-EQ_trades.csv,SOURCE_MISSING_RECHECK,MISSING_SOURCE_AT_EXECUTION,,15861,"A005 listed this external reference path, but it is not present in the current workspace; no delete or move was performed."
참고 Context/3. Github Source/regime-adaptive-quantitative-trading-main/regime-adaptive-quantitative-trading-main/archive/submission_new/STRATEGY5_NSE_VBL-EQ_trades.csv,SOURCE_MISSING_RECHECK,MISSING_SOURCE_AT_EXECUTION,,17988,"A005 listed this external reference path, but it is not present in the current workspace; no delete or move was performed."
참고 Context/3. Github Source/regime-adaptive-quantitative-trading-main/regime-adaptive-quantitative-trading-main/archive/submission_new/STRATEGY5_NSE_YESBANK-EQ_trades.csv,SOURCE_MISSING_RECHECK,MISSING_SOURCE_AT_EXECUTION,,15474,"A005 listed this external reference path, but it is not present in the current workspace; no delete or move was performed."
참고 Context/3. Github Source/regime-adaptive-quantitative-trading-main/regime-adaptive-quantitative-trading-main/archive/test.py,SOURCE_MISSING_RECHECK,MISSING_SOURCE_AT_EXECUTION,,830,"A005 listed this external reference path, but it is not present in the current workspace; no delete or move was performed."
참고 Context/3. Github Source/regime-adaptive-quantitative-trading-main/regime-adaptive-quantitative-trading-main/archive/test_nifty_minimal.py,SOURCE_MISSING_RECHECK,MISSING_SOURCE_AT_EXECUTION,,704,"A005 listed this external reference path, but it is not present in the current workspace; no delete or move was performed."
참고 Context/3. Github Source/regime-adaptive-quantitative-trading-main/regime-adaptive-quantitative-trading-main/archive/test_nifty_quick.py,SOURCE_MISSING_RECHECK,MISSING_SOURCE_AT_EXECUTION,,2173,"A005 listed this external reference path, but it is not present in the current workspace; no delete or move was performed."
참고 Context/3. Github Source/regime-adaptive-quantitative-trading-main/regime-adaptive-quantitative-trading-main/archive/testing_framework_summary.md,SOURCE_MISSING_RECHECK,MISSING_SOURCE_AT_EXECUTION,,10280,"A005 listed this external reference path, but it is not present in the current workspace; no delete or move was performed."
참고 Context/3. Github Source/regime-adaptive-quantitative-trading-main/regime-adaptive-quantitative-trading-main/archive/trace_nifty_logic.py,SOURCE_MISSING_RECHECK,MISSING_SOURCE_AT_EXECUTION,,939,"A005 listed this external reference path, but it is not present in the current workspace; no delete or move was performed."
참고 Context/3. Github Source/regime-adaptive-quantitative-trading-main/regime-adaptive-quantitative-trading-main/archive/verify_costs.py,SOURCE_MISSING_RECHECK,MISSING_SOURCE_AT_EXECUTION,,1343,"A005 listed this external reference path, but it is not present in the current workspace; no delete or move was performed."
참고 Context/3. Github Source/regime-adaptive-quantitative-trading-main/regime-adaptive-quantitative-trading-main/config/settings.py,SOURCE_MISSING_RECHECK,MISSING_SOURCE_AT_EXECUTION,,1441,"A005 listed this external reference path, but it is not present in the current workspace; no delete or move was performed."
참고 Context/3. Github Source/regime-adaptive-quantitative-trading-main/regime-adaptive-quantitative-trading-main/config/sharpe_config.py,SOURCE_MISSING_RECHECK,MISSING_SOURCE_AT_EXECUTION,,4754,"A005 listed this external reference path, but it is not present in the current workspace; no delete or move was performed."
참고 Context/3. Github Source/regime-adaptive-quantitative-trading-main/regime-adaptive-quantitative-trading-main/data/raw/NSE_NIFTY50_INDEX_15min.csv,SOURCE_MISSING_RECHECK,MISSING_SOURCE_AT_EXECUTION,,402937,"A005 listed this external reference path, but it is not present in the current workspace; no delete or move was performed."
참고 Context/3. Github Source/regime-adaptive-quantitative-trading-main/regime-adaptive-quantitative-trading-main/data/raw/NSE_NIFTY50_INDEX_1day.csv,SOURCE_MISSING_RECHECK,MISSING_SOURCE_AT_EXECUTION,,16466,"A005 listed this external reference path, but it is not present in the current workspace; no delete or move was performed."
참고 Context/3. Github Source/regime-adaptive-quantitative-trading-main/regime-adaptive-quantitative-trading-main/data/raw/NSE_NIFTY50_INDEX_1hour.csv,SOURCE_MISSING_RECHECK,MISSING_SOURCE_AT_EXECUTION,,113460,"A005 listed this external reference path, but it is not present in the current workspace; no delete or move was performed."
참고 Context/3. Github Source/regime-adaptive-quantitative-trading-main/regime-adaptive-quantitative-trading-main/data/raw/NSE_NIFTY50_INDEX_5min.csv,SOURCE_MISSING_RECHECK,MISSING_SOURCE_AT_EXECUTION,,1205643,"A005 listed this external reference path, but it is not present in the current workspace; no delete or move was performed."
참고 Context/3. Github Source/regime-adaptive-quantitative-trading-main/regime-adaptive-quantitative-trading-main/data/raw/NSE_RELIANCE_EQ_15min.csv,SOURCE_MISSING_RECHECK,MISSING_SOURCE_AT_EXECUTION,,380313,"A005 listed this external reference path, but it is not present in the current workspace; no delete or move was performed."
참고 Context/3. Github Source/regime-adaptive-quantitative-trading-main/regime-adaptive-quantitative-trading-main/data/raw/NSE_RELIANCE_EQ_1day.csv,SOURCE_MISSING_RECHECK,MISSING_SOURCE_AT_EXECUTION,,15718,"A005 listed this external reference path, but it is not present in the current workspace; no delete or move was performed."
참고 Context/3. Github Source/regime-adaptive-quantitative-trading-main/regime-adaptive-quantitative-trading-main/data/raw/NSE_RELIANCE_EQ_1hour.csv,SOURCE_MISSING_RECHECK,MISSING_SOURCE_AT_EXECUTION,,107571,"A005 listed this external reference path, but it is not present in the current workspace; no delete or move was performed."
참고 Context/3. Github Source/regime-adaptive-quantitative-trading-main/regime-adaptive-quantitative-trading-main/data/raw/NSE_RELIANCE_EQ_5min.csv,SOURCE_MISSING_RECHECK,MISSING_SOURCE_AT_EXECUTION,,1130557,"A005 listed this external reference path, but it is not present in the current workspace; no delete or move was performed."
참고 Context/3. Github Source/regime-adaptive-quantitative-trading-main/regime-adaptive-quantitative-trading-main/data/raw/NSE_SUNPHARMA_EQ_15min.csv,SOURCE_MISSING_RECHECK,MISSING_SOURCE_AT_EXECUTION,,375648,"A005 listed this external reference path, but it is not present in the current workspace; no delete or move was performed."
참고 Context/3. Github Source/regime-adaptive-quantitative-trading-main/regime-adaptive-quantitative-trading-main/data/raw/NSE_SUNPHARMA_EQ_1day.csv,SOURCE_MISSING_RECHECK,MISSING_SOURCE_AT_EXECUTION,,15578,"A005 listed this external reference path, but it is not present in the current workspace; no delete or move was performed."
참고 Context/3. Github Source/regime-adaptive-quantitative-trading-main/regime-adaptive-quantitative-trading-main/data/raw/NSE_SUNPHARMA_EQ_1hour.csv,SOURCE_MISSING_RECHECK,MISSING_SOURCE_AT_EXECUTION,,106484,"A005 listed this external reference path, but it is not present in the current workspace; no delete or move was performed."
참고 Context/3. Github Source/regime-adaptive-quantitative-trading-main/regime-adaptive-quantitative-trading-main/data/raw/NSE_SUNPHARMA_EQ_5min.csv,SOURCE_MISSING_RECHECK,MISSING_SOURCE_AT_EXECUTION,,1118192,"A005 listed this external reference path, but it is not present in the current workspace; no delete or move was performed."
참고 Context/3. Github Source/regime-adaptive-quantitative-trading-main/regime-adaptive-quantitative-trading-main/data/raw/NSE_VBL_EQ_15min.csv,SOURCE_MISSING_RECHECK,MISSING_SOURCE_AT_EXECUTION,,361589,"A005 listed this external reference path, but it is not present in the current workspace; no delete or move was performed."
참고 Context/3. Github Source/regime-adaptive-quantitative-trading-main/regime-adaptive-quantitative-trading-main/data/raw/NSE_VBL_EQ_1day.csv,SOURCE_MISSING_RECHECK,MISSING_SOURCE_AT_EXECUTION,,14914,"A005 listed this external reference path, but it is not present in the current workspace; no delete or move was performed."
참고 Context/3. Github Source/regime-adaptive-quantitative-trading-main/regime-adaptive-quantitative-trading-main/data/raw/NSE_VBL_EQ_1hour.csv,SOURCE_MISSING_RECHECK,MISSING_SOURCE_AT_EXECUTION,,102149,"A005 listed this external reference path, but it is not present in the current workspace; no delete or move was performed."
참고 Context/3. Github Source/regime-adaptive-quantitative-trading-main/regime-adaptive-quantitative-trading-main/data/raw/NSE_VBL_EQ_5min.csv,SOURCE_MISSING_RECHECK,MISSING_SOURCE_AT_EXECUTION,,1074997,"A005 listed this external reference path, but it is not present in the current workspace; no delete or move was performed."
참고 Context/3. Github Source/regime-adaptive-quantitative-trading-main/regime-adaptive-quantitative-trading-main/data/raw/NSE_YESBANK_EQ_15min.csv,SOURCE_MISSING_RECHECK,MISSING_SOURCE_AT_EXECUTION,,355552,"A005 listed this external reference path, but it is not present in the current workspace; no delete or move was performed."
참고 Context/3. Github Source/regime-adaptive-quantitative-trading-main/regime-adaptive-quantitative-trading-main/data/raw/NSE_YESBANK_EQ_1day.csv,SOURCE_MISSING_RECHECK,MISSING_SOURCE_AT_EXECUTION,,14666,"A005 listed this external reference path, but it is not present in the current workspace; no delete or move was performed."
참고 Context/3. Github Source/regime-adaptive-quantitative-trading-main/regime-adaptive-quantitative-trading-main/data/raw/NSE_YESBANK_EQ_1hour.csv,SOURCE_MISSING_RECHECK,MISSING_SOURCE_AT_EXECUTION,,100500,"A005 listed this external reference path, but it is not present in the current workspace; no delete or move was performed."
참고 Context/3. Github Source/regime-adaptive-quantitative-trading-main/regime-adaptive-quantitative-trading-main/data/raw/NSE_YESBANK_EQ_5min.csv,SOURCE_MISSING_RECHECK,MISSING_SOURCE_AT_EXECUTION,,1056236,"A005 listed this external reference path, but it is not present in the current workspace; no delete or move was performed."
참고 Context/3. Github Source/regime-adaptive-quantitative-trading-main/regime-adaptive-quantitative-trading-main/data/raw/access_token_1.py,SOURCE_MISSING_RECHECK,MISSING_SOURCE_AT_EXECUTION,,1555,"A005 listed this external reference path, but it is not present in the current workspace; no delete or move was performed."
참고 Context/3. Github Source/regime-adaptive-quantitative-trading-main/regime-adaptive-quantitative-trading-main/data/raw/access_token_2.py,SOURCE_MISSING_RECHECK,MISSING_SOURCE_AT_EXECUTION,,2095,"A005 listed this external reference path, but it is not present in the current workspace; no delete or move was performed."
참고 Context/3. Github Source/regime-adaptive-quantitative-trading-main/regime-adaptive-quantitative-trading-main/data/raw/historical_data.py,SOURCE_MISSING_RECHECK,MISSING_SOURCE_AT_EXECUTION,,6386,"A005 listed this external reference path, but it is not present in the current workspace; no delete or move was performed."
참고 Context/3. Github Source/regime-adaptive-quantitative-trading-main/regime-adaptive-quantitative-trading-main/data/raw/test.csv,SOURCE_MISSING_RECHECK,MISSING_SOURCE_AT_EXECUTION,,48982,"A005 listed this external reference path, but it is not present in the current workspace; no delete or move was performed."
참고 Context/3. Github Source/regime-adaptive-quantitative-trading-main/regime-adaptive-quantitative-trading-main/docs/ACADEMIC_FOUNDATION.md,SOURCE_MISSING_RECHECK,MISSING_SOURCE_AT_EXECUTION,,9363,"A005 listed this external reference path, but it is not present in the current workspace; no delete or move was performed."
참고 Context/3. Github Source/regime-adaptive-quantitative-trading-main/regime-adaptive-quantitative-trading-main/docs/CODE_ARCHITECTURE.md,SOURCE_MISSING_RECHECK,MISSING_SOURCE_AT_EXECUTION,,15550,"A005 listed this external reference path, but it is not present in the current workspace; no delete or move was performed."
참고 Context/3. Github Source/regime-adaptive-quantitative-trading-main/regime-adaptive-quantitative-trading-main/docs/FUTURE_IMPROVEMENTS.md,SOURCE_MISSING_RECHECK,MISSING_SOURCE_AT_EXECUTION,,13317,"A005 listed this external reference path, but it is not present in the current workspace; no delete or move was performed."
참고 Context/3. Github Source/regime-adaptive-quantitative-trading-main/regime-adaptive-quantitative-trading-main/docs/INTERVIEW_GUIDE.md,SOURCE_MISSING_RECHECK,MISSING_SOURCE_AT_EXECUTION,,44851,"A005 listed this external reference path, but it is not present in the current workspace; no delete or move was performed."
참고 Context/3. Github Source/regime-adaptive-quantitative-trading-main/regime-adaptive-quantitative-trading-main/docs/LESSONS_LEARNED.md,SOURCE_MISSING_RECHECK,MISSING_SOURCE_AT_EXECUTION,,15277,"A005 listed this external reference path, but it is not present in the current workspace; no delete or move was performed."
참고 Context/3. Github Source/regime-adaptive-quantitative-trading-main/regime-adaptive-quantitative-trading-main/docs/OPTIMIZATION_JOURNEY.md,SOURCE_MISSING_RECHECK,MISSING_SOURCE_AT_EXECUTION,,29482,"A005 listed this external reference path, but it is not present in the current workspace; no delete or move was performed."
참고 Context/3. Github Source/regime-adaptive-quantitative-trading-main/regime-adaptive-quantitative-trading-main/docs/QUANT_GAMES_2026/COMPETITION_RESULTS.md,SOURCE_MISSING_RECHECK,MISSING_SOURCE_AT_EXECUTION,,11012,"A005 listed this external reference path, but it is not present in the current workspace; no delete or move was performed."
참고 Context/3. Github Source/regime-adaptive-quantitative-trading-main/regime-adaptive-quantitative-trading-main/docs/QUANT_GAMES_2026/RSI_BOOSTING_PAPER.md,SOURCE_MISSING_RECHECK,MISSING_SOURCE_AT_EXECUTION,,7651,"A005 listed this external reference path, but it is not present in the current workspace; no delete or move was performed."
참고 Context/3. Github Source/regime-adaptive-quantitative-trading-main/regime-adaptive-quantitative-trading-main/docs/README.md,SOURCE_MISSING_RECHECK,MISSING_SOURCE_AT_EXECUTION,,12603,"A005 listed this external reference path, but it is not present in the current workspace; no delete or move was performed."
참고 Context/3. Github Source/regime-adaptive-quantitative-trading-main/regime-adaptive-quantitative-trading-main/docs/RESULTS_ANALYSIS.md,SOURCE_MISSING_RECHECK,MISSING_SOURCE_AT_EXECUTION,,11886,"A005 listed this external reference path, but it is not present in the current workspace; no delete or move was performed."
참고 Context/3. Github Source/regime-adaptive-quantitative-trading-main/regime-adaptive-quantitative-trading-main/docs/STRATEGY_OVERVIEW.md,SOURCE_MISSING_RECHECK,MISSING_SOURCE_AT_EXECUTION,,16781,"A005 listed this external reference path, but it is not present in the current workspace; no delete or move was performed."
참고 Context/3. Github Source/regime-adaptive-quantitative-trading-main/regime-adaptive-quantitative-trading-main/docs/VALIDATION_REPORT.md,SOURCE_MISSING_RECHECK,MISSING_SOURCE_AT_EXECUTION,,17635,"A005 listed this external reference path, but it is not present in the current workspace; no delete or move was performed."
참고 Context/3. Github Source/regime-adaptive-quantitative-trading-main/regime-adaptive-quantitative-trading-main/experiments/focused_rescue.py,SOURCE_MISSING_RECHECK,MISSING_SOURCE_AT_EXECUTION,,17345,"A005 listed this external reference path, but it is not present in the current workspace; no delete or move was performed."
참고 Context/3. Github Source/regime-adaptive-quantitative-trading-main/regime-adaptive-quantitative-trading-main/experiments/generate_optimized_submission.py,SOURCE_MISSING_RECHECK,MISSING_SOURCE_AT_EXECUTION,,7046,"A005 listed this external reference path, but it is not present in the current workspace; no delete or move was performed."
참고 Context/3. Github Source/regime-adaptive-quantitative-trading-main/regime-adaptive-quantitative-trading-main/experiments/optuna_meta_optimizer.py,SOURCE_MISSING_RECHECK,MISSING_SOURCE_AT_EXECUTION,,13236,"A005 listed this external reference path, but it is not present in the current workspace; no delete or move was performed."
참고 Context/3. Github Source/regime-adaptive-quantitative-trading-main/regime-adaptive-quantitative-trading-main/experiments/phase1/phase1_comparison.py,SOURCE_MISSING_RECHECK,MISSING_SOURCE_AT_EXECUTION,,6014,"A005 listed this external reference path, but it is not present in the current workspace; no delete or move was performed."
참고 Context/3. Github Source/regime-adaptive-quantitative-trading-main/regime-adaptive-quantitative-trading-main/experiments/phase1/test_profit_ladders.py,SOURCE_MISSING_RECHECK,MISSING_SOURCE_AT_EXECUTION,,6722,"A005 listed this external reference path, but it is not present in the current workspace; no delete or move was performed."
참고 Context/3. Github Source/regime-adaptive-quantitative-trading-main/regime-adaptive-quantitative-trading-main/experiments/phase2/phase2_comparison.py,SOURCE_MISSING_RECHECK,MISSING_SOURCE_AT_EXECUTION,,5004,"A005 listed this external reference path, but it is not present in the current workspace; no delete or move was performed."
참고 Context/3. Github Source/regime-adaptive-quantitative-trading-main/regime-adaptive-quantitative-trading-main/experiments/phase2/phase2_final_tuning.py,SOURCE_MISSING_RECHECK,MISSING_SOURCE_AT_EXECUTION,,3107,"A005 listed this external reference path, but it is not present in the current workspace; no delete or move was performed."
참고 Context/3. Github Source/regime-adaptive-quantitative-trading-main/regime-adaptive-quantitative-trading-main/experiments/phase3/final_submission_builder.py,SOURCE_MISSING_RECHECK,MISSING_SOURCE_AT_EXECUTION,,12417,"A005 listed this external reference path, but it is not present in the current workspace; no delete or move was performed."
참고 Context/3. Github Source/regime-adaptive-quantitative-trading-main/regime-adaptive-quantitative-trading-main/experiments/phase3/last_minute_sweep.py,SOURCE_MISSING_RECHECK,MISSING_SOURCE_AT_EXECUTION,,2393,"A005 listed this external reference path, but it is not present in the current workspace; no delete or move was performed."
참고 Context/3. Github Source/regime-adaptive-quantitative-trading-main/regime-adaptive-quantitative-trading-main/experiments/phase3/meta_ensemble_final.py,SOURCE_MISSING_RECHECK,MISSING_SOURCE_AT_EXECUTION,,9532,"A005 listed this external reference path, but it is not present in the current workspace; no delete or move was performed."
참고 Context/3. Github Source/regime-adaptive-quantitative-trading-main/regime-adaptive-quantitative-trading-main/experiments/phase3/phase3_master_checklist.py,SOURCE_MISSING_RECHECK,MISSING_SOURCE_AT_EXECUTION,,3669,"A005 listed this external reference path, but it is not present in the current workspace; no delete or move was performed."
참고 Context/3. Github Source/regime-adaptive-quantitative-trading-main/regime-adaptive-quantitative-trading-main/experiments/phase3/portfolio_optimizer.py,SOURCE_MISSING_RECHECK,MISSING_SOURCE_AT_EXECUTION,,11418,"A005 listed this external reference path, but it is not present in the current workspace; no delete or move was performed."
참고 Context/3. Github Source/regime-adaptive-quantitative-trading-main/regime-adaptive-quantitative-trading-main/experiments/results/advanced_strategies_20260117_164554.json,SOURCE_MISSING_RECHECK,MISSING_SOURCE_AT_EXECUTION,,2878,"A005 listed this external reference path, but it is not present in the current workspace; no delete or move was performed."
참고 Context/3. Github Source/regime-adaptive-quantitative-trading-main/regime-adaptive-quantitative-trading-main/experiments/results/best_configs_20260117_145817.json,SOURCE_MISSING_RECHECK,MISSING_SOURCE_AT_EXECUTION,,2456,"A005 listed this external reference path, but it is not present in the current workspace; no delete or move was performed."
참고 Context/3. Github Source/regime-adaptive-quantitative-trading-main/regime-adaptive-quantitative-trading-main/experiments/results/focused_rescue_20260117_172559.json,SOURCE_MISSING_RECHECK,MISSING_SOURCE_AT_EXECUTION,,1585,"A005 listed this external reference path, but it is not present in the current workspace; no delete or move was performed."
참고 Context/3. Github Source/regime-adaptive-quantitative-trading-main/regime-adaptive-quantitative-trading-main/experiments/results/optuna_meta_optimization_20260117_165741.json,SOURCE_MISSING_RECHECK,MISSING_SOURCE_AT_EXECUTION,,1631,"A005 listed this external reference path, but it is not present in the current workspace; no delete or move was performed."
참고 Context/3. Github Source/regime-adaptive-quantitative-trading-main/regime-adaptive-quantitative-trading-main/experiments/results/optuna_meta_optimization_reloaded_20260117_165943.json,SOURCE_MISSING_RECHECK,MISSING_SOURCE_AT_EXECUTION,,1836,"A005 listed this external reference path, but it is not present in the current workspace; no delete or move was performed."
참고 Context/3. Github Source/regime-adaptive-quantitative-trading-main/regime-adaptive-quantitative-trading-main/experiments/results/strategy_comparison_20260117_162423.json,SOURCE_MISSING_RECHECK,MISSING_SOURCE_AT_EXECUTION,,3179,"A005 listed this external reference path, but it is not present in the current workspace; no delete or move was performed."
참고 Context/3. Github Source/regime-adaptive-quantitative-trading-main/regime-adaptive-quantitative-trading-main/experiments/run_advanced_strategies.py,SOURCE_MISSING_RECHECK,MISSING_SOURCE_AT_EXECUTION,,8233,"A005 listed this external reference path, but it is not present in the current workspace; no delete or move was performed."
참고 Context/3. Github Source/regime-adaptive-quantitative-trading-main/regime-adaptive-quantitative-trading-main/experiments/run_all_methods.py,SOURCE_MISSING_RECHECK,MISSING_SOURCE_AT_EXECUTION,,30693,"A005 listed this external reference path, but it is not present in the current workspace; no delete or move was performed."
참고 Context/3. Github Source/regime-adaptive-quantitative-trading-main/regime-adaptive-quantitative-trading-main/experiments/run_strategy_comparison.py,SOURCE_MISSING_RECHECK,MISSING_SOURCE_AT_EXECUTION,,9613,"A005 listed this external reference path, but it is not present in the current workspace; no delete or move was performed."
참고 Context/3. Github Source/regime-adaptive-quantitative-trading-main/regime-adaptive-quantitative-trading-main/final_safe_submission.py,SOURCE_MISSING_RECHECK,MISSING_SOURCE_AT_EXECUTION,,8052,"A005 listed this external reference path, but it is not present in the current workspace; no delete or move was performed."
참고 Context/3. Github Source/regime-adaptive-quantitative-trading-main/regime-adaptive-quantitative-trading-main/generate_advanced_submission.py,SOURCE_MISSING_RECHECK,MISSING_SOURCE_AT_EXECUTION,,5710,"A005 listed this external reference path, but it is not present in the current workspace; no delete or move was performed."
참고 Context/3. Github Source/regime-adaptive-quantitative-trading-main/regime-adaptive-quantitative-trading-main/generate_final_submission_files.py,SOURCE_MISSING_RECHECK,MISSING_SOURCE_AT_EXECUTION,,11303,"A005 listed this external reference path, but it is not present in the current workspace; no delete or move was performed."
참고 Context/3. Github Source/regime-adaptive-quantitative-trading-main/regime-adaptive-quantitative-trading-main/optimal_safe_submission.py,SOURCE_MISSING_RECHECK,MISSING_SOURCE_AT_EXECUTION,,8056,"A005 listed this external reference path, but it is not present in the current workspace; no delete or move was performed."
참고 Context/3. Github Source/regime-adaptive-quantitative-trading-main/regime-adaptive-quantitative-trading-main/optimization_results/nifty_adx_best.json,SOURCE_MISSING_RECHECK,MISSING_SOURCE_AT_EXECUTION,,473,"A005 listed this external reference path, but it is not present in the current workspace; no delete or move was performed."
참고 Context/3. Github Source/regime-adaptive-quantitative-trading-main/regime-adaptive-quantitative-trading-main/optimization_results/nifty_mean_reversion_best.json,SOURCE_MISSING_RECHECK,MISSING_SOURCE_AT_EXECUTION,,489,"A005 listed this external reference path, but it is not present in the current workspace; no delete or move was performed."
참고 Context/3. Github Source/regime-adaptive-quantitative-trading-main/regime-adaptive-quantitative-trading-main/optimization_results/nifty_optuna_best.json,SOURCE_MISSING_RECHECK,MISSING_SOURCE_AT_EXECUTION,,487,"A005 listed this external reference path, but it is not present in the current workspace; no delete or move was performed."
참고 Context/3. Github Source/regime-adaptive-quantitative-trading-main/regime-adaptive-quantitative-trading-main/optimization_results/optuna_results.json,SOURCE_MISSING_RECHECK,MISSING_SOURCE_AT_EXECUTION,,1923,"A005 listed this external reference path, but it is not present in the current workspace; no delete or move was performed."
참고 Context/3. Github Source/regime-adaptive-quantitative-trading-main/regime-adaptive-quantitative-trading-main/optimize_advanced_techniques.py,SOURCE_MISSING_RECHECK,MISSING_SOURCE_AT_EXECUTION,,10142,"A005 listed this external reference path, but it is not present in the current workspace; no delete or move was performed."
참고 Context/3. Github Source/regime-adaptive-quantitative-trading-main/regime-adaptive-quantitative-trading-main/optimize_dynamic_rsi.py,SOURCE_MISSING_RECHECK,MISSING_SOURCE_AT_EXECUTION,,8133,"A005 listed this external reference path, but it is not present in the current workspace; no delete or move was performed."
참고 Context/3. Github Source/regime-adaptive-quantitative-trading-main/regime-adaptive-quantitative-trading-main/optuna_tuning.py,SOURCE_MISSING_RECHECK,MISSING_SOURCE_AT_EXECUTION,,2936,"A005 listed this external reference path, but it is not present in the current workspace; no delete or move was performed."
참고 Context/3. Github Source/regime-adaptive-quantitative-trading-main/regime-adaptive-quantitative-trading-main/output/23ME3EP03_FINAL_submission_20260117_090426.csv,SOURCE_MISSING_RECHECK,MISSING_SOURCE_AT_EXECUTION,,73615,"A005 listed this external reference path, but it is not present in the current workspace; no delete or move was performed."
참고 Context/3. Github Source/regime-adaptive-quantitative-trading-main/regime-adaptive-quantitative-trading-main/output/23ME3EP03_FINAL_submission_20260117_143927.csv,SOURCE_MISSING_RECHECK,MISSING_SOURCE_AT_EXECUTION,,73765,"A005 listed this external reference path, but it is not present in the current workspace; no delete or move was performed."
참고 Context/3. Github Source/regime-adaptive-quantitative-trading-main/regime-adaptive-quantitative-trading-main/output/23ME3EP03_FINAL_submission_20260117_145945.csv,SOURCE_MISSING_RECHECK,MISSING_SOURCE_AT_EXECUTION,,73765,"A005 listed this external reference path, but it is not present in the current workspace; no delete or move was performed."
참고 Context/3. Github Source/regime-adaptive-quantitative-trading-main/regime-adaptive-quantitative-trading-main/output/23ME3EP03_FINAL_submission_20260117_170027.csv,SOURCE_MISSING_RECHECK,MISSING_SOURCE_AT_EXECUTION,,73765,"A005 listed this external reference path, but it is not present in the current workspace; no delete or move was performed."
참고 Context/3. Github Source/regime-adaptive-quantitative-trading-main/regime-adaptive-quantitative-trading-main/output/23ME3EP03_FINAL_submission_20260117_180345.csv,SOURCE_MISSING_RECHECK,MISSING_SOURCE_AT_EXECUTION,,82710,"A005 listed this external reference path, but it is not present in the current workspace; no delete or move was performed."
참고 Context/3. Github Source/regime-adaptive-quantitative-trading-main/regime-adaptive-quantitative-trading-main/output/23ME3EP03_FINAL_submission_20260117_181251.csv,SOURCE_MISSING_RECHECK,MISSING_SOURCE_AT_EXECUTION,,103547,"A005 listed this external reference path, but it is not present in the current workspace; no delete or move was performed."
참고 Context/3. Github Source/regime-adaptive-quantitative-trading-main/regime-adaptive-quantitative-trading-main/output/23ME3EP03_FINAL_submission_20260117_185001.csv,SOURCE_MISSING_RECHECK,MISSING_SOURCE_AT_EXECUTION,,103547,"A005 listed this external reference path, but it is not present in the current workspace; no delete or move was performed."
참고 Context/3. Github Source/regime-adaptive-quantitative-trading-main/regime-adaptive-quantitative-trading-main/output/23ME3EP03_FINAL_submission_20260117_185042.csv,SOURCE_MISSING_RECHECK,MISSING_SOURCE_AT_EXECUTION,,103547,"A005 listed this external reference path, but it is not present in the current workspace; no delete or move was performed."
참고 Context/3. Github Source/regime-adaptive-quantitative-trading-main/regime-adaptive-quantitative-trading-main/output/23ME3EP03_FINAL_submission_20260117_190337.csv,SOURCE_MISSING_RECHECK,MISSING_SOURCE_AT_EXECUTION,,105350,"A005 listed this external reference path, but it is not present in the current workspace; no delete or move was performed."
참고 Context/3. Github Source/regime-adaptive-quantitative-trading-main/regime-adaptive-quantitative-trading-main/output/23ME3EP03_NSE_NIFTY50-INDEX_trades.csv,SOURCE_MISSING_RECHECK,MISSING_SOURCE_AT_EXECUTION,,18625,"A005 listed this external reference path, but it is not present in the current workspace; no delete or move was performed."
참고 Context/3. Github Source/regime-adaptive-quantitative-trading-main/regime-adaptive-quantitative-trading-main/output/23ME3EP03_NSE_RELIANCE-EQ_trades.csv,SOURCE_MISSING_RECHECK,MISSING_SOURCE_AT_EXECUTION,,16584,"A005 listed this external reference path, but it is not present in the current workspace; no delete or move was performed."
참고 Context/3. Github Source/regime-adaptive-quantitative-trading-main/regime-adaptive-quantitative-trading-main/output/23ME3EP03_NSE_SUNPHARMA-EQ_trades.csv,SOURCE_MISSING_RECHECK,MISSING_SOURCE_AT_EXECUTION,,17487,"A005 listed this external reference path, but it is not present in the current workspace; no delete or move was performed."
참고 Context/3. Github Source/regime-adaptive-quantitative-trading-main/regime-adaptive-quantitative-trading-main/output/23ME3EP03_NSE_VBL-EQ_trades.csv,SOURCE_MISSING_RECHECK,MISSING_SOURCE_AT_EXECUTION,,36451,"A005 listed this external reference path, but it is not present in the current workspace; no delete or move was performed."
참고 Context/3. Github Source/regime-adaptive-quantitative-trading-main/regime-adaptive-quantitative-trading-main/output/23ME3EP03_NSE_YESBANK-EQ_trades.csv,SOURCE_MISSING_RECHECK,MISSING_SOURCE_AT_EXECUTION,,16891,"A005 listed this external reference path, but it is not present in the current workspace; no delete or move was performed."
참고 Context/3. Github Source/regime-adaptive-quantitative-trading-main/regime-adaptive-quantitative-trading-main/output/23ME3EP03_OPTIMAL_submission_20260117_084139.csv,SOURCE_MISSING_RECHECK,MISSING_SOURCE_AT_EXECUTION,,73615,"A005 listed this external reference path, but it is not present in the current workspace; no delete or move was performed."
참고 Context/3. Github Source/regime-adaptive-quantitative-trading-main/regime-adaptive-quantitative-trading-main/output/23ME3EP03_OPTIMIZED_submission_20260117_145932.csv,SOURCE_MISSING_RECHECK,MISSING_SOURCE_AT_EXECUTION,,72857,"A005 listed this external reference path, but it is not present in the current workspace; no delete or move was performed."
참고 Context/3. Github Source/regime-adaptive-quantitative-trading-main/regime-adaptive-quantitative-trading-main/output/23ME3EP03_SAFE_submission_20260117_084034.csv,SOURCE_MISSING_RECHECK,MISSING_SOURCE_AT_EXECUTION,,76765,"A005 listed this external reference path, but it is not present in the current workspace; no delete or move was performed."
참고 Context/3. Github Source/regime-adaptive-quantitative-trading-main/regime-adaptive-quantitative-trading-main/output/23ME3EP03_STRATEGY2_submission.csv,SOURCE_MISSING_RECHECK,MISSING_SOURCE_AT_EXECUTION,,70906,"A005 listed this external reference path, but it is not present in the current workspace; no delete or move was performed."
참고 Context/3. Github Source/regime-adaptive-quantitative-trading-main/regime-adaptive-quantitative-trading-main/output/23ME3EP03_advanced_submission_20260117_080808.csv,SOURCE_MISSING_RECHECK,MISSING_SOURCE_AT_EXECUTION,,70906,"A005 listed this external reference path, but it is not present in the current workspace; no delete or move was performed."
참고 Context/3. Github Source/regime-adaptive-quantitative-trading-main/regime-adaptive-quantitative-trading-main/output/23ME3EP03_combined_submission_20260116_173130.csv,SOURCE_MISSING_RECHECK,MISSING_SOURCE_AT_EXECUTION,,86812,"A005 listed this external reference path, but it is not present in the current workspace; no delete or move was performed."
참고 Context/3. Github Source/regime-adaptive-quantitative-trading-main/regime-adaptive-quantitative-trading-main/output/23ME3EP03_ensemble_submission_20260117_053234.csv,SOURCE_MISSING_RECHECK,MISSING_SOURCE_AT_EXECUTION,,78625,"A005 listed this external reference path, but it is not present in the current workspace; no delete or move was performed."
참고 Context/3. Github Source/regime-adaptive-quantitative-trading-main/regime-adaptive-quantitative-trading-main/output/23ME3EP03_final_optuna_submission_20260117_065520.csv,SOURCE_MISSING_RECHECK,MISSING_SOURCE_AT_EXECUTION,,71160,"A005 listed this external reference path, but it is not present in the current workspace; no delete or move was performed."
참고 Context/3. Github Source/regime-adaptive-quantitative-trading-main/regime-adaptive-quantitative-trading-main/output/23ME3EP03_optimized_submission_20260116_200345.csv,SOURCE_MISSING_RECHECK,MISSING_SOURCE_AT_EXECUTION,,87153,"A005 listed this external reference path, but it is not present in the current workspace; no delete or move was performed."
참고 Context/3. Github Source/regime-adaptive-quantitative-trading-main/regime-adaptive-quantitative-trading-main/output/23ME3EP03_optimized_submission_20260116_215309.csv,SOURCE_MISSING_RECHECK,MISSING_SOURCE_AT_EXECUTION,,87040,"A005 listed this external reference path, but it is not present in the current workspace; no delete or move was performed."
참고 Context/3. Github Source/regime-adaptive-quantitative-trading-main/regime-adaptive-quantitative-trading-main/output/23ME3EP03_optuna_submission_20260117_065330.csv,SOURCE_MISSING_RECHECK,MISSING_SOURCE_AT_EXECUTION,,57462,"A005 listed this external reference path, but it is not present in the current workspace; no delete or move was performed."
참고 Context/3. Github Source/regime-adaptive-quantitative-trading-main/regime-adaptive-quantitative-trading-main/output/23ME3EP03_sharpe_submission_20260116_223321.csv,SOURCE_MISSING_RECHECK,MISSING_SOURCE_AT_EXECUTION,,78628,"A005 listed this external reference path, but it is not present in the current workspace; no delete or move was performed."
참고 Context/3. Github Source/regime-adaptive-quantitative-trading-main/regime-adaptive-quantitative-trading-main/output/23ME3EP03_sharpe_submission_20260117_051237.csv,SOURCE_MISSING_RECHECK,MISSING_SOURCE_AT_EXECUTION,,78633,"A005 listed this external reference path, but it is not present in the current workspace; no delete or move was performed."
참고 Context/3. Github Source/regime-adaptive-quantitative-trading-main/regime-adaptive-quantitative-trading-main/output/23ME3EP03_strategy1_submission_20260116_173211.csv,SOURCE_MISSING_RECHECK,MISSING_SOURCE_AT_EXECUTION,,80087,"A005 listed this external reference path, but it is not present in the current workspace; no delete or move was performed."
참고 Context/3. Github Source/regime-adaptive-quantitative-trading-main/regime-adaptive-quantitative-trading-main/output/23ME3EP03_strategy1_submission_20260116_183635.csv,SOURCE_MISSING_RECHECK,MISSING_SOURCE_AT_EXECUTION,,69916,"A005 listed this external reference path, but it is not present in the current workspace; no delete or move was performed."
참고 Context/3. Github Source/regime-adaptive-quantitative-trading-main/regime-adaptive-quantitative-trading-main/output/23ME3EP03_strategy1_submission_20260116_183654.csv,SOURCE_MISSING_RECHECK,MISSING_SOURCE_AT_EXECUTION,,69916,"A005 listed this external reference path, but it is not present in the current workspace; no delete or move was performed."
참고 Context/3. Github Source/regime-adaptive-quantitative-trading-main/regime-adaptive-quantitative-trading-main/output/23ME3EP03_strategy1_submission_20260116_183716.csv,SOURCE_MISSING_RECHECK,MISSING_SOURCE_AT_EXECUTION,,70906,"A005 listed this external reference path, but it is not present in the current workspace; no delete or move was performed."
참고 Context/3. Github Source/regime-adaptive-quantitative-trading-main/regime-adaptive-quantitative-trading-main/output/23ME3EP03_strategy1_submission_20260116_183730.csv,SOURCE_MISSING_RECHECK,MISSING_SOURCE_AT_EXECUTION,,72112,"A005 listed this external reference path, but it is not present in the current workspace; no delete or move was performed."
참고 Context/3. Github Source/regime-adaptive-quantitative-trading-main/regime-adaptive-quantitative-trading-main/output/23ME3EP03_submission_20260117_065416.csv,SOURCE_MISSING_RECHECK,MISSING_SOURCE_AT_EXECUTION,,52611,"A005 listed this external reference path, but it is not present in the current workspace; no delete or move was performed."
참고 Context/3. Github Source/regime-adaptive-quantitative-trading-main/regime-adaptive-quantitative-trading-main/output/23ME3EP03_winning_submission_20260117_055019.csv,SOURCE_MISSING_RECHECK,MISSING_SOURCE_AT_EXECUTION,,70839,"A005 listed this external reference path, but it is not present in the current workspace; no delete or move was performed."
참고 Context/3. Github Source/regime-adaptive-quantitative-trading-main/regime-adaptive-quantitative-trading-main/output/23ME3EP03_winning_submission_20260117_060037.csv,SOURCE_MISSING_RECHECK,MISSING_SOURCE_AT_EXECUTION,,70482,"A005 listed this external reference path, but it is not present in the current workspace; no delete or move was performed."
참고 Context/3. Github Source/regime-adaptive-quantitative-trading-main/regime-adaptive-quantitative-trading-main/output/23ME3EP03_winning_submission_20260117_061429.csv,SOURCE_MISSING_RECHECK,MISSING_SOURCE_AT_EXECUTION,,70371,"A005 listed this external reference path, but it is not present in the current workspace; no delete or move was performed."
참고 Context/3. Github Source/regime-adaptive-quantitative-trading-main/regime-adaptive-quantitative-trading-main/output/23ME3EP03_winning_submission_20260117_064350.csv,SOURCE_MISSING_RECHECK,MISSING_SOURCE_AT_EXECUTION,,71160,"A005 listed this external reference path, but it is not present in the current workspace; no delete or move was performed."
참고 Context/3. Github Source/regime-adaptive-quantitative-trading-main/regime-adaptive-quantitative-trading-main/output/COMPREHENSIVE_TESTING_RESULTS.md,SOURCE_MISSING_RECHECK,MISSING_SOURCE_AT_EXECUTION,,289,"A005 listed this external reference path, but it is not present in the current workspace; no delete or move was performed."
참고 Context/3. Github Source/regime-adaptive-quantitative-trading-main/regime-adaptive-quantitative-trading-main/output/FINAL_SUBMISSION_VALIDATION.md,SOURCE_MISSING_RECHECK,MISSING_SOURCE_AT_EXECUTION,,1823,"A005 listed this external reference path, but it is not present in the current workspace; no delete or move was performed."
참고 Context/3. Github Source/regime-adaptive-quantitative-trading-main/regime-adaptive-quantitative-trading-main/output/OVERFITTING_CHECK.json,SOURCE_MISSING_RECHECK,MISSING_SOURCE_AT_EXECUTION,,1651,"A005 listed this external reference path, but it is not present in the current workspace; no delete or move was performed."
참고 Context/3. Github Source/regime-adaptive-quantitative-trading-main/regime-adaptive-quantitative-trading-main/output/RELIANCE_OU_EXPERIMENT.md,SOURCE_MISSING_RECHECK,MISSING_SOURCE_AT_EXECUTION,,483,"A005 listed this external reference path, but it is not present in the current workspace; no delete or move was performed."
참고 Context/3. Github Source/regime-adaptive-quantitative-trading-main/regime-adaptive-quantitative-trading-main/output/STRATEGY2_NSE_NIFTY50-INDEX_trades.csv,SOURCE_MISSING_RECHECK,MISSING_SOURCE_AT_EXECUTION,,15491,"A005 listed this external reference path, but it is not present in the current workspace; no delete or move was performed."
참고 Context/3. Github Source/regime-adaptive-quantitative-trading-main/regime-adaptive-quantitative-trading-main/output/STRATEGY2_NSE_RELIANCE-EQ_trades.csv,SOURCE_MISSING_RECHECK,MISSING_SOURCE_AT_EXECUTION,,14634,"A005 listed this external reference path, but it is not present in the current workspace; no delete or move was performed."
참고 Context/3. Github Source/regime-adaptive-quantitative-trading-main/regime-adaptive-quantitative-trading-main/output/STRATEGY2_NSE_SUNPHARMA-EQ_trades.csv,SOURCE_MISSING_RECHECK,MISSING_SOURCE_AT_EXECUTION,,13858,"A005 listed this external reference path, but it is not present in the current workspace; no delete or move was performed."
참고 Context/3. Github Source/regime-adaptive-quantitative-trading-main/regime-adaptive-quantitative-trading-main/output/STRATEGY2_NSE_VBL-EQ_trades.csv,SOURCE_MISSING_RECHECK,MISSING_SOURCE_AT_EXECUTION,,13810,"A005 listed this external reference path, but it is not present in the current workspace; no delete or move was performed."
참고 Context/3. Github Source/regime-adaptive-quantitative-trading-main/regime-adaptive-quantitative-trading-main/output/STRATEGY2_NSE_YESBANK-EQ_trades.csv,SOURCE_MISSING_RECHECK,MISSING_SOURCE_AT_EXECUTION,,13801,"A005 listed this external reference path, but it is not present in the current workspace; no delete or move was performed."
참고 Context/3. Github Source/regime-adaptive-quantitative-trading-main/regime-adaptive-quantitative-trading-main/output/STRATEGY3_NSE_NIFTY50-INDEX_trades.csv,SOURCE_MISSING_RECHECK,MISSING_SOURCE_AT_EXECUTION,,15633,"A005 listed this external reference path, but it is not present in the current workspace; no delete or move was performed."
참고 Context/3. Github Source/regime-adaptive-quantitative-trading-main/regime-adaptive-quantitative-trading-main/output/STRATEGY3_NSE_RELIANCE-EQ_trades.csv,SOURCE_MISSING_RECHECK,MISSING_SOURCE_AT_EXECUTION,,15088,"A005 listed this external reference path, but it is not present in the current workspace; no delete or move was performed."
참고 Context/3. Github Source/regime-adaptive-quantitative-trading-main/regime-adaptive-quantitative-trading-main/output/STRATEGY3_NSE_SUNPHARMA-EQ_trades.csv,SOURCE_MISSING_RECHECK,MISSING_SOURCE_AT_EXECUTION,,15008,"A005 listed this external reference path, but it is not present in the current workspace; no delete or move was performed."
참고 Context/3. Github Source/regime-adaptive-quantitative-trading-main/regime-adaptive-quantitative-trading-main/output/STRATEGY3_NSE_VBL-EQ_trades.csv,SOURCE_MISSING_RECHECK,MISSING_SOURCE_AT_EXECUTION,,14013,"A005 listed this external reference path, but it is not present in the current workspace; no delete or move was performed."
참고 Context/3. Github Source/regime-adaptive-quantitative-trading-main/regime-adaptive-quantitative-trading-main/output/STRATEGY3_NSE_YESBANK-EQ_trades.csv,SOURCE_MISSING_RECHECK,MISSING_SOURCE_AT_EXECUTION,,13803,"A005 listed this external reference path, but it is not present in the current workspace; no delete or move was performed."
참고 Context/3. Github Source/regime-adaptive-quantitative-trading-main/regime-adaptive-quantitative-trading-main/output/SUBMISSION_DOCUMENTATION.md,SOURCE_MISSING_RECHECK,MISSING_SOURCE_AT_EXECUTION,,2964,"A005 listed this external reference path, but it is not present in the current workspace; no delete or move was performed."
참고 Context/3. Github Source/regime-adaptive-quantitative-trading-main/regime-adaptive-quantitative-trading-main/output/SUBMISSION_SUMMARY.json,SOURCE_MISSING_RECHECK,MISSING_SOURCE_AT_EXECUTION,,1152,"A005 listed this external reference path, but it is not present in the current workspace; no delete or move was performed."
참고 Context/3. Github Source/regime-adaptive-quantitative-trading-main/regime-adaptive-quantitative-trading-main/output/YOUR_ROLL_NUMBER_combined_submission_20260116_164436.csv,SOURCE_MISSING_RECHECK,MISSING_SOURCE_AT_EXECUTION,,86812,"A005 listed this external reference path, but it is not present in the current workspace; no delete or move was performed."
참고 Context/3. Github Source/regime-adaptive-quantitative-trading-main/regime-adaptive-quantitative-trading-main/output/access_token.txt,SOURCE_MISSING_RECHECK,MISSING_SOURCE_AT_EXECUTION,,661,"A005 listed this external reference path, but it is not present in the current workspace; no delete or move was performed."
참고 Context/3. Github Source/regime-adaptive-quantitative-trading-main/regime-adaptive-quantitative-trading-main/output/backtest_results.txt,SOURCE_MISSING_RECHECK,MISSING_SOURCE_AT_EXECUTION,,799,"A005 listed this external reference path, but it is not present in the current workspace; no delete or move was performed."
참고 Context/3. Github Source/regime-adaptive-quantitative-trading-main/regime-adaptive-quantitative-trading-main/output/boosted_safe_params.json,SOURCE_MISSING_RECHECK,MISSING_SOURCE_AT_EXECUTION,,2878,"A005 listed this external reference path, but it is not present in the current workspace; no delete or move was performed."
참고 Context/3. Github Source/regime-adaptive-quantitative-trading-main/regime-adaptive-quantitative-trading-main/output/deep_optimized_params.json,SOURCE_MISSING_RECHECK,MISSING_SOURCE_AT_EXECUTION,,1985,"A005 listed this external reference path, but it is not present in the current workspace; no delete or move was performed."
참고 Context/3. Github Source/regime-adaptive-quantitative-trading-main/regime-adaptive-quantitative-trading-main/output/donchian_results.txt,SOURCE_MISSING_RECHECK,MISSING_SOURCE_AT_EXECUTION,,658,"A005 listed this external reference path, but it is not present in the current workspace; no delete or move was performed."
참고 Context/3. Github Source/regime-adaptive-quantitative-trading-main/regime-adaptive-quantitative-trading-main/output/final_safe_params.json,SOURCE_MISSING_RECHECK,MISSING_SOURCE_AT_EXECUTION,,2993,"A005 listed this external reference path, but it is not present in the current workspace; no delete or move was performed."
참고 Context/3. Github Source/regime-adaptive-quantitative-trading-main/regime-adaptive-quantitative-trading-main/output/final_validation_report.json,SOURCE_MISSING_RECHECK,MISSING_SOURCE_AT_EXECUTION,,1172,"A005 listed this external reference path, but it is not present in the current workspace; no delete or move was performed."
참고 Context/3. Github Source/regime-adaptive-quantitative-trading-main/regime-adaptive-quantitative-trading-main/output/fyersApi.log,SOURCE_MISSING_RECHECK,MISSING_SOURCE_AT_EXECUTION,,6195,"A005 listed this external reference path, but it is not present in the current workspace; no delete or move was performed."
참고 Context/3. Github Source/regime-adaptive-quantitative-trading-main/regime-adaptive-quantitative-trading-main/output/fyersRequests.log,SOURCE_MISSING_RECHECK,MISSING_SOURCE_AT_EXECUTION,,15050,"A005 listed this external reference path, but it is not present in the current workspace; no delete or move was performed."
참고 Context/3. Github Source/regime-adaptive-quantitative-trading-main/regime-adaptive-quantitative-trading-main/output/nifty50_optimized_trades.csv,SOURCE_MISSING_RECHECK,MISSING_SOURCE_AT_EXECUTION,,14690,"A005 listed this external reference path, but it is not present in the current workspace; no delete or move was performed."
참고 Context/3. Github Source/regime-adaptive-quantitative-trading-main/regime-adaptive-quantitative-trading-main/output/nifty_trend_optimized_params.json,SOURCE_MISSING_RECHECK,MISSING_SOURCE_AT_EXECUTION,,539,"A005 listed this external reference path, but it is not present in the current workspace; no delete or move was performed."
참고 Context/3. Github Source/regime-adaptive-quantitative-trading-main/regime-adaptive-quantitative-trading-main/output/optimal_params_per_symbol.json,SOURCE_MISSING_RECHECK,MISSING_SOURCE_AT_EXECUTION,,1690,"A005 listed this external reference path, but it is not present in the current workspace; no delete or move was performed."
참고 Context/3. Github Source/regime-adaptive-quantitative-trading-main/regime-adaptive-quantitative-trading-main/output/optimization_results.txt,SOURCE_MISSING_RECHECK,MISSING_SOURCE_AT_EXECUTION,,1772,"A005 listed this external reference path, but it is not present in the current workspace; no delete or move was performed."
참고 Context/3. Github Source/regime-adaptive-quantitative-trading-main/regime-adaptive-quantitative-trading-main/output/optuna_yesbank_results.json,SOURCE_MISSING_RECHECK,MISSING_SOURCE_AT_EXECUTION,,233,"A005 listed this external reference path, but it is not present in the current workspace; no delete or move was performed."
참고 Context/3. Github Source/regime-adaptive-quantitative-trading-main/regime-adaptive-quantitative-trading-main/output/phase1_final_config.json,SOURCE_MISSING_RECHECK,MISSING_SOURCE_AT_EXECUTION,,911,"A005 listed this external reference path, but it is not present in the current workspace; no delete or move was performed."
참고 Context/3. Github Source/regime-adaptive-quantitative-trading-main/regime-adaptive-quantitative-trading-main/output/phase1_nifty_trend.json,SOURCE_MISSING_RECHECK,MISSING_SOURCE_AT_EXECUTION,,341,"A005 listed this external reference path, but it is not present in the current workspace; no delete or move was performed."
참고 Context/3. Github Source/regime-adaptive-quantitative-trading-main/regime-adaptive-quantitative-trading-main/output/phase1_profit_ladders.json,SOURCE_MISSING_RECHECK,MISSING_SOURCE_AT_EXECUTION,,1876,"A005 listed this external reference path, but it is not present in the current workspace; no delete or move was performed."
참고 Context/3. Github Source/regime-adaptive-quantitative-trading-main/regime-adaptive-quantitative-trading-main/output/phase1_vol_adaptive.json,SOURCE_MISSING_RECHECK,MISSING_SOURCE_AT_EXECUTION,,627,"A005 listed this external reference path, but it is not present in the current workspace; no delete or move was performed."
참고 Context/3. Github Source/regime-adaptive-quantitative-trading-main/regime-adaptive-quantitative-trading-main/output/phase2_ensemble.json,SOURCE_MISSING_RECHECK,MISSING_SOURCE_AT_EXECUTION,,239,"A005 listed this external reference path, but it is not present in the current workspace; no delete or move was performed."
참고 Context/3. Github Source/regime-adaptive-quantitative-trading-main/regime-adaptive-quantitative-trading-main/output/phase2_final_config.json,SOURCE_MISSING_RECHECK,MISSING_SOURCE_AT_EXECUTION,,673,"A005 listed this external reference path, but it is not present in the current workspace; no delete or move was performed."
참고 Context/3. Github Source/regime-adaptive-quantitative-trading-main/regime-adaptive-quantitative-trading-main/output/phase2_finetuned.json,SOURCE_MISSING_RECHECK,MISSING_SOURCE_AT_EXECUTION,,216,"A005 listed this external reference path, but it is not present in the current workspace; no delete or move was performed."
참고 Context/3. Github Source/regime-adaptive-quantitative-trading-main/regime-adaptive-quantitative-trading-main/output/phase2_ou_optimal.json,SOURCE_MISSING_RECHECK,MISSING_SOURCE_AT_EXECUTION,,2350,"A005 listed this external reference path, but it is not present in the current workspace; no delete or move was performed."
참고 Context/3. Github Source/regime-adaptive-quantitative-trading-main/regime-adaptive-quantitative-trading-main/output/phase2_regime_switching.json,SOURCE_MISSING_RECHECK,MISSING_SOURCE_AT_EXECUTION,,342,"A005 listed this external reference path, but it is not present in the current workspace; no delete or move was performed."
참고 Context/3. Github Source/regime-adaptive-quantitative-trading-main/regime-adaptive-quantitative-trading-main/output/phase2_walk_forward.json,SOURCE_MISSING_RECHECK,MISSING_SOURCE_AT_EXECUTION,,1404,"A005 listed this external reference path, but it is not present in the current workspace; no delete or move was performed."
참고 Context/3. Github Source/regime-adaptive-quantitative-trading-main/regime-adaptive-quantitative-trading-main/output/phase3_meta_ensemble.json,SOURCE_MISSING_RECHECK,MISSING_SOURCE_AT_EXECUTION,,111,"A005 listed this external reference path, but it is not present in the current workspace; no delete or move was performed."
참고 Context/3. Github Source/regime-adaptive-quantitative-trading-main/regime-adaptive-quantitative-trading-main/output/phase3_portfolio_optimization.json,SOURCE_MISSING_RECHECK,MISSING_SOURCE_AT_EXECUTION,,873,"A005 listed this external reference path, but it is not present in the current workspace; no delete or move was performed."
참고 Context/3. Github Source/regime-adaptive-quantitative-trading-main/regime-adaptive-quantitative-trading-main/output/sharpe_optimized_params.json,SOURCE_MISSING_RECHECK,MISSING_SOURCE_AT_EXECUTION,,3751,"A005 listed this external reference path, but it is not present in the current workspace; no delete or move was performed."
참고 Context/3. Github Source/regime-adaptive-quantitative-trading-main/regime-adaptive-quantitative-trading-main/output/sharpe_optimized_params_phase1.json,SOURCE_MISSING_RECHECK,MISSING_SOURCE_AT_EXECUTION,,3751,"A005 listed this external reference path, but it is not present in the current workspace; no delete or move was performed."
참고 Context/3. Github Source/regime-adaptive-quantitative-trading-main/regime-adaptive-quantitative-trading-main/output/super_optimized_params.json,SOURCE_MISSING_RECHECK,MISSING_SOURCE_AT_EXECUTION,,483,"A005 listed this external reference path, but it is not present in the current workspace; no delete or move was performed."
참고 Context/3. Github Source/regime-adaptive-quantitative-trading-main/regime-adaptive-quantitative-trading-main/output/trade_counts.txt,SOURCE_MISSING_RECHECK,MISSING_SOURCE_AT_EXECUTION,,286,"A005 listed this external reference path, but it is not present in the current workspace; no delete or move was performed."
참고 Context/3. Github Source/regime-adaptive-quantitative-trading-main/regime-adaptive-quantitative-trading-main/phase-implementation-docs/EXECUTIVE_SUMMARY.md,SOURCE_MISSING_RECHECK,MISSING_SOURCE_AT_EXECUTION,,7999,"A005 listed this external reference path, but it is not present in the current workspace; no delete or move was performed."
참고 Context/3. Github Source/regime-adaptive-quantitative-trading-main/regime-adaptive-quantitative-trading-main/phase-implementation-docs/PHASE_1_DOCUMENTATION.md,SOURCE_MISSING_RECHECK,MISSING_SOURCE_AT_EXECUTION,,8367,"A005 listed this external reference path, but it is not present in the current workspace; no delete or move was performed."
참고 Context/3. Github Source/regime-adaptive-quantitative-trading-main/regime-adaptive-quantitative-trading-main/phase-implementation-docs/PHASE_2_DOCUMENTATION.md,SOURCE_MISSING_RECHECK,MISSING_SOURCE_AT_EXECUTION,,16183,"A005 listed this external reference path, but it is not present in the current workspace; no delete or move was performed."
참고 Context/3. Github Source/regime-adaptive-quantitative-trading-main/regime-adaptive-quantitative-trading-main/phase-implementation-docs/PHASE_3_DOCUMENTATION.md,SOURCE_MISSING_RECHECK,MISSING_SOURCE_AT_EXECUTION,,10715,"A005 listed this external reference path, but it is not present in the current workspace; no delete or move was performed."
참고 Context/3. Github Source/regime-adaptive-quantitative-trading-main/regime-adaptive-quantitative-trading-main/phase-implementation-docs/README.md,SOURCE_MISSING_RECHECK,MISSING_SOURCE_AT_EXECUTION,,7319,"A005 listed this external reference path, but it is not present in the current workspace; no delete or move was performed."
참고 Context/3. Github Source/regime-adaptive-quantitative-trading-main/regime-adaptive-quantitative-trading-main/reports/figures/drawdown_chart.png,SOURCE_MISSING_RECHECK,MISSING_SOURCE_AT_EXECUTION,,299606,"A005 listed this external reference path, but it is not present in the current workspace; no delete or move was performed."
참고 Context/3. Github Source/regime-adaptive-quantitative-trading-main/regime-adaptive-quantitative-trading-main/reports/figures/equity_curve_per_symbol.png,SOURCE_MISSING_RECHECK,MISSING_SOURCE_AT_EXECUTION,,540893,"A005 listed this external reference path, but it is not present in the current workspace; no delete or move was performed."
참고 Context/3. Github Source/regime-adaptive-quantitative-trading-main/regime-adaptive-quantitative-trading-main/reports/figures/equity_curve_portfolio.png,SOURCE_MISSING_RECHECK,MISSING_SOURCE_AT_EXECUTION,,248437,"A005 listed this external reference path, but it is not present in the current workspace; no delete or move was performed."
참고 Context/3. Github Source/regime-adaptive-quantitative-trading-main/regime-adaptive-quantitative-trading-main/requirements.txt,SOURCE_MISSING_RECHECK,MISSING_SOURCE_AT_EXECUTION,,146,"A005 listed this external reference path, but it is not present in the current workspace; no delete or move was performed."
참고 Context/3. Github Source/regime-adaptive-quantitative-trading-main/regime-adaptive-quantitative-trading-main/run_nifty_full_optimization.py,SOURCE_MISSING_RECHECK,MISSING_SOURCE_AT_EXECUTION,,2412,"A005 listed this external reference path, but it is not present in the current workspace; no delete or move was performed."
참고 Context/3. Github Source/regime-adaptive-quantitative-trading-main/regime-adaptive-quantitative-trading-main/scripts/check_data_leakage.py,SOURCE_MISSING_RECHECK,MISSING_SOURCE_AT_EXECUTION,,1406,"A005 listed this external reference path, but it is not present in the current workspace; no delete or move was performed."
참고 Context/3. Github Source/regime-adaptive-quantitative-trading-main/regime-adaptive-quantitative-trading-main/scripts/cleanup_docs.py,SOURCE_MISSING_RECHECK,MISSING_SOURCE_AT_EXECUTION,,2926,"A005 listed this external reference path, but it is not present in the current workspace; no delete or move was performed."
참고 Context/3. Github Source/regime-adaptive-quantitative-trading-main/regime-adaptive-quantitative-trading-main/scripts/cleanup_docs_retry.py,SOURCE_MISSING_RECHECK,MISSING_SOURCE_AT_EXECUTION,,2574,"A005 listed this external reference path, but it is not present in the current workspace; no delete or move was performed."
참고 Context/3. Github Source/regime-adaptive-quantitative-trading-main/regime-adaptive-quantitative-trading-main/scripts/generate_final_submission.py,SOURCE_MISSING_RECHECK,MISSING_SOURCE_AT_EXECUTION,,5943,"A005 listed this external reference path, but it is not present in the current workspace; no delete or move was performed."
참고 Context/3. Github Source/regime-adaptive-quantitative-trading-main/regime-adaptive-quantitative-trading-main/scripts/generate_optuna_submission.py,SOURCE_MISSING_RECHECK,MISSING_SOURCE_AT_EXECUTION,,5063,"A005 listed this external reference path, but it is not present in the current workspace; no delete or move was performed."
참고 Context/3. Github Source/regime-adaptive-quantitative-trading-main/regime-adaptive-quantitative-trading-main/scripts/generate_submission_visuals.py,SOURCE_MISSING_RECHECK,MISSING_SOURCE_AT_EXECUTION,,5212,"A005 listed this external reference path, but it is not present in the current workspace; no delete or move was performed."
참고 Context/3. Github Source/regime-adaptive-quantitative-trading-main/regime-adaptive-quantitative-trading-main/scripts/optimize_nifty_mean_reversion.py,SOURCE_MISSING_RECHECK,MISSING_SOURCE_AT_EXECUTION,,5076,"A005 listed this external reference path, but it is not present in the current workspace; no delete or move was performed."
참고 Context/3. Github Source/regime-adaptive-quantitative-trading-main/regime-adaptive-quantitative-trading-main/scripts/optimize_nifty_optuna.py,SOURCE_MISSING_RECHECK,MISSING_SOURCE_AT_EXECUTION,,5081,"A005 listed this external reference path, but it is not present in the current workspace; no delete or move was performed."
참고 Context/3. Github Source/regime-adaptive-quantitative-trading-main/regime-adaptive-quantitative-trading-main/scripts/organize_submission.py,SOURCE_MISSING_RECHECK,MISSING_SOURCE_AT_EXECUTION,,2680,"A005 listed this external reference path, but it is not present in the current workspace; no delete or move was performed."
참고 Context/3. Github Source/regime-adaptive-quantitative-trading-main/regime-adaptive-quantitative-trading-main/scripts/run_full_optimization.py,SOURCE_MISSING_RECHECK,MISSING_SOURCE_AT_EXECUTION,,1055,"A005 listed this external reference path, but it is not present in the current workspace; no delete or move was performed."
참고 Context/3. Github Source/regime-adaptive-quantitative-trading-main/regime-adaptive-quantitative-trading-main/src/legacy/check_data.py,SOURCE_MISSING_RECHECK,MISSING_SOURCE_AT_EXECUTION,,789,"A005 listed this external reference path, but it is not present in the current workspace; no delete or move was performed."
참고 Context/3. Github Source/regime-adaptive-quantitative-trading-main/regime-adaptive-quantitative-trading-main/src/legacy/compliance_checker.py,SOURCE_MISSING_RECHECK,MISSING_SOURCE_AT_EXECUTION,,10960,"A005 listed this external reference path, but it is not present in the current workspace; no delete or move was performed."
참고 Context/3. Github Source/regime-adaptive-quantitative-trading-main/regime-adaptive-quantitative-trading-main/src/legacy/fast_optimizer.py,SOURCE_MISSING_RECHECK,MISSING_SOURCE_AT_EXECUTION,,11687,"A005 listed this external reference path, but it is not present in the current workspace; no delete or move was performed."
참고 Context/3. Github Source/regime-adaptive-quantitative-trading-main/regime-adaptive-quantitative-trading-main/src/legacy/full_backtest.py,SOURCE_MISSING_RECHECK,MISSING_SOURCE_AT_EXECUTION,,2402,"A005 listed this external reference path, but it is not present in the current workspace; no delete or move was performed."
참고 Context/3. Github Source/regime-adaptive-quantitative-trading-main/regime-adaptive-quantitative-trading-main/src/legacy/generate_strategy1_only.py,SOURCE_MISSING_RECHECK,MISSING_SOURCE_AT_EXECUTION,,2650,"A005 listed this external reference path, but it is not present in the current workspace; no delete or move was performed."
참고 Context/3. Github Source/regime-adaptive-quantitative-trading-main/regime-adaptive-quantitative-trading-main/src/legacy/generate_submission.py,SOURCE_MISSING_RECHECK,MISSING_SOURCE_AT_EXECUTION,,7145,"A005 listed this external reference path, but it is not present in the current workspace; no delete or move was performed."
참고 Context/3. Github Source/regime-adaptive-quantitative-trading-main/regime-adaptive-quantitative-trading-main/src/legacy/optimizer.py,SOURCE_MISSING_RECHECK,MISSING_SOURCE_AT_EXECUTION,,15803,"A005 listed this external reference path, but it is not present in the current workspace; no delete or move was performed."
참고 Context/3. Github Source/regime-adaptive-quantitative-trading-main/regime-adaptive-quantitative-trading-main/src/legacy/optimizer_v2.py,SOURCE_MISSING_RECHECK,MISSING_SOURCE_AT_EXECUTION,,10982,"A005 listed this external reference path, but it is not present in the current workspace; no delete or move was performed."
참고 Context/3. Github Source/regime-adaptive-quantitative-trading-main/regime-adaptive-quantitative-trading-main/src/legacy/optimizer_v3.py,SOURCE_MISSING_RECHECK,MISSING_SOURCE_AT_EXECUTION,,8236,"A005 listed this external reference path, but it is not present in the current workspace; no delete or move was performed."
참고 Context/3. Github Source/regime-adaptive-quantitative-trading-main/regime-adaptive-quantitative-trading-main/src/legacy/optimizer_v4_time.py,SOURCE_MISSING_RECHECK,MISSING_SOURCE_AT_EXECUTION,,4987,"A005 listed this external reference path, but it is not present in the current workspace; no delete or move was performed."
참고 Context/3. Github Source/regime-adaptive-quantitative-trading-main/regime-adaptive-quantitative-trading-main/src/legacy/optimizer_v5_hour_filter.py,SOURCE_MISSING_RECHECK,MISSING_SOURCE_AT_EXECUTION,,5844,"A005 listed this external reference path, but it is not present in the current workspace; no delete or move was performed."
참고 Context/3. Github Source/regime-adaptive-quantitative-trading-main/regime-adaptive-quantitative-trading-main/src/legacy/optimizer_v6_9am_looser.py,SOURCE_MISSING_RECHECK,MISSING_SOURCE_AT_EXECUTION,,6423,"A005 listed this external reference path, but it is not present in the current workspace; no delete or move was performed."
참고 Context/3. Github Source/regime-adaptive-quantitative-trading-main/regime-adaptive-quantitative-trading-main/src/legacy/per_symbol_optimizer.py,SOURCE_MISSING_RECHECK,MISSING_SOURCE_AT_EXECUTION,,14808,"A005 listed this external reference path, but it is not present in the current workspace; no delete or move was performed."
참고 Context/3. Github Source/regime-adaptive-quantitative-trading-main/regime-adaptive-quantitative-trading-main/src/legacy/portfolio_manager.py,SOURCE_MISSING_RECHECK,MISSING_SOURCE_AT_EXECUTION,,12603,"A005 listed this external reference path, but it is not present in the current workspace; no delete or move was performed."
참고 Context/3. Github Source/regime-adaptive-quantitative-trading-main/regime-adaptive-quantitative-trading-main/src/legacy/quick_test.py,SOURCE_MISSING_RECHECK,MISSING_SOURCE_AT_EXECUTION,,907,"A005 listed this external reference path, but it is not present in the current workspace; no delete or move was performed."
참고 Context/3. Github Source/regime-adaptive-quantitative-trading-main/regime-adaptive-quantitative-trading-main/src/legacy/strategy1_rsi2_meanrev.py,SOURCE_MISSING_RECHECK,MISSING_SOURCE_AT_EXECUTION,,17945,"A005 listed this external reference path, but it is not present in the current workspace; no delete or move was performed."
참고 Context/3. Github Source/regime-adaptive-quantitative-trading-main/regime-adaptive-quantitative-trading-main/src/legacy/strategy_donchian.py,SOURCE_MISSING_RECHECK,MISSING_SOURCE_AT_EXECUTION,,13538,"A005 listed this external reference path, but it is not present in the current workspace; no delete or move was performed."
참고 Context/3. Github Source/regime-adaptive-quantitative-trading-main/regime-adaptive-quantitative-trading-main/src/legacy/submission_generator_optimized.py,SOURCE_MISSING_RECHECK,MISSING_SOURCE_AT_EXECUTION,,9964,"A005 listed this external reference path, but it is not present in the current workspace; no delete or move was performed."
참고 Context/3. Github Source/regime-adaptive-quantitative-trading-main/regime-adaptive-quantitative-trading-main/src/legacy/test_donchian.py,SOURCE_MISSING_RECHECK,MISSING_SOURCE_AT_EXECUTION,,2068,"A005 listed this external reference path, but it is not present in the current workspace; no delete or move was performed."
참고 Context/3. Github Source/regime-adaptive-quantitative-trading-main/regime-adaptive-quantitative-trading-main/src/legacy/test_strategy.py,SOURCE_MISSING_RECHECK,MISSING_SOURCE_AT_EXECUTION,,11466,"A005 listed this external reference path, but it is not present in the current workspace; no delete or move was performed."
참고 Context/3. Github Source/regime-adaptive-quantitative-trading-main/regime-adaptive-quantitative-trading-main/src/legacy/walk_forward_validation.py,SOURCE_MISSING_RECHECK,MISSING_SOURCE_AT_EXECUTION,,10334,"A005 listed this external reference path, but it is not present in the current workspace; no delete or move was performed."
참고 Context/3. Github Source/regime-adaptive-quantitative-trading-main/regime-adaptive-quantitative-trading-main/src/optimization/__init__.py,SOURCE_MISSING_RECHECK,MISSING_SOURCE_AT_EXECUTION,,22,"A005 listed this external reference path, but it is not present in the current workspace; no delete or move was performed."
참고 Context/3. Github Source/regime-adaptive-quantitative-trading-main/regime-adaptive-quantitative-trading-main/src/optimization/objective_functions.py,SOURCE_MISSING_RECHECK,MISSING_SOURCE_AT_EXECUTION,,4418,"A005 listed this external reference path, but it is not present in the current workspace; no delete or move was performed."
참고 Context/3. Github Source/regime-adaptive-quantitative-trading-main/regime-adaptive-quantitative-trading-main/src/optimization/parallel_optimizer.py,SOURCE_MISSING_RECHECK,MISSING_SOURCE_AT_EXECUTION,,4005,"A005 listed this external reference path, but it is not present in the current workspace; no delete or move was performed."
참고 Context/3. Github Source/regime-adaptive-quantitative-trading-main/regime-adaptive-quantitative-trading-main/src/optimization/parameter_space.py,SOURCE_MISSING_RECHECK,MISSING_SOURCE_AT_EXECUTION,,4351,"A005 listed this external reference path, but it is not present in the current workspace; no delete or move was performed."
참고 Context/3. Github Source/regime-adaptive-quantitative-trading-main/regime-adaptive-quantitative-trading-main/src/optimizers/deep_optimizer.py,SOURCE_MISSING_RECHECK,MISSING_SOURCE_AT_EXECUTION,,7709,"A005 listed this external reference path, but it is not present in the current workspace; no delete or move was performed."
참고 Context/3. Github Source/regime-adaptive-quantitative-trading-main/regime-adaptive-quantitative-trading-main/src/optimizers/fast_optimizer.py,SOURCE_MISSING_RECHECK,MISSING_SOURCE_AT_EXECUTION,,10145,"A005 listed this external reference path, but it is not present in the current workspace; no delete or move was performed."
참고 Context/3. Github Source/regime-adaptive-quantitative-trading-main/regime-adaptive-quantitative-trading-main/src/optimizers/fix_nifty50.py,SOURCE_MISSING_RECHECK,MISSING_SOURCE_AT_EXECUTION,,4528,"A005 listed this external reference path, but it is not present in the current workspace; no delete or move was performed."
참고 Context/3. Github Source/regime-adaptive-quantitative-trading-main/regime-adaptive-quantitative-trading-main/src/optimizers/sharpe_optimizer.py,SOURCE_MISSING_RECHECK,MISSING_SOURCE_AT_EXECUTION,,12904,"A005 listed this external reference path, but it is not present in the current workspace; no delete or move was performed."
참고 Context/3. Github Source/regime-adaptive-quantitative-trading-main/regime-adaptive-quantitative-trading-main/src/optimizers/super_optimize.py,SOURCE_MISSING_RECHECK,MISSING_SOURCE_AT_EXECUTION,,6834,"A005 listed this external reference path, but it is not present in the current workspace; no delete or move was performed."
참고 Context/3. Github Source/regime-adaptive-quantitative-trading-main/regime-adaptive-quantitative-trading-main/src/optimizers/test_alternatives.py,SOURCE_MISSING_RECHECK,MISSING_SOURCE_AT_EXECUTION,,5323,"A005 listed this external reference path, but it is not present in the current workspace; no delete or move was performed."
참고 Context/3. Github Source/regime-adaptive-quantitative-trading-main/regime-adaptive-quantitative-trading-main/src/optimizers/tune_trend_params.py,SOURCE_MISSING_RECHECK,MISSING_SOURCE_AT_EXECUTION,,3457,"A005 listed this external reference path, but it is not present in the current workspace; no delete or move was performed."
참고 Context/3. Github Source/regime-adaptive-quantitative-trading-main/regime-adaptive-quantitative-trading-main/src/optimizers/ultra_fine_tune.py,SOURCE_MISSING_RECHECK,MISSING_SOURCE_AT_EXECUTION,,7493,"A005 listed this external reference path, but it is not present in the current workspace; no delete or move was performed."
참고 Context/3. Github Source/regime-adaptive-quantitative-trading-main/regime-adaptive-quantitative-trading-main/src/strategies/adaptive_bb_strategy.py,SOURCE_MISSING_RECHECK,MISSING_SOURCE_AT_EXECUTION,,8077,"A005 listed this external reference path, but it is not present in the current workspace; no delete or move was performed."
참고 Context/3. Github Source/regime-adaptive-quantitative-trading-main/regime-adaptive-quantitative-trading-main/src/strategies/enhanced_regime_strategy.py,SOURCE_MISSING_RECHECK,MISSING_SOURCE_AT_EXECUTION,,8822,"A005 listed this external reference path, but it is not present in the current workspace; no delete or move was performed."
참고 Context/3. Github Source/regime-adaptive-quantitative-trading-main/regime-adaptive-quantitative-trading-main/src/strategies/ensemble_combination.py,SOURCE_MISSING_RECHECK,MISSING_SOURCE_AT_EXECUTION,,10808,"A005 listed this external reference path, but it is not present in the current workspace; no delete or move was performed."
참고 Context/3. Github Source/regime-adaptive-quantitative-trading-main/regime-adaptive-quantitative-trading-main/src/strategies/ensemble_wrapper.py,SOURCE_MISSING_RECHECK,MISSING_SOURCE_AT_EXECUTION,,12779,"A005 listed this external reference path, but it is not present in the current workspace; no delete or move was performed."
참고 Context/3. Github Source/regime-adaptive-quantitative-trading-main/regime-adaptive-quantitative-trading-main/src/strategies/hybrid_adaptive.py,SOURCE_MISSING_RECHECK,MISSING_SOURCE_AT_EXECUTION,,13327,"A005 listed this external reference path, but it is not present in the current workspace; no delete or move was performed."
참고 Context/3. Github Source/regime-adaptive-quantitative-trading-main/regime-adaptive-quantitative-trading-main/src/strategies/hybrid_adaptive_v2.py,SOURCE_MISSING_RECHECK,MISSING_SOURCE_AT_EXECUTION,,15144,"A005 listed this external reference path, but it is not present in the current workspace; no delete or move was performed."
참고 Context/3. Github Source/regime-adaptive-quantitative-trading-main/regime-adaptive-quantitative-trading-main/src/strategies/momentum_strategy.py,SOURCE_MISSING_RECHECK,MISSING_SOURCE_AT_EXECUTION,,7934,"A005 listed this external reference path, but it is not present in the current workspace; no delete or move was performed."
참고 Context/3. Github Source/regime-adaptive-quantitative-trading-main/regime-adaptive-quantitative-trading-main/src/strategies/nifty_mean_reversion.py,SOURCE_MISSING_RECHECK,MISSING_SOURCE_AT_EXECUTION,,6183,"A005 listed this external reference path, but it is not present in the current workspace; no delete or move was performed."
참고 Context/3. Github Source/regime-adaptive-quantitative-trading-main/regime-adaptive-quantitative-trading-main/src/strategies/nifty_minimal_loss.py,SOURCE_MISSING_RECHECK,MISSING_SOURCE_AT_EXECUTION,,3868,"A005 listed this external reference path, but it is not present in the current workspace; no delete or move was performed."
참고 Context/3. Github Source/regime-adaptive-quantitative-trading-main/regime-adaptive-quantitative-trading-main/src/strategies/nifty_momentum_breakthrough.py,SOURCE_MISSING_RECHECK,MISSING_SOURCE_AT_EXECUTION,,9575,"A005 listed this external reference path, but it is not present in the current workspace; no delete or move was performed."
참고 Context/3. Github Source/regime-adaptive-quantitative-trading-main/regime-adaptive-quantitative-trading-main/src/strategies/nifty_trend_ladder.py,SOURCE_MISSING_RECHECK,MISSING_SOURCE_AT_EXECUTION,,14590,"A005 listed this external reference path, but it is not present in the current workspace; no delete or move was performed."
참고 Context/3. Github Source/regime-adaptive-quantitative-trading-main/regime-adaptive-quantitative-trading-main/src/strategies/nifty_trend_strategy.py,SOURCE_MISSING_RECHECK,MISSING_SOURCE_AT_EXECUTION,,11851,"A005 listed this external reference path, but it is not present in the current workspace; no delete or move was performed."
참고 Context/3. Github Source/regime-adaptive-quantitative-trading-main/regime-adaptive-quantitative-trading-main/src/strategies/pairs_trading_strategy.py,SOURCE_MISSING_RECHECK,MISSING_SOURCE_AT_EXECUTION,,7419,"A005 listed this external reference path, but it is not present in the current workspace; no delete or move was performed."
참고 Context/3. Github Source/regime-adaptive-quantitative-trading-main/regime-adaptive-quantitative-trading-main/src/strategies/regime_switching_strategy.py,SOURCE_MISSING_RECHECK,MISSING_SOURCE_AT_EXECUTION,,12977,"A005 listed this external reference path, but it is not present in the current workspace; no delete or move was performed."
참고 Context/3. Github Source/regime-adaptive-quantitative-trading-main/regime-adaptive-quantitative-trading-main/src/strategies/seasonality_strategy.py,SOURCE_MISSING_RECHECK,MISSING_SOURCE_AT_EXECUTION,,7320,"A005 listed this external reference path, but it is not present in the current workspace; no delete or move was performed."
참고 Context/3. Github Source/regime-adaptive-quantitative-trading-main/regime-adaptive-quantitative-trading-main/src/strategies/stat_arb_strategy.py,SOURCE_MISSING_RECHECK,MISSING_SOURCE_AT_EXECUTION,,8387,"A005 listed this external reference path, but it is not present in the current workspace; no delete or move was performed."
참고 Context/3. Github Source/regime-adaptive-quantitative-trading-main/regime-adaptive-quantitative-trading-main/src/strategies/strategy_trend.py,SOURCE_MISSING_RECHECK,MISSING_SOURCE_AT_EXECUTION,,10457,"A005 listed this external reference path, but it is not present in the current workspace; no delete or move was performed."
참고 Context/3. Github Source/regime-adaptive-quantitative-trading-main/regime-adaptive-quantitative-trading-main/src/strategies/vol_adaptive_rsi.py,SOURCE_MISSING_RECHECK,MISSING_SOURCE_AT_EXECUTION,,12670,"A005 listed this external reference path, but it is not present in the current workspace; no delete or move was performed."
참고 Context/3. Github Source/regime-adaptive-quantitative-trading-main/regime-adaptive-quantitative-trading-main/src/strategies/vol_breakout_strategy.py,SOURCE_MISSING_RECHECK,MISSING_SOURCE_AT_EXECUTION,,8192,"A005 listed this external reference path, but it is not present in the current workspace; no delete or move was performed."
참고 Context/3. Github Source/regime-adaptive-quantitative-trading-main/regime-adaptive-quantitative-trading-main/src/strategies/volatility_regime_strategy.py,SOURCE_MISSING_RECHECK,MISSING_SOURCE_AT_EXECUTION,,8896,"A005 listed this external reference path, but it is not present in the current workspace; no delete or move was performed."
참고 Context/3. Github Source/regime-adaptive-quantitative-trading-main/regime-adaptive-quantitative-trading-main/src/strategies/volume_momentum_strategy.py,SOURCE_MISSING_RECHECK,MISSING_SOURCE_AT_EXECUTION,,7514,"A005 listed this external reference path, but it is not present in the current workspace; no delete or move was performed."
참고 Context/3. Github Source/regime-adaptive-quantitative-trading-main/regime-adaptive-quantitative-trading-main/src/strategies/volume_quality_filter.py,SOURCE_MISSING_RECHECK,MISSING_SOURCE_AT_EXECUTION,,7861,"A005 listed this external reference path, but it is not present in the current workspace; no delete or move was performed."
참고 Context/3. Github Source/regime-adaptive-quantitative-trading-main/regime-adaptive-quantitative-trading-main/src/strategies/yesbank_emergency.py,SOURCE_MISSING_RECHECK,MISSING_SOURCE_AT_EXECUTION,,5140,"A005 listed this external reference path, but it is not present in the current workspace; no delete or move was performed."
참고 Context/3. Github Source/regime-adaptive-quantitative-trading-main/regime-adaptive-quantitative-trading-main/src/submission/ensemble_submission_generator.py,SOURCE_MISSING_RECHECK,MISSING_SOURCE_AT_EXECUTION,,5609,"A005 listed this external reference path, but it is not present in the current workspace; no delete or move was performed."
참고 Context/3. Github Source/regime-adaptive-quantitative-trading-main/regime-adaptive-quantitative-trading-main/src/submission/final_optuna_submission_generator.py,SOURCE_MISSING_RECHECK,MISSING_SOURCE_AT_EXECUTION,,7687,"A005 listed this external reference path, but it is not present in the current workspace; no delete or move was performed."
참고 Context/3. Github Source/regime-adaptive-quantitative-trading-main/regime-adaptive-quantitative-trading-main/src/submission/sharpe_submission_generator.py,SOURCE_MISSING_RECHECK,MISSING_SOURCE_AT_EXECUTION,,5297,"A005 listed this external reference path, but it is not present in the current workspace; no delete or move was performed."
참고 Context/3. Github Source/regime-adaptive-quantitative-trading-main/regime-adaptive-quantitative-trading-main/src/submission/submission_generator.py,SOURCE_MISSING_RECHECK,MISSING_SOURCE_AT_EXECUTION,,8949,"A005 listed this external reference path, but it is not present in the current workspace; no delete or move was performed."
참고 Context/3. Github Source/regime-adaptive-quantitative-trading-main/regime-adaptive-quantitative-trading-main/src/submission/winning_submission_generator.py,SOURCE_MISSING_RECHECK,MISSING_SOURCE_AT_EXECUTION,,7608,"A005 listed this external reference path, but it is not present in the current workspace; no delete or move was performed."
참고 Context/3. Github Source/regime-adaptive-quantitative-trading-main/regime-adaptive-quantitative-trading-main/src/utils/adaptive_hold.py,SOURCE_MISSING_RECHECK,MISSING_SOURCE_AT_EXECUTION,,1809,"A005 listed this external reference path, but it is not present in the current workspace; no delete or move was performed."
참고 Context/3. Github Source/regime-adaptive-quantitative-trading-main/regime-adaptive-quantitative-trading-main/src/utils/indicators.py,SOURCE_MISSING_RECHECK,MISSING_SOURCE_AT_EXECUTION,,2019,"A005 listed this external reference path, but it is not present in the current workspace; no delete or move was performed."
참고 Context/3. Github Source/regime-adaptive-quantitative-trading-main/regime-adaptive-quantitative-trading-main/src/utils/kelly_position_sizing.py,SOURCE_MISSING_RECHECK,MISSING_SOURCE_AT_EXECUTION,,6741,"A005 listed this external reference path, but it is not present in the current workspace; no delete or move was performed."
참고 Context/3. Github Source/regime-adaptive-quantitative-trading-main/regime-adaptive-quantitative-trading-main/src/utils/multi_timeframe.py,SOURCE_MISSING_RECHECK,MISSING_SOURCE_AT_EXECUTION,,2271,"A005 listed this external reference path, but it is not present in the current workspace; no delete or move was performed."
참고 Context/3. Github Source/regime-adaptive-quantitative-trading-main/regime-adaptive-quantitative-trading-main/src/utils/ou_optimal_thresholds.py,SOURCE_MISSING_RECHECK,MISSING_SOURCE_AT_EXECUTION,,10033,"A005 listed this external reference path, but it is not present in the current workspace; no delete or move was performed."
참고 Context/3. Github Source/regime-adaptive-quantitative-trading-main/regime-adaptive-quantitative-trading-main/src/utils/position_sizing.py,SOURCE_MISSING_RECHECK,MISSING_SOURCE_AT_EXECUTION,,3255,"A005 listed this external reference path, but it is not present in the current workspace; no delete or move was performed."
참고 Context/3. Github Source/regime-adaptive-quantitative-trading-main/regime-adaptive-quantitative-trading-main/src/utils/profit_ladder.py,SOURCE_MISSING_RECHECK,MISSING_SOURCE_AT_EXECUTION,,3015,"A005 listed this external reference path, but it is not present in the current workspace; no delete or move was performed."
참고 Context/3. Github Source/regime-adaptive-quantitative-trading-main/regime-adaptive-quantitative-trading-main/src/utils/regime_detection.py,SOURCE_MISSING_RECHECK,MISSING_SOURCE_AT_EXECUTION,,2795,"A005 listed this external reference path, but it is not present in the current workspace; no delete or move was performed."
참고 Context/3. Github Source/regime-adaptive-quantitative-trading-main/regime-adaptive-quantitative-trading-main/src/utils/walk_forward_validation.py,SOURCE_MISSING_RECHECK,MISSING_SOURCE_AT_EXECUTION,,10053,"A005 listed this external reference path, but it is not present in the current workspace; no delete or move was performed."
참고 Context/3. Github Source/regime-adaptive-quantitative-trading-main/regime-adaptive-quantitative-trading-main/src/validation/verify_outliers.py,SOURCE_MISSING_RECHECK,MISSING_SOURCE_AT_EXECUTION,,3215,"A005 listed this external reference path, but it is not present in the current workspace; no delete or move was performed."
참고 Context/3. Github Source/regime-adaptive-quantitative-trading-main/regime-adaptive-quantitative-trading-main/submission/submission_1/23ME3EP03_NSE_NIFTY50-INDEX_trades.csv,SOURCE_MISSING_RECHECK,MISSING_SOURCE_AT_EXECUTION,,15633,"A005 listed this external reference path, but it is not present in the current workspace; no delete or move was performed."
참고 Context/3. Github Source/regime-adaptive-quantitative-trading-main/regime-adaptive-quantitative-trading-main/submission/submission_1/23ME3EP03_NSE_RELIANCE-EQ_trades.csv,SOURCE_MISSING_RECHECK,MISSING_SOURCE_AT_EXECUTION,,14646,"A005 listed this external reference path, but it is not present in the current workspace; no delete or move was performed."
참고 Context/3. Github Source/regime-adaptive-quantitative-trading-main/regime-adaptive-quantitative-trading-main/submission/submission_1/23ME3EP03_NSE_SUNPHARMA-EQ_trades.csv,SOURCE_MISSING_RECHECK,MISSING_SOURCE_AT_EXECUTION,,15466,"A005 listed this external reference path, but it is not present in the current workspace; no delete or move was performed."
참고 Context/3. Github Source/regime-adaptive-quantitative-trading-main/regime-adaptive-quantitative-trading-main/submission/submission_1/23ME3EP03_NSE_VBL-EQ_trades.csv,SOURCE_MISSING_RECHECK,MISSING_SOURCE_AT_EXECUTION,,13781,"A005 listed this external reference path, but it is not present in the current workspace; no delete or move was performed."
참고 Context/3. Github Source/regime-adaptive-quantitative-trading-main/regime-adaptive-quantitative-trading-main/submission/submission_1/23ME3EP03_NSE_YESBANK-EQ_trades.csv,SOURCE_MISSING_RECHECK,MISSING_SOURCE_AT_EXECUTION,,14927,"A005 listed this external reference path, but it is not present in the current workspace; no delete or move was performed."
참고 Context/3. Github Source/regime-adaptive-quantitative-trading-main/regime-adaptive-quantitative-trading-main/submission/submission_1/FINAL_SUBMISSION.csv,SOURCE_MISSING_RECHECK,MISSING_SOURCE_AT_EXECUTION,,73765,"A005 listed this external reference path, but it is not present in the current workspace; no delete or move was performed."
참고 Context/3. Github Source/regime-adaptive-quantitative-trading-main/regime-adaptive-quantitative-trading-main/submission/submission_3/README.md,SOURCE_MISSING_RECHECK,MISSING_SOURCE_AT_EXECUTION,,4408,"A005 listed this external reference path, but it is not present in the current workspace; no delete or move was performed."
참고 Context/3. Github Source/regime-adaptive-quantitative-trading-main/regime-adaptive-quantitative-trading-main/submission/submission_3/STRATEGY3_NSE_NIFTY50-INDEX_trades.csv,SOURCE_MISSING_RECHECK,MISSING_SOURCE_AT_EXECUTION,,18625,"A005 listed this external reference path, but it is not present in the current workspace; no delete or move was performed."
참고 Context/3. Github Source/regime-adaptive-quantitative-trading-main/regime-adaptive-quantitative-trading-main/submission/submission_3/STRATEGY3_NSE_RELIANCE-EQ_trades.csv,SOURCE_MISSING_RECHECK,MISSING_SOURCE_AT_EXECUTION,,16584,"A005 listed this external reference path, but it is not present in the current workspace; no delete or move was performed."
참고 Context/3. Github Source/regime-adaptive-quantitative-trading-main/regime-adaptive-quantitative-trading-main/submission/submission_3/STRATEGY3_NSE_SUNPHARMA-EQ_trades.csv,SOURCE_MISSING_RECHECK,MISSING_SOURCE_AT_EXECUTION,,17487,"A005 listed this external reference path, but it is not present in the current workspace; no delete or move was performed."
참고 Context/3. Github Source/regime-adaptive-quantitative-trading-main/regime-adaptive-quantitative-trading-main/submission/submission_3/STRATEGY3_NSE_VBL-EQ_trades.csv,SOURCE_MISSING_RECHECK,MISSING_SOURCE_AT_EXECUTION,,36451,"A005 listed this external reference path, but it is not present in the current workspace; no delete or move was performed."
참고 Context/3. Github Source/regime-adaptive-quantitative-trading-main/regime-adaptive-quantitative-trading-main/submission/submission_3/STRATEGY3_NSE_YESBANK-EQ_trades.csv,SOURCE_MISSING_RECHECK,MISSING_SOURCE_AT_EXECUTION,,16891,"A005 listed this external reference path, but it is not present in the current workspace; no delete or move was performed."
참고 Context/3. Github Source/regime-adaptive-quantitative-trading-main/regime-adaptive-quantitative-trading-main/submission/submission_3/STRATEGY_3_LOGIC.md,SOURCE_MISSING_RECHECK,MISSING_SOURCE_AT_EXECUTION,,12249,"A005 listed this external reference path, but it is not present in the current workspace; no delete or move was performed."
참고 Context/3. Github Source/regime-adaptive-quantitative-trading-main/regime-adaptive-quantitative-trading-main/submission/submission_3/SUBMISSION_CHECKLIST.md,SOURCE_MISSING_RECHECK,MISSING_SOURCE_AT_EXECUTION,,813,"A005 listed this external reference path, but it is not present in the current workspace; no delete or move was performed."
참고 Context/3. Github Source/regime-adaptive-quantitative-trading-main/regime-adaptive-quantitative-trading-main/submission/submission_3/SUBMISSION_GUIDE.md,SOURCE_MISSING_RECHECK,MISSING_SOURCE_AT_EXECUTION,,5520,"A005 listed this external reference path, but it is not present in the current workspace; no delete or move was performed."
참고 Context/3. Github Source/regime-adaptive-quantitative-trading-main/regime-adaptive-quantitative-trading-main/submission/submission_3/VALIDATION_REPORT.json,SOURCE_MISSING_RECHECK,MISSING_SOURCE_AT_EXECUTION,,1565,"A005 listed this external reference path, but it is not present in the current workspace; no delete or move was performed."
참고 Context/3. Github Source/regime-adaptive-quantitative-trading-main/regime-adaptive-quantitative-trading-main/submission/submission_4/README.md,SOURCE_MISSING_RECHECK,MISSING_SOURCE_AT_EXECUTION,,4804,"A005 listed this external reference path, but it is not present in the current workspace; no delete or move was performed."
참고 Context/3. Github Source/regime-adaptive-quantitative-trading-main/regime-adaptive-quantitative-trading-main/submission/submission_4/STRATEGY4_NSE_NIFTY50-INDEX_trades.csv,SOURCE_MISSING_RECHECK,MISSING_SOURCE_AT_EXECUTION,,18620,"A005 listed this external reference path, but it is not present in the current workspace; no delete or move was performed."
참고 Context/3. Github Source/regime-adaptive-quantitative-trading-main/regime-adaptive-quantitative-trading-main/submission/submission_4/STRATEGY4_NSE_RELIANCE-EQ_trades.csv,SOURCE_MISSING_RECHECK,MISSING_SOURCE_AT_EXECUTION,,16584,"A005 listed this external reference path, but it is not present in the current workspace; no delete or move was performed."
참고 Context/3. Github Source/regime-adaptive-quantitative-trading-main/regime-adaptive-quantitative-trading-main/submission/submission_4/STRATEGY4_NSE_SUNPHARMA-EQ_trades.csv,SOURCE_MISSING_RECHECK,MISSING_SOURCE_AT_EXECUTION,,17487,"A005 listed this external reference path, but it is not present in the current workspace; no delete or move was performed."
참고 Context/3. Github Source/regime-adaptive-quantitative-trading-main/regime-adaptive-quantitative-trading-main/submission/submission_4/STRATEGY4_NSE_VBL-EQ_trades.csv,SOURCE_MISSING_RECHECK,MISSING_SOURCE_AT_EXECUTION,,36442,"A005 listed this external reference path, but it is not present in the current workspace; no delete or move was performed."
참고 Context/3. Github Source/regime-adaptive-quantitative-trading-main/regime-adaptive-quantitative-trading-main/submission/submission_4/STRATEGY4_NSE_YESBANK-EQ_trades.csv,SOURCE_MISSING_RECHECK,MISSING_SOURCE_AT_EXECUTION,,16891,"A005 listed this external reference path, but it is not present in the current workspace; no delete or move was performed."
참고 Context/3. Github Source/regime-adaptive-quantitative-trading-main/regime-adaptive-quantitative-trading-main/submission/submission_4/STRATEGY_4_LOGIC.md,SOURCE_MISSING_RECHECK,MISSING_SOURCE_AT_EXECUTION,,12249,"A005 listed this external reference path, but it is not present in the current workspace; no delete or move was performed."
참고 Context/3. Github Source/regime-adaptive-quantitative-trading-main/regime-adaptive-quantitative-trading-main/submission/submission_4/SUBMISSION_CHECKLIST.md,SOURCE_MISSING_RECHECK,MISSING_SOURCE_AT_EXECUTION,,618,"A005 listed this external reference path, but it is not present in the current workspace; no delete or move was performed."
참고 Context/3. Github Source/regime-adaptive-quantitative-trading-main/regime-adaptive-quantitative-trading-main/submission/submission_5/FINAL_IMPLEMENTATION_SUMMARY.md,SOURCE_MISSING_RECHECK,MISSING_SOURCE_AT_EXECUTION,,2915,"A005 listed this external reference path, but it is not present in the current workspace; no delete or move was performed."
참고 Context/3. Github Source/regime-adaptive-quantitative-trading-main/regime-adaptive-quantitative-trading-main/submission/submission_5/FINAL_PORTFOLIO_TRACKER_20260117_194157.csv,SOURCE_MISSING_RECHECK,MISSING_SOURCE_AT_EXECUTION,,69388,"A005 listed this external reference path, but it is not present in the current workspace; no delete or move was performed."
참고 Context/3. Github Source/regime-adaptive-quantitative-trading-main/regime-adaptive-quantitative-trading-main/submission/submission_5/FINAL_PORTFOLIO_TRACKER_20260117_194253.csv,SOURCE_MISSING_RECHECK,MISSING_SOURCE_AT_EXECUTION,,53839,"A005 listed this external reference path, but it is not present in the current workspace; no delete or move was performed."
참고 Context/3. Github Source/regime-adaptive-quantitative-trading-main/regime-adaptive-quantitative-trading-main/submission/submission_5/FINAL_PORTFOLIO_TRACKER_20260117_194355.csv,SOURCE_MISSING_RECHECK,MISSING_SOURCE_AT_EXECUTION,,63744,"A005 listed this external reference path, but it is not present in the current workspace; no delete or move was performed."
참고 Context/3. Github Source/regime-adaptive-quantitative-trading-main/regime-adaptive-quantitative-trading-main/submission/submission_5/FINAL_PORTFOLIO_TRACKER_20260117_194441.csv,SOURCE_MISSING_RECHECK,MISSING_SOURCE_AT_EXECUTION,,67984,"A005 listed this external reference path, but it is not present in the current workspace; no delete or move was performed."
참고 Context/3. Github Source/regime-adaptive-quantitative-trading-main/regime-adaptive-quantitative-trading-main/submission/submission_5/FINAL_PORTFOLIO_TRACKER_20260117_194503.csv,SOURCE_MISSING_RECHECK,MISSING_SOURCE_AT_EXECUTION,,73541,"A005 listed this external reference path, but it is not present in the current workspace; no delete or move was performed."
참고 Context/3. Github Source/regime-adaptive-quantitative-trading-main/regime-adaptive-quantitative-trading-main/submission/submission_5/FINAL_PORTFOLIO_TRACKER_20260117_200750.csv,SOURCE_MISSING_RECHECK,MISSING_SOURCE_AT_EXECUTION,,62159,"A005 listed this external reference path, but it is not present in the current workspace; no delete or move was performed."
참고 Context/3. Github Source/regime-adaptive-quantitative-trading-main/regime-adaptive-quantitative-trading-main/submission/submission_5/FINAL_PORTFOLIO_TRACKER_20260117_200805.csv,SOURCE_MISSING_RECHECK,MISSING_SOURCE_AT_EXECUTION,,74070,"A005 listed this external reference path, but it is not present in the current workspace; no delete or move was performed."
참고 Context/3. Github Source/regime-adaptive-quantitative-trading-main/regime-adaptive-quantitative-trading-main/submission/submission_5/FINAL_UPLOAD_PACKAGE/FINAL_IMPLEMENTATION_SUMMARY.md,SOURCE_MISSING_RECHECK,MISSING_SOURCE_AT_EXECUTION,,2915,"A005 listed this external reference path, but it is not present in the current workspace; no delete or move was performed."
참고 Context/3. Github Source/regime-adaptive-quantitative-trading-main/regime-adaptive-quantitative-trading-main/submission/submission_5/FINAL_UPLOAD_PACKAGE/FINAL_SUBMISSION_VALIDATION.md,SOURCE_MISSING_RECHECK,MISSING_SOURCE_AT_EXECUTION,,1823,"A005 listed this external reference path, but it is not present in the current workspace; no delete or move was performed."
참고 Context/3. Github Source/regime-adaptive-quantitative-trading-main/regime-adaptive-quantitative-trading-main/submission/submission_5/FINAL_UPLOAD_PACKAGE/ROBUSTNESS_TEST_RESULTS.md,SOURCE_MISSING_RECHECK,MISSING_SOURCE_AT_EXECUTION,,1542,"A005 listed this external reference path, but it is not present in the current workspace; no delete or move was performed."
참고 Context/3. Github Source/regime-adaptive-quantitative-trading-main/regime-adaptive-quantitative-trading-main/submission/submission_5/FINAL_UPLOAD_PACKAGE/STRATEGY5_NSE_NIFTY50-INDEX_trades.csv,SOURCE_MISSING_RECHECK,MISSING_SOURCE_AT_EXECUTION,,15052,"A005 listed this external reference path, but it is not present in the current workspace; no delete or move was performed."
참고 Context/3. Github Source/regime-adaptive-quantitative-trading-main/regime-adaptive-quantitative-trading-main/submission/submission_5/FINAL_UPLOAD_PACKAGE/STRATEGY5_NSE_RELIANCE-EQ_trades.csv,SOURCE_MISSING_RECHECK,MISSING_SOURCE_AT_EXECUTION,,15035,"A005 listed this external reference path, but it is not present in the current workspace; no delete or move was performed."
참고 Context/3. Github Source/regime-adaptive-quantitative-trading-main/regime-adaptive-quantitative-trading-main/submission/submission_5/FINAL_UPLOAD_PACKAGE/STRATEGY5_NSE_SUNPHARMA-EQ_trades.csv,SOURCE_MISSING_RECHECK,MISSING_SOURCE_AT_EXECUTION,,15861,"A005 listed this external reference path, but it is not present in the current workspace; no delete or move was performed."
참고 Context/3. Github Source/regime-adaptive-quantitative-trading-main/regime-adaptive-quantitative-trading-main/submission/submission_5/FINAL_UPLOAD_PACKAGE/STRATEGY5_NSE_VBL-EQ_trades.csv,SOURCE_MISSING_RECHECK,MISSING_SOURCE_AT_EXECUTION,,17988,"A005 listed this external reference path, but it is not present in the current workspace; no delete or move was performed."
참고 Context/3. Github Source/regime-adaptive-quantitative-trading-main/regime-adaptive-quantitative-trading-main/submission/submission_5/FINAL_UPLOAD_PACKAGE/STRATEGY5_NSE_YESBANK-EQ_trades.csv,SOURCE_MISSING_RECHECK,MISSING_SOURCE_AT_EXECUTION,,15474,"A005 listed this external reference path, but it is not present in the current workspace; no delete or move was performed."
참고 Context/3. Github Source/regime-adaptive-quantitative-trading-main/regime-adaptive-quantitative-trading-main/submission/submission_5/FINAL_UPLOAD_PACKAGE/STRATEGY_5_LOGIC.md,SOURCE_MISSING_RECHECK,MISSING_SOURCE_AT_EXECUTION,,4794,"A005 listed this external reference path, but it is not present in the current workspace; no delete or move was performed."
참고 Context/3. Github Source/regime-adaptive-quantitative-trading-main/regime-adaptive-quantitative-trading-main/submission/submission_5/ROBUSTNESS_TEST_RESULTS.md,SOURCE_MISSING_RECHECK,MISSING_SOURCE_AT_EXECUTION,,1542,"A005 listed this external reference path, but it is not present in the current workspace; no delete or move was performed."
참고 Context/3. Github Source/regime-adaptive-quantitative-trading-main/regime-adaptive-quantitative-trading-main/submission/submission_5/STRATEGY5_NSE_NIFTY50-INDEX_trades.csv,SOURCE_MISSING_RECHECK,MISSING_SOURCE_AT_EXECUTION,,15052,"A005 listed this external reference path, but it is not present in the current workspace; no delete or move was performed."
참고 Context/3. Github Source/regime-adaptive-quantitative-trading-main/regime-adaptive-quantitative-trading-main/submission/submission_5/STRATEGY5_NSE_RELIANCE-EQ_trades.csv,SOURCE_MISSING_RECHECK,MISSING_SOURCE_AT_EXECUTION,,15035,"A005 listed this external reference path, but it is not present in the current workspace; no delete or move was performed."
참고 Context/3. Github Source/regime-adaptive-quantitative-trading-main/regime-adaptive-quantitative-trading-main/submission/submission_5/STRATEGY5_NSE_SUNPHARMA-EQ_trades.csv,SOURCE_MISSING_RECHECK,MISSING_SOURCE_AT_EXECUTION,,15861,"A005 listed this external reference path, but it is not present in the current workspace; no delete or move was performed."
참고 Context/3. Github Source/regime-adaptive-quantitative-trading-main/regime-adaptive-quantitative-trading-main/submission/submission_5/STRATEGY5_NSE_VBL-EQ_trades.csv,SOURCE_MISSING_RECHECK,MISSING_SOURCE_AT_EXECUTION,,17988,"A005 listed this external reference path, but it is not present in the current workspace; no delete or move was performed."
참고 Context/3. Github Source/regime-adaptive-quantitative-trading-main/regime-adaptive-quantitative-trading-main/submission/submission_5/STRATEGY5_NSE_YESBANK-EQ_trades.csv,SOURCE_MISSING_RECHECK,MISSING_SOURCE_AT_EXECUTION,,15474,"A005 listed this external reference path, but it is not present in the current workspace; no delete or move was performed."
참고 Context/3. Github Source/regime-adaptive-quantitative-trading-main/regime-adaptive-quantitative-trading-main/submission/submission_5/STRATEGY_5_LOGIC.md,SOURCE_MISSING_RECHECK,MISSING_SOURCE_AT_EXECUTION,,4794,"A005 listed this external reference path, but it is not present in the current workspace; no delete or move was performed."
참고 Context/3. Github Source/regime-adaptive-quantitative-trading-main/regime-adaptive-quantitative-trading-main/testing_framework/TESTING_INDEX.md,SOURCE_MISSING_RECHECK,MISSING_SOURCE_AT_EXECUTION,,8292,"A005 listed this external reference path, but it is not present in the current workspace; no delete or move was performed."
참고 Context/3. Github Source/regime-adaptive-quantitative-trading-main/regime-adaptive-quantitative-trading-main/testing_framework/claude_testing_prompt.md,SOURCE_MISSING_RECHECK,MISSING_SOURCE_AT_EXECUTION,,982,"A005 listed this external reference path, but it is not present in the current workspace; no delete or move was performed."
참고 Context/3. Github Source/regime-adaptive-quantitative-trading-main/regime-adaptive-quantitative-trading-main/testing_framework/immediate_action_plan.md,SOURCE_MISSING_RECHECK,MISSING_SOURCE_AT_EXECUTION,,1795,"A005 listed this external reference path, but it is not present in the current workspace; no delete or move was performed."
참고 Context/3. Github Source/regime-adaptive-quantitative-trading-main/regime-adaptive-quantitative-trading-main/testing_framework/run_comprehensive_tests.py,SOURCE_MISSING_RECHECK,MISSING_SOURCE_AT_EXECUTION,,13176,"A005 listed this external reference path, but it is not present in the current workspace; no delete or move was performed."
참고 Context/3. Github Source/regime-adaptive-quantitative-trading-main/regime-adaptive-quantitative-trading-main/testing_framework/testing_framework_summary.md,SOURCE_MISSING_RECHECK,MISSING_SOURCE_AT_EXECUTION,,1311,"A005 listed this external reference path, but it is not present in the current workspace; no delete or move was performed."
참고 Context/4. TradingAgents-main/.dockerignore,SOURCE_MISSING_RECHECK,MISSING_SOURCE_AT_EXECUTION,,133,"A005 listed this external reference path, but it is not present in the current workspace; no delete or move was performed."
참고 Context/4. TradingAgents-main/.env.enterprise.example,SOURCE_MISSING_RECHECK,MISSING_SOURCE_AT_EXECUTION,,203,"A005 listed this external reference path, but it is not present in the current workspace; no delete or move was performed."
참고 Context/4. TradingAgents-main/.env.example,SOURCE_MISSING_RECHECK,MISSING_SOURCE_AT_EXECUTION,,174,"A005 listed this external reference path, but it is not present in the current workspace; no delete or move was performed."
참고 Context/4. TradingAgents-main/.gitignore,SOURCE_MISSING_RECHECK,MISSING_SOURCE_AT_EXECUTION,,4586,"A005 listed this external reference path, but it is not present in the current workspace; no delete or move was performed."
참고 Context/4. TradingAgents-main/CHANGELOG.md,SOURCE_MISSING_RECHECK,MISSING_SOURCE_AT_EXECUTION,,13125,"A005 listed this external reference path, but it is not present in the current workspace; no delete or move was performed."
참고 Context/4. TradingAgents-main/Dockerfile,SOURCE_MISSING_RECHECK,MISSING_SOURCE_AT_EXECUTION,,530,"A005 listed this external reference path, but it is not present in the current workspace; no delete or move was performed."
참고 Context/4. TradingAgents-main/LICENSE,SOURCE_MISSING_RECHECK,MISSING_SOURCE_AT_EXECUTION,,11357,"A005 listed this external reference path, but it is not present in the current workspace; no delete or move was performed."
참고 Context/4. TradingAgents-main/README.md,SOURCE_MISSING_RECHECK,MISSING_SOURCE_AT_EXECUTION,,13439,"A005 listed this external reference path, but it is not present in the current workspace; no delete or move was performed."
참고 Context/4. TradingAgents-main/assets/TauricResearch.png,SOURCE_MISSING_RECHECK,MISSING_SOURCE_AT_EXECUTION,,63581,"A005 listed this external reference path, but it is not present in the current workspace; no delete or move was performed."
참고 Context/4. TradingAgents-main/assets/analyst.png,SOURCE_MISSING_RECHECK,MISSING_SOURCE_AT_EXECUTION,,216595,"A005 listed this external reference path, but it is not present in the current workspace; no delete or move was performed."
참고 Context/4. TradingAgents-main/assets/cli/cli_init.png,SOURCE_MISSING_RECHECK,MISSING_SOURCE_AT_EXECUTION,,245297,"A005 listed this external reference path, but it is not present in the current workspace; no delete or move was performed."
참고 Context/4. TradingAgents-main/assets/cli/cli_news.png,SOURCE_MISSING_RECHECK,MISSING_SOURCE_AT_EXECUTION,,831209,"A005 listed this external reference path, but it is not present in the current workspace; no delete or move was performed."
참고 Context/4. TradingAgents-main/assets/cli/cli_technical.png,SOURCE_MISSING_RECHECK,MISSING_SOURCE_AT_EXECUTION,,793084,"A005 listed this external reference path, but it is not present in the current workspace; no delete or move was performed."
참고 Context/4. TradingAgents-main/assets/cli/cli_transaction.png,SOURCE_MISSING_RECHECK,MISSING_SOURCE_AT_EXECUTION,,810243,"A005 listed this external reference path, but it is not present in the current workspace; no delete or move was performed."
참고 Context/4. TradingAgents-main/assets/researcher.png,SOURCE_MISSING_RECHECK,MISSING_SOURCE_AT_EXECUTION,,140473,"A005 listed this external reference path, but it is not present in the current workspace; no delete or move was performed."
참고 Context/4. TradingAgents-main/assets/risk.png,SOURCE_MISSING_RECHECK,MISSING_SOURCE_AT_EXECUTION,,165683,"A005 listed this external reference path, but it is not present in the current workspace; no delete or move was performed."
참고 Context/4. TradingAgents-main/assets/schema.png,SOURCE_MISSING_RECHECK,MISSING_SOURCE_AT_EXECUTION,,365329,"A005 listed this external reference path, but it is not present in the current workspace; no delete or move was performed."
참고 Context/4. TradingAgents-main/assets/trader.png,SOURCE_MISSING_RECHECK,MISSING_SOURCE_AT_EXECUTION,,161842,"A005 listed this external reference path, but it is not present in the current workspace; no delete or move was performed."
참고 Context/4. TradingAgents-main/assets/wechat.png,SOURCE_MISSING_RECHECK,MISSING_SOURCE_AT_EXECUTION,,221601,"A005 listed this external reference path, but it is not present in the current workspace; no delete or move was performed."
참고 Context/4. TradingAgents-main/cli/__init__.py,SOURCE_MISSING_RECHECK,MISSING_SOURCE_AT_EXECUTION,,0,"A005 listed this external reference path, but it is not present in the current workspace; no delete or move was performed."
참고 Context/4. TradingAgents-main/cli/announcements.py,SOURCE_MISSING_RECHECK,MISSING_SOURCE_AT_EXECUTION,,1507,"A005 listed this external reference path, but it is not present in the current workspace; no delete or move was performed."
참고 Context/4. TradingAgents-main/cli/config.py,SOURCE_MISSING_RECHECK,MISSING_SOURCE_AT_EXECUTION,,300,"A005 listed this external reference path, but it is not present in the current workspace; no delete or move was performed."
참고 Context/4. TradingAgents-main/cli/main.py,SOURCE_MISSING_RECHECK,MISSING_SOURCE_AT_EXECUTION,,50447,"A005 listed this external reference path, but it is not present in the current workspace; no delete or move was performed."
참고 Context/4. TradingAgents-main/cli/models.py,SOURCE_MISSING_RECHECK,MISSING_SOURCE_AT_EXECUTION,,221,"A005 listed this external reference path, but it is not present in the current workspace; no delete or move was performed."
참고 Context/4. TradingAgents-main/cli/static/welcome.txt,SOURCE_MISSING_RECHECK,MISSING_SOURCE_AT_EXECUTION,,427,"A005 listed this external reference path, but it is not present in the current workspace; no delete or move was performed."
참고 Context/4. TradingAgents-main/cli/stats_handler.py,SOURCE_MISSING_RECHECK,MISSING_SOURCE_AT_EXECUTION,,2373,"A005 listed this external reference path, but it is not present in the current workspace; no delete or move was performed."
참고 Context/4. TradingAgents-main/cli/utils.py,SOURCE_MISSING_RECHECK,MISSING_SOURCE_AT_EXECUTION,,12340,"A005 listed this external reference path, but it is not present in the current workspace; no delete or move was performed."
참고 Context/4. TradingAgents-main/docker-compose.yml,SOURCE_MISSING_RECHECK,MISSING_SOURCE_AT_EXECUTION,,611,"A005 listed this external reference path, but it is not present in the current workspace; no delete or move was performed."
참고 Context/4. TradingAgents-main/main.py,SOURCE_MISSING_RECHECK,MISSING_SOURCE_AT_EXECUTION,,1158,"A005 listed this external reference path, but it is not present in the current workspace; no delete or move was performed."
참고 Context/4. TradingAgents-main/pyproject.toml,SOURCE_MISSING_RECHECK,MISSING_SOURCE_AT_EXECUTION,,1304,"A005 listed this external reference path, but it is not present in the current workspace; no delete or move was performed."
참고 Context/4. TradingAgents-main/requirements.txt,SOURCE_MISSING_RECHECK,MISSING_SOURCE_AT_EXECUTION,,2,"A005 listed this external reference path, but it is not present in the current workspace; no delete or move was performed."
참고 Context/4. TradingAgents-main/scripts/smoke_structured_output.py,SOURCE_MISSING_RECHECK,MISSING_SOURCE_AT_EXECUTION,,6835,"A005 listed this external reference path, but it is not present in the current workspace; no delete or move was performed."
참고 Context/4. TradingAgents-main/test.py,SOURCE_MISSING_RECHECK,MISSING_SOURCE_AT_EXECUTION,,637,"A005 listed this external reference path, but it is not present in the current workspace; no delete or move was performed."
참고 Context/4. TradingAgents-main/tests/conftest.py,SOURCE_MISSING_RECHECK,MISSING_SOURCE_AT_EXECUTION,,1005,"A005 listed this external reference path, but it is not present in the current workspace; no delete or move was performed."
참고 Context/4. TradingAgents-main/tests/test_checkpoint_resume.py,SOURCE_MISSING_RECHECK,MISSING_SOURCE_AT_EXECUTION,,5028,"A005 listed this external reference path, but it is not present in the current workspace; no delete or move was performed."
참고 Context/4. TradingAgents-main/tests/test_deepseek_reasoning.py,SOURCE_MISSING_RECHECK,MISSING_SOURCE_AT_EXECUTION,,6681,"A005 listed this external reference path, but it is not present in the current workspace; no delete or move was performed."
참고 Context/4. TradingAgents-main/tests/test_google_api_key.py,SOURCE_MISSING_RECHECK,MISSING_SOURCE_AT_EXECUTION,,1167,"A005 listed this external reference path, but it is not present in the current workspace; no delete or move was performed."
참고 Context/4. TradingAgents-main/tests/test_memory_log.py,SOURCE_MISSING_RECHECK,MISSING_SOURCE_AT_EXECUTION,,35176,"A005 listed this external reference path, but it is not present in the current workspace; no delete or move was performed."
참고 Context/4. TradingAgents-main/tests/test_model_validation.py,SOURCE_MISSING_RECHECK,MISSING_SOURCE_AT_EXECUTION,,1918,"A005 listed this external reference path, but it is not present in the current workspace; no delete or move was performed."
참고 Context/4. TradingAgents-main/tests/test_safe_ticker_component.py,SOURCE_MISSING_RECHECK,MISSING_SOURCE_AT_EXECUTION,,1929,"A005 listed this external reference path, but it is not present in the current workspace; no delete or move was performed."
참고 Context/4. TradingAgents-main/tests/test_signal_processing.py,SOURCE_MISSING_RECHECK,MISSING_SOURCE_AT_EXECUTION,,3566,"A005 listed this external reference path, but it is not present in the current workspace; no delete or move was performed."
참고 Context/4. TradingAgents-main/tests/test_structured_agents.py,SOURCE_MISSING_RECHECK,MISSING_SOURCE_AT_EXECUTION,,8974,"A005 listed this external reference path, but it is not present in the current workspace; no delete or move was performed."
참고 Context/4. TradingAgents-main/tests/test_ticker_symbol_handling.py,SOURCE_MISSING_RECHECK,MISSING_SOURCE_AT_EXECUTION,,629,"A005 listed this external reference path, but it is not present in the current workspace; no delete or move was performed."
참고 Context/4. TradingAgents-main/tradingagents/__init__.py,SOURCE_MISSING_RECHECK,MISSING_SOURCE_AT_EXECUTION,,0,"A005 listed this external reference path, but it is not present in the current workspace; no delete or move was performed."
참고 Context/4. TradingAgents-main/tradingagents/agents/__init__.py,SOURCE_MISSING_RECHECK,MISSING_SOURCE_AT_EXECUTION,,1362,"A005 listed this external reference path, but it is not present in the current workspace; no delete or move was performed."
참고 Context/4. TradingAgents-main/tradingagents/agents/analysts/fundamentals_analyst.py,SOURCE_MISSING_RECHECK,MISSING_SOURCE_AT_EXECUTION,,3331,"A005 listed this external reference path, but it is not present in the current workspace; no delete or move was performed."
참고 Context/4. TradingAgents-main/tradingagents/agents/analysts/market_analyst.py,SOURCE_MISSING_RECHECK,MISSING_SOURCE_AT_EXECUTION,,6205,"A005 listed this external reference path, but it is not present in the current workspace; no delete or move was performed."
참고 Context/4. TradingAgents-main/tradingagents/agents/analysts/news_analyst.py,SOURCE_MISSING_RECHECK,MISSING_SOURCE_AT_EXECUTION,,2947,"A005 listed this external reference path, but it is not present in the current workspace; no delete or move was performed."
참고 Context/4. TradingAgents-main/tradingagents/agents/analysts/social_media_analyst.py,SOURCE_MISSING_RECHECK,MISSING_SOURCE_AT_EXECUTION,,3277,"A005 listed this external reference path, but it is not present in the current workspace; no delete or move was performed."
참고 Context/4. TradingAgents-main/tradingagents/agents/managers/portfolio_manager.py,SOURCE_MISSING_RECHECK,MISSING_SOURCE_AT_EXECUTION,,3400,"A005 listed this external reference path, but it is not present in the current workspace; no delete or move was performed."
참고 Context/4. TradingAgents-main/tradingagents/agents/managers/research_manager.py,SOURCE_MISSING_RECHECK,MISSING_SOURCE_AT_EXECUTION,,2432,"A005 listed this external reference path, but it is not present in the current workspace; no delete or move was performed."
참고 Context/4. TradingAgents-main/tradingagents/agents/researchers/bear_researcher.py,SOURCE_MISSING_RECHECK,MISSING_SOURCE_AT_EXECUTION,,2656,"A005 listed this external reference path, but it is not present in the current workspace; no delete or move was performed."
참고 Context/4. TradingAgents-main/tradingagents/agents/researchers/bull_researcher.py,SOURCE_MISSING_RECHECK,MISSING_SOURCE_AT_EXECUTION,,2589,"A005 listed this external reference path, but it is not present in the current workspace; no delete or move was performed."
참고 Context/4. TradingAgents-main/tradingagents/agents/risk_mgmt/aggressive_debator.py,SOURCE_MISSING_RECHECK,MISSING_SOURCE_AT_EXECUTION,,3633,"A005 listed this external reference path, but it is not present in the current workspace; no delete or move was performed."
참고 Context/4. TradingAgents-main/tradingagents/agents/risk_mgmt/conservative_debator.py,SOURCE_MISSING_RECHECK,MISSING_SOURCE_AT_EXECUTION,,3538,"A005 listed this external reference path, but it is not present in the current workspace; no delete or move was performed."
참고 Context/4. TradingAgents-main/tradingagents/agents/risk_mgmt/neutral_debator.py,SOURCE_MISSING_RECHECK,MISSING_SOURCE_AT_EXECUTION,,3390,"A005 listed this external reference path, but it is not present in the current workspace; no delete or move was performed."
참고 Context/4. TradingAgents-main/tradingagents/agents/schemas.py,SOURCE_MISSING_RECHECK,MISSING_SOURCE_AT_EXECUTION,,8465,"A005 listed this external reference path, but it is not present in the current workspace; no delete or move was performed."
참고 Context/4. TradingAgents-main/tradingagents/agents/trader/trader.py,SOURCE_MISSING_RECHECK,MISSING_SOURCE_AT_EXECUTION,,2316,"A005 listed this external reference path, but it is not present in the current workspace; no delete or move was performed."
참고 Context/4. TradingAgents-main/tradingagents/agents/utils/agent_states.py,SOURCE_MISSING_RECHECK,MISSING_SOURCE_AT_EXECUTION,,3054,"A005 listed this external reference path, but it is not present in the current workspace; no delete or move was performed."
참고 Context/4. TradingAgents-main/tradingagents/agents/utils/agent_utils.py,SOURCE_MISSING_RECHECK,MISSING_SOURCE_AT_EXECUTION,,1962,"A005 listed this external reference path, but it is not present in the current workspace; no delete or move was performed."
참고 Context/4. TradingAgents-main/tradingagents/agents/utils/core_stock_tools.py,SOURCE_MISSING_RECHECK,MISSING_SOURCE_AT_EXECUTION,,891,"A005 listed this external reference path, but it is not present in the current workspace; no delete or move was performed."
참고 Context/4. TradingAgents-main/tradingagents/agents/utils/fundamental_data_tools.py,SOURCE_MISSING_RECHECK,MISSING_SOURCE_AT_EXECUTION,,2920,"A005 listed this external reference path, but it is not present in the current workspace; no delete or move was performed."
참고 Context/4. TradingAgents-main/tradingagents/agents/utils/memory.py,SOURCE_MISSING_RECHECK,MISSING_SOURCE_AT_EXECUTION,,11527,"A005 listed this external reference path, but it is not present in the current workspace; no delete or move was performed."
참고 Context/4. TradingAgents-main/tradingagents/agents/utils/news_data_tools.py,SOURCE_MISSING_RECHECK,MISSING_SOURCE_AT_EXECUTION,,1834,"A005 listed this external reference path, but it is not present in the current workspace; no delete or move was performed."
참고 Context/4. TradingAgents-main/tradingagents/agents/utils/rating.py,SOURCE_MISSING_RECHECK,MISSING_SOURCE_AT_EXECUTION,,1733,"A005 listed this external reference path, but it is not present in the current workspace; no delete or move was performed."
참고 Context/4. TradingAgents-main/tradingagents/agents/utils/structured.py,SOURCE_MISSING_RECHECK,MISSING_SOURCE_AT_EXECUTION,,2690,"A005 listed this external reference path, but it is not present in the current workspace; no delete or move was performed."
참고 Context/4. TradingAgents-main/tradingagents/agents/utils/technical_indicators_tools.py,SOURCE_MISSING_RECHECK,MISSING_SOURCE_AT_EXECUTION,,1544,"A005 listed this external reference path, but it is not present in the current workspace; no delete or move was performed."
참고 Context/4. TradingAgents-main/tradingagents/dataflows/__init__.py,SOURCE_MISSING_RECHECK,MISSING_SOURCE_AT_EXECUTION,,0,"A005 listed this external reference path, but it is not present in the current workspace; no delete or move was performed."
참고 Context/4. TradingAgents-main/tradingagents/dataflows/alpha_vantage.py,SOURCE_MISSING_RECHECK,MISSING_SOURCE_AT_EXECUTION,,333,"A005 listed this external reference path, but it is not present in the current workspace; no delete or move was performed."
참고 Context/4. TradingAgents-main/tradingagents/dataflows/alpha_vantage_common.py,SOURCE_MISSING_RECHECK,MISSING_SOURCE_AT_EXECUTION,,4285,"A005 listed this external reference path, but it is not present in the current workspace; no delete or move was performed."
참고 Context/4. TradingAgents-main/tradingagents/dataflows/alpha_vantage_fundamentals.py,SOURCE_MISSING_RECHECK,MISSING_SOURCE_AT_EXECUTION,,2029,"A005 listed this external reference path, but it is not present in the current workspace; no delete or move was performed."
참고 Context/4. TradingAgents-main/tradingagents/dataflows/alpha_vantage_indicator.py,SOURCE_MISSING_RECHECK,MISSING_SOURCE_AT_EXECUTION,,10855,"A005 listed this external reference path, but it is not present in the current workspace; no delete or move was performed."
참고 Context/4. TradingAgents-main/tradingagents/dataflows/alpha_vantage_news.py,SOURCE_MISSING_RECHECK,MISSING_SOURCE_AT_EXECUTION,,2349,"A005 listed this external reference path, but it is not present in the current workspace; no delete or move was performed."
참고 Context/4. TradingAgents-main/tradingagents/dataflows/alpha_vantage_stock.py,SOURCE_MISSING_RECHECK,MISSING_SOURCE_AT_EXECUTION,,1309,"A005 listed this external reference path, but it is not present in the current workspace; no delete or move was performed."
참고 Context/4. TradingAgents-main/tradingagents/dataflows/config.py,SOURCE_MISSING_RECHECK,MISSING_SOURCE_AT_EXECUTION,,770,"A005 listed this external reference path, but it is not present in the current workspace; no delete or move was performed."
참고 Context/4. TradingAgents-main/tradingagents/dataflows/interface.py,SOURCE_MISSING_RECHECK,MISSING_SOURCE_AT_EXECUTION,,5431,"A005 listed this external reference path, but it is not present in the current workspace; no delete or move was performed."
참고 Context/4. TradingAgents-main/tradingagents/dataflows/stockstats_utils.py,SOURCE_MISSING_RECHECK,MISSING_SOURCE_AT_EXECUTION,,4718,"A005 listed this external reference path, but it is not present in the current workspace; no delete or move was performed."
참고 Context/4. TradingAgents-main/tradingagents/dataflows/utils.py,SOURCE_MISSING_RECHECK,MISSING_SOURCE_AT_EXECUTION,,2652,"A005 listed this external reference path, but it is not present in the current workspace; no delete or move was performed."
참고 Context/4. TradingAgents-main/tradingagents/dataflows/y_finance.py,SOURCE_MISSING_RECHECK,MISSING_SOURCE_AT_EXECUTION,,16816,"A005 listed this external reference path, but it is not present in the current workspace; no delete or move was performed."
참고 Context/4. TradingAgents-main/tradingagents/dataflows/yfinance_news.py,SOURCE_MISSING_RECHECK,MISSING_SOURCE_AT_EXECUTION,,6530,"A005 listed this external reference path, but it is not present in the current workspace; no delete or move was performed."
참고 Context/4. TradingAgents-main/tradingagents/default_config.py,SOURCE_MISSING_RECHECK,MISSING_SOURCE_AT_EXECUTION,,2664,"A005 listed this external reference path, but it is not present in the current workspace; no delete or move was performed."
참고 Context/4. TradingAgents-main/tradingagents/graph/__init__.py,SOURCE_MISSING_RECHECK,MISSING_SOURCE_AT_EXECUTION,,417,"A005 listed this external reference path, but it is not present in the current workspace; no delete or move was performed."
참고 Context/4. TradingAgents-main/tradingagents/graph/checkpointer.py,SOURCE_MISSING_RECHECK,MISSING_SOURCE_AT_EXECUTION,,2930,"A005 listed this external reference path, but it is not present in the current workspace; no delete or move was performed."
참고 Context/4. TradingAgents-main/tradingagents/graph/conditional_logic.py,SOURCE_MISSING_RECHECK,MISSING_SOURCE_AT_EXECUTION,,2711,"A005 listed this external reference path, but it is not present in the current workspace; no delete or move was performed."
참고 Context/4. TradingAgents-main/tradingagents/graph/propagation.py,SOURCE_MISSING_RECHECK,MISSING_SOURCE_AT_EXECUTION,,2431,"A005 listed this external reference path, but it is not present in the current workspace; no delete or move was performed."
참고 Context/4. TradingAgents-main/tradingagents/graph/reflection.py,SOURCE_MISSING_RECHECK,MISSING_SOURCE_AT_EXECUTION,,2136,"A005 listed this external reference path, but it is not present in the current workspace; no delete or move was performed."
참고 Context/4. TradingAgents-main/tradingagents/graph/setup.py,SOURCE_MISSING_RECHECK,MISSING_SOURCE_AT_EXECUTION,,7211,"A005 listed this external reference path, but it is not present in the current workspace; no delete or move was performed."
참고 Context/4. TradingAgents-main/tradingagents/graph/signal_processing.py,SOURCE_MISSING_RECHECK,MISSING_SOURCE_AT_EXECUTION,,1299,"A005 listed this external reference path, but it is not present in the current workspace; no delete or move was performed."
참고 Context/4. TradingAgents-main/tradingagents/graph/trading_graph.py,SOURCE_MISSING_RECHECK,MISSING_SOURCE_AT_EXECUTION,,15404,"A005 listed this external reference path, but it is not present in the current workspace; no delete or move was performed."
참고 Context/4. TradingAgents-main/tradingagents/llm_clients/TODO.md,SOURCE_MISSING_RECHECK,MISSING_SOURCE_AT_EXECUTION,,516,"A005 listed this external reference path, but it is not present in the current workspace; no delete or move was performed."
참고 Context/4. TradingAgents-main/tradingagents/llm_clients/__init__.py,SOURCE_MISSING_RECHECK,MISSING_SOURCE_AT_EXECUTION,,128,"A005 listed this external reference path, but it is not present in the current workspace; no delete or move was performed."
참고 Context/4. TradingAgents-main/tradingagents/llm_clients/anthropic_client.py,SOURCE_MISSING_RECHECK,MISSING_SOURCE_AT_EXECUTION,,1506,"A005 listed this external reference path, but it is not present in the current workspace; no delete or move was performed."
참고 Context/4. TradingAgents-main/tradingagents/llm_clients/azure_client.py,SOURCE_MISSING_RECHECK,MISSING_SOURCE_AT_EXECUTION,,1653,"A005 listed this external reference path, but it is not present in the current workspace; no delete or move was performed."
참고 Context/4. TradingAgents-main/tradingagents/llm_clients/base_client.py,SOURCE_MISSING_RECHECK,MISSING_SOURCE_AT_EXECUTION,,2082,"A005 listed this external reference path, but it is not present in the current workspace; no delete or move was performed."
참고 Context/4. TradingAgents-main/tradingagents/llm_clients/factory.py,SOURCE_MISSING_RECHECK,MISSING_SOURCE_AT_EXECUTION,,1638,"A005 listed this external reference path, but it is not present in the current workspace; no delete or move was performed."
참고 Context/4. TradingAgents-main/tradingagents/llm_clients/google_client.py,SOURCE_MISSING_RECHECK,MISSING_SOURCE_AT_EXECUTION,,2468,"A005 listed this external reference path, but it is not present in the current workspace; no delete or move was performed."
참고 Context/4. TradingAgents-main/tradingagents/llm_clients/model_catalog.py,SOURCE_MISSING_RECHECK,MISSING_SOURCE_AT_EXECUTION,,5354,"A005 listed this external reference path, but it is not present in the current workspace; no delete or move was performed."
참고 Context/4. TradingAgents-main/tradingagents/llm_clients/openai_client.py,SOURCE_MISSING_RECHECK,MISSING_SOURCE_AT_EXECUTION,,7449,"A005 listed this external reference path, but it is not present in the current workspace; no delete or move was performed."
참고 Context/4. TradingAgents-main/tradingagents/llm_clients/validators.py,SOURCE_MISSING_RECHECK,MISSING_SOURCE_AT_EXECUTION,,639,"A005 listed this external reference path, but it is not present in the current workspace; no delete or move was performed."
참고 Context/4. TradingAgents-main/uv.lock,SOURCE_MISSING_RECHECK,MISSING_SOURCE_AT_EXECUTION,,666506,"A005 listed this external reference path, but it is not present in the current workspace; no delete or move was performed."
참고 Context/5. vibe-investing-main/01.Trading Strategy/Awesome claude quant scripts/AI supply chain bayesian analysis/AI supply chain bayesian analysis kr.MD,SOURCE_MISSING_RECHECK,MISSING_SOURCE_AT_EXECUTION,,18735,"A005 listed this external reference path, but it is not present in the current workspace; no delete or move was performed."
참고 Context/5. vibe-investing-main/01.Trading Strategy/Awesome claude quant scripts/AI supply chain bayesian analysis/readme.MD,SOURCE_MISSING_RECHECK,MISSING_SOURCE_AT_EXECUTION,,9689,"A005 listed this external reference path, but it is not present in the current workspace; no delete or move was performed."
참고 Context/5. vibe-investing-main/01.Trading Strategy/Awesome claude quant scripts/AI supply chain bayesian analysis/src/Bayesian long prompt.txt,SOURCE_MISSING_RECHECK,MISSING_SOURCE_AT_EXECUTION,,2871,"A005 listed this external reference path, but it is not present in the current workspace; no delete or move was performed."
참고 Context/5. vibe-investing-main/01.Trading Strategy/Awesome claude quant scripts/Awesome claude quant scripts.MD,SOURCE_MISSING_RECHECK,MISSING_SOURCE_AT_EXECUTION,,26687,"A005 listed this external reference path, but it is not present in the current workspace; no delete or move was performed."
참고 Context/5. vibe-investing-main/01.Trading Strategy/Awesome claude quant scripts/DAT quant strategy/DAT quant strategy kr.MD,SOURCE_MISSING_RECHECK,MISSING_SOURCE_AT_EXECUTION,,31663,"A005 listed this external reference path, but it is not present in the current workspace; no delete or move was performed."
참고 Context/5. vibe-investing-main/01.Trading Strategy/Awesome claude quant scripts/DAT quant strategy/readme.MD,SOURCE_MISSING_RECHECK,MISSING_SOURCE_AT_EXECUTION,,9080,"A005 listed this external reference path, but it is not present in the current workspace; no delete or move was performed."
참고 Context/5. vibe-investing-main/01.Trading Strategy/Awesome claude quant scripts/DAT quant strategy/src/DatZScoreStrategy.kt,SOURCE_MISSING_RECHECK,MISSING_SOURCE_AT_EXECUTION,,13185,"A005 listed this external reference path, but it is not present in the current workspace; no delete or move was performed."
참고 Context/5. vibe-investing-main/01.Trading Strategy/Awesome claude quant scripts/DAT quant strategy/src/build.gradle.kts,SOURCE_MISSING_RECHECK,MISSING_SOURCE_AT_EXECUTION,,1436,"A005 listed this external reference path, but it is not present in the current workspace; no delete or move was performed."
참고 Context/5. vibe-investing-main/01.Trading Strategy/Awesome claude quant scripts/DAT quant strategy/src/dat_zscore_strategy.py,SOURCE_MISSING_RECHECK,MISSING_SOURCE_AT_EXECUTION,,11276,"A005 listed this external reference path, but it is not present in the current workspace; no delete or move was performed."
참고 Context/5. vibe-investing-main/01.Trading Strategy/Awesome claude quant scripts/DAT quant strategy/src/requirements.txt,SOURCE_MISSING_RECHECK,MISSING_SOURCE_AT_EXECUTION,,166,"A005 listed this external reference path, but it is not present in the current workspace; no delete or move was performed."
참고 Context/5. vibe-investing-main/01.Trading Strategy/Awesome claude quant scripts/Declining Stock Quant Script Using LLM/Bearish stocks analysis 20260426.MD,SOURCE_MISSING_RECHECK,MISSING_SOURCE_AT_EXECUTION,,12004,"A005 listed this external reference path, but it is not present in the current workspace; no delete or move was performed."
참고 Context/5. vibe-investing-main/01.Trading Strategy/Awesome claude quant scripts/Declining Stock Quant Script Using LLM/Declining Stock Quant Script Using LLM.MD,SOURCE_MISSING_RECHECK,MISSING_SOURCE_AT_EXECUTION,,6727,"A005 listed this external reference path, but it is not present in the current workspace; no delete or move was performed."
참고 Context/5. vibe-investing-main/01.Trading Strategy/Awesome claude quant scripts/Dividend growth prompt/Dividend Growth Prompt kr.MD,SOURCE_MISSING_RECHECK,MISSING_SOURCE_AT_EXECUTION,,10703,"A005 listed this external reference path, but it is not present in the current workspace; no delete or move was performed."
참고 Context/5. vibe-investing-main/01.Trading Strategy/Awesome claude quant scripts/Dividend growth prompt/Dividend_Growth_Prompt_EN.md,SOURCE_MISSING_RECHECK,MISSING_SOURCE_AT_EXECUTION,,10506,"A005 listed this external reference path, but it is not present in the current workspace; no delete or move was performed."
참고 Context/5. vibe-investing-main/01.Trading Strategy/Awesome claude quant scripts/Dividend growth prompt/Readme.md,SOURCE_MISSING_RECHECK,MISSING_SOURCE_AT_EXECUTION,,27125,"A005 listed this external reference path, but it is not present in the current workspace; no delete or move was performed."
참고 Context/5. vibe-investing-main/01.Trading Strategy/Awesome claude quant scripts/Dividend growth prompt/result/Claude_Dividend_Growth_Portfolio_Report_2026Q2.md,SOURCE_MISSING_RECHECK,MISSING_SOURCE_AT_EXECUTION,,24607,"A005 listed this external reference path, but it is not present in the current workspace; no delete or move was performed."
참고 Context/5. vibe-investing-main/01.Trading Strategy/Awesome claude quant scripts/Dividend growth prompt/result/DeepSeek Prompt Result260502.MD,SOURCE_MISSING_RECHECK,MISSING_SOURCE_AT_EXECUTION,,10536,"A005 listed this external reference path, but it is not present in the current workspace; no delete or move was performed."
참고 Context/5. vibe-investing-main/01.Trading Strategy/Awesome claude quant scripts/Dividend growth prompt/result/Gemini_Dividend_Growth_Portfolio_2026.md,SOURCE_MISSING_RECHECK,MISSING_SOURCE_AT_EXECUTION,,6050,"A005 listed this external reference path, but it is not present in the current workspace; no delete or move was performed."
참고 Context/5. vibe-investing-main/01.Trading Strategy/Awesome claude quant scripts/Long-Term Dividend Investing/Long term dividend quant script kr.MD,SOURCE_MISSING_RECHECK,MISSING_SOURCE_AT_EXECUTION,,32257,"A005 listed this external reference path, but it is not present in the current workspace; no delete or move was performed."
참고 Context/5. vibe-investing-main/01.Trading Strategy/Awesome claude quant scripts/Readme.MD,SOURCE_MISSING_RECHECK,MISSING_SOURCE_AT_EXECUTION,,8447,"A005 listed this external reference path, but it is not present in the current workspace; no delete or move was performed."
참고 Context/5. vibe-investing-main/01.Trading Strategy/Awesome claude quant scripts/Sample Readme.MD,SOURCE_MISSING_RECHECK,MISSING_SOURCE_AT_EXECUTION,,381,"A005 listed this external reference path, but it is not present in the current workspace; no delete or move was performed."
참고 Context/5. vibe-investing-main/01.Trading Strategy/Awesome claude quant scripts/Sample/Sample Readme.MD,SOURCE_MISSING_RECHECK,MISSING_SOURCE_AT_EXECUTION,,6601,"A005 listed this external reference path, but it is not present in the current workspace; no delete or move was performed."
참고 Context/5. vibe-investing-main/01.Trading Strategy/Awesome claude quant scripts/Sample/growth_screener.py,SOURCE_MISSING_RECHECK,MISSING_SOURCE_AT_EXECUTION,,10116,"A005 listed this external reference path, but it is not present in the current workspace; no delete or move was performed."
참고 Context/5. vibe-investing-main/01.Trading Strategy/Awesome claude quant scripts/Sample/sample_growth_screen_results.csv,SOURCE_MISSING_RECHECK,MISSING_SOURCE_AT_EXECUTION,,2993,"A005 listed this external reference path, but it is not present in the current workspace; no delete or move was performed."
참고 Context/5. vibe-investing-main/01.Trading Strategy/Awesome claude quant scripts/trading map.png,SOURCE_MISSING_RECHECK,MISSING_SOURCE_AT_EXECUTION,,119596,"A005 listed this external reference path, but it is not present in the current workspace; no delete or move was performed."
참고 Context/5. vibe-investing-main/01.Trading Strategy/BNB Trading Bot/README_CN .md,SOURCE_MISSING_RECHECK,MISSING_SOURCE_AT_EXECUTION,,7963,"A005 listed this external reference path, but it is not present in the current workspace; no delete or move was performed."
참고 Context/5. vibe-investing-main/01.Trading Strategy/BNB Trading Bot/README_EN.md,SOURCE_MISSING_RECHECK,MISSING_SOURCE_AT_EXECUTION,,8256,"A005 listed this external reference path, but it is not present in the current workspace; no delete or move was performed."
참고 Context/5. vibe-investing-main/01.Trading Strategy/BNB Trading Bot/Readme.md,SOURCE_MISSING_RECHECK,MISSING_SOURCE_AT_EXECUTION,,8457,"A005 listed this external reference path, but it is not present in the current workspace; no delete or move was performed."
참고 Context/5. vibe-investing-main/01.Trading Strategy/BNB Trading Bot/data/00_summary.json,SOURCE_MISSING_RECHECK,MISSING_SOURCE_AT_EXECUTION,,703,"A005 listed this external reference path, but it is not present in the current workspace; no delete or move was performed."
참고 Context/5. vibe-investing-main/01.Trading Strategy/BNB Trading Bot/data/01_prices.csv,SOURCE_MISSING_RECHECK,MISSING_SOURCE_AT_EXECUTION,,90107,"A005 listed this external reference path, but it is not present in the current workspace; no delete or move was performed."
참고 Context/5. vibe-investing-main/01.Trading Strategy/BNB Trading Bot/data/02_returns.csv,SOURCE_MISSING_RECHECK,MISSING_SOURCE_AT_EXECUTION,,109276,"A005 listed this external reference path, but it is not present in the current workspace; no delete or move was performed."
참고 Context/5. vibe-investing-main/01.Trading Strategy/BNB Trading Bot/data/03_window_returns.csv,SOURCE_MISSING_RECHECK,MISSING_SOURCE_AT_EXECUTION,,196,"A005 listed this external reference path, but it is not present in the current workspace; no delete or move was performed."
참고 Context/5. vibe-investing-main/01.Trading Strategy/BNB Trading Bot/data/04_yearly_correlation.csv,SOURCE_MISSING_RECHECK,MISSING_SOURCE_AT_EXECUTION,,96,"A005 listed this external reference path, but it is not present in the current workspace; no delete or move was performed."
참고 Context/5. vibe-investing-main/01.Trading Strategy/BNB Trading Bot/data/05_rolling_corr_30d.csv,SOURCE_MISSING_RECHECK,MISSING_SOURCE_AT_EXECUTION,,42845,"A005 listed this external reference path, but it is not present in the current workspace; no delete or move was performed."
참고 Context/5. vibe-investing-main/01.Trading Strategy/BNB Trading Bot/data/06_lead_lag.csv,SOURCE_MISSING_RECHECK,MISSING_SOURCE_AT_EXECUTION,,360,"A005 listed this external reference path, but it is not present in the current workspace; no delete or move was performed."
참고 Context/5. vibe-investing-main/01.Trading Strategy/BNB Trading Bot/data/08_trend_transition_delays.csv,SOURCE_MISSING_RECHECK,MISSING_SOURCE_AT_EXECUTION,,802,"A005 listed this external reference path, but it is not present in the current workspace; no delete or move was performed."
참고 Context/5. vibe-investing-main/01.Trading Strategy/BNB Trading Bot/data/09_backtest_metrics.csv,SOURCE_MISSING_RECHECK,MISSING_SOURCE_AT_EXECUTION,,252,"A005 listed this external reference path, but it is not present in the current workspace; no delete or move was performed."
참고 Context/5. vibe-investing-main/01.Trading Strategy/BNB Trading Bot/data/10_individual_trades.csv,SOURCE_MISSING_RECHECK,MISSING_SOURCE_AT_EXECUTION,,756,"A005 listed this external reference path, but it is not present in the current workspace; no delete or move was performed."
참고 Context/5. vibe-investing-main/01.Trading Strategy/BNB Trading Bot/data/11_backtest_daily.csv,SOURCE_MISSING_RECHECK,MISSING_SOURCE_AT_EXECUTION,,251313,"A005 listed this external reference path, but it is not present in the current workspace; no delete or move was performed."
참고 Context/5. vibe-investing-main/01.Trading Strategy/BNB Trading Bot/data/12_current_signal.json,SOURCE_MISSING_RECHECK,MISSING_SOURCE_AT_EXECUTION,,210,"A005 listed this external reference path, but it is not present in the current workspace; no delete or move was performed."
참고 Context/5. vibe-investing-main/01.Trading Strategy/BNB Trading Bot/data/description.md,SOURCE_MISSING_RECHECK,MISSING_SOURCE_AT_EXECUTION,,680,"A005 listed this external reference path, but it is not present in the current workspace; no delete or move was performed."
참고 Context/5. vibe-investing-main/01.Trading Strategy/BNB Trading Bot/src/bnb_signal.py,SOURCE_MISSING_RECHECK,MISSING_SOURCE_AT_EXECUTION,,10005,"A005 listed this external reference path, but it is not present in the current workspace; no delete or move was performed."
참고 Context/5. vibe-investing-main/01.Trading Strategy/BNB Trading Bot/src/readme.md,SOURCE_MISSING_RECHECK,MISSING_SOURCE_AT_EXECUTION,,71,"A005 listed this external reference path, but it is not present in the current workspace; no delete or move was performed."
참고 Context/5. vibe-investing-main/01.Trading Strategy/Binance Listing Day Crash/IdeaNote.MD,SOURCE_MISSING_RECHECK,MISSING_SOURCE_AT_EXECUTION,,585,"A005 listed this external reference path, but it is not present in the current workspace; no delete or move was performed."
참고 Context/5. vibe-investing-main/01.Trading Strategy/Binance Listing Day Crash/Listing day crash analysis.md,SOURCE_MISSING_RECHECK,MISSING_SOURCE_AT_EXECUTION,,31019,"A005 listed this external reference path, but it is not present in the current workspace; no delete or move was performed."
참고 Context/5. vibe-investing-main/01.Trading Strategy/Binance Listing Day Crash/Listing day crash selfcritique roadmap.md,SOURCE_MISSING_RECHECK,MISSING_SOURCE_AT_EXECUTION,,24682,"A005 listed this external reference path, but it is not present in the current workspace; no delete or move was performed."
참고 Context/5. vibe-investing-main/01.Trading Strategy/Binance Listing Day Crash/data/01_binance_listing_day_crashes_2024_2025.csv,SOURCE_MISSING_RECHECK,MISSING_SOURCE_AT_EXECUTION,,7619,"A005 listed this external reference path, but it is not present in the current workspace; no delete or move was performed."
참고 Context/5. vibe-investing-main/01.Trading Strategy/Binance Listing Day Crash/data/02_hypothesis_verification_summary.csv,SOURCE_MISSING_RECHECK,MISSING_SOURCE_AT_EXECUTION,,1675,"A005 listed this external reference path, but it is not present in the current workspace; no delete or move was performed."
참고 Context/5. vibe-investing-main/01.Trading Strategy/Binance Listing Day Crash/data/03_mechanism_analysis.csv,SOURCE_MISSING_RECHECK,MISSING_SOURCE_AT_EXECUTION,,754,"A005 listed this external reference path, but it is not present in the current workspace; no delete or move was performed."
참고 Context/5. vibe-investing-main/01.Trading Strategy/Binance Listing Day Crash/data/04_btc_relative_matrix.csv,SOURCE_MISSING_RECHECK,MISSING_SOURCE_AT_EXECUTION,,679,"A005 listed this external reference path, but it is not present in the current workspace; no delete or move was performed."
참고 Context/5. vibe-investing-main/01.Trading Strategy/Binance Listing Day Crash/data/description.md,SOURCE_MISSING_RECHECK,MISSING_SOURCE_AT_EXECUTION,,19,"A005 listed this external reference path, but it is not present in the current workspace; no delete or move was performed."
참고 Context/5. vibe-investing-main/01.Trading Strategy/Binance Listing Day Crash/src/description.md,SOURCE_MISSING_RECHECK,MISSING_SOURCE_AT_EXECUTION,,14,"A005 listed this external reference path, but it is not present in the current workspace; no delete or move was performed."
참고 Context/5. vibe-investing-main/01.Trading Strategy/Binance Listing Day Crash/src/listing_counter_trading_bot.py,SOURCE_MISSING_RECHECK,MISSING_SOURCE_AT_EXECUTION,,19312,"A005 listed this external reference path, but it is not present in the current workspace; no delete or move was performed."
참고 Context/5. vibe-investing-main/01.Trading Strategy/Binance Listing Day Crash/src/listing_day_analyzer.py,SOURCE_MISSING_RECHECK,MISSING_SOURCE_AT_EXECUTION,,18548,"A005 listed this external reference path, but it is not present in the current workspace; no delete or move was performed."
참고 Context/5. vibe-investing-main/01.Trading Strategy/ChainWar/IdeaNote_ChainWar.MD,SOURCE_MISSING_RECHECK,MISSING_SOURCE_AT_EXECUTION,,27086,"A005 listed this external reference path, but it is not present in the current workspace; no delete or move was performed."
참고 Context/5. vibe-investing-main/01.Trading Strategy/Disclosure Timing Around Token Unlocks/ideanote disclosuretiming kr.MD,SOURCE_MISSING_RECHECK,MISSING_SOURCE_AT_EXECUTION,,33784,"A005 listed this external reference path, but it is not present in the current workspace; no delete or move was performed."
참고 Context/5. vibe-investing-main/01.Trading Strategy/Disclosure Timing Around Token Unlocks/ideanote disclosuretiming.MD,SOURCE_MISSING_RECHECK,MISSING_SOURCE_AT_EXECUTION,,32571,"A005 listed this external reference path, but it is not present in the current workspace; no delete or move was performed."
참고 Context/5. vibe-investing-main/01.Trading Strategy/Investment Strategy Based on Bitcoin and Nasdaq Coupling/IdeaNodte.MD,SOURCE_MISSING_RECHECK,MISSING_SOURCE_AT_EXECUTION,,466,"A005 listed this external reference path, but it is not present in the current workspace; no delete or move was performed."
참고 Context/5. vibe-investing-main/01.Trading Strategy/Investment Strategy Based on Bitcoin and Nasdaq Coupling/Nasdaq crypto coupling strategy.MD,SOURCE_MISSING_RECHECK,MISSING_SOURCE_AT_EXECUTION,,28557,"A005 listed this external reference path, but it is not present in the current workspace; no delete or move was performed."
참고 Context/5. vibe-investing-main/01.Trading Strategy/Investment Strategy Based on Bitcoin and Nasdaq Coupling/btc_nasdaq_event_log.csv,SOURCE_MISSING_RECHECK,MISSING_SOURCE_AT_EXECUTION,,3162,"A005 listed this external reference path, but it is not present in the current workspace; no delete or move was performed."
참고 Context/5. vibe-investing-main/01.Trading Strategy/Investment Strategy Based on Bitcoin and Nasdaq Coupling/btc_qqq_correlation_2020_2026.csv,SOURCE_MISSING_RECHECK,MISSING_SOURCE_AT_EXECUTION,,2546,"A005 listed this external reference path, but it is not present in the current workspace; no delete or move was performed."
참고 Context/5. vibe-investing-main/01.Trading Strategy/Investment Strategy Based on Bitcoin and Nasdaq Coupling/correlation_regimes_signals.csv,SOURCE_MISSING_RECHECK,MISSING_SOURCE_AT_EXECUTION,,1706,"A005 listed this external reference path, but it is not present in the current workspace; no delete or move was performed."
참고 Context/5. vibe-investing-main/01.Trading Strategy/Investment Strategy Based on Bitcoin and Nasdaq Coupling/intraday_coupling_samples.csv,SOURCE_MISSING_RECHECK,MISSING_SOURCE_AT_EXECUTION,,8753,"A005 listed this external reference path, but it is not present in the current workspace; no delete or move was performed."
참고 Context/5. vibe-investing-main/01.Trading Strategy/Investment Strategy Based on Bitcoin and Nasdaq Coupling/nasdaq_btc_coupling_bot.py,SOURCE_MISSING_RECHECK,MISSING_SOURCE_AT_EXECUTION,,20370,"A005 listed this external reference path, but it is not present in the current workspace; no delete or move was performed."
참고 Context/5. vibe-investing-main/01.Trading Strategy/Luxury investment strategy/Luxury investment strategy.md,SOURCE_MISSING_RECHECK,MISSING_SOURCE_AT_EXECUTION,,28761,"A005 listed this external reference path, but it is not present in the current workspace; no delete or move was performed."
참고 Context/5. vibe-investing-main/01.Trading Strategy/Luxury investment strategy/luxury_backtest_3strategies.csv,SOURCE_MISSING_RECHECK,MISSING_SOURCE_AT_EXECUTION,,23883,"A005 listed this external reference path, but it is not present in the current workspace; no delete or move was performed."
참고 Context/5. vibe-investing-main/01.Trading Strategy/Luxury investment strategy/luxury_companies_etfs_2026.csv,SOURCE_MISSING_RECHECK,MISSING_SOURCE_AT_EXECUTION,,3656,"A005 listed this external reference path, but it is not present in the current workspace; no delete or move was performed."
참고 Context/5. vibe-investing-main/01.Trading Strategy/Luxury investment strategy/luxury_performance_2020_2026.csv,SOURCE_MISSING_RECHECK,MISSING_SOURCE_AT_EXECUTION,,587,"A005 listed this external reference path, but it is not present in the current workspace; no delete or move was performed."
참고 Context/5. vibe-investing-main/01.Trading Strategy/Luxury investment strategy/luxury_portfolio_by_risk.csv,SOURCE_MISSING_RECHECK,MISSING_SOURCE_AT_EXECUTION,,1463,"A005 listed this external reference path, but it is not present in the current workspace; no delete or move was performed."
참고 Context/5. vibe-investing-main/01.Trading Strategy/Nasdaq short selling strategy/IdeaNote.MD,SOURCE_MISSING_RECHECK,MISSING_SOURCE_AT_EXECUTION,,287,"A005 listed this external reference path, but it is not present in the current workspace; no delete or move was performed."
참고 Context/5. vibe-investing-main/01.Trading Strategy/Readme.MD,SOURCE_MISSING_RECHECK,MISSING_SOURCE_AT_EXECUTION,,3307,"A005 listed this external reference path, but it is not present in the current workspace; no delete or move was performed."
참고 Context/5. vibe-investing-main/01.Trading Strategy/Report Token_Unlock_72h_Shock_Analysis.pdf,SOURCE_MISSING_RECHECK,MISSING_SOURCE_AT_EXECUTION,,532875,"A005 listed this external reference path, but it is not present in the current workspace; no delete or move was performed."
참고 Context/5. vibe-investing-main/01.Trading Strategy/Token unlock 72h shock analysis/IdeaNote.MD,SOURCE_MISSING_RECHECK,MISSING_SOURCE_AT_EXECUTION,,13342,"A005 listed this external reference path, but it is not present in the current workspace; no delete or move was performed."
참고 Context/5. vibe-investing-main/01.Trading Strategy/Token unlock 72h shock analysis/Readme post ssrn.MD,SOURCE_MISSING_RECHECK,MISSING_SOURCE_AT_EXECUTION,,13204,"A005 listed this external reference path, but it is not present in the current workspace; no delete or move was performed."
참고 Context/5. vibe-investing-main/01.Trading Strategy/Token unlock 72h shock analysis/Token unlock 72h shock ssrn v3 1 en.MD,SOURCE_MISSING_RECHECK,MISSING_SOURCE_AT_EXECUTION,,46767,"A005 listed this external reference path, but it is not present in the current workspace; no delete or move was performed."
참고 Context/5. vibe-investing-main/01.Trading Strategy/Token unlock 72h shock analysis/Token unlock 72h shock ssrn v3 1 kr.MD,SOURCE_MISSING_RECHECK,MISSING_SOURCE_AT_EXECUTION,,49737,"A005 listed this external reference path, but it is not present in the current workspace; no delete or move was performed."
참고 Context/5. vibe-investing-main/01.Trading Strategy/Token unlock 72h shock analysis/data/01_binance_token_unlock_events_2023_2025.csv,SOURCE_MISSING_RECHECK,MISSING_SOURCE_AT_EXECUTION,,6747,"A005 listed this external reference path, but it is not present in the current workspace; no delete or move was performed."
참고 Context/5. vibe-investing-main/01.Trading Strategy/Token unlock 72h shock analysis/data/02_hypothesis_verification_summary.csv,SOURCE_MISSING_RECHECK,MISSING_SOURCE_AT_EXECUTION,,1636,"A005 listed this external reference path, but it is not present in the current workspace; no delete or move was performed."
참고 Context/5. vibe-investing-main/01.Trading Strategy/Token unlock 72h shock analysis/data/03_recipient_category_analysis.csv,SOURCE_MISSING_RECHECK,MISSING_SOURCE_AT_EXECUTION,,1035,"A005 listed this external reference path, but it is not present in the current workspace; no delete or move was performed."
참고 Context/5. vibe-investing-main/01.Trading Strategy/Token unlock 72h shock analysis/data/04_btc_relative_performance_matrix.csv,SOURCE_MISSING_RECHECK,MISSING_SOURCE_AT_EXECUTION,,729,"A005 listed this external reference path, but it is not present in the current workspace; no delete or move was performed."
참고 Context/5. vibe-investing-main/01.Trading Strategy/Token unlock 72h shock analysis/data/05_unlock_trading_strategies_backtest.csv,SOURCE_MISSING_RECHECK,MISSING_SOURCE_AT_EXECUTION,,2121,"A005 listed this external reference path, but it is not present in the current workspace; no delete or move was performed."
참고 Context/5. vibe-investing-main/01.Trading Strategy/Token unlock 72h shock analysis/data/06_hourly_prices_events.csv,SOURCE_MISSING_RECHECK,MISSING_SOURCE_AT_EXECUTION,,237941,"A005 listed this external reference path, but it is not present in the current workspace; no delete or move was performed."
참고 Context/5. vibe-investing-main/01.Trading Strategy/Token unlock 72h shock analysis/data/07_top10_index_constituents.csv,SOURCE_MISSING_RECHECK,MISSING_SOURCE_AT_EXECUTION,,6290,"A005 listed this external reference path, but it is not present in the current workspace; no delete or move was performed."
참고 Context/5. vibe-investing-main/01.Trading Strategy/Token unlock 72h shock analysis/data/08_eth_prices_events.csv,SOURCE_MISSING_RECHECK,MISSING_SOURCE_AT_EXECUTION,,3387,"A005 listed this external reference path, but it is not present in the current workspace; no delete or move was performed."
참고 Context/5. vibe-investing-main/01.Trading Strategy/Token unlock 72h shock analysis/data/09_tested_hypotheses_list.csv,SOURCE_MISSING_RECHECK,MISSING_SOURCE_AT_EXECUTION,,3328,"A005 listed this external reference path, but it is not present in the current workspace; no delete or move was performed."
참고 Context/5. vibe-investing-main/01.Trading Strategy/Token unlock 72h shock analysis/data/10_regression_analysis_inputs.csv,SOURCE_MISSING_RECHECK,MISSING_SOURCE_AT_EXECUTION,,4836,"A005 listed this external reference path, but it is not present in the current workspace; no delete or move was performed."
참고 Context/5. vibe-investing-main/01.Trading Strategy/Token unlock 72h shock analysis/data/DATA_DOCUMENTATION.md,SOURCE_MISSING_RECHECK,MISSING_SOURCE_AT_EXECUTION,,10939,"A005 listed this external reference path, but it is not present in the current workspace; no delete or move was performed."
참고 Context/5. vibe-investing-main/01.Trading Strategy/Token unlock 72h shock analysis/data/DATA_SOURCES.md,SOURCE_MISSING_RECHECK,MISSING_SOURCE_AT_EXECUTION,,10047,"A005 listed this external reference path, but it is not present in the current workspace; no delete or move was performed."
참고 Context/5. vibe-investing-main/01.Trading Strategy/Token unlock 72h shock analysis/data/csvfiles.md,SOURCE_MISSING_RECHECK,MISSING_SOURCE_AT_EXECUTION,,336,"A005 listed this external reference path, but it is not present in the current workspace; no delete or move was performed."
참고 Context/5. vibe-investing-main/01.Trading Strategy/Token unlock 72h shock analysis/readme.MD,SOURCE_MISSING_RECHECK,MISSING_SOURCE_AT_EXECUTION,,11005,"A005 listed this external reference path, but it is not present in the current workspace; no delete or move was performed."
참고 Context/5. vibe-investing-main/01.Trading Strategy/Token unlock 72h shock analysis/report_oken unlock 72h shock analysis.MD,SOURCE_MISSING_RECHECK,MISSING_SOURCE_AT_EXECUTION,,26702,"A005 listed this external reference path, but it is not present in the current workspace; no delete or move was performed."
참고 Context/5. vibe-investing-main/01.Trading Strategy/Token unlock 72h shock analysis/src/backtest_10_strategies.py,SOURCE_MISSING_RECHECK,MISSING_SOURCE_AT_EXECUTION,,6804,"A005 listed this external reference path, but it is not present in the current workspace; no delete or move was performed."
참고 Context/5. vibe-investing-main/01.Trading Strategy/Token unlock 72h shock analysis/src/description.md,SOURCE_MISSING_RECHECK,MISSING_SOURCE_AT_EXECUTION,,663,"A005 listed this external reference path, but it is not present in the current workspace; no delete or move was performed."
참고 Context/5. vibe-investing-main/01.Trading Strategy/Token unlock 72h shock analysis/src/reproduce_all_tables.py,SOURCE_MISSING_RECHECK,MISSING_SOURCE_AT_EXECUTION,,5520,"A005 listed this external reference path, but it is not present in the current workspace; no delete or move was performed."
참고 Context/5. vibe-investing-main/01.Trading Strategy/Token unlock 72h shock analysis/src/requirements.txt,SOURCE_MISSING_RECHECK,MISSING_SOURCE_AT_EXECUTION,,422,"A005 listed this external reference path, but it is not present in the current workspace; no delete or move was performed."
참고 Context/5. vibe-investing-main/01.Trading Strategy/Token unlock 72h shock analysis/src/robustness_checks_full.py,SOURCE_MISSING_RECHECK,MISSING_SOURCE_AT_EXECUTION,,7940,"A005 listed this external reference path, but it is not present in the current workspace; no delete or move was performed."
참고 Context/5. vibe-investing-main/01.Trading Strategy/Token unlock 72h shock analysis/src/test_01_primary_binomial.py,SOURCE_MISSING_RECHECK,MISSING_SOURCE_AT_EXECUTION,,3583,"A005 listed this external reference path, but it is not present in the current workspace; no delete or move was performed."
참고 Context/5. vibe-investing-main/01.Trading Strategy/Token unlock 72h shock analysis/src/test_02_bonferroni_adjustment.py,SOURCE_MISSING_RECHECK,MISSING_SOURCE_AT_EXECUTION,,4177,"A005 listed this external reference path, but it is not present in the current workspace; no delete or move was performed."
참고 Context/5. vibe-investing-main/01.Trading Strategy/Token unlock 72h shock analysis/src/test_03_btc_regime_anova.py,SOURCE_MISSING_RECHECK,MISSING_SOURCE_AT_EXECUTION,,4963,"A005 listed this external reference path, but it is not present in the current workspace; no delete or move was performed."
참고 Context/5. vibe-investing-main/01.Trading Strategy/Token unlock 72h shock analysis/src/test_04_recipient_analysis.py,SOURCE_MISSING_RECHECK,MISSING_SOURCE_AT_EXECUTION,,4816,"A005 listed this external reference path, but it is not present in the current workspace; no delete or move was performed."
참고 Context/5. vibe-investing-main/01.Trading Strategy/Token unlock 72h shock analysis/src/test_05_multivariate_regression.py,SOURCE_MISSING_RECHECK,MISSING_SOURCE_AT_EXECUTION,,6024,"A005 listed this external reference path, but it is not present in the current workspace; no delete or move was performed."
참고 Context/5. vibe-investing-main/01.Trading Strategy/Token unlock 72h shock analysis/src/unl10_strategy_backtest.py,SOURCE_MISSING_RECHECK,MISSING_SOURCE_AT_EXECUTION,,7523,"A005 listed this external reference path, but it is not present in the current workspace; no delete or move was performed."
참고 Context/5. vibe-investing-main/01.Trading Strategy/Token unlock 72h shock analysis/src/unlock_counter_trading_bot.py,SOURCE_MISSING_RECHECK,MISSING_SOURCE_AT_EXECUTION,,18948,"A005 listed this external reference path, but it is not present in the current workspace; no delete or move was performed."
참고 Context/5. vibe-investing-main/01.Trading Strategy/Token unlock 72h shock analysis/src/unlock_impact_analyzer.py,SOURCE_MISSING_RECHECK,MISSING_SOURCE_AT_EXECUTION,,18610,"A005 listed this external reference path, but it is not present in the current workspace; no delete or move was performed."
참고 Context/5. vibe-investing-main/01.Trading Strategy/Trading strategy that devours Binance Alpha MM bots/01_binance_alpha_tokens_research.csv,SOURCE_MISSING_RECHECK,MISSING_SOURCE_AT_EXECUTION,,2751,"A005 listed this external reference path, but it is not present in the current workspace; no delete or move was performed."
참고 Context/5. vibe-investing-main/01.Trading Strategy/Trading strategy that devours Binance Alpha MM bots/02_holder_growth_patterns.csv,SOURCE_MISSING_RECHECK,MISSING_SOURCE_AT_EXECUTION,,1839,"A005 listed this external reference path, but it is not present in the current workspace; no delete or move was performed."
참고 Context/5. vibe-investing-main/01.Trading Strategy/Trading strategy that devours Binance Alpha MM bots/03_btc_correlation_matrix.csv,SOURCE_MISSING_RECHECK,MISSING_SOURCE_AT_EXECUTION,,1764,"A005 listed this external reference path, but it is not present in the current workspace; no delete or move was performed."
참고 Context/5. vibe-investing-main/01.Trading Strategy/Trading strategy that devours Binance Alpha MM bots/04_mm_bot_phase_scenarios.csv,SOURCE_MISSING_RECHECK,MISSING_SOURCE_AT_EXECUTION,,1402,"A005 listed this external reference path, but it is not present in the current workspace; no delete or move was performed."
참고 Context/5. vibe-investing-main/01.Trading Strategy/Trading strategy that devours Binance Alpha MM bots/05_mm_counter_strategies_backtest.csv,SOURCE_MISSING_RECHECK,MISSING_SOURCE_AT_EXECUTION,,2138,"A005 listed this external reference path, but it is not present in the current workspace; no delete or move was performed."
참고 Context/5. vibe-investing-main/01.Trading Strategy/Trading strategy that devours Binance Alpha MM bots/Binance alpha mm bot analysis.MD,SOURCE_MISSING_RECHECK,MISSING_SOURCE_AT_EXECUTION,,26839,"A005 listed this external reference path, but it is not present in the current workspace; no delete or move was performed."
참고 Context/5. vibe-investing-main/01.Trading Strategy/Trading strategy that devours Binance Alpha MM bots/IdeaNote.MD,SOURCE_MISSING_RECHECK,MISSING_SOURCE_AT_EXECUTION,,11887,"A005 listed this external reference path, but it is not present in the current workspace; no delete or move was performed."
참고 Context/5. vibe-investing-main/01.Trading Strategy/Trading strategy that devours Binance Alpha MM bots/src/binance_alpha_research.py,SOURCE_MISSING_RECHECK,MISSING_SOURCE_AT_EXECUTION,,18163,"A005 listed this external reference path, but it is not present in the current workspace; no delete or move was performed."
참고 Context/5. vibe-investing-main/01.Trading Strategy/Trading strategy that devours Binance Alpha MM bots/src/description.md,SOURCE_MISSING_RECHECK,MISSING_SOURCE_AT_EXECUTION,,1,"A005 listed this external reference path, but it is not present in the current workspace; no delete or move was performed."
참고 Context/5. vibe-investing-main/01.Trading Strategy/Trading strategy that devours Binance Alpha MM bots/src/mm_counter_trading_bot.py,SOURCE_MISSING_RECHECK,MISSING_SOURCE_AT_EXECUTION,,16637,"A005 listed this external reference path, but it is not present in the current workspace; no delete or move was performed."
참고 Context/5. vibe-investing-main/02.Investment Idea Column/BNBChain/BNB Echo System Idea Note.MD,SOURCE_MISSING_RECHECK,MISSING_SOURCE_AT_EXECUTION,,22741,"A005 listed this external reference path, but it is not present in the current workspace; no delete or move was performed."
참고 Context/5. vibe-investing-main/02.Investment Idea Column/BNBChain/CHANGELOG.md,SOURCE_MISSING_RECHECK,MISSING_SOURCE_AT_EXECUTION,,4573,"A005 listed this external reference path, but it is not present in the current workspace; no delete or move was performed."
참고 Context/5. vibe-investing-main/02.Investment Idea Column/BNBChain/CITATION.cff,SOURCE_MISSING_RECHECK,MISSING_SOURCE_AT_EXECUTION,,3240,"A005 listed this external reference path, but it is not present in the current workspace; no delete or move was performed."
참고 Context/5. vibe-investing-main/02.Investment Idea Column/BNBChain/LICENSE,SOURCE_MISSING_RECHECK,MISSING_SOURCE_AT_EXECUTION,,4626,"A005 listed this external reference path, but it is not present in the current workspace; no delete or move was performed."
참고 Context/5. vibe-investing-main/02.Investment Idea Column/BNBChain/README_CN.md,SOURCE_MISSING_RECHECK,MISSING_SOURCE_AT_EXECUTION,,8602,"A005 listed this external reference path, but it is not present in the current workspace; no delete or move was performed."
참고 Context/5. vibe-investing-main/02.Investment Idea Column/BNBChain/README_JP.md,SOURCE_MISSING_RECHECK,MISSING_SOURCE_AT_EXECUTION,,10238,"A005 listed this external reference path, but it is not present in the current workspace; no delete or move was performed."
참고 Context/5. vibe-investing-main/02.Investment Idea Column/BNBChain/README_KR.md,SOURCE_MISSING_RECHECK,MISSING_SOURCE_AT_EXECUTION,,9671,"A005 listed this external reference path, but it is not present in the current workspace; no delete or move was performed."
참고 Context/5. vibe-investing-main/02.Investment Idea Column/BNBChain/data/bnb_chain_metrics.csv,SOURCE_MISSING_RECHECK,MISSING_SOURCE_AT_EXECUTION,,722,"A005 listed this external reference path, but it is not present in the current workspace; no delete or move was performed."
참고 Context/5. vibe-investing-main/02.Investment Idea Column/BNBChain/data/btc_eth_bnb_quarterly.csv,SOURCE_MISSING_RECHECK,MISSING_SOURCE_AT_EXECUTION,,1221,"A005 listed this external reference path, but it is not present in the current workspace; no delete or move was performed."
참고 Context/5. vibe-investing-main/02.Investment Idea Column/BNBChain/data/correlation_matrix.csv,SOURCE_MISSING_RECHECK,MISSING_SOURCE_AT_EXECUTION,,1622,"A005 listed this external reference path, but it is not present in the current workspace; no delete or move was performed."
참고 Context/5. vibe-investing-main/02.Investment Idea Column/BNBChain/data/description.md,SOURCE_MISSING_RECHECK,MISSING_SOURCE_AT_EXECUTION,,9,"A005 listed this external reference path, but it is not present in the current workspace; no delete or move was performed."
참고 Context/5. vibe-investing-main/02.Investment Idea Column/BNBChain/data/listed_tokens.csv,SOURCE_MISSING_RECHECK,MISSING_SOURCE_AT_EXECUTION,,3441,"A005 listed this external reference path, but it is not present in the current workspace; no delete or move was performed."
참고 Context/5. vibe-investing-main/02.Investment Idea Column/BNBChain/docs/CHANGELOG.md,SOURCE_MISSING_RECHECK,MISSING_SOURCE_AT_EXECUTION,,4573,"A005 listed this external reference path, but it is not present in the current workspace; no delete or move was performed."
참고 Context/5. vibe-investing-main/02.Investment Idea Column/BNBChain/docs/data_dictionary.md,SOURCE_MISSING_RECHECK,MISSING_SOURCE_AT_EXECUTION,,6265,"A005 listed this external reference path, but it is not present in the current workspace; no delete or move was performed."
참고 Context/5. vibe-investing-main/02.Investment Idea Column/BNBChain/docs/descsiption.md,SOURCE_MISSING_RECHECK,MISSING_SOURCE_AT_EXECUTION,,40,"A005 listed this external reference path, but it is not present in the current workspace; no delete or move was performed."
참고 Context/5. vibe-investing-main/02.Investment Idea Column/BNBChain/docs/figures_guide.md,SOURCE_MISSING_RECHECK,MISSING_SOURCE_AT_EXECUTION,,9866,"A005 listed this external reference path, but it is not present in the current workspace; no delete or move was performed."
참고 Context/5. vibe-investing-main/02.Investment Idea Column/BNBChain/figures/Chart1_ForestPlot.pdf,SOURCE_MISSING_RECHECK,MISSING_SOURCE_AT_EXECUTION,,47861,"A005 listed this external reference path, but it is not present in the current workspace; no delete or move was performed."
참고 Context/5. vibe-investing-main/02.Investment Idea Column/BNBChain/figures/Chart1_ForestPlot.png,SOURCE_MISSING_RECHECK,MISSING_SOURCE_AT_EXECUTION,,199428,"A005 listed this external reference path, but it is not present in the current workspace; no delete or move was performed."
참고 Context/5. vibe-investing-main/02.Investment Idea Column/BNBChain/figures/Chart2_Decoupling.pdf,SOURCE_MISSING_RECHECK,MISSING_SOURCE_AT_EXECUTION,,49615,"A005 listed this external reference path, but it is not present in the current workspace; no delete or move was performed."
참고 Context/5. vibe-investing-main/02.Investment Idea Column/BNBChain/figures/Chart2_Decoupling.png,SOURCE_MISSING_RECHECK,MISSING_SOURCE_AT_EXECUTION,,279139,"A005 listed this external reference path, but it is not present in the current workspace; no delete or move was performed."
참고 Context/5. vibe-investing-main/02.Investment Idea Column/BNBChain/figures/Chart3_ThreeActor.pdf,SOURCE_MISSING_RECHECK,MISSING_SOURCE_AT_EXECUTION,,57825,"A005 listed this external reference path, but it is not present in the current workspace; no delete or move was performed."
참고 Context/5. vibe-investing-main/02.Investment Idea Column/BNBChain/figures/Chart3_ThreeActor.png,SOURCE_MISSING_RECHECK,MISSING_SOURCE_AT_EXECUTION,,370414,"A005 listed this external reference path, but it is not present in the current workspace; no delete or move was performed."
참고 Context/5. vibe-investing-main/02.Investment Idea Column/BNBChain/figures/Chart4_HYPE_Counterfactual.pdf,SOURCE_MISSING_RECHECK,MISSING_SOURCE_AT_EXECUTION,,55936,"A005 listed this external reference path, but it is not present in the current workspace; no delete or move was performed."
참고 Context/5. vibe-investing-main/02.Investment Idea Column/BNBChain/figures/Chart4_HYPE_Counterfactual.png,SOURCE_MISSING_RECHECK,MISSING_SOURCE_AT_EXECUTION,,300023,"A005 listed this external reference path, but it is not present in the current workspace; no delete or move was performed."
참고 Context/5. vibe-investing-main/02.Investment Idea Column/BNBChain/figures/Chart5_BreakEvenRegion.pdf,SOURCE_MISSING_RECHECK,MISSING_SOURCE_AT_EXECUTION,,99136,"A005 listed this external reference path, but it is not present in the current workspace; no delete or move was performed."
참고 Context/5. vibe-investing-main/02.Investment Idea Column/BNBChain/figures/Chart5_BreakEvenRegion.png,SOURCE_MISSING_RECHECK,MISSING_SOURCE_AT_EXECUTION,,377070,"A005 listed this external reference path, but it is not present in the current workspace; no delete or move was performed."
참고 Context/5. vibe-investing-main/02.Investment Idea Column/BNBChain/figures/Diagram1_Causal_Chain.pdf,SOURCE_MISSING_RECHECK,MISSING_SOURCE_AT_EXECUTION,,55843,"A005 listed this external reference path, but it is not present in the current workspace; no delete or move was performed."
참고 Context/5. vibe-investing-main/02.Investment Idea Column/BNBChain/figures/Diagram1_Causal_Chain.png,SOURCE_MISSING_RECHECK,MISSING_SOURCE_AT_EXECUTION,,315729,"A005 listed this external reference path, but it is not present in the current workspace; no delete or move was performed."
참고 Context/5. vibe-investing-main/02.Investment Idea Column/BNBChain/figures/Diagram2_DecouplingDomains.pdf,SOURCE_MISSING_RECHECK,MISSING_SOURCE_AT_EXECUTION,,45781,"A005 listed this external reference path, but it is not present in the current workspace; no delete or move was performed."
참고 Context/5. vibe-investing-main/02.Investment Idea Column/BNBChain/figures/Diagram2_DecouplingDomains.png,SOURCE_MISSING_RECHECK,MISSING_SOURCE_AT_EXECUTION,,280562,"A005 listed this external reference path, but it is not present in the current workspace; no delete or move was performed."
참고 Context/5. vibe-investing-main/02.Investment Idea Column/BNBChain/figures/description.md,SOURCE_MISSING_RECHECK,MISSING_SOURCE_AT_EXECUTION,,21,"A005 listed this external reference path, but it is not present in the current workspace; no delete or move was performed."
참고 Context/5. vibe-investing-main/02.Investment Idea Column/BNBChain/paper/Distribution_Asymmetry_CEX_Airdrops.md,SOURCE_MISSING_RECHECK,MISSING_SOURCE_AT_EXECUTION,,112769,"A005 listed this external reference path, but it is not present in the current workspace; no delete or move was performed."
참고 Context/5. vibe-investing-main/02.Investment Idea Column/BNBChain/paper/Distribution_Asymmetry_CEX_Airdrops_with_figures.pdf,SOURCE_MISSING_RECHECK,MISSING_SOURCE_AT_EXECUTION,,2252544,"A005 listed this external reference path, but it is not present in the current workspace; no delete or move was performed."
참고 Context/5. vibe-investing-main/02.Investment Idea Column/BNBChain/paper/description.md,SOURCE_MISSING_RECHECK,MISSING_SOURCE_AT_EXECUTION,,35,"A005 listed this external reference path, but it is not present in the current workspace; no delete or move was performed."
참고 Context/5. vibe-investing-main/02.Investment Idea Column/BNBChain/readme.md,SOURCE_MISSING_RECHECK,MISSING_SOURCE_AT_EXECUTION,,11516,"A005 listed this external reference path, but it is not present in the current workspace; no delete or move was performed."
참고 Context/5. vibe-investing-main/02.Investment Idea Column/BNBChain/requirements.txt,SOURCE_MISSING_RECHECK,MISSING_SOURCE_AT_EXECUTION,,353,"A005 listed this external reference path, but it is not present in the current workspace; no delete or move was performed."
참고 Context/5. vibe-investing-main/02.Investment Idea Column/BNBChain/result/correlation_results.txt,SOURCE_MISSING_RECHECK,MISSING_SOURCE_AT_EXECUTION,,4015,"A005 listed this external reference path, but it is not present in the current workspace; no delete or move was performed."
참고 Context/5. vibe-investing-main/02.Investment Idea Column/BNBChain/result/integrated_v10_results.txt,SOURCE_MISSING_RECHECK,MISSING_SOURCE_AT_EXECUTION,,3771,"A005 listed this external reference path, but it is not present in the current workspace; no delete or move was performed."
참고 Context/5. vibe-investing-main/02.Investment Idea Column/BNBChain/result/pair_trading_backtest_results.txt,SOURCE_MISSING_RECHECK,MISSING_SOURCE_AT_EXECUTION,,2877,"A005 listed this external reference path, but it is not present in the current workspace; no delete or move was performed."
참고 Context/5. vibe-investing-main/02.Investment Idea Column/BNBChain/result/result.md,SOURCE_MISSING_RECHECK,MISSING_SOURCE_AT_EXECUTION,,12,"A005 listed this external reference path, but it is not present in the current workspace; no delete or move was performed."
참고 Context/5. vibe-investing-main/02.Investment Idea Column/BNBChain/result/robustness_results.txt,SOURCE_MISSING_RECHECK,MISSING_SOURCE_AT_EXECUTION,,5588,"A005 listed this external reference path, but it is not present in the current workspace; no delete or move was performed."
참고 Context/5. vibe-investing-main/02.Investment Idea Column/BNBChain/script/correlation_analysis.py,SOURCE_MISSING_RECHECK,MISSING_SOURCE_AT_EXECUTION,,7937,"A005 listed this external reference path, but it is not present in the current workspace; no delete or move was performed."
참고 Context/5. vibe-investing-main/02.Investment Idea Column/BNBChain/script/description.md,SOURCE_MISSING_RECHECK,MISSING_SOURCE_AT_EXECUTION,,14,"A005 listed this external reference path, but it is not present in the current workspace; no delete or move was performed."
참고 Context/5. vibe-investing-main/02.Investment Idea Column/BNBChain/script/generate_figure1_causal_chain.py,SOURCE_MISSING_RECHECK,MISSING_SOURCE_AT_EXECUTION,,4505,"A005 listed this external reference path, but it is not present in the current workspace; no delete or move was performed."
참고 Context/5. vibe-investing-main/02.Investment Idea Column/BNBChain/script/generate_figure2_forest_plot.py,SOURCE_MISSING_RECHECK,MISSING_SOURCE_AT_EXECUTION,,3899,"A005 listed this external reference path, but it is not present in the current workspace; no delete or move was performed."
참고 Context/5. vibe-investing-main/02.Investment Idea Column/BNBChain/script/generate_figure3_breakeven_region.py,SOURCE_MISSING_RECHECK,MISSING_SOURCE_AT_EXECUTION,,5056,"A005 listed this external reference path, but it is not present in the current workspace; no delete or move was performed."
참고 Context/5. vibe-investing-main/02.Investment Idea Column/BNBChain/script/generate_figure4_hype_counterfactual.py,SOURCE_MISSING_RECHECK,MISSING_SOURCE_AT_EXECUTION,,4626,"A005 listed this external reference path, but it is not present in the current workspace; no delete or move was performed."
참고 Context/5. vibe-investing-main/02.Investment Idea Column/BNBChain/script/generate_figure5_decoupling.py,SOURCE_MISSING_RECHECK,MISSING_SOURCE_AT_EXECUTION,,4085,"A005 listed this external reference path, but it is not present in the current workspace; no delete or move was performed."
참고 Context/5. vibe-investing-main/02.Investment Idea Column/BNBChain/script/generate_figure6_decoupling_domains.py,SOURCE_MISSING_RECHECK,MISSING_SOURCE_AT_EXECUTION,,5254,"A005 listed this external reference path, but it is not present in the current workspace; no delete or move was performed."
참고 Context/5. vibe-investing-main/02.Investment Idea Column/BNBChain/script/generate_figure7_three_actor.py,SOURCE_MISSING_RECHECK,MISSING_SOURCE_AT_EXECUTION,,5482,"A005 listed this external reference path, but it is not present in the current workspace; no delete or move was performed."
참고 Context/5. vibe-investing-main/02.Investment Idea Column/BNBChain/script/integrated_analysis_v10.py,SOURCE_MISSING_RECHECK,MISSING_SOURCE_AT_EXECUTION,,11272,"A005 listed this external reference path, but it is not present in the current workspace; no delete or move was performed."
참고 Context/5. vibe-investing-main/02.Investment Idea Column/BNBChain/script/pair_trading_backtest.py,SOURCE_MISSING_RECHECK,MISSING_SOURCE_AT_EXECUTION,,14557,"A005 listed this external reference path, but it is not present in the current workspace; no delete or move was performed."
참고 Context/5. vibe-investing-main/02.Investment Idea Column/BNBChain/script/robustness_analysis.py,SOURCE_MISSING_RECHECK,MISSING_SOURCE_AT_EXECUTION,,8309,"A005 listed this external reference path, but it is not present in the current workspace; no delete or move was performed."
참고 Context/5. vibe-investing-main/02.Investment Idea Column/BNB_ETH Relationship/figure1_rolling_beta.png,SOURCE_MISSING_RECHECK,MISSING_SOURCE_AT_EXECUTION,,213765,"A005 listed this external reference path, but it is not present in the current workspace; no delete or move was performed."
참고 Context/5. vibe-investing-main/02.Investment Idea Column/BNB_ETH Relationship/paper.pdf,SOURCE_MISSING_RECHECK,MISSING_SOURCE_AT_EXECUTION,,486608,"A005 listed this external reference path, but it is not present in the current workspace; no delete or move was performed."
참고 Context/5. vibe-investing-main/02.Investment Idea Column/BNB_ETH Relationship/paper.tex,SOURCE_MISSING_RECHECK,MISSING_SOURCE_AT_EXECUTION,,84221,"A005 listed this external reference path, but it is not present in the current workspace; no delete or move was performed."
참고 Context/5. vibe-investing-main/02.Investment Idea Column/BNB_ETH Relationship/readme.md,SOURCE_MISSING_RECHECK,MISSING_SOURCE_AT_EXECUTION,,44647,"A005 listed this external reference path, but it is not present in the current workspace; no delete or move was performed."
참고 Context/5. vibe-investing-main/02.Investment Idea Column/BNB_ETH Relationship/v9_2_supplementary.json,SOURCE_MISSING_RECHECK,MISSING_SOURCE_AT_EXECUTION,,6289,"A005 listed this external reference path, but it is not present in the current workspace; no delete or move was performed."
참고 Context/5. vibe-investing-main/02.Investment Idea Column/Claude code column/Claude code column ko.MD,SOURCE_MISSING_RECHECK,MISSING_SOURCE_AT_EXECUTION,,7063,"A005 listed this external reference path, but it is not present in the current workspace; no delete or move was performed."
참고 Context/5. vibe-investing-main/02.Investment Idea Column/DeFi/Defi alternative finance column kr.MD,SOURCE_MISSING_RECHECK,MISSING_SOURCE_AT_EXECUTION,,24231,"A005 listed this external reference path, but it is not present in the current workspace; no delete or move was performed."
참고 Context/5. vibe-investing-main/02.Investment Idea Column/DeepSeek V4/DeepSeek V4 preview report.md,SOURCE_MISSING_RECHECK,MISSING_SOURCE_AT_EXECUTION,,12888,"A005 listed this external reference path, but it is not present in the current workspace; no delete or move was performed."
참고 Context/5. vibe-investing-main/02.Investment Idea Column/DeepSeek V4/Readme.MD,SOURCE_MISSING_RECHECK,MISSING_SOURCE_AT_EXECUTION,,5568,"A005 listed this external reference path, but it is not present in the current workspace; no delete or move was performed."
참고 Context/5. vibe-investing-main/02.Investment Idea Column/DeepSeek V4/deepseek_column_en.md,SOURCE_MISSING_RECHECK,MISSING_SOURCE_AT_EXECUTION,,26215,"A005 listed this external reference path, but it is not present in the current workspace; no delete or move was performed."
참고 Context/5. vibe-investing-main/02.Investment Idea Column/DeepSeek V4/deepseek_column_en.pdf,SOURCE_MISSING_RECHECK,MISSING_SOURCE_AT_EXECUTION,,138298,"A005 listed this external reference path, but it is not present in the current workspace; no delete or move was performed."
참고 Context/5. vibe-investing-main/02.Investment Idea Column/DeepSeek V4/deepseek_column_ko.md,SOURCE_MISSING_RECHECK,MISSING_SOURCE_AT_EXECUTION,,27505,"A005 listed this external reference path, but it is not present in the current workspace; no delete or move was performed."
참고 Context/5. vibe-investing-main/02.Investment Idea Column/DeepSeek V4/deepseek_column_ko.pdf,SOURCE_MISSING_RECHECK,MISSING_SOURCE_AT_EXECUTION,,448967,"A005 listed this external reference path, but it is not present in the current workspace; no delete or move was performed."
참고 Context/5. vibe-investing-main/02.Investment Idea Column/DeepSeek V4/deepseek_column_zh.md,SOURCE_MISSING_RECHECK,MISSING_SOURCE_AT_EXECUTION,,22806,"A005 listed this external reference path, but it is not present in the current workspace; no delete or move was performed."
참고 Context/5. vibe-investing-main/02.Investment Idea Column/IdeaNote.MD,SOURCE_MISSING_RECHECK,MISSING_SOURCE_AT_EXECUTION,,52,"A005 listed this external reference path, but it is not present in the current workspace; no delete or move was performed."
참고 Context/5. vibe-investing-main/02.Investment Idea Column/Insider trading/Insider trading column.MD,SOURCE_MISSING_RECHECK,MISSING_SOURCE_AT_EXECUTION,,33153,"A005 listed this external reference path, but it is not present in the current workspace; no delete or move was performed."
참고 Context/5. vibe-investing-main/02.Investment Idea Column/Insider trading/Iran_Insider_Trading_Forensics.pdf,SOURCE_MISSING_RECHECK,MISSING_SOURCE_AT_EXECUTION,,496139,"A005 listed this external reference path, but it is not present in the current workspace; no delete or move was performed."
참고 Context/5. vibe-investing-main/02.Investment Idea Column/Insider trading/Iran_Insider_Trading_Forensics_EN.md,SOURCE_MISSING_RECHECK,MISSING_SOURCE_AT_EXECUTION,,34444,"A005 listed this external reference path, but it is not present in the current workspace; no delete or move was performed."
참고 Context/5. vibe-investing-main/02.Investment Idea Column/Insider trading/Iran_Insider_Trading_Forensics_EN.pdf,SOURCE_MISSING_RECHECK,MISSING_SOURCE_AT_EXECUTION,,479005,"A005 listed this external reference path, but it is not present in the current workspace; no delete or move was performed."
참고 Context/5. vibe-investing-main/02.Investment Idea Column/Insider trading/multi_market_sync_events.csv,SOURCE_MISSING_RECHECK,MISSING_SOURCE_AT_EXECUTION,,1182,"A005 listed this external reference path, but it is not present in the current workspace; no delete or move was performed."
참고 Context/5. vibe-investing-main/02.Investment Idea Column/Insider trading/polymarket_suspicious_cases.csv,SOURCE_MISSING_RECHECK,MISSING_SOURCE_AT_EXECUTION,,2207,"A005 listed this external reference path, but it is not present in the current workspace; no delete or move was performed."
참고 Context/5. vibe-investing-main/02.Investment Idea Column/Insider trading/wallet_timing_analysis.csv,SOURCE_MISSING_RECHECK,MISSING_SOURCE_AT_EXECUTION,,1038,"A005 listed this external reference path, but it is not present in the current workspace; no delete or move was performed."
참고 Context/5. vibe-investing-main/02.Investment Idea Column/Intel AI New Normal/Intel intc ai newnormal column kr.MD,SOURCE_MISSING_RECHECK,MISSING_SOURCE_AT_EXECUTION,,12784,"A005 listed this external reference path, but it is not present in the current workspace; no delete or move was performed."
참고 Context/5. vibe-investing-main/02.Investment Idea Column/Korea Discount/Korean chaebol column.MD,SOURCE_MISSING_RECHECK,MISSING_SOURCE_AT_EXECUTION,,29144,"A005 listed this external reference path, but it is not present in the current workspace; no delete or move was performed."
참고 Context/5. vibe-investing-main/02.Investment Idea Column/Korea Discount/Self critique/Self critique.MD,SOURCE_MISSING_RECHECK,MISSING_SOURCE_AT_EXECUTION,,9153,"A005 listed this external reference path, but it is not present in the current workspace; no delete or move was performed."
참고 Context/5. vibe-investing-main/02.Investment Idea Column/Medbridge ai business plan/Medbridge ai business plan ko.MD,SOURCE_MISSING_RECHECK,MISSING_SOURCE_AT_EXECUTION,,23662,"A005 listed this external reference path, but it is not present in the current workspace; no delete or move was performed."
참고 Context/5. vibe-investing-main/02.Investment Idea Column/Model vs reality column/Model vs reality column EN.MD,SOURCE_MISSING_RECHECK,MISSING_SOURCE_AT_EXECUTION,,28710,"A005 listed this external reference path, but it is not present in the current workspace; no delete or move was performed."
참고 Context/5. vibe-investing-main/02.Investment Idea Column/Model vs reality column/Model vs reality column.MD,SOURCE_MISSING_RECHECK,MISSING_SOURCE_AT_EXECUTION,,29803,"A005 listed this external reference path, but it is not present in the current workspace; no delete or move was performed."
참고 Context/5. vibe-investing-main/02.Investment Idea Column/Model vs reality column/Model_vs_Reality_Column.pdf,SOURCE_MISSING_RECHECK,MISSING_SOURCE_AT_EXECUTION,,597696,"A005 listed this external reference path, but it is not present in the current workspace; no delete or move was performed."
참고 Context/5. vibe-investing-main/02.Investment Idea Column/Readme.MD,SOURCE_MISSING_RECHECK,MISSING_SOURCE_AT_EXECUTION,,4723,"A005 listed this external reference path, but it is not present in the current workspace; no delete or move was performed."
참고 Context/5. vibe-investing-main/02.Investment Idea Column/Special situations investing/Special situations investing column CN.MD,SOURCE_MISSING_RECHECK,MISSING_SOURCE_AT_EXECUTION,,27628,"A005 listed this external reference path, but it is not present in the current workspace; no delete or move was performed."
참고 Context/5. vibe-investing-main/02.Investment Idea Column/Special situations investing/Special situations investing column EN.MD,SOURCE_MISSING_RECHECK,MISSING_SOURCE_AT_EXECUTION,,31671,"A005 listed this external reference path, but it is not present in the current workspace; no delete or move was performed."
참고 Context/5. vibe-investing-main/02.Investment Idea Column/Special situations investing/Special situations investing column kr.MD,SOURCE_MISSING_RECHECK,MISSING_SOURCE_AT_EXECUTION,,32550,"A005 listed this external reference path, but it is not present in the current workspace; no delete or move was performed."
참고 Context/5. vibe-investing-main/02.Investment Idea Column/Special situations investing/Special_Situations_Investing_Column_KR.pdf,SOURCE_MISSING_RECHECK,MISSING_SOURCE_AT_EXECUTION,,457160,"A005 listed this external reference path, but it is not present in the current workspace; no delete or move was performed."
참고 Context/5. vibe-investing-main/02.Investment Idea Column/Special situations investing/readme.md,SOURCE_MISSING_RECHECK,MISSING_SOURCE_AT_EXECUTION,,16403,"A005 listed this external reference path, but it is not present in the current workspace; no delete or move was performed."
참고 Context/5. vibe-investing-main/02.Investment Idea Column/Toss 2x long etf research report/Toss 2x long etf research report kr.md,SOURCE_MISSING_RECHECK,MISSING_SOURCE_AT_EXECUTION,,19980,"A005 listed this external reference path, but it is not present in the current workspace; no delete or move was performed."
참고 Context/5. vibe-investing-main/AWESOME.md,SOURCE_MISSING_RECHECK,MISSING_SOURCE_AT_EXECUTION,,4368,"A005 listed this external reference path, but it is not present in the current workspace; no delete or move was performed."
참고 Context/5. vibe-investing-main/AfterMarketClose/After_Market_Close_Column.md,SOURCE_MISSING_RECHECK,MISSING_SOURCE_AT_EXECUTION,,25030,"A005 listed this external reference path, but it is not present in the current workspace; no delete or move was performed."
참고 Context/5. vibe-investing-main/AfterMarketClose/disclosure_timing_cases.csv,SOURCE_MISSING_RECHECK,MISSING_SOURCE_AT_EXECUTION,,6047,"A005 listed this external reference path, but it is not present in the current workspace; no delete or move was performed."
참고 Context/5. vibe-investing-main/AfterMarketClose/key_Iea_readme.md,SOURCE_MISSING_RECHECK,MISSING_SOURCE_AT_EXECUTION,,1001,"A005 listed this external reference path, but it is not present in the current workspace; no delete or move was performed."
참고 Context/5. vibe-investing-main/Awesome AI Quant Prompt github repos evaluation kr.MD,SOURCE_MISSING_RECHECK,MISSING_SOURCE_AT_EXECUTION,,18333,"A005 listed this external reference path, but it is not present in the current workspace; no delete or move was performed."
참고 Context/5. vibe-investing-main/Awesome Vibe Trading Bot.MD,SOURCE_MISSING_RECHECK,MISSING_SOURCE_AT_EXECUTION,,29893,"A005 listed this external reference path, but it is not present in the current workspace; no delete or move was performed."
참고 Context/5. vibe-investing-main/Awesome vibe invest crypto.MD,SOURCE_MISSING_RECHECK,MISSING_SOURCE_AT_EXECUTION,,34546,"A005 listed this external reference path, but it is not present in the current workspace; no delete or move was performed."
참고 Context/5. vibe-investing-main/Awesome vibe invest.MD,SOURCE_MISSING_RECHECK,MISSING_SOURCE_AT_EXECUTION,,33227,"A005 listed this external reference path, but it is not present in the current workspace; no delete or move was performed."
참고 Context/5. vibe-investing-main/Crypto perp manipulation column.MD,SOURCE_MISSING_RECHECK,MISSING_SOURCE_AT_EXECUTION,,28518,"A005 listed this external reference path, but it is not present in the current workspace; no delete or move was performed."
참고 Context/5. vibe-investing-main/Harness quant v2 readme .MD,SOURCE_MISSING_RECHECK,MISSING_SOURCE_AT_EXECUTION,,8161,"A005 listed this external reference path, but it is not present in the current workspace; no delete or move was performed."
참고 Context/5. vibe-investing-main/Harness quantv2/Earnings momentum agent readme .MD,SOURCE_MISSING_RECHECK,MISSING_SOURCE_AT_EXECUTION,,11585,"A005 listed this external reference path, but it is not present in the current workspace; no delete or move was performed."
참고 Context/5. vibe-investing-main/Harness quantv2/backtest/engine.py,SOURCE_MISSING_RECHECK,MISSING_SOURCE_AT_EXECUTION,,21307,"A005 listed this external reference path, but it is not present in the current workspace; no delete or move was performed."
참고 Context/5. vibe-investing-main/Harness quantv2/common/data.py,SOURCE_MISSING_RECHECK,MISSING_SOURCE_AT_EXECUTION,,21038,"A005 listed this external reference path, but it is not present in the current workspace; no delete or move was performed."
참고 Context/5. vibe-investing-main/Harness quantv2/common/llm.py,SOURCE_MISSING_RECHECK,MISSING_SOURCE_AT_EXECUTION,,7969,"A005 listed this external reference path, but it is not present in the current workspace; no delete or move was performed."
참고 Context/5. vibe-investing-main/Harness quantv2/common/readme.md,SOURCE_MISSING_RECHECK,MISSING_SOURCE_AT_EXECUTION,,248,"A005 listed this external reference path, but it is not present in the current workspace; no delete or move was performed."
참고 Context/5. vibe-investing-main/Harness quantv2/common/tools.py,SOURCE_MISSING_RECHECK,MISSING_SOURCE_AT_EXECUTION,,4406,"A005 listed this external reference path, but it is not present in the current workspace; no delete or move was performed."
참고 Context/5. vibe-investing-main/Harness quantv2/orchestrator/readme.md,SOURCE_MISSING_RECHECK,MISSING_SOURCE_AT_EXECUTION,,9,"A005 listed this external reference path, but it is not present in the current workspace; no delete or move was performed."
참고 Context/5. vibe-investing-main/Harness quantv2/orchestrator/run_all.py,SOURCE_MISSING_RECHECK,MISSING_SOURCE_AT_EXECUTION,,1954,"A005 listed this external reference path, but it is not present in the current workspace; no delete or move was performed."
참고 Context/5. vibe-investing-main/Harness quantv2/output/backtest_log_24months.csv,SOURCE_MISSING_RECHECK,MISSING_SOURCE_AT_EXECUTION,,161440,"A005 listed this external reference path, but it is not present in the current workspace; no delete or move was performed."
참고 Context/5. vibe-investing-main/Harness quantv2/output/log.md,SOURCE_MISSING_RECHECK,MISSING_SOURCE_AT_EXECUTION,,59,"A005 listed this external reference path, but it is not present in the current workspace; no delete or move was performed."
참고 Context/5. vibe-investing-main/Harness quantv2/script/01_universe_scanner.py,SOURCE_MISSING_RECHECK,MISSING_SOURCE_AT_EXECUTION,,2204,"A005 listed this external reference path, but it is not present in the current workspace; no delete or move was performed."
참고 Context/5. vibe-investing-main/Harness quantv2/script/02_fundamental_filter.py,SOURCE_MISSING_RECHECK,MISSING_SOURCE_AT_EXECUTION,,2576,"A005 listed this external reference path, but it is not present in the current workspace; no delete or move was performed."
참고 Context/5. vibe-investing-main/Harness quantv2/script/03_technical_filter.py,SOURCE_MISSING_RECHECK,MISSING_SOURCE_AT_EXECUTION,,2752,"A005 listed this external reference path, but it is not present in the current workspace; no delete or move was performed."
참고 Context/5. vibe-investing-main/Harness quantv2/script/04_sentiment_engine.py,SOURCE_MISSING_RECHECK,MISSING_SOURCE_AT_EXECUTION,,4023,"A005 listed this external reference path, but it is not present in the current workspace; no delete or move was performed."
참고 Context/5. vibe-investing-main/Harness quantv2/script/05_analyst_consensus.py,SOURCE_MISSING_RECHECK,MISSING_SOURCE_AT_EXECUTION,,2774,"A005 listed this external reference path, but it is not present in the current workspace; no delete or move was performed."
참고 Context/5. vibe-investing-main/Harness quantv2/script/06_multi_agent_judge.py,SOURCE_MISSING_RECHECK,MISSING_SOURCE_AT_EXECUTION,,3811,"A005 listed this external reference path, but it is not present in the current workspace; no delete or move was performed."
참고 Context/5. vibe-investing-main/Harness quantv2/script/07_top30_report.py,SOURCE_MISSING_RECHECK,MISSING_SOURCE_AT_EXECUTION,,12912,"A005 listed this external reference path, but it is not present in the current workspace; no delete or move was performed."
참고 Context/5. vibe-investing-main/Microsoft fintool acquisition column.MD,SOURCE_MISSING_RECHECK,MISSING_SOURCE_AT_EXECUTION,,29916,"A005 listed this external reference path, but it is not present in the current workspace; no delete or move was performed."
참고 Context/5. vibe-investing-main/README.md,SOURCE_MISSING_RECHECK,MISSING_SOURCE_AT_EXECUTION,,11556,"A005 listed this external reference path, but it is not present in the current workspace; no delete or move was performed."
참고 Context/5. vibe-investing-main/Readme en.MD,SOURCE_MISSING_RECHECK,MISSING_SOURCE_AT_EXECUTION,,11122,"A005 listed this external reference path, but it is not present in the current workspace; no delete or move was performed."
참고 Context/5. vibe-investing-main/TradingLog/Log.md,SOURCE_MISSING_RECHECK,MISSING_SOURCE_AT_EXECUTION,,1016,"A005 listed this external reference path, but it is not present in the current workspace; no delete or move was performed."
참고 Context/5. vibe-investing-main/TradingLog/daily_trading_log_KST.csv,SOURCE_MISSING_RECHECK,MISSING_SOURCE_AT_EXECUTION,,21688,"A005 listed this external reference path, but it is not present in the current workspace; no delete or move was performed."
참고 Context/5. vibe-investing-main/Vibe Investing Risk Management.MD,SOURCE_MISSING_RECHECK,MISSING_SOURCE_AT_EXECUTION,,22625,"A005 listed this external reference path, but it is not present in the current workspace; no delete or move was performed."
참고 Context/5. vibe-investing-main/mNAV(Market-to-Net-Asset-Value) arbitrage/Dat mnav arbitrage strategy.MD,SOURCE_MISSING_RECHECK,MISSING_SOURCE_AT_EXECUTION,,28757,"A005 listed this external reference path, but it is not present in the current workspace; no delete or move was performed."
참고 Context/5. vibe-investing-main/mNAV(Market-to-Net-Asset-Value) arbitrage/IdeaNote.MD,SOURCE_MISSING_RECHECK,MISSING_SOURCE_AT_EXECUTION,,626,"A005 listed this external reference path, but it is not present in the current workspace; no delete or move was performed."
참고 Context/5. vibe-investing-main/mNAV(Market-to-Net-Asset-Value) arbitrage/dat_companies_2026.csv,SOURCE_MISSING_RECHECK,MISSING_SOURCE_AT_EXECUTION,,2700,"A005 listed this external reference path, but it is not present in the current workspace; no delete or move was performed."
참고 Context/5. vibe-investing-main/mNAV(Market-to-Net-Asset-Value) arbitrage/dat_vs_benchmark_performance.csv,SOURCE_MISSING_RECHECK,MISSING_SOURCE_AT_EXECUTION,,589,"A005 listed this external reference path, but it is not present in the current workspace; no delete or move was performed."
참고 Context/5. vibe-investing-main/mNAV(Market-to-Net-Asset-Value) arbitrage/mnav_cycles_arbitrage_signals.csv,SOURCE_MISSING_RECHECK,MISSING_SOURCE_AT_EXECUTION,,867,"A005 listed this external reference path, but it is not present in the current workspace; no delete or move was performed."
참고 Context/5. vibe-investing-main/monarchjuno/vibe-investing feedback.md,SOURCE_MISSING_RECHECK,MISSING_SOURCE_AT_EXECUTION,,14322,"A005 listed this external reference path, but it is not present in the current workspace; no delete or move was performed."
참고 Context/5. vibe-investing-main/vibe_investing_social_preview.png,SOURCE_MISSING_RECHECK,MISSING_SOURCE_AT_EXECUTION,,93526,"A005 listed this external reference path, but it is not present in the current workspace; no delete or move was performed."
