path,class,size_bytes,owner,reviewer,decision,action,target_path,delete_allowed,result,reason
.github/CODEOWNERS,UNKNOWN_NEEDS_REVIEW,1016,Research Governance,Governance Reviewer,KEEP_PROJECT_SOURCE,KEEP_PROJECT_SOURCE,.github/CODEOWNERS,FALSE,NO_PHYSICAL_CHANGE,Project source/governance file reclassified from unknown review.
.github/ISSUE_TEMPLATE/data_integrity_bug.yml,UNKNOWN_NEEDS_REVIEW,815,Research Governance,Governance Reviewer,KEEP_PROJECT_SOURCE,KEEP_PROJECT_SOURCE,.github/ISSUE_TEMPLATE/data_integrity_bug.yml,FALSE,NO_PHYSICAL_CHANGE,Project source/governance file reclassified from unknown review.
.github/ISSUE_TEMPLATE/data_source_task.yml,UNKNOWN_NEEDS_REVIEW,947,Research Governance,Governance Reviewer,KEEP_PROJECT_SOURCE,KEEP_PROJECT_SOURCE,.github/ISSUE_TEMPLATE/data_source_task.yml,FALSE,NO_PHYSICAL_CHANGE,Project source/governance file reclassified from unknown review.
.github/ISSUE_TEMPLATE/refactor_infra_task.yml,UNKNOWN_NEEDS_REVIEW,686,Research Governance,Governance Reviewer,KEEP_PROJECT_SOURCE,KEEP_PROJECT_SOURCE,.github/ISSUE_TEMPLATE/refactor_infra_task.yml,FALSE,NO_PHYSICAL_CHANGE,Project source/governance file reclassified from unknown review.
.github/ISSUE_TEMPLATE/research_task.yml,UNKNOWN_NEEDS_REVIEW,1177,Research Governance,Governance Reviewer,KEEP_PROJECT_SOURCE,KEEP_PROJECT_SOURCE,.github/ISSUE_TEMPLATE/research_task.yml,FALSE,NO_PHYSICAL_CHANGE,Project source/governance file reclassified from unknown review.
.github/pull_request_template.md,UNKNOWN_NEEDS_REVIEW,834,Research Governance,Governance Reviewer,KEEP_PROJECT_SOURCE,KEEP_PROJECT_SOURCE,.github/pull_request_template.md,FALSE,NO_PHYSICAL_CHANGE,Project source/governance file reclassified from unknown review.
.gitignore,UNKNOWN_NEEDS_REVIEW,432,Research Governance,Governance Reviewer,KEEP_PROJECT_SOURCE,KEEP_PROJECT_SOURCE,.gitignore,FALSE,NO_PHYSICAL_CHANGE,Project source/governance file reclassified from unknown review.
.graphifyignore,UNKNOWN_NEEDS_REVIEW,430,Research Governance,Governance Reviewer,KEEP_PROJECT_SOURCE,KEEP_PROJECT_SOURCE,.graphifyignore,FALSE,NO_PHYSICAL_CHANGE,Project source/governance file reclassified from unknown review.
.obsidian/app.json,LOCAL_TOOL_STATE,149,Research Governance,Governance Reviewer,KEEP,KEEP,.obsidian/app.json,FALSE,NO_PHYSICAL_CHANGE,Local tool state preserved and excluded from normal project source management.
.obsidian/appearance.json,LOCAL_TOOL_STATE,2,Research Governance,Governance Reviewer,KEEP,KEEP,.obsidian/appearance.json,FALSE,NO_PHYSICAL_CHANGE,Local tool state preserved and excluded from normal project source management.
.obsidian/core-plugins.json,LOCAL_TOOL_STATE,704,Research Governance,Governance Reviewer,KEEP,KEEP,.obsidian/core-plugins.json,FALSE,NO_PHYSICAL_CHANGE,Local tool state preserved and excluded from normal project source management.
.obsidian/graph.json,LOCAL_TOOL_STATE,662,Research Governance,Governance Reviewer,KEEP,KEEP,.obsidian/graph.json,FALSE,NO_PHYSICAL_CHANGE,Local tool state preserved and excluded from normal project source management.
.obsidian/templates.json,LOCAL_TOOL_STATE,42,Research Governance,Governance Reviewer,KEEP,KEEP,.obsidian/templates.json,FALSE,NO_PHYSICAL_CHANGE,Local tool state preserved and excluded from normal project source management.
.obsidian/workspace.json,LOCAL_TOOL_STATE,5752,Research Governance,Governance Reviewer,KEEP,KEEP,.obsidian/workspace.json,FALSE,NO_PHYSICAL_CHANGE,Local tool state preserved and excluded from normal project source management.
AGENTS.md,UNKNOWN_NEEDS_REVIEW,4400,Research Governance,Governance Reviewer,KEEP_PROJECT_SOURCE,KEEP_PROJECT_SOURCE,AGENTS.md,FALSE,NO_PHYSICAL_CHANGE,Project source/governance file reclassified from unknown review.
README.md,UNKNOWN_NEEDS_REVIEW,6247,Research Governance,Governance Reviewer,KEEP_PROJECT_SOURCE,KEEP_PROJECT_SOURCE,README.md,FALSE,NO_PHYSICAL_CHANGE,Project source/governance file reclassified from unknown review.
context/README.md,UNKNOWN_NEEDS_REVIEW,3927,Research Governance,Governance Reviewer,KEEP_PROJECT_SOURCE,KEEP_PROJECT_SOURCE,context/README.md,FALSE,NO_PHYSICAL_CHANGE,Project source/governance file reclassified from unknown review.
context/architecture/README.md,UNKNOWN_NEEDS_REVIEW,1080,Research Governance,Governance Reviewer,KEEP_PROJECT_SOURCE,KEEP_PROJECT_SOURCE,context/architecture/README.md,FALSE,NO_PHYSICAL_CHANGE,Project source/governance file reclassified from unknown review.
context/architecture/contracts.md,UNKNOWN_NEEDS_REVIEW,14914,Research Governance,Governance Reviewer,KEEP_PROJECT_SOURCE,KEEP_PROJECT_SOURCE,context/architecture/contracts.md,FALSE,NO_PHYSICAL_CHANGE,Project source/governance file reclassified from unknown review.
context/architecture/domain-model.md,UNKNOWN_NEEDS_REVIEW,7743,Research Governance,Governance Reviewer,KEEP_PROJECT_SOURCE,KEEP_PROJECT_SOURCE,context/architecture/domain-model.md,FALSE,NO_PHYSICAL_CHANGE,Project source/governance file reclassified from unknown review.
context/codebase/README.md,UNKNOWN_NEEDS_REVIEW,4840,Research Governance,Governance Reviewer,KEEP_PROJECT_SOURCE,KEEP_PROJECT_SOURCE,context/codebase/README.md,FALSE,NO_PHYSICAL_CHANGE,Project source/governance file reclassified from unknown review.
context/product/README.md,UNKNOWN_NEEDS_REVIEW,899,Research Governance,Governance Reviewer,KEEP_PROJECT_SOURCE,KEEP_PROJECT_SOURCE,context/product/README.md,FALSE,NO_PHYSICAL_CHANGE,Project source/governance file reclassified from unknown review.
context/workflow/README.md,UNKNOWN_NEEDS_REVIEW,1069,Research Governance,Governance Reviewer,KEEP_PROJECT_SOURCE,KEEP_PROJECT_SOURCE,context/workflow/README.md,FALSE,NO_PHYSICAL_CHANGE,Project source/governance file reclassified from unknown review.
context/workflow/execution-rules.md,UNKNOWN_NEEDS_REVIEW,3538,Research Governance,Governance Reviewer,KEEP_PROJECT_SOURCE,KEEP_PROJECT_SOURCE,context/workflow/execution-rules.md,FALSE,NO_PHYSICAL_CHANGE,Project source/governance file reclassified from unknown review.
context/workflow/state-management.md,UNKNOWN_NEEDS_REVIEW,2392,Research Governance,Governance Reviewer,KEEP_PROJECT_SOURCE,KEEP_PROJECT_SOURCE,context/workflow/state-management.md,FALSE,NO_PHYSICAL_CHANGE,Project source/governance file reclassified from unknown review.
data/README.md,DERIVED_OR_RUNTIME_DATA,1248,Data and Market Microstructure,Governance Reviewer,KEEP_PROJECT_SOURCE,KEEP_PROJECT_SOURCE,data/README.md,FALSE,NO_PHYSICAL_CHANGE,Data package source/documentation reclassified from derived/runtime.
data/artifacts/task_394_regime_aware_canonical_continuation_policy/policy_lifecycle_simulation_panel.csv,DERIVED_OR_RUNTIME_DATA,38895358,Data and Market Microstructure,Governance Reviewer,DVC_TRACK,DVC_TRACK,data/artifacts/task_394_regime_aware_canonical_continuation_policy/policy_lifecycle_simulation_panel.csv,FALSE,NO_PHYSICAL_CHANGE,Derived/runtime artifact retained as DVC-managed project data.
data/artifacts/task_395_forward_live_regime_detectability/forward_live_timestamp_regime_panel.csv,DERIVED_OR_RUNTIME_DATA,19558110,Data and Market Microstructure,Governance Reviewer,DVC_TRACK,DVC_TRACK,data/artifacts/task_395_forward_live_regime_detectability/forward_live_timestamp_regime_panel.csv,FALSE,NO_PHYSICAL_CHANGE,Derived/runtime artifact retained as DVC-managed project data.
data/artifacts/task_399_intraday_universe_history_expansion/canonical_rerun/intraday_canonical_event_log.csv,DERIVED_OR_RUNTIME_DATA,25178744,Data and Market Microstructure,Governance Reviewer,DVC_TRACK,DVC_TRACK,data/artifacts/task_399_intraday_universe_history_expansion/canonical_rerun/intraday_canonical_event_log.csv,FALSE,NO_PHYSICAL_CHANGE,Derived/runtime artifact retained as DVC-managed project data.
data/artifacts/task_399_intraday_universe_history_expansion/canonical_rerun/intraday_canonical_lifecycle_summary.csv,DERIVED_OR_RUNTIME_DATA,13505494,Data and Market Microstructure,Governance Reviewer,DVC_TRACK,DVC_TRACK,data/artifacts/task_399_intraday_universe_history_expansion/canonical_rerun/intraday_canonical_lifecycle_summary.csv,FALSE,NO_PHYSICAL_CHANGE,Derived/runtime artifact retained as DVC-managed project data.
data/artifacts/task_399_intraday_universe_history_expansion/task_391_expanded/split_lifecycle_panel.csv,DERIVED_OR_RUNTIME_DATA,23609717,Data and Market Microstructure,Governance Reviewer,DVC_TRACK,DVC_TRACK,data/artifacts/task_399_intraday_universe_history_expansion/task_391_expanded/split_lifecycle_panel.csv,FALSE,NO_PHYSICAL_CHANGE,Derived/runtime artifact retained as DVC-managed project data.
data/artifacts/task_399_intraday_universe_history_expansion/task_392_expanded/lifecycle_regime_panel.csv,DERIVED_OR_RUNTIME_DATA,40740776,Data and Market Microstructure,Governance Reviewer,DVC_TRACK,DVC_TRACK,data/artifacts/task_399_intraday_universe_history_expansion/task_392_expanded/lifecycle_regime_panel.csv,FALSE,NO_PHYSICAL_CHANGE,Derived/runtime artifact retained as DVC-managed project data.
data/artifacts/task_399_intraday_universe_history_expansion/task_395_expanded/forward_live_lifecycle_regime_panel.csv,DERIVED_OR_RUNTIME_DATA,59787886,Data and Market Microstructure,Governance Reviewer,DVC_TRACK,DVC_TRACK,data/artifacts/task_399_intraday_universe_history_expansion/task_395_expanded/forward_live_lifecycle_regime_panel.csv,FALSE,NO_PHYSICAL_CHANGE,Derived/runtime artifact retained as DVC-managed project data.
data/artifacts/task_399_intraday_universe_history_expansion/task_395_expanded/forward_live_timestamp_regime_panel.csv,DERIVED_OR_RUNTIME_DATA,102793066,Data and Market Microstructure,Governance Reviewer,DVC_TRACK,DVC_TRACK,data/artifacts/task_399_intraday_universe_history_expansion/task_395_expanded/forward_live_timestamp_regime_panel.csv,FALSE,NO_PHYSICAL_CHANGE,Derived/runtime artifact retained as DVC-managed project data.
data/artifacts/task_399_intraday_universe_history_expansion/task_396_expanded/cost_constrained_lifecycle_panel.csv,DERIVED_OR_RUNTIME_DATA,289886362,Data and Market Microstructure,Governance Reviewer,DVC_TRACK,DVC_TRACK,data/artifacts/task_399_intraday_universe_history_expansion/task_396_expanded/cost_constrained_lifecycle_panel.csv,FALSE,NO_PHYSICAL_CHANGE,Derived/runtime artifact retained as DVC-managed project data.
data/artifacts/task_399_intraday_universe_history_expansion/task_398_expanded/portfolio_trade_ledger.csv,DERIVED_OR_RUNTIME_DATA,16349734,Data and Market Microstructure,Governance Reviewer,DVC_TRACK,DVC_TRACK,data/artifacts/task_399_intraday_universe_history_expansion/task_398_expanded/portfolio_trade_ledger.csv,FALSE,NO_PHYSICAL_CHANGE,Derived/runtime artifact retained as DVC-managed project data.
data/artifacts/task_402_multifactor_continuation_state_discovery/archetype_assignment_panel.csv,DERIVED_OR_RUNTIME_DATA,12712810,Data and Market Microstructure,Governance Reviewer,DVC_TRACK,DVC_TRACK,data/artifacts/task_402_multifactor_continuation_state_discovery/archetype_assignment_panel.csv,FALSE,NO_PHYSICAL_CHANGE,Derived/runtime artifact retained as DVC-managed project data.
data/artifacts/task_402r_decision_labelability_audit/unlabeled_candidate_audit.csv,DERIVED_OR_RUNTIME_DATA,38923730,Data and Market Microstructure,Governance Reviewer,DVC_TRACK,DVC_TRACK,data/artifacts/task_402r_decision_labelability_audit/unlabeled_candidate_audit.csv,FALSE,NO_PHYSICAL_CHANGE,Derived/runtime artifact retained as DVC-managed project data.
data/artifacts/task_405_refined_archetype_portfolio_rebuild/refined_archetype_assignment_panel.csv,DERIVED_OR_RUNTIME_DATA,187794560,Data and Market Microstructure,Governance Reviewer,DVC_TRACK,DVC_TRACK,data/artifacts/task_405_refined_archetype_portfolio_rebuild/refined_archetype_assignment_panel.csv,FALSE,NO_PHYSICAL_CHANGE,Derived/runtime artifact retained as DVC-managed project data.
data/artifacts/task_406_professional_multicombination_test/professional_combo_assignment_panel.csv,DERIVED_OR_RUNTIME_DATA,85681768,Data and Market Microstructure,Governance Reviewer,DVC_TRACK,DVC_TRACK,data/artifacts/task_406_professional_multicombination_test/professional_combo_assignment_panel.csv,FALSE,NO_PHYSICAL_CHANGE,Derived/runtime artifact retained as DVC-managed project data.
data/artifacts/task_406_raw_factor_source_audit/raw_bar_provenance_panel.csv,DERIVED_OR_RUNTIME_DATA,681195740,Data and Market Microstructure,Governance Reviewer,DVC_TRACK,DVC_TRACK,data/artifacts/task_406_raw_factor_source_audit/raw_bar_provenance_panel.csv,FALSE,NO_PHYSICAL_CHANGE,Derived/runtime artifact retained as DVC-managed project data.
data/artifacts/task_407_raw_native_vectorized_rebuild/raw_native_entry_candidate_log.csv,DERIVED_OR_RUNTIME_DATA,354964924,Data and Market Microstructure,Governance Reviewer,DVC_TRACK,DVC_TRACK,data/artifacts/task_407_raw_native_vectorized_rebuild/raw_native_entry_candidate_log.csv,FALSE,NO_PHYSICAL_CHANGE,Derived/runtime artifact retained as DVC-managed project data.
data/artifacts/task_407_raw_native_vectorized_rebuild/raw_native_lifecycle_event_log.csv,DERIVED_OR_RUNTIME_DATA,17671036,Data and Market Microstructure,Governance Reviewer,DVC_TRACK,DVC_TRACK,data/artifacts/task_407_raw_native_vectorized_rebuild/raw_native_lifecycle_event_log.csv,FALSE,NO_PHYSICAL_CHANGE,Derived/runtime artifact retained as DVC-managed project data.
data/artifacts/task_407_raw_native_vectorized_rebuild/raw_native_lifecycle_labels.csv,DERIVED_OR_RUNTIME_DATA,10676397,Data and Market Microstructure,Governance Reviewer,DVC_TRACK,DVC_TRACK,data/artifacts/task_407_raw_native_vectorized_rebuild/raw_native_lifecycle_labels.csv,FALSE,NO_PHYSICAL_CHANGE,Derived/runtime artifact retained as DVC-managed project data.
data/artifacts/task_480_symbol_structure_continuation_diagnostics/symbol_structure_label_panel.csv,DERIVED_OR_RUNTIME_DATA,12793495,Data and Market Microstructure,Governance Reviewer,DVC_TRACK,DVC_TRACK,data/artifacts/task_480_symbol_structure_continuation_diagnostics/symbol_structure_label_panel.csv,FALSE,NO_PHYSICAL_CHANGE,Derived/runtime artifact retained as DVC-managed project data.
data/artifacts/task_482_continuous_market_theme_regime_engine/daily_regime_source_ohlcv_panel.csv,DERIVED_OR_RUNTIME_DATA,28729257,Data and Market Microstructure,Governance Reviewer,DVC_TRACK,DVC_TRACK,data/artifacts/task_482_continuous_market_theme_regime_engine/daily_regime_source_ohlcv_panel.csv,FALSE,NO_PHYSICAL_CHANGE,Derived/runtime artifact retained as DVC-managed project data.
data/artifacts/task_483_firm_grade_market_theme_regime_upgrade/daily_regime_source_ohlcv_panel.csv,DERIVED_OR_RUNTIME_DATA,28729257,Data and Market Microstructure,Governance Reviewer,DVC_TRACK,DVC_TRACK,data/artifacts/task_483_firm_grade_market_theme_regime_upgrade/daily_regime_source_ohlcv_panel.csv,FALSE,NO_PHYSICAL_CHANGE,Derived/runtime artifact retained as DVC-managed project data.
data/artifacts/task_484_continuation_payoff_regime_engine/daily_regime_source_ohlcv_panel.csv,DERIVED_OR_RUNTIME_DATA,30847977,Data and Market Microstructure,Governance Reviewer,DVC_TRACK,DVC_TRACK,data/artifacts/task_484_continuation_payoff_regime_engine/daily_regime_source_ohlcv_panel.csv,FALSE,NO_PHYSICAL_CHANGE,Derived/runtime artifact retained as DVC-managed project data.
data/artifacts/task_484_continuation_payoff_regime_engine/payoff_regime_lifecycle_panel.csv,DERIVED_OR_RUNTIME_DATA,101344232,Data and Market Microstructure,Governance Reviewer,DVC_TRACK,DVC_TRACK,data/artifacts/task_484_continuation_payoff_regime_engine/payoff_regime_lifecycle_panel.csv,FALSE,NO_PHYSICAL_CHANGE,Derived/runtime artifact retained as DVC-managed project data.
data/artifacts/task_548_market_theme_regime_feature_expansion/market_regime_v5_panel.csv,DERIVED_OR_RUNTIME_DATA,31689112,Data and Market Microstructure,Governance Reviewer,DVC_TRACK,DVC_TRACK,data/artifacts/task_548_market_theme_regime_feature_expansion/market_regime_v5_panel.csv,FALSE,NO_PHYSICAL_CHANGE,Derived/runtime artifact retained as DVC-managed project data.
data/artifacts/task_548_market_theme_regime_feature_expansion/theme_regime_v5_panel.csv,DERIVED_OR_RUNTIME_DATA,5032,Data and Market Microstructure,Governance Reviewer,DVC_TRACK,DVC_TRACK,data/artifacts/task_548_market_theme_regime_feature_expansion/theme_regime_v5_panel.csv,FALSE,NO_PHYSICAL_CHANGE,Derived/runtime artifact retained as DVC-managed project data.
data/artifacts/task_549_theme_universe_leadership_contract/theme_leadership_panel.csv,DERIVED_OR_RUNTIME_DATA,7565,Data and Market Microstructure,Governance Reviewer,DVC_TRACK,DVC_TRACK,data/artifacts/task_549_theme_universe_leadership_contract/theme_leadership_panel.csv,FALSE,NO_PHYSICAL_CHANGE,Derived/runtime artifact retained as DVC-managed project data.
data/artifacts/task_550_anchored_vwap_band_walk_continuation/symbol_continuation_structure_v2_panel.csv,DERIVED_OR_RUNTIME_DATA,33804724,Data and Market Microstructure,Governance Reviewer,DVC_TRACK,DVC_TRACK,data/artifacts/task_550_anchored_vwap_band_walk_continuation/symbol_continuation_structure_v2_panel.csv,FALSE,NO_PHYSICAL_CHANGE,Derived/runtime artifact retained as DVC-managed project data.
data/artifacts/task_553_portfolio_realism_simulator/exposure_overlap_audit.csv,DERIVED_OR_RUNTIME_DATA,3059020,Data and Market Microstructure,Governance Reviewer,DVC_TRACK,DVC_TRACK,data/artifacts/task_553_portfolio_realism_simulator/exposure_overlap_audit.csv,FALSE,NO_PHYSICAL_CHANGE,Derived/runtime artifact retained as DVC-managed project data.
data/artifacts/task_553_portfolio_realism_simulator/portfolio_equity_curve.csv,DERIVED_OR_RUNTIME_DATA,2905006,Data and Market Microstructure,Governance Reviewer,DVC_TRACK,DVC_TRACK,data/artifacts/task_553_portfolio_realism_simulator/portfolio_equity_curve.csv,FALSE,NO_PHYSICAL_CHANGE,Derived/runtime artifact retained as DVC-managed project data.
data/artifacts/task_556_vwap_bandwalk_portfolio_revalidation/vwap_bandwalk_assignment_panel.csv,DERIVED_OR_RUNTIME_DATA,159012197,Data and Market Microstructure,Governance Reviewer,DVC_TRACK,DVC_TRACK,data/artifacts/task_556_vwap_bandwalk_portfolio_revalidation/vwap_bandwalk_assignment_panel.csv,FALSE,NO_PHYSICAL_CHANGE,Derived/runtime artifact retained as DVC-managed project data.
data/artifacts/task_557_vwap_acceptance_ontology_rebuild/vwap_acceptance_ontology_v3_panel.csv,DERIVED_OR_RUNTIME_DATA,37579809,Data and Market Microstructure,Governance Reviewer,DVC_TRACK,DVC_TRACK,data/artifacts/task_557_vwap_acceptance_ontology_rebuild/vwap_acceptance_ontology_v3_panel.csv,FALSE,NO_PHYSICAL_CHANGE,Derived/runtime artifact retained as DVC-managed project data.
data/artifacts/task_559_context_gate_reattach/context_gate_v3_panel.csv,DERIVED_OR_RUNTIME_DATA,38174216,Data and Market Microstructure,Governance Reviewer,DVC_TRACK,DVC_TRACK,data/artifacts/task_559_context_gate_reattach/context_gate_v3_panel.csv,FALSE,NO_PHYSICAL_CHANGE,Derived/runtime artifact retained as DVC-managed project data.
data/artifacts/task_562_vwap_acceptance_oos_stability_test/vwap_acceptance_oos_stability_audit.csv,DERIVED_OR_RUNTIME_DATA,1076,Data and Market Microstructure,Governance Reviewer,DVC_TRACK,DVC_TRACK,data/artifacts/task_562_vwap_acceptance_oos_stability_test/vwap_acceptance_oos_stability_audit.csv,FALSE,NO_PHYSICAL_CHANGE,Derived/runtime artifact retained as DVC-managed project data.
data/artifacts/task_563_paper_shadow_microstructure_capture_activation/paper_shadow_capture_activation_plan.csv,DERIVED_OR_RUNTIME_DATA,458,Data and Market Microstructure,Governance Reviewer,DVC_TRACK,DVC_TRACK,data/artifacts/task_563_paper_shadow_microstructure_capture_activation/paper_shadow_capture_activation_plan.csv,FALSE,NO_PHYSICAL_CHANGE,Derived/runtime artifact retained as DVC-managed project data.
data/artifacts/task_567_capital_flow_regime_v6/capital_flow_regime_v6_panel.csv,DERIVED_OR_RUNTIME_DATA,40436892,Data and Market Microstructure,Governance Reviewer,DVC_TRACK,DVC_TRACK,data/artifacts/task_567_capital_flow_regime_v6/capital_flow_regime_v6_panel.csv,FALSE,NO_PHYSICAL_CHANGE,Derived/runtime artifact retained as DVC-managed project data.
data/artifacts/task_568_vwap_pullback_sleeve_robustness/vwap_pullback_sleeve_assignment_panel.csv,DERIVED_OR_RUNTIME_DATA,17118963,Data and Market Microstructure,Governance Reviewer,DVC_TRACK,DVC_TRACK,data/artifacts/task_568_vwap_pullback_sleeve_robustness/vwap_pullback_sleeve_assignment_panel.csv,FALSE,NO_PHYSICAL_CHANGE,Derived/runtime artifact retained as DVC-managed project data.
data/artifacts/task_573_historical_nbbo_feature_rebuild/historical_nbbo_feature_panel.csv,DERIVED_OR_RUNTIME_DATA,20623127,Data and Market Microstructure,Governance Reviewer,DVC_TRACK,DVC_TRACK,data/artifacts/task_573_historical_nbbo_feature_rebuild/historical_nbbo_feature_panel.csv,FALSE,NO_PHYSICAL_CHANGE,Derived/runtime artifact retained as DVC-managed project data.
data/artifacts/task_576_microstructure_aware_continuation_backtest/task576_microstructure_assignment_panel.csv,DERIVED_OR_RUNTIME_DATA,21825204,Data and Market Microstructure,Governance Reviewer,DVC_TRACK,DVC_TRACK,data/artifacts/task_576_microstructure_aware_continuation_backtest/task576_microstructure_assignment_panel.csv,FALSE,NO_PHYSICAL_CHANGE,Derived/runtime artifact retained as DVC-managed project data.
data/artifacts/task_577_historical_nbbo_trajectory_factor_rebuild/nbbo_trajectory_feature_panel.csv,DERIVED_OR_RUNTIME_DATA,33479982,Data and Market Microstructure,Governance Reviewer,DVC_TRACK,DVC_TRACK,data/artifacts/task_577_historical_nbbo_trajectory_factor_rebuild/nbbo_trajectory_feature_panel.csv,FALSE,NO_PHYSICAL_CHANGE,Derived/runtime artifact retained as DVC-managed project data.
data/artifacts/task_578_regime_vwap_nbbo_trajectory_backtest/nbbo_trajectory_backtest_panel.csv,DERIVED_OR_RUNTIME_DATA,33774783,Data and Market Microstructure,Governance Reviewer,DVC_TRACK,DVC_TRACK,data/artifacts/task_578_regime_vwap_nbbo_trajectory_backtest/nbbo_trajectory_backtest_panel.csv,FALSE,NO_PHYSICAL_CHANGE,Derived/runtime artifact retained as DVC-managed project data.
data/artifacts/task_581_quote_pressure_price_response_refinement/quote_pressure_price_response_panel.csv,DERIVED_OR_RUNTIME_DATA,37505502,Data and Market Microstructure,Governance Reviewer,DVC_TRACK,DVC_TRACK,data/artifacts/task_581_quote_pressure_price_response_refinement/quote_pressure_price_response_panel.csv,FALSE,NO_PHYSICAL_CHANGE,Derived/runtime artifact retained as DVC-managed project data.
data/backtest/trades.json,DERIVED_OR_RUNTIME_DATA,305517,Data and Market Microstructure,Governance Reviewer,DVC_TRACK,DVC_TRACK,data/backtest/trades.json,FALSE,NO_PHYSICAL_CHANGE,Derived/runtime artifact retained as DVC-managed project data.
data/catalog.py,DERIVED_OR_RUNTIME_DATA,666,Data and Market Microstructure,Governance Reviewer,KEEP_PROJECT_SOURCE,KEEP_PROJECT_SOURCE,data/catalog.py,FALSE,NO_PHYSICAL_CHANGE,Data package source/documentation reclassified from derived/runtime.
data/quality.py,DERIVED_OR_RUNTIME_DATA,1004,Data and Market Microstructure,Governance Reviewer,KEEP_PROJECT_SOURCE,KEEP_PROJECT_SOURCE,data/quality.py,FALSE,NO_PHYSICAL_CHANGE,Data package source/documentation reclassified from derived/runtime.
data/task384_offline_canonical_smoke_continuation_capture.jsonl,DERIVED_OR_RUNTIME_DATA,3629,Data and Market Microstructure,Governance Reviewer,DVC_TRACK,DVC_TRACK,data/task384_offline_canonical_smoke_continuation_capture.jsonl,FALSE,NO_PHYSICAL_CHANGE,Derived/runtime artifact retained as DVC-managed project data.
docs/tmp/task_068B_risk_grid.checkpoint.json,TMP_OR_CHECKPOINT,147843,Research Governance,Governance Reviewer,MOVE_TO_ARCHIVE,MOVE_TO_ARCHIVE,docs/archive/tmp/2026_06/docs/tmp/task_068B_risk_grid.checkpoint.json,FALSE,MOVED,Temporary/checkpoint evidence archived.
docs/tmp/tmp_post_068c_validation.json,TMP_OR_CHECKPOINT,11706,Research Governance,Governance Reviewer,MOVE_TO_ARCHIVE,MOVE_TO_ARCHIVE,docs/archive/tmp/2026_06/docs/tmp/tmp_post_068c_validation.json,FALSE,MOVED,Temporary/checkpoint evidence archived.
docs/tmp/tmp_pre_068c_validation.json,TMP_OR_CHECKPOINT,11706,Research Governance,Governance Reviewer,MOVE_TO_ARCHIVE,MOVE_TO_ARCHIVE,docs/archive/tmp/2026_06/docs/tmp/tmp_pre_068c_validation.json,FALSE,MOVED,Temporary/checkpoint evidence archived.
downloads/tailscale-setup-1.98.2-amd64.msi,LOCAL_INSTALLER_OR_DOWNLOAD,36501504,Research Governance,Governance Reviewer,DVC_TRACK,MOVE_TO_ARCHIVE,docs/archive/local_downloads/2026_06/downloads/tailscale-setup-1.98.2-amd64.msi,FALSE,MOVED,Installer retained as DVC-managed binary because Git LFS is unavailable.
frontend_data/catalog/acceptance_status_catalog.json,POSSIBLE_DUPLICATE_GENERATED_CATALOG,16334,Research Governance,Governance Reviewer,DELETE_LOGGED,DELETE_LOGGED,,TRUE,DELETED,Generated staging duplicate of public catalog: C:/Users/minjo/OneDrive/바탕 화면/외국주식 퀀트트레이딩/frontend/trader-terminal/public/catalog/acceptance_status_catalog.json
frontend_data/catalog/paper_ops_runtime_catalog.json,POSSIBLE_DUPLICATE_GENERATED_CATALOG,3339210,Research Governance,Governance Reviewer,DELETE_LOGGED,DELETE_LOGGED,,TRUE,DELETED,Generated staging duplicate of public catalog: C:/Users/minjo/OneDrive/바탕 화면/외국주식 퀀트트레이딩/frontend/trader-terminal/public/catalog/paper_ops_runtime_catalog.json
frontend_data/catalog/paper_trade_detail_view.json,POSSIBLE_DUPLICATE_GENERATED_CATALOG,859208,Research Governance,Governance Reviewer,DELETE_LOGGED,DELETE_LOGGED,,TRUE,DELETED,Generated staging duplicate of public catalog: C:/Users/minjo/OneDrive/바탕 화면/외국주식 퀀트트레이딩/frontend/trader-terminal/public/catalog/paper_trade_detail_view.json
frontend_data/catalog/readiness_registry.json,POSSIBLE_DUPLICATE_GENERATED_CATALOG,8729,Research Governance,Governance Reviewer,DELETE_LOGGED,DELETE_LOGGED,,TRUE,DELETED,Generated staging duplicate of public catalog: C:/Users/minjo/OneDrive/바탕 화면/외국주식 퀀트트레이딩/frontend/trader-terminal/public/catalog/readiness_registry.json
frontend_data/catalog/trader_terminal_catalog.json,POSSIBLE_DUPLICATE_GENERATED_CATALOG,116939669,Research Governance,Governance Reviewer,DELETE_LOGGED,DELETE_LOGGED,,TRUE,DELETED,Generated staging duplicate of public catalog: C:/Users/minjo/OneDrive/바탕 화면/외국주식 퀀트트레이딩/frontend/trader-terminal/public/catalog/trader_terminal_catalog.json
logs/bg_test_err.log,RUN_LOG,0,Research Governance,Governance Reviewer,MOVE_TO_ARCHIVE,MOVE_TO_ARCHIVE,docs/archive/runtime_logs/2026_06/logs/bg_test_err.log,FALSE,MOVED,Runtime log archived instead of deleted.
logs/bg_test_out.log,RUN_LOG,5,Research Governance,Governance Reviewer,MOVE_TO_ARCHIVE,MOVE_TO_ARCHIVE,docs/archive/runtime_logs/2026_06/logs/bg_test_out.log,FALSE,MOVED,Runtime log archived instead of deleted.
logs/task374_full_rerun_status.txt,RUN_LOG,9,Research Governance,Governance Reviewer,MOVE_TO_ARCHIVE,MOVE_TO_ARCHIVE,docs/archive/runtime_logs/2026_06/logs/task374_full_rerun_status.txt,FALSE,MOVED,Runtime log archived instead of deleted.
logs/task374_full_rerun_stderr.log,RUN_LOG,468,Research Governance,Governance Reviewer,MOVE_TO_ARCHIVE,MOVE_TO_ARCHIVE,docs/archive/runtime_logs/2026_06/logs/task374_full_rerun_stderr.log,FALSE,MOVED,Runtime log archived instead of deleted.
logs/task374_full_rerun_stderr_20260510_152822.log,RUN_LOG,172,Research Governance,Governance Reviewer,MOVE_TO_ARCHIVE,MOVE_TO_ARCHIVE,docs/archive/runtime_logs/2026_06/logs/task374_full_rerun_stderr_20260510_152822.log,FALSE,MOVED,Runtime log archived instead of deleted.
logs/task374_full_rerun_stderr_20260510_152913.log,RUN_LOG,0,Research Governance,Governance Reviewer,MOVE_TO_ARCHIVE,MOVE_TO_ARCHIVE,docs/archive/runtime_logs/2026_06/logs/task374_full_rerun_stderr_20260510_152913.log,FALSE,MOVED,Runtime log archived instead of deleted.
logs/task374_full_rerun_stdout.log,RUN_LOG,0,Research Governance,Governance Reviewer,MOVE_TO_ARCHIVE,MOVE_TO_ARCHIVE,docs/archive/runtime_logs/2026_06/logs/task374_full_rerun_stdout.log,FALSE,MOVED,Runtime log archived instead of deleted.
logs/task374_full_rerun_stdout_20260510_152822.log,RUN_LOG,173,Research Governance,Governance Reviewer,MOVE_TO_ARCHIVE,MOVE_TO_ARCHIVE,docs/archive/runtime_logs/2026_06/logs/task374_full_rerun_stdout_20260510_152822.log,FALSE,MOVED,Runtime log archived instead of deleted.
logs/task374_full_rerun_stdout_20260510_152913.log,RUN_LOG,0,Research Governance,Governance Reviewer,MOVE_TO_ARCHIVE,MOVE_TO_ARCHIVE,docs/archive/runtime_logs/2026_06/logs/task374_full_rerun_stdout_20260510_152913.log,FALSE,MOVED,Runtime log archived instead of deleted.
logs/task588_nasdaq_paper_loop_stderr.log,RUN_LOG,0,Research Governance,Governance Reviewer,MOVE_TO_ARCHIVE,MOVE_TO_ARCHIVE,docs/archive/runtime_logs/2026_06/logs/task588_nasdaq_paper_loop_stderr.log,FALSE,MOVED,Runtime log archived instead of deleted.
logs/task588_nasdaq_paper_loop_stdout.log,RUN_LOG,947741,Research Governance,Governance Reviewer,MOVE_TO_ARCHIVE,MOVE_TO_ARCHIVE,docs/archive/runtime_logs/2026_06/logs/task588_nasdaq_paper_loop_stdout.log,FALSE,MOVED,Runtime log archived instead of deleted.
logs/task588_paper_runtime_loop_stderr.log,RUN_LOG,0,Research Governance,Governance Reviewer,MOVE_TO_ARCHIVE,MOVE_TO_ARCHIVE,docs/archive/runtime_logs/2026_06/logs/task588_paper_runtime_loop_stderr.log,FALSE,MOVED,Runtime log archived instead of deleted.
logs/task588_paper_runtime_loop_stdout.log,RUN_LOG,0,Research Governance,Governance Reviewer,MOVE_TO_ARCHIVE,MOVE_TO_ARCHIVE,docs/archive/runtime_logs/2026_06/logs/task588_paper_runtime_loop_stdout.log,FALSE,MOVED,Runtime log archived instead of deleted.
logs/task589_paper_eod_stderr.log,RUN_LOG,0,Research Governance,Governance Reviewer,MOVE_TO_ARCHIVE,MOVE_TO_ARCHIVE,docs/archive/runtime_logs/2026_06/logs/task589_paper_eod_stderr.log,FALSE,MOVED,Runtime log archived instead of deleted.
logs/task589_paper_eod_stdout.log,RUN_LOG,23514,Research Governance,Governance Reviewer,MOVE_TO_ARCHIVE,MOVE_TO_ARCHIVE,docs/archive/runtime_logs/2026_06/logs/task589_paper_eod_stdout.log,FALSE,MOVED,Runtime log archived instead of deleted.
logs/trader-terminal-vite.err.log,RUN_LOG,0,Research Governance,Governance Reviewer,MOVE_TO_ARCHIVE,MOVE_TO_ARCHIVE,docs/archive/runtime_logs/2026_06/logs/trader-terminal-vite.err.log,FALSE,MOVED,Runtime log archived instead of deleted.
logs/trader-terminal-vite.out.log,RUN_LOG,590,Research Governance,Governance Reviewer,MOVE_TO_ARCHIVE,MOVE_TO_ARCHIVE,docs/archive/runtime_logs/2026_06/logs/trader-terminal-vite.out.log,FALSE,MOVED,Runtime log archived instead of deleted.
logs/trader_terminal_lan_stderr.log,RUN_LOG,0,Research Governance,Governance Reviewer,MOVE_TO_ARCHIVE,MOVE_TO_ARCHIVE,docs/archive/runtime_logs/2026_06/logs/trader_terminal_lan_stderr.log,FALSE,MOVED,Runtime log archived instead of deleted.
logs/trader_terminal_lan_stdout.log,RUN_LOG,437,Research Governance,Governance Reviewer,MOVE_TO_ARCHIVE,MOVE_TO_ARCHIVE,docs/archive/runtime_logs/2026_06/logs/trader_terminal_lan_stdout.log,FALSE,MOVED,Runtime log archived instead of deleted.
logs/trader_terminal_preview.log,RUN_LOG,322,Research Governance,Governance Reviewer,MOVE_TO_ARCHIVE,MOVE_TO_ARCHIVE,docs/archive/runtime_logs/2026_06/logs/trader_terminal_preview.log,FALSE,MOVED,Runtime log archived instead of deleted.
trading_continuation_capture.jsonl,UNKNOWN_NEEDS_REVIEW,36784,Research Governance,Governance Reviewer,DVC_TRACK,MOVE_TO_ARCHIVE,data/artifacts/runtime_capture/trading_continuation_capture.jsonl,FALSE,MOVED,Runtime capture retained as DVC-managed artifact.
참고 Context/1. 퀀트트레이딩기초/1.pdf,UNKNOWN_NEEDS_REVIEW,1783517,Research Governance,Governance Reviewer,KEEP,SOURCE_MISSING_RECHECK,,FALSE,MISSING_SOURCE_AT_EXECUTION,"A005 listed this external reference path, but it is not present in the current workspace; no delete or move was performed."
참고 Context/1. 퀀트트레이딩기초/10.pdf,UNKNOWN_NEEDS_REVIEW,6189614,Research Governance,Governance Reviewer,KEEP,SOURCE_MISSING_RECHECK,,FALSE,MISSING_SOURCE_AT_EXECUTION,"A005 listed this external reference path, but it is not present in the current workspace; no delete or move was performed."
참고 Context/1. 퀀트트레이딩기초/11.pdf,UNKNOWN_NEEDS_REVIEW,9640711,Research Governance,Governance Reviewer,KEEP,SOURCE_MISSING_RECHECK,,FALSE,MISSING_SOURCE_AT_EXECUTION,"A005 listed this external reference path, but it is not present in the current workspace; no delete or move was performed."
참고 Context/1. 퀀트트레이딩기초/12.pdf,UNKNOWN_NEEDS_REVIEW,3664434,Research Governance,Governance Reviewer,KEEP,SOURCE_MISSING_RECHECK,,FALSE,MISSING_SOURCE_AT_EXECUTION,"A005 listed this external reference path, but it is not present in the current workspace; no delete or move was performed."
참고 Context/1. 퀀트트레이딩기초/13.pdf,UNKNOWN_NEEDS_REVIEW,3118268,Research Governance,Governance Reviewer,KEEP,SOURCE_MISSING_RECHECK,,FALSE,MISSING_SOURCE_AT_EXECUTION,"A005 listed this external reference path, but it is not present in the current workspace; no delete or move was performed."
참고 Context/1. 퀀트트레이딩기초/2.pdf,UNKNOWN_NEEDS_REVIEW,3604554,Research Governance,Governance Reviewer,KEEP,SOURCE_MISSING_RECHECK,,FALSE,MISSING_SOURCE_AT_EXECUTION,"A005 listed this external reference path, but it is not present in the current workspace; no delete or move was performed."
참고 Context/1. 퀀트트레이딩기초/3.pdf,UNKNOWN_NEEDS_REVIEW,3287188,Research Governance,Governance Reviewer,KEEP,SOURCE_MISSING_RECHECK,,FALSE,MISSING_SOURCE_AT_EXECUTION,"A005 listed this external reference path, but it is not present in the current workspace; no delete or move was performed."
참고 Context/1. 퀀트트레이딩기초/4.pdf,UNKNOWN_NEEDS_REVIEW,6034092,Research Governance,Governance Reviewer,KEEP,SOURCE_MISSING_RECHECK,,FALSE,MISSING_SOURCE_AT_EXECUTION,"A005 listed this external reference path, but it is not present in the current workspace; no delete or move was performed."
참고 Context/1. 퀀트트레이딩기초/5.pdf,UNKNOWN_NEEDS_REVIEW,7631227,Research Governance,Governance Reviewer,KEEP,SOURCE_MISSING_RECHECK,,FALSE,MISSING_SOURCE_AT_EXECUTION,"A005 listed this external reference path, but it is not present in the current workspace; no delete or move was performed."
참고 Context/1. 퀀트트레이딩기초/6.pdf,UNKNOWN_NEEDS_REVIEW,11984240,Research Governance,Governance Reviewer,KEEP,SOURCE_MISSING_RECHECK,,FALSE,MISSING_SOURCE_AT_EXECUTION,"A005 listed this external reference path, but it is not present in the current workspace; no delete or move was performed."
참고 Context/1. 퀀트트레이딩기초/7.pdf,UNKNOWN_NEEDS_REVIEW,2902515,Research Governance,Governance Reviewer,KEEP,SOURCE_MISSING_RECHECK,,FALSE,MISSING_SOURCE_AT_EXECUTION,"A005 listed this external reference path, but it is not present in the current workspace; no delete or move was performed."
참고 Context/1. 퀀트트레이딩기초/8.pdf,UNKNOWN_NEEDS_REVIEW,6924126,Research Governance,Governance Reviewer,KEEP,SOURCE_MISSING_RECHECK,,FALSE,MISSING_SOURCE_AT_EXECUTION,"A005 listed this external reference path, but it is not present in the current workspace; no delete or move was performed."
참고 Context/1. 퀀트트레이딩기초/9.pdf,UNKNOWN_NEEDS_REVIEW,7400129,Research Governance,Governance Reviewer,KEEP,SOURCE_MISSING_RECHECK,,FALSE,MISSING_SOURCE_AT_EXECUTION,"A005 listed this external reference path, but it is not present in the current workspace; no delete or move was performed."
참고 Context/2. 트레이딩뷰 Sourcecode/3Commas Bot.txt,UNKNOWN_NEEDS_REVIEW,21775,Research Governance,Governance Reviewer,KEEP,SOURCE_MISSING_RECHECK,,FALSE,MISSING_SOURCE_AT_EXECUTION,"A005 listed this external reference path, but it is not present in the current workspace; no delete or move was performed."
참고 Context/2. 트레이딩뷰 Sourcecode/AI Predictive Flow (Zeiierman).txt,UNKNOWN_NEEDS_REVIEW,11076,Research Governance,Governance Reviewer,KEEP,SOURCE_MISSING_RECHECK,,FALSE,MISSING_SOURCE_AT_EXECUTION,"A005 listed this external reference path, but it is not present in the current workspace; no delete or move was performed."
참고 Context/2. 트레이딩뷰 Sourcecode/Bjorgum Double Tap.txt,UNKNOWN_NEEDS_REVIEW,28288,Research Governance,Governance Reviewer,KEEP,SOURCE_MISSING_RECHECK,,FALSE,MISSING_SOURCE_AT_EXECUTION,"A005 listed this external reference path, but it is not present in the current workspace; no delete or move was performed."
참고 Context/2. 트레이딩뷰 Sourcecode/Built-in Kelly ratio for dynamic position sizing.txt,UNKNOWN_NEEDS_REVIEW,3746,Research Governance,Governance Reviewer,KEEP,SOURCE_MISSING_RECHECK,,FALSE,MISSING_SOURCE_AT_EXECUTION,"A005 listed this external reference path, but it is not present in the current workspace; no delete or move was performed."
참고 Context/2. 트레이딩뷰 Sourcecode/CTZ BTC Liquidation Heatmap with Whale Detection.txt,UNKNOWN_NEEDS_REVIEW,24216,Research Governance,Governance Reviewer,KEEP,SOURCE_MISSING_RECHECK,,FALSE,MISSING_SOURCE_AT_EXECUTION,"A005 listed this external reference path, but it is not present in the current workspace; no delete or move was performed."
참고 Context/2. 트레이딩뷰 Sourcecode/HTF Volume Spike & Imbalance Projection [LuxAlgo].txt,UNKNOWN_NEEDS_REVIEW,15533,Research Governance,Governance Reviewer,KEEP,SOURCE_MISSING_RECHECK,,FALSE,MISSING_SOURCE_AT_EXECUTION,"A005 listed this external reference path, but it is not present in the current workspace; no delete or move was performed."
참고 Context/2. 트레이딩뷰 Sourcecode/Market Structure Trend Matrix [BigBeluga].txt,UNKNOWN_NEEDS_REVIEW,7242,Research Governance,Governance Reviewer,KEEP,SOURCE_MISSING_RECHECK,,FALSE,MISSING_SOURCE_AT_EXECUTION,"A005 listed this external reference path, but it is not present in the current workspace; no delete or move was performed."
참고 Context/2. 트레이딩뷰 Sourcecode/Monthly Returns in PineScript Strategies.txt,UNKNOWN_NEEDS_REVIEW,4270,Research Governance,Governance Reviewer,KEEP,SOURCE_MISSING_RECHECK,,FALSE,MISSING_SOURCE_AT_EXECUTION,"A005 listed this external reference path, but it is not present in the current workspace; no delete or move was performed."
참고 Context/2. 트레이딩뷰 Sourcecode/Template Trailing Strategy (Backtester).txt,UNKNOWN_NEEDS_REVIEW,287677,Research Governance,Governance Reviewer,KEEP,SOURCE_MISSING_RECHECK,,FALSE,MISSING_SOURCE_AT_EXECUTION,"A005 listed this external reference path, but it is not present in the current workspace; no delete or move was performed."
참고 Context/2. 트레이딩뷰 Sourcecode/Traling.SL.Target.txt,UNKNOWN_NEEDS_REVIEW,11261,Research Governance,Governance Reviewer,KEEP,SOURCE_MISSING_RECHECK,,FALSE,MISSING_SOURCE_AT_EXECUTION,"A005 listed this external reference path, but it is not present in the current workspace; no delete or move was performed."
참고 Context/3. Github Source/QuantTraderDL-main/QuantTraderDL-main/.gitignore,UNKNOWN_NEEDS_REVIEW,100,Research Governance,Governance Reviewer,KEEP,SOURCE_MISSING_RECHECK,,FALSE,MISSING_SOURCE_AT_EXECUTION,"A005 listed this external reference path, but it is not present in the current workspace; no delete or move was performed."
참고 Context/3. Github Source/QuantTraderDL-main/QuantTraderDL-main/QuantConnectStrategies/01_Trend_Scanning/research.ipynb,UNKNOWN_NEEDS_REVIEW,5591557,Research Governance,Governance Reviewer,KEEP,SOURCE_MISSING_RECHECK,,FALSE,MISSING_SOURCE_AT_EXECUTION,"A005 listed this external reference path, but it is not present in the current workspace; no delete or move was performed."
참고 Context/3. Github Source/QuantTraderDL-main/QuantTraderDL-main/QuantConnectStrategies/02_Factor_Preprocessing_Techniques_for_Regime_Detection/research.ipynb,UNKNOWN_NEEDS_REVIEW,6564551,Research Governance,Governance Reviewer,KEEP,SOURCE_MISSING_RECHECK,,FALSE,MISSING_SOURCE_AT_EXECUTION,"A005 listed this external reference path, but it is not present in the current workspace; no delete or move was performed."
참고 Context/3. Github Source/QuantTraderDL-main/QuantTraderDL-main/QuantConnectStrategies/03_Reversion_vs_Trending_Strategy_Selection/F-F_Momentum_Factor_daily.csv,UNKNOWN_NEEDS_REVIEW,439486,Research Governance,Governance Reviewer,KEEP,SOURCE_MISSING_RECHECK,,FALSE,MISSING_SOURCE_AT_EXECUTION,"A005 listed this external reference path, but it is not present in the current workspace; no delete or move was performed."
참고 Context/3. Github Source/QuantTraderDL-main/QuantTraderDL-main/QuantConnectStrategies/03_Reversion_vs_Trending_Strategy_Selection/F-F_ST_Reversal_Factor_daily.csv,UNKNOWN_NEEDS_REVIEW,443399,Research Governance,Governance Reviewer,KEEP,SOURCE_MISSING_RECHECK,,FALSE,MISSING_SOURCE_AT_EXECUTION,"A005 listed this external reference path, but it is not present in the current workspace; no delete or move was performed."
참고 Context/3. Github Source/QuantTraderDL-main/QuantTraderDL-main/QuantConnectStrategies/03_Reversion_vs_Trending_Strategy_Selection/model_search.ipynb,UNKNOWN_NEEDS_REVIEW,1482264,Research Governance,Governance Reviewer,KEEP,SOURCE_MISSING_RECHECK,,FALSE,MISSING_SOURCE_AT_EXECUTION,"A005 listed this external reference path, but it is not present in the current workspace; no delete or move was performed."
참고 Context/3. Github Source/QuantTraderDL-main/QuantTraderDL-main/QuantConnectStrategies/03_Reversion_vs_Trending_Strategy_Selection/research.ipynb,UNKNOWN_NEEDS_REVIEW,5809741,Research Governance,Governance Reviewer,KEEP,SOURCE_MISSING_RECHECK,,FALSE,MISSING_SOURCE_AT_EXECUTION,"A005 listed this external reference path, but it is not present in the current workspace; no delete or move was performed."
참고 Context/3. Github Source/QuantTraderDL-main/QuantTraderDL-main/QuantConnectStrategies/04_Hidden_Markov_Models/01_Equities/main.py,UNKNOWN_NEEDS_REVIEW,3183,Research Governance,Governance Reviewer,KEEP,SOURCE_MISSING_RECHECK,,FALSE,MISSING_SOURCE_AT_EXECUTION,"A005 listed this external reference path, but it is not present in the current workspace; no delete or move was performed."
참고 Context/3. Github Source/QuantTraderDL-main/QuantTraderDL-main/QuantConnectStrategies/04_Hidden_Markov_Models/02_Equity_Options/main.py,UNKNOWN_NEEDS_REVIEW,5971,Research Governance,Governance Reviewer,KEEP,SOURCE_MISSING_RECHECK,,FALSE,MISSING_SOURCE_AT_EXECUTION,"A005 listed this external reference path, but it is not present in the current workspace; no delete or move was performed."
참고 Context/3. Github Source/QuantTraderDL-main/QuantTraderDL-main/QuantConnectStrategies/05_FX_SVM_Wavelet_Forecasting/main.py,UNKNOWN_NEEDS_REVIEW,2656,Research Governance,Governance Reviewer,KEEP,SOURCE_MISSING_RECHECK,,FALSE,MISSING_SOURCE_AT_EXECUTION,"A005 listed this external reference path, but it is not present in the current workspace; no delete or move was performed."
참고 Context/3. Github Source/QuantTraderDL-main/QuantTraderDL-main/QuantConnectStrategies/05_FX_SVM_Wavelet_Forecasting/svmwavelet.py,UNKNOWN_NEEDS_REVIEW,6030,Research Governance,Governance Reviewer,KEEP,SOURCE_MISSING_RECHECK,,FALSE,MISSING_SOURCE_AT_EXECUTION,"A005 listed this external reference path, but it is not present in the current workspace; no delete or move was performed."
참고 Context/3. Github Source/QuantTraderDL-main/QuantTraderDL-main/QuantConnectStrategies/06_Dividend_Harvesting_Selection_of_High-Yield_Assets/main.py,UNKNOWN_NEEDS_REVIEW,6818,Research Governance,Governance Reviewer,KEEP,SOURCE_MISSING_RECHECK,,FALSE,MISSING_SOURCE_AT_EXECUTION,"A005 listed this external reference path, but it is not present in the current workspace; no delete or move was performed."
참고 Context/3. Github Source/QuantTraderDL-main/QuantTraderDL-main/QuantConnectStrategies/06_Dividend_Harvesting_Selection_of_High-Yield_Assets/symboldata.py,UNKNOWN_NEEDS_REVIEW,6653,Research Governance,Governance Reviewer,KEEP,SOURCE_MISSING_RECHECK,,FALSE,MISSING_SOURCE_AT_EXECUTION,"A005 listed this external reference path, but it is not present in the current workspace; no delete or move was performed."
참고 Context/3. Github Source/QuantTraderDL-main/QuantTraderDL-main/QuantConnectStrategies/07_Effect_of_Positive-Negative_Splits/main.py,UNKNOWN_NEEDS_REVIEW,8017,Research Governance,Governance Reviewer,KEEP,SOURCE_MISSING_RECHECK,,FALSE,MISSING_SOURCE_AT_EXECUTION,"A005 listed this external reference path, but it is not present in the current workspace; no delete or move was performed."
참고 Context/3. Github Source/QuantTraderDL-main/QuantTraderDL-main/QuantConnectStrategies/08_Stoploss_Based_on_Historical_Volatility_and _Drawdown_Recovery/01 Benchmark - Fixed Percentage Stop Loss/footnotes.txt,UNKNOWN_NEEDS_REVIEW,680,Research Governance,Governance Reviewer,KEEP,SOURCE_MISSING_RECHECK,,FALSE,MISSING_SOURCE_AT_EXECUTION,"A005 listed this external reference path, but it is not present in the current workspace; no delete or move was performed."
참고 Context/3. Github Source/QuantTraderDL-main/QuantTraderDL-main/QuantConnectStrategies/08_Stoploss_Based_on_Historical_Volatility_and _Drawdown_Recovery/01 Benchmark - Fixed Percentage Stop Loss/main.py,UNKNOWN_NEEDS_REVIEW,1721,Research Governance,Governance Reviewer,KEEP,SOURCE_MISSING_RECHECK,,FALSE,MISSING_SOURCE_AT_EXECUTION,"A005 listed this external reference path, but it is not present in the current workspace; no delete or move was performed."
참고 Context/3. Github Source/QuantTraderDL-main/QuantTraderDL-main/QuantConnectStrategies/08_Stoploss_Based_on_Historical_Volatility_and _Drawdown_Recovery/01 Benchmark - Fixed Percentage Stop Loss/tearsheet1.png,UNKNOWN_NEEDS_REVIEW,116372,Research Governance,Governance Reviewer,KEEP,SOURCE_MISSING_RECHECK,,FALSE,MISSING_SOURCE_AT_EXECUTION,"A005 listed this external reference path, but it is not present in the current workspace; no delete or move was performed."
참고 Context/3. Github Source/QuantTraderDL-main/QuantTraderDL-main/QuantConnectStrategies/08_Stoploss_Based_on_Historical_Volatility_and _Drawdown_Recovery/01 Benchmark - Fixed Percentage Stop Loss/tearsheet2.png,UNKNOWN_NEEDS_REVIEW,202638,Research Governance,Governance Reviewer,KEEP,SOURCE_MISSING_RECHECK,,FALSE,MISSING_SOURCE_AT_EXECUTION,"A005 listed this external reference path, but it is not present in the current workspace; no delete or move was performed."
참고 Context/3. Github Source/QuantTraderDL-main/QuantTraderDL-main/QuantConnectStrategies/08_Stoploss_Based_on_Historical_Volatility_and _Drawdown_Recovery/02 ML Placed Stop Loss/footnotes.txt,UNKNOWN_NEEDS_REVIEW,1016,Research Governance,Governance Reviewer,KEEP,SOURCE_MISSING_RECHECK,,FALSE,MISSING_SOURCE_AT_EXECUTION,"A005 listed this external reference path, but it is not present in the current workspace; no delete or move was performed."
참고 Context/3. Github Source/QuantTraderDL-main/QuantTraderDL-main/QuantConnectStrategies/08_Stoploss_Based_on_Historical_Volatility_and _Drawdown_Recovery/02 ML Placed Stop Loss/main.py,UNKNOWN_NEEDS_REVIEW,7367,Research Governance,Governance Reviewer,KEEP,SOURCE_MISSING_RECHECK,,FALSE,MISSING_SOURCE_AT_EXECUTION,"A005 listed this external reference path, but it is not present in the current workspace; no delete or move was performed."
참고 Context/3. Github Source/QuantTraderDL-main/QuantTraderDL-main/QuantConnectStrategies/08_Stoploss_Based_on_Historical_Volatility_and _Drawdown_Recovery/02 ML Placed Stop Loss/tearsheet1.png,UNKNOWN_NEEDS_REVIEW,248003,Research Governance,Governance Reviewer,KEEP,SOURCE_MISSING_RECHECK,,FALSE,MISSING_SOURCE_AT_EXECUTION,"A005 listed this external reference path, but it is not present in the current workspace; no delete or move was performed."
참고 Context/3. Github Source/QuantTraderDL-main/QuantTraderDL-main/QuantConnectStrategies/08_Stoploss_Based_on_Historical_Volatility_and _Drawdown_Recovery/02 ML Placed Stop Loss/tearsheet2.png,UNKNOWN_NEEDS_REVIEW,200116,Research Governance,Governance Reviewer,KEEP,SOURCE_MISSING_RECHECK,,FALSE,MISSING_SOURCE_AT_EXECUTION,"A005 listed this external reference path, but it is not present in the current workspace; no delete or move was performed."
참고 Context/3. Github Source/QuantTraderDL-main/QuantTraderDL-main/QuantConnectStrategies/08_Stoploss_Based_on_Historical_Volatility_and _Drawdown_Recovery/03 ML Put Option Hedge/footnotes.txt,UNKNOWN_NEEDS_REVIEW,124,Research Governance,Governance Reviewer,KEEP,SOURCE_MISSING_RECHECK,,FALSE,MISSING_SOURCE_AT_EXECUTION,"A005 listed this external reference path, but it is not present in the current workspace; no delete or move was performed."
참고 Context/3. Github Source/QuantTraderDL-main/QuantTraderDL-main/QuantConnectStrategies/08_Stoploss_Based_on_Historical_Volatility_and _Drawdown_Recovery/03 ML Put Option Hedge/main.py,UNKNOWN_NEEDS_REVIEW,8174,Research Governance,Governance Reviewer,KEEP,SOURCE_MISSING_RECHECK,,FALSE,MISSING_SOURCE_AT_EXECUTION,"A005 listed this external reference path, but it is not present in the current workspace; no delete or move was performed."
참고 Context/3. Github Source/QuantTraderDL-main/QuantTraderDL-main/QuantConnectStrategies/08_Stoploss_Based_on_Historical_Volatility_and _Drawdown_Recovery/03 ML Put Option Hedge/research.ipynb,UNKNOWN_NEEDS_REVIEW,1977,Research Governance,Governance Reviewer,KEEP,SOURCE_MISSING_RECHECK,,FALSE,MISSING_SOURCE_AT_EXECUTION,"A005 listed this external reference path, but it is not present in the current workspace; no delete or move was performed."
참고 Context/3. Github Source/QuantTraderDL-main/QuantTraderDL-main/QuantConnectStrategies/08_Stoploss_Based_on_Historical_Volatility_and _Drawdown_Recovery/03 ML Put Option Hedge/tearsheet1.png,UNKNOWN_NEEDS_REVIEW,189258,Research Governance,Governance Reviewer,KEEP,SOURCE_MISSING_RECHECK,,FALSE,MISSING_SOURCE_AT_EXECUTION,"A005 listed this external reference path, but it is not present in the current workspace; no delete or move was performed."
참고 Context/3. Github Source/QuantTraderDL-main/QuantTraderDL-main/QuantConnectStrategies/08_Stoploss_Based_on_Historical_Volatility_and _Drawdown_Recovery/03 ML Put Option Hedge/tearsheet2.png,UNKNOWN_NEEDS_REVIEW,169215,Research Governance,Governance Reviewer,KEEP,SOURCE_MISSING_RECHECK,,FALSE,MISSING_SOURCE_AT_EXECUTION,"A005 listed this external reference path, but it is not present in the current workspace; no delete or move was performed."
참고 Context/3. Github Source/QuantTraderDL-main/QuantTraderDL-main/QuantConnectStrategies/09_ML_Trading_Pairs_Selection/research.ipynb,UNKNOWN_NEEDS_REVIEW,12079489,Research Governance,Governance Reviewer,KEEP,SOURCE_MISSING_RECHECK,,FALSE,MISSING_SOURCE_AT_EXECUTION,"A005 listed this external reference path, but it is not present in the current workspace; no delete or move was performed."
참고 Context/3. Github Source/QuantTraderDL-main/QuantTraderDL-main/QuantConnectStrategies/10_Stock_Selection_through_Clustering_Fundamental_Data/footnotes.txt,UNKNOWN_NEEDS_REVIEW,1149,Research Governance,Governance Reviewer,KEEP,SOURCE_MISSING_RECHECK,,FALSE,MISSING_SOURCE_AT_EXECUTION,"A005 listed this external reference path, but it is not present in the current workspace; no delete or move was performed."
참고 Context/3. Github Source/QuantTraderDL-main/QuantTraderDL-main/QuantConnectStrategies/10_Stock_Selection_through_Clustering_Fundamental_Data/main.py,UNKNOWN_NEEDS_REVIEW,13104,Research Governance,Governance Reviewer,KEEP,SOURCE_MISSING_RECHECK,,FALSE,MISSING_SOURCE_AT_EXECUTION,"A005 listed this external reference path, but it is not present in the current workspace; no delete or move was performed."
참고 Context/3. Github Source/QuantTraderDL-main/QuantTraderDL-main/QuantConnectStrategies/10_Stock_Selection_through_Clustering_Fundamental_Data/tearsheet1.png,UNKNOWN_NEEDS_REVIEW,141464,Research Governance,Governance Reviewer,KEEP,SOURCE_MISSING_RECHECK,,FALSE,MISSING_SOURCE_AT_EXECUTION,"A005 listed this external reference path, but it is not present in the current workspace; no delete or move was performed."
참고 Context/3. Github Source/QuantTraderDL-main/QuantTraderDL-main/QuantConnectStrategies/10_Stock_Selection_through_Clustering_Fundamental_Data/tearsheet2.png,UNKNOWN_NEEDS_REVIEW,199492,Research Governance,Governance Reviewer,KEEP,SOURCE_MISSING_RECHECK,,FALSE,MISSING_SOURCE_AT_EXECUTION,"A005 listed this external reference path, but it is not present in the current workspace; no delete or move was performed."
참고 Context/3. Github Source/QuantTraderDL-main/QuantTraderDL-main/QuantConnectStrategies/11_Inverse_Volatility_Rank_and_Allocate_to_Future_Contracts/footnotes.txt,UNKNOWN_NEEDS_REVIEW,826,Research Governance,Governance Reviewer,KEEP,SOURCE_MISSING_RECHECK,,FALSE,MISSING_SOURCE_AT_EXECUTION,"A005 listed this external reference path, but it is not present in the current workspace; no delete or move was performed."
참고 Context/3. Github Source/QuantTraderDL-main/QuantTraderDL-main/QuantConnectStrategies/11_Inverse_Volatility_Rank_and_Allocate_to_Future_Contracts/main.py,UNKNOWN_NEEDS_REVIEW,9050,Research Governance,Governance Reviewer,KEEP,SOURCE_MISSING_RECHECK,,FALSE,MISSING_SOURCE_AT_EXECUTION,"A005 listed this external reference path, but it is not present in the current workspace; no delete or move was performed."
참고 Context/3. Github Source/QuantTraderDL-main/QuantTraderDL-main/QuantConnectStrategies/11_Inverse_Volatility_Rank_and_Allocate_to_Future_Contracts/tearsheet1.png,UNKNOWN_NEEDS_REVIEW,187491,Research Governance,Governance Reviewer,KEEP,SOURCE_MISSING_RECHECK,,FALSE,MISSING_SOURCE_AT_EXECUTION,"A005 listed this external reference path, but it is not present in the current workspace; no delete or move was performed."
참고 Context/3. Github Source/QuantTraderDL-main/QuantTraderDL-main/QuantConnectStrategies/11_Inverse_Volatility_Rank_and_Allocate_to_Future_Contracts/tearsheet2.png,UNKNOWN_NEEDS_REVIEW,192534,Research Governance,Governance Reviewer,KEEP,SOURCE_MISSING_RECHECK,,FALSE,MISSING_SOURCE_AT_EXECUTION,"A005 listed this external reference path, but it is not present in the current workspace; no delete or move was performed."
참고 Context/3. Github Source/QuantTraderDL-main/QuantTraderDL-main/QuantConnectStrategies/12_Trading_Costs_Optimization/main.py,UNKNOWN_NEEDS_REVIEW,7345,Research Governance,Governance Reviewer,KEEP,SOURCE_MISSING_RECHECK,,FALSE,MISSING_SOURCE_AT_EXECUTION,"A005 listed this external reference path, but it is not present in the current workspace; no delete or move was performed."
참고 Context/3. Github Source/QuantTraderDL-main/QuantTraderDL-main/QuantConnectStrategies/12_Trading_Costs_Optimization/research.ipynb,UNKNOWN_NEEDS_REVIEW,3903538,Research Governance,Governance Reviewer,KEEP,SOURCE_MISSING_RECHECK,,FALSE,MISSING_SOURCE_AT_EXECUTION,"A005 listed this external reference path, but it is not present in the current workspace; no delete or move was performed."
참고 Context/3. Github Source/QuantTraderDL-main/QuantTraderDL-main/QuantConnectStrategies/13_PCA_Statistical_Arbitrage_Mean_Reversion/footnotes.txt,UNKNOWN_NEEDS_REVIEW,1049,Research Governance,Governance Reviewer,KEEP,SOURCE_MISSING_RECHECK,,FALSE,MISSING_SOURCE_AT_EXECUTION,"A005 listed this external reference path, but it is not present in the current workspace; no delete or move was performed."
참고 Context/3. Github Source/QuantTraderDL-main/QuantTraderDL-main/QuantConnectStrategies/13_PCA_Statistical_Arbitrage_Mean_Reversion/main.py,UNKNOWN_NEEDS_REVIEW,5455,Research Governance,Governance Reviewer,KEEP,SOURCE_MISSING_RECHECK,,FALSE,MISSING_SOURCE_AT_EXECUTION,"A005 listed this external reference path, but it is not present in the current workspace; no delete or move was performed."
참고 Context/3. Github Source/QuantTraderDL-main/QuantTraderDL-main/QuantConnectStrategies/13_PCA_Statistical_Arbitrage_Mean_Reversion/tearsheet1.png,UNKNOWN_NEEDS_REVIEW,142648,Research Governance,Governance Reviewer,KEEP,SOURCE_MISSING_RECHECK,,FALSE,MISSING_SOURCE_AT_EXECUTION,"A005 listed this external reference path, but it is not present in the current workspace; no delete or move was performed."
참고 Context/3. Github Source/QuantTraderDL-main/QuantTraderDL-main/QuantConnectStrategies/13_PCA_Statistical_Arbitrage_Mean_Reversion/tearsheet2.png,UNKNOWN_NEEDS_REVIEW,197359,Research Governance,Governance Reviewer,KEEP,SOURCE_MISSING_RECHECK,,FALSE,MISSING_SOURCE_AT_EXECUTION,"A005 listed this external reference path, but it is not present in the current workspace; no delete or move was performed."
참고 Context/3. Github Source/QuantTraderDL-main/QuantTraderDL-main/QuantConnectStrategies/14_Temporal_CNN_Prediction/footnotes.txt,UNKNOWN_NEEDS_REVIEW,1024,Research Governance,Governance Reviewer,KEEP,SOURCE_MISSING_RECHECK,,FALSE,MISSING_SOURCE_AT_EXECUTION,"A005 listed this external reference path, but it is not present in the current workspace; no delete or move was performed."
참고 Context/3. Github Source/QuantTraderDL-main/QuantTraderDL-main/QuantConnectStrategies/14_Temporal_CNN_Prediction/main.py,UNKNOWN_NEEDS_REVIEW,5804,Research Governance,Governance Reviewer,KEEP,SOURCE_MISSING_RECHECK,,FALSE,MISSING_SOURCE_AT_EXECUTION,"A005 listed this external reference path, but it is not present in the current workspace; no delete or move was performed."
참고 Context/3. Github Source/QuantTraderDL-main/QuantTraderDL-main/QuantConnectStrategies/14_Temporal_CNN_Prediction/tearsheet1.png,UNKNOWN_NEEDS_REVIEW,278399,Research Governance,Governance Reviewer,KEEP,SOURCE_MISSING_RECHECK,,FALSE,MISSING_SOURCE_AT_EXECUTION,"A005 listed this external reference path, but it is not present in the current workspace; no delete or move was performed."
참고 Context/3. Github Source/QuantTraderDL-main/QuantTraderDL-main/QuantConnectStrategies/14_Temporal_CNN_Prediction/tearsheet2.png,UNKNOWN_NEEDS_REVIEW,209400,Research Governance,Governance Reviewer,KEEP,SOURCE_MISSING_RECHECK,,FALSE,MISSING_SOURCE_AT_EXECUTION,"A005 listed this external reference path, but it is not present in the current workspace; no delete or move was performed."
참고 Context/3. Github Source/QuantTraderDL-main/QuantTraderDL-main/QuantConnectStrategies/14_Temporal_CNN_Prediction/temporalcnn.py,UNKNOWN_NEEDS_REVIEW,6883,Research Governance,Governance Reviewer,KEEP,SOURCE_MISSING_RECHECK,,FALSE,MISSING_SOURCE_AT_EXECUTION,"A005 listed this external reference path, but it is not present in the current workspace; no delete or move was performed."
참고 Context/3. Github Source/QuantTraderDL-main/QuantTraderDL-main/QuantConnectStrategies/15_Gaussian_Classifier_for_Direction_Prediction/footnotes.txt,UNKNOWN_NEEDS_REVIEW,1174,Research Governance,Governance Reviewer,KEEP,SOURCE_MISSING_RECHECK,,FALSE,MISSING_SOURCE_AT_EXECUTION,"A005 listed this external reference path, but it is not present in the current workspace; no delete or move was performed."
참고 Context/3. Github Source/QuantTraderDL-main/QuantTraderDL-main/QuantConnectStrategies/15_Gaussian_Classifier_for_Direction_Prediction/main.py,UNKNOWN_NEEDS_REVIEW,10831,Research Governance,Governance Reviewer,KEEP,SOURCE_MISSING_RECHECK,,FALSE,MISSING_SOURCE_AT_EXECUTION,"A005 listed this external reference path, but it is not present in the current workspace; no delete or move was performed."
참고 Context/3. Github Source/QuantTraderDL-main/QuantTraderDL-main/QuantConnectStrategies/15_Gaussian_Classifier_for_Direction_Prediction/tearsheet1.png,UNKNOWN_NEEDS_REVIEW,146968,Research Governance,Governance Reviewer,KEEP,SOURCE_MISSING_RECHECK,,FALSE,MISSING_SOURCE_AT_EXECUTION,"A005 listed this external reference path, but it is not present in the current workspace; no delete or move was performed."
참고 Context/3. Github Source/QuantTraderDL-main/QuantTraderDL-main/QuantConnectStrategies/15_Gaussian_Classifier_for_Direction_Prediction/tearsheet2.png,UNKNOWN_NEEDS_REVIEW,201972,Research Governance,Governance Reviewer,KEEP,SOURCE_MISSING_RECHECK,,FALSE,MISSING_SOURCE_AT_EXECUTION,"A005 listed this external reference path, but it is not present in the current workspace; no delete or move was performed."
참고 Context/3. Github Source/QuantTraderDL-main/QuantTraderDL-main/QuantConnectStrategies/16_LLM_Summarization_of_Tiingo_News_Articles/footnotes.txt,UNKNOWN_NEEDS_REVIEW,85,Research Governance,Governance Reviewer,KEEP,SOURCE_MISSING_RECHECK,,FALSE,MISSING_SOURCE_AT_EXECUTION,"A005 listed this external reference path, but it is not present in the current workspace; no delete or move was performed."
참고 Context/3. Github Source/QuantTraderDL-main/QuantTraderDL-main/QuantConnectStrategies/16_LLM_Summarization_of_Tiingo_News_Articles/main.py,UNKNOWN_NEEDS_REVIEW,2932,Research Governance,Governance Reviewer,KEEP,SOURCE_MISSING_RECHECK,,FALSE,MISSING_SOURCE_AT_EXECUTION,"A005 listed this external reference path, but it is not present in the current workspace; no delete or move was performed."
참고 Context/3. Github Source/QuantTraderDL-main/QuantTraderDL-main/QuantConnectStrategies/16_LLM_Summarization_of_Tiingo_News_Articles/research.ipynb,UNKNOWN_NEEDS_REVIEW,4390604,Research Governance,Governance Reviewer,KEEP,SOURCE_MISSING_RECHECK,,FALSE,MISSING_SOURCE_AT_EXECUTION,"A005 listed this external reference path, but it is not present in the current workspace; no delete or move was performed."
참고 Context/3. Github Source/QuantTraderDL-main/QuantTraderDL-main/QuantConnectStrategies/16_LLM_Summarization_of_Tiingo_News_Articles/tearsheet1.png,UNKNOWN_NEEDS_REVIEW,153779,Research Governance,Governance Reviewer,KEEP,SOURCE_MISSING_RECHECK,,FALSE,MISSING_SOURCE_AT_EXECUTION,"A005 listed this external reference path, but it is not present in the current workspace; no delete or move was performed."
참고 Context/3. Github Source/QuantTraderDL-main/QuantTraderDL-main/QuantConnectStrategies/16_LLM_Summarization_of_Tiingo_News_Articles/tearsheet2.png,UNKNOWN_NEEDS_REVIEW,18820,Research Governance,Governance Reviewer,KEEP,SOURCE_MISSING_RECHECK,,FALSE,MISSING_SOURCE_AT_EXECUTION,"A005 listed this external reference path, but it is not present in the current workspace; no delete or move was performed."
참고 Context/3. Github Source/QuantTraderDL-main/QuantTraderDL-main/QuantConnectStrategies/17_Head_Shoulders_Pattern_Matching_with_CNN/footnotes.txt,UNKNOWN_NEEDS_REVIEW,889,Research Governance,Governance Reviewer,KEEP,SOURCE_MISSING_RECHECK,,FALSE,MISSING_SOURCE_AT_EXECUTION,"A005 listed this external reference path, but it is not present in the current workspace; no delete or move was performed."
참고 Context/3. Github Source/QuantTraderDL-main/QuantTraderDL-main/QuantConnectStrategies/17_Head_Shoulders_Pattern_Matching_with_CNN/main.py,UNKNOWN_NEEDS_REVIEW,6184,Research Governance,Governance Reviewer,KEEP,SOURCE_MISSING_RECHECK,,FALSE,MISSING_SOURCE_AT_EXECUTION,"A005 listed this external reference path, but it is not present in the current workspace; no delete or move was performed."
참고 Context/3. Github Source/QuantTraderDL-main/QuantTraderDL-main/QuantConnectStrategies/17_Head_Shoulders_Pattern_Matching_with_CNN/research.ipynb,UNKNOWN_NEEDS_REVIEW,4462386,Research Governance,Governance Reviewer,KEEP,SOURCE_MISSING_RECHECK,,FALSE,MISSING_SOURCE_AT_EXECUTION,"A005 listed this external reference path, but it is not present in the current workspace; no delete or move was performed."
참고 Context/3. Github Source/QuantTraderDL-main/QuantTraderDL-main/QuantConnectStrategies/17_Head_Shoulders_Pattern_Matching_with_CNN/tearsheet1.png,UNKNOWN_NEEDS_REVIEW,109950,Research Governance,Governance Reviewer,KEEP,SOURCE_MISSING_RECHECK,,FALSE,MISSING_SOURCE_AT_EXECUTION,"A005 listed this external reference path, but it is not present in the current workspace; no delete or move was performed."
참고 Context/3. Github Source/QuantTraderDL-main/QuantTraderDL-main/QuantConnectStrategies/17_Head_Shoulders_Pattern_Matching_with_CNN/tearsheet2.png,UNKNOWN_NEEDS_REVIEW,145237,Research Governance,Governance Reviewer,KEEP,SOURCE_MISSING_RECHECK,,FALSE,MISSING_SOURCE_AT_EXECUTION,"A005 listed this external reference path, but it is not present in the current workspace; no delete or move was performed."
참고 Context/3. Github Source/QuantTraderDL-main/QuantTraderDL-main/QuantConnectStrategies/18_Amazon_Chronos_Model/01 Base Model/footnotes.txt,UNKNOWN_NEEDS_REVIEW,200,Research Governance,Governance Reviewer,KEEP,SOURCE_MISSING_RECHECK,,FALSE,MISSING_SOURCE_AT_EXECUTION,"A005 listed this external reference path, but it is not present in the current workspace; no delete or move was performed."
참고 Context/3. Github Source/QuantTraderDL-main/QuantTraderDL-main/QuantConnectStrategies/18_Amazon_Chronos_Model/01 Base Model/main.py,UNKNOWN_NEEDS_REVIEW,5332,Research Governance,Governance Reviewer,KEEP,SOURCE_MISSING_RECHECK,,FALSE,MISSING_SOURCE_AT_EXECUTION,"A005 listed this external reference path, but it is not present in the current workspace; no delete or move was performed."
참고 Context/3. Github Source/QuantTraderDL-main/QuantTraderDL-main/QuantConnectStrategies/18_Amazon_Chronos_Model/01 Base Model/tearsheet1.png,UNKNOWN_NEEDS_REVIEW,91519,Research Governance,Governance Reviewer,KEEP,SOURCE_MISSING_RECHECK,,FALSE,MISSING_SOURCE_AT_EXECUTION,"A005 listed this external reference path, but it is not present in the current workspace; no delete or move was performed."
참고 Context/3. Github Source/QuantTraderDL-main/QuantTraderDL-main/QuantConnectStrategies/18_Amazon_Chronos_Model/01 Base Model/tearsheet2.png,UNKNOWN_NEEDS_REVIEW,171024,Research Governance,Governance Reviewer,KEEP,SOURCE_MISSING_RECHECK,,FALSE,MISSING_SOURCE_AT_EXECUTION,"A005 listed this external reference path, but it is not present in the current workspace; no delete or move was performed."
참고 Context/3. Github Source/QuantTraderDL-main/QuantTraderDL-main/QuantConnectStrategies/18_Amazon_Chronos_Model/02 Fine-Tuned Model/footnotes.txt,UNKNOWN_NEEDS_REVIEW,717,Research Governance,Governance Reviewer,KEEP,SOURCE_MISSING_RECHECK,,FALSE,MISSING_SOURCE_AT_EXECUTION,"A005 listed this external reference path, but it is not present in the current workspace; no delete or move was performed."
참고 Context/3. Github Source/QuantTraderDL-main/QuantTraderDL-main/QuantConnectStrategies/18_Amazon_Chronos_Model/02 Fine-Tuned Model/main.py,UNKNOWN_NEEDS_REVIEW,12976,Research Governance,Governance Reviewer,KEEP,SOURCE_MISSING_RECHECK,,FALSE,MISSING_SOURCE_AT_EXECUTION,"A005 listed this external reference path, but it is not present in the current workspace; no delete or move was performed."
참고 Context/3. Github Source/QuantTraderDL-main/QuantTraderDL-main/QuantConnectStrategies/18_Amazon_Chronos_Model/02 Fine-Tuned Model/tearsheet1.png,UNKNOWN_NEEDS_REVIEW,91223,Research Governance,Governance Reviewer,KEEP,SOURCE_MISSING_RECHECK,,FALSE,MISSING_SOURCE_AT_EXECUTION,"A005 listed this external reference path, but it is not present in the current workspace; no delete or move was performed."
참고 Context/3. Github Source/QuantTraderDL-main/QuantTraderDL-main/QuantConnectStrategies/18_Amazon_Chronos_Model/02 Fine-Tuned Model/tearsheet2.png,UNKNOWN_NEEDS_REVIEW,166852,Research Governance,Governance Reviewer,KEEP,SOURCE_MISSING_RECHECK,,FALSE,MISSING_SOURCE_AT_EXECUTION,"A005 listed this external reference path, but it is not present in the current workspace; no delete or move was performed."
참고 Context/3. Github Source/QuantTraderDL-main/QuantTraderDL-main/QuantConnectStrategies/19_FinBERT_Model/01 Base Model/footnotes.txt,UNKNOWN_NEEDS_REVIEW,200,Research Governance,Governance Reviewer,KEEP,SOURCE_MISSING_RECHECK,,FALSE,MISSING_SOURCE_AT_EXECUTION,"A005 listed this external reference path, but it is not present in the current workspace; no delete or move was performed."
참고 Context/3. Github Source/QuantTraderDL-main/QuantTraderDL-main/QuantConnectStrategies/19_FinBERT_Model/01 Base Model/main.py,UNKNOWN_NEEDS_REVIEW,4963,Research Governance,Governance Reviewer,KEEP,SOURCE_MISSING_RECHECK,,FALSE,MISSING_SOURCE_AT_EXECUTION,"A005 listed this external reference path, but it is not present in the current workspace; no delete or move was performed."
참고 Context/3. Github Source/QuantTraderDL-main/QuantTraderDL-main/QuantConnectStrategies/19_FinBERT_Model/01 Base Model/tearsheet1.png,UNKNOWN_NEEDS_REVIEW,127960,Research Governance,Governance Reviewer,KEEP,SOURCE_MISSING_RECHECK,,FALSE,MISSING_SOURCE_AT_EXECUTION,"A005 listed this external reference path, but it is not present in the current workspace; no delete or move was performed."
참고 Context/3. Github Source/QuantTraderDL-main/QuantTraderDL-main/QuantConnectStrategies/19_FinBERT_Model/01 Base Model/tearsheet2.png,UNKNOWN_NEEDS_REVIEW,71784,Research Governance,Governance Reviewer,KEEP,SOURCE_MISSING_RECHECK,,FALSE,MISSING_SOURCE_AT_EXECUTION,"A005 listed this external reference path, but it is not present in the current workspace; no delete or move was performed."
참고 Context/3. Github Source/QuantTraderDL-main/QuantTraderDL-main/QuantConnectStrategies/19_FinBERT_Model/02 Fine-Tuned Model/footnotes.txt,UNKNOWN_NEEDS_REVIEW,200,Research Governance,Governance Reviewer,KEEP,SOURCE_MISSING_RECHECK,,FALSE,MISSING_SOURCE_AT_EXECUTION,"A005 listed this external reference path, but it is not present in the current workspace; no delete or move was performed."
참고 Context/3. Github Source/QuantTraderDL-main/QuantTraderDL-main/QuantConnectStrategies/19_FinBERT_Model/02 Fine-Tuned Model/main.py,UNKNOWN_NEEDS_REVIEW,8185,Research Governance,Governance Reviewer,KEEP,SOURCE_MISSING_RECHECK,,FALSE,MISSING_SOURCE_AT_EXECUTION,"A005 listed this external reference path, but it is not present in the current workspace; no delete or move was performed."
참고 Context/3. Github Source/QuantTraderDL-main/QuantTraderDL-main/QuantConnectStrategies/19_FinBERT_Model/02 Fine-Tuned Model/tearsheet1.png,UNKNOWN_NEEDS_REVIEW,141093,Research Governance,Governance Reviewer,KEEP,SOURCE_MISSING_RECHECK,,FALSE,MISSING_SOURCE_AT_EXECUTION,"A005 listed this external reference path, but it is not present in the current workspace; no delete or move was performed."
참고 Context/3. Github Source/QuantTraderDL-main/QuantTraderDL-main/QuantConnectStrategies/19_FinBERT_Model/02 Fine-Tuned Model/tearsheet2.png,UNKNOWN_NEEDS_REVIEW,69166,Research Governance,Governance Reviewer,KEEP,SOURCE_MISSING_RECHECK,,FALSE,MISSING_SOURCE_AT_EXECUTION,"A005 listed this external reference path, but it is not present in the current workspace; no delete or move was performed."
참고 Context/3. Github Source/QuantTraderDL-main/QuantTraderDL-main/README.md,UNKNOWN_NEEDS_REVIEW,17378,Research Governance,Governance Reviewer,KEEP,SOURCE_MISSING_RECHECK,,FALSE,MISSING_SOURCE_AT_EXECUTION,"A005 listed this external reference path, but it is not present in the current workspace; no delete or move was performed."
참고 Context/3. Github Source/QuantTraderDL-main/QuantTraderDL-main/RL-Trading-Bot/tradingBot_RL.ipynb,UNKNOWN_NEEDS_REVIEW,332346,Research Governance,Governance Reviewer,KEEP,SOURCE_MISSING_RECHECK,,FALSE,MISSING_SOURCE_AT_EXECUTION,"A005 listed this external reference path, but it is not present in the current workspace; no delete or move was performed."
참고 Context/3. Github Source/QuantTraderDL-main/QuantTraderDL-main/Stock-Price-Forecasting-TFT/trading_individual.ipynb,UNKNOWN_NEEDS_REVIEW,177744,Research Governance,Governance Reviewer,KEEP,SOURCE_MISSING_RECHECK,,FALSE,MISSING_SOURCE_AT_EXECUTION,"A005 listed this external reference path, but it is not present in the current workspace; no delete or move was performed."
참고 Context/3. Github Source/QuantTraderDL-main/QuantTraderDL-main/Stock-Price-Forecasting-TFT/trading_multiseries_exog.ipynb,UNKNOWN_NEEDS_REVIEW,150286,Research Governance,Governance Reviewer,KEEP,SOURCE_MISSING_RECHECK,,FALSE,MISSING_SOURCE_AT_EXECUTION,"A005 listed this external reference path, but it is not present in the current workspace; no delete or move was performed."
참고 Context/3. Github Source/QuantTraderDL-main/QuantTraderDL-main/Stock-Price-Forecasting-TFT/trading_multiseries_exog_gauss.ipynb,UNKNOWN_NEEDS_REVIEW,125985,Research Governance,Governance Reviewer,KEEP,SOURCE_MISSING_RECHECK,,FALSE,MISSING_SOURCE_AT_EXECUTION,"A005 listed this external reference path, but it is not present in the current workspace; no delete or move was performed."
참고 Context/3. Github Source/QuantTraderDL-main/QuantTraderDL-main/alternatives/LSTM_gauss.ipynb,UNKNOWN_NEEDS_REVIEW,442782,Research Governance,Governance Reviewer,KEEP,SOURCE_MISSING_RECHECK,,FALSE,MISSING_SOURCE_AT_EXECUTION,"A005 listed this external reference path, but it is not present in the current workspace; no delete or move was performed."
참고 Context/3. Github Source/QuantTraderDL-main/QuantTraderDL-main/alternatives/trading_ffillIndicators.ipynb,UNKNOWN_NEEDS_REVIEW,415887,Research Governance,Governance Reviewer,KEEP,SOURCE_MISSING_RECHECK,,FALSE,MISSING_SOURCE_AT_EXECUTION,"A005 listed this external reference path, but it is not present in the current workspace; no delete or move was performed."
참고 Context/3. Github Source/QuantTraderDL-main/QuantTraderDL-main/alternatives/trading_multiseries_group.ipynb,UNKNOWN_NEEDS_REVIEW,129068,Research Governance,Governance Reviewer,KEEP,SOURCE_MISSING_RECHECK,,FALSE,MISSING_SOURCE_AT_EXECUTION,"A005 listed this external reference path, but it is not present in the current workspace; no delete or move was performed."
참고 Context/3. Github Source/QuantTraderDL-main/QuantTraderDL-main/alternatives/trading_noIndicators_infer_train.ipynb,UNKNOWN_NEEDS_REVIEW,342501,Research Governance,Governance Reviewer,KEEP,SOURCE_MISSING_RECHECK,,FALSE,MISSING_SOURCE_AT_EXECUTION,"A005 listed this external reference path, but it is not present in the current workspace; no delete or move was performed."
참고 Context/3. Github Source/QuantTraderDL-main/QuantTraderDL-main/alternatives/traiding_inferTrain.ipynb,UNKNOWN_NEEDS_REVIEW,394943,Research Governance,Governance Reviewer,KEEP,SOURCE_MISSING_RECHECK,,FALSE,MISSING_SOURCE_AT_EXECUTION,"A005 listed this external reference path, but it is not present in the current workspace; no delete or move was performed."
참고 Context/3. Github Source/QuantTraderDL-main/QuantTraderDL-main/bot_helper.py,UNKNOWN_NEEDS_REVIEW,6581,Research Governance,Governance Reviewer,KEEP,SOURCE_MISSING_RECHECK,,FALSE,MISSING_SOURCE_AT_EXECUTION,"A005 listed this external reference path, but it is not present in the current workspace; no delete or move was performed."
참고 Context/3. Github Source/QuantTraderDL-main/QuantTraderDL-main/data/BTC.csv,UNKNOWN_NEEDS_REVIEW,234376,Research Governance,Governance Reviewer,KEEP,SOURCE_MISSING_RECHECK,,FALSE,MISSING_SOURCE_AT_EXECUTION,"A005 listed this external reference path, but it is not present in the current workspace; no delete or move was performed."
참고 Context/3. Github Source/QuantTraderDL-main/QuantTraderDL-main/data/BTC_bot.csv,UNKNOWN_NEEDS_REVIEW,2538614,Research Governance,Governance Reviewer,KEEP,SOURCE_MISSING_RECHECK,,FALSE,MISSING_SOURCE_AT_EXECUTION,"A005 listed this external reference path, but it is not present in the current workspace; no delete or move was performed."
참고 Context/3. Github Source/QuantTraderDL-main/QuantTraderDL-main/data/Datos históricos del Dow Jones.csv,UNKNOWN_NEEDS_REVIEW,1971,Research Governance,Governance Reviewer,KEEP,SOURCE_MISSING_RECHECK,,FALSE,MISSING_SOURCE_AT_EXECUTION,"A005 listed this external reference path, but it is not present in the current workspace; no delete or move was performed."
참고 Context/3. Github Source/QuantTraderDL-main/QuantTraderDL-main/data/DowJones.csv,UNKNOWN_NEEDS_REVIEW,317640,Research Governance,Governance Reviewer,KEEP,SOURCE_MISSING_RECHECK,,FALSE,MISSING_SOURCE_AT_EXECUTION,"A005 listed this external reference path, but it is not present in the current workspace; no delete or move was performed."
참고 Context/3. Github Source/QuantTraderDL-main/QuantTraderDL-main/data/EUStoxx50.csv,UNKNOWN_NEEDS_REVIEW,252891,Research Governance,Governance Reviewer,KEEP,SOURCE_MISSING_RECHECK,,FALSE,MISSING_SOURCE_AT_EXECUTION,"A005 listed this external reference path, but it is not present in the current workspace; no delete or move was performed."
참고 Context/3. Github Source/QuantTraderDL-main/QuantTraderDL-main/data/FedFundsEffRate.csv,UNKNOWN_NEEDS_REVIEW,13562,Research Governance,Governance Reviewer,KEEP,SOURCE_MISSING_RECHECK,,FALSE,MISSING_SOURCE_AT_EXECUTION,"A005 listed this external reference path, but it is not present in the current workspace; no delete or move was performed."
참고 Context/3. Github Source/QuantTraderDL-main/QuantTraderDL-main/data/GBP_USD.csv,UNKNOWN_NEEDS_REVIEW,235397,Research Governance,Governance Reviewer,KEEP,SOURCE_MISSING_RECHECK,,FALSE,MISSING_SOURCE_AT_EXECUTION,"A005 listed this external reference path, but it is not present in the current workspace; no delete or move was performed."
참고 Context/3. Github Source/QuantTraderDL-main/QuantTraderDL-main/data/IBEX35.csv,UNKNOWN_NEEDS_REVIEW,291711,Research Governance,Governance Reviewer,KEEP,SOURCE_MISSING_RECHECK,,FALSE,MISSING_SOURCE_AT_EXECUTION,"A005 listed this external reference path, but it is not present in the current workspace; no delete or move was performed."
참고 Context/3. Github Source/QuantTraderDL-main/QuantTraderDL-main/data/IIAA_sentiment.xls,UNKNOWN_NEEDS_REVIEW,1108992,Research Governance,Governance Reviewer,KEEP,SOURCE_MISSING_RECHECK,,FALSE,MISSING_SOURCE_AT_EXECUTION,"A005 listed this external reference path, but it is not present in the current workspace; no delete or move was performed."
참고 Context/3. Github Source/QuantTraderDL-main/QuantTraderDL-main/data/Nasdaq.csv,UNKNOWN_NEEDS_REVIEW,286116,Research Governance,Governance Reviewer,KEEP,SOURCE_MISSING_RECHECK,,FALSE,MISSING_SOURCE_AT_EXECUTION,"A005 listed this external reference path, but it is not present in the current workspace; no delete or move was performed."
참고 Context/3. Github Source/QuantTraderDL-main/QuantTraderDL-main/data/S&P500.csv,UNKNOWN_NEEDS_REVIEW,255332,Research Governance,Governance Reviewer,KEEP,SOURCE_MISSING_RECHECK,,FALSE,MISSING_SOURCE_AT_EXECUTION,"A005 listed this external reference path, but it is not present in the current workspace; no delete or move was performed."
참고 Context/3. Github Source/QuantTraderDL-main/QuantTraderDL-main/data/S&P500Futures.csv,UNKNOWN_NEEDS_REVIEW,287510,Research Governance,Governance Reviewer,KEEP,SOURCE_MISSING_RECHECK,,FALSE,MISSING_SOURCE_AT_EXECUTION,"A005 listed this external reference path, but it is not present in the current workspace; no delete or move was performed."
참고 Context/3. Github Source/QuantTraderDL-main/QuantTraderDL-main/data/USD_EUR.csv,UNKNOWN_NEEDS_REVIEW,242103,Research Governance,Governance Reviewer,KEEP,SOURCE_MISSING_RECHECK,,FALSE,MISSING_SOURCE_AT_EXECUTION,"A005 listed this external reference path, but it is not present in the current workspace; no delete or move was performed."
참고 Context/3. Github Source/QuantTraderDL-main/QuantTraderDL-main/data/USTech100.csv,UNKNOWN_NEEDS_REVIEW,286668,Research Governance,Governance Reviewer,KEEP,SOURCE_MISSING_RECHECK,,FALSE,MISSING_SOURCE_AT_EXECUTION,"A005 listed this external reference path, but it is not present in the current workspace; no delete or move was performed."
참고 Context/3. Github Source/QuantTraderDL-main/QuantTraderDL-main/data/VIX_FRED.csv,UNKNOWN_NEEDS_REVIEW,21971,Research Governance,Governance Reviewer,KEEP,SOURCE_MISSING_RECHECK,,FALSE,MISSING_SOURCE_AT_EXECUTION,"A005 listed this external reference path, but it is not present in the current workspace; no delete or move was performed."
참고 Context/3. Github Source/QuantTraderDL-main/QuantTraderDL-main/data/VSTOXX.csv,UNKNOWN_NEEDS_REVIEW,171334,Research Governance,Governance Reviewer,KEEP,SOURCE_MISSING_RECHECK,,FALSE,MISSING_SOURCE_AT_EXECUTION,"A005 listed this external reference path, but it is not present in the current workspace; no delete or move was performed."
참고 Context/3. Github Source/QuantTraderDL-main/QuantTraderDL-main/data/commodity-prices.csv,UNKNOWN_NEEDS_REVIEW,8100120,Research Governance,Governance Reviewer,KEEP,SOURCE_MISSING_RECHECK,,FALSE,MISSING_SOURCE_AT_EXECUTION,"A005 listed this external reference path, but it is not present in the current workspace; no delete or move was performed."
참고 Context/3. Github Source/QuantTraderDL-main/QuantTraderDL-main/data/worldPIBdata.xls,UNKNOWN_NEEDS_REVIEW,312320,Research Governance,Governance Reviewer,KEEP,SOURCE_MISSING_RECHECK,,FALSE,MISSING_SOURCE_AT_EXECUTION,"A005 listed this external reference path, but it is not present in the current workspace; no delete or move was performed."
참고 Context/3. Github Source/QuantTraderDL-main/QuantTraderDL-main/plots/BTC_gauss_multiexog_-50d-20100104-2024729/iteracion_1.png,UNKNOWN_NEEDS_REVIEW,49696,Research Governance,Governance Reviewer,KEEP,SOURCE_MISSING_RECHECK,,FALSE,MISSING_SOURCE_AT_EXECUTION,"A005 listed this external reference path, but it is not present in the current workspace; no delete or move was performed."
참고 Context/3. Github Source/QuantTraderDL-main/QuantTraderDL-main/plots/BTC_gauss_multiexog_-50d-20100104-2024729/iteracion_10.png,UNKNOWN_NEEDS_REVIEW,50845,Research Governance,Governance Reviewer,KEEP,SOURCE_MISSING_RECHECK,,FALSE,MISSING_SOURCE_AT_EXECUTION,"A005 listed this external reference path, but it is not present in the current workspace; no delete or move was performed."
참고 Context/3. Github Source/QuantTraderDL-main/QuantTraderDL-main/plots/BTC_gauss_multiexog_-50d-20100104-2024729/iteracion_11.png,UNKNOWN_NEEDS_REVIEW,42087,Research Governance,Governance Reviewer,KEEP,SOURCE_MISSING_RECHECK,,FALSE,MISSING_SOURCE_AT_EXECUTION,"A005 listed this external reference path, but it is not present in the current workspace; no delete or move was performed."
참고 Context/3. Github Source/QuantTraderDL-main/QuantTraderDL-main/plots/BTC_gauss_multiexog_-50d-20100104-2024729/iteracion_12.png,UNKNOWN_NEEDS_REVIEW,48109,Research Governance,Governance Reviewer,KEEP,SOURCE_MISSING_RECHECK,,FALSE,MISSING_SOURCE_AT_EXECUTION,"A005 listed this external reference path, but it is not present in the current workspace; no delete or move was performed."
참고 Context/3. Github Source/QuantTraderDL-main/QuantTraderDL-main/plots/BTC_gauss_multiexog_-50d-20100104-2024729/iteracion_13.png,UNKNOWN_NEEDS_REVIEW,49446,Research Governance,Governance Reviewer,KEEP,SOURCE_MISSING_RECHECK,,FALSE,MISSING_SOURCE_AT_EXECUTION,"A005 listed this external reference path, but it is not present in the current workspace; no delete or move was performed."
참고 Context/3. Github Source/QuantTraderDL-main/QuantTraderDL-main/plots/BTC_gauss_multiexog_-50d-20100104-2024729/iteracion_14.png,UNKNOWN_NEEDS_REVIEW,48216,Research Governance,Governance Reviewer,KEEP,SOURCE_MISSING_RECHECK,,FALSE,MISSING_SOURCE_AT_EXECUTION,"A005 listed this external reference path, but it is not present in the current workspace; no delete or move was performed."
참고 Context/3. Github Source/QuantTraderDL-main/QuantTraderDL-main/plots/BTC_gauss_multiexog_-50d-20100104-2024729/iteracion_15.png,UNKNOWN_NEEDS_REVIEW,48766,Research Governance,Governance Reviewer,KEEP,SOURCE_MISSING_RECHECK,,FALSE,MISSING_SOURCE_AT_EXECUTION,"A005 listed this external reference path, but it is not present in the current workspace; no delete or move was performed."
참고 Context/3. Github Source/QuantTraderDL-main/QuantTraderDL-main/plots/BTC_gauss_multiexog_-50d-20100104-2024729/iteracion_16.png,UNKNOWN_NEEDS_REVIEW,48027,Research Governance,Governance Reviewer,KEEP,SOURCE_MISSING_RECHECK,,FALSE,MISSING_SOURCE_AT_EXECUTION,"A005 listed this external reference path, but it is not present in the current workspace; no delete or move was performed."
참고 Context/3. Github Source/QuantTraderDL-main/QuantTraderDL-main/plots/BTC_gauss_multiexog_-50d-20100104-2024729/iteracion_17.png,UNKNOWN_NEEDS_REVIEW,73480,Research Governance,Governance Reviewer,KEEP,SOURCE_MISSING_RECHECK,,FALSE,MISSING_SOURCE_AT_EXECUTION,"A005 listed this external reference path, but it is not present in the current workspace; no delete or move was performed."
참고 Context/3. Github Source/QuantTraderDL-main/QuantTraderDL-main/plots/BTC_gauss_multiexog_-50d-20100104-2024729/iteracion_18.png,UNKNOWN_NEEDS_REVIEW,70965,Research Governance,Governance Reviewer,KEEP,SOURCE_MISSING_RECHECK,,FALSE,MISSING_SOURCE_AT_EXECUTION,"A005 listed this external reference path, but it is not present in the current workspace; no delete or move was performed."
참고 Context/3. Github Source/QuantTraderDL-main/QuantTraderDL-main/plots/BTC_gauss_multiexog_-50d-20100104-2024729/iteracion_19.png,UNKNOWN_NEEDS_REVIEW,87474,Research Governance,Governance Reviewer,KEEP,SOURCE_MISSING_RECHECK,,FALSE,MISSING_SOURCE_AT_EXECUTION,"A005 listed this external reference path, but it is not present in the current workspace; no delete or move was performed."
참고 Context/3. Github Source/QuantTraderDL-main/QuantTraderDL-main/plots/BTC_gauss_multiexog_-50d-20100104-2024729/iteracion_2.png,UNKNOWN_NEEDS_REVIEW,48490,Research Governance,Governance Reviewer,KEEP,SOURCE_MISSING_RECHECK,,FALSE,MISSING_SOURCE_AT_EXECUTION,"A005 listed this external reference path, but it is not present in the current workspace; no delete or move was performed."
참고 Context/3. Github Source/QuantTraderDL-main/QuantTraderDL-main/plots/BTC_gauss_multiexog_-50d-20100104-2024729/iteracion_20.png,UNKNOWN_NEEDS_REVIEW,86140,Research Governance,Governance Reviewer,KEEP,SOURCE_MISSING_RECHECK,,FALSE,MISSING_SOURCE_AT_EXECUTION,"A005 listed this external reference path, but it is not present in the current workspace; no delete or move was performed."
참고 Context/3. Github Source/QuantTraderDL-main/QuantTraderDL-main/plots/BTC_gauss_multiexog_-50d-20100104-2024729/iteracion_21.png,UNKNOWN_NEEDS_REVIEW,80573,Research Governance,Governance Reviewer,KEEP,SOURCE_MISSING_RECHECK,,FALSE,MISSING_SOURCE_AT_EXECUTION,"A005 listed this external reference path, but it is not present in the current workspace; no delete or move was performed."
참고 Context/3. Github Source/QuantTraderDL-main/QuantTraderDL-main/plots/BTC_gauss_multiexog_-50d-20100104-2024729/iteracion_22.png,UNKNOWN_NEEDS_REVIEW,84508,Research Governance,Governance Reviewer,KEEP,SOURCE_MISSING_RECHECK,,FALSE,MISSING_SOURCE_AT_EXECUTION,"A005 listed this external reference path, but it is not present in the current workspace; no delete or move was performed."
참고 Context/3. Github Source/QuantTraderDL-main/QuantTraderDL-main/plots/BTC_gauss_multiexog_-50d-20100104-2024729/iteracion_23.png,UNKNOWN_NEEDS_REVIEW,83248,Research Governance,Governance Reviewer,KEEP,SOURCE_MISSING_RECHECK,,FALSE,MISSING_SOURCE_AT_EXECUTION,"A005 listed this external reference path, but it is not present in the current workspace; no delete or move was performed."
참고 Context/3. Github Source/QuantTraderDL-main/QuantTraderDL-main/plots/BTC_gauss_multiexog_-50d-20100104-2024729/iteracion_3.png,UNKNOWN_NEEDS_REVIEW,50361,Research Governance,Governance Reviewer,KEEP,SOURCE_MISSING_RECHECK,,FALSE,MISSING_SOURCE_AT_EXECUTION,"A005 listed this external reference path, but it is not present in the current workspace; no delete or move was performed."
참고 Context/3. Github Source/QuantTraderDL-main/QuantTraderDL-main/plots/BTC_gauss_multiexog_-50d-20100104-2024729/iteracion_4.png,UNKNOWN_NEEDS_REVIEW,54576,Research Governance,Governance Reviewer,KEEP,SOURCE_MISSING_RECHECK,,FALSE,MISSING_SOURCE_AT_EXECUTION,"A005 listed this external reference path, but it is not present in the current workspace; no delete or move was performed."
참고 Context/3. Github Source/QuantTraderDL-main/QuantTraderDL-main/plots/BTC_gauss_multiexog_-50d-20100104-2024729/iteracion_5.png,UNKNOWN_NEEDS_REVIEW,47642,Research Governance,Governance Reviewer,KEEP,SOURCE_MISSING_RECHECK,,FALSE,MISSING_SOURCE_AT_EXECUTION,"A005 listed this external reference path, but it is not present in the current workspace; no delete or move was performed."
참고 Context/3. Github Source/QuantTraderDL-main/QuantTraderDL-main/plots/BTC_gauss_multiexog_-50d-20100104-2024729/iteracion_6.png,UNKNOWN_NEEDS_REVIEW,48145,Research Governance,Governance Reviewer,KEEP,SOURCE_MISSING_RECHECK,,FALSE,MISSING_SOURCE_AT_EXECUTION,"A005 listed this external reference path, but it is not present in the current workspace; no delete or move was performed."
참고 Context/3. Github Source/QuantTraderDL-main/QuantTraderDL-main/plots/BTC_gauss_multiexog_-50d-20100104-2024729/iteracion_7.png,UNKNOWN_NEEDS_REVIEW,55710,Research Governance,Governance Reviewer,KEEP,SOURCE_MISSING_RECHECK,,FALSE,MISSING_SOURCE_AT_EXECUTION,"A005 listed this external reference path, but it is not present in the current workspace; no delete or move was performed."
참고 Context/3. Github Source/QuantTraderDL-main/QuantTraderDL-main/plots/BTC_gauss_multiexog_-50d-20100104-2024729/iteracion_8.png,UNKNOWN_NEEDS_REVIEW,46946,Research Governance,Governance Reviewer,KEEP,SOURCE_MISSING_RECHECK,,FALSE,MISSING_SOURCE_AT_EXECUTION,"A005 listed this external reference path, but it is not present in the current workspace; no delete or move was performed."
참고 Context/3. Github Source/QuantTraderDL-main/QuantTraderDL-main/plots/BTC_gauss_multiexog_-50d-20100104-2024729/iteracion_9.png,UNKNOWN_NEEDS_REVIEW,47658,Research Governance,Governance Reviewer,KEEP,SOURCE_MISSING_RECHECK,,FALSE,MISSING_SOURCE_AT_EXECUTION,"A005 listed this external reference path, but it is not present in the current workspace; no delete or move was performed."
참고 Context/3. Github Source/QuantTraderDL-main/QuantTraderDL-main/plots/S&P500_gauss_multiexog_-50d-20100104-2024729/iteracion_1.png,UNKNOWN_NEEDS_REVIEW,41073,Research Governance,Governance Reviewer,KEEP,SOURCE_MISSING_RECHECK,,FALSE,MISSING_SOURCE_AT_EXECUTION,"A005 listed this external reference path, but it is not present in the current workspace; no delete or move was performed."
참고 Context/3. Github Source/QuantTraderDL-main/QuantTraderDL-main/plots/S&P500_gauss_multiexog_-50d-20100104-2024729/iteracion_2.png,UNKNOWN_NEEDS_REVIEW,40363,Research Governance,Governance Reviewer,KEEP,SOURCE_MISSING_RECHECK,,FALSE,MISSING_SOURCE_AT_EXECUTION,"A005 listed this external reference path, but it is not present in the current workspace; no delete or move was performed."
참고 Context/3. Github Source/QuantTraderDL-main/QuantTraderDL-main/plots/S&P500_gauss_multiexog_-50d-20100104-2024729/iteracion_3.png,UNKNOWN_NEEDS_REVIEW,40467,Research Governance,Governance Reviewer,KEEP,SOURCE_MISSING_RECHECK,,FALSE,MISSING_SOURCE_AT_EXECUTION,"A005 listed this external reference path, but it is not present in the current workspace; no delete or move was performed."
참고 Context/3. Github Source/QuantTraderDL-main/QuantTraderDL-main/plots/gauss_multiexog_syp500_-100d-20100104-2024729-lessFilters/iteracion_1.png,UNKNOWN_NEEDS_REVIEW,40660,Research Governance,Governance Reviewer,KEEP,SOURCE_MISSING_RECHECK,,FALSE,MISSING_SOURCE_AT_EXECUTION,"A005 listed this external reference path, but it is not present in the current workspace; no delete or move was performed."
참고 Context/3. Github Source/QuantTraderDL-main/QuantTraderDL-main/plots/gauss_multiexog_syp500_-100d-20100104-2024729-lessFilters/iteracion_10.png,UNKNOWN_NEEDS_REVIEW,40412,Research Governance,Governance Reviewer,KEEP,SOURCE_MISSING_RECHECK,,FALSE,MISSING_SOURCE_AT_EXECUTION,"A005 listed this external reference path, but it is not present in the current workspace; no delete or move was performed."
참고 Context/3. Github Source/QuantTraderDL-main/QuantTraderDL-main/plots/gauss_multiexog_syp500_-100d-20100104-2024729-lessFilters/iteracion_11.png,UNKNOWN_NEEDS_REVIEW,39771,Research Governance,Governance Reviewer,KEEP,SOURCE_MISSING_RECHECK,,FALSE,MISSING_SOURCE_AT_EXECUTION,"A005 listed this external reference path, but it is not present in the current workspace; no delete or move was performed."
참고 Context/3. Github Source/QuantTraderDL-main/QuantTraderDL-main/plots/gauss_multiexog_syp500_-100d-20100104-2024729-lessFilters/iteracion_12.png,UNKNOWN_NEEDS_REVIEW,40606,Research Governance,Governance Reviewer,KEEP,SOURCE_MISSING_RECHECK,,FALSE,MISSING_SOURCE_AT_EXECUTION,"A005 listed this external reference path, but it is not present in the current workspace; no delete or move was performed."
참고 Context/3. Github Source/QuantTraderDL-main/QuantTraderDL-main/plots/gauss_multiexog_syp500_-100d-20100104-2024729-lessFilters/iteracion_13.png,UNKNOWN_NEEDS_REVIEW,45396,Research Governance,Governance Reviewer,KEEP,SOURCE_MISSING_RECHECK,,FALSE,MISSING_SOURCE_AT_EXECUTION,"A005 listed this external reference path, but it is not present in the current workspace; no delete or move was performed."
참고 Context/3. Github Source/QuantTraderDL-main/QuantTraderDL-main/plots/gauss_multiexog_syp500_-100d-20100104-2024729-lessFilters/iteracion_14.png,UNKNOWN_NEEDS_REVIEW,41008,Research Governance,Governance Reviewer,KEEP,SOURCE_MISSING_RECHECK,,FALSE,MISSING_SOURCE_AT_EXECUTION,"A005 listed this external reference path, but it is not present in the current workspace; no delete or move was performed."
참고 Context/3. Github Source/QuantTraderDL-main/QuantTraderDL-main/plots/gauss_multiexog_syp500_-100d-20100104-2024729-lessFilters/iteracion_15.png,UNKNOWN_NEEDS_REVIEW,39904,Research Governance,Governance Reviewer,KEEP,SOURCE_MISSING_RECHECK,,FALSE,MISSING_SOURCE_AT_EXECUTION,"A005 listed this external reference path, but it is not present in the current workspace; no delete or move was performed."
참고 Context/3. Github Source/QuantTraderDL-main/QuantTraderDL-main/plots/gauss_multiexog_syp500_-100d-20100104-2024729-lessFilters/iteracion_16.png,UNKNOWN_NEEDS_REVIEW,41516,Research Governance,Governance Reviewer,KEEP,SOURCE_MISSING_RECHECK,,FALSE,MISSING_SOURCE_AT_EXECUTION,"A005 listed this external reference path, but it is not present in the current workspace; no delete or move was performed."
참고 Context/3. Github Source/QuantTraderDL-main/QuantTraderDL-main/plots/gauss_multiexog_syp500_-100d-20100104-2024729-lessFilters/iteracion_18.png,UNKNOWN_NEEDS_REVIEW,42378,Research Governance,Governance Reviewer,KEEP,SOURCE_MISSING_RECHECK,,FALSE,MISSING_SOURCE_AT_EXECUTION,"A005 listed this external reference path, but it is not present in the current workspace; no delete or move was performed."
참고 Context/3. Github Source/QuantTraderDL-main/QuantTraderDL-main/plots/gauss_multiexog_syp500_-100d-20100104-2024729-lessFilters/iteracion_19.png,UNKNOWN_NEEDS_REVIEW,40544,Research Governance,Governance Reviewer,KEEP,SOURCE_MISSING_RECHECK,,FALSE,MISSING_SOURCE_AT_EXECUTION,"A005 listed this external reference path, but it is not present in the current workspace; no delete or move was performed."
참고 Context/3. Github Source/QuantTraderDL-main/QuantTraderDL-main/plots/gauss_multiexog_syp500_-100d-20100104-2024729-lessFilters/iteracion_2.png,UNKNOWN_NEEDS_REVIEW,39527,Research Governance,Governance Reviewer,KEEP,SOURCE_MISSING_RECHECK,,FALSE,MISSING_SOURCE_AT_EXECUTION,"A005 listed this external reference path, but it is not present in the current workspace; no delete or move was performed."
참고 Context/3. Github Source/QuantTraderDL-main/QuantTraderDL-main/plots/gauss_multiexog_syp500_-100d-20100104-2024729-lessFilters/iteracion_20.png,UNKNOWN_NEEDS_REVIEW,41011,Research Governance,Governance Reviewer,KEEP,SOURCE_MISSING_RECHECK,,FALSE,MISSING_SOURCE_AT_EXECUTION,"A005 listed this external reference path, but it is not present in the current workspace; no delete or move was performed."
참고 Context/3. Github Source/QuantTraderDL-main/QuantTraderDL-main/plots/gauss_multiexog_syp500_-100d-20100104-2024729-lessFilters/iteracion_21.png,UNKNOWN_NEEDS_REVIEW,40463,Research Governance,Governance Reviewer,KEEP,SOURCE_MISSING_RECHECK,,FALSE,MISSING_SOURCE_AT_EXECUTION,"A005 listed this external reference path, but it is not present in the current workspace; no delete or move was performed."
참고 Context/3. Github Source/QuantTraderDL-main/QuantTraderDL-main/plots/gauss_multiexog_syp500_-100d-20100104-2024729-lessFilters/iteracion_22.png,UNKNOWN_NEEDS_REVIEW,41221,Research Governance,Governance Reviewer,KEEP,SOURCE_MISSING_RECHECK,,FALSE,MISSING_SOURCE_AT_EXECUTION,"A005 listed this external reference path, but it is not present in the current workspace; no delete or move was performed."
참고 Context/3. Github Source/QuantTraderDL-main/QuantTraderDL-main/plots/gauss_multiexog_syp500_-100d-20100104-2024729-lessFilters/iteracion_23.png,UNKNOWN_NEEDS_REVIEW,42979,Research Governance,Governance Reviewer,KEEP,SOURCE_MISSING_RECHECK,,FALSE,MISSING_SOURCE_AT_EXECUTION,"A005 listed this external reference path, but it is not present in the current workspace; no delete or move was performed."
참고 Context/3. Github Source/QuantTraderDL-main/QuantTraderDL-main/plots/gauss_multiexog_syp500_-100d-20100104-2024729-lessFilters/iteracion_24.png,UNKNOWN_NEEDS_REVIEW,40061,Research Governance,Governance Reviewer,KEEP,SOURCE_MISSING_RECHECK,,FALSE,MISSING_SOURCE_AT_EXECUTION,"A005 listed this external reference path, but it is not present in the current workspace; no delete or move was performed."
참고 Context/3. Github Source/QuantTraderDL-main/QuantTraderDL-main/plots/gauss_multiexog_syp500_-100d-20100104-2024729-lessFilters/iteracion_25.png,UNKNOWN_NEEDS_REVIEW,42174,Research Governance,Governance Reviewer,KEEP,SOURCE_MISSING_RECHECK,,FALSE,MISSING_SOURCE_AT_EXECUTION,"A005 listed this external reference path, but it is not present in the current workspace; no delete or move was performed."
참고 Context/3. Github Source/QuantTraderDL-main/QuantTraderDL-main/plots/gauss_multiexog_syp500_-100d-20100104-2024729-lessFilters/iteracion_26.png,UNKNOWN_NEEDS_REVIEW,41388,Research Governance,Governance Reviewer,KEEP,SOURCE_MISSING_RECHECK,,FALSE,MISSING_SOURCE_AT_EXECUTION,"A005 listed this external reference path, but it is not present in the current workspace; no delete or move was performed."
참고 Context/3. Github Source/QuantTraderDL-main/QuantTraderDL-main/plots/gauss_multiexog_syp500_-100d-20100104-2024729-lessFilters/iteracion_27.png,UNKNOWN_NEEDS_REVIEW,43980,Research Governance,Governance Reviewer,KEEP,SOURCE_MISSING_RECHECK,,FALSE,MISSING_SOURCE_AT_EXECUTION,"A005 listed this external reference path, but it is not present in the current workspace; no delete or move was performed."
참고 Context/3. Github Source/QuantTraderDL-main/QuantTraderDL-main/plots/gauss_multiexog_syp500_-100d-20100104-2024729-lessFilters/iteracion_28.png,UNKNOWN_NEEDS_REVIEW,45698,Research Governance,Governance Reviewer,KEEP,SOURCE_MISSING_RECHECK,,FALSE,MISSING_SOURCE_AT_EXECUTION,"A005 listed this external reference path, but it is not present in the current workspace; no delete or move was performed."
참고 Context/3. Github Source/QuantTraderDL-main/QuantTraderDL-main/plots/gauss_multiexog_syp500_-100d-20100104-2024729-lessFilters/iteracion_29.png,UNKNOWN_NEEDS_REVIEW,40019,Research Governance,Governance Reviewer,KEEP,SOURCE_MISSING_RECHECK,,FALSE,MISSING_SOURCE_AT_EXECUTION,"A005 listed this external reference path, but it is not present in the current workspace; no delete or move was performed."
참고 Context/3. Github Source/QuantTraderDL-main/QuantTraderDL-main/plots/gauss_multiexog_syp500_-100d-20100104-2024729-lessFilters/iteracion_3.png,UNKNOWN_NEEDS_REVIEW,40670,Research Governance,Governance Reviewer,KEEP,SOURCE_MISSING_RECHECK,,FALSE,MISSING_SOURCE_AT_EXECUTION,"A005 listed this external reference path, but it is not present in the current workspace; no delete or move was performed."
참고 Context/3. Github Source/QuantTraderDL-main/QuantTraderDL-main/plots/gauss_multiexog_syp500_-100d-20100104-2024729-lessFilters/iteracion_30.png,UNKNOWN_NEEDS_REVIEW,42836,Research Governance,Governance Reviewer,KEEP,SOURCE_MISSING_RECHECK,,FALSE,MISSING_SOURCE_AT_EXECUTION,"A005 listed this external reference path, but it is not present in the current workspace; no delete or move was performed."
참고 Context/3. Github Source/QuantTraderDL-main/QuantTraderDL-main/plots/gauss_multiexog_syp500_-100d-20100104-2024729-lessFilters/iteracion_31.png,UNKNOWN_NEEDS_REVIEW,40390,Research Governance,Governance Reviewer,KEEP,SOURCE_MISSING_RECHECK,,FALSE,MISSING_SOURCE_AT_EXECUTION,"A005 listed this external reference path, but it is not present in the current workspace; no delete or move was performed."
참고 Context/3. Github Source/QuantTraderDL-main/QuantTraderDL-main/plots/gauss_multiexog_syp500_-100d-20100104-2024729-lessFilters/iteracion_32.png,UNKNOWN_NEEDS_REVIEW,39469,Research Governance,Governance Reviewer,KEEP,SOURCE_MISSING_RECHECK,,FALSE,MISSING_SOURCE_AT_EXECUTION,"A005 listed this external reference path, but it is not present in the current workspace; no delete or move was performed."
참고 Context/3. Github Source/QuantTraderDL-main/QuantTraderDL-main/plots/gauss_multiexog_syp500_-100d-20100104-2024729-lessFilters/iteracion_33.png,UNKNOWN_NEEDS_REVIEW,41617,Research Governance,Governance Reviewer,KEEP,SOURCE_MISSING_RECHECK,,FALSE,MISSING_SOURCE_AT_EXECUTION,"A005 listed this external reference path, but it is not present in the current workspace; no delete or move was performed."
참고 Context/3. Github Source/QuantTraderDL-main/QuantTraderDL-main/plots/gauss_multiexog_syp500_-100d-20100104-2024729-lessFilters/iteracion_34.png,UNKNOWN_NEEDS_REVIEW,40210,Research Governance,Governance Reviewer,KEEP,SOURCE_MISSING_RECHECK,,FALSE,MISSING_SOURCE_AT_EXECUTION,"A005 listed this external reference path, but it is not present in the current workspace; no delete or move was performed."
참고 Context/3. Github Source/QuantTraderDL-main/QuantTraderDL-main/plots/gauss_multiexog_syp500_-100d-20100104-2024729-lessFilters/iteracion_35.png,UNKNOWN_NEEDS_REVIEW,39599,Research Governance,Governance Reviewer,KEEP,SOURCE_MISSING_RECHECK,,FALSE,MISSING_SOURCE_AT_EXECUTION,"A005 listed this external reference path, but it is not present in the current workspace; no delete or move was performed."
참고 Context/3. Github Source/QuantTraderDL-main/QuantTraderDL-main/plots/gauss_multiexog_syp500_-100d-20100104-2024729-lessFilters/iteracion_36.png,UNKNOWN_NEEDS_REVIEW,43952,Research Governance,Governance Reviewer,KEEP,SOURCE_MISSING_RECHECK,,FALSE,MISSING_SOURCE_AT_EXECUTION,"A005 listed this external reference path, but it is not present in the current workspace; no delete or move was performed."
참고 Context/3. Github Source/QuantTraderDL-main/QuantTraderDL-main/plots/gauss_multiexog_syp500_-100d-20100104-2024729-lessFilters/iteracion_37.png,UNKNOWN_NEEDS_REVIEW,39734,Research Governance,Governance Reviewer,KEEP,SOURCE_MISSING_RECHECK,,FALSE,MISSING_SOURCE_AT_EXECUTION,"A005 listed this external reference path, but it is not present in the current workspace; no delete or move was performed."
참고 Context/3. Github Source/QuantTraderDL-main/QuantTraderDL-main/plots/gauss_multiexog_syp500_-100d-20100104-2024729-lessFilters/iteracion_38.png,UNKNOWN_NEEDS_REVIEW,38936,Research Governance,Governance Reviewer,KEEP,SOURCE_MISSING_RECHECK,,FALSE,MISSING_SOURCE_AT_EXECUTION,"A005 listed this external reference path, but it is not present in the current workspace; no delete or move was performed."
참고 Context/3. Github Source/QuantTraderDL-main/QuantTraderDL-main/plots/gauss_multiexog_syp500_-100d-20100104-2024729-lessFilters/iteracion_39.png,UNKNOWN_NEEDS_REVIEW,41567,Research Governance,Governance Reviewer,KEEP,SOURCE_MISSING_RECHECK,,FALSE,MISSING_SOURCE_AT_EXECUTION,"A005 listed this external reference path, but it is not present in the current workspace; no delete or move was performed."
참고 Context/3. Github Source/QuantTraderDL-main/QuantTraderDL-main/plots/gauss_multiexog_syp500_-100d-20100104-2024729-lessFilters/iteracion_4.png,UNKNOWN_NEEDS_REVIEW,39212,Research Governance,Governance Reviewer,KEEP,SOURCE_MISSING_RECHECK,,FALSE,MISSING_SOURCE_AT_EXECUTION,"A005 listed this external reference path, but it is not present in the current workspace; no delete or move was performed."
참고 Context/3. Github Source/QuantTraderDL-main/QuantTraderDL-main/plots/gauss_multiexog_syp500_-100d-20100104-2024729-lessFilters/iteracion_40.png,UNKNOWN_NEEDS_REVIEW,40003,Research Governance,Governance Reviewer,KEEP,SOURCE_MISSING_RECHECK,,FALSE,MISSING_SOURCE_AT_EXECUTION,"A005 listed this external reference path, but it is not present in the current workspace; no delete or move was performed."
참고 Context/3. Github Source/QuantTraderDL-main/QuantTraderDL-main/plots/gauss_multiexog_syp500_-100d-20100104-2024729-lessFilters/iteracion_41.png,UNKNOWN_NEEDS_REVIEW,40334,Research Governance,Governance Reviewer,KEEP,SOURCE_MISSING_RECHECK,,FALSE,MISSING_SOURCE_AT_EXECUTION,"A005 listed this external reference path, but it is not present in the current workspace; no delete or move was performed."
참고 Context/3. Github Source/QuantTraderDL-main/QuantTraderDL-main/plots/gauss_multiexog_syp500_-100d-20100104-2024729-lessFilters/iteracion_42.png,UNKNOWN_NEEDS_REVIEW,41359,Research Governance,Governance Reviewer,KEEP,SOURCE_MISSING_RECHECK,,FALSE,MISSING_SOURCE_AT_EXECUTION,"A005 listed this external reference path, but it is not present in the current workspace; no delete or move was performed."
참고 Context/3. Github Source/QuantTraderDL-main/QuantTraderDL-main/plots/gauss_multiexog_syp500_-100d-20100104-2024729-lessFilters/iteracion_45.png,UNKNOWN_NEEDS_REVIEW,41501,Research Governance,Governance Reviewer,KEEP,SOURCE_MISSING_RECHECK,,FALSE,MISSING_SOURCE_AT_EXECUTION,"A005 listed this external reference path, but it is not present in the current workspace; no delete or move was performed."
참고 Context/3. Github Source/QuantTraderDL-main/QuantTraderDL-main/plots/gauss_multiexog_syp500_-100d-20100104-2024729-lessFilters/iteracion_46.png,UNKNOWN_NEEDS_REVIEW,39516,Research Governance,Governance Reviewer,KEEP,SOURCE_MISSING_RECHECK,,FALSE,MISSING_SOURCE_AT_EXECUTION,"A005 listed this external reference path, but it is not present in the current workspace; no delete or move was performed."
참고 Context/3. Github Source/QuantTraderDL-main/QuantTraderDL-main/plots/gauss_multiexog_syp500_-100d-20100104-2024729-lessFilters/iteracion_47.png,UNKNOWN_NEEDS_REVIEW,42364,Research Governance,Governance Reviewer,KEEP,SOURCE_MISSING_RECHECK,,FALSE,MISSING_SOURCE_AT_EXECUTION,"A005 listed this external reference path, but it is not present in the current workspace; no delete or move was performed."
참고 Context/3. Github Source/QuantTraderDL-main/QuantTraderDL-main/plots/gauss_multiexog_syp500_-100d-20100104-2024729-lessFilters/iteracion_48.png,UNKNOWN_NEEDS_REVIEW,40028,Research Governance,Governance Reviewer,KEEP,SOURCE_MISSING_RECHECK,,FALSE,MISSING_SOURCE_AT_EXECUTION,"A005 listed this external reference path, but it is not present in the current workspace; no delete or move was performed."
참고 Context/3. Github Source/QuantTraderDL-main/QuantTraderDL-main/plots/gauss_multiexog_syp500_-100d-20100104-2024729-lessFilters/iteracion_49.png,UNKNOWN_NEEDS_REVIEW,45256,Research Governance,Governance Reviewer,KEEP,SOURCE_MISSING_RECHECK,,FALSE,MISSING_SOURCE_AT_EXECUTION,"A005 listed this external reference path, but it is not present in the current workspace; no delete or move was performed."
참고 Context/3. Github Source/QuantTraderDL-main/QuantTraderDL-main/plots/gauss_multiexog_syp500_-100d-20100104-2024729-lessFilters/iteracion_5.png,UNKNOWN_NEEDS_REVIEW,40149,Research Governance,Governance Reviewer,KEEP,SOURCE_MISSING_RECHECK,,FALSE,MISSING_SOURCE_AT_EXECUTION,"A005 listed this external reference path, but it is not present in the current workspace; no delete or move was performed."
참고 Context/3. Github Source/QuantTraderDL-main/QuantTraderDL-main/plots/gauss_multiexog_syp500_-100d-20100104-2024729-lessFilters/iteracion_50.png,UNKNOWN_NEEDS_REVIEW,38855,Research Governance,Governance Reviewer,KEEP,SOURCE_MISSING_RECHECK,,FALSE,MISSING_SOURCE_AT_EXECUTION,"A005 listed this external reference path, but it is not present in the current workspace; no delete or move was performed."
참고 Context/3. Github Source/QuantTraderDL-main/QuantTraderDL-main/plots/gauss_multiexog_syp500_-100d-20100104-2024729-lessFilters/iteracion_51.png,UNKNOWN_NEEDS_REVIEW,40454,Research Governance,Governance Reviewer,KEEP,SOURCE_MISSING_RECHECK,,FALSE,MISSING_SOURCE_AT_EXECUTION,"A005 listed this external reference path, but it is not present in the current workspace; no delete or move was performed."
참고 Context/3. Github Source/QuantTraderDL-main/QuantTraderDL-main/plots/gauss_multiexog_syp500_-100d-20100104-2024729-lessFilters/iteracion_52.png,UNKNOWN_NEEDS_REVIEW,41137,Research Governance,Governance Reviewer,KEEP,SOURCE_MISSING_RECHECK,,FALSE,MISSING_SOURCE_AT_EXECUTION,"A005 listed this external reference path, but it is not present in the current workspace; no delete or move was performed."
참고 Context/3. Github Source/QuantTraderDL-main/QuantTraderDL-main/plots/gauss_multiexog_syp500_-100d-20100104-2024729-lessFilters/iteracion_53.png,UNKNOWN_NEEDS_REVIEW,39680,Research Governance,Governance Reviewer,KEEP,SOURCE_MISSING_RECHECK,,FALSE,MISSING_SOURCE_AT_EXECUTION,"A005 listed this external reference path, but it is not present in the current workspace; no delete or move was performed."
참고 Context/3. Github Source/QuantTraderDL-main/QuantTraderDL-main/plots/gauss_multiexog_syp500_-100d-20100104-2024729-lessFilters/iteracion_54.png,UNKNOWN_NEEDS_REVIEW,40990,Research Governance,Governance Reviewer,KEEP,SOURCE_MISSING_RECHECK,,FALSE,MISSING_SOURCE_AT_EXECUTION,"A005 listed this external reference path, but it is not present in the current workspace; no delete or move was performed."
참고 Context/3. Github Source/QuantTraderDL-main/QuantTraderDL-main/plots/gauss_multiexog_syp500_-100d-20100104-2024729-lessFilters/iteracion_56.png,UNKNOWN_NEEDS_REVIEW,42296,Research Governance,Governance Reviewer,KEEP,SOURCE_MISSING_RECHECK,,FALSE,MISSING_SOURCE_AT_EXECUTION,"A005 listed this external reference path, but it is not present in the current workspace; no delete or move was performed."
참고 Context/3. Github Source/QuantTraderDL-main/QuantTraderDL-main/plots/gauss_multiexog_syp500_-100d-20100104-2024729-lessFilters/iteracion_57.png,UNKNOWN_NEEDS_REVIEW,39682,Research Governance,Governance Reviewer,KEEP,SOURCE_MISSING_RECHECK,,FALSE,MISSING_SOURCE_AT_EXECUTION,"A005 listed this external reference path, but it is not present in the current workspace; no delete or move was performed."
참고 Context/3. Github Source/QuantTraderDL-main/QuantTraderDL-main/plots/gauss_multiexog_syp500_-100d-20100104-2024729-lessFilters/iteracion_59.png,UNKNOWN_NEEDS_REVIEW,42109,Research Governance,Governance Reviewer,KEEP,SOURCE_MISSING_RECHECK,,FALSE,MISSING_SOURCE_AT_EXECUTION,"A005 listed this external reference path, but it is not present in the current workspace; no delete or move was performed."
참고 Context/3. Github Source/QuantTraderDL-main/QuantTraderDL-main/plots/gauss_multiexog_syp500_-100d-20100104-2024729-lessFilters/iteracion_6.png,UNKNOWN_NEEDS_REVIEW,43845,Research Governance,Governance Reviewer,KEEP,SOURCE_MISSING_RECHECK,,FALSE,MISSING_SOURCE_AT_EXECUTION,"A005 listed this external reference path, but it is not present in the current workspace; no delete or move was performed."
참고 Context/3. Github Source/QuantTraderDL-main/QuantTraderDL-main/plots/gauss_multiexog_syp500_-100d-20100104-2024729-lessFilters/iteracion_60.png,UNKNOWN_NEEDS_REVIEW,38933,Research Governance,Governance Reviewer,KEEP,SOURCE_MISSING_RECHECK,,FALSE,MISSING_SOURCE_AT_EXECUTION,"A005 listed this external reference path, but it is not present in the current workspace; no delete or move was performed."
참고 Context/3. Github Source/QuantTraderDL-main/QuantTraderDL-main/plots/gauss_multiexog_syp500_-100d-20100104-2024729-lessFilters/iteracion_61.png,UNKNOWN_NEEDS_REVIEW,39459,Research Governance,Governance Reviewer,KEEP,SOURCE_MISSING_RECHECK,,FALSE,MISSING_SOURCE_AT_EXECUTION,"A005 listed this external reference path, but it is not present in the current workspace; no delete or move was performed."
참고 Context/3. Github Source/QuantTraderDL-main/QuantTraderDL-main/plots/gauss_multiexog_syp500_-100d-20100104-2024729-lessFilters/iteracion_62.png,UNKNOWN_NEEDS_REVIEW,38509,Research Governance,Governance Reviewer,KEEP,SOURCE_MISSING_RECHECK,,FALSE,MISSING_SOURCE_AT_EXECUTION,"A005 listed this external reference path, but it is not present in the current workspace; no delete or move was performed."
참고 Context/3. Github Source/QuantTraderDL-main/QuantTraderDL-main/plots/gauss_multiexog_syp500_-100d-20100104-2024729-lessFilters/iteracion_63.png,UNKNOWN_NEEDS_REVIEW,40785,Research Governance,Governance Reviewer,KEEP,SOURCE_MISSING_RECHECK,,FALSE,MISSING_SOURCE_AT_EXECUTION,"A005 listed this external reference path, but it is not present in the current workspace; no delete or move was performed."
참고 Context/3. Github Source/QuantTraderDL-main/QuantTraderDL-main/plots/gauss_multiexog_syp500_-100d-20100104-2024729-lessFilters/iteracion_64.png,UNKNOWN_NEEDS_REVIEW,41370,Research Governance,Governance Reviewer,KEEP,SOURCE_MISSING_RECHECK,,FALSE,MISSING_SOURCE_AT_EXECUTION,"A005 listed this external reference path, but it is not present in the current workspace; no delete or move was performed."
참고 Context/3. Github Source/QuantTraderDL-main/QuantTraderDL-main/plots/gauss_multiexog_syp500_-100d-20100104-2024729-lessFilters/iteracion_65.png,UNKNOWN_NEEDS_REVIEW,42890,Research Governance,Governance Reviewer,KEEP,SOURCE_MISSING_RECHECK,,FALSE,MISSING_SOURCE_AT_EXECUTION,"A005 listed this external reference path, but it is not present in the current workspace; no delete or move was performed."
참고 Context/3. Github Source/QuantTraderDL-main/QuantTraderDL-main/plots/gauss_multiexog_syp500_-100d-20100104-2024729-lessFilters/iteracion_67.png,UNKNOWN_NEEDS_REVIEW,44523,Research Governance,Governance Reviewer,KEEP,SOURCE_MISSING_RECHECK,,FALSE,MISSING_SOURCE_AT_EXECUTION,"A005 listed this external reference path, but it is not present in the current workspace; no delete or move was performed."
참고 Context/3. Github Source/QuantTraderDL-main/QuantTraderDL-main/plots/gauss_multiexog_syp500_-100d-20100104-2024729-lessFilters/iteracion_68.png,UNKNOWN_NEEDS_REVIEW,42840,Research Governance,Governance Reviewer,KEEP,SOURCE_MISSING_RECHECK,,FALSE,MISSING_SOURCE_AT_EXECUTION,"A005 listed this external reference path, but it is not present in the current workspace; no delete or move was performed."
참고 Context/3. Github Source/QuantTraderDL-main/QuantTraderDL-main/plots/gauss_multiexog_syp500_-100d-20100104-2024729-lessFilters/iteracion_69.png,UNKNOWN_NEEDS_REVIEW,42822,Research Governance,Governance Reviewer,KEEP,SOURCE_MISSING_RECHECK,,FALSE,MISSING_SOURCE_AT_EXECUTION,"A005 listed this external reference path, but it is not present in the current workspace; no delete or move was performed."
참고 Context/3. Github Source/QuantTraderDL-main/QuantTraderDL-main/plots/gauss_multiexog_syp500_-100d-20100104-2024729-lessFilters/iteracion_7.png,UNKNOWN_NEEDS_REVIEW,38440,Research Governance,Governance Reviewer,KEEP,SOURCE_MISSING_RECHECK,,FALSE,MISSING_SOURCE_AT_EXECUTION,"A005 listed this external reference path, but it is not present in the current workspace; no delete or move was performed."
참고 Context/3. Github Source/QuantTraderDL-main/QuantTraderDL-main/plots/gauss_multiexog_syp500_-100d-20100104-2024729-lessFilters/iteracion_70.png,UNKNOWN_NEEDS_REVIEW,38517,Research Governance,Governance Reviewer,KEEP,SOURCE_MISSING_RECHECK,,FALSE,MISSING_SOURCE_AT_EXECUTION,"A005 listed this external reference path, but it is not present in the current workspace; no delete or move was performed."
참고 Context/3. Github Source/QuantTraderDL-main/QuantTraderDL-main/plots/gauss_multiexog_syp500_-100d-20100104-2024729-lessFilters/iteracion_71.png,UNKNOWN_NEEDS_REVIEW,43253,Research Governance,Governance Reviewer,KEEP,SOURCE_MISSING_RECHECK,,FALSE,MISSING_SOURCE_AT_EXECUTION,"A005 listed this external reference path, but it is not present in the current workspace; no delete or move was performed."
참고 Context/3. Github Source/QuantTraderDL-main/QuantTraderDL-main/plots/gauss_multiexog_syp500_-100d-20100104-2024729-lessFilters/iteracion_72.png,UNKNOWN_NEEDS_REVIEW,39367,Research Governance,Governance Reviewer,KEEP,SOURCE_MISSING_RECHECK,,FALSE,MISSING_SOURCE_AT_EXECUTION,"A005 listed this external reference path, but it is not present in the current workspace; no delete or move was performed."
참고 Context/3. Github Source/QuantTraderDL-main/QuantTraderDL-main/plots/gauss_multiexog_syp500_-100d-20100104-2024729-lessFilters/iteracion_73.png,UNKNOWN_NEEDS_REVIEW,40957,Research Governance,Governance Reviewer,KEEP,SOURCE_MISSING_RECHECK,,FALSE,MISSING_SOURCE_AT_EXECUTION,"A005 listed this external reference path, but it is not present in the current workspace; no delete or move was performed."
참고 Context/3. Github Source/QuantTraderDL-main/QuantTraderDL-main/plots/gauss_multiexog_syp500_-100d-20100104-2024729-lessFilters/iteracion_74.png,UNKNOWN_NEEDS_REVIEW,39260,Research Governance,Governance Reviewer,KEEP,SOURCE_MISSING_RECHECK,,FALSE,MISSING_SOURCE_AT_EXECUTION,"A005 listed this external reference path, but it is not present in the current workspace; no delete or move was performed."
참고 Context/3. Github Source/QuantTraderDL-main/QuantTraderDL-main/plots/gauss_multiexog_syp500_-100d-20100104-2024729-lessFilters/iteracion_75.png,UNKNOWN_NEEDS_REVIEW,40703,Research Governance,Governance Reviewer,KEEP,SOURCE_MISSING_RECHECK,,FALSE,MISSING_SOURCE_AT_EXECUTION,"A005 listed this external reference path, but it is not present in the current workspace; no delete or move was performed."
참고 Context/3. Github Source/QuantTraderDL-main/QuantTraderDL-main/plots/gauss_multiexog_syp500_-100d-20100104-2024729-lessFilters/iteracion_76.png,UNKNOWN_NEEDS_REVIEW,41889,Research Governance,Governance Reviewer,KEEP,SOURCE_MISSING_RECHECK,,FALSE,MISSING_SOURCE_AT_EXECUTION,"A005 listed this external reference path, but it is not present in the current workspace; no delete or move was performed."
참고 Context/3. Github Source/QuantTraderDL-main/QuantTraderDL-main/plots/gauss_multiexog_syp500_-100d-20100104-2024729-lessFilters/iteracion_77.png,UNKNOWN_NEEDS_REVIEW,38141,Research Governance,Governance Reviewer,KEEP,SOURCE_MISSING_RECHECK,,FALSE,MISSING_SOURCE_AT_EXECUTION,"A005 listed this external reference path, but it is not present in the current workspace; no delete or move was performed."
참고 Context/3. Github Source/QuantTraderDL-main/QuantTraderDL-main/plots/gauss_multiexog_syp500_-100d-20100104-2024729-lessFilters/iteracion_78.png,UNKNOWN_NEEDS_REVIEW,39102,Research Governance,Governance Reviewer,KEEP,SOURCE_MISSING_RECHECK,,FALSE,MISSING_SOURCE_AT_EXECUTION,"A005 listed this external reference path, but it is not present in the current workspace; no delete or move was performed."
참고 Context/3. Github Source/QuantTraderDL-main/QuantTraderDL-main/plots/gauss_multiexog_syp500_-100d-20100104-2024729-lessFilters/iteracion_79.png,UNKNOWN_NEEDS_REVIEW,38363,Research Governance,Governance Reviewer,KEEP,SOURCE_MISSING_RECHECK,,FALSE,MISSING_SOURCE_AT_EXECUTION,"A005 listed this external reference path, but it is not present in the current workspace; no delete or move was performed."
참고 Context/3. Github Source/QuantTraderDL-main/QuantTraderDL-main/plots/gauss_multiexog_syp500_-100d-20100104-2024729-lessFilters/iteracion_8.png,UNKNOWN_NEEDS_REVIEW,40157,Research Governance,Governance Reviewer,KEEP,SOURCE_MISSING_RECHECK,,FALSE,MISSING_SOURCE_AT_EXECUTION,"A005 listed this external reference path, but it is not present in the current workspace; no delete or move was performed."
참고 Context/3. Github Source/QuantTraderDL-main/QuantTraderDL-main/plots/gauss_multiexog_syp500_-100d-20100104-2024729-lessFilters/iteracion_80.png,UNKNOWN_NEEDS_REVIEW,41795,Research Governance,Governance Reviewer,KEEP,SOURCE_MISSING_RECHECK,,FALSE,MISSING_SOURCE_AT_EXECUTION,"A005 listed this external reference path, but it is not present in the current workspace; no delete or move was performed."
참고 Context/3. Github Source/QuantTraderDL-main/QuantTraderDL-main/plots/gauss_multiexog_syp500_-100d-20100104-2024729-lessFilters/iteracion_9.png,UNKNOWN_NEEDS_REVIEW,41329,Research Governance,Governance Reviewer,KEEP,SOURCE_MISSING_RECHECK,,FALSE,MISSING_SOURCE_AT_EXECUTION,"A005 listed this external reference path, but it is not present in the current workspace; no delete or move was performed."
참고 Context/3. Github Source/QuantTraderDL-main/QuantTraderDL-main/plots/gauss_multiexog_syp500_-50d-20100104-2024729-lessFilters/iteracion_1.png,UNKNOWN_NEEDS_REVIEW,40257,Research Governance,Governance Reviewer,KEEP,SOURCE_MISSING_RECHECK,,FALSE,MISSING_SOURCE_AT_EXECUTION,"A005 listed this external reference path, but it is not present in the current workspace; no delete or move was performed."
참고 Context/3. Github Source/QuantTraderDL-main/QuantTraderDL-main/plots/gauss_multiexog_syp500_-50d-20100104-2024729-lessFilters/iteracion_10.png,UNKNOWN_NEEDS_REVIEW,40257,Research Governance,Governance Reviewer,KEEP,SOURCE_MISSING_RECHECK,,FALSE,MISSING_SOURCE_AT_EXECUTION,"A005 listed this external reference path, but it is not present in the current workspace; no delete or move was performed."
참고 Context/3. Github Source/QuantTraderDL-main/QuantTraderDL-main/plots/gauss_multiexog_syp500_-50d-20100104-2024729-lessFilters/iteracion_100.png,UNKNOWN_NEEDS_REVIEW,41297,Research Governance,Governance Reviewer,KEEP,SOURCE_MISSING_RECHECK,,FALSE,MISSING_SOURCE_AT_EXECUTION,"A005 listed this external reference path, but it is not present in the current workspace; no delete or move was performed."
참고 Context/3. Github Source/QuantTraderDL-main/QuantTraderDL-main/plots/gauss_multiexog_syp500_-50d-20100104-2024729-lessFilters/iteracion_101.png,UNKNOWN_NEEDS_REVIEW,40578,Research Governance,Governance Reviewer,KEEP,SOURCE_MISSING_RECHECK,,FALSE,MISSING_SOURCE_AT_EXECUTION,"A005 listed this external reference path, but it is not present in the current workspace; no delete or move was performed."
참고 Context/3. Github Source/QuantTraderDL-main/QuantTraderDL-main/plots/gauss_multiexog_syp500_-50d-20100104-2024729-lessFilters/iteracion_102.png,UNKNOWN_NEEDS_REVIEW,39904,Research Governance,Governance Reviewer,KEEP,SOURCE_MISSING_RECHECK,,FALSE,MISSING_SOURCE_AT_EXECUTION,"A005 listed this external reference path, but it is not present in the current workspace; no delete or move was performed."
참고 Context/3. Github Source/QuantTraderDL-main/QuantTraderDL-main/plots/gauss_multiexog_syp500_-50d-20100104-2024729-lessFilters/iteracion_103.png,UNKNOWN_NEEDS_REVIEW,40748,Research Governance,Governance Reviewer,KEEP,SOURCE_MISSING_RECHECK,,FALSE,MISSING_SOURCE_AT_EXECUTION,"A005 listed this external reference path, but it is not present in the current workspace; no delete or move was performed."
참고 Context/3. Github Source/QuantTraderDL-main/QuantTraderDL-main/plots/gauss_multiexog_syp500_-50d-20100104-2024729-lessFilters/iteracion_104.png,UNKNOWN_NEEDS_REVIEW,40397,Research Governance,Governance Reviewer,KEEP,SOURCE_MISSING_RECHECK,,FALSE,MISSING_SOURCE_AT_EXECUTION,"A005 listed this external reference path, but it is not present in the current workspace; no delete or move was performed."
참고 Context/3. Github Source/QuantTraderDL-main/QuantTraderDL-main/plots/gauss_multiexog_syp500_-50d-20100104-2024729-lessFilters/iteracion_105.png,UNKNOWN_NEEDS_REVIEW,40682,Research Governance,Governance Reviewer,KEEP,SOURCE_MISSING_RECHECK,,FALSE,MISSING_SOURCE_AT_EXECUTION,"A005 listed this external reference path, but it is not present in the current workspace; no delete or move was performed."
참고 Context/3. Github Source/QuantTraderDL-main/QuantTraderDL-main/plots/gauss_multiexog_syp500_-50d-20100104-2024729-lessFilters/iteracion_106.png,UNKNOWN_NEEDS_REVIEW,39127,Research Governance,Governance Reviewer,KEEP,SOURCE_MISSING_RECHECK,,FALSE,MISSING_SOURCE_AT_EXECUTION,"A005 listed this external reference path, but it is not present in the current workspace; no delete or move was performed."
참고 Context/3. Github Source/QuantTraderDL-main/QuantTraderDL-main/plots/gauss_multiexog_syp500_-50d-20100104-2024729-lessFilters/iteracion_107.png,UNKNOWN_NEEDS_REVIEW,41074,Research Governance,Governance Reviewer,KEEP,SOURCE_MISSING_RECHECK,,FALSE,MISSING_SOURCE_AT_EXECUTION,"A005 listed this external reference path, but it is not present in the current workspace; no delete or move was performed."
참고 Context/3. Github Source/QuantTraderDL-main/QuantTraderDL-main/plots/gauss_multiexog_syp500_-50d-20100104-2024729-lessFilters/iteracion_108.png,UNKNOWN_NEEDS_REVIEW,40216,Research Governance,Governance Reviewer,KEEP,SOURCE_MISSING_RECHECK,,FALSE,MISSING_SOURCE_AT_EXECUTION,"A005 listed this external reference path, but it is not present in the current workspace; no delete or move was performed."
참고 Context/3. Github Source/QuantTraderDL-main/QuantTraderDL-main/plots/gauss_multiexog_syp500_-50d-20100104-2024729-lessFilters/iteracion_109.png,UNKNOWN_NEEDS_REVIEW,40780,Research Governance,Governance Reviewer,KEEP,SOURCE_MISSING_RECHECK,,FALSE,MISSING_SOURCE_AT_EXECUTION,"A005 listed this external reference path, but it is not present in the current workspace; no delete or move was performed."
참고 Context/3. Github Source/QuantTraderDL-main/QuantTraderDL-main/plots/gauss_multiexog_syp500_-50d-20100104-2024729-lessFilters/iteracion_11.png,UNKNOWN_NEEDS_REVIEW,40491,Research Governance,Governance Reviewer,KEEP,SOURCE_MISSING_RECHECK,,FALSE,MISSING_SOURCE_AT_EXECUTION,"A005 listed this external reference path, but it is not present in the current workspace; no delete or move was performed."
참고 Context/3. Github Source/QuantTraderDL-main/QuantTraderDL-main/plots/gauss_multiexog_syp500_-50d-20100104-2024729-lessFilters/iteracion_110.png,UNKNOWN_NEEDS_REVIEW,38652,Research Governance,Governance Reviewer,KEEP,SOURCE_MISSING_RECHECK,,FALSE,MISSING_SOURCE_AT_EXECUTION,"A005 listed this external reference path, but it is not present in the current workspace; no delete or move was performed."
참고 Context/3. Github Source/QuantTraderDL-main/QuantTraderDL-main/plots/gauss_multiexog_syp500_-50d-20100104-2024729-lessFilters/iteracion_111.png,UNKNOWN_NEEDS_REVIEW,40785,Research Governance,Governance Reviewer,KEEP,SOURCE_MISSING_RECHECK,,FALSE,MISSING_SOURCE_AT_EXECUTION,"A005 listed this external reference path, but it is not present in the current workspace; no delete or move was performed."
참고 Context/3. Github Source/QuantTraderDL-main/QuantTraderDL-main/plots/gauss_multiexog_syp500_-50d-20100104-2024729-lessFilters/iteracion_114.png,UNKNOWN_NEEDS_REVIEW,39535,Research Governance,Governance Reviewer,KEEP,SOURCE_MISSING_RECHECK,,FALSE,MISSING_SOURCE_AT_EXECUTION,"A005 listed this external reference path, but it is not present in the current workspace; no delete or move was performed."
참고 Context/3. Github Source/QuantTraderDL-main/QuantTraderDL-main/plots/gauss_multiexog_syp500_-50d-20100104-2024729-lessFilters/iteracion_115.png,UNKNOWN_NEEDS_REVIEW,41052,Research Governance,Governance Reviewer,KEEP,SOURCE_MISSING_RECHECK,,FALSE,MISSING_SOURCE_AT_EXECUTION,"A005 listed this external reference path, but it is not present in the current workspace; no delete or move was performed."
참고 Context/3. Github Source/QuantTraderDL-main/QuantTraderDL-main/plots/gauss_multiexog_syp500_-50d-20100104-2024729-lessFilters/iteracion_116.png,UNKNOWN_NEEDS_REVIEW,39325,Research Governance,Governance Reviewer,KEEP,SOURCE_MISSING_RECHECK,,FALSE,MISSING_SOURCE_AT_EXECUTION,"A005 listed this external reference path, but it is not present in the current workspace; no delete or move was performed."
참고 Context/3. Github Source/QuantTraderDL-main/QuantTraderDL-main/plots/gauss_multiexog_syp500_-50d-20100104-2024729-lessFilters/iteracion_117.png,UNKNOWN_NEEDS_REVIEW,37839,Research Governance,Governance Reviewer,KEEP,SOURCE_MISSING_RECHECK,,FALSE,MISSING_SOURCE_AT_EXECUTION,"A005 listed this external reference path, but it is not present in the current workspace; no delete or move was performed."
참고 Context/3. Github Source/QuantTraderDL-main/QuantTraderDL-main/plots/gauss_multiexog_syp500_-50d-20100104-2024729-lessFilters/iteracion_118.png,UNKNOWN_NEEDS_REVIEW,39740,Research Governance,Governance Reviewer,KEEP,SOURCE_MISSING_RECHECK,,FALSE,MISSING_SOURCE_AT_EXECUTION,"A005 listed this external reference path, but it is not present in the current workspace; no delete or move was performed."
참고 Context/3. Github Source/QuantTraderDL-main/QuantTraderDL-main/plots/gauss_multiexog_syp500_-50d-20100104-2024729-lessFilters/iteracion_119.png,UNKNOWN_NEEDS_REVIEW,40512,Research Governance,Governance Reviewer,KEEP,SOURCE_MISSING_RECHECK,,FALSE,MISSING_SOURCE_AT_EXECUTION,"A005 listed this external reference path, but it is not present in the current workspace; no delete or move was performed."
참고 Context/3. Github Source/QuantTraderDL-main/QuantTraderDL-main/plots/gauss_multiexog_syp500_-50d-20100104-2024729-lessFilters/iteracion_12.png,UNKNOWN_NEEDS_REVIEW,37801,Research Governance,Governance Reviewer,KEEP,SOURCE_MISSING_RECHECK,,FALSE,MISSING_SOURCE_AT_EXECUTION,"A005 listed this external reference path, but it is not present in the current workspace; no delete or move was performed."
참고 Context/3. Github Source/QuantTraderDL-main/QuantTraderDL-main/plots/gauss_multiexog_syp500_-50d-20100104-2024729-lessFilters/iteracion_120.png,UNKNOWN_NEEDS_REVIEW,41294,Research Governance,Governance Reviewer,KEEP,SOURCE_MISSING_RECHECK,,FALSE,MISSING_SOURCE_AT_EXECUTION,"A005 listed this external reference path, but it is not present in the current workspace; no delete or move was performed."
참고 Context/3. Github Source/QuantTraderDL-main/QuantTraderDL-main/plots/gauss_multiexog_syp500_-50d-20100104-2024729-lessFilters/iteracion_121.png,UNKNOWN_NEEDS_REVIEW,40778,Research Governance,Governance Reviewer,KEEP,SOURCE_MISSING_RECHECK,,FALSE,MISSING_SOURCE_AT_EXECUTION,"A005 listed this external reference path, but it is not present in the current workspace; no delete or move was performed."
참고 Context/3. Github Source/QuantTraderDL-main/QuantTraderDL-main/plots/gauss_multiexog_syp500_-50d-20100104-2024729-lessFilters/iteracion_122.png,UNKNOWN_NEEDS_REVIEW,38970,Research Governance,Governance Reviewer,KEEP,SOURCE_MISSING_RECHECK,,FALSE,MISSING_SOURCE_AT_EXECUTION,"A005 listed this external reference path, but it is not present in the current workspace; no delete or move was performed."
참고 Context/3. Github Source/QuantTraderDL-main/QuantTraderDL-main/plots/gauss_multiexog_syp500_-50d-20100104-2024729-lessFilters/iteracion_123.png,UNKNOWN_NEEDS_REVIEW,40349,Research Governance,Governance Reviewer,KEEP,SOURCE_MISSING_RECHECK,,FALSE,MISSING_SOURCE_AT_EXECUTION,"A005 listed this external reference path, but it is not present in the current workspace; no delete or move was performed."
참고 Context/3. Github Source/QuantTraderDL-main/QuantTraderDL-main/plots/gauss_multiexog_syp500_-50d-20100104-2024729-lessFilters/iteracion_124.png,UNKNOWN_NEEDS_REVIEW,40444,Research Governance,Governance Reviewer,KEEP,SOURCE_MISSING_RECHECK,,FALSE,MISSING_SOURCE_AT_EXECUTION,"A005 listed this external reference path, but it is not present in the current workspace; no delete or move was performed."
참고 Context/3. Github Source/QuantTraderDL-main/QuantTraderDL-main/plots/gauss_multiexog_syp500_-50d-20100104-2024729-lessFilters/iteracion_125.png,UNKNOWN_NEEDS_REVIEW,41302,Research Governance,Governance Reviewer,KEEP,SOURCE_MISSING_RECHECK,,FALSE,MISSING_SOURCE_AT_EXECUTION,"A005 listed this external reference path, but it is not present in the current workspace; no delete or move was performed."
참고 Context/3. Github Source/QuantTraderDL-main/QuantTraderDL-main/plots/gauss_multiexog_syp500_-50d-20100104-2024729-lessFilters/iteracion_126.png,UNKNOWN_NEEDS_REVIEW,40360,Research Governance,Governance Reviewer,KEEP,SOURCE_MISSING_RECHECK,,FALSE,MISSING_SOURCE_AT_EXECUTION,"A005 listed this external reference path, but it is not present in the current workspace; no delete or move was performed."
참고 Context/3. Github Source/QuantTraderDL-main/QuantTraderDL-main/plots/gauss_multiexog_syp500_-50d-20100104-2024729-lessFilters/iteracion_127.png,UNKNOWN_NEEDS_REVIEW,38887,Research Governance,Governance Reviewer,KEEP,SOURCE_MISSING_RECHECK,,FALSE,MISSING_SOURCE_AT_EXECUTION,"A005 listed this external reference path, but it is not present in the current workspace; no delete or move was performed."
참고 Context/3. Github Source/QuantTraderDL-main/QuantTraderDL-main/plots/gauss_multiexog_syp500_-50d-20100104-2024729-lessFilters/iteracion_128.png,UNKNOWN_NEEDS_REVIEW,38854,Research Governance,Governance Reviewer,KEEP,SOURCE_MISSING_RECHECK,,FALSE,MISSING_SOURCE_AT_EXECUTION,"A005 listed this external reference path, but it is not present in the current workspace; no delete or move was performed."
참고 Context/3. Github Source/QuantTraderDL-main/QuantTraderDL-main/plots/gauss_multiexog_syp500_-50d-20100104-2024729-lessFilters/iteracion_129.png,UNKNOWN_NEEDS_REVIEW,41187,Research Governance,Governance Reviewer,KEEP,SOURCE_MISSING_RECHECK,,FALSE,MISSING_SOURCE_AT_EXECUTION,"A005 listed this external reference path, but it is not present in the current workspace; no delete or move was performed."
참고 Context/3. Github Source/QuantTraderDL-main/QuantTraderDL-main/plots/gauss_multiexog_syp500_-50d-20100104-2024729-lessFilters/iteracion_13.png,UNKNOWN_NEEDS_REVIEW,39024,Research Governance,Governance Reviewer,KEEP,SOURCE_MISSING_RECHECK,,FALSE,MISSING_SOURCE_AT_EXECUTION,"A005 listed this external reference path, but it is not present in the current workspace; no delete or move was performed."
참고 Context/3. Github Source/QuantTraderDL-main/QuantTraderDL-main/plots/gauss_multiexog_syp500_-50d-20100104-2024729-lessFilters/iteracion_130.png,UNKNOWN_NEEDS_REVIEW,40245,Research Governance,Governance Reviewer,KEEP,SOURCE_MISSING_RECHECK,,FALSE,MISSING_SOURCE_AT_EXECUTION,"A005 listed this external reference path, but it is not present in the current workspace; no delete or move was performed."
참고 Context/3. Github Source/QuantTraderDL-main/QuantTraderDL-main/plots/gauss_multiexog_syp500_-50d-20100104-2024729-lessFilters/iteracion_14.png,UNKNOWN_NEEDS_REVIEW,39110,Research Governance,Governance Reviewer,KEEP,SOURCE_MISSING_RECHECK,,FALSE,MISSING_SOURCE_AT_EXECUTION,"A005 listed this external reference path, but it is not present in the current workspace; no delete or move was performed."
참고 Context/3. Github Source/QuantTraderDL-main/QuantTraderDL-main/plots/gauss_multiexog_syp500_-50d-20100104-2024729-lessFilters/iteracion_15.png,UNKNOWN_NEEDS_REVIEW,40749,Research Governance,Governance Reviewer,KEEP,SOURCE_MISSING_RECHECK,,FALSE,MISSING_SOURCE_AT_EXECUTION,"A005 listed this external reference path, but it is not present in the current workspace; no delete or move was performed."
참고 Context/3. Github Source/QuantTraderDL-main/QuantTraderDL-main/plots/gauss_multiexog_syp500_-50d-20100104-2024729-lessFilters/iteracion_16.png,UNKNOWN_NEEDS_REVIEW,40575,Research Governance,Governance Reviewer,KEEP,SOURCE_MISSING_RECHECK,,FALSE,MISSING_SOURCE_AT_EXECUTION,"A005 listed this external reference path, but it is not present in the current workspace; no delete or move was performed."
참고 Context/3. Github Source/QuantTraderDL-main/QuantTraderDL-main/plots/gauss_multiexog_syp500_-50d-20100104-2024729-lessFilters/iteracion_17.png,UNKNOWN_NEEDS_REVIEW,40221,Research Governance,Governance Reviewer,KEEP,SOURCE_MISSING_RECHECK,,FALSE,MISSING_SOURCE_AT_EXECUTION,"A005 listed this external reference path, but it is not present in the current workspace; no delete or move was performed."
참고 Context/3. Github Source/QuantTraderDL-main/QuantTraderDL-main/plots/gauss_multiexog_syp500_-50d-20100104-2024729-lessFilters/iteracion_18.png,UNKNOWN_NEEDS_REVIEW,39288,Research Governance,Governance Reviewer,KEEP,SOURCE_MISSING_RECHECK,,FALSE,MISSING_SOURCE_AT_EXECUTION,"A005 listed this external reference path, but it is not present in the current workspace; no delete or move was performed."
참고 Context/3. Github Source/QuantTraderDL-main/QuantTraderDL-main/plots/gauss_multiexog_syp500_-50d-20100104-2024729-lessFilters/iteracion_19.png,UNKNOWN_NEEDS_REVIEW,39241,Research Governance,Governance Reviewer,KEEP,SOURCE_MISSING_RECHECK,,FALSE,MISSING_SOURCE_AT_EXECUTION,"A005 listed this external reference path, but it is not present in the current workspace; no delete or move was performed."
참고 Context/3. Github Source/QuantTraderDL-main/QuantTraderDL-main/plots/gauss_multiexog_syp500_-50d-20100104-2024729-lessFilters/iteracion_2.png,UNKNOWN_NEEDS_REVIEW,41882,Research Governance,Governance Reviewer,KEEP,SOURCE_MISSING_RECHECK,,FALSE,MISSING_SOURCE_AT_EXECUTION,"A005 listed this external reference path, but it is not present in the current workspace; no delete or move was performed."
참고 Context/3. Github Source/QuantTraderDL-main/QuantTraderDL-main/plots/gauss_multiexog_syp500_-50d-20100104-2024729-lessFilters/iteracion_20.png,UNKNOWN_NEEDS_REVIEW,40537,Research Governance,Governance Reviewer,KEEP,SOURCE_MISSING_RECHECK,,FALSE,MISSING_SOURCE_AT_EXECUTION,"A005 listed this external reference path, but it is not present in the current workspace; no delete or move was performed."
참고 Context/3. Github Source/QuantTraderDL-main/QuantTraderDL-main/plots/gauss_multiexog_syp500_-50d-20100104-2024729-lessFilters/iteracion_21.png,UNKNOWN_NEEDS_REVIEW,39596,Research Governance,Governance Reviewer,KEEP,SOURCE_MISSING_RECHECK,,FALSE,MISSING_SOURCE_AT_EXECUTION,"A005 listed this external reference path, but it is not present in the current workspace; no delete or move was performed."
참고 Context/3. Github Source/QuantTraderDL-main/QuantTraderDL-main/plots/gauss_multiexog_syp500_-50d-20100104-2024729-lessFilters/iteracion_22.png,UNKNOWN_NEEDS_REVIEW,39786,Research Governance,Governance Reviewer,KEEP,SOURCE_MISSING_RECHECK,,FALSE,MISSING_SOURCE_AT_EXECUTION,"A005 listed this external reference path, but it is not present in the current workspace; no delete or move was performed."
참고 Context/3. Github Source/QuantTraderDL-main/QuantTraderDL-main/plots/gauss_multiexog_syp500_-50d-20100104-2024729-lessFilters/iteracion_23.png,UNKNOWN_NEEDS_REVIEW,39438,Research Governance,Governance Reviewer,KEEP,SOURCE_MISSING_RECHECK,,FALSE,MISSING_SOURCE_AT_EXECUTION,"A005 listed this external reference path, but it is not present in the current workspace; no delete or move was performed."
참고 Context/3. Github Source/QuantTraderDL-main/QuantTraderDL-main/plots/gauss_multiexog_syp500_-50d-20100104-2024729-lessFilters/iteracion_24.png,UNKNOWN_NEEDS_REVIEW,39685,Research Governance,Governance Reviewer,KEEP,SOURCE_MISSING_RECHECK,,FALSE,MISSING_SOURCE_AT_EXECUTION,"A005 listed this external reference path, but it is not present in the current workspace; no delete or move was performed."
참고 Context/3. Github Source/QuantTraderDL-main/QuantTraderDL-main/plots/gauss_multiexog_syp500_-50d-20100104-2024729-lessFilters/iteracion_25.png,UNKNOWN_NEEDS_REVIEW,41565,Research Governance,Governance Reviewer,KEEP,SOURCE_MISSING_RECHECK,,FALSE,MISSING_SOURCE_AT_EXECUTION,"A005 listed this external reference path, but it is not present in the current workspace; no delete or move was performed."
참고 Context/3. Github Source/QuantTraderDL-main/QuantTraderDL-main/plots/gauss_multiexog_syp500_-50d-20100104-2024729-lessFilters/iteracion_26.png,UNKNOWN_NEEDS_REVIEW,39892,Research Governance,Governance Reviewer,KEEP,SOURCE_MISSING_RECHECK,,FALSE,MISSING_SOURCE_AT_EXECUTION,"A005 listed this external reference path, but it is not present in the current workspace; no delete or move was performed."
참고 Context/3. Github Source/QuantTraderDL-main/QuantTraderDL-main/plots/gauss_multiexog_syp500_-50d-20100104-2024729-lessFilters/iteracion_27.png,UNKNOWN_NEEDS_REVIEW,38898,Research Governance,Governance Reviewer,KEEP,SOURCE_MISSING_RECHECK,,FALSE,MISSING_SOURCE_AT_EXECUTION,"A005 listed this external reference path, but it is not present in the current workspace; no delete or move was performed."
참고 Context/3. Github Source/QuantTraderDL-main/QuantTraderDL-main/plots/gauss_multiexog_syp500_-50d-20100104-2024729-lessFilters/iteracion_29.png,UNKNOWN_NEEDS_REVIEW,40641,Research Governance,Governance Reviewer,KEEP,SOURCE_MISSING_RECHECK,,FALSE,MISSING_SOURCE_AT_EXECUTION,"A005 listed this external reference path, but it is not present in the current workspace; no delete or move was performed."
참고 Context/3. Github Source/QuantTraderDL-main/QuantTraderDL-main/plots/gauss_multiexog_syp500_-50d-20100104-2024729-lessFilters/iteracion_3.png,UNKNOWN_NEEDS_REVIEW,40187,Research Governance,Governance Reviewer,KEEP,SOURCE_MISSING_RECHECK,,FALSE,MISSING_SOURCE_AT_EXECUTION,"A005 listed this external reference path, but it is not present in the current workspace; no delete or move was performed."
참고 Context/3. Github Source/QuantTraderDL-main/QuantTraderDL-main/plots/gauss_multiexog_syp500_-50d-20100104-2024729-lessFilters/iteracion_30.png,UNKNOWN_NEEDS_REVIEW,38938,Research Governance,Governance Reviewer,KEEP,SOURCE_MISSING_RECHECK,,FALSE,MISSING_SOURCE_AT_EXECUTION,"A005 listed this external reference path, but it is not present in the current workspace; no delete or move was performed."
참고 Context/3. Github Source/QuantTraderDL-main/QuantTraderDL-main/plots/gauss_multiexog_syp500_-50d-20100104-2024729-lessFilters/iteracion_31.png,UNKNOWN_NEEDS_REVIEW,39246,Research Governance,Governance Reviewer,KEEP,SOURCE_MISSING_RECHECK,,FALSE,MISSING_SOURCE_AT_EXECUTION,"A005 listed this external reference path, but it is not present in the current workspace; no delete or move was performed."
참고 Context/3. Github Source/QuantTraderDL-main/QuantTraderDL-main/plots/gauss_multiexog_syp500_-50d-20100104-2024729-lessFilters/iteracion_32.png,UNKNOWN_NEEDS_REVIEW,40626,Research Governance,Governance Reviewer,KEEP,SOURCE_MISSING_RECHECK,,FALSE,MISSING_SOURCE_AT_EXECUTION,"A005 listed this external reference path, but it is not present in the current workspace; no delete or move was performed."
참고 Context/3. Github Source/QuantTraderDL-main/QuantTraderDL-main/plots/gauss_multiexog_syp500_-50d-20100104-2024729-lessFilters/iteracion_33.png,UNKNOWN_NEEDS_REVIEW,40019,Research Governance,Governance Reviewer,KEEP,SOURCE_MISSING_RECHECK,,FALSE,MISSING_SOURCE_AT_EXECUTION,"A005 listed this external reference path, but it is not present in the current workspace; no delete or move was performed."
참고 Context/3. Github Source/QuantTraderDL-main/QuantTraderDL-main/plots/gauss_multiexog_syp500_-50d-20100104-2024729-lessFilters/iteracion_34.png,UNKNOWN_NEEDS_REVIEW,40548,Research Governance,Governance Reviewer,KEEP,SOURCE_MISSING_RECHECK,,FALSE,MISSING_SOURCE_AT_EXECUTION,"A005 listed this external reference path, but it is not present in the current workspace; no delete or move was performed."
참고 Context/3. Github Source/QuantTraderDL-main/QuantTraderDL-main/plots/gauss_multiexog_syp500_-50d-20100104-2024729-lessFilters/iteracion_35.png,UNKNOWN_NEEDS_REVIEW,40601,Research Governance,Governance Reviewer,KEEP,SOURCE_MISSING_RECHECK,,FALSE,MISSING_SOURCE_AT_EXECUTION,"A005 listed this external reference path, but it is not present in the current workspace; no delete or move was performed."
참고 Context/3. Github Source/QuantTraderDL-main/QuantTraderDL-main/plots/gauss_multiexog_syp500_-50d-20100104-2024729-lessFilters/iteracion_36.png,UNKNOWN_NEEDS_REVIEW,40446,Research Governance,Governance Reviewer,KEEP,SOURCE_MISSING_RECHECK,,FALSE,MISSING_SOURCE_AT_EXECUTION,"A005 listed this external reference path, but it is not present in the current workspace; no delete or move was performed."
참고 Context/3. Github Source/QuantTraderDL-main/QuantTraderDL-main/plots/gauss_multiexog_syp500_-50d-20100104-2024729-lessFilters/iteracion_37.png,UNKNOWN_NEEDS_REVIEW,40290,Research Governance,Governance Reviewer,KEEP,SOURCE_MISSING_RECHECK,,FALSE,MISSING_SOURCE_AT_EXECUTION,"A005 listed this external reference path, but it is not present in the current workspace; no delete or move was performed."
참고 Context/3. Github Source/QuantTraderDL-main/QuantTraderDL-main/plots/gauss_multiexog_syp500_-50d-20100104-2024729-lessFilters/iteracion_38.png,UNKNOWN_NEEDS_REVIEW,41983,Research Governance,Governance Reviewer,KEEP,SOURCE_MISSING_RECHECK,,FALSE,MISSING_SOURCE_AT_EXECUTION,"A005 listed this external reference path, but it is not present in the current workspace; no delete or move was performed."
참고 Context/3. Github Source/QuantTraderDL-main/QuantTraderDL-main/plots/gauss_multiexog_syp500_-50d-20100104-2024729-lessFilters/iteracion_39.png,UNKNOWN_NEEDS_REVIEW,41790,Research Governance,Governance Reviewer,KEEP,SOURCE_MISSING_RECHECK,,FALSE,MISSING_SOURCE_AT_EXECUTION,"A005 listed this external reference path, but it is not present in the current workspace; no delete or move was performed."
참고 Context/3. Github Source/QuantTraderDL-main/QuantTraderDL-main/plots/gauss_multiexog_syp500_-50d-20100104-2024729-lessFilters/iteracion_4.png,UNKNOWN_NEEDS_REVIEW,39921,Research Governance,Governance Reviewer,KEEP,SOURCE_MISSING_RECHECK,,FALSE,MISSING_SOURCE_AT_EXECUTION,"A005 listed this external reference path, but it is not present in the current workspace; no delete or move was performed."
참고 Context/3. Github Source/QuantTraderDL-main/QuantTraderDL-main/plots/gauss_multiexog_syp500_-50d-20100104-2024729-lessFilters/iteracion_40.png,UNKNOWN_NEEDS_REVIEW,40299,Research Governance,Governance Reviewer,KEEP,SOURCE_MISSING_RECHECK,,FALSE,MISSING_SOURCE_AT_EXECUTION,"A005 listed this external reference path, but it is not present in the current workspace; no delete or move was performed."
참고 Context/3. Github Source/QuantTraderDL-main/QuantTraderDL-main/plots/gauss_multiexog_syp500_-50d-20100104-2024729-lessFilters/iteracion_41.png,UNKNOWN_NEEDS_REVIEW,40931,Research Governance,Governance Reviewer,KEEP,SOURCE_MISSING_RECHECK,,FALSE,MISSING_SOURCE_AT_EXECUTION,"A005 listed this external reference path, but it is not present in the current workspace; no delete or move was performed."
참고 Context/3. Github Source/QuantTraderDL-main/QuantTraderDL-main/plots/gauss_multiexog_syp500_-50d-20100104-2024729-lessFilters/iteracion_42.png,UNKNOWN_NEEDS_REVIEW,38537,Research Governance,Governance Reviewer,KEEP,SOURCE_MISSING_RECHECK,,FALSE,MISSING_SOURCE_AT_EXECUTION,"A005 listed this external reference path, but it is not present in the current workspace; no delete or move was performed."
참고 Context/3. Github Source/QuantTraderDL-main/QuantTraderDL-main/plots/gauss_multiexog_syp500_-50d-20100104-2024729-lessFilters/iteracion_43.png,UNKNOWN_NEEDS_REVIEW,39636,Research Governance,Governance Reviewer,KEEP,SOURCE_MISSING_RECHECK,,FALSE,MISSING_SOURCE_AT_EXECUTION,"A005 listed this external reference path, but it is not present in the current workspace; no delete or move was performed."
참고 Context/3. Github Source/QuantTraderDL-main/QuantTraderDL-main/plots/gauss_multiexog_syp500_-50d-20100104-2024729-lessFilters/iteracion_44.png,UNKNOWN_NEEDS_REVIEW,42971,Research Governance,Governance Reviewer,KEEP,SOURCE_MISSING_RECHECK,,FALSE,MISSING_SOURCE_AT_EXECUTION,"A005 listed this external reference path, but it is not present in the current workspace; no delete or move was performed."
참고 Context/3. Github Source/QuantTraderDL-main/QuantTraderDL-main/plots/gauss_multiexog_syp500_-50d-20100104-2024729-lessFilters/iteracion_45.png,UNKNOWN_NEEDS_REVIEW,40001,Research Governance,Governance Reviewer,KEEP,SOURCE_MISSING_RECHECK,,FALSE,MISSING_SOURCE_AT_EXECUTION,"A005 listed this external reference path, but it is not present in the current workspace; no delete or move was performed."
참고 Context/3. Github Source/QuantTraderDL-main/QuantTraderDL-main/plots/gauss_multiexog_syp500_-50d-20100104-2024729-lessFilters/iteracion_46.png,UNKNOWN_NEEDS_REVIEW,38599,Research Governance,Governance Reviewer,KEEP,SOURCE_MISSING_RECHECK,,FALSE,MISSING_SOURCE_AT_EXECUTION,"A005 listed this external reference path, but it is not present in the current workspace; no delete or move was performed."
참고 Context/3. Github Source/QuantTraderDL-main/QuantTraderDL-main/plots/gauss_multiexog_syp500_-50d-20100104-2024729-lessFilters/iteracion_47.png,UNKNOWN_NEEDS_REVIEW,40483,Research Governance,Governance Reviewer,KEEP,SOURCE_MISSING_RECHECK,,FALSE,MISSING_SOURCE_AT_EXECUTION,"A005 listed this external reference path, but it is not present in the current workspace; no delete or move was performed."
참고 Context/3. Github Source/QuantTraderDL-main/QuantTraderDL-main/plots/gauss_multiexog_syp500_-50d-20100104-2024729-lessFilters/iteracion_48.png,UNKNOWN_NEEDS_REVIEW,40576,Research Governance,Governance Reviewer,KEEP,SOURCE_MISSING_RECHECK,,FALSE,MISSING_SOURCE_AT_EXECUTION,"A005 listed this external reference path, but it is not present in the current workspace; no delete or move was performed."
참고 Context/3. Github Source/QuantTraderDL-main/QuantTraderDL-main/plots/gauss_multiexog_syp500_-50d-20100104-2024729-lessFilters/iteracion_49.png,UNKNOWN_NEEDS_REVIEW,39185,Research Governance,Governance Reviewer,KEEP,SOURCE_MISSING_RECHECK,,FALSE,MISSING_SOURCE_AT_EXECUTION,"A005 listed this external reference path, but it is not present in the current workspace; no delete or move was performed."
참고 Context/3. Github Source/QuantTraderDL-main/QuantTraderDL-main/plots/gauss_multiexog_syp500_-50d-20100104-2024729-lessFilters/iteracion_5.png,UNKNOWN_NEEDS_REVIEW,39285,Research Governance,Governance Reviewer,KEEP,SOURCE_MISSING_RECHECK,,FALSE,MISSING_SOURCE_AT_EXECUTION,"A005 listed this external reference path, but it is not present in the current workspace; no delete or move was performed."
참고 Context/3. Github Source/QuantTraderDL-main/QuantTraderDL-main/plots/gauss_multiexog_syp500_-50d-20100104-2024729-lessFilters/iteracion_50.png,UNKNOWN_NEEDS_REVIEW,40461,Research Governance,Governance Reviewer,KEEP,SOURCE_MISSING_RECHECK,,FALSE,MISSING_SOURCE_AT_EXECUTION,"A005 listed this external reference path, but it is not present in the current workspace; no delete or move was performed."
참고 Context/3. Github Source/QuantTraderDL-main/QuantTraderDL-main/plots/gauss_multiexog_syp500_-50d-20100104-2024729-lessFilters/iteracion_51.png,UNKNOWN_NEEDS_REVIEW,39680,Research Governance,Governance Reviewer,KEEP,SOURCE_MISSING_RECHECK,,FALSE,MISSING_SOURCE_AT_EXECUTION,"A005 listed this external reference path, but it is not present in the current workspace; no delete or move was performed."
참고 Context/3. Github Source/QuantTraderDL-main/QuantTraderDL-main/plots/gauss_multiexog_syp500_-50d-20100104-2024729-lessFilters/iteracion_52.png,UNKNOWN_NEEDS_REVIEW,39574,Research Governance,Governance Reviewer,KEEP,SOURCE_MISSING_RECHECK,,FALSE,MISSING_SOURCE_AT_EXECUTION,"A005 listed this external reference path, but it is not present in the current workspace; no delete or move was performed."
참고 Context/3. Github Source/QuantTraderDL-main/QuantTraderDL-main/plots/gauss_multiexog_syp500_-50d-20100104-2024729-lessFilters/iteracion_53.png,UNKNOWN_NEEDS_REVIEW,40170,Research Governance,Governance Reviewer,KEEP,SOURCE_MISSING_RECHECK,,FALSE,MISSING_SOURCE_AT_EXECUTION,"A005 listed this external reference path, but it is not present in the current workspace; no delete or move was performed."
참고 Context/3. Github Source/QuantTraderDL-main/QuantTraderDL-main/plots/gauss_multiexog_syp500_-50d-20100104-2024729-lessFilters/iteracion_54.png,UNKNOWN_NEEDS_REVIEW,39323,Research Governance,Governance Reviewer,KEEP,SOURCE_MISSING_RECHECK,,FALSE,MISSING_SOURCE_AT_EXECUTION,"A005 listed this external reference path, but it is not present in the current workspace; no delete or move was performed."
참고 Context/3. Github Source/QuantTraderDL-main/QuantTraderDL-main/plots/gauss_multiexog_syp500_-50d-20100104-2024729-lessFilters/iteracion_55.png,UNKNOWN_NEEDS_REVIEW,38626,Research Governance,Governance Reviewer,KEEP,SOURCE_MISSING_RECHECK,,FALSE,MISSING_SOURCE_AT_EXECUTION,"A005 listed this external reference path, but it is not present in the current workspace; no delete or move was performed."
참고 Context/3. Github Source/QuantTraderDL-main/QuantTraderDL-main/plots/gauss_multiexog_syp500_-50d-20100104-2024729-lessFilters/iteracion_57.png,UNKNOWN_NEEDS_REVIEW,39863,Research Governance,Governance Reviewer,KEEP,SOURCE_MISSING_RECHECK,,FALSE,MISSING_SOURCE_AT_EXECUTION,"A005 listed this external reference path, but it is not present in the current workspace; no delete or move was performed."
참고 Context/3. Github Source/QuantTraderDL-main/QuantTraderDL-main/plots/gauss_multiexog_syp500_-50d-20100104-2024729-lessFilters/iteracion_58.png,UNKNOWN_NEEDS_REVIEW,39911,Research Governance,Governance Reviewer,KEEP,SOURCE_MISSING_RECHECK,,FALSE,MISSING_SOURCE_AT_EXECUTION,"A005 listed this external reference path, but it is not present in the current workspace; no delete or move was performed."
참고 Context/3. Github Source/QuantTraderDL-main/QuantTraderDL-main/plots/gauss_multiexog_syp500_-50d-20100104-2024729-lessFilters/iteracion_59.png,UNKNOWN_NEEDS_REVIEW,39779,Research Governance,Governance Reviewer,KEEP,SOURCE_MISSING_RECHECK,,FALSE,MISSING_SOURCE_AT_EXECUTION,"A005 listed this external reference path, but it is not present in the current workspace; no delete or move was performed."
참고 Context/3. Github Source/QuantTraderDL-main/QuantTraderDL-main/plots/gauss_multiexog_syp500_-50d-20100104-2024729-lessFilters/iteracion_6.png,UNKNOWN_NEEDS_REVIEW,40956,Research Governance,Governance Reviewer,KEEP,SOURCE_MISSING_RECHECK,,FALSE,MISSING_SOURCE_AT_EXECUTION,"A005 listed this external reference path, but it is not present in the current workspace; no delete or move was performed."
참고 Context/3. Github Source/QuantTraderDL-main/QuantTraderDL-main/plots/gauss_multiexog_syp500_-50d-20100104-2024729-lessFilters/iteracion_61.png,UNKNOWN_NEEDS_REVIEW,39985,Research Governance,Governance Reviewer,KEEP,SOURCE_MISSING_RECHECK,,FALSE,MISSING_SOURCE_AT_EXECUTION,"A005 listed this external reference path, but it is not present in the current workspace; no delete or move was performed."
참고 Context/3. Github Source/QuantTraderDL-main/QuantTraderDL-main/plots/gauss_multiexog_syp500_-50d-20100104-2024729-lessFilters/iteracion_62.png,UNKNOWN_NEEDS_REVIEW,39874,Research Governance,Governance Reviewer,KEEP,SOURCE_MISSING_RECHECK,,FALSE,MISSING_SOURCE_AT_EXECUTION,"A005 listed this external reference path, but it is not present in the current workspace; no delete or move was performed."
참고 Context/3. Github Source/QuantTraderDL-main/QuantTraderDL-main/plots/gauss_multiexog_syp500_-50d-20100104-2024729-lessFilters/iteracion_63.png,UNKNOWN_NEEDS_REVIEW,38969,Research Governance,Governance Reviewer,KEEP,SOURCE_MISSING_RECHECK,,FALSE,MISSING_SOURCE_AT_EXECUTION,"A005 listed this external reference path, but it is not present in the current workspace; no delete or move was performed."
참고 Context/3. Github Source/QuantTraderDL-main/QuantTraderDL-main/plots/gauss_multiexog_syp500_-50d-20100104-2024729-lessFilters/iteracion_64.png,UNKNOWN_NEEDS_REVIEW,41272,Research Governance,Governance Reviewer,KEEP,SOURCE_MISSING_RECHECK,,FALSE,MISSING_SOURCE_AT_EXECUTION,"A005 listed this external reference path, but it is not present in the current workspace; no delete or move was performed."
참고 Context/3. Github Source/QuantTraderDL-main/QuantTraderDL-main/plots/gauss_multiexog_syp500_-50d-20100104-2024729-lessFilters/iteracion_65.png,UNKNOWN_NEEDS_REVIEW,39890,Research Governance,Governance Reviewer,KEEP,SOURCE_MISSING_RECHECK,,FALSE,MISSING_SOURCE_AT_EXECUTION,"A005 listed this external reference path, but it is not present in the current workspace; no delete or move was performed."
참고 Context/3. Github Source/QuantTraderDL-main/QuantTraderDL-main/plots/gauss_multiexog_syp500_-50d-20100104-2024729-lessFilters/iteracion_66.png,UNKNOWN_NEEDS_REVIEW,39515,Research Governance,Governance Reviewer,KEEP,SOURCE_MISSING_RECHECK,,FALSE,MISSING_SOURCE_AT_EXECUTION,"A005 listed this external reference path, but it is not present in the current workspace; no delete or move was performed."
참고 Context/3. Github Source/QuantTraderDL-main/QuantTraderDL-main/plots/gauss_multiexog_syp500_-50d-20100104-2024729-lessFilters/iteracion_67.png,UNKNOWN_NEEDS_REVIEW,40446,Research Governance,Governance Reviewer,KEEP,SOURCE_MISSING_RECHECK,,FALSE,MISSING_SOURCE_AT_EXECUTION,"A005 listed this external reference path, but it is not present in the current workspace; no delete or move was performed."
참고 Context/3. Github Source/QuantTraderDL-main/QuantTraderDL-main/plots/gauss_multiexog_syp500_-50d-20100104-2024729-lessFilters/iteracion_68.png,UNKNOWN_NEEDS_REVIEW,39755,Research Governance,Governance Reviewer,KEEP,SOURCE_MISSING_RECHECK,,FALSE,MISSING_SOURCE_AT_EXECUTION,"A005 listed this external reference path, but it is not present in the current workspace; no delete or move was performed."
참고 Context/3. Github Source/QuantTraderDL-main/QuantTraderDL-main/plots/gauss_multiexog_syp500_-50d-20100104-2024729-lessFilters/iteracion_69.png,UNKNOWN_NEEDS_REVIEW,41402,Research Governance,Governance Reviewer,KEEP,SOURCE_MISSING_RECHECK,,FALSE,MISSING_SOURCE_AT_EXECUTION,"A005 listed this external reference path, but it is not present in the current workspace; no delete or move was performed."
참고 Context/3. Github Source/QuantTraderDL-main/QuantTraderDL-main/plots/gauss_multiexog_syp500_-50d-20100104-2024729-lessFilters/iteracion_7.png,UNKNOWN_NEEDS_REVIEW,41421,Research Governance,Governance Reviewer,KEEP,SOURCE_MISSING_RECHECK,,FALSE,MISSING_SOURCE_AT_EXECUTION,"A005 listed this external reference path, but it is not present in the current workspace; no delete or move was performed."
참고 Context/3. Github Source/QuantTraderDL-main/QuantTraderDL-main/plots/gauss_multiexog_syp500_-50d-20100104-2024729-lessFilters/iteracion_70.png,UNKNOWN_NEEDS_REVIEW,39673,Research Governance,Governance Reviewer,KEEP,SOURCE_MISSING_RECHECK,,FALSE,MISSING_SOURCE_AT_EXECUTION,"A005 listed this external reference path, but it is not present in the current workspace; no delete or move was performed."
참고 Context/3. Github Source/QuantTraderDL-main/QuantTraderDL-main/plots/gauss_multiexog_syp500_-50d-20100104-2024729-lessFilters/iteracion_71.png,UNKNOWN_NEEDS_REVIEW,40637,Research Governance,Governance Reviewer,KEEP,SOURCE_MISSING_RECHECK,,FALSE,MISSING_SOURCE_AT_EXECUTION,"A005 listed this external reference path, but it is not present in the current workspace; no delete or move was performed."
참고 Context/3. Github Source/QuantTraderDL-main/QuantTraderDL-main/plots/gauss_multiexog_syp500_-50d-20100104-2024729-lessFilters/iteracion_72.png,UNKNOWN_NEEDS_REVIEW,40283,Research Governance,Governance Reviewer,KEEP,SOURCE_MISSING_RECHECK,,FALSE,MISSING_SOURCE_AT_EXECUTION,"A005 listed this external reference path, but it is not present in the current workspace; no delete or move was performed."
참고 Context/3. Github Source/QuantTraderDL-main/QuantTraderDL-main/plots/gauss_multiexog_syp500_-50d-20100104-2024729-lessFilters/iteracion_73.png,UNKNOWN_NEEDS_REVIEW,39650,Research Governance,Governance Reviewer,KEEP,SOURCE_MISSING_RECHECK,,FALSE,MISSING_SOURCE_AT_EXECUTION,"A005 listed this external reference path, but it is not present in the current workspace; no delete or move was performed."
참고 Context/3. Github Source/QuantTraderDL-main/QuantTraderDL-main/plots/gauss_multiexog_syp500_-50d-20100104-2024729-lessFilters/iteracion_74.png,UNKNOWN_NEEDS_REVIEW,40130,Research Governance,Governance Reviewer,KEEP,SOURCE_MISSING_RECHECK,,FALSE,MISSING_SOURCE_AT_EXECUTION,"A005 listed this external reference path, but it is not present in the current workspace; no delete or move was performed."
참고 Context/3. Github Source/QuantTraderDL-main/QuantTraderDL-main/plots/gauss_multiexog_syp500_-50d-20100104-2024729-lessFilters/iteracion_76.png,UNKNOWN_NEEDS_REVIEW,43081,Research Governance,Governance Reviewer,KEEP,SOURCE_MISSING_RECHECK,,FALSE,MISSING_SOURCE_AT_EXECUTION,"A005 listed this external reference path, but it is not present in the current workspace; no delete or move was performed."
참고 Context/3. Github Source/QuantTraderDL-main/QuantTraderDL-main/plots/gauss_multiexog_syp500_-50d-20100104-2024729-lessFilters/iteracion_78.png,UNKNOWN_NEEDS_REVIEW,39459,Research Governance,Governance Reviewer,KEEP,SOURCE_MISSING_RECHECK,,FALSE,MISSING_SOURCE_AT_EXECUTION,"A005 listed this external reference path, but it is not present in the current workspace; no delete or move was performed."
참고 Context/3. Github Source/QuantTraderDL-main/QuantTraderDL-main/plots/gauss_multiexog_syp500_-50d-20100104-2024729-lessFilters/iteracion_8.png,UNKNOWN_NEEDS_REVIEW,40497,Research Governance,Governance Reviewer,KEEP,SOURCE_MISSING_RECHECK,,FALSE,MISSING_SOURCE_AT_EXECUTION,"A005 listed this external reference path, but it is not present in the current workspace; no delete or move was performed."
참고 Context/3. Github Source/QuantTraderDL-main/QuantTraderDL-main/plots/gauss_multiexog_syp500_-50d-20100104-2024729-lessFilters/iteracion_80.png,UNKNOWN_NEEDS_REVIEW,40392,Research Governance,Governance Reviewer,KEEP,SOURCE_MISSING_RECHECK,,FALSE,MISSING_SOURCE_AT_EXECUTION,"A005 listed this external reference path, but it is not present in the current workspace; no delete or move was performed."
참고 Context/3. Github Source/QuantTraderDL-main/QuantTraderDL-main/plots/gauss_multiexog_syp500_-50d-20100104-2024729-lessFilters/iteracion_81.png,UNKNOWN_NEEDS_REVIEW,40593,Research Governance,Governance Reviewer,KEEP,SOURCE_MISSING_RECHECK,,FALSE,MISSING_SOURCE_AT_EXECUTION,"A005 listed this external reference path, but it is not present in the current workspace; no delete or move was performed."
참고 Context/3. Github Source/QuantTraderDL-main/QuantTraderDL-main/plots/gauss_multiexog_syp500_-50d-20100104-2024729-lessFilters/iteracion_82.png,UNKNOWN_NEEDS_REVIEW,42394,Research Governance,Governance Reviewer,KEEP,SOURCE_MISSING_RECHECK,,FALSE,MISSING_SOURCE_AT_EXECUTION,"A005 listed this external reference path, but it is not present in the current workspace; no delete or move was performed."
참고 Context/3. Github Source/QuantTraderDL-main/QuantTraderDL-main/plots/gauss_multiexog_syp500_-50d-20100104-2024729-lessFilters/iteracion_84.png,UNKNOWN_NEEDS_REVIEW,40500,Research Governance,Governance Reviewer,KEEP,SOURCE_MISSING_RECHECK,,FALSE,MISSING_SOURCE_AT_EXECUTION,"A005 listed this external reference path, but it is not present in the current workspace; no delete or move was performed."
참고 Context/3. Github Source/QuantTraderDL-main/QuantTraderDL-main/plots/gauss_multiexog_syp500_-50d-20100104-2024729-lessFilters/iteracion_85.png,UNKNOWN_NEEDS_REVIEW,40707,Research Governance,Governance Reviewer,KEEP,SOURCE_MISSING_RECHECK,,FALSE,MISSING_SOURCE_AT_EXECUTION,"A005 listed this external reference path, but it is not present in the current workspace; no delete or move was performed."
참고 Context/3. Github Source/QuantTraderDL-main/QuantTraderDL-main/plots/gauss_multiexog_syp500_-50d-20100104-2024729-lessFilters/iteracion_86.png,UNKNOWN_NEEDS_REVIEW,39431,Research Governance,Governance Reviewer,KEEP,SOURCE_MISSING_RECHECK,,FALSE,MISSING_SOURCE_AT_EXECUTION,"A005 listed this external reference path, but it is not present in the current workspace; no delete or move was performed."
참고 Context/3. Github Source/QuantTraderDL-main/QuantTraderDL-main/plots/gauss_multiexog_syp500_-50d-20100104-2024729-lessFilters/iteracion_87.png,UNKNOWN_NEEDS_REVIEW,42073,Research Governance,Governance Reviewer,KEEP,SOURCE_MISSING_RECHECK,,FALSE,MISSING_SOURCE_AT_EXECUTION,"A005 listed this external reference path, but it is not present in the current workspace; no delete or move was performed."
참고 Context/3. Github Source/QuantTraderDL-main/QuantTraderDL-main/plots/gauss_multiexog_syp500_-50d-20100104-2024729-lessFilters/iteracion_89.png,UNKNOWN_NEEDS_REVIEW,39433,Research Governance,Governance Reviewer,KEEP,SOURCE_MISSING_RECHECK,,FALSE,MISSING_SOURCE_AT_EXECUTION,"A005 listed this external reference path, but it is not present in the current workspace; no delete or move was performed."
참고 Context/3. Github Source/QuantTraderDL-main/QuantTraderDL-main/plots/gauss_multiexog_syp500_-50d-20100104-2024729-lessFilters/iteracion_9.png,UNKNOWN_NEEDS_REVIEW,39449,Research Governance,Governance Reviewer,KEEP,SOURCE_MISSING_RECHECK,,FALSE,MISSING_SOURCE_AT_EXECUTION,"A005 listed this external reference path, but it is not present in the current workspace; no delete or move was performed."
참고 Context/3. Github Source/QuantTraderDL-main/QuantTraderDL-main/plots/gauss_multiexog_syp500_-50d-20100104-2024729-lessFilters/iteracion_90.png,UNKNOWN_NEEDS_REVIEW,40701,Research Governance,Governance Reviewer,KEEP,SOURCE_MISSING_RECHECK,,FALSE,MISSING_SOURCE_AT_EXECUTION,"A005 listed this external reference path, but it is not present in the current workspace; no delete or move was performed."
참고 Context/3. Github Source/QuantTraderDL-main/QuantTraderDL-main/plots/gauss_multiexog_syp500_-50d-20100104-2024729-lessFilters/iteracion_93.png,UNKNOWN_NEEDS_REVIEW,38118,Research Governance,Governance Reviewer,KEEP,SOURCE_MISSING_RECHECK,,FALSE,MISSING_SOURCE_AT_EXECUTION,"A005 listed this external reference path, but it is not present in the current workspace; no delete or move was performed."
참고 Context/3. Github Source/QuantTraderDL-main/QuantTraderDL-main/plots/gauss_multiexog_syp500_-50d-20100104-2024729-lessFilters/iteracion_94.png,UNKNOWN_NEEDS_REVIEW,36709,Research Governance,Governance Reviewer,KEEP,SOURCE_MISSING_RECHECK,,FALSE,MISSING_SOURCE_AT_EXECUTION,"A005 listed this external reference path, but it is not present in the current workspace; no delete or move was performed."
참고 Context/3. Github Source/QuantTraderDL-main/QuantTraderDL-main/plots/gauss_multiexog_syp500_-50d-20100104-2024729-lessFilters/iteracion_96.png,UNKNOWN_NEEDS_REVIEW,39752,Research Governance,Governance Reviewer,KEEP,SOURCE_MISSING_RECHECK,,FALSE,MISSING_SOURCE_AT_EXECUTION,"A005 listed this external reference path, but it is not present in the current workspace; no delete or move was performed."
참고 Context/3. Github Source/QuantTraderDL-main/QuantTraderDL-main/plots/gauss_multiexog_syp500_-50d-20100104-2024729-lessFilters/iteracion_97.png,UNKNOWN_NEEDS_REVIEW,39088,Research Governance,Governance Reviewer,KEEP,SOURCE_MISSING_RECHECK,,FALSE,MISSING_SOURCE_AT_EXECUTION,"A005 listed this external reference path, but it is not present in the current workspace; no delete or move was performed."
참고 Context/3. Github Source/QuantTraderDL-main/QuantTraderDL-main/plots/gauss_multiexog_syp500_-50d-20100104-2024729-lessFilters/iteracion_98.png,UNKNOWN_NEEDS_REVIEW,38614,Research Governance,Governance Reviewer,KEEP,SOURCE_MISSING_RECHECK,,FALSE,MISSING_SOURCE_AT_EXECUTION,"A005 listed this external reference path, but it is not present in the current workspace; no delete or move was performed."
참고 Context/3. Github Source/QuantTraderDL-main/QuantTraderDL-main/plots/gauss_multiexog_syp500_-50d-20100104-2024729-lessFilters/iteracion_99.png,UNKNOWN_NEEDS_REVIEW,40396,Research Governance,Governance Reviewer,KEEP,SOURCE_MISSING_RECHECK,,FALSE,MISSING_SOURCE_AT_EXECUTION,"A005 listed this external reference path, but it is not present in the current workspace; no delete or move was performed."
참고 Context/3. Github Source/QuantTraderDL-main/QuantTraderDL-main/plots/multiexog_syp500_-100d-20100104-2024729-lessFilters/iteracion_1.png,UNKNOWN_NEEDS_REVIEW,41029,Research Governance,Governance Reviewer,KEEP,SOURCE_MISSING_RECHECK,,FALSE,MISSING_SOURCE_AT_EXECUTION,"A005 listed this external reference path, but it is not present in the current workspace; no delete or move was performed."
참고 Context/3. Github Source/QuantTraderDL-main/QuantTraderDL-main/plots/multiexog_syp500_-100d-20100104-2024729-lessFilters/iteracion_10.png,UNKNOWN_NEEDS_REVIEW,41523,Research Governance,Governance Reviewer,KEEP,SOURCE_MISSING_RECHECK,,FALSE,MISSING_SOURCE_AT_EXECUTION,"A005 listed this external reference path, but it is not present in the current workspace; no delete or move was performed."
참고 Context/3. Github Source/QuantTraderDL-main/QuantTraderDL-main/plots/multiexog_syp500_-100d-20100104-2024729-lessFilters/iteracion_11.png,UNKNOWN_NEEDS_REVIEW,38309,Research Governance,Governance Reviewer,KEEP,SOURCE_MISSING_RECHECK,,FALSE,MISSING_SOURCE_AT_EXECUTION,"A005 listed this external reference path, but it is not present in the current workspace; no delete or move was performed."
참고 Context/3. Github Source/QuantTraderDL-main/QuantTraderDL-main/plots/multiexog_syp500_-100d-20100104-2024729-lessFilters/iteracion_12.png,UNKNOWN_NEEDS_REVIEW,47083,Research Governance,Governance Reviewer,KEEP,SOURCE_MISSING_RECHECK,,FALSE,MISSING_SOURCE_AT_EXECUTION,"A005 listed this external reference path, but it is not present in the current workspace; no delete or move was performed."
참고 Context/3. Github Source/QuantTraderDL-main/QuantTraderDL-main/plots/multiexog_syp500_-100d-20100104-2024729-lessFilters/iteracion_13.png,UNKNOWN_NEEDS_REVIEW,41015,Research Governance,Governance Reviewer,KEEP,SOURCE_MISSING_RECHECK,,FALSE,MISSING_SOURCE_AT_EXECUTION,"A005 listed this external reference path, but it is not present in the current workspace; no delete or move was performed."
참고 Context/3. Github Source/QuantTraderDL-main/QuantTraderDL-main/plots/multiexog_syp500_-100d-20100104-2024729-lessFilters/iteracion_14.png,UNKNOWN_NEEDS_REVIEW,42255,Research Governance,Governance Reviewer,KEEP,SOURCE_MISSING_RECHECK,,FALSE,MISSING_SOURCE_AT_EXECUTION,"A005 listed this external reference path, but it is not present in the current workspace; no delete or move was performed."
참고 Context/3. Github Source/QuantTraderDL-main/QuantTraderDL-main/plots/multiexog_syp500_-100d-20100104-2024729-lessFilters/iteracion_15.png,UNKNOWN_NEEDS_REVIEW,43248,Research Governance,Governance Reviewer,KEEP,SOURCE_MISSING_RECHECK,,FALSE,MISSING_SOURCE_AT_EXECUTION,"A005 listed this external reference path, but it is not present in the current workspace; no delete or move was performed."
참고 Context/3. Github Source/QuantTraderDL-main/QuantTraderDL-main/plots/multiexog_syp500_-100d-20100104-2024729-lessFilters/iteracion_16.png,UNKNOWN_NEEDS_REVIEW,44237,Research Governance,Governance Reviewer,KEEP,SOURCE_MISSING_RECHECK,,FALSE,MISSING_SOURCE_AT_EXECUTION,"A005 listed this external reference path, but it is not present in the current workspace; no delete or move was performed."
참고 Context/3. Github Source/QuantTraderDL-main/QuantTraderDL-main/plots/multiexog_syp500_-100d-20100104-2024729-lessFilters/iteracion_17.png,UNKNOWN_NEEDS_REVIEW,40815,Research Governance,Governance Reviewer,KEEP,SOURCE_MISSING_RECHECK,,FALSE,MISSING_SOURCE_AT_EXECUTION,"A005 listed this external reference path, but it is not present in the current workspace; no delete or move was performed."
참고 Context/3. Github Source/QuantTraderDL-main/QuantTraderDL-main/plots/multiexog_syp500_-100d-20100104-2024729-lessFilters/iteracion_18.png,UNKNOWN_NEEDS_REVIEW,40082,Research Governance,Governance Reviewer,KEEP,SOURCE_MISSING_RECHECK,,FALSE,MISSING_SOURCE_AT_EXECUTION,"A005 listed this external reference path, but it is not present in the current workspace; no delete or move was performed."
참고 Context/3. Github Source/QuantTraderDL-main/QuantTraderDL-main/plots/multiexog_syp500_-100d-20100104-2024729-lessFilters/iteracion_19.png,UNKNOWN_NEEDS_REVIEW,44293,Research Governance,Governance Reviewer,KEEP,SOURCE_MISSING_RECHECK,,FALSE,MISSING_SOURCE_AT_EXECUTION,"A005 listed this external reference path, but it is not present in the current workspace; no delete or move was performed."
참고 Context/3. Github Source/QuantTraderDL-main/QuantTraderDL-main/plots/multiexog_syp500_-100d-20100104-2024729-lessFilters/iteracion_2.png,UNKNOWN_NEEDS_REVIEW,40252,Research Governance,Governance Reviewer,KEEP,SOURCE_MISSING_RECHECK,,FALSE,MISSING_SOURCE_AT_EXECUTION,"A005 listed this external reference path, but it is not present in the current workspace; no delete or move was performed."
참고 Context/3. Github Source/QuantTraderDL-main/QuantTraderDL-main/plots/multiexog_syp500_-100d-20100104-2024729-lessFilters/iteracion_20.png,UNKNOWN_NEEDS_REVIEW,42062,Research Governance,Governance Reviewer,KEEP,SOURCE_MISSING_RECHECK,,FALSE,MISSING_SOURCE_AT_EXECUTION,"A005 listed this external reference path, but it is not present in the current workspace; no delete or move was performed."
참고 Context/3. Github Source/QuantTraderDL-main/QuantTraderDL-main/plots/multiexog_syp500_-100d-20100104-2024729-lessFilters/iteracion_21.png,UNKNOWN_NEEDS_REVIEW,40984,Research Governance,Governance Reviewer,KEEP,SOURCE_MISSING_RECHECK,,FALSE,MISSING_SOURCE_AT_EXECUTION,"A005 listed this external reference path, but it is not present in the current workspace; no delete or move was performed."
참고 Context/3. Github Source/QuantTraderDL-main/QuantTraderDL-main/plots/multiexog_syp500_-100d-20100104-2024729-lessFilters/iteracion_22.png,UNKNOWN_NEEDS_REVIEW,44597,Research Governance,Governance Reviewer,KEEP,SOURCE_MISSING_RECHECK,,FALSE,MISSING_SOURCE_AT_EXECUTION,"A005 listed this external reference path, but it is not present in the current workspace; no delete or move was performed."
참고 Context/3. Github Source/QuantTraderDL-main/QuantTraderDL-main/plots/multiexog_syp500_-100d-20100104-2024729-lessFilters/iteracion_23.png,UNKNOWN_NEEDS_REVIEW,40392,Research Governance,Governance Reviewer,KEEP,SOURCE_MISSING_RECHECK,,FALSE,MISSING_SOURCE_AT_EXECUTION,"A005 listed this external reference path, but it is not present in the current workspace; no delete or move was performed."
참고 Context/3. Github Source/QuantTraderDL-main/QuantTraderDL-main/plots/multiexog_syp500_-100d-20100104-2024729-lessFilters/iteracion_24.png,UNKNOWN_NEEDS_REVIEW,40272,Research Governance,Governance Reviewer,KEEP,SOURCE_MISSING_RECHECK,,FALSE,MISSING_SOURCE_AT_EXECUTION,"A005 listed this external reference path, but it is not present in the current workspace; no delete or move was performed."
참고 Context/3. Github Source/QuantTraderDL-main/QuantTraderDL-main/plots/multiexog_syp500_-100d-20100104-2024729-lessFilters/iteracion_25.png,UNKNOWN_NEEDS_REVIEW,47151,Research Governance,Governance Reviewer,KEEP,SOURCE_MISSING_RECHECK,,FALSE,MISSING_SOURCE_AT_EXECUTION,"A005 listed this external reference path, but it is not present in the current workspace; no delete or move was performed."
참고 Context/3. Github Source/QuantTraderDL-main/QuantTraderDL-main/plots/multiexog_syp500_-100d-20100104-2024729-lessFilters/iteracion_26.png,UNKNOWN_NEEDS_REVIEW,43900,Research Governance,Governance Reviewer,KEEP,SOURCE_MISSING_RECHECK,,FALSE,MISSING_SOURCE_AT_EXECUTION,"A005 listed this external reference path, but it is not present in the current workspace; no delete or move was performed."
참고 Context/3. Github Source/QuantTraderDL-main/QuantTraderDL-main/plots/multiexog_syp500_-100d-20100104-2024729-lessFilters/iteracion_27.png,UNKNOWN_NEEDS_REVIEW,44362,Research Governance,Governance Reviewer,KEEP,SOURCE_MISSING_RECHECK,,FALSE,MISSING_SOURCE_AT_EXECUTION,"A005 listed this external reference path, but it is not present in the current workspace; no delete or move was performed."
참고 Context/3. Github Source/QuantTraderDL-main/QuantTraderDL-main/plots/multiexog_syp500_-100d-20100104-2024729-lessFilters/iteracion_28.png,UNKNOWN_NEEDS_REVIEW,45772,Research Governance,Governance Reviewer,KEEP,SOURCE_MISSING_RECHECK,,FALSE,MISSING_SOURCE_AT_EXECUTION,"A005 listed this external reference path, but it is not present in the current workspace; no delete or move was performed."
참고 Context/3. Github Source/QuantTraderDL-main/QuantTraderDL-main/plots/multiexog_syp500_-100d-20100104-2024729-lessFilters/iteracion_29.png,UNKNOWN_NEEDS_REVIEW,45239,Research Governance,Governance Reviewer,KEEP,SOURCE_MISSING_RECHECK,,FALSE,MISSING_SOURCE_AT_EXECUTION,"A005 listed this external reference path, but it is not present in the current workspace; no delete or move was performed."
참고 Context/3. Github Source/QuantTraderDL-main/QuantTraderDL-main/plots/multiexog_syp500_-100d-20100104-2024729-lessFilters/iteracion_3.png,UNKNOWN_NEEDS_REVIEW,40057,Research Governance,Governance Reviewer,KEEP,SOURCE_MISSING_RECHECK,,FALSE,MISSING_SOURCE_AT_EXECUTION,"A005 listed this external reference path, but it is not present in the current workspace; no delete or move was performed."
참고 Context/3. Github Source/QuantTraderDL-main/QuantTraderDL-main/plots/multiexog_syp500_-100d-20100104-2024729-lessFilters/iteracion_30.png,UNKNOWN_NEEDS_REVIEW,44168,Research Governance,Governance Reviewer,KEEP,SOURCE_MISSING_RECHECK,,FALSE,MISSING_SOURCE_AT_EXECUTION,"A005 listed this external reference path, but it is not present in the current workspace; no delete or move was performed."
참고 Context/3. Github Source/QuantTraderDL-main/QuantTraderDL-main/plots/multiexog_syp500_-100d-20100104-2024729-lessFilters/iteracion_31.png,UNKNOWN_NEEDS_REVIEW,43046,Research Governance,Governance Reviewer,KEEP,SOURCE_MISSING_RECHECK,,FALSE,MISSING_SOURCE_AT_EXECUTION,"A005 listed this external reference path, but it is not present in the current workspace; no delete or move was performed."
참고 Context/3. Github Source/QuantTraderDL-main/QuantTraderDL-main/plots/multiexog_syp500_-100d-20100104-2024729-lessFilters/iteracion_32.png,UNKNOWN_NEEDS_REVIEW,47751,Research Governance,Governance Reviewer,KEEP,SOURCE_MISSING_RECHECK,,FALSE,MISSING_SOURCE_AT_EXECUTION,"A005 listed this external reference path, but it is not present in the current workspace; no delete or move was performed."
참고 Context/3. Github Source/QuantTraderDL-main/QuantTraderDL-main/plots/multiexog_syp500_-100d-20100104-2024729-lessFilters/iteracion_33.png,UNKNOWN_NEEDS_REVIEW,42890,Research Governance,Governance Reviewer,KEEP,SOURCE_MISSING_RECHECK,,FALSE,MISSING_SOURCE_AT_EXECUTION,"A005 listed this external reference path, but it is not present in the current workspace; no delete or move was performed."
참고 Context/3. Github Source/QuantTraderDL-main/QuantTraderDL-main/plots/multiexog_syp500_-100d-20100104-2024729-lessFilters/iteracion_34.png,UNKNOWN_NEEDS_REVIEW,44170,Research Governance,Governance Reviewer,KEEP,SOURCE_MISSING_RECHECK,,FALSE,MISSING_SOURCE_AT_EXECUTION,"A005 listed this external reference path, but it is not present in the current workspace; no delete or move was performed."
참고 Context/3. Github Source/QuantTraderDL-main/QuantTraderDL-main/plots/multiexog_syp500_-100d-20100104-2024729-lessFilters/iteracion_35.png,UNKNOWN_NEEDS_REVIEW,51034,Research Governance,Governance Reviewer,KEEP,SOURCE_MISSING_RECHECK,,FALSE,MISSING_SOURCE_AT_EXECUTION,"A005 listed this external reference path, but it is not present in the current workspace; no delete or move was performed."
참고 Context/3. Github Source/QuantTraderDL-main/QuantTraderDL-main/plots/multiexog_syp500_-100d-20100104-2024729-lessFilters/iteracion_36.png,UNKNOWN_NEEDS_REVIEW,44336,Research Governance,Governance Reviewer,KEEP,SOURCE_MISSING_RECHECK,,FALSE,MISSING_SOURCE_AT_EXECUTION,"A005 listed this external reference path, but it is not present in the current workspace; no delete or move was performed."
참고 Context/3. Github Source/QuantTraderDL-main/QuantTraderDL-main/plots/multiexog_syp500_-100d-20100104-2024729-lessFilters/iteracion_37.png,UNKNOWN_NEEDS_REVIEW,44120,Research Governance,Governance Reviewer,KEEP,SOURCE_MISSING_RECHECK,,FALSE,MISSING_SOURCE_AT_EXECUTION,"A005 listed this external reference path, but it is not present in the current workspace; no delete or move was performed."
참고 Context/3. Github Source/QuantTraderDL-main/QuantTraderDL-main/plots/multiexog_syp500_-100d-20100104-2024729-lessFilters/iteracion_38.png,UNKNOWN_NEEDS_REVIEW,46055,Research Governance,Governance Reviewer,KEEP,SOURCE_MISSING_RECHECK,,FALSE,MISSING_SOURCE_AT_EXECUTION,"A005 listed this external reference path, but it is not present in the current workspace; no delete or move was performed."
참고 Context/3. Github Source/QuantTraderDL-main/QuantTraderDL-main/plots/multiexog_syp500_-100d-20100104-2024729-lessFilters/iteracion_39.png,UNKNOWN_NEEDS_REVIEW,44246,Research Governance,Governance Reviewer,KEEP,SOURCE_MISSING_RECHECK,,FALSE,MISSING_SOURCE_AT_EXECUTION,"A005 listed this external reference path, but it is not present in the current workspace; no delete or move was performed."
참고 Context/3. Github Source/QuantTraderDL-main/QuantTraderDL-main/plots/multiexog_syp500_-100d-20100104-2024729-lessFilters/iteracion_4.png,UNKNOWN_NEEDS_REVIEW,42424,Research Governance,Governance Reviewer,KEEP,SOURCE_MISSING_RECHECK,,FALSE,MISSING_SOURCE_AT_EXECUTION,"A005 listed this external reference path, but it is not present in the current workspace; no delete or move was performed."
참고 Context/3. Github Source/QuantTraderDL-main/QuantTraderDL-main/plots/multiexog_syp500_-100d-20100104-2024729-lessFilters/iteracion_40.png,UNKNOWN_NEEDS_REVIEW,44309,Research Governance,Governance Reviewer,KEEP,SOURCE_MISSING_RECHECK,,FALSE,MISSING_SOURCE_AT_EXECUTION,"A005 listed this external reference path, but it is not present in the current workspace; no delete or move was performed."
참고 Context/3. Github Source/QuantTraderDL-main/QuantTraderDL-main/plots/multiexog_syp500_-100d-20100104-2024729-lessFilters/iteracion_41.png,UNKNOWN_NEEDS_REVIEW,42721,Research Governance,Governance Reviewer,KEEP,SOURCE_MISSING_RECHECK,,FALSE,MISSING_SOURCE_AT_EXECUTION,"A005 listed this external reference path, but it is not present in the current workspace; no delete or move was performed."
참고 Context/3. Github Source/QuantTraderDL-main/QuantTraderDL-main/plots/multiexog_syp500_-100d-20100104-2024729-lessFilters/iteracion_42.png,UNKNOWN_NEEDS_REVIEW,43446,Research Governance,Governance Reviewer,KEEP,SOURCE_MISSING_RECHECK,,FALSE,MISSING_SOURCE_AT_EXECUTION,"A005 listed this external reference path, but it is not present in the current workspace; no delete or move was performed."
참고 Context/3. Github Source/QuantTraderDL-main/QuantTraderDL-main/plots/multiexog_syp500_-100d-20100104-2024729-lessFilters/iteracion_43.png,UNKNOWN_NEEDS_REVIEW,46170,Research Governance,Governance Reviewer,KEEP,SOURCE_MISSING_RECHECK,,FALSE,MISSING_SOURCE_AT_EXECUTION,"A005 listed this external reference path, but it is not present in the current workspace; no delete or move was performed."
참고 Context/3. Github Source/QuantTraderDL-main/QuantTraderDL-main/plots/multiexog_syp500_-100d-20100104-2024729-lessFilters/iteracion_44.png,UNKNOWN_NEEDS_REVIEW,43182,Research Governance,Governance Reviewer,KEEP,SOURCE_MISSING_RECHECK,,FALSE,MISSING_SOURCE_AT_EXECUTION,"A005 listed this external reference path, but it is not present in the current workspace; no delete or move was performed."
참고 Context/3. Github Source/QuantTraderDL-main/QuantTraderDL-main/plots/multiexog_syp500_-100d-20100104-2024729-lessFilters/iteracion_45.png,UNKNOWN_NEEDS_REVIEW,44761,Research Governance,Governance Reviewer,KEEP,SOURCE_MISSING_RECHECK,,FALSE,MISSING_SOURCE_AT_EXECUTION,"A005 listed this external reference path, but it is not present in the current workspace; no delete or move was performed."
참고 Context/3. Github Source/QuantTraderDL-main/QuantTraderDL-main/plots/multiexog_syp500_-100d-20100104-2024729-lessFilters/iteracion_46.png,UNKNOWN_NEEDS_REVIEW,44642,Research Governance,Governance Reviewer,KEEP,SOURCE_MISSING_RECHECK,,FALSE,MISSING_SOURCE_AT_EXECUTION,"A005 listed this external reference path, but it is not present in the current workspace; no delete or move was performed."
참고 Context/3. Github Source/QuantTraderDL-main/QuantTraderDL-main/plots/multiexog_syp500_-100d-20100104-2024729-lessFilters/iteracion_47.png,UNKNOWN_NEEDS_REVIEW,44893,Research Governance,Governance Reviewer,KEEP,SOURCE_MISSING_RECHECK,,FALSE,MISSING_SOURCE_AT_EXECUTION,"A005 listed this external reference path, but it is not present in the current workspace; no delete or move was performed."
참고 Context/3. Github Source/QuantTraderDL-main/QuantTraderDL-main/plots/multiexog_syp500_-100d-20100104-2024729-lessFilters/iteracion_48.png,UNKNOWN_NEEDS_REVIEW,44520,Research Governance,Governance Reviewer,KEEP,SOURCE_MISSING_RECHECK,,FALSE,MISSING_SOURCE_AT_EXECUTION,"A005 listed this external reference path, but it is not present in the current workspace; no delete or move was performed."
참고 Context/3. Github Source/QuantTraderDL-main/QuantTraderDL-main/plots/multiexog_syp500_-100d-20100104-2024729-lessFilters/iteracion_49.png,UNKNOWN_NEEDS_REVIEW,48251,Research Governance,Governance Reviewer,KEEP,SOURCE_MISSING_RECHECK,,FALSE,MISSING_SOURCE_AT_EXECUTION,"A005 listed this external reference path, but it is not present in the current workspace; no delete or move was performed."
참고 Context/3. Github Source/QuantTraderDL-main/QuantTraderDL-main/plots/multiexog_syp500_-100d-20100104-2024729-lessFilters/iteracion_5.png,UNKNOWN_NEEDS_REVIEW,45011,Research Governance,Governance Reviewer,KEEP,SOURCE_MISSING_RECHECK,,FALSE,MISSING_SOURCE_AT_EXECUTION,"A005 listed this external reference path, but it is not present in the current workspace; no delete or move was performed."
참고 Context/3. Github Source/QuantTraderDL-main/QuantTraderDL-main/plots/multiexog_syp500_-100d-20100104-2024729-lessFilters/iteracion_50.png,UNKNOWN_NEEDS_REVIEW,45393,Research Governance,Governance Reviewer,KEEP,SOURCE_MISSING_RECHECK,,FALSE,MISSING_SOURCE_AT_EXECUTION,"A005 listed this external reference path, but it is not present in the current workspace; no delete or move was performed."
참고 Context/3. Github Source/QuantTraderDL-main/QuantTraderDL-main/plots/multiexog_syp500_-100d-20100104-2024729-lessFilters/iteracion_51.png,UNKNOWN_NEEDS_REVIEW,46833,Research Governance,Governance Reviewer,KEEP,SOURCE_MISSING_RECHECK,,FALSE,MISSING_SOURCE_AT_EXECUTION,"A005 listed this external reference path, but it is not present in the current workspace; no delete or move was performed."
참고 Context/3. Github Source/QuantTraderDL-main/QuantTraderDL-main/plots/multiexog_syp500_-100d-20100104-2024729-lessFilters/iteracion_52.png,UNKNOWN_NEEDS_REVIEW,42935,Research Governance,Governance Reviewer,KEEP,SOURCE_MISSING_RECHECK,,FALSE,MISSING_SOURCE_AT_EXECUTION,"A005 listed this external reference path, but it is not present in the current workspace; no delete or move was performed."
참고 Context/3. Github Source/QuantTraderDL-main/QuantTraderDL-main/plots/multiexog_syp500_-100d-20100104-2024729-lessFilters/iteracion_53.png,UNKNOWN_NEEDS_REVIEW,46637,Research Governance,Governance Reviewer,KEEP,SOURCE_MISSING_RECHECK,,FALSE,MISSING_SOURCE_AT_EXECUTION,"A005 listed this external reference path, but it is not present in the current workspace; no delete or move was performed."
참고 Context/3. Github Source/QuantTraderDL-main/QuantTraderDL-main/plots/multiexog_syp500_-100d-20100104-2024729-lessFilters/iteracion_54.png,UNKNOWN_NEEDS_REVIEW,45953,Research Governance,Governance Reviewer,KEEP,SOURCE_MISSING_RECHECK,,FALSE,MISSING_SOURCE_AT_EXECUTION,"A005 listed this external reference path, but it is not present in the current workspace; no delete or move was performed."
참고 Context/3. Github Source/QuantTraderDL-main/QuantTraderDL-main/plots/multiexog_syp500_-100d-20100104-2024729-lessFilters/iteracion_55.png,UNKNOWN_NEEDS_REVIEW,46148,Research Governance,Governance Reviewer,KEEP,SOURCE_MISSING_RECHECK,,FALSE,MISSING_SOURCE_AT_EXECUTION,"A005 listed this external reference path, but it is not present in the current workspace; no delete or move was performed."
참고 Context/3. Github Source/QuantTraderDL-main/QuantTraderDL-main/plots/multiexog_syp500_-100d-20100104-2024729-lessFilters/iteracion_56.png,UNKNOWN_NEEDS_REVIEW,43402,Research Governance,Governance Reviewer,KEEP,SOURCE_MISSING_RECHECK,,FALSE,MISSING_SOURCE_AT_EXECUTION,"A005 listed this external reference path, but it is not present in the current workspace; no delete or move was performed."
참고 Context/3. Github Source/QuantTraderDL-main/QuantTraderDL-main/plots/multiexog_syp500_-100d-20100104-2024729-lessFilters/iteracion_57.png,UNKNOWN_NEEDS_REVIEW,45332,Research Governance,Governance Reviewer,KEEP,SOURCE_MISSING_RECHECK,,FALSE,MISSING_SOURCE_AT_EXECUTION,"A005 listed this external reference path, but it is not present in the current workspace; no delete or move was performed."
참고 Context/3. Github Source/QuantTraderDL-main/QuantTraderDL-main/plots/multiexog_syp500_-100d-20100104-2024729-lessFilters/iteracion_58.png,UNKNOWN_NEEDS_REVIEW,44159,Research Governance,Governance Reviewer,KEEP,SOURCE_MISSING_RECHECK,,FALSE,MISSING_SOURCE_AT_EXECUTION,"A005 listed this external reference path, but it is not present in the current workspace; no delete or move was performed."
참고 Context/3. Github Source/QuantTraderDL-main/QuantTraderDL-main/plots/multiexog_syp500_-100d-20100104-2024729-lessFilters/iteracion_59.png,UNKNOWN_NEEDS_REVIEW,45308,Research Governance,Governance Reviewer,KEEP,SOURCE_MISSING_RECHECK,,FALSE,MISSING_SOURCE_AT_EXECUTION,"A005 listed this external reference path, but it is not present in the current workspace; no delete or move was performed."
참고 Context/3. Github Source/QuantTraderDL-main/QuantTraderDL-main/plots/multiexog_syp500_-100d-20100104-2024729-lessFilters/iteracion_6.png,UNKNOWN_NEEDS_REVIEW,41143,Research Governance,Governance Reviewer,KEEP,SOURCE_MISSING_RECHECK,,FALSE,MISSING_SOURCE_AT_EXECUTION,"A005 listed this external reference path, but it is not present in the current workspace; no delete or move was performed."
참고 Context/3. Github Source/QuantTraderDL-main/QuantTraderDL-main/plots/multiexog_syp500_-100d-20100104-2024729-lessFilters/iteracion_60.png,UNKNOWN_NEEDS_REVIEW,44986,Research Governance,Governance Reviewer,KEEP,SOURCE_MISSING_RECHECK,,FALSE,MISSING_SOURCE_AT_EXECUTION,"A005 listed this external reference path, but it is not present in the current workspace; no delete or move was performed."
참고 Context/3. Github Source/QuantTraderDL-main/QuantTraderDL-main/plots/multiexog_syp500_-100d-20100104-2024729-lessFilters/iteracion_61.png,UNKNOWN_NEEDS_REVIEW,47966,Research Governance,Governance Reviewer,KEEP,SOURCE_MISSING_RECHECK,,FALSE,MISSING_SOURCE_AT_EXECUTION,"A005 listed this external reference path, but it is not present in the current workspace; no delete or move was performed."
참고 Context/3. Github Source/QuantTraderDL-main/QuantTraderDL-main/plots/multiexog_syp500_-100d-20100104-2024729-lessFilters/iteracion_62.png,UNKNOWN_NEEDS_REVIEW,45663,Research Governance,Governance Reviewer,KEEP,SOURCE_MISSING_RECHECK,,FALSE,MISSING_SOURCE_AT_EXECUTION,"A005 listed this external reference path, but it is not present in the current workspace; no delete or move was performed."
참고 Context/3. Github Source/QuantTraderDL-main/QuantTraderDL-main/plots/multiexog_syp500_-100d-20100104-2024729-lessFilters/iteracion_63.png,UNKNOWN_NEEDS_REVIEW,46456,Research Governance,Governance Reviewer,KEEP,SOURCE_MISSING_RECHECK,,FALSE,MISSING_SOURCE_AT_EXECUTION,"A005 listed this external reference path, but it is not present in the current workspace; no delete or move was performed."
참고 Context/3. Github Source/QuantTraderDL-main/QuantTraderDL-main/plots/multiexog_syp500_-100d-20100104-2024729-lessFilters/iteracion_64.png,UNKNOWN_NEEDS_REVIEW,43772,Research Governance,Governance Reviewer,KEEP,SOURCE_MISSING_RECHECK,,FALSE,MISSING_SOURCE_AT_EXECUTION,"A005 listed this external reference path, but it is not present in the current workspace; no delete or move was performed."
참고 Context/3. Github Source/QuantTraderDL-main/QuantTraderDL-main/plots/multiexog_syp500_-100d-20100104-2024729-lessFilters/iteracion_65.png,UNKNOWN_NEEDS_REVIEW,48717,Research Governance,Governance Reviewer,KEEP,SOURCE_MISSING_RECHECK,,FALSE,MISSING_SOURCE_AT_EXECUTION,"A005 listed this external reference path, but it is not present in the current workspace; no delete or move was performed."
참고 Context/3. Github Source/QuantTraderDL-main/QuantTraderDL-main/plots/multiexog_syp500_-100d-20100104-2024729-lessFilters/iteracion_66.png,UNKNOWN_NEEDS_REVIEW,52457,Research Governance,Governance Reviewer,KEEP,SOURCE_MISSING_RECHECK,,FALSE,MISSING_SOURCE_AT_EXECUTION,"A005 listed this external reference path, but it is not present in the current workspace; no delete or move was performed."
참고 Context/3. Github Source/QuantTraderDL-main/QuantTraderDL-main/plots/multiexog_syp500_-100d-20100104-2024729-lessFilters/iteracion_7.png,UNKNOWN_NEEDS_REVIEW,40392,Research Governance,Governance Reviewer,KEEP,SOURCE_MISSING_RECHECK,,FALSE,MISSING_SOURCE_AT_EXECUTION,"A005 listed this external reference path, but it is not present in the current workspace; no delete or move was performed."
참고 Context/3. Github Source/QuantTraderDL-main/QuantTraderDL-main/plots/multiexog_syp500_-100d-20100104-2024729-lessFilters/iteracion_8.png,UNKNOWN_NEEDS_REVIEW,40567,Research Governance,Governance Reviewer,KEEP,SOURCE_MISSING_RECHECK,,FALSE,MISSING_SOURCE_AT_EXECUTION,"A005 listed this external reference path, but it is not present in the current workspace; no delete or move was performed."
참고 Context/3. Github Source/QuantTraderDL-main/QuantTraderDL-main/plots/multiexog_syp500_-100d-20100104-2024729-lessFilters/iteracion_9.png,UNKNOWN_NEEDS_REVIEW,39707,Research Governance,Governance Reviewer,KEEP,SOURCE_MISSING_RECHECK,,FALSE,MISSING_SOURCE_AT_EXECUTION,"A005 listed this external reference path, but it is not present in the current workspace; no delete or move was performed."
참고 Context/3. Github Source/QuantTraderDL-main/QuantTraderDL-main/results/BTC_gauss_multiexog-50d-2010-01-04-2024-7-29.csv,UNKNOWN_NEEDS_REVIEW,3320,Research Governance,Governance Reviewer,KEEP,SOURCE_MISSING_RECHECK,,FALSE,MISSING_SOURCE_AT_EXECUTION,"A005 listed this external reference path, but it is not present in the current workspace; no delete or move was performed."
참고 Context/3. Github Source/QuantTraderDL-main/QuantTraderDL-main/results/S&P500_gauss_multiexog-50d-2010-01-04-2024-7-29.csv,UNKNOWN_NEEDS_REVIEW,626,Research Governance,Governance Reviewer,KEEP,SOURCE_MISSING_RECHECK,,FALSE,MISSING_SOURCE_AT_EXECUTION,"A005 listed this external reference path, but it is not present in the current workspace; no delete or move was performed."
참고 Context/3. Github Source/QuantTraderDL-main/QuantTraderDL-main/results/TFT-100d-2010-01-04-2024-10-25-lessFilters.csv,UNKNOWN_NEEDS_REVIEW,2315,Research Governance,Governance Reviewer,KEEP,SOURCE_MISSING_RECHECK,,FALSE,MISSING_SOURCE_AT_EXECUTION,"A005 listed this external reference path, but it is not present in the current workspace; no delete or move was performed."
참고 Context/3. Github Source/QuantTraderDL-main/QuantTraderDL-main/results/TFT-100d-2010-01-04-2024-7-29-lessFilters.csv,UNKNOWN_NEEDS_REVIEW,4240,Research Governance,Governance Reviewer,KEEP,SOURCE_MISSING_RECHECK,,FALSE,MISSING_SOURCE_AT_EXECUTION,"A005 listed this external reference path, but it is not present in the current workspace; no delete or move was performed."
참고 Context/3. Github Source/QuantTraderDL-main/QuantTraderDL-main/results/TFT-15d-2000-01-03-2019-11-14-lessFilters.csv,UNKNOWN_NEEDS_REVIEW,2281,Research Governance,Governance Reviewer,KEEP,SOURCE_MISSING_RECHECK,,FALSE,MISSING_SOURCE_AT_EXECUTION,"A005 listed this external reference path, but it is not present in the current workspace; no delete or move was performed."
참고 Context/3. Github Source/QuantTraderDL-main/QuantTraderDL-main/results/TFT-15d-2021-01-04-2024-07-31-lessFilters.csv,UNKNOWN_NEEDS_REVIEW,884,Research Governance,Governance Reviewer,KEEP,SOURCE_MISSING_RECHECK,,FALSE,MISSING_SOURCE_AT_EXECUTION,"A005 listed this external reference path, but it is not present in the current workspace; no delete or move was performed."
참고 Context/3. Github Source/QuantTraderDL-main/QuantTraderDL-main/results/TFT-15d-2023-06-01-2024-07-31-lessFilters.csv,UNKNOWN_NEEDS_REVIEW,3128,Research Governance,Governance Reviewer,KEEP,SOURCE_MISSING_RECHECK,,FALSE,MISSING_SOURCE_AT_EXECUTION,"A005 listed this external reference path, but it is not present in the current workspace; no delete or move was performed."
참고 Context/3. Github Source/QuantTraderDL-main/QuantTraderDL-main/results/TFT-21d-2023-06-01-2024-07-31-lessFilters.csv,UNKNOWN_NEEDS_REVIEW,463,Research Governance,Governance Reviewer,KEEP,SOURCE_MISSING_RECHECK,,FALSE,MISSING_SOURCE_AT_EXECUTION,"A005 listed this external reference path, but it is not present in the current workspace; no delete or move was performed."
참고 Context/3. Github Source/QuantTraderDL-main/QuantTraderDL-main/results/gauss_multiexog_syp500_-100d-2010-01-04-2024-7-29.csv,UNKNOWN_NEEDS_REVIEW,11255,Research Governance,Governance Reviewer,KEEP,SOURCE_MISSING_RECHECK,,FALSE,MISSING_SOURCE_AT_EXECUTION,"A005 listed this external reference path, but it is not present in the current workspace; no delete or move was performed."
참고 Context/3. Github Source/QuantTraderDL-main/QuantTraderDL-main/results/gauss_multiexog_syp500_-50d-2010-01-04-2024-7-29.csv,UNKNOWN_NEEDS_REVIEW,17639,Research Governance,Governance Reviewer,KEEP,SOURCE_MISSING_RECHECK,,FALSE,MISSING_SOURCE_AT_EXECUTION,"A005 listed this external reference path, but it is not present in the current workspace; no delete or move was performed."
참고 Context/3. Github Source/QuantTraderDL-main/QuantTraderDL-main/results/multiexog_syp500_-100d-2010-01-04-2024-7-29.csv,UNKNOWN_NEEDS_REVIEW,9738,Research Governance,Governance Reviewer,KEEP,SOURCE_MISSING_RECHECK,,FALSE,MISSING_SOURCE_AT_EXECUTION,"A005 listed this external reference path, but it is not present in the current workspace; no delete or move was performed."
참고 Context/3. Github Source/QuantTraderDL-main/QuantTraderDL-main/tft_helper.py,UNKNOWN_NEEDS_REVIEW,42556,Research Governance,Governance Reviewer,KEEP,SOURCE_MISSING_RECHECK,,FALSE,MISSING_SOURCE_AT_EXECUTION,"A005 listed this external reference path, but it is not present in the current workspace; no delete or move was performed."
참고 Context/3. Github Source/QuantTraderDL-main/QuantTraderDL-main/trading_bot_model.zip,LOCAL_BINARY_OR_ARCHIVE,253170,Research Governance,Governance Reviewer,KEEP,SOURCE_MISSING_RECHECK,,FALSE,MISSING_SOURCE_AT_EXECUTION,"A005 listed this external reference path, but it is not present in the current workspace; no delete or move was performed."
참고 Context/3. Github Source/QuantTraderDL-main/QuantTraderDL-main/trading_multiseries_exog_gauss.ipynb,UNKNOWN_NEEDS_REVIEW,174424,Research Governance,Governance Reviewer,KEEP,SOURCE_MISSING_RECHECK,,FALSE,MISSING_SOURCE_AT_EXECUTION,"A005 listed this external reference path, but it is not present in the current workspace; no delete or move was performed."
참고 Context/3. Github Source/github-main/.github-main/.DS_Store,UNKNOWN_NEEDS_REVIEW,6148,Research Governance,Governance Reviewer,KEEP,SOURCE_MISSING_RECHECK,,FALSE,MISSING_SOURCE_AT_EXECUTION,"A005 listed this external reference path, but it is not present in the current workspace; no delete or move was performed."
참고 Context/3. Github Source/github-main/.github-main/README.md,UNKNOWN_NEEDS_REVIEW,17373,Research Governance,Governance Reviewer,KEEP,SOURCE_MISSING_RECHECK,,FALSE,MISSING_SOURCE_AT_EXECUTION,"A005 listed this external reference path, but it is not present in the current workspace; no delete or move was performed."
참고 Context/3. Github Source/github-main/.github-main/profile/README.md,UNKNOWN_NEEDS_REVIEW,17375,Research Governance,Governance Reviewer,KEEP,SOURCE_MISSING_RECHECK,,FALSE,MISSING_SOURCE_AT_EXECUTION,"A005 listed this external reference path, but it is not present in the current workspace; no delete or move was performed."
참고 Context/3. Github Source/github-main/.github-main/profile/ROADMAP.md,UNKNOWN_NEEDS_REVIEW,6760,Research Governance,Governance Reviewer,KEEP,SOURCE_MISSING_RECHECK,,FALSE,MISSING_SOURCE_AT_EXECUTION,"A005 listed this external reference path, but it is not present in the current workspace; no delete or move was performed."
참고 Context/3. Github Source/regime-adaptive-quantitative-trading-main/regime-adaptive-quantitative-trading-main/.gitignore,UNKNOWN_NEEDS_REVIEW,1405,Research Governance,Governance Reviewer,KEEP,SOURCE_MISSING_RECHECK,,FALSE,MISSING_SOURCE_AT_EXECUTION,"A005 listed this external reference path, but it is not present in the current workspace; no delete or move was performed."
참고 Context/3. Github Source/regime-adaptive-quantitative-trading-main/regime-adaptive-quantitative-trading-main/CHANGELOG.md,UNKNOWN_NEEDS_REVIEW,2478,Research Governance,Governance Reviewer,KEEP,SOURCE_MISSING_RECHECK,,FALSE,MISSING_SOURCE_AT_EXECUTION,"A005 listed this external reference path, but it is not present in the current workspace; no delete or move was performed."
참고 Context/3. Github Source/regime-adaptive-quantitative-trading-main/regime-adaptive-quantitative-trading-main/CLEANUP_SUMMARY.md,UNKNOWN_NEEDS_REVIEW,8906,Research Governance,Governance Reviewer,KEEP,SOURCE_MISSING_RECHECK,,FALSE,MISSING_SOURCE_AT_EXECUTION,"A005 listed this external reference path, but it is not present in the current workspace; no delete or move was performed."
참고 Context/3. Github Source/regime-adaptive-quantitative-trading-main/regime-adaptive-quantitative-trading-main/CONTRIBUTING.md,UNKNOWN_NEEDS_REVIEW,10771,Research Governance,Governance Reviewer,KEEP,SOURCE_MISSING_RECHECK,,FALSE,MISSING_SOURCE_AT_EXECUTION,"A005 listed this external reference path, but it is not present in the current workspace; no delete or move was performed."
참고 Context/3. Github Source/regime-adaptive-quantitative-trading-main/regime-adaptive-quantitative-trading-main/LICENSE,UNKNOWN_NEEDS_REVIEW,1086,Research Governance,Governance Reviewer,KEEP,SOURCE_MISSING_RECHECK,,FALSE,MISSING_SOURCE_AT_EXECUTION,"A005 listed this external reference path, but it is not present in the current workspace; no delete or move was performed."
참고 Context/3. Github Source/regime-adaptive-quantitative-trading-main/regime-adaptive-quantitative-trading-main/PROJECT_SUMMARY.md,UNKNOWN_NEEDS_REVIEW,11413,Research Governance,Governance Reviewer,KEEP,SOURCE_MISSING_RECHECK,,FALSE,MISSING_SOURCE_AT_EXECUTION,"A005 listed this external reference path, but it is not present in the current workspace; no delete or move was performed."
참고 Context/3. Github Source/regime-adaptive-quantitative-trading-main/regime-adaptive-quantitative-trading-main/QUICK_REFERENCE.md,UNKNOWN_NEEDS_REVIEW,4691,Research Governance,Governance Reviewer,KEEP,SOURCE_MISSING_RECHECK,,FALSE,MISSING_SOURCE_AT_EXECUTION,"A005 listed this external reference path, but it is not present in the current workspace; no delete or move was performed."
참고 Context/3. Github Source/regime-adaptive-quantitative-trading-main/regime-adaptive-quantitative-trading-main/README.md,UNKNOWN_NEEDS_REVIEW,9222,Research Governance,Governance Reviewer,KEEP,SOURCE_MISSING_RECHECK,,FALSE,MISSING_SOURCE_AT_EXECUTION,"A005 listed this external reference path, but it is not present in the current workspace; no delete or move was performed."
참고 Context/3. Github Source/regime-adaptive-quantitative-trading-main/regime-adaptive-quantitative-trading-main/archive/CONSTRAINTS_FOR_ALPHAS.md,UNKNOWN_NEEDS_REVIEW,5481,Research Governance,Governance Reviewer,KEEP,SOURCE_MISSING_RECHECK,,FALSE,MISSING_SOURCE_AT_EXECUTION,"A005 listed this external reference path, but it is not present in the current workspace; no delete or move was performed."
참고 Context/3. Github Source/regime-adaptive-quantitative-trading-main/regime-adaptive-quantitative-trading-main/archive/FINAL_SUBMISSION_CHECKLIST.md,UNKNOWN_NEEDS_REVIEW,2017,Research Governance,Governance Reviewer,KEEP,SOURCE_MISSING_RECHECK,,FALSE,MISSING_SOURCE_AT_EXECUTION,"A005 listed this external reference path, but it is not present in the current workspace; no delete or move was performed."
참고 Context/3. Github Source/regime-adaptive-quantitative-trading-main/regime-adaptive-quantitative-trading-main/archive/HIGH_SHARPE_FILES.md,UNKNOWN_NEEDS_REVIEW,1310,Research Governance,Governance Reviewer,KEEP,SOURCE_MISSING_RECHECK,,FALSE,MISSING_SOURCE_AT_EXECUTION,"A005 listed this external reference path, but it is not present in the current workspace; no delete or move was performed."
참고 Context/3. Github Source/regime-adaptive-quantitative-trading-main/regime-adaptive-quantitative-trading-main/archive/README.md,UNKNOWN_NEEDS_REVIEW,3036,Research Governance,Governance Reviewer,KEEP,SOURCE_MISSING_RECHECK,,FALSE,MISSING_SOURCE_AT_EXECUTION,"A005 listed this external reference path, but it is not present in the current workspace; no delete or move was performed."
참고 Context/3. Github Source/regime-adaptive-quantitative-trading-main/regime-adaptive-quantitative-trading-main/archive/SHARPE_COMPARISON.md,UNKNOWN_NEEDS_REVIEW,2528,Research Governance,Governance Reviewer,KEEP,SOURCE_MISSING_RECHECK,,FALSE,MISSING_SOURCE_AT_EXECUTION,"A005 listed this external reference path, but it is not present in the current workspace; no delete or move was performed."
참고 Context/3. Github Source/regime-adaptive-quantitative-trading-main/regime-adaptive-quantitative-trading-main/archive/STRATEGY2_GUIDE.md,UNKNOWN_NEEDS_REVIEW,1920,Research Governance,Governance Reviewer,KEEP,SOURCE_MISSING_RECHECK,,FALSE,MISSING_SOURCE_AT_EXECUTION,"A005 listed this external reference path, but it is not present in the current workspace; no delete or move was performed."
참고 Context/3. Github Source/regime-adaptive-quantitative-trading-main/regime-adaptive-quantitative-trading-main/archive/STRATEGY_3_LOGIC.md,UNKNOWN_NEEDS_REVIEW,12249,Research Governance,Governance Reviewer,KEEP,SOURCE_MISSING_RECHECK,,FALSE,MISSING_SOURCE_AT_EXECUTION,"A005 listed this external reference path, but it is not present in the current workspace; no delete or move was performed."
참고 Context/3. Github Source/regime-adaptive-quantitative-trading-main/regime-adaptive-quantitative-trading-main/archive/STRATEGY_3_SUBMISSION_PACKAGE.md,UNKNOWN_NEEDS_REVIEW,4408,Research Governance,Governance Reviewer,KEEP,SOURCE_MISSING_RECHECK,,FALSE,MISSING_SOURCE_AT_EXECUTION,"A005 listed this external reference path, but it is not present in the current workspace; no delete or move was performed."
참고 Context/3. Github Source/regime-adaptive-quantitative-trading-main/regime-adaptive-quantitative-trading-main/archive/SUBMISSION_FORM_ANSWERS.md,UNKNOWN_NEEDS_REVIEW,2883,Research Governance,Governance Reviewer,KEEP,SOURCE_MISSING_RECHECK,,FALSE,MISSING_SOURCE_AT_EXECUTION,"A005 listed this external reference path, but it is not present in the current workspace; no delete or move was performed."
참고 Context/3. Github Source/regime-adaptive-quantitative-trading-main/regime-adaptive-quantitative-trading-main/archive/UPLOAD_GUIDE.md,UNKNOWN_NEEDS_REVIEW,2437,Research Governance,Governance Reviewer,KEEP,SOURCE_MISSING_RECHECK,,FALSE,MISSING_SOURCE_AT_EXECUTION,"A005 listed this external reference path, but it is not present in the current workspace; no delete or move was performed."
참고 Context/3. Github Source/regime-adaptive-quantitative-trading-main/regime-adaptive-quantitative-trading-main/archive/adjust_these_files/generate_final_submission.py,UNKNOWN_NEEDS_REVIEW,7299,Research Governance,Governance Reviewer,KEEP,SOURCE_MISSING_RECHECK,,FALSE,MISSING_SOURCE_AT_EXECUTION,"A005 listed this external reference path, but it is not present in the current workspace; no delete or move was performed."
참고 Context/3. Github Source/regime-adaptive-quantitative-trading-main/regime-adaptive-quantitative-trading-main/archive/adjust_these_files/objective_functions.py,UNKNOWN_NEEDS_REVIEW,12177,Research Governance,Governance Reviewer,KEEP,SOURCE_MISSING_RECHECK,,FALSE,MISSING_SOURCE_AT_EXECUTION,"A005 listed this external reference path, but it is not present in the current workspace; no delete or move was performed."
참고 Context/3. Github Source/regime-adaptive-quantitative-trading-main/regime-adaptive-quantitative-trading-main/archive/adjust_these_files/parallel_optimizer.py,UNKNOWN_NEEDS_REVIEW,13475,Research Governance,Governance Reviewer,KEEP,SOURCE_MISSING_RECHECK,,FALSE,MISSING_SOURCE_AT_EXECUTION,"A005 listed this external reference path, but it is not present in the current workspace; no delete or move was performed."
참고 Context/3. Github Source/regime-adaptive-quantitative-trading-main/regime-adaptive-quantitative-trading-main/archive/adjust_these_files/parameter_space.py,UNKNOWN_NEEDS_REVIEW,9927,Research Governance,Governance Reviewer,KEEP,SOURCE_MISSING_RECHECK,,FALSE,MISSING_SOURCE_AT_EXECUTION,"A005 listed this external reference path, but it is not present in the current workspace; no delete or move was performed."
참고 Context/3. Github Source/regime-adaptive-quantitative-trading-main/regime-adaptive-quantitative-trading-main/archive/adjust_these_files/run_full_optimization.py,UNKNOWN_NEEDS_REVIEW,4149,Research Governance,Governance Reviewer,KEEP,SOURCE_MISSING_RECHECK,,FALSE,MISSING_SOURCE_AT_EXECUTION,"A005 listed this external reference path, but it is not present in the current workspace; no delete or move was performed."
참고 Context/3. Github Source/regime-adaptive-quantitative-trading-main/regime-adaptive-quantitative-trading-main/archive/baseline_measurement.py,UNKNOWN_NEEDS_REVIEW,3821,Research Governance,Governance Reviewer,KEEP,SOURCE_MISSING_RECHECK,,FALSE,MISSING_SOURCE_AT_EXECUTION,"A005 listed this external reference path, but it is not present in the current workspace; no delete or move was performed."
참고 Context/3. Github Source/regime-adaptive-quantitative-trading-main/regime-adaptive-quantitative-trading-main/archive/claude_testing_prompt.md,UNKNOWN_NEEDS_REVIEW,15463,Research Governance,Governance Reviewer,KEEP,SOURCE_MISSING_RECHECK,,FALSE,MISSING_SOURCE_AT_EXECUTION,"A005 listed this external reference path, but it is not present in the current workspace; no delete or move was performed."
참고 Context/3. Github Source/regime-adaptive-quantitative-trading-main/regime-adaptive-quantitative-trading-main/archive/create_strategy2_files.py,UNKNOWN_NEEDS_REVIEW,1488,Research Governance,Governance Reviewer,KEEP,SOURCE_MISSING_RECHECK,,FALSE,MISSING_SOURCE_AT_EXECUTION,"A005 listed this external reference path, but it is not present in the current workspace; no delete or move was performed."
참고 Context/3. Github Source/regime-adaptive-quantitative-trading-main/regime-adaptive-quantitative-trading-main/archive/debug_nifty_trend.py,UNKNOWN_NEEDS_REVIEW,1939,Research Governance,Governance Reviewer,KEEP,SOURCE_MISSING_RECHECK,,FALSE,MISSING_SOURCE_AT_EXECUTION,"A005 listed this external reference path, but it is not present in the current workspace; no delete or move was performed."
참고 Context/3. Github Source/regime-adaptive-quantitative-trading-main/regime-adaptive-quantitative-trading-main/archive/emergency_overfitting_check.py,UNKNOWN_NEEDS_REVIEW,10026,Research Governance,Governance Reviewer,KEEP,SOURCE_MISSING_RECHECK,,FALSE,MISSING_SOURCE_AT_EXECUTION,"A005 listed this external reference path, but it is not present in the current workspace; no delete or move was performed."
참고 Context/3. Github Source/regime-adaptive-quantitative-trading-main/regime-adaptive-quantitative-trading-main/archive/emergency_trade_boost.py,UNKNOWN_NEEDS_REVIEW,6824,Research Governance,Governance Reviewer,KEEP,SOURCE_MISSING_RECHECK,,FALSE,MISSING_SOURCE_AT_EXECUTION,"A005 listed this external reference path, but it is not present in the current workspace; no delete or move was performed."
참고 Context/3. Github Source/regime-adaptive-quantitative-trading-main/regime-adaptive-quantitative-trading-main/archive/final_rule12_check.py,UNKNOWN_NEEDS_REVIEW,980,Research Governance,Governance Reviewer,KEEP,SOURCE_MISSING_RECHECK,,FALSE,MISSING_SOURCE_AT_EXECUTION,"A005 listed this external reference path, but it is not present in the current workspace; no delete or move was performed."
참고 Context/3. Github Source/regime-adaptive-quantitative-trading-main/regime-adaptive-quantitative-trading-main/archive/immediate_action_plan.md,UNKNOWN_NEEDS_REVIEW,8281,Research Governance,Governance Reviewer,KEEP,SOURCE_MISSING_RECHECK,,FALSE,MISSING_SOURCE_AT_EXECUTION,"A005 listed this external reference path, but it is not present in the current workspace; no delete or move was performed."
참고 Context/3. Github Source/regime-adaptive-quantitative-trading-main/regime-adaptive-quantitative-trading-main/archive/manual_samples.py,UNKNOWN_NEEDS_REVIEW,849,Research Governance,Governance Reviewer,KEEP,SOURCE_MISSING_RECHECK,,FALSE,MISSING_SOURCE_AT_EXECUTION,"A005 listed this external reference path, but it is not present in the current workspace; no delete or move was performed."
참고 Context/3. Github Source/regime-adaptive-quantitative-trading-main/regime-adaptive-quantitative-trading-main/archive/outlier_check.py,UNKNOWN_NEEDS_REVIEW,1228,Research Governance,Governance Reviewer,KEEP,SOURCE_MISSING_RECHECK,,FALSE,MISSING_SOURCE_AT_EXECUTION,"A005 listed this external reference path, but it is not present in the current workspace; no delete or move was performed."
참고 Context/3. Github Source/regime-adaptive-quantitative-trading-main/regime-adaptive-quantitative-trading-main/archive/run_comprehensive_tests.py,UNKNOWN_NEEDS_REVIEW,26333,Research Governance,Governance Reviewer,KEEP,SOURCE_MISSING_RECHECK,,FALSE,MISSING_SOURCE_AT_EXECUTION,"A005 listed this external reference path, but it is not present in the current workspace; no delete or move was performed."
참고 Context/3. Github Source/regime-adaptive-quantitative-trading-main/regime-adaptive-quantitative-trading-main/archive/smart_trade_boost.py,UNKNOWN_NEEDS_REVIEW,7873,Research Governance,Governance Reviewer,KEEP,SOURCE_MISSING_RECHECK,,FALSE,MISSING_SOURCE_AT_EXECUTION,"A005 listed this external reference path, but it is not present in the current workspace; no delete or move was performed."
참고 Context/3. Github Source/regime-adaptive-quantitative-trading-main/regime-adaptive-quantitative-trading-main/archive/split_submission_by_symbol.py,UNKNOWN_NEEDS_REVIEW,1234,Research Governance,Governance Reviewer,KEEP,SOURCE_MISSING_RECHECK,,FALSE,MISSING_SOURCE_AT_EXECUTION,"A005 listed this external reference path, but it is not present in the current workspace; no delete or move was performed."
참고 Context/3. Github Source/regime-adaptive-quantitative-trading-main/regime-adaptive-quantitative-trading-main/archive/submission_3/README.md,UNKNOWN_NEEDS_REVIEW,4408,Research Governance,Governance Reviewer,KEEP,SOURCE_MISSING_RECHECK,,FALSE,MISSING_SOURCE_AT_EXECUTION,"A005 listed this external reference path, but it is not present in the current workspace; no delete or move was performed."
참고 Context/3. Github Source/regime-adaptive-quantitative-trading-main/regime-adaptive-quantitative-trading-main/archive/submission_3/STRATEGY3_NSE_NIFTY50-INDEX_trades.csv,UNKNOWN_NEEDS_REVIEW,18625,Research Governance,Governance Reviewer,KEEP,SOURCE_MISSING_RECHECK,,FALSE,MISSING_SOURCE_AT_EXECUTION,"A005 listed this external reference path, but it is not present in the current workspace; no delete or move was performed."
참고 Context/3. Github Source/regime-adaptive-quantitative-trading-main/regime-adaptive-quantitative-trading-main/archive/submission_3/STRATEGY3_NSE_RELIANCE-EQ_trades.csv,UNKNOWN_NEEDS_REVIEW,16584,Research Governance,Governance Reviewer,KEEP,SOURCE_MISSING_RECHECK,,FALSE,MISSING_SOURCE_AT_EXECUTION,"A005 listed this external reference path, but it is not present in the current workspace; no delete or move was performed."
참고 Context/3. Github Source/regime-adaptive-quantitative-trading-main/regime-adaptive-quantitative-trading-main/archive/submission_3/STRATEGY3_NSE_SUNPHARMA-EQ_trades.csv,UNKNOWN_NEEDS_REVIEW,17487,Research Governance,Governance Reviewer,KEEP,SOURCE_MISSING_RECHECK,,FALSE,MISSING_SOURCE_AT_EXECUTION,"A005 listed this external reference path, but it is not present in the current workspace; no delete or move was performed."
참고 Context/3. Github Source/regime-adaptive-quantitative-trading-main/regime-adaptive-quantitative-trading-main/archive/submission_3/STRATEGY3_NSE_VBL-EQ_trades.csv,UNKNOWN_NEEDS_REVIEW,36451,Research Governance,Governance Reviewer,KEEP,SOURCE_MISSING_RECHECK,,FALSE,MISSING_SOURCE_AT_EXECUTION,"A005 listed this external reference path, but it is not present in the current workspace; no delete or move was performed."
참고 Context/3. Github Source/regime-adaptive-quantitative-trading-main/regime-adaptive-quantitative-trading-main/archive/submission_3/STRATEGY3_NSE_YESBANK-EQ_trades.csv,UNKNOWN_NEEDS_REVIEW,16891,Research Governance,Governance Reviewer,KEEP,SOURCE_MISSING_RECHECK,,FALSE,MISSING_SOURCE_AT_EXECUTION,"A005 listed this external reference path, but it is not present in the current workspace; no delete or move was performed."
참고 Context/3. Github Source/regime-adaptive-quantitative-trading-main/regime-adaptive-quantitative-trading-main/archive/submission_3/STRATEGY_3_LOGIC.md,UNKNOWN_NEEDS_REVIEW,12249,Research Governance,Governance Reviewer,KEEP,SOURCE_MISSING_RECHECK,,FALSE,MISSING_SOURCE_AT_EXECUTION,"A005 listed this external reference path, but it is not present in the current workspace; no delete or move was performed."
참고 Context/3. Github Source/regime-adaptive-quantitative-trading-main/regime-adaptive-quantitative-trading-main/archive/submission_3/SUBMISSION_CHECKLIST.md,UNKNOWN_NEEDS_REVIEW,813,Research Governance,Governance Reviewer,KEEP,SOURCE_MISSING_RECHECK,,FALSE,MISSING_SOURCE_AT_EXECUTION,"A005 listed this external reference path, but it is not present in the current workspace; no delete or move was performed."
참고 Context/3. Github Source/regime-adaptive-quantitative-trading-main/regime-adaptive-quantitative-trading-main/archive/submission_3/SUBMISSION_GUIDE.md,UNKNOWN_NEEDS_REVIEW,5520,Research Governance,Governance Reviewer,KEEP,SOURCE_MISSING_RECHECK,,FALSE,MISSING_SOURCE_AT_EXECUTION,"A005 listed this external reference path, but it is not present in the current workspace; no delete or move was performed."
참고 Context/3. Github Source/regime-adaptive-quantitative-trading-main/regime-adaptive-quantitative-trading-main/archive/submission_3/VALIDATION_REPORT.json,UNKNOWN_NEEDS_REVIEW,1565,Research Governance,Governance Reviewer,KEEP,SOURCE_MISSING_RECHECK,,FALSE,MISSING_SOURCE_AT_EXECUTION,"A005 listed this external reference path, but it is not present in the current workspace; no delete or move was performed."
참고 Context/3. Github Source/regime-adaptive-quantitative-trading-main/regime-adaptive-quantitative-trading-main/archive/submission_4/README.md,UNKNOWN_NEEDS_REVIEW,4804,Research Governance,Governance Reviewer,KEEP,SOURCE_MISSING_RECHECK,,FALSE,MISSING_SOURCE_AT_EXECUTION,"A005 listed this external reference path, but it is not present in the current workspace; no delete or move was performed."
참고 Context/3. Github Source/regime-adaptive-quantitative-trading-main/regime-adaptive-quantitative-trading-main/archive/submission_4/STRATEGY4_NSE_NIFTY50-INDEX_trades.csv,UNKNOWN_NEEDS_REVIEW,18620,Research Governance,Governance Reviewer,KEEP,SOURCE_MISSING_RECHECK,,FALSE,MISSING_SOURCE_AT_EXECUTION,"A005 listed this external reference path, but it is not present in the current workspace; no delete or move was performed."
참고 Context/3. Github Source/regime-adaptive-quantitative-trading-main/regime-adaptive-quantitative-trading-main/archive/submission_4/STRATEGY4_NSE_RELIANCE-EQ_trades.csv,UNKNOWN_NEEDS_REVIEW,16584,Research Governance,Governance Reviewer,KEEP,SOURCE_MISSING_RECHECK,,FALSE,MISSING_SOURCE_AT_EXECUTION,"A005 listed this external reference path, but it is not present in the current workspace; no delete or move was performed."
참고 Context/3. Github Source/regime-adaptive-quantitative-trading-main/regime-adaptive-quantitative-trading-main/archive/submission_4/STRATEGY4_NSE_SUNPHARMA-EQ_trades.csv,UNKNOWN_NEEDS_REVIEW,17487,Research Governance,Governance Reviewer,KEEP,SOURCE_MISSING_RECHECK,,FALSE,MISSING_SOURCE_AT_EXECUTION,"A005 listed this external reference path, but it is not present in the current workspace; no delete or move was performed."
참고 Context/3. Github Source/regime-adaptive-quantitative-trading-main/regime-adaptive-quantitative-trading-main/archive/submission_4/STRATEGY4_NSE_VBL-EQ_trades.csv,UNKNOWN_NEEDS_REVIEW,36442,Research Governance,Governance Reviewer,KEEP,SOURCE_MISSING_RECHECK,,FALSE,MISSING_SOURCE_AT_EXECUTION,"A005 listed this external reference path, but it is not present in the current workspace; no delete or move was performed."
참고 Context/3. Github Source/regime-adaptive-quantitative-trading-main/regime-adaptive-quantitative-trading-main/archive/submission_4/STRATEGY4_NSE_YESBANK-EQ_trades.csv,UNKNOWN_NEEDS_REVIEW,16891,Research Governance,Governance Reviewer,KEEP,SOURCE_MISSING_RECHECK,,FALSE,MISSING_SOURCE_AT_EXECUTION,"A005 listed this external reference path, but it is not present in the current workspace; no delete or move was performed."
참고 Context/3. Github Source/regime-adaptive-quantitative-trading-main/regime-adaptive-quantitative-trading-main/archive/submission_4/STRATEGY_4_LOGIC.md,UNKNOWN_NEEDS_REVIEW,12249,Research Governance,Governance Reviewer,KEEP,SOURCE_MISSING_RECHECK,,FALSE,MISSING_SOURCE_AT_EXECUTION,"A005 listed this external reference path, but it is not present in the current workspace; no delete or move was performed."
참고 Context/3. Github Source/regime-adaptive-quantitative-trading-main/regime-adaptive-quantitative-trading-main/archive/submission_4/SUBMISSION_CHECKLIST.md,UNKNOWN_NEEDS_REVIEW,618,Research Governance,Governance Reviewer,KEEP,SOURCE_MISSING_RECHECK,,FALSE,MISSING_SOURCE_AT_EXECUTION,"A005 listed this external reference path, but it is not present in the current workspace; no delete or move was performed."
참고 Context/3. Github Source/regime-adaptive-quantitative-trading-main/regime-adaptive-quantitative-trading-main/archive/submission_5/FINAL_IMPLEMENTATION_SUMMARY.md,UNKNOWN_NEEDS_REVIEW,2915,Research Governance,Governance Reviewer,KEEP,SOURCE_MISSING_RECHECK,,FALSE,MISSING_SOURCE_AT_EXECUTION,"A005 listed this external reference path, but it is not present in the current workspace; no delete or move was performed."
참고 Context/3. Github Source/regime-adaptive-quantitative-trading-main/regime-adaptive-quantitative-trading-main/archive/submission_5/FINAL_PORTFOLIO_TRACKER_20260117_194157.csv,UNKNOWN_NEEDS_REVIEW,69388,Research Governance,Governance Reviewer,KEEP,SOURCE_MISSING_RECHECK,,FALSE,MISSING_SOURCE_AT_EXECUTION,"A005 listed this external reference path, but it is not present in the current workspace; no delete or move was performed."
참고 Context/3. Github Source/regime-adaptive-quantitative-trading-main/regime-adaptive-quantitative-trading-main/archive/submission_5/FINAL_PORTFOLIO_TRACKER_20260117_194253.csv,UNKNOWN_NEEDS_REVIEW,53839,Research Governance,Governance Reviewer,KEEP,SOURCE_MISSING_RECHECK,,FALSE,MISSING_SOURCE_AT_EXECUTION,"A005 listed this external reference path, but it is not present in the current workspace; no delete or move was performed."
참고 Context/3. Github Source/regime-adaptive-quantitative-trading-main/regime-adaptive-quantitative-trading-main/archive/submission_5/FINAL_PORTFOLIO_TRACKER_20260117_194355.csv,UNKNOWN_NEEDS_REVIEW,63744,Research Governance,Governance Reviewer,KEEP,SOURCE_MISSING_RECHECK,,FALSE,MISSING_SOURCE_AT_EXECUTION,"A005 listed this external reference path, but it is not present in the current workspace; no delete or move was performed."
참고 Context/3. Github Source/regime-adaptive-quantitative-trading-main/regime-adaptive-quantitative-trading-main/archive/submission_5/FINAL_PORTFOLIO_TRACKER_20260117_194441.csv,UNKNOWN_NEEDS_REVIEW,67984,Research Governance,Governance Reviewer,KEEP,SOURCE_MISSING_RECHECK,,FALSE,MISSING_SOURCE_AT_EXECUTION,"A005 listed this external reference path, but it is not present in the current workspace; no delete or move was performed."
참고 Context/3. Github Source/regime-adaptive-quantitative-trading-main/regime-adaptive-quantitative-trading-main/archive/submission_5/FINAL_PORTFOLIO_TRACKER_20260117_194503.csv,UNKNOWN_NEEDS_REVIEW,73541,Research Governance,Governance Reviewer,KEEP,SOURCE_MISSING_RECHECK,,FALSE,MISSING_SOURCE_AT_EXECUTION,"A005 listed this external reference path, but it is not present in the current workspace; no delete or move was performed."
참고 Context/3. Github Source/regime-adaptive-quantitative-trading-main/regime-adaptive-quantitative-trading-main/archive/submission_5/FINAL_PORTFOLIO_TRACKER_20260117_200750.csv,UNKNOWN_NEEDS_REVIEW,62159,Research Governance,Governance Reviewer,KEEP,SOURCE_MISSING_RECHECK,,FALSE,MISSING_SOURCE_AT_EXECUTION,"A005 listed this external reference path, but it is not present in the current workspace; no delete or move was performed."
참고 Context/3. Github Source/regime-adaptive-quantitative-trading-main/regime-adaptive-quantitative-trading-main/archive/submission_5/FINAL_PORTFOLIO_TRACKER_20260117_200805.csv,UNKNOWN_NEEDS_REVIEW,74070,Research Governance,Governance Reviewer,KEEP,SOURCE_MISSING_RECHECK,,FALSE,MISSING_SOURCE_AT_EXECUTION,"A005 listed this external reference path, but it is not present in the current workspace; no delete or move was performed."
참고 Context/3. Github Source/regime-adaptive-quantitative-trading-main/regime-adaptive-quantitative-trading-main/archive/submission_5/FINAL_UPLOAD_PACKAGE/FINAL_IMPLEMENTATION_SUMMARY.md,UNKNOWN_NEEDS_REVIEW,2915,Research Governance,Governance Reviewer,KEEP,SOURCE_MISSING_RECHECK,,FALSE,MISSING_SOURCE_AT_EXECUTION,"A005 listed this external reference path, but it is not present in the current workspace; no delete or move was performed."
참고 Context/3. Github Source/regime-adaptive-quantitative-trading-main/regime-adaptive-quantitative-trading-main/archive/submission_5/FINAL_UPLOAD_PACKAGE/FINAL_SUBMISSION_VALIDATION.md,UNKNOWN_NEEDS_REVIEW,1823,Research Governance,Governance Reviewer,KEEP,SOURCE_MISSING_RECHECK,,FALSE,MISSING_SOURCE_AT_EXECUTION,"A005 listed this external reference path, but it is not present in the current workspace; no delete or move was performed."
참고 Context/3. Github Source/regime-adaptive-quantitative-trading-main/regime-adaptive-quantitative-trading-main/archive/submission_5/FINAL_UPLOAD_PACKAGE/ROBUSTNESS_TEST_RESULTS.md,UNKNOWN_NEEDS_REVIEW,1542,Research Governance,Governance Reviewer,KEEP,SOURCE_MISSING_RECHECK,,FALSE,MISSING_SOURCE_AT_EXECUTION,"A005 listed this external reference path, but it is not present in the current workspace; no delete or move was performed."
참고 Context/3. Github Source/regime-adaptive-quantitative-trading-main/regime-adaptive-quantitative-trading-main/archive/submission_5/FINAL_UPLOAD_PACKAGE/STRATEGY5_NSE_NIFTY50-INDEX_trades.csv,UNKNOWN_NEEDS_REVIEW,15052,Research Governance,Governance Reviewer,KEEP,SOURCE_MISSING_RECHECK,,FALSE,MISSING_SOURCE_AT_EXECUTION,"A005 listed this external reference path, but it is not present in the current workspace; no delete or move was performed."
참고 Context/3. Github Source/regime-adaptive-quantitative-trading-main/regime-adaptive-quantitative-trading-main/archive/submission_5/FINAL_UPLOAD_PACKAGE/STRATEGY5_NSE_RELIANCE-EQ_trades.csv,UNKNOWN_NEEDS_REVIEW,15035,Research Governance,Governance Reviewer,KEEP,SOURCE_MISSING_RECHECK,,FALSE,MISSING_SOURCE_AT_EXECUTION,"A005 listed this external reference path, but it is not present in the current workspace; no delete or move was performed."
참고 Context/3. Github Source/regime-adaptive-quantitative-trading-main/regime-adaptive-quantitative-trading-main/archive/submission_5/FINAL_UPLOAD_PACKAGE/STRATEGY5_NSE_SUNPHARMA-EQ_trades.csv,UNKNOWN_NEEDS_REVIEW,15861,Research Governance,Governance Reviewer,KEEP,SOURCE_MISSING_RECHECK,,FALSE,MISSING_SOURCE_AT_EXECUTION,"A005 listed this external reference path, but it is not present in the current workspace; no delete or move was performed."
참고 Context/3. Github Source/regime-adaptive-quantitative-trading-main/regime-adaptive-quantitative-trading-main/archive/submission_5/FINAL_UPLOAD_PACKAGE/STRATEGY5_NSE_VBL-EQ_trades.csv,UNKNOWN_NEEDS_REVIEW,17988,Research Governance,Governance Reviewer,KEEP,SOURCE_MISSING_RECHECK,,FALSE,MISSING_SOURCE_AT_EXECUTION,"A005 listed this external reference path, but it is not present in the current workspace; no delete or move was performed."
참고 Context/3. Github Source/regime-adaptive-quantitative-trading-main/regime-adaptive-quantitative-trading-main/archive/submission_5/FINAL_UPLOAD_PACKAGE/STRATEGY5_NSE_YESBANK-EQ_trades.csv,UNKNOWN_NEEDS_REVIEW,15474,Research Governance,Governance Reviewer,KEEP,SOURCE_MISSING_RECHECK,,FALSE,MISSING_SOURCE_AT_EXECUTION,"A005 listed this external reference path, but it is not present in the current workspace; no delete or move was performed."
참고 Context/3. Github Source/regime-adaptive-quantitative-trading-main/regime-adaptive-quantitative-trading-main/archive/submission_5/FINAL_UPLOAD_PACKAGE/STRATEGY_5_LOGIC.md,UNKNOWN_NEEDS_REVIEW,4794,Research Governance,Governance Reviewer,KEEP,SOURCE_MISSING_RECHECK,,FALSE,MISSING_SOURCE_AT_EXECUTION,"A005 listed this external reference path, but it is not present in the current workspace; no delete or move was performed."
참고 Context/3. Github Source/regime-adaptive-quantitative-trading-main/regime-adaptive-quantitative-trading-main/archive/submission_5/ROBUSTNESS_TEST_RESULTS.md,UNKNOWN_NEEDS_REVIEW,1542,Research Governance,Governance Reviewer,KEEP,SOURCE_MISSING_RECHECK,,FALSE,MISSING_SOURCE_AT_EXECUTION,"A005 listed this external reference path, but it is not present in the current workspace; no delete or move was performed."
참고 Context/3. Github Source/regime-adaptive-quantitative-trading-main/regime-adaptive-quantitative-trading-main/archive/submission_5/STRATEGY5_NSE_NIFTY50-INDEX_trades.csv,UNKNOWN_NEEDS_REVIEW,15052,Research Governance,Governance Reviewer,KEEP,SOURCE_MISSING_RECHECK,,FALSE,MISSING_SOURCE_AT_EXECUTION,"A005 listed this external reference path, but it is not present in the current workspace; no delete or move was performed."
참고 Context/3. Github Source/regime-adaptive-quantitative-trading-main/regime-adaptive-quantitative-trading-main/archive/submission_5/STRATEGY5_NSE_RELIANCE-EQ_trades.csv,UNKNOWN_NEEDS_REVIEW,15035,Research Governance,Governance Reviewer,KEEP,SOURCE_MISSING_RECHECK,,FALSE,MISSING_SOURCE_AT_EXECUTION,"A005 listed this external reference path, but it is not present in the current workspace; no delete or move was performed."
참고 Context/3. Github Source/regime-adaptive-quantitative-trading-main/regime-adaptive-quantitative-trading-main/archive/submission_5/STRATEGY5_NSE_SUNPHARMA-EQ_trades.csv,UNKNOWN_NEEDS_REVIEW,15861,Research Governance,Governance Reviewer,KEEP,SOURCE_MISSING_RECHECK,,FALSE,MISSING_SOURCE_AT_EXECUTION,"A005 listed this external reference path, but it is not present in the current workspace; no delete or move was performed."
참고 Context/3. Github Source/regime-adaptive-quantitative-trading-main/regime-adaptive-quantitative-trading-main/archive/submission_5/STRATEGY5_NSE_VBL-EQ_trades.csv,UNKNOWN_NEEDS_REVIEW,17988,Research Governance,Governance Reviewer,KEEP,SOURCE_MISSING_RECHECK,,FALSE,MISSING_SOURCE_AT_EXECUTION,"A005 listed this external reference path, but it is not present in the current workspace; no delete or move was performed."
참고 Context/3. Github Source/regime-adaptive-quantitative-trading-main/regime-adaptive-quantitative-trading-main/archive/submission_5/STRATEGY5_NSE_YESBANK-EQ_trades.csv,UNKNOWN_NEEDS_REVIEW,15474,Research Governance,Governance Reviewer,KEEP,SOURCE_MISSING_RECHECK,,FALSE,MISSING_SOURCE_AT_EXECUTION,"A005 listed this external reference path, but it is not present in the current workspace; no delete or move was performed."
참고 Context/3. Github Source/regime-adaptive-quantitative-trading-main/regime-adaptive-quantitative-trading-main/archive/submission_5/STRATEGY_5_LOGIC.md,UNKNOWN_NEEDS_REVIEW,4794,Research Governance,Governance Reviewer,KEEP,SOURCE_MISSING_RECHECK,,FALSE,MISSING_SOURCE_AT_EXECUTION,"A005 listed this external reference path, but it is not present in the current workspace; no delete or move was performed."
참고 Context/3. Github Source/regime-adaptive-quantitative-trading-main/regime-adaptive-quantitative-trading-main/archive/submission_new/FINAL_PORTFOLIO_TRACKER_20260117_201824.csv,UNKNOWN_NEEDS_REVIEW,74070,Research Governance,Governance Reviewer,KEEP,SOURCE_MISSING_RECHECK,,FALSE,MISSING_SOURCE_AT_EXECUTION,"A005 listed this external reference path, but it is not present in the current workspace; no delete or move was performed."
참고 Context/3. Github Source/regime-adaptive-quantitative-trading-main/regime-adaptive-quantitative-trading-main/archive/submission_new/STRATEGY5_NSE_NIFTY50-INDEX_trades.csv,UNKNOWN_NEEDS_REVIEW,15052,Research Governance,Governance Reviewer,KEEP,SOURCE_MISSING_RECHECK,,FALSE,MISSING_SOURCE_AT_EXECUTION,"A005 listed this external reference path, but it is not present in the current workspace; no delete or move was performed."
참고 Context/3. Github Source/regime-adaptive-quantitative-trading-main/regime-adaptive-quantitative-trading-main/archive/submission_new/STRATEGY5_NSE_RELIANCE-EQ_trades.csv,UNKNOWN_NEEDS_REVIEW,15035,Research Governance,Governance Reviewer,KEEP,SOURCE_MISSING_RECHECK,,FALSE,MISSING_SOURCE_AT_EXECUTION,"A005 listed this external reference path, but it is not present in the current workspace; no delete or move was performed."
참고 Context/3. Github Source/regime-adaptive-quantitative-trading-main/regime-adaptive-quantitative-trading-main/archive/submission_new/STRATEGY5_NSE_SUNPHARMA-EQ_trades.csv,UNKNOWN_NEEDS_REVIEW,15861,Research Governance,Governance Reviewer,KEEP,SOURCE_MISSING_RECHECK,,FALSE,MISSING_SOURCE_AT_EXECUTION,"A005 listed this external reference path, but it is not present in the current workspace; no delete or move was performed."
참고 Context/3. Github Source/regime-adaptive-quantitative-trading-main/regime-adaptive-quantitative-trading-main/archive/submission_new/STRATEGY5_NSE_VBL-EQ_trades.csv,UNKNOWN_NEEDS_REVIEW,17988,Research Governance,Governance Reviewer,KEEP,SOURCE_MISSING_RECHECK,,FALSE,MISSING_SOURCE_AT_EXECUTION,"A005 listed this external reference path, but it is not present in the current workspace; no delete or move was performed."
참고 Context/3. Github Source/regime-adaptive-quantitative-trading-main/regime-adaptive-quantitative-trading-main/archive/submission_new/STRATEGY5_NSE_YESBANK-EQ_trades.csv,UNKNOWN_NEEDS_REVIEW,15474,Research Governance,Governance Reviewer,KEEP,SOURCE_MISSING_RECHECK,,FALSE,MISSING_SOURCE_AT_EXECUTION,"A005 listed this external reference path, but it is not present in the current workspace; no delete or move was performed."
참고 Context/3. Github Source/regime-adaptive-quantitative-trading-main/regime-adaptive-quantitative-trading-main/archive/test.py,UNKNOWN_NEEDS_REVIEW,830,Research Governance,Governance Reviewer,KEEP,SOURCE_MISSING_RECHECK,,FALSE,MISSING_SOURCE_AT_EXECUTION,"A005 listed this external reference path, but it is not present in the current workspace; no delete or move was performed."
참고 Context/3. Github Source/regime-adaptive-quantitative-trading-main/regime-adaptive-quantitative-trading-main/archive/test_nifty_minimal.py,UNKNOWN_NEEDS_REVIEW,704,Research Governance,Governance Reviewer,KEEP,SOURCE_MISSING_RECHECK,,FALSE,MISSING_SOURCE_AT_EXECUTION,"A005 listed this external reference path, but it is not present in the current workspace; no delete or move was performed."
참고 Context/3. Github Source/regime-adaptive-quantitative-trading-main/regime-adaptive-quantitative-trading-main/archive/test_nifty_quick.py,UNKNOWN_NEEDS_REVIEW,2173,Research Governance,Governance Reviewer,KEEP,SOURCE_MISSING_RECHECK,,FALSE,MISSING_SOURCE_AT_EXECUTION,"A005 listed this external reference path, but it is not present in the current workspace; no delete or move was performed."
참고 Context/3. Github Source/regime-adaptive-quantitative-trading-main/regime-adaptive-quantitative-trading-main/archive/testing_framework_summary.md,UNKNOWN_NEEDS_REVIEW,10280,Research Governance,Governance Reviewer,KEEP,SOURCE_MISSING_RECHECK,,FALSE,MISSING_SOURCE_AT_EXECUTION,"A005 listed this external reference path, but it is not present in the current workspace; no delete or move was performed."
참고 Context/3. Github Source/regime-adaptive-quantitative-trading-main/regime-adaptive-quantitative-trading-main/archive/trace_nifty_logic.py,UNKNOWN_NEEDS_REVIEW,939,Research Governance,Governance Reviewer,KEEP,SOURCE_MISSING_RECHECK,,FALSE,MISSING_SOURCE_AT_EXECUTION,"A005 listed this external reference path, but it is not present in the current workspace; no delete or move was performed."
참고 Context/3. Github Source/regime-adaptive-quantitative-trading-main/regime-adaptive-quantitative-trading-main/archive/verify_costs.py,UNKNOWN_NEEDS_REVIEW,1343,Research Governance,Governance Reviewer,KEEP,SOURCE_MISSING_RECHECK,,FALSE,MISSING_SOURCE_AT_EXECUTION,"A005 listed this external reference path, but it is not present in the current workspace; no delete or move was performed."
참고 Context/3. Github Source/regime-adaptive-quantitative-trading-main/regime-adaptive-quantitative-trading-main/config/settings.py,UNKNOWN_NEEDS_REVIEW,1441,Research Governance,Governance Reviewer,KEEP,SOURCE_MISSING_RECHECK,,FALSE,MISSING_SOURCE_AT_EXECUTION,"A005 listed this external reference path, but it is not present in the current workspace; no delete or move was performed."
참고 Context/3. Github Source/regime-adaptive-quantitative-trading-main/regime-adaptive-quantitative-trading-main/config/sharpe_config.py,UNKNOWN_NEEDS_REVIEW,4754,Research Governance,Governance Reviewer,KEEP,SOURCE_MISSING_RECHECK,,FALSE,MISSING_SOURCE_AT_EXECUTION,"A005 listed this external reference path, but it is not present in the current workspace; no delete or move was performed."
참고 Context/3. Github Source/regime-adaptive-quantitative-trading-main/regime-adaptive-quantitative-trading-main/data/raw/NSE_NIFTY50_INDEX_15min.csv,UNKNOWN_NEEDS_REVIEW,402937,Research Governance,Governance Reviewer,KEEP,SOURCE_MISSING_RECHECK,,FALSE,MISSING_SOURCE_AT_EXECUTION,"A005 listed this external reference path, but it is not present in the current workspace; no delete or move was performed."
참고 Context/3. Github Source/regime-adaptive-quantitative-trading-main/regime-adaptive-quantitative-trading-main/data/raw/NSE_NIFTY50_INDEX_1day.csv,UNKNOWN_NEEDS_REVIEW,16466,Research Governance,Governance Reviewer,KEEP,SOURCE_MISSING_RECHECK,,FALSE,MISSING_SOURCE_AT_EXECUTION,"A005 listed this external reference path, but it is not present in the current workspace; no delete or move was performed."
참고 Context/3. Github Source/regime-adaptive-quantitative-trading-main/regime-adaptive-quantitative-trading-main/data/raw/NSE_NIFTY50_INDEX_1hour.csv,UNKNOWN_NEEDS_REVIEW,113460,Research Governance,Governance Reviewer,KEEP,SOURCE_MISSING_RECHECK,,FALSE,MISSING_SOURCE_AT_EXECUTION,"A005 listed this external reference path, but it is not present in the current workspace; no delete or move was performed."
참고 Context/3. Github Source/regime-adaptive-quantitative-trading-main/regime-adaptive-quantitative-trading-main/data/raw/NSE_NIFTY50_INDEX_5min.csv,UNKNOWN_NEEDS_REVIEW,1205643,Research Governance,Governance Reviewer,KEEP,SOURCE_MISSING_RECHECK,,FALSE,MISSING_SOURCE_AT_EXECUTION,"A005 listed this external reference path, but it is not present in the current workspace; no delete or move was performed."
참고 Context/3. Github Source/regime-adaptive-quantitative-trading-main/regime-adaptive-quantitative-trading-main/data/raw/NSE_RELIANCE_EQ_15min.csv,UNKNOWN_NEEDS_REVIEW,380313,Research Governance,Governance Reviewer,KEEP,SOURCE_MISSING_RECHECK,,FALSE,MISSING_SOURCE_AT_EXECUTION,"A005 listed this external reference path, but it is not present in the current workspace; no delete or move was performed."
참고 Context/3. Github Source/regime-adaptive-quantitative-trading-main/regime-adaptive-quantitative-trading-main/data/raw/NSE_RELIANCE_EQ_1day.csv,UNKNOWN_NEEDS_REVIEW,15718,Research Governance,Governance Reviewer,KEEP,SOURCE_MISSING_RECHECK,,FALSE,MISSING_SOURCE_AT_EXECUTION,"A005 listed this external reference path, but it is not present in the current workspace; no delete or move was performed."
참고 Context/3. Github Source/regime-adaptive-quantitative-trading-main/regime-adaptive-quantitative-trading-main/data/raw/NSE_RELIANCE_EQ_1hour.csv,UNKNOWN_NEEDS_REVIEW,107571,Research Governance,Governance Reviewer,KEEP,SOURCE_MISSING_RECHECK,,FALSE,MISSING_SOURCE_AT_EXECUTION,"A005 listed this external reference path, but it is not present in the current workspace; no delete or move was performed."
참고 Context/3. Github Source/regime-adaptive-quantitative-trading-main/regime-adaptive-quantitative-trading-main/data/raw/NSE_RELIANCE_EQ_5min.csv,UNKNOWN_NEEDS_REVIEW,1130557,Research Governance,Governance Reviewer,KEEP,SOURCE_MISSING_RECHECK,,FALSE,MISSING_SOURCE_AT_EXECUTION,"A005 listed this external reference path, but it is not present in the current workspace; no delete or move was performed."
참고 Context/3. Github Source/regime-adaptive-quantitative-trading-main/regime-adaptive-quantitative-trading-main/data/raw/NSE_SUNPHARMA_EQ_15min.csv,UNKNOWN_NEEDS_REVIEW,375648,Research Governance,Governance Reviewer,KEEP,SOURCE_MISSING_RECHECK,,FALSE,MISSING_SOURCE_AT_EXECUTION,"A005 listed this external reference path, but it is not present in the current workspace; no delete or move was performed."
참고 Context/3. Github Source/regime-adaptive-quantitative-trading-main/regime-adaptive-quantitative-trading-main/data/raw/NSE_SUNPHARMA_EQ_1day.csv,UNKNOWN_NEEDS_REVIEW,15578,Research Governance,Governance Reviewer,KEEP,SOURCE_MISSING_RECHECK,,FALSE,MISSING_SOURCE_AT_EXECUTION,"A005 listed this external reference path, but it is not present in the current workspace; no delete or move was performed."
참고 Context/3. Github Source/regime-adaptive-quantitative-trading-main/regime-adaptive-quantitative-trading-main/data/raw/NSE_SUNPHARMA_EQ_1hour.csv,UNKNOWN_NEEDS_REVIEW,106484,Research Governance,Governance Reviewer,KEEP,SOURCE_MISSING_RECHECK,,FALSE,MISSING_SOURCE_AT_EXECUTION,"A005 listed this external reference path, but it is not present in the current workspace; no delete or move was performed."
참고 Context/3. Github Source/regime-adaptive-quantitative-trading-main/regime-adaptive-quantitative-trading-main/data/raw/NSE_SUNPHARMA_EQ_5min.csv,UNKNOWN_NEEDS_REVIEW,1118192,Research Governance,Governance Reviewer,KEEP,SOURCE_MISSING_RECHECK,,FALSE,MISSING_SOURCE_AT_EXECUTION,"A005 listed this external reference path, but it is not present in the current workspace; no delete or move was performed."
참고 Context/3. Github Source/regime-adaptive-quantitative-trading-main/regime-adaptive-quantitative-trading-main/data/raw/NSE_VBL_EQ_15min.csv,UNKNOWN_NEEDS_REVIEW,361589,Research Governance,Governance Reviewer,KEEP,SOURCE_MISSING_RECHECK,,FALSE,MISSING_SOURCE_AT_EXECUTION,"A005 listed this external reference path, but it is not present in the current workspace; no delete or move was performed."
참고 Context/3. Github Source/regime-adaptive-quantitative-trading-main/regime-adaptive-quantitative-trading-main/data/raw/NSE_VBL_EQ_1day.csv,UNKNOWN_NEEDS_REVIEW,14914,Research Governance,Governance Reviewer,KEEP,SOURCE_MISSING_RECHECK,,FALSE,MISSING_SOURCE_AT_EXECUTION,"A005 listed this external reference path, but it is not present in the current workspace; no delete or move was performed."
참고 Context/3. Github Source/regime-adaptive-quantitative-trading-main/regime-adaptive-quantitative-trading-main/data/raw/NSE_VBL_EQ_1hour.csv,UNKNOWN_NEEDS_REVIEW,102149,Research Governance,Governance Reviewer,KEEP,SOURCE_MISSING_RECHECK,,FALSE,MISSING_SOURCE_AT_EXECUTION,"A005 listed this external reference path, but it is not present in the current workspace; no delete or move was performed."
참고 Context/3. Github Source/regime-adaptive-quantitative-trading-main/regime-adaptive-quantitative-trading-main/data/raw/NSE_VBL_EQ_5min.csv,UNKNOWN_NEEDS_REVIEW,1074997,Research Governance,Governance Reviewer,KEEP,SOURCE_MISSING_RECHECK,,FALSE,MISSING_SOURCE_AT_EXECUTION,"A005 listed this external reference path, but it is not present in the current workspace; no delete or move was performed."
참고 Context/3. Github Source/regime-adaptive-quantitative-trading-main/regime-adaptive-quantitative-trading-main/data/raw/NSE_YESBANK_EQ_15min.csv,UNKNOWN_NEEDS_REVIEW,355552,Research Governance,Governance Reviewer,KEEP,SOURCE_MISSING_RECHECK,,FALSE,MISSING_SOURCE_AT_EXECUTION,"A005 listed this external reference path, but it is not present in the current workspace; no delete or move was performed."
참고 Context/3. Github Source/regime-adaptive-quantitative-trading-main/regime-adaptive-quantitative-trading-main/data/raw/NSE_YESBANK_EQ_1day.csv,UNKNOWN_NEEDS_REVIEW,14666,Research Governance,Governance Reviewer,KEEP,SOURCE_MISSING_RECHECK,,FALSE,MISSING_SOURCE_AT_EXECUTION,"A005 listed this external reference path, but it is not present in the current workspace; no delete or move was performed."
참고 Context/3. Github Source/regime-adaptive-quantitative-trading-main/regime-adaptive-quantitative-trading-main/data/raw/NSE_YESBANK_EQ_1hour.csv,UNKNOWN_NEEDS_REVIEW,100500,Research Governance,Governance Reviewer,KEEP,SOURCE_MISSING_RECHECK,,FALSE,MISSING_SOURCE_AT_EXECUTION,"A005 listed this external reference path, but it is not present in the current workspace; no delete or move was performed."
참고 Context/3. Github Source/regime-adaptive-quantitative-trading-main/regime-adaptive-quantitative-trading-main/data/raw/NSE_YESBANK_EQ_5min.csv,UNKNOWN_NEEDS_REVIEW,1056236,Research Governance,Governance Reviewer,KEEP,SOURCE_MISSING_RECHECK,,FALSE,MISSING_SOURCE_AT_EXECUTION,"A005 listed this external reference path, but it is not present in the current workspace; no delete or move was performed."
참고 Context/3. Github Source/regime-adaptive-quantitative-trading-main/regime-adaptive-quantitative-trading-main/data/raw/access_token_1.py,UNKNOWN_NEEDS_REVIEW,1555,Research Governance,Governance Reviewer,KEEP,SOURCE_MISSING_RECHECK,,FALSE,MISSING_SOURCE_AT_EXECUTION,"A005 listed this external reference path, but it is not present in the current workspace; no delete or move was performed."
참고 Context/3. Github Source/regime-adaptive-quantitative-trading-main/regime-adaptive-quantitative-trading-main/data/raw/access_token_2.py,UNKNOWN_NEEDS_REVIEW,2095,Research Governance,Governance Reviewer,KEEP,SOURCE_MISSING_RECHECK,,FALSE,MISSING_SOURCE_AT_EXECUTION,"A005 listed this external reference path, but it is not present in the current workspace; no delete or move was performed."
참고 Context/3. Github Source/regime-adaptive-quantitative-trading-main/regime-adaptive-quantitative-trading-main/data/raw/historical_data.py,UNKNOWN_NEEDS_REVIEW,6386,Research Governance,Governance Reviewer,KEEP,SOURCE_MISSING_RECHECK,,FALSE,MISSING_SOURCE_AT_EXECUTION,"A005 listed this external reference path, but it is not present in the current workspace; no delete or move was performed."
참고 Context/3. Github Source/regime-adaptive-quantitative-trading-main/regime-adaptive-quantitative-trading-main/data/raw/test.csv,UNKNOWN_NEEDS_REVIEW,48982,Research Governance,Governance Reviewer,KEEP,SOURCE_MISSING_RECHECK,,FALSE,MISSING_SOURCE_AT_EXECUTION,"A005 listed this external reference path, but it is not present in the current workspace; no delete or move was performed."
참고 Context/3. Github Source/regime-adaptive-quantitative-trading-main/regime-adaptive-quantitative-trading-main/docs/ACADEMIC_FOUNDATION.md,UNKNOWN_NEEDS_REVIEW,9363,Research Governance,Governance Reviewer,KEEP,SOURCE_MISSING_RECHECK,,FALSE,MISSING_SOURCE_AT_EXECUTION,"A005 listed this external reference path, but it is not present in the current workspace; no delete or move was performed."
참고 Context/3. Github Source/regime-adaptive-quantitative-trading-main/regime-adaptive-quantitative-trading-main/docs/CODE_ARCHITECTURE.md,UNKNOWN_NEEDS_REVIEW,15550,Research Governance,Governance Reviewer,KEEP,SOURCE_MISSING_RECHECK,,FALSE,MISSING_SOURCE_AT_EXECUTION,"A005 listed this external reference path, but it is not present in the current workspace; no delete or move was performed."
참고 Context/3. Github Source/regime-adaptive-quantitative-trading-main/regime-adaptive-quantitative-trading-main/docs/FUTURE_IMPROVEMENTS.md,UNKNOWN_NEEDS_REVIEW,13317,Research Governance,Governance Reviewer,KEEP,SOURCE_MISSING_RECHECK,,FALSE,MISSING_SOURCE_AT_EXECUTION,"A005 listed this external reference path, but it is not present in the current workspace; no delete or move was performed."
참고 Context/3. Github Source/regime-adaptive-quantitative-trading-main/regime-adaptive-quantitative-trading-main/docs/INTERVIEW_GUIDE.md,UNKNOWN_NEEDS_REVIEW,44851,Research Governance,Governance Reviewer,KEEP,SOURCE_MISSING_RECHECK,,FALSE,MISSING_SOURCE_AT_EXECUTION,"A005 listed this external reference path, but it is not present in the current workspace; no delete or move was performed."
참고 Context/3. Github Source/regime-adaptive-quantitative-trading-main/regime-adaptive-quantitative-trading-main/docs/LESSONS_LEARNED.md,UNKNOWN_NEEDS_REVIEW,15277,Research Governance,Governance Reviewer,KEEP,SOURCE_MISSING_RECHECK,,FALSE,MISSING_SOURCE_AT_EXECUTION,"A005 listed this external reference path, but it is not present in the current workspace; no delete or move was performed."
참고 Context/3. Github Source/regime-adaptive-quantitative-trading-main/regime-adaptive-quantitative-trading-main/docs/OPTIMIZATION_JOURNEY.md,UNKNOWN_NEEDS_REVIEW,29482,Research Governance,Governance Reviewer,KEEP,SOURCE_MISSING_RECHECK,,FALSE,MISSING_SOURCE_AT_EXECUTION,"A005 listed this external reference path, but it is not present in the current workspace; no delete or move was performed."
참고 Context/3. Github Source/regime-adaptive-quantitative-trading-main/regime-adaptive-quantitative-trading-main/docs/QUANT_GAMES_2026/COMPETITION_RESULTS.md,UNKNOWN_NEEDS_REVIEW,11012,Research Governance,Governance Reviewer,KEEP,SOURCE_MISSING_RECHECK,,FALSE,MISSING_SOURCE_AT_EXECUTION,"A005 listed this external reference path, but it is not present in the current workspace; no delete or move was performed."
참고 Context/3. Github Source/regime-adaptive-quantitative-trading-main/regime-adaptive-quantitative-trading-main/docs/QUANT_GAMES_2026/RSI_BOOSTING_PAPER.md,UNKNOWN_NEEDS_REVIEW,7651,Research Governance,Governance Reviewer,KEEP,SOURCE_MISSING_RECHECK,,FALSE,MISSING_SOURCE_AT_EXECUTION,"A005 listed this external reference path, but it is not present in the current workspace; no delete or move was performed."
참고 Context/3. Github Source/regime-adaptive-quantitative-trading-main/regime-adaptive-quantitative-trading-main/docs/README.md,UNKNOWN_NEEDS_REVIEW,12603,Research Governance,Governance Reviewer,KEEP,SOURCE_MISSING_RECHECK,,FALSE,MISSING_SOURCE_AT_EXECUTION,"A005 listed this external reference path, but it is not present in the current workspace; no delete or move was performed."
참고 Context/3. Github Source/regime-adaptive-quantitative-trading-main/regime-adaptive-quantitative-trading-main/docs/RESULTS_ANALYSIS.md,UNKNOWN_NEEDS_REVIEW,11886,Research Governance,Governance Reviewer,KEEP,SOURCE_MISSING_RECHECK,,FALSE,MISSING_SOURCE_AT_EXECUTION,"A005 listed this external reference path, but it is not present in the current workspace; no delete or move was performed."
참고 Context/3. Github Source/regime-adaptive-quantitative-trading-main/regime-adaptive-quantitative-trading-main/docs/STRATEGY_OVERVIEW.md,UNKNOWN_NEEDS_REVIEW,16781,Research Governance,Governance Reviewer,KEEP,SOURCE_MISSING_RECHECK,,FALSE,MISSING_SOURCE_AT_EXECUTION,"A005 listed this external reference path, but it is not present in the current workspace; no delete or move was performed."
참고 Context/3. Github Source/regime-adaptive-quantitative-trading-main/regime-adaptive-quantitative-trading-main/docs/VALIDATION_REPORT.md,UNKNOWN_NEEDS_REVIEW,17635,Research Governance,Governance Reviewer,KEEP,SOURCE_MISSING_RECHECK,,FALSE,MISSING_SOURCE_AT_EXECUTION,"A005 listed this external reference path, but it is not present in the current workspace; no delete or move was performed."
참고 Context/3. Github Source/regime-adaptive-quantitative-trading-main/regime-adaptive-quantitative-trading-main/experiments/focused_rescue.py,UNKNOWN_NEEDS_REVIEW,17345,Research Governance,Governance Reviewer,KEEP,SOURCE_MISSING_RECHECK,,FALSE,MISSING_SOURCE_AT_EXECUTION,"A005 listed this external reference path, but it is not present in the current workspace; no delete or move was performed."
참고 Context/3. Github Source/regime-adaptive-quantitative-trading-main/regime-adaptive-quantitative-trading-main/experiments/generate_optimized_submission.py,UNKNOWN_NEEDS_REVIEW,7046,Research Governance,Governance Reviewer,KEEP,SOURCE_MISSING_RECHECK,,FALSE,MISSING_SOURCE_AT_EXECUTION,"A005 listed this external reference path, but it is not present in the current workspace; no delete or move was performed."
참고 Context/3. Github Source/regime-adaptive-quantitative-trading-main/regime-adaptive-quantitative-trading-main/experiments/optuna_meta_optimizer.py,UNKNOWN_NEEDS_REVIEW,13236,Research Governance,Governance Reviewer,KEEP,SOURCE_MISSING_RECHECK,,FALSE,MISSING_SOURCE_AT_EXECUTION,"A005 listed this external reference path, but it is not present in the current workspace; no delete or move was performed."
참고 Context/3. Github Source/regime-adaptive-quantitative-trading-main/regime-adaptive-quantitative-trading-main/experiments/phase1/phase1_comparison.py,UNKNOWN_NEEDS_REVIEW,6014,Research Governance,Governance Reviewer,KEEP,SOURCE_MISSING_RECHECK,,FALSE,MISSING_SOURCE_AT_EXECUTION,"A005 listed this external reference path, but it is not present in the current workspace; no delete or move was performed."
참고 Context/3. Github Source/regime-adaptive-quantitative-trading-main/regime-adaptive-quantitative-trading-main/experiments/phase1/test_profit_ladders.py,UNKNOWN_NEEDS_REVIEW,6722,Research Governance,Governance Reviewer,KEEP,SOURCE_MISSING_RECHECK,,FALSE,MISSING_SOURCE_AT_EXECUTION,"A005 listed this external reference path, but it is not present in the current workspace; no delete or move was performed."
참고 Context/3. Github Source/regime-adaptive-quantitative-trading-main/regime-adaptive-quantitative-trading-main/experiments/phase2/phase2_comparison.py,UNKNOWN_NEEDS_REVIEW,5004,Research Governance,Governance Reviewer,KEEP,SOURCE_MISSING_RECHECK,,FALSE,MISSING_SOURCE_AT_EXECUTION,"A005 listed this external reference path, but it is not present in the current workspace; no delete or move was performed."
참고 Context/3. Github Source/regime-adaptive-quantitative-trading-main/regime-adaptive-quantitative-trading-main/experiments/phase2/phase2_final_tuning.py,UNKNOWN_NEEDS_REVIEW,3107,Research Governance,Governance Reviewer,KEEP,SOURCE_MISSING_RECHECK,,FALSE,MISSING_SOURCE_AT_EXECUTION,"A005 listed this external reference path, but it is not present in the current workspace; no delete or move was performed."
참고 Context/3. Github Source/regime-adaptive-quantitative-trading-main/regime-adaptive-quantitative-trading-main/experiments/phase3/final_submission_builder.py,UNKNOWN_NEEDS_REVIEW,12417,Research Governance,Governance Reviewer,KEEP,SOURCE_MISSING_RECHECK,,FALSE,MISSING_SOURCE_AT_EXECUTION,"A005 listed this external reference path, but it is not present in the current workspace; no delete or move was performed."
참고 Context/3. Github Source/regime-adaptive-quantitative-trading-main/regime-adaptive-quantitative-trading-main/experiments/phase3/last_minute_sweep.py,UNKNOWN_NEEDS_REVIEW,2393,Research Governance,Governance Reviewer,KEEP,SOURCE_MISSING_RECHECK,,FALSE,MISSING_SOURCE_AT_EXECUTION,"A005 listed this external reference path, but it is not present in the current workspace; no delete or move was performed."
참고 Context/3. Github Source/regime-adaptive-quantitative-trading-main/regime-adaptive-quantitative-trading-main/experiments/phase3/meta_ensemble_final.py,UNKNOWN_NEEDS_REVIEW,9532,Research Governance,Governance Reviewer,KEEP,SOURCE_MISSING_RECHECK,,FALSE,MISSING_SOURCE_AT_EXECUTION,"A005 listed this external reference path, but it is not present in the current workspace; no delete or move was performed."
참고 Context/3. Github Source/regime-adaptive-quantitative-trading-main/regime-adaptive-quantitative-trading-main/experiments/phase3/phase3_master_checklist.py,UNKNOWN_NEEDS_REVIEW,3669,Research Governance,Governance Reviewer,KEEP,SOURCE_MISSING_RECHECK,,FALSE,MISSING_SOURCE_AT_EXECUTION,"A005 listed this external reference path, but it is not present in the current workspace; no delete or move was performed."
참고 Context/3. Github Source/regime-adaptive-quantitative-trading-main/regime-adaptive-quantitative-trading-main/experiments/phase3/portfolio_optimizer.py,UNKNOWN_NEEDS_REVIEW,11418,Research Governance,Governance Reviewer,KEEP,SOURCE_MISSING_RECHECK,,FALSE,MISSING_SOURCE_AT_EXECUTION,"A005 listed this external reference path, but it is not present in the current workspace; no delete or move was performed."
참고 Context/3. Github Source/regime-adaptive-quantitative-trading-main/regime-adaptive-quantitative-trading-main/experiments/results/advanced_strategies_20260117_164554.json,UNKNOWN_NEEDS_REVIEW,2878,Research Governance,Governance Reviewer,KEEP,SOURCE_MISSING_RECHECK,,FALSE,MISSING_SOURCE_AT_EXECUTION,"A005 listed this external reference path, but it is not present in the current workspace; no delete or move was performed."
참고 Context/3. Github Source/regime-adaptive-quantitative-trading-main/regime-adaptive-quantitative-trading-main/experiments/results/best_configs_20260117_145817.json,UNKNOWN_NEEDS_REVIEW,2456,Research Governance,Governance Reviewer,KEEP,SOURCE_MISSING_RECHECK,,FALSE,MISSING_SOURCE_AT_EXECUTION,"A005 listed this external reference path, but it is not present in the current workspace; no delete or move was performed."
참고 Context/3. Github Source/regime-adaptive-quantitative-trading-main/regime-adaptive-quantitative-trading-main/experiments/results/focused_rescue_20260117_172559.json,UNKNOWN_NEEDS_REVIEW,1585,Research Governance,Governance Reviewer,KEEP,SOURCE_MISSING_RECHECK,,FALSE,MISSING_SOURCE_AT_EXECUTION,"A005 listed this external reference path, but it is not present in the current workspace; no delete or move was performed."
참고 Context/3. Github Source/regime-adaptive-quantitative-trading-main/regime-adaptive-quantitative-trading-main/experiments/results/optuna_meta_optimization_20260117_165741.json,UNKNOWN_NEEDS_REVIEW,1631,Research Governance,Governance Reviewer,KEEP,SOURCE_MISSING_RECHECK,,FALSE,MISSING_SOURCE_AT_EXECUTION,"A005 listed this external reference path, but it is not present in the current workspace; no delete or move was performed."
참고 Context/3. Github Source/regime-adaptive-quantitative-trading-main/regime-adaptive-quantitative-trading-main/experiments/results/optuna_meta_optimization_reloaded_20260117_165943.json,UNKNOWN_NEEDS_REVIEW,1836,Research Governance,Governance Reviewer,KEEP,SOURCE_MISSING_RECHECK,,FALSE,MISSING_SOURCE_AT_EXECUTION,"A005 listed this external reference path, but it is not present in the current workspace; no delete or move was performed."
참고 Context/3. Github Source/regime-adaptive-quantitative-trading-main/regime-adaptive-quantitative-trading-main/experiments/results/strategy_comparison_20260117_162423.json,UNKNOWN_NEEDS_REVIEW,3179,Research Governance,Governance Reviewer,KEEP,SOURCE_MISSING_RECHECK,,FALSE,MISSING_SOURCE_AT_EXECUTION,"A005 listed this external reference path, but it is not present in the current workspace; no delete or move was performed."
참고 Context/3. Github Source/regime-adaptive-quantitative-trading-main/regime-adaptive-quantitative-trading-main/experiments/run_advanced_strategies.py,UNKNOWN_NEEDS_REVIEW,8233,Research Governance,Governance Reviewer,KEEP,SOURCE_MISSING_RECHECK,,FALSE,MISSING_SOURCE_AT_EXECUTION,"A005 listed this external reference path, but it is not present in the current workspace; no delete or move was performed."
참고 Context/3. Github Source/regime-adaptive-quantitative-trading-main/regime-adaptive-quantitative-trading-main/experiments/run_all_methods.py,UNKNOWN_NEEDS_REVIEW,30693,Research Governance,Governance Reviewer,KEEP,SOURCE_MISSING_RECHECK,,FALSE,MISSING_SOURCE_AT_EXECUTION,"A005 listed this external reference path, but it is not present in the current workspace; no delete or move was performed."
참고 Context/3. Github Source/regime-adaptive-quantitative-trading-main/regime-adaptive-quantitative-trading-main/experiments/run_strategy_comparison.py,UNKNOWN_NEEDS_REVIEW,9613,Research Governance,Governance Reviewer,KEEP,SOURCE_MISSING_RECHECK,,FALSE,MISSING_SOURCE_AT_EXECUTION,"A005 listed this external reference path, but it is not present in the current workspace; no delete or move was performed."
참고 Context/3. Github Source/regime-adaptive-quantitative-trading-main/regime-adaptive-quantitative-trading-main/final_safe_submission.py,UNKNOWN_NEEDS_REVIEW,8052,Research Governance,Governance Reviewer,KEEP,SOURCE_MISSING_RECHECK,,FALSE,MISSING_SOURCE_AT_EXECUTION,"A005 listed this external reference path, but it is not present in the current workspace; no delete or move was performed."
참고 Context/3. Github Source/regime-adaptive-quantitative-trading-main/regime-adaptive-quantitative-trading-main/generate_advanced_submission.py,UNKNOWN_NEEDS_REVIEW,5710,Research Governance,Governance Reviewer,KEEP,SOURCE_MISSING_RECHECK,,FALSE,MISSING_SOURCE_AT_EXECUTION,"A005 listed this external reference path, but it is not present in the current workspace; no delete or move was performed."
참고 Context/3. Github Source/regime-adaptive-quantitative-trading-main/regime-adaptive-quantitative-trading-main/generate_final_submission_files.py,UNKNOWN_NEEDS_REVIEW,11303,Research Governance,Governance Reviewer,KEEP,SOURCE_MISSING_RECHECK,,FALSE,MISSING_SOURCE_AT_EXECUTION,"A005 listed this external reference path, but it is not present in the current workspace; no delete or move was performed."
참고 Context/3. Github Source/regime-adaptive-quantitative-trading-main/regime-adaptive-quantitative-trading-main/optimal_safe_submission.py,UNKNOWN_NEEDS_REVIEW,8056,Research Governance,Governance Reviewer,KEEP,SOURCE_MISSING_RECHECK,,FALSE,MISSING_SOURCE_AT_EXECUTION,"A005 listed this external reference path, but it is not present in the current workspace; no delete or move was performed."
참고 Context/3. Github Source/regime-adaptive-quantitative-trading-main/regime-adaptive-quantitative-trading-main/optimization_results/nifty_adx_best.json,UNKNOWN_NEEDS_REVIEW,473,Research Governance,Governance Reviewer,KEEP,SOURCE_MISSING_RECHECK,,FALSE,MISSING_SOURCE_AT_EXECUTION,"A005 listed this external reference path, but it is not present in the current workspace; no delete or move was performed."
참고 Context/3. Github Source/regime-adaptive-quantitative-trading-main/regime-adaptive-quantitative-trading-main/optimization_results/nifty_mean_reversion_best.json,UNKNOWN_NEEDS_REVIEW,489,Research Governance,Governance Reviewer,KEEP,SOURCE_MISSING_RECHECK,,FALSE,MISSING_SOURCE_AT_EXECUTION,"A005 listed this external reference path, but it is not present in the current workspace; no delete or move was performed."
참고 Context/3. Github Source/regime-adaptive-quantitative-trading-main/regime-adaptive-quantitative-trading-main/optimization_results/nifty_optuna_best.json,UNKNOWN_NEEDS_REVIEW,487,Research Governance,Governance Reviewer,KEEP,SOURCE_MISSING_RECHECK,,FALSE,MISSING_SOURCE_AT_EXECUTION,"A005 listed this external reference path, but it is not present in the current workspace; no delete or move was performed."
참고 Context/3. Github Source/regime-adaptive-quantitative-trading-main/regime-adaptive-quantitative-trading-main/optimization_results/optuna_results.json,UNKNOWN_NEEDS_REVIEW,1923,Research Governance,Governance Reviewer,KEEP,SOURCE_MISSING_RECHECK,,FALSE,MISSING_SOURCE_AT_EXECUTION,"A005 listed this external reference path, but it is not present in the current workspace; no delete or move was performed."
참고 Context/3. Github Source/regime-adaptive-quantitative-trading-main/regime-adaptive-quantitative-trading-main/optimize_advanced_techniques.py,UNKNOWN_NEEDS_REVIEW,10142,Research Governance,Governance Reviewer,KEEP,SOURCE_MISSING_RECHECK,,FALSE,MISSING_SOURCE_AT_EXECUTION,"A005 listed this external reference path, but it is not present in the current workspace; no delete or move was performed."
참고 Context/3. Github Source/regime-adaptive-quantitative-trading-main/regime-adaptive-quantitative-trading-main/optimize_dynamic_rsi.py,UNKNOWN_NEEDS_REVIEW,8133,Research Governance,Governance Reviewer,KEEP,SOURCE_MISSING_RECHECK,,FALSE,MISSING_SOURCE_AT_EXECUTION,"A005 listed this external reference path, but it is not present in the current workspace; no delete or move was performed."
참고 Context/3. Github Source/regime-adaptive-quantitative-trading-main/regime-adaptive-quantitative-trading-main/optuna_tuning.py,UNKNOWN_NEEDS_REVIEW,2936,Research Governance,Governance Reviewer,KEEP,SOURCE_MISSING_RECHECK,,FALSE,MISSING_SOURCE_AT_EXECUTION,"A005 listed this external reference path, but it is not present in the current workspace; no delete or move was performed."
참고 Context/3. Github Source/regime-adaptive-quantitative-trading-main/regime-adaptive-quantitative-trading-main/output/23ME3EP03_FINAL_submission_20260117_090426.csv,UNKNOWN_NEEDS_REVIEW,73615,Research Governance,Governance Reviewer,KEEP,SOURCE_MISSING_RECHECK,,FALSE,MISSING_SOURCE_AT_EXECUTION,"A005 listed this external reference path, but it is not present in the current workspace; no delete or move was performed."
참고 Context/3. Github Source/regime-adaptive-quantitative-trading-main/regime-adaptive-quantitative-trading-main/output/23ME3EP03_FINAL_submission_20260117_143927.csv,UNKNOWN_NEEDS_REVIEW,73765,Research Governance,Governance Reviewer,KEEP,SOURCE_MISSING_RECHECK,,FALSE,MISSING_SOURCE_AT_EXECUTION,"A005 listed this external reference path, but it is not present in the current workspace; no delete or move was performed."
참고 Context/3. Github Source/regime-adaptive-quantitative-trading-main/regime-adaptive-quantitative-trading-main/output/23ME3EP03_FINAL_submission_20260117_145945.csv,UNKNOWN_NEEDS_REVIEW,73765,Research Governance,Governance Reviewer,KEEP,SOURCE_MISSING_RECHECK,,FALSE,MISSING_SOURCE_AT_EXECUTION,"A005 listed this external reference path, but it is not present in the current workspace; no delete or move was performed."
참고 Context/3. Github Source/regime-adaptive-quantitative-trading-main/regime-adaptive-quantitative-trading-main/output/23ME3EP03_FINAL_submission_20260117_170027.csv,UNKNOWN_NEEDS_REVIEW,73765,Research Governance,Governance Reviewer,KEEP,SOURCE_MISSING_RECHECK,,FALSE,MISSING_SOURCE_AT_EXECUTION,"A005 listed this external reference path, but it is not present in the current workspace; no delete or move was performed."
참고 Context/3. Github Source/regime-adaptive-quantitative-trading-main/regime-adaptive-quantitative-trading-main/output/23ME3EP03_FINAL_submission_20260117_180345.csv,UNKNOWN_NEEDS_REVIEW,82710,Research Governance,Governance Reviewer,KEEP,SOURCE_MISSING_RECHECK,,FALSE,MISSING_SOURCE_AT_EXECUTION,"A005 listed this external reference path, but it is not present in the current workspace; no delete or move was performed."
참고 Context/3. Github Source/regime-adaptive-quantitative-trading-main/regime-adaptive-quantitative-trading-main/output/23ME3EP03_FINAL_submission_20260117_181251.csv,UNKNOWN_NEEDS_REVIEW,103547,Research Governance,Governance Reviewer,KEEP,SOURCE_MISSING_RECHECK,,FALSE,MISSING_SOURCE_AT_EXECUTION,"A005 listed this external reference path, but it is not present in the current workspace; no delete or move was performed."
참고 Context/3. Github Source/regime-adaptive-quantitative-trading-main/regime-adaptive-quantitative-trading-main/output/23ME3EP03_FINAL_submission_20260117_185001.csv,UNKNOWN_NEEDS_REVIEW,103547,Research Governance,Governance Reviewer,KEEP,SOURCE_MISSING_RECHECK,,FALSE,MISSING_SOURCE_AT_EXECUTION,"A005 listed this external reference path, but it is not present in the current workspace; no delete or move was performed."
참고 Context/3. Github Source/regime-adaptive-quantitative-trading-main/regime-adaptive-quantitative-trading-main/output/23ME3EP03_FINAL_submission_20260117_185042.csv,UNKNOWN_NEEDS_REVIEW,103547,Research Governance,Governance Reviewer,KEEP,SOURCE_MISSING_RECHECK,,FALSE,MISSING_SOURCE_AT_EXECUTION,"A005 listed this external reference path, but it is not present in the current workspace; no delete or move was performed."
참고 Context/3. Github Source/regime-adaptive-quantitative-trading-main/regime-adaptive-quantitative-trading-main/output/23ME3EP03_FINAL_submission_20260117_190337.csv,UNKNOWN_NEEDS_REVIEW,105350,Research Governance,Governance Reviewer,KEEP,SOURCE_MISSING_RECHECK,,FALSE,MISSING_SOURCE_AT_EXECUTION,"A005 listed this external reference path, but it is not present in the current workspace; no delete or move was performed."
참고 Context/3. Github Source/regime-adaptive-quantitative-trading-main/regime-adaptive-quantitative-trading-main/output/23ME3EP03_NSE_NIFTY50-INDEX_trades.csv,UNKNOWN_NEEDS_REVIEW,18625,Research Governance,Governance Reviewer,KEEP,SOURCE_MISSING_RECHECK,,FALSE,MISSING_SOURCE_AT_EXECUTION,"A005 listed this external reference path, but it is not present in the current workspace; no delete or move was performed."
참고 Context/3. Github Source/regime-adaptive-quantitative-trading-main/regime-adaptive-quantitative-trading-main/output/23ME3EP03_NSE_RELIANCE-EQ_trades.csv,UNKNOWN_NEEDS_REVIEW,16584,Research Governance,Governance Reviewer,KEEP,SOURCE_MISSING_RECHECK,,FALSE,MISSING_SOURCE_AT_EXECUTION,"A005 listed this external reference path, but it is not present in the current workspace; no delete or move was performed."
참고 Context/3. Github Source/regime-adaptive-quantitative-trading-main/regime-adaptive-quantitative-trading-main/output/23ME3EP03_NSE_SUNPHARMA-EQ_trades.csv,UNKNOWN_NEEDS_REVIEW,17487,Research Governance,Governance Reviewer,KEEP,SOURCE_MISSING_RECHECK,,FALSE,MISSING_SOURCE_AT_EXECUTION,"A005 listed this external reference path, but it is not present in the current workspace; no delete or move was performed."
참고 Context/3. Github Source/regime-adaptive-quantitative-trading-main/regime-adaptive-quantitative-trading-main/output/23ME3EP03_NSE_VBL-EQ_trades.csv,UNKNOWN_NEEDS_REVIEW,36451,Research Governance,Governance Reviewer,KEEP,SOURCE_MISSING_RECHECK,,FALSE,MISSING_SOURCE_AT_EXECUTION,"A005 listed this external reference path, but it is not present in the current workspace; no delete or move was performed."
참고 Context/3. Github Source/regime-adaptive-quantitative-trading-main/regime-adaptive-quantitative-trading-main/output/23ME3EP03_NSE_YESBANK-EQ_trades.csv,UNKNOWN_NEEDS_REVIEW,16891,Research Governance,Governance Reviewer,KEEP,SOURCE_MISSING_RECHECK,,FALSE,MISSING_SOURCE_AT_EXECUTION,"A005 listed this external reference path, but it is not present in the current workspace; no delete or move was performed."
참고 Context/3. Github Source/regime-adaptive-quantitative-trading-main/regime-adaptive-quantitative-trading-main/output/23ME3EP03_OPTIMAL_submission_20260117_084139.csv,UNKNOWN_NEEDS_REVIEW,73615,Research Governance,Governance Reviewer,KEEP,SOURCE_MISSING_RECHECK,,FALSE,MISSING_SOURCE_AT_EXECUTION,"A005 listed this external reference path, but it is not present in the current workspace; no delete or move was performed."
참고 Context/3. Github Source/regime-adaptive-quantitative-trading-main/regime-adaptive-quantitative-trading-main/output/23ME3EP03_OPTIMIZED_submission_20260117_145932.csv,UNKNOWN_NEEDS_REVIEW,72857,Research Governance,Governance Reviewer,KEEP,SOURCE_MISSING_RECHECK,,FALSE,MISSING_SOURCE_AT_EXECUTION,"A005 listed this external reference path, but it is not present in the current workspace; no delete or move was performed."
참고 Context/3. Github Source/regime-adaptive-quantitative-trading-main/regime-adaptive-quantitative-trading-main/output/23ME3EP03_SAFE_submission_20260117_084034.csv,UNKNOWN_NEEDS_REVIEW,76765,Research Governance,Governance Reviewer,KEEP,SOURCE_MISSING_RECHECK,,FALSE,MISSING_SOURCE_AT_EXECUTION,"A005 listed this external reference path, but it is not present in the current workspace; no delete or move was performed."
참고 Context/3. Github Source/regime-adaptive-quantitative-trading-main/regime-adaptive-quantitative-trading-main/output/23ME3EP03_STRATEGY2_submission.csv,UNKNOWN_NEEDS_REVIEW,70906,Research Governance,Governance Reviewer,KEEP,SOURCE_MISSING_RECHECK,,FALSE,MISSING_SOURCE_AT_EXECUTION,"A005 listed this external reference path, but it is not present in the current workspace; no delete or move was performed."
참고 Context/3. Github Source/regime-adaptive-quantitative-trading-main/regime-adaptive-quantitative-trading-main/output/23ME3EP03_advanced_submission_20260117_080808.csv,UNKNOWN_NEEDS_REVIEW,70906,Research Governance,Governance Reviewer,KEEP,SOURCE_MISSING_RECHECK,,FALSE,MISSING_SOURCE_AT_EXECUTION,"A005 listed this external reference path, but it is not present in the current workspace; no delete or move was performed."
참고 Context/3. Github Source/regime-adaptive-quantitative-trading-main/regime-adaptive-quantitative-trading-main/output/23ME3EP03_combined_submission_20260116_173130.csv,UNKNOWN_NEEDS_REVIEW,86812,Research Governance,Governance Reviewer,KEEP,SOURCE_MISSING_RECHECK,,FALSE,MISSING_SOURCE_AT_EXECUTION,"A005 listed this external reference path, but it is not present in the current workspace; no delete or move was performed."
참고 Context/3. Github Source/regime-adaptive-quantitative-trading-main/regime-adaptive-quantitative-trading-main/output/23ME3EP03_ensemble_submission_20260117_053234.csv,UNKNOWN_NEEDS_REVIEW,78625,Research Governance,Governance Reviewer,KEEP,SOURCE_MISSING_RECHECK,,FALSE,MISSING_SOURCE_AT_EXECUTION,"A005 listed this external reference path, but it is not present in the current workspace; no delete or move was performed."
참고 Context/3. Github Source/regime-adaptive-quantitative-trading-main/regime-adaptive-quantitative-trading-main/output/23ME3EP03_final_optuna_submission_20260117_065520.csv,UNKNOWN_NEEDS_REVIEW,71160,Research Governance,Governance Reviewer,KEEP,SOURCE_MISSING_RECHECK,,FALSE,MISSING_SOURCE_AT_EXECUTION,"A005 listed this external reference path, but it is not present in the current workspace; no delete or move was performed."
참고 Context/3. Github Source/regime-adaptive-quantitative-trading-main/regime-adaptive-quantitative-trading-main/output/23ME3EP03_optimized_submission_20260116_200345.csv,UNKNOWN_NEEDS_REVIEW,87153,Research Governance,Governance Reviewer,KEEP,SOURCE_MISSING_RECHECK,,FALSE,MISSING_SOURCE_AT_EXECUTION,"A005 listed this external reference path, but it is not present in the current workspace; no delete or move was performed."
참고 Context/3. Github Source/regime-adaptive-quantitative-trading-main/regime-adaptive-quantitative-trading-main/output/23ME3EP03_optimized_submission_20260116_215309.csv,UNKNOWN_NEEDS_REVIEW,87040,Research Governance,Governance Reviewer,KEEP,SOURCE_MISSING_RECHECK,,FALSE,MISSING_SOURCE_AT_EXECUTION,"A005 listed this external reference path, but it is not present in the current workspace; no delete or move was performed."
참고 Context/3. Github Source/regime-adaptive-quantitative-trading-main/regime-adaptive-quantitative-trading-main/output/23ME3EP03_optuna_submission_20260117_065330.csv,UNKNOWN_NEEDS_REVIEW,57462,Research Governance,Governance Reviewer,KEEP,SOURCE_MISSING_RECHECK,,FALSE,MISSING_SOURCE_AT_EXECUTION,"A005 listed this external reference path, but it is not present in the current workspace; no delete or move was performed."
참고 Context/3. Github Source/regime-adaptive-quantitative-trading-main/regime-adaptive-quantitative-trading-main/output/23ME3EP03_sharpe_submission_20260116_223321.csv,UNKNOWN_NEEDS_REVIEW,78628,Research Governance,Governance Reviewer,KEEP,SOURCE_MISSING_RECHECK,,FALSE,MISSING_SOURCE_AT_EXECUTION,"A005 listed this external reference path, but it is not present in the current workspace; no delete or move was performed."
참고 Context/3. Github Source/regime-adaptive-quantitative-trading-main/regime-adaptive-quantitative-trading-main/output/23ME3EP03_sharpe_submission_20260117_051237.csv,UNKNOWN_NEEDS_REVIEW,78633,Research Governance,Governance Reviewer,KEEP,SOURCE_MISSING_RECHECK,,FALSE,MISSING_SOURCE_AT_EXECUTION,"A005 listed this external reference path, but it is not present in the current workspace; no delete or move was performed."
참고 Context/3. Github Source/regime-adaptive-quantitative-trading-main/regime-adaptive-quantitative-trading-main/output/23ME3EP03_strategy1_submission_20260116_173211.csv,UNKNOWN_NEEDS_REVIEW,80087,Research Governance,Governance Reviewer,KEEP,SOURCE_MISSING_RECHECK,,FALSE,MISSING_SOURCE_AT_EXECUTION,"A005 listed this external reference path, but it is not present in the current workspace; no delete or move was performed."
참고 Context/3. Github Source/regime-adaptive-quantitative-trading-main/regime-adaptive-quantitative-trading-main/output/23ME3EP03_strategy1_submission_20260116_183635.csv,UNKNOWN_NEEDS_REVIEW,69916,Research Governance,Governance Reviewer,KEEP,SOURCE_MISSING_RECHECK,,FALSE,MISSING_SOURCE_AT_EXECUTION,"A005 listed this external reference path, but it is not present in the current workspace; no delete or move was performed."
참고 Context/3. Github Source/regime-adaptive-quantitative-trading-main/regime-adaptive-quantitative-trading-main/output/23ME3EP03_strategy1_submission_20260116_183654.csv,UNKNOWN_NEEDS_REVIEW,69916,Research Governance,Governance Reviewer,KEEP,SOURCE_MISSING_RECHECK,,FALSE,MISSING_SOURCE_AT_EXECUTION,"A005 listed this external reference path, but it is not present in the current workspace; no delete or move was performed."
참고 Context/3. Github Source/regime-adaptive-quantitative-trading-main/regime-adaptive-quantitative-trading-main/output/23ME3EP03_strategy1_submission_20260116_183716.csv,UNKNOWN_NEEDS_REVIEW,70906,Research Governance,Governance Reviewer,KEEP,SOURCE_MISSING_RECHECK,,FALSE,MISSING_SOURCE_AT_EXECUTION,"A005 listed this external reference path, but it is not present in the current workspace; no delete or move was performed."
참고 Context/3. Github Source/regime-adaptive-quantitative-trading-main/regime-adaptive-quantitative-trading-main/output/23ME3EP03_strategy1_submission_20260116_183730.csv,UNKNOWN_NEEDS_REVIEW,72112,Research Governance,Governance Reviewer,KEEP,SOURCE_MISSING_RECHECK,,FALSE,MISSING_SOURCE_AT_EXECUTION,"A005 listed this external reference path, but it is not present in the current workspace; no delete or move was performed."
참고 Context/3. Github Source/regime-adaptive-quantitative-trading-main/regime-adaptive-quantitative-trading-main/output/23ME3EP03_submission_20260117_065416.csv,UNKNOWN_NEEDS_REVIEW,52611,Research Governance,Governance Reviewer,KEEP,SOURCE_MISSING_RECHECK,,FALSE,MISSING_SOURCE_AT_EXECUTION,"A005 listed this external reference path, but it is not present in the current workspace; no delete or move was performed."
참고 Context/3. Github Source/regime-adaptive-quantitative-trading-main/regime-adaptive-quantitative-trading-main/output/23ME3EP03_winning_submission_20260117_055019.csv,UNKNOWN_NEEDS_REVIEW,70839,Research Governance,Governance Reviewer,KEEP,SOURCE_MISSING_RECHECK,,FALSE,MISSING_SOURCE_AT_EXECUTION,"A005 listed this external reference path, but it is not present in the current workspace; no delete or move was performed."
참고 Context/3. Github Source/regime-adaptive-quantitative-trading-main/regime-adaptive-quantitative-trading-main/output/23ME3EP03_winning_submission_20260117_060037.csv,UNKNOWN_NEEDS_REVIEW,70482,Research Governance,Governance Reviewer,KEEP,SOURCE_MISSING_RECHECK,,FALSE,MISSING_SOURCE_AT_EXECUTION,"A005 listed this external reference path, but it is not present in the current workspace; no delete or move was performed."
참고 Context/3. Github Source/regime-adaptive-quantitative-trading-main/regime-adaptive-quantitative-trading-main/output/23ME3EP03_winning_submission_20260117_061429.csv,UNKNOWN_NEEDS_REVIEW,70371,Research Governance,Governance Reviewer,KEEP,SOURCE_MISSING_RECHECK,,FALSE,MISSING_SOURCE_AT_EXECUTION,"A005 listed this external reference path, but it is not present in the current workspace; no delete or move was performed."
참고 Context/3. Github Source/regime-adaptive-quantitative-trading-main/regime-adaptive-quantitative-trading-main/output/23ME3EP03_winning_submission_20260117_064350.csv,UNKNOWN_NEEDS_REVIEW,71160,Research Governance,Governance Reviewer,KEEP,SOURCE_MISSING_RECHECK,,FALSE,MISSING_SOURCE_AT_EXECUTION,"A005 listed this external reference path, but it is not present in the current workspace; no delete or move was performed."
참고 Context/3. Github Source/regime-adaptive-quantitative-trading-main/regime-adaptive-quantitative-trading-main/output/COMPREHENSIVE_TESTING_RESULTS.md,UNKNOWN_NEEDS_REVIEW,289,Research Governance,Governance Reviewer,KEEP,SOURCE_MISSING_RECHECK,,FALSE,MISSING_SOURCE_AT_EXECUTION,"A005 listed this external reference path, but it is not present in the current workspace; no delete or move was performed."
참고 Context/3. Github Source/regime-adaptive-quantitative-trading-main/regime-adaptive-quantitative-trading-main/output/FINAL_SUBMISSION_VALIDATION.md,UNKNOWN_NEEDS_REVIEW,1823,Research Governance,Governance Reviewer,KEEP,SOURCE_MISSING_RECHECK,,FALSE,MISSING_SOURCE_AT_EXECUTION,"A005 listed this external reference path, but it is not present in the current workspace; no delete or move was performed."
참고 Context/3. Github Source/regime-adaptive-quantitative-trading-main/regime-adaptive-quantitative-trading-main/output/OVERFITTING_CHECK.json,UNKNOWN_NEEDS_REVIEW,1651,Research Governance,Governance Reviewer,KEEP,SOURCE_MISSING_RECHECK,,FALSE,MISSING_SOURCE_AT_EXECUTION,"A005 listed this external reference path, but it is not present in the current workspace; no delete or move was performed."
참고 Context/3. Github Source/regime-adaptive-quantitative-trading-main/regime-adaptive-quantitative-trading-main/output/RELIANCE_OU_EXPERIMENT.md,UNKNOWN_NEEDS_REVIEW,483,Research Governance,Governance Reviewer,KEEP,SOURCE_MISSING_RECHECK,,FALSE,MISSING_SOURCE_AT_EXECUTION,"A005 listed this external reference path, but it is not present in the current workspace; no delete or move was performed."
참고 Context/3. Github Source/regime-adaptive-quantitative-trading-main/regime-adaptive-quantitative-trading-main/output/STRATEGY2_NSE_NIFTY50-INDEX_trades.csv,UNKNOWN_NEEDS_REVIEW,15491,Research Governance,Governance Reviewer,KEEP,SOURCE_MISSING_RECHECK,,FALSE,MISSING_SOURCE_AT_EXECUTION,"A005 listed this external reference path, but it is not present in the current workspace; no delete or move was performed."
참고 Context/3. Github Source/regime-adaptive-quantitative-trading-main/regime-adaptive-quantitative-trading-main/output/STRATEGY2_NSE_RELIANCE-EQ_trades.csv,UNKNOWN_NEEDS_REVIEW,14634,Research Governance,Governance Reviewer,KEEP,SOURCE_MISSING_RECHECK,,FALSE,MISSING_SOURCE_AT_EXECUTION,"A005 listed this external reference path, but it is not present in the current workspace; no delete or move was performed."
참고 Context/3. Github Source/regime-adaptive-quantitative-trading-main/regime-adaptive-quantitative-trading-main/output/STRATEGY2_NSE_SUNPHARMA-EQ_trades.csv,UNKNOWN_NEEDS_REVIEW,13858,Research Governance,Governance Reviewer,KEEP,SOURCE_MISSING_RECHECK,,FALSE,MISSING_SOURCE_AT_EXECUTION,"A005 listed this external reference path, but it is not present in the current workspace; no delete or move was performed."
참고 Context/3. Github Source/regime-adaptive-quantitative-trading-main/regime-adaptive-quantitative-trading-main/output/STRATEGY2_NSE_VBL-EQ_trades.csv,UNKNOWN_NEEDS_REVIEW,13810,Research Governance,Governance Reviewer,KEEP,SOURCE_MISSING_RECHECK,,FALSE,MISSING_SOURCE_AT_EXECUTION,"A005 listed this external reference path, but it is not present in the current workspace; no delete or move was performed."
참고 Context/3. Github Source/regime-adaptive-quantitative-trading-main/regime-adaptive-quantitative-trading-main/output/STRATEGY2_NSE_YESBANK-EQ_trades.csv,UNKNOWN_NEEDS_REVIEW,13801,Research Governance,Governance Reviewer,KEEP,SOURCE_MISSING_RECHECK,,FALSE,MISSING_SOURCE_AT_EXECUTION,"A005 listed this external reference path, but it is not present in the current workspace; no delete or move was performed."
참고 Context/3. Github Source/regime-adaptive-quantitative-trading-main/regime-adaptive-quantitative-trading-main/output/STRATEGY3_NSE_NIFTY50-INDEX_trades.csv,UNKNOWN_NEEDS_REVIEW,15633,Research Governance,Governance Reviewer,KEEP,SOURCE_MISSING_RECHECK,,FALSE,MISSING_SOURCE_AT_EXECUTION,"A005 listed this external reference path, but it is not present in the current workspace; no delete or move was performed."
참고 Context/3. Github Source/regime-adaptive-quantitative-trading-main/regime-adaptive-quantitative-trading-main/output/STRATEGY3_NSE_RELIANCE-EQ_trades.csv,UNKNOWN_NEEDS_REVIEW,15088,Research Governance,Governance Reviewer,KEEP,SOURCE_MISSING_RECHECK,,FALSE,MISSING_SOURCE_AT_EXECUTION,"A005 listed this external reference path, but it is not present in the current workspace; no delete or move was performed."
참고 Context/3. Github Source/regime-adaptive-quantitative-trading-main/regime-adaptive-quantitative-trading-main/output/STRATEGY3_NSE_SUNPHARMA-EQ_trades.csv,UNKNOWN_NEEDS_REVIEW,15008,Research Governance,Governance Reviewer,KEEP,SOURCE_MISSING_RECHECK,,FALSE,MISSING_SOURCE_AT_EXECUTION,"A005 listed this external reference path, but it is not present in the current workspace; no delete or move was performed."
참고 Context/3. Github Source/regime-adaptive-quantitative-trading-main/regime-adaptive-quantitative-trading-main/output/STRATEGY3_NSE_VBL-EQ_trades.csv,UNKNOWN_NEEDS_REVIEW,14013,Research Governance,Governance Reviewer,KEEP,SOURCE_MISSING_RECHECK,,FALSE,MISSING_SOURCE_AT_EXECUTION,"A005 listed this external reference path, but it is not present in the current workspace; no delete or move was performed."
참고 Context/3. Github Source/regime-adaptive-quantitative-trading-main/regime-adaptive-quantitative-trading-main/output/STRATEGY3_NSE_YESBANK-EQ_trades.csv,UNKNOWN_NEEDS_REVIEW,13803,Research Governance,Governance Reviewer,KEEP,SOURCE_MISSING_RECHECK,,FALSE,MISSING_SOURCE_AT_EXECUTION,"A005 listed this external reference path, but it is not present in the current workspace; no delete or move was performed."
참고 Context/3. Github Source/regime-adaptive-quantitative-trading-main/regime-adaptive-quantitative-trading-main/output/SUBMISSION_DOCUMENTATION.md,UNKNOWN_NEEDS_REVIEW,2964,Research Governance,Governance Reviewer,KEEP,SOURCE_MISSING_RECHECK,,FALSE,MISSING_SOURCE_AT_EXECUTION,"A005 listed this external reference path, but it is not present in the current workspace; no delete or move was performed."
참고 Context/3. Github Source/regime-adaptive-quantitative-trading-main/regime-adaptive-quantitative-trading-main/output/SUBMISSION_SUMMARY.json,UNKNOWN_NEEDS_REVIEW,1152,Research Governance,Governance Reviewer,KEEP,SOURCE_MISSING_RECHECK,,FALSE,MISSING_SOURCE_AT_EXECUTION,"A005 listed this external reference path, but it is not present in the current workspace; no delete or move was performed."
참고 Context/3. Github Source/regime-adaptive-quantitative-trading-main/regime-adaptive-quantitative-trading-main/output/YOUR_ROLL_NUMBER_combined_submission_20260116_164436.csv,UNKNOWN_NEEDS_REVIEW,86812,Research Governance,Governance Reviewer,KEEP,SOURCE_MISSING_RECHECK,,FALSE,MISSING_SOURCE_AT_EXECUTION,"A005 listed this external reference path, but it is not present in the current workspace; no delete or move was performed."
참고 Context/3. Github Source/regime-adaptive-quantitative-trading-main/regime-adaptive-quantitative-trading-main/output/access_token.txt,UNKNOWN_NEEDS_REVIEW,661,Research Governance,Governance Reviewer,KEEP,SOURCE_MISSING_RECHECK,,FALSE,MISSING_SOURCE_AT_EXECUTION,"A005 listed this external reference path, but it is not present in the current workspace; no delete or move was performed."
참고 Context/3. Github Source/regime-adaptive-quantitative-trading-main/regime-adaptive-quantitative-trading-main/output/backtest_results.txt,UNKNOWN_NEEDS_REVIEW,799,Research Governance,Governance Reviewer,KEEP,SOURCE_MISSING_RECHECK,,FALSE,MISSING_SOURCE_AT_EXECUTION,"A005 listed this external reference path, but it is not present in the current workspace; no delete or move was performed."
참고 Context/3. Github Source/regime-adaptive-quantitative-trading-main/regime-adaptive-quantitative-trading-main/output/boosted_safe_params.json,UNKNOWN_NEEDS_REVIEW,2878,Research Governance,Governance Reviewer,KEEP,SOURCE_MISSING_RECHECK,,FALSE,MISSING_SOURCE_AT_EXECUTION,"A005 listed this external reference path, but it is not present in the current workspace; no delete or move was performed."
참고 Context/3. Github Source/regime-adaptive-quantitative-trading-main/regime-adaptive-quantitative-trading-main/output/deep_optimized_params.json,UNKNOWN_NEEDS_REVIEW,1985,Research Governance,Governance Reviewer,KEEP,SOURCE_MISSING_RECHECK,,FALSE,MISSING_SOURCE_AT_EXECUTION,"A005 listed this external reference path, but it is not present in the current workspace; no delete or move was performed."
참고 Context/3. Github Source/regime-adaptive-quantitative-trading-main/regime-adaptive-quantitative-trading-main/output/donchian_results.txt,UNKNOWN_NEEDS_REVIEW,658,Research Governance,Governance Reviewer,KEEP,SOURCE_MISSING_RECHECK,,FALSE,MISSING_SOURCE_AT_EXECUTION,"A005 listed this external reference path, but it is not present in the current workspace; no delete or move was performed."
참고 Context/3. Github Source/regime-adaptive-quantitative-trading-main/regime-adaptive-quantitative-trading-main/output/final_safe_params.json,UNKNOWN_NEEDS_REVIEW,2993,Research Governance,Governance Reviewer,KEEP,SOURCE_MISSING_RECHECK,,FALSE,MISSING_SOURCE_AT_EXECUTION,"A005 listed this external reference path, but it is not present in the current workspace; no delete or move was performed."
참고 Context/3. Github Source/regime-adaptive-quantitative-trading-main/regime-adaptive-quantitative-trading-main/output/final_validation_report.json,UNKNOWN_NEEDS_REVIEW,1172,Research Governance,Governance Reviewer,KEEP,SOURCE_MISSING_RECHECK,,FALSE,MISSING_SOURCE_AT_EXECUTION,"A005 listed this external reference path, but it is not present in the current workspace; no delete or move was performed."
참고 Context/3. Github Source/regime-adaptive-quantitative-trading-main/regime-adaptive-quantitative-trading-main/output/fyersApi.log,UNKNOWN_NEEDS_REVIEW,6195,Research Governance,Governance Reviewer,KEEP,SOURCE_MISSING_RECHECK,,FALSE,MISSING_SOURCE_AT_EXECUTION,"A005 listed this external reference path, but it is not present in the current workspace; no delete or move was performed."
참고 Context/3. Github Source/regime-adaptive-quantitative-trading-main/regime-adaptive-quantitative-trading-main/output/fyersRequests.log,UNKNOWN_NEEDS_REVIEW,15050,Research Governance,Governance Reviewer,KEEP,SOURCE_MISSING_RECHECK,,FALSE,MISSING_SOURCE_AT_EXECUTION,"A005 listed this external reference path, but it is not present in the current workspace; no delete or move was performed."
참고 Context/3. Github Source/regime-adaptive-quantitative-trading-main/regime-adaptive-quantitative-trading-main/output/nifty50_optimized_trades.csv,UNKNOWN_NEEDS_REVIEW,14690,Research Governance,Governance Reviewer,KEEP,SOURCE_MISSING_RECHECK,,FALSE,MISSING_SOURCE_AT_EXECUTION,"A005 listed this external reference path, but it is not present in the current workspace; no delete or move was performed."
참고 Context/3. Github Source/regime-adaptive-quantitative-trading-main/regime-adaptive-quantitative-trading-main/output/nifty_trend_optimized_params.json,UNKNOWN_NEEDS_REVIEW,539,Research Governance,Governance Reviewer,KEEP,SOURCE_MISSING_RECHECK,,FALSE,MISSING_SOURCE_AT_EXECUTION,"A005 listed this external reference path, but it is not present in the current workspace; no delete or move was performed."
참고 Context/3. Github Source/regime-adaptive-quantitative-trading-main/regime-adaptive-quantitative-trading-main/output/optimal_params_per_symbol.json,UNKNOWN_NEEDS_REVIEW,1690,Research Governance,Governance Reviewer,KEEP,SOURCE_MISSING_RECHECK,,FALSE,MISSING_SOURCE_AT_EXECUTION,"A005 listed this external reference path, but it is not present in the current workspace; no delete or move was performed."
참고 Context/3. Github Source/regime-adaptive-quantitative-trading-main/regime-adaptive-quantitative-trading-main/output/optimization_results.txt,UNKNOWN_NEEDS_REVIEW,1772,Research Governance,Governance Reviewer,KEEP,SOURCE_MISSING_RECHECK,,FALSE,MISSING_SOURCE_AT_EXECUTION,"A005 listed this external reference path, but it is not present in the current workspace; no delete or move was performed."
참고 Context/3. Github Source/regime-adaptive-quantitative-trading-main/regime-adaptive-quantitative-trading-main/output/optuna_yesbank_results.json,UNKNOWN_NEEDS_REVIEW,233,Research Governance,Governance Reviewer,KEEP,SOURCE_MISSING_RECHECK,,FALSE,MISSING_SOURCE_AT_EXECUTION,"A005 listed this external reference path, but it is not present in the current workspace; no delete or move was performed."
참고 Context/3. Github Source/regime-adaptive-quantitative-trading-main/regime-adaptive-quantitative-trading-main/output/phase1_final_config.json,UNKNOWN_NEEDS_REVIEW,911,Research Governance,Governance Reviewer,KEEP,SOURCE_MISSING_RECHECK,,FALSE,MISSING_SOURCE_AT_EXECUTION,"A005 listed this external reference path, but it is not present in the current workspace; no delete or move was performed."
참고 Context/3. Github Source/regime-adaptive-quantitative-trading-main/regime-adaptive-quantitative-trading-main/output/phase1_nifty_trend.json,UNKNOWN_NEEDS_REVIEW,341,Research Governance,Governance Reviewer,KEEP,SOURCE_MISSING_RECHECK,,FALSE,MISSING_SOURCE_AT_EXECUTION,"A005 listed this external reference path, but it is not present in the current workspace; no delete or move was performed."
참고 Context/3. Github Source/regime-adaptive-quantitative-trading-main/regime-adaptive-quantitative-trading-main/output/phase1_profit_ladders.json,UNKNOWN_NEEDS_REVIEW,1876,Research Governance,Governance Reviewer,KEEP,SOURCE_MISSING_RECHECK,,FALSE,MISSING_SOURCE_AT_EXECUTION,"A005 listed this external reference path, but it is not present in the current workspace; no delete or move was performed."
참고 Context/3. Github Source/regime-adaptive-quantitative-trading-main/regime-adaptive-quantitative-trading-main/output/phase1_vol_adaptive.json,UNKNOWN_NEEDS_REVIEW,627,Research Governance,Governance Reviewer,KEEP,SOURCE_MISSING_RECHECK,,FALSE,MISSING_SOURCE_AT_EXECUTION,"A005 listed this external reference path, but it is not present in the current workspace; no delete or move was performed."
참고 Context/3. Github Source/regime-adaptive-quantitative-trading-main/regime-adaptive-quantitative-trading-main/output/phase2_ensemble.json,UNKNOWN_NEEDS_REVIEW,239,Research Governance,Governance Reviewer,KEEP,SOURCE_MISSING_RECHECK,,FALSE,MISSING_SOURCE_AT_EXECUTION,"A005 listed this external reference path, but it is not present in the current workspace; no delete or move was performed."
참고 Context/3. Github Source/regime-adaptive-quantitative-trading-main/regime-adaptive-quantitative-trading-main/output/phase2_final_config.json,UNKNOWN_NEEDS_REVIEW,673,Research Governance,Governance Reviewer,KEEP,SOURCE_MISSING_RECHECK,,FALSE,MISSING_SOURCE_AT_EXECUTION,"A005 listed this external reference path, but it is not present in the current workspace; no delete or move was performed."
참고 Context/3. Github Source/regime-adaptive-quantitative-trading-main/regime-adaptive-quantitative-trading-main/output/phase2_finetuned.json,UNKNOWN_NEEDS_REVIEW,216,Research Governance,Governance Reviewer,KEEP,SOURCE_MISSING_RECHECK,,FALSE,MISSING_SOURCE_AT_EXECUTION,"A005 listed this external reference path, but it is not present in the current workspace; no delete or move was performed."
참고 Context/3. Github Source/regime-adaptive-quantitative-trading-main/regime-adaptive-quantitative-trading-main/output/phase2_ou_optimal.json,UNKNOWN_NEEDS_REVIEW,2350,Research Governance,Governance Reviewer,KEEP,SOURCE_MISSING_RECHECK,,FALSE,MISSING_SOURCE_AT_EXECUTION,"A005 listed this external reference path, but it is not present in the current workspace; no delete or move was performed."
참고 Context/3. Github Source/regime-adaptive-quantitative-trading-main/regime-adaptive-quantitative-trading-main/output/phase2_regime_switching.json,UNKNOWN_NEEDS_REVIEW,342,Research Governance,Governance Reviewer,KEEP,SOURCE_MISSING_RECHECK,,FALSE,MISSING_SOURCE_AT_EXECUTION,"A005 listed this external reference path, but it is not present in the current workspace; no delete or move was performed."
참고 Context/3. Github Source/regime-adaptive-quantitative-trading-main/regime-adaptive-quantitative-trading-main/output/phase2_walk_forward.json,UNKNOWN_NEEDS_REVIEW,1404,Research Governance,Governance Reviewer,KEEP,SOURCE_MISSING_RECHECK,,FALSE,MISSING_SOURCE_AT_EXECUTION,"A005 listed this external reference path, but it is not present in the current workspace; no delete or move was performed."
참고 Context/3. Github Source/regime-adaptive-quantitative-trading-main/regime-adaptive-quantitative-trading-main/output/phase3_meta_ensemble.json,UNKNOWN_NEEDS_REVIEW,111,Research Governance,Governance Reviewer,KEEP,SOURCE_MISSING_RECHECK,,FALSE,MISSING_SOURCE_AT_EXECUTION,"A005 listed this external reference path, but it is not present in the current workspace; no delete or move was performed."
참고 Context/3. Github Source/regime-adaptive-quantitative-trading-main/regime-adaptive-quantitative-trading-main/output/phase3_portfolio_optimization.json,UNKNOWN_NEEDS_REVIEW,873,Research Governance,Governance Reviewer,KEEP,SOURCE_MISSING_RECHECK,,FALSE,MISSING_SOURCE_AT_EXECUTION,"A005 listed this external reference path, but it is not present in the current workspace; no delete or move was performed."
참고 Context/3. Github Source/regime-adaptive-quantitative-trading-main/regime-adaptive-quantitative-trading-main/output/sharpe_optimized_params.json,UNKNOWN_NEEDS_REVIEW,3751,Research Governance,Governance Reviewer,KEEP,SOURCE_MISSING_RECHECK,,FALSE,MISSING_SOURCE_AT_EXECUTION,"A005 listed this external reference path, but it is not present in the current workspace; no delete or move was performed."
참고 Context/3. Github Source/regime-adaptive-quantitative-trading-main/regime-adaptive-quantitative-trading-main/output/sharpe_optimized_params_phase1.json,UNKNOWN_NEEDS_REVIEW,3751,Research Governance,Governance Reviewer,KEEP,SOURCE_MISSING_RECHECK,,FALSE,MISSING_SOURCE_AT_EXECUTION,"A005 listed this external reference path, but it is not present in the current workspace; no delete or move was performed."
참고 Context/3. Github Source/regime-adaptive-quantitative-trading-main/regime-adaptive-quantitative-trading-main/output/super_optimized_params.json,UNKNOWN_NEEDS_REVIEW,483,Research Governance,Governance Reviewer,KEEP,SOURCE_MISSING_RECHECK,,FALSE,MISSING_SOURCE_AT_EXECUTION,"A005 listed this external reference path, but it is not present in the current workspace; no delete or move was performed."
참고 Context/3. Github Source/regime-adaptive-quantitative-trading-main/regime-adaptive-quantitative-trading-main/output/trade_counts.txt,UNKNOWN_NEEDS_REVIEW,286,Research Governance,Governance Reviewer,KEEP,SOURCE_MISSING_RECHECK,,FALSE,MISSING_SOURCE_AT_EXECUTION,"A005 listed this external reference path, but it is not present in the current workspace; no delete or move was performed."
참고 Context/3. Github Source/regime-adaptive-quantitative-trading-main/regime-adaptive-quantitative-trading-main/phase-implementation-docs/EXECUTIVE_SUMMARY.md,UNKNOWN_NEEDS_REVIEW,7999,Research Governance,Governance Reviewer,KEEP,SOURCE_MISSING_RECHECK,,FALSE,MISSING_SOURCE_AT_EXECUTION,"A005 listed this external reference path, but it is not present in the current workspace; no delete or move was performed."
참고 Context/3. Github Source/regime-adaptive-quantitative-trading-main/regime-adaptive-quantitative-trading-main/phase-implementation-docs/PHASE_1_DOCUMENTATION.md,UNKNOWN_NEEDS_REVIEW,8367,Research Governance,Governance Reviewer,KEEP,SOURCE_MISSING_RECHECK,,FALSE,MISSING_SOURCE_AT_EXECUTION,"A005 listed this external reference path, but it is not present in the current workspace; no delete or move was performed."
참고 Context/3. Github Source/regime-adaptive-quantitative-trading-main/regime-adaptive-quantitative-trading-main/phase-implementation-docs/PHASE_2_DOCUMENTATION.md,UNKNOWN_NEEDS_REVIEW,16183,Research Governance,Governance Reviewer,KEEP,SOURCE_MISSING_RECHECK,,FALSE,MISSING_SOURCE_AT_EXECUTION,"A005 listed this external reference path, but it is not present in the current workspace; no delete or move was performed."
참고 Context/3. Github Source/regime-adaptive-quantitative-trading-main/regime-adaptive-quantitative-trading-main/phase-implementation-docs/PHASE_3_DOCUMENTATION.md,UNKNOWN_NEEDS_REVIEW,10715,Research Governance,Governance Reviewer,KEEP,SOURCE_MISSING_RECHECK,,FALSE,MISSING_SOURCE_AT_EXECUTION,"A005 listed this external reference path, but it is not present in the current workspace; no delete or move was performed."
참고 Context/3. Github Source/regime-adaptive-quantitative-trading-main/regime-adaptive-quantitative-trading-main/phase-implementation-docs/README.md,UNKNOWN_NEEDS_REVIEW,7319,Research Governance,Governance Reviewer,KEEP,SOURCE_MISSING_RECHECK,,FALSE,MISSING_SOURCE_AT_EXECUTION,"A005 listed this external reference path, but it is not present in the current workspace; no delete or move was performed."
참고 Context/3. Github Source/regime-adaptive-quantitative-trading-main/regime-adaptive-quantitative-trading-main/reports/figures/drawdown_chart.png,UNKNOWN_NEEDS_REVIEW,299606,Research Governance,Governance Reviewer,KEEP,SOURCE_MISSING_RECHECK,,FALSE,MISSING_SOURCE_AT_EXECUTION,"A005 listed this external reference path, but it is not present in the current workspace; no delete or move was performed."
참고 Context/3. Github Source/regime-adaptive-quantitative-trading-main/regime-adaptive-quantitative-trading-main/reports/figures/equity_curve_per_symbol.png,UNKNOWN_NEEDS_REVIEW,540893,Research Governance,Governance Reviewer,KEEP,SOURCE_MISSING_RECHECK,,FALSE,MISSING_SOURCE_AT_EXECUTION,"A005 listed this external reference path, but it is not present in the current workspace; no delete or move was performed."
참고 Context/3. Github Source/regime-adaptive-quantitative-trading-main/regime-adaptive-quantitative-trading-main/reports/figures/equity_curve_portfolio.png,UNKNOWN_NEEDS_REVIEW,248437,Research Governance,Governance Reviewer,KEEP,SOURCE_MISSING_RECHECK,,FALSE,MISSING_SOURCE_AT_EXECUTION,"A005 listed this external reference path, but it is not present in the current workspace; no delete or move was performed."
참고 Context/3. Github Source/regime-adaptive-quantitative-trading-main/regime-adaptive-quantitative-trading-main/requirements.txt,UNKNOWN_NEEDS_REVIEW,146,Research Governance,Governance Reviewer,KEEP,SOURCE_MISSING_RECHECK,,FALSE,MISSING_SOURCE_AT_EXECUTION,"A005 listed this external reference path, but it is not present in the current workspace; no delete or move was performed."
참고 Context/3. Github Source/regime-adaptive-quantitative-trading-main/regime-adaptive-quantitative-trading-main/run_nifty_full_optimization.py,UNKNOWN_NEEDS_REVIEW,2412,Research Governance,Governance Reviewer,KEEP,SOURCE_MISSING_RECHECK,,FALSE,MISSING_SOURCE_AT_EXECUTION,"A005 listed this external reference path, but it is not present in the current workspace; no delete or move was performed."
참고 Context/3. Github Source/regime-adaptive-quantitative-trading-main/regime-adaptive-quantitative-trading-main/scripts/check_data_leakage.py,UNKNOWN_NEEDS_REVIEW,1406,Research Governance,Governance Reviewer,KEEP,SOURCE_MISSING_RECHECK,,FALSE,MISSING_SOURCE_AT_EXECUTION,"A005 listed this external reference path, but it is not present in the current workspace; no delete or move was performed."
참고 Context/3. Github Source/regime-adaptive-quantitative-trading-main/regime-adaptive-quantitative-trading-main/scripts/cleanup_docs.py,UNKNOWN_NEEDS_REVIEW,2926,Research Governance,Governance Reviewer,KEEP,SOURCE_MISSING_RECHECK,,FALSE,MISSING_SOURCE_AT_EXECUTION,"A005 listed this external reference path, but it is not present in the current workspace; no delete or move was performed."
참고 Context/3. Github Source/regime-adaptive-quantitative-trading-main/regime-adaptive-quantitative-trading-main/scripts/cleanup_docs_retry.py,UNKNOWN_NEEDS_REVIEW,2574,Research Governance,Governance Reviewer,KEEP,SOURCE_MISSING_RECHECK,,FALSE,MISSING_SOURCE_AT_EXECUTION,"A005 listed this external reference path, but it is not present in the current workspace; no delete or move was performed."
참고 Context/3. Github Source/regime-adaptive-quantitative-trading-main/regime-adaptive-quantitative-trading-main/scripts/generate_final_submission.py,UNKNOWN_NEEDS_REVIEW,5943,Research Governance,Governance Reviewer,KEEP,SOURCE_MISSING_RECHECK,,FALSE,MISSING_SOURCE_AT_EXECUTION,"A005 listed this external reference path, but it is not present in the current workspace; no delete or move was performed."
참고 Context/3. Github Source/regime-adaptive-quantitative-trading-main/regime-adaptive-quantitative-trading-main/scripts/generate_optuna_submission.py,UNKNOWN_NEEDS_REVIEW,5063,Research Governance,Governance Reviewer,KEEP,SOURCE_MISSING_RECHECK,,FALSE,MISSING_SOURCE_AT_EXECUTION,"A005 listed this external reference path, but it is not present in the current workspace; no delete or move was performed."
참고 Context/3. Github Source/regime-adaptive-quantitative-trading-main/regime-adaptive-quantitative-trading-main/scripts/generate_submission_visuals.py,UNKNOWN_NEEDS_REVIEW,5212,Research Governance,Governance Reviewer,KEEP,SOURCE_MISSING_RECHECK,,FALSE,MISSING_SOURCE_AT_EXECUTION,"A005 listed this external reference path, but it is not present in the current workspace; no delete or move was performed."
참고 Context/3. Github Source/regime-adaptive-quantitative-trading-main/regime-adaptive-quantitative-trading-main/scripts/optimize_nifty_mean_reversion.py,UNKNOWN_NEEDS_REVIEW,5076,Research Governance,Governance Reviewer,KEEP,SOURCE_MISSING_RECHECK,,FALSE,MISSING_SOURCE_AT_EXECUTION,"A005 listed this external reference path, but it is not present in the current workspace; no delete or move was performed."
참고 Context/3. Github Source/regime-adaptive-quantitative-trading-main/regime-adaptive-quantitative-trading-main/scripts/optimize_nifty_optuna.py,UNKNOWN_NEEDS_REVIEW,5081,Research Governance,Governance Reviewer,KEEP,SOURCE_MISSING_RECHECK,,FALSE,MISSING_SOURCE_AT_EXECUTION,"A005 listed this external reference path, but it is not present in the current workspace; no delete or move was performed."
참고 Context/3. Github Source/regime-adaptive-quantitative-trading-main/regime-adaptive-quantitative-trading-main/scripts/organize_submission.py,UNKNOWN_NEEDS_REVIEW,2680,Research Governance,Governance Reviewer,KEEP,SOURCE_MISSING_RECHECK,,FALSE,MISSING_SOURCE_AT_EXECUTION,"A005 listed this external reference path, but it is not present in the current workspace; no delete or move was performed."
참고 Context/3. Github Source/regime-adaptive-quantitative-trading-main/regime-adaptive-quantitative-trading-main/scripts/run_full_optimization.py,UNKNOWN_NEEDS_REVIEW,1055,Research Governance,Governance Reviewer,KEEP,SOURCE_MISSING_RECHECK,,FALSE,MISSING_SOURCE_AT_EXECUTION,"A005 listed this external reference path, but it is not present in the current workspace; no delete or move was performed."
참고 Context/3. Github Source/regime-adaptive-quantitative-trading-main/regime-adaptive-quantitative-trading-main/src/legacy/check_data.py,UNKNOWN_NEEDS_REVIEW,789,Research Governance,Governance Reviewer,KEEP,SOURCE_MISSING_RECHECK,,FALSE,MISSING_SOURCE_AT_EXECUTION,"A005 listed this external reference path, but it is not present in the current workspace; no delete or move was performed."
참고 Context/3. Github Source/regime-adaptive-quantitative-trading-main/regime-adaptive-quantitative-trading-main/src/legacy/compliance_checker.py,UNKNOWN_NEEDS_REVIEW,10960,Research Governance,Governance Reviewer,KEEP,SOURCE_MISSING_RECHECK,,FALSE,MISSING_SOURCE_AT_EXECUTION,"A005 listed this external reference path, but it is not present in the current workspace; no delete or move was performed."
참고 Context/3. Github Source/regime-adaptive-quantitative-trading-main/regime-adaptive-quantitative-trading-main/src/legacy/fast_optimizer.py,UNKNOWN_NEEDS_REVIEW,11687,Research Governance,Governance Reviewer,KEEP,SOURCE_MISSING_RECHECK,,FALSE,MISSING_SOURCE_AT_EXECUTION,"A005 listed this external reference path, but it is not present in the current workspace; no delete or move was performed."
참고 Context/3. Github Source/regime-adaptive-quantitative-trading-main/regime-adaptive-quantitative-trading-main/src/legacy/full_backtest.py,UNKNOWN_NEEDS_REVIEW,2402,Research Governance,Governance Reviewer,KEEP,SOURCE_MISSING_RECHECK,,FALSE,MISSING_SOURCE_AT_EXECUTION,"A005 listed this external reference path, but it is not present in the current workspace; no delete or move was performed."
참고 Context/3. Github Source/regime-adaptive-quantitative-trading-main/regime-adaptive-quantitative-trading-main/src/legacy/generate_strategy1_only.py,UNKNOWN_NEEDS_REVIEW,2650,Research Governance,Governance Reviewer,KEEP,SOURCE_MISSING_RECHECK,,FALSE,MISSING_SOURCE_AT_EXECUTION,"A005 listed this external reference path, but it is not present in the current workspace; no delete or move was performed."
참고 Context/3. Github Source/regime-adaptive-quantitative-trading-main/regime-adaptive-quantitative-trading-main/src/legacy/generate_submission.py,UNKNOWN_NEEDS_REVIEW,7145,Research Governance,Governance Reviewer,KEEP,SOURCE_MISSING_RECHECK,,FALSE,MISSING_SOURCE_AT_EXECUTION,"A005 listed this external reference path, but it is not present in the current workspace; no delete or move was performed."
참고 Context/3. Github Source/regime-adaptive-quantitative-trading-main/regime-adaptive-quantitative-trading-main/src/legacy/optimizer.py,UNKNOWN_NEEDS_REVIEW,15803,Research Governance,Governance Reviewer,KEEP,SOURCE_MISSING_RECHECK,,FALSE,MISSING_SOURCE_AT_EXECUTION,"A005 listed this external reference path, but it is not present in the current workspace; no delete or move was performed."
참고 Context/3. Github Source/regime-adaptive-quantitative-trading-main/regime-adaptive-quantitative-trading-main/src/legacy/optimizer_v2.py,UNKNOWN_NEEDS_REVIEW,10982,Research Governance,Governance Reviewer,KEEP,SOURCE_MISSING_RECHECK,,FALSE,MISSING_SOURCE_AT_EXECUTION,"A005 listed this external reference path, but it is not present in the current workspace; no delete or move was performed."
참고 Context/3. Github Source/regime-adaptive-quantitative-trading-main/regime-adaptive-quantitative-trading-main/src/legacy/optimizer_v3.py,UNKNOWN_NEEDS_REVIEW,8236,Research Governance,Governance Reviewer,KEEP,SOURCE_MISSING_RECHECK,,FALSE,MISSING_SOURCE_AT_EXECUTION,"A005 listed this external reference path, but it is not present in the current workspace; no delete or move was performed."
참고 Context/3. Github Source/regime-adaptive-quantitative-trading-main/regime-adaptive-quantitative-trading-main/src/legacy/optimizer_v4_time.py,UNKNOWN_NEEDS_REVIEW,4987,Research Governance,Governance Reviewer,KEEP,SOURCE_MISSING_RECHECK,,FALSE,MISSING_SOURCE_AT_EXECUTION,"A005 listed this external reference path, but it is not present in the current workspace; no delete or move was performed."
참고 Context/3. Github Source/regime-adaptive-quantitative-trading-main/regime-adaptive-quantitative-trading-main/src/legacy/optimizer_v5_hour_filter.py,UNKNOWN_NEEDS_REVIEW,5844,Research Governance,Governance Reviewer,KEEP,SOURCE_MISSING_RECHECK,,FALSE,MISSING_SOURCE_AT_EXECUTION,"A005 listed this external reference path, but it is not present in the current workspace; no delete or move was performed."
참고 Context/3. Github Source/regime-adaptive-quantitative-trading-main/regime-adaptive-quantitative-trading-main/src/legacy/optimizer_v6_9am_looser.py,UNKNOWN_NEEDS_REVIEW,6423,Research Governance,Governance Reviewer,KEEP,SOURCE_MISSING_RECHECK,,FALSE,MISSING_SOURCE_AT_EXECUTION,"A005 listed this external reference path, but it is not present in the current workspace; no delete or move was performed."
참고 Context/3. Github Source/regime-adaptive-quantitative-trading-main/regime-adaptive-quantitative-trading-main/src/legacy/per_symbol_optimizer.py,UNKNOWN_NEEDS_REVIEW,14808,Research Governance,Governance Reviewer,KEEP,SOURCE_MISSING_RECHECK,,FALSE,MISSING_SOURCE_AT_EXECUTION,"A005 listed this external reference path, but it is not present in the current workspace; no delete or move was performed."
참고 Context/3. Github Source/regime-adaptive-quantitative-trading-main/regime-adaptive-quantitative-trading-main/src/legacy/portfolio_manager.py,UNKNOWN_NEEDS_REVIEW,12603,Research Governance,Governance Reviewer,KEEP,SOURCE_MISSING_RECHECK,,FALSE,MISSING_SOURCE_AT_EXECUTION,"A005 listed this external reference path, but it is not present in the current workspace; no delete or move was performed."
참고 Context/3. Github Source/regime-adaptive-quantitative-trading-main/regime-adaptive-quantitative-trading-main/src/legacy/quick_test.py,UNKNOWN_NEEDS_REVIEW,907,Research Governance,Governance Reviewer,KEEP,SOURCE_MISSING_RECHECK,,FALSE,MISSING_SOURCE_AT_EXECUTION,"A005 listed this external reference path, but it is not present in the current workspace; no delete or move was performed."
참고 Context/3. Github Source/regime-adaptive-quantitative-trading-main/regime-adaptive-quantitative-trading-main/src/legacy/strategy1_rsi2_meanrev.py,UNKNOWN_NEEDS_REVIEW,17945,Research Governance,Governance Reviewer,KEEP,SOURCE_MISSING_RECHECK,,FALSE,MISSING_SOURCE_AT_EXECUTION,"A005 listed this external reference path, but it is not present in the current workspace; no delete or move was performed."
참고 Context/3. Github Source/regime-adaptive-quantitative-trading-main/regime-adaptive-quantitative-trading-main/src/legacy/strategy_donchian.py,UNKNOWN_NEEDS_REVIEW,13538,Research Governance,Governance Reviewer,KEEP,SOURCE_MISSING_RECHECK,,FALSE,MISSING_SOURCE_AT_EXECUTION,"A005 listed this external reference path, but it is not present in the current workspace; no delete or move was performed."
참고 Context/3. Github Source/regime-adaptive-quantitative-trading-main/regime-adaptive-quantitative-trading-main/src/legacy/submission_generator_optimized.py,UNKNOWN_NEEDS_REVIEW,9964,Research Governance,Governance Reviewer,KEEP,SOURCE_MISSING_RECHECK,,FALSE,MISSING_SOURCE_AT_EXECUTION,"A005 listed this external reference path, but it is not present in the current workspace; no delete or move was performed."
참고 Context/3. Github Source/regime-adaptive-quantitative-trading-main/regime-adaptive-quantitative-trading-main/src/legacy/test_donchian.py,UNKNOWN_NEEDS_REVIEW,2068,Research Governance,Governance Reviewer,KEEP,SOURCE_MISSING_RECHECK,,FALSE,MISSING_SOURCE_AT_EXECUTION,"A005 listed this external reference path, but it is not present in the current workspace; no delete or move was performed."
참고 Context/3. Github Source/regime-adaptive-quantitative-trading-main/regime-adaptive-quantitative-trading-main/src/legacy/test_strategy.py,UNKNOWN_NEEDS_REVIEW,11466,Research Governance,Governance Reviewer,KEEP,SOURCE_MISSING_RECHECK,,FALSE,MISSING_SOURCE_AT_EXECUTION,"A005 listed this external reference path, but it is not present in the current workspace; no delete or move was performed."
참고 Context/3. Github Source/regime-adaptive-quantitative-trading-main/regime-adaptive-quantitative-trading-main/src/legacy/walk_forward_validation.py,UNKNOWN_NEEDS_REVIEW,10334,Research Governance,Governance Reviewer,KEEP,SOURCE_MISSING_RECHECK,,FALSE,MISSING_SOURCE_AT_EXECUTION,"A005 listed this external reference path, but it is not present in the current workspace; no delete or move was performed."
참고 Context/3. Github Source/regime-adaptive-quantitative-trading-main/regime-adaptive-quantitative-trading-main/src/optimization/__init__.py,UNKNOWN_NEEDS_REVIEW,22,Research Governance,Governance Reviewer,KEEP,SOURCE_MISSING_RECHECK,,FALSE,MISSING_SOURCE_AT_EXECUTION,"A005 listed this external reference path, but it is not present in the current workspace; no delete or move was performed."
참고 Context/3. Github Source/regime-adaptive-quantitative-trading-main/regime-adaptive-quantitative-trading-main/src/optimization/objective_functions.py,UNKNOWN_NEEDS_REVIEW,4418,Research Governance,Governance Reviewer,KEEP,SOURCE_MISSING_RECHECK,,FALSE,MISSING_SOURCE_AT_EXECUTION,"A005 listed this external reference path, but it is not present in the current workspace; no delete or move was performed."
참고 Context/3. Github Source/regime-adaptive-quantitative-trading-main/regime-adaptive-quantitative-trading-main/src/optimization/parallel_optimizer.py,UNKNOWN_NEEDS_REVIEW,4005,Research Governance,Governance Reviewer,KEEP,SOURCE_MISSING_RECHECK,,FALSE,MISSING_SOURCE_AT_EXECUTION,"A005 listed this external reference path, but it is not present in the current workspace; no delete or move was performed."
참고 Context/3. Github Source/regime-adaptive-quantitative-trading-main/regime-adaptive-quantitative-trading-main/src/optimization/parameter_space.py,UNKNOWN_NEEDS_REVIEW,4351,Research Governance,Governance Reviewer,KEEP,SOURCE_MISSING_RECHECK,,FALSE,MISSING_SOURCE_AT_EXECUTION,"A005 listed this external reference path, but it is not present in the current workspace; no delete or move was performed."
참고 Context/3. Github Source/regime-adaptive-quantitative-trading-main/regime-adaptive-quantitative-trading-main/src/optimizers/deep_optimizer.py,UNKNOWN_NEEDS_REVIEW,7709,Research Governance,Governance Reviewer,KEEP,SOURCE_MISSING_RECHECK,,FALSE,MISSING_SOURCE_AT_EXECUTION,"A005 listed this external reference path, but it is not present in the current workspace; no delete or move was performed."
참고 Context/3. Github Source/regime-adaptive-quantitative-trading-main/regime-adaptive-quantitative-trading-main/src/optimizers/fast_optimizer.py,UNKNOWN_NEEDS_REVIEW,10145,Research Governance,Governance Reviewer,KEEP,SOURCE_MISSING_RECHECK,,FALSE,MISSING_SOURCE_AT_EXECUTION,"A005 listed this external reference path, but it is not present in the current workspace; no delete or move was performed."
참고 Context/3. Github Source/regime-adaptive-quantitative-trading-main/regime-adaptive-quantitative-trading-main/src/optimizers/fix_nifty50.py,UNKNOWN_NEEDS_REVIEW,4528,Research Governance,Governance Reviewer,KEEP,SOURCE_MISSING_RECHECK,,FALSE,MISSING_SOURCE_AT_EXECUTION,"A005 listed this external reference path, but it is not present in the current workspace; no delete or move was performed."
참고 Context/3. Github Source/regime-adaptive-quantitative-trading-main/regime-adaptive-quantitative-trading-main/src/optimizers/sharpe_optimizer.py,UNKNOWN_NEEDS_REVIEW,12904,Research Governance,Governance Reviewer,KEEP,SOURCE_MISSING_RECHECK,,FALSE,MISSING_SOURCE_AT_EXECUTION,"A005 listed this external reference path, but it is not present in the current workspace; no delete or move was performed."
참고 Context/3. Github Source/regime-adaptive-quantitative-trading-main/regime-adaptive-quantitative-trading-main/src/optimizers/super_optimize.py,UNKNOWN_NEEDS_REVIEW,6834,Research Governance,Governance Reviewer,KEEP,SOURCE_MISSING_RECHECK,,FALSE,MISSING_SOURCE_AT_EXECUTION,"A005 listed this external reference path, but it is not present in the current workspace; no delete or move was performed."
참고 Context/3. Github Source/regime-adaptive-quantitative-trading-main/regime-adaptive-quantitative-trading-main/src/optimizers/test_alternatives.py,UNKNOWN_NEEDS_REVIEW,5323,Research Governance,Governance Reviewer,KEEP,SOURCE_MISSING_RECHECK,,FALSE,MISSING_SOURCE_AT_EXECUTION,"A005 listed this external reference path, but it is not present in the current workspace; no delete or move was performed."
참고 Context/3. Github Source/regime-adaptive-quantitative-trading-main/regime-adaptive-quantitative-trading-main/src/optimizers/tune_trend_params.py,UNKNOWN_NEEDS_REVIEW,3457,Research Governance,Governance Reviewer,KEEP,SOURCE_MISSING_RECHECK,,FALSE,MISSING_SOURCE_AT_EXECUTION,"A005 listed this external reference path, but it is not present in the current workspace; no delete or move was performed."
참고 Context/3. Github Source/regime-adaptive-quantitative-trading-main/regime-adaptive-quantitative-trading-main/src/optimizers/ultra_fine_tune.py,UNKNOWN_NEEDS_REVIEW,7493,Research Governance,Governance Reviewer,KEEP,SOURCE_MISSING_RECHECK,,FALSE,MISSING_SOURCE_AT_EXECUTION,"A005 listed this external reference path, but it is not present in the current workspace; no delete or move was performed."
참고 Context/3. Github Source/regime-adaptive-quantitative-trading-main/regime-adaptive-quantitative-trading-main/src/strategies/adaptive_bb_strategy.py,UNKNOWN_NEEDS_REVIEW,8077,Research Governance,Governance Reviewer,KEEP,SOURCE_MISSING_RECHECK,,FALSE,MISSING_SOURCE_AT_EXECUTION,"A005 listed this external reference path, but it is not present in the current workspace; no delete or move was performed."
참고 Context/3. Github Source/regime-adaptive-quantitative-trading-main/regime-adaptive-quantitative-trading-main/src/strategies/enhanced_regime_strategy.py,UNKNOWN_NEEDS_REVIEW,8822,Research Governance,Governance Reviewer,KEEP,SOURCE_MISSING_RECHECK,,FALSE,MISSING_SOURCE_AT_EXECUTION,"A005 listed this external reference path, but it is not present in the current workspace; no delete or move was performed."
참고 Context/3. Github Source/regime-adaptive-quantitative-trading-main/regime-adaptive-quantitative-trading-main/src/strategies/ensemble_combination.py,UNKNOWN_NEEDS_REVIEW,10808,Research Governance,Governance Reviewer,KEEP,SOURCE_MISSING_RECHECK,,FALSE,MISSING_SOURCE_AT_EXECUTION,"A005 listed this external reference path, but it is not present in the current workspace; no delete or move was performed."
참고 Context/3. Github Source/regime-adaptive-quantitative-trading-main/regime-adaptive-quantitative-trading-main/src/strategies/ensemble_wrapper.py,UNKNOWN_NEEDS_REVIEW,12779,Research Governance,Governance Reviewer,KEEP,SOURCE_MISSING_RECHECK,,FALSE,MISSING_SOURCE_AT_EXECUTION,"A005 listed this external reference path, but it is not present in the current workspace; no delete or move was performed."
참고 Context/3. Github Source/regime-adaptive-quantitative-trading-main/regime-adaptive-quantitative-trading-main/src/strategies/hybrid_adaptive.py,UNKNOWN_NEEDS_REVIEW,13327,Research Governance,Governance Reviewer,KEEP,SOURCE_MISSING_RECHECK,,FALSE,MISSING_SOURCE_AT_EXECUTION,"A005 listed this external reference path, but it is not present in the current workspace; no delete or move was performed."
참고 Context/3. Github Source/regime-adaptive-quantitative-trading-main/regime-adaptive-quantitative-trading-main/src/strategies/hybrid_adaptive_v2.py,UNKNOWN_NEEDS_REVIEW,15144,Research Governance,Governance Reviewer,KEEP,SOURCE_MISSING_RECHECK,,FALSE,MISSING_SOURCE_AT_EXECUTION,"A005 listed this external reference path, but it is not present in the current workspace; no delete or move was performed."
참고 Context/3. Github Source/regime-adaptive-quantitative-trading-main/regime-adaptive-quantitative-trading-main/src/strategies/momentum_strategy.py,UNKNOWN_NEEDS_REVIEW,7934,Research Governance,Governance Reviewer,KEEP,SOURCE_MISSING_RECHECK,,FALSE,MISSING_SOURCE_AT_EXECUTION,"A005 listed this external reference path, but it is not present in the current workspace; no delete or move was performed."
참고 Context/3. Github Source/regime-adaptive-quantitative-trading-main/regime-adaptive-quantitative-trading-main/src/strategies/nifty_mean_reversion.py,UNKNOWN_NEEDS_REVIEW,6183,Research Governance,Governance Reviewer,KEEP,SOURCE_MISSING_RECHECK,,FALSE,MISSING_SOURCE_AT_EXECUTION,"A005 listed this external reference path, but it is not present in the current workspace; no delete or move was performed."
참고 Context/3. Github Source/regime-adaptive-quantitative-trading-main/regime-adaptive-quantitative-trading-main/src/strategies/nifty_minimal_loss.py,UNKNOWN_NEEDS_REVIEW,3868,Research Governance,Governance Reviewer,KEEP,SOURCE_MISSING_RECHECK,,FALSE,MISSING_SOURCE_AT_EXECUTION,"A005 listed this external reference path, but it is not present in the current workspace; no delete or move was performed."
참고 Context/3. Github Source/regime-adaptive-quantitative-trading-main/regime-adaptive-quantitative-trading-main/src/strategies/nifty_momentum_breakthrough.py,UNKNOWN_NEEDS_REVIEW,9575,Research Governance,Governance Reviewer,KEEP,SOURCE_MISSING_RECHECK,,FALSE,MISSING_SOURCE_AT_EXECUTION,"A005 listed this external reference path, but it is not present in the current workspace; no delete or move was performed."
참고 Context/3. Github Source/regime-adaptive-quantitative-trading-main/regime-adaptive-quantitative-trading-main/src/strategies/nifty_trend_ladder.py,UNKNOWN_NEEDS_REVIEW,14590,Research Governance,Governance Reviewer,KEEP,SOURCE_MISSING_RECHECK,,FALSE,MISSING_SOURCE_AT_EXECUTION,"A005 listed this external reference path, but it is not present in the current workspace; no delete or move was performed."
참고 Context/3. Github Source/regime-adaptive-quantitative-trading-main/regime-adaptive-quantitative-trading-main/src/strategies/nifty_trend_strategy.py,UNKNOWN_NEEDS_REVIEW,11851,Research Governance,Governance Reviewer,KEEP,SOURCE_MISSING_RECHECK,,FALSE,MISSING_SOURCE_AT_EXECUTION,"A005 listed this external reference path, but it is not present in the current workspace; no delete or move was performed."
참고 Context/3. Github Source/regime-adaptive-quantitative-trading-main/regime-adaptive-quantitative-trading-main/src/strategies/pairs_trading_strategy.py,UNKNOWN_NEEDS_REVIEW,7419,Research Governance,Governance Reviewer,KEEP,SOURCE_MISSING_RECHECK,,FALSE,MISSING_SOURCE_AT_EXECUTION,"A005 listed this external reference path, but it is not present in the current workspace; no delete or move was performed."
참고 Context/3. Github Source/regime-adaptive-quantitative-trading-main/regime-adaptive-quantitative-trading-main/src/strategies/regime_switching_strategy.py,UNKNOWN_NEEDS_REVIEW,12977,Research Governance,Governance Reviewer,KEEP,SOURCE_MISSING_RECHECK,,FALSE,MISSING_SOURCE_AT_EXECUTION,"A005 listed this external reference path, but it is not present in the current workspace; no delete or move was performed."
참고 Context/3. Github Source/regime-adaptive-quantitative-trading-main/regime-adaptive-quantitative-trading-main/src/strategies/seasonality_strategy.py,UNKNOWN_NEEDS_REVIEW,7320,Research Governance,Governance Reviewer,KEEP,SOURCE_MISSING_RECHECK,,FALSE,MISSING_SOURCE_AT_EXECUTION,"A005 listed this external reference path, but it is not present in the current workspace; no delete or move was performed."
참고 Context/3. Github Source/regime-adaptive-quantitative-trading-main/regime-adaptive-quantitative-trading-main/src/strategies/stat_arb_strategy.py,UNKNOWN_NEEDS_REVIEW,8387,Research Governance,Governance Reviewer,KEEP,SOURCE_MISSING_RECHECK,,FALSE,MISSING_SOURCE_AT_EXECUTION,"A005 listed this external reference path, but it is not present in the current workspace; no delete or move was performed."
참고 Context/3. Github Source/regime-adaptive-quantitative-trading-main/regime-adaptive-quantitative-trading-main/src/strategies/strategy_trend.py,UNKNOWN_NEEDS_REVIEW,10457,Research Governance,Governance Reviewer,KEEP,SOURCE_MISSING_RECHECK,,FALSE,MISSING_SOURCE_AT_EXECUTION,"A005 listed this external reference path, but it is not present in the current workspace; no delete or move was performed."
참고 Context/3. Github Source/regime-adaptive-quantitative-trading-main/regime-adaptive-quantitative-trading-main/src/strategies/vol_adaptive_rsi.py,UNKNOWN_NEEDS_REVIEW,12670,Research Governance,Governance Reviewer,KEEP,SOURCE_MISSING_RECHECK,,FALSE,MISSING_SOURCE_AT_EXECUTION,"A005 listed this external reference path, but it is not present in the current workspace; no delete or move was performed."
참고 Context/3. Github Source/regime-adaptive-quantitative-trading-main/regime-adaptive-quantitative-trading-main/src/strategies/vol_breakout_strategy.py,UNKNOWN_NEEDS_REVIEW,8192,Research Governance,Governance Reviewer,KEEP,SOURCE_MISSING_RECHECK,,FALSE,MISSING_SOURCE_AT_EXECUTION,"A005 listed this external reference path, but it is not present in the current workspace; no delete or move was performed."
참고 Context/3. Github Source/regime-adaptive-quantitative-trading-main/regime-adaptive-quantitative-trading-main/src/strategies/volatility_regime_strategy.py,UNKNOWN_NEEDS_REVIEW,8896,Research Governance,Governance Reviewer,KEEP,SOURCE_MISSING_RECHECK,,FALSE,MISSING_SOURCE_AT_EXECUTION,"A005 listed this external reference path, but it is not present in the current workspace; no delete or move was performed."
참고 Context/3. Github Source/regime-adaptive-quantitative-trading-main/regime-adaptive-quantitative-trading-main/src/strategies/volume_momentum_strategy.py,UNKNOWN_NEEDS_REVIEW,7514,Research Governance,Governance Reviewer,KEEP,SOURCE_MISSING_RECHECK,,FALSE,MISSING_SOURCE_AT_EXECUTION,"A005 listed this external reference path, but it is not present in the current workspace; no delete or move was performed."
참고 Context/3. Github Source/regime-adaptive-quantitative-trading-main/regime-adaptive-quantitative-trading-main/src/strategies/volume_quality_filter.py,UNKNOWN_NEEDS_REVIEW,7861,Research Governance,Governance Reviewer,KEEP,SOURCE_MISSING_RECHECK,,FALSE,MISSING_SOURCE_AT_EXECUTION,"A005 listed this external reference path, but it is not present in the current workspace; no delete or move was performed."
참고 Context/3. Github Source/regime-adaptive-quantitative-trading-main/regime-adaptive-quantitative-trading-main/src/strategies/yesbank_emergency.py,UNKNOWN_NEEDS_REVIEW,5140,Research Governance,Governance Reviewer,KEEP,SOURCE_MISSING_RECHECK,,FALSE,MISSING_SOURCE_AT_EXECUTION,"A005 listed this external reference path, but it is not present in the current workspace; no delete or move was performed."
참고 Context/3. Github Source/regime-adaptive-quantitative-trading-main/regime-adaptive-quantitative-trading-main/src/submission/ensemble_submission_generator.py,UNKNOWN_NEEDS_REVIEW,5609,Research Governance,Governance Reviewer,KEEP,SOURCE_MISSING_RECHECK,,FALSE,MISSING_SOURCE_AT_EXECUTION,"A005 listed this external reference path, but it is not present in the current workspace; no delete or move was performed."
참고 Context/3. Github Source/regime-adaptive-quantitative-trading-main/regime-adaptive-quantitative-trading-main/src/submission/final_optuna_submission_generator.py,UNKNOWN_NEEDS_REVIEW,7687,Research Governance,Governance Reviewer,KEEP,SOURCE_MISSING_RECHECK,,FALSE,MISSING_SOURCE_AT_EXECUTION,"A005 listed this external reference path, but it is not present in the current workspace; no delete or move was performed."
참고 Context/3. Github Source/regime-adaptive-quantitative-trading-main/regime-adaptive-quantitative-trading-main/src/submission/sharpe_submission_generator.py,UNKNOWN_NEEDS_REVIEW,5297,Research Governance,Governance Reviewer,KEEP,SOURCE_MISSING_RECHECK,,FALSE,MISSING_SOURCE_AT_EXECUTION,"A005 listed this external reference path, but it is not present in the current workspace; no delete or move was performed."
참고 Context/3. Github Source/regime-adaptive-quantitative-trading-main/regime-adaptive-quantitative-trading-main/src/submission/submission_generator.py,UNKNOWN_NEEDS_REVIEW,8949,Research Governance,Governance Reviewer,KEEP,SOURCE_MISSING_RECHECK,,FALSE,MISSING_SOURCE_AT_EXECUTION,"A005 listed this external reference path, but it is not present in the current workspace; no delete or move was performed."
참고 Context/3. Github Source/regime-adaptive-quantitative-trading-main/regime-adaptive-quantitative-trading-main/src/submission/winning_submission_generator.py,UNKNOWN_NEEDS_REVIEW,7608,Research Governance,Governance Reviewer,KEEP,SOURCE_MISSING_RECHECK,,FALSE,MISSING_SOURCE_AT_EXECUTION,"A005 listed this external reference path, but it is not present in the current workspace; no delete or move was performed."
참고 Context/3. Github Source/regime-adaptive-quantitative-trading-main/regime-adaptive-quantitative-trading-main/src/utils/adaptive_hold.py,UNKNOWN_NEEDS_REVIEW,1809,Research Governance,Governance Reviewer,KEEP,SOURCE_MISSING_RECHECK,,FALSE,MISSING_SOURCE_AT_EXECUTION,"A005 listed this external reference path, but it is not present in the current workspace; no delete or move was performed."
참고 Context/3. Github Source/regime-adaptive-quantitative-trading-main/regime-adaptive-quantitative-trading-main/src/utils/indicators.py,UNKNOWN_NEEDS_REVIEW,2019,Research Governance,Governance Reviewer,KEEP,SOURCE_MISSING_RECHECK,,FALSE,MISSING_SOURCE_AT_EXECUTION,"A005 listed this external reference path, but it is not present in the current workspace; no delete or move was performed."
참고 Context/3. Github Source/regime-adaptive-quantitative-trading-main/regime-adaptive-quantitative-trading-main/src/utils/kelly_position_sizing.py,UNKNOWN_NEEDS_REVIEW,6741,Research Governance,Governance Reviewer,KEEP,SOURCE_MISSING_RECHECK,,FALSE,MISSING_SOURCE_AT_EXECUTION,"A005 listed this external reference path, but it is not present in the current workspace; no delete or move was performed."
참고 Context/3. Github Source/regime-adaptive-quantitative-trading-main/regime-adaptive-quantitative-trading-main/src/utils/multi_timeframe.py,UNKNOWN_NEEDS_REVIEW,2271,Research Governance,Governance Reviewer,KEEP,SOURCE_MISSING_RECHECK,,FALSE,MISSING_SOURCE_AT_EXECUTION,"A005 listed this external reference path, but it is not present in the current workspace; no delete or move was performed."
참고 Context/3. Github Source/regime-adaptive-quantitative-trading-main/regime-adaptive-quantitative-trading-main/src/utils/ou_optimal_thresholds.py,UNKNOWN_NEEDS_REVIEW,10033,Research Governance,Governance Reviewer,KEEP,SOURCE_MISSING_RECHECK,,FALSE,MISSING_SOURCE_AT_EXECUTION,"A005 listed this external reference path, but it is not present in the current workspace; no delete or move was performed."
참고 Context/3. Github Source/regime-adaptive-quantitative-trading-main/regime-adaptive-quantitative-trading-main/src/utils/position_sizing.py,UNKNOWN_NEEDS_REVIEW,3255,Research Governance,Governance Reviewer,KEEP,SOURCE_MISSING_RECHECK,,FALSE,MISSING_SOURCE_AT_EXECUTION,"A005 listed this external reference path, but it is not present in the current workspace; no delete or move was performed."
참고 Context/3. Github Source/regime-adaptive-quantitative-trading-main/regime-adaptive-quantitative-trading-main/src/utils/profit_ladder.py,UNKNOWN_NEEDS_REVIEW,3015,Research Governance,Governance Reviewer,KEEP,SOURCE_MISSING_RECHECK,,FALSE,MISSING_SOURCE_AT_EXECUTION,"A005 listed this external reference path, but it is not present in the current workspace; no delete or move was performed."
참고 Context/3. Github Source/regime-adaptive-quantitative-trading-main/regime-adaptive-quantitative-trading-main/src/utils/regime_detection.py,UNKNOWN_NEEDS_REVIEW,2795,Research Governance,Governance Reviewer,KEEP,SOURCE_MISSING_RECHECK,,FALSE,MISSING_SOURCE_AT_EXECUTION,"A005 listed this external reference path, but it is not present in the current workspace; no delete or move was performed."
참고 Context/3. Github Source/regime-adaptive-quantitative-trading-main/regime-adaptive-quantitative-trading-main/src/utils/walk_forward_validation.py,UNKNOWN_NEEDS_REVIEW,10053,Research Governance,Governance Reviewer,KEEP,SOURCE_MISSING_RECHECK,,FALSE,MISSING_SOURCE_AT_EXECUTION,"A005 listed this external reference path, but it is not present in the current workspace; no delete or move was performed."
참고 Context/3. Github Source/regime-adaptive-quantitative-trading-main/regime-adaptive-quantitative-trading-main/src/validation/verify_outliers.py,UNKNOWN_NEEDS_REVIEW,3215,Research Governance,Governance Reviewer,KEEP,SOURCE_MISSING_RECHECK,,FALSE,MISSING_SOURCE_AT_EXECUTION,"A005 listed this external reference path, but it is not present in the current workspace; no delete or move was performed."
참고 Context/3. Github Source/regime-adaptive-quantitative-trading-main/regime-adaptive-quantitative-trading-main/submission/submission_1/23ME3EP03_NSE_NIFTY50-INDEX_trades.csv,UNKNOWN_NEEDS_REVIEW,15633,Research Governance,Governance Reviewer,KEEP,SOURCE_MISSING_RECHECK,,FALSE,MISSING_SOURCE_AT_EXECUTION,"A005 listed this external reference path, but it is not present in the current workspace; no delete or move was performed."
참고 Context/3. Github Source/regime-adaptive-quantitative-trading-main/regime-adaptive-quantitative-trading-main/submission/submission_1/23ME3EP03_NSE_RELIANCE-EQ_trades.csv,UNKNOWN_NEEDS_REVIEW,14646,Research Governance,Governance Reviewer,KEEP,SOURCE_MISSING_RECHECK,,FALSE,MISSING_SOURCE_AT_EXECUTION,"A005 listed this external reference path, but it is not present in the current workspace; no delete or move was performed."
참고 Context/3. Github Source/regime-adaptive-quantitative-trading-main/regime-adaptive-quantitative-trading-main/submission/submission_1/23ME3EP03_NSE_SUNPHARMA-EQ_trades.csv,UNKNOWN_NEEDS_REVIEW,15466,Research Governance,Governance Reviewer,KEEP,SOURCE_MISSING_RECHECK,,FALSE,MISSING_SOURCE_AT_EXECUTION,"A005 listed this external reference path, but it is not present in the current workspace; no delete or move was performed."
참고 Context/3. Github Source/regime-adaptive-quantitative-trading-main/regime-adaptive-quantitative-trading-main/submission/submission_1/23ME3EP03_NSE_VBL-EQ_trades.csv,UNKNOWN_NEEDS_REVIEW,13781,Research Governance,Governance Reviewer,KEEP,SOURCE_MISSING_RECHECK,,FALSE,MISSING_SOURCE_AT_EXECUTION,"A005 listed this external reference path, but it is not present in the current workspace; no delete or move was performed."
참고 Context/3. Github Source/regime-adaptive-quantitative-trading-main/regime-adaptive-quantitative-trading-main/submission/submission_1/23ME3EP03_NSE_YESBANK-EQ_trades.csv,UNKNOWN_NEEDS_REVIEW,14927,Research Governance,Governance Reviewer,KEEP,SOURCE_MISSING_RECHECK,,FALSE,MISSING_SOURCE_AT_EXECUTION,"A005 listed this external reference path, but it is not present in the current workspace; no delete or move was performed."
참고 Context/3. Github Source/regime-adaptive-quantitative-trading-main/regime-adaptive-quantitative-trading-main/submission/submission_1/FINAL_SUBMISSION.csv,UNKNOWN_NEEDS_REVIEW,73765,Research Governance,Governance Reviewer,KEEP,SOURCE_MISSING_RECHECK,,FALSE,MISSING_SOURCE_AT_EXECUTION,"A005 listed this external reference path, but it is not present in the current workspace; no delete or move was performed."
참고 Context/3. Github Source/regime-adaptive-quantitative-trading-main/regime-adaptive-quantitative-trading-main/submission/submission_3/README.md,UNKNOWN_NEEDS_REVIEW,4408,Research Governance,Governance Reviewer,KEEP,SOURCE_MISSING_RECHECK,,FALSE,MISSING_SOURCE_AT_EXECUTION,"A005 listed this external reference path, but it is not present in the current workspace; no delete or move was performed."
참고 Context/3. Github Source/regime-adaptive-quantitative-trading-main/regime-adaptive-quantitative-trading-main/submission/submission_3/STRATEGY3_NSE_NIFTY50-INDEX_trades.csv,UNKNOWN_NEEDS_REVIEW,18625,Research Governance,Governance Reviewer,KEEP,SOURCE_MISSING_RECHECK,,FALSE,MISSING_SOURCE_AT_EXECUTION,"A005 listed this external reference path, but it is not present in the current workspace; no delete or move was performed."
참고 Context/3. Github Source/regime-adaptive-quantitative-trading-main/regime-adaptive-quantitative-trading-main/submission/submission_3/STRATEGY3_NSE_RELIANCE-EQ_trades.csv,UNKNOWN_NEEDS_REVIEW,16584,Research Governance,Governance Reviewer,KEEP,SOURCE_MISSING_RECHECK,,FALSE,MISSING_SOURCE_AT_EXECUTION,"A005 listed this external reference path, but it is not present in the current workspace; no delete or move was performed."
참고 Context/3. Github Source/regime-adaptive-quantitative-trading-main/regime-adaptive-quantitative-trading-main/submission/submission_3/STRATEGY3_NSE_SUNPHARMA-EQ_trades.csv,UNKNOWN_NEEDS_REVIEW,17487,Research Governance,Governance Reviewer,KEEP,SOURCE_MISSING_RECHECK,,FALSE,MISSING_SOURCE_AT_EXECUTION,"A005 listed this external reference path, but it is not present in the current workspace; no delete or move was performed."
참고 Context/3. Github Source/regime-adaptive-quantitative-trading-main/regime-adaptive-quantitative-trading-main/submission/submission_3/STRATEGY3_NSE_VBL-EQ_trades.csv,UNKNOWN_NEEDS_REVIEW,36451,Research Governance,Governance Reviewer,KEEP,SOURCE_MISSING_RECHECK,,FALSE,MISSING_SOURCE_AT_EXECUTION,"A005 listed this external reference path, but it is not present in the current workspace; no delete or move was performed."
참고 Context/3. Github Source/regime-adaptive-quantitative-trading-main/regime-adaptive-quantitative-trading-main/submission/submission_3/STRATEGY3_NSE_YESBANK-EQ_trades.csv,UNKNOWN_NEEDS_REVIEW,16891,Research Governance,Governance Reviewer,KEEP,SOURCE_MISSING_RECHECK,,FALSE,MISSING_SOURCE_AT_EXECUTION,"A005 listed this external reference path, but it is not present in the current workspace; no delete or move was performed."
참고 Context/3. Github Source/regime-adaptive-quantitative-trading-main/regime-adaptive-quantitative-trading-main/submission/submission_3/STRATEGY_3_LOGIC.md,UNKNOWN_NEEDS_REVIEW,12249,Research Governance,Governance Reviewer,KEEP,SOURCE_MISSING_RECHECK,,FALSE,MISSING_SOURCE_AT_EXECUTION,"A005 listed this external reference path, but it is not present in the current workspace; no delete or move was performed."
참고 Context/3. Github Source/regime-adaptive-quantitative-trading-main/regime-adaptive-quantitative-trading-main/submission/submission_3/SUBMISSION_CHECKLIST.md,UNKNOWN_NEEDS_REVIEW,813,Research Governance,Governance Reviewer,KEEP,SOURCE_MISSING_RECHECK,,FALSE,MISSING_SOURCE_AT_EXECUTION,"A005 listed this external reference path, but it is not present in the current workspace; no delete or move was performed."
참고 Context/3. Github Source/regime-adaptive-quantitative-trading-main/regime-adaptive-quantitative-trading-main/submission/submission_3/SUBMISSION_GUIDE.md,UNKNOWN_NEEDS_REVIEW,5520,Research Governance,Governance Reviewer,KEEP,SOURCE_MISSING_RECHECK,,FALSE,MISSING_SOURCE_AT_EXECUTION,"A005 listed this external reference path, but it is not present in the current workspace; no delete or move was performed."
참고 Context/3. Github Source/regime-adaptive-quantitative-trading-main/regime-adaptive-quantitative-trading-main/submission/submission_3/VALIDATION_REPORT.json,UNKNOWN_NEEDS_REVIEW,1565,Research Governance,Governance Reviewer,KEEP,SOURCE_MISSING_RECHECK,,FALSE,MISSING_SOURCE_AT_EXECUTION,"A005 listed this external reference path, but it is not present in the current workspace; no delete or move was performed."
참고 Context/3. Github Source/regime-adaptive-quantitative-trading-main/regime-adaptive-quantitative-trading-main/submission/submission_4/README.md,UNKNOWN_NEEDS_REVIEW,4804,Research Governance,Governance Reviewer,KEEP,SOURCE_MISSING_RECHECK,,FALSE,MISSING_SOURCE_AT_EXECUTION,"A005 listed this external reference path, but it is not present in the current workspace; no delete or move was performed."
참고 Context/3. Github Source/regime-adaptive-quantitative-trading-main/regime-adaptive-quantitative-trading-main/submission/submission_4/STRATEGY4_NSE_NIFTY50-INDEX_trades.csv,UNKNOWN_NEEDS_REVIEW,18620,Research Governance,Governance Reviewer,KEEP,SOURCE_MISSING_RECHECK,,FALSE,MISSING_SOURCE_AT_EXECUTION,"A005 listed this external reference path, but it is not present in the current workspace; no delete or move was performed."
참고 Context/3. Github Source/regime-adaptive-quantitative-trading-main/regime-adaptive-quantitative-trading-main/submission/submission_4/STRATEGY4_NSE_RELIANCE-EQ_trades.csv,UNKNOWN_NEEDS_REVIEW,16584,Research Governance,Governance Reviewer,KEEP,SOURCE_MISSING_RECHECK,,FALSE,MISSING_SOURCE_AT_EXECUTION,"A005 listed this external reference path, but it is not present in the current workspace; no delete or move was performed."
참고 Context/3. Github Source/regime-adaptive-quantitative-trading-main/regime-adaptive-quantitative-trading-main/submission/submission_4/STRATEGY4_NSE_SUNPHARMA-EQ_trades.csv,UNKNOWN_NEEDS_REVIEW,17487,Research Governance,Governance Reviewer,KEEP,SOURCE_MISSING_RECHECK,,FALSE,MISSING_SOURCE_AT_EXECUTION,"A005 listed this external reference path, but it is not present in the current workspace; no delete or move was performed."
참고 Context/3. Github Source/regime-adaptive-quantitative-trading-main/regime-adaptive-quantitative-trading-main/submission/submission_4/STRATEGY4_NSE_VBL-EQ_trades.csv,UNKNOWN_NEEDS_REVIEW,36442,Research Governance,Governance Reviewer,KEEP,SOURCE_MISSING_RECHECK,,FALSE,MISSING_SOURCE_AT_EXECUTION,"A005 listed this external reference path, but it is not present in the current workspace; no delete or move was performed."
참고 Context/3. Github Source/regime-adaptive-quantitative-trading-main/regime-adaptive-quantitative-trading-main/submission/submission_4/STRATEGY4_NSE_YESBANK-EQ_trades.csv,UNKNOWN_NEEDS_REVIEW,16891,Research Governance,Governance Reviewer,KEEP,SOURCE_MISSING_RECHECK,,FALSE,MISSING_SOURCE_AT_EXECUTION,"A005 listed this external reference path, but it is not present in the current workspace; no delete or move was performed."
참고 Context/3. Github Source/regime-adaptive-quantitative-trading-main/regime-adaptive-quantitative-trading-main/submission/submission_4/STRATEGY_4_LOGIC.md,UNKNOWN_NEEDS_REVIEW,12249,Research Governance,Governance Reviewer,KEEP,SOURCE_MISSING_RECHECK,,FALSE,MISSING_SOURCE_AT_EXECUTION,"A005 listed this external reference path, but it is not present in the current workspace; no delete or move was performed."
참고 Context/3. Github Source/regime-adaptive-quantitative-trading-main/regime-adaptive-quantitative-trading-main/submission/submission_4/SUBMISSION_CHECKLIST.md,UNKNOWN_NEEDS_REVIEW,618,Research Governance,Governance Reviewer,KEEP,SOURCE_MISSING_RECHECK,,FALSE,MISSING_SOURCE_AT_EXECUTION,"A005 listed this external reference path, but it is not present in the current workspace; no delete or move was performed."
참고 Context/3. Github Source/regime-adaptive-quantitative-trading-main/regime-adaptive-quantitative-trading-main/submission/submission_5/FINAL_IMPLEMENTATION_SUMMARY.md,UNKNOWN_NEEDS_REVIEW,2915,Research Governance,Governance Reviewer,KEEP,SOURCE_MISSING_RECHECK,,FALSE,MISSING_SOURCE_AT_EXECUTION,"A005 listed this external reference path, but it is not present in the current workspace; no delete or move was performed."
참고 Context/3. Github Source/regime-adaptive-quantitative-trading-main/regime-adaptive-quantitative-trading-main/submission/submission_5/FINAL_PORTFOLIO_TRACKER_20260117_194157.csv,UNKNOWN_NEEDS_REVIEW,69388,Research Governance,Governance Reviewer,KEEP,SOURCE_MISSING_RECHECK,,FALSE,MISSING_SOURCE_AT_EXECUTION,"A005 listed this external reference path, but it is not present in the current workspace; no delete or move was performed."
참고 Context/3. Github Source/regime-adaptive-quantitative-trading-main/regime-adaptive-quantitative-trading-main/submission/submission_5/FINAL_PORTFOLIO_TRACKER_20260117_194253.csv,UNKNOWN_NEEDS_REVIEW,53839,Research Governance,Governance Reviewer,KEEP,SOURCE_MISSING_RECHECK,,FALSE,MISSING_SOURCE_AT_EXECUTION,"A005 listed this external reference path, but it is not present in the current workspace; no delete or move was performed."
참고 Context/3. Github Source/regime-adaptive-quantitative-trading-main/regime-adaptive-quantitative-trading-main/submission/submission_5/FINAL_PORTFOLIO_TRACKER_20260117_194355.csv,UNKNOWN_NEEDS_REVIEW,63744,Research Governance,Governance Reviewer,KEEP,SOURCE_MISSING_RECHECK,,FALSE,MISSING_SOURCE_AT_EXECUTION,"A005 listed this external reference path, but it is not present in the current workspace; no delete or move was performed."
참고 Context/3. Github Source/regime-adaptive-quantitative-trading-main/regime-adaptive-quantitative-trading-main/submission/submission_5/FINAL_PORTFOLIO_TRACKER_20260117_194441.csv,UNKNOWN_NEEDS_REVIEW,67984,Research Governance,Governance Reviewer,KEEP,SOURCE_MISSING_RECHECK,,FALSE,MISSING_SOURCE_AT_EXECUTION,"A005 listed this external reference path, but it is not present in the current workspace; no delete or move was performed."
참고 Context/3. Github Source/regime-adaptive-quantitative-trading-main/regime-adaptive-quantitative-trading-main/submission/submission_5/FINAL_PORTFOLIO_TRACKER_20260117_194503.csv,UNKNOWN_NEEDS_REVIEW,73541,Research Governance,Governance Reviewer,KEEP,SOURCE_MISSING_RECHECK,,FALSE,MISSING_SOURCE_AT_EXECUTION,"A005 listed this external reference path, but it is not present in the current workspace; no delete or move was performed."
참고 Context/3. Github Source/regime-adaptive-quantitative-trading-main/regime-adaptive-quantitative-trading-main/submission/submission_5/FINAL_PORTFOLIO_TRACKER_20260117_200750.csv,UNKNOWN_NEEDS_REVIEW,62159,Research Governance,Governance Reviewer,KEEP,SOURCE_MISSING_RECHECK,,FALSE,MISSING_SOURCE_AT_EXECUTION,"A005 listed this external reference path, but it is not present in the current workspace; no delete or move was performed."
참고 Context/3. Github Source/regime-adaptive-quantitative-trading-main/regime-adaptive-quantitative-trading-main/submission/submission_5/FINAL_PORTFOLIO_TRACKER_20260117_200805.csv,UNKNOWN_NEEDS_REVIEW,74070,Research Governance,Governance Reviewer,KEEP,SOURCE_MISSING_RECHECK,,FALSE,MISSING_SOURCE_AT_EXECUTION,"A005 listed this external reference path, but it is not present in the current workspace; no delete or move was performed."
참고 Context/3. Github Source/regime-adaptive-quantitative-trading-main/regime-adaptive-quantitative-trading-main/submission/submission_5/FINAL_UPLOAD_PACKAGE/FINAL_IMPLEMENTATION_SUMMARY.md,UNKNOWN_NEEDS_REVIEW,2915,Research Governance,Governance Reviewer,KEEP,SOURCE_MISSING_RECHECK,,FALSE,MISSING_SOURCE_AT_EXECUTION,"A005 listed this external reference path, but it is not present in the current workspace; no delete or move was performed."
참고 Context/3. Github Source/regime-adaptive-quantitative-trading-main/regime-adaptive-quantitative-trading-main/submission/submission_5/FINAL_UPLOAD_PACKAGE/FINAL_SUBMISSION_VALIDATION.md,UNKNOWN_NEEDS_REVIEW,1823,Research Governance,Governance Reviewer,KEEP,SOURCE_MISSING_RECHECK,,FALSE,MISSING_SOURCE_AT_EXECUTION,"A005 listed this external reference path, but it is not present in the current workspace; no delete or move was performed."
참고 Context/3. Github Source/regime-adaptive-quantitative-trading-main/regime-adaptive-quantitative-trading-main/submission/submission_5/FINAL_UPLOAD_PACKAGE/ROBUSTNESS_TEST_RESULTS.md,UNKNOWN_NEEDS_REVIEW,1542,Research Governance,Governance Reviewer,KEEP,SOURCE_MISSING_RECHECK,,FALSE,MISSING_SOURCE_AT_EXECUTION,"A005 listed this external reference path, but it is not present in the current workspace; no delete or move was performed."
참고 Context/3. Github Source/regime-adaptive-quantitative-trading-main/regime-adaptive-quantitative-trading-main/submission/submission_5/FINAL_UPLOAD_PACKAGE/STRATEGY5_NSE_NIFTY50-INDEX_trades.csv,UNKNOWN_NEEDS_REVIEW,15052,Research Governance,Governance Reviewer,KEEP,SOURCE_MISSING_RECHECK,,FALSE,MISSING_SOURCE_AT_EXECUTION,"A005 listed this external reference path, but it is not present in the current workspace; no delete or move was performed."
참고 Context/3. Github Source/regime-adaptive-quantitative-trading-main/regime-adaptive-quantitative-trading-main/submission/submission_5/FINAL_UPLOAD_PACKAGE/STRATEGY5_NSE_RELIANCE-EQ_trades.csv,UNKNOWN_NEEDS_REVIEW,15035,Research Governance,Governance Reviewer,KEEP,SOURCE_MISSING_RECHECK,,FALSE,MISSING_SOURCE_AT_EXECUTION,"A005 listed this external reference path, but it is not present in the current workspace; no delete or move was performed."
참고 Context/3. Github Source/regime-adaptive-quantitative-trading-main/regime-adaptive-quantitative-trading-main/submission/submission_5/FINAL_UPLOAD_PACKAGE/STRATEGY5_NSE_SUNPHARMA-EQ_trades.csv,UNKNOWN_NEEDS_REVIEW,15861,Research Governance,Governance Reviewer,KEEP,SOURCE_MISSING_RECHECK,,FALSE,MISSING_SOURCE_AT_EXECUTION,"A005 listed this external reference path, but it is not present in the current workspace; no delete or move was performed."
참고 Context/3. Github Source/regime-adaptive-quantitative-trading-main/regime-adaptive-quantitative-trading-main/submission/submission_5/FINAL_UPLOAD_PACKAGE/STRATEGY5_NSE_VBL-EQ_trades.csv,UNKNOWN_NEEDS_REVIEW,17988,Research Governance,Governance Reviewer,KEEP,SOURCE_MISSING_RECHECK,,FALSE,MISSING_SOURCE_AT_EXECUTION,"A005 listed this external reference path, but it is not present in the current workspace; no delete or move was performed."
참고 Context/3. Github Source/regime-adaptive-quantitative-trading-main/regime-adaptive-quantitative-trading-main/submission/submission_5/FINAL_UPLOAD_PACKAGE/STRATEGY5_NSE_YESBANK-EQ_trades.csv,UNKNOWN_NEEDS_REVIEW,15474,Research Governance,Governance Reviewer,KEEP,SOURCE_MISSING_RECHECK,,FALSE,MISSING_SOURCE_AT_EXECUTION,"A005 listed this external reference path, but it is not present in the current workspace; no delete or move was performed."
참고 Context/3. Github Source/regime-adaptive-quantitative-trading-main/regime-adaptive-quantitative-trading-main/submission/submission_5/FINAL_UPLOAD_PACKAGE/STRATEGY_5_LOGIC.md,UNKNOWN_NEEDS_REVIEW,4794,Research Governance,Governance Reviewer,KEEP,SOURCE_MISSING_RECHECK,,FALSE,MISSING_SOURCE_AT_EXECUTION,"A005 listed this external reference path, but it is not present in the current workspace; no delete or move was performed."
참고 Context/3. Github Source/regime-adaptive-quantitative-trading-main/regime-adaptive-quantitative-trading-main/submission/submission_5/ROBUSTNESS_TEST_RESULTS.md,UNKNOWN_NEEDS_REVIEW,1542,Research Governance,Governance Reviewer,KEEP,SOURCE_MISSING_RECHECK,,FALSE,MISSING_SOURCE_AT_EXECUTION,"A005 listed this external reference path, but it is not present in the current workspace; no delete or move was performed."
참고 Context/3. Github Source/regime-adaptive-quantitative-trading-main/regime-adaptive-quantitative-trading-main/submission/submission_5/STRATEGY5_NSE_NIFTY50-INDEX_trades.csv,UNKNOWN_NEEDS_REVIEW,15052,Research Governance,Governance Reviewer,KEEP,SOURCE_MISSING_RECHECK,,FALSE,MISSING_SOURCE_AT_EXECUTION,"A005 listed this external reference path, but it is not present in the current workspace; no delete or move was performed."
참고 Context/3. Github Source/regime-adaptive-quantitative-trading-main/regime-adaptive-quantitative-trading-main/submission/submission_5/STRATEGY5_NSE_RELIANCE-EQ_trades.csv,UNKNOWN_NEEDS_REVIEW,15035,Research Governance,Governance Reviewer,KEEP,SOURCE_MISSING_RECHECK,,FALSE,MISSING_SOURCE_AT_EXECUTION,"A005 listed this external reference path, but it is not present in the current workspace; no delete or move was performed."
참고 Context/3. Github Source/regime-adaptive-quantitative-trading-main/regime-adaptive-quantitative-trading-main/submission/submission_5/STRATEGY5_NSE_SUNPHARMA-EQ_trades.csv,UNKNOWN_NEEDS_REVIEW,15861,Research Governance,Governance Reviewer,KEEP,SOURCE_MISSING_RECHECK,,FALSE,MISSING_SOURCE_AT_EXECUTION,"A005 listed this external reference path, but it is not present in the current workspace; no delete or move was performed."
참고 Context/3. Github Source/regime-adaptive-quantitative-trading-main/regime-adaptive-quantitative-trading-main/submission/submission_5/STRATEGY5_NSE_VBL-EQ_trades.csv,UNKNOWN_NEEDS_REVIEW,17988,Research Governance,Governance Reviewer,KEEP,SOURCE_MISSING_RECHECK,,FALSE,MISSING_SOURCE_AT_EXECUTION,"A005 listed this external reference path, but it is not present in the current workspace; no delete or move was performed."
참고 Context/3. Github Source/regime-adaptive-quantitative-trading-main/regime-adaptive-quantitative-trading-main/submission/submission_5/STRATEGY5_NSE_YESBANK-EQ_trades.csv,UNKNOWN_NEEDS_REVIEW,15474,Research Governance,Governance Reviewer,KEEP,SOURCE_MISSING_RECHECK,,FALSE,MISSING_SOURCE_AT_EXECUTION,"A005 listed this external reference path, but it is not present in the current workspace; no delete or move was performed."
참고 Context/3. Github Source/regime-adaptive-quantitative-trading-main/regime-adaptive-quantitative-trading-main/submission/submission_5/STRATEGY_5_LOGIC.md,UNKNOWN_NEEDS_REVIEW,4794,Research Governance,Governance Reviewer,KEEP,SOURCE_MISSING_RECHECK,,FALSE,MISSING_SOURCE_AT_EXECUTION,"A005 listed this external reference path, but it is not present in the current workspace; no delete or move was performed."
참고 Context/3. Github Source/regime-adaptive-quantitative-trading-main/regime-adaptive-quantitative-trading-main/testing_framework/TESTING_INDEX.md,UNKNOWN_NEEDS_REVIEW,8292,Research Governance,Governance Reviewer,KEEP,SOURCE_MISSING_RECHECK,,FALSE,MISSING_SOURCE_AT_EXECUTION,"A005 listed this external reference path, but it is not present in the current workspace; no delete or move was performed."
참고 Context/3. Github Source/regime-adaptive-quantitative-trading-main/regime-adaptive-quantitative-trading-main/testing_framework/claude_testing_prompt.md,UNKNOWN_NEEDS_REVIEW,982,Research Governance,Governance Reviewer,KEEP,SOURCE_MISSING_RECHECK,,FALSE,MISSING_SOURCE_AT_EXECUTION,"A005 listed this external reference path, but it is not present in the current workspace; no delete or move was performed."
참고 Context/3. Github Source/regime-adaptive-quantitative-trading-main/regime-adaptive-quantitative-trading-main/testing_framework/immediate_action_plan.md,UNKNOWN_NEEDS_REVIEW,1795,Research Governance,Governance Reviewer,KEEP,SOURCE_MISSING_RECHECK,,FALSE,MISSING_SOURCE_AT_EXECUTION,"A005 listed this external reference path, but it is not present in the current workspace; no delete or move was performed."
참고 Context/3. Github Source/regime-adaptive-quantitative-trading-main/regime-adaptive-quantitative-trading-main/testing_framework/run_comprehensive_tests.py,UNKNOWN_NEEDS_REVIEW,13176,Research Governance,Governance Reviewer,KEEP,SOURCE_MISSING_RECHECK,,FALSE,MISSING_SOURCE_AT_EXECUTION,"A005 listed this external reference path, but it is not present in the current workspace; no delete or move was performed."
참고 Context/3. Github Source/regime-adaptive-quantitative-trading-main/regime-adaptive-quantitative-trading-main/testing_framework/testing_framework_summary.md,UNKNOWN_NEEDS_REVIEW,1311,Research Governance,Governance Reviewer,KEEP,SOURCE_MISSING_RECHECK,,FALSE,MISSING_SOURCE_AT_EXECUTION,"A005 listed this external reference path, but it is not present in the current workspace; no delete or move was performed."
참고 Context/4. TradingAgents-main/.dockerignore,UNKNOWN_NEEDS_REVIEW,133,Research Governance,Governance Reviewer,KEEP,SOURCE_MISSING_RECHECK,,FALSE,MISSING_SOURCE_AT_EXECUTION,"A005 listed this external reference path, but it is not present in the current workspace; no delete or move was performed."
참고 Context/4. TradingAgents-main/.env.enterprise.example,UNKNOWN_NEEDS_REVIEW,203,Research Governance,Governance Reviewer,KEEP,SOURCE_MISSING_RECHECK,,FALSE,MISSING_SOURCE_AT_EXECUTION,"A005 listed this external reference path, but it is not present in the current workspace; no delete or move was performed."
참고 Context/4. TradingAgents-main/.env.example,UNKNOWN_NEEDS_REVIEW,174,Research Governance,Governance Reviewer,KEEP,SOURCE_MISSING_RECHECK,,FALSE,MISSING_SOURCE_AT_EXECUTION,"A005 listed this external reference path, but it is not present in the current workspace; no delete or move was performed."
참고 Context/4. TradingAgents-main/.gitignore,UNKNOWN_NEEDS_REVIEW,4586,Research Governance,Governance Reviewer,KEEP,SOURCE_MISSING_RECHECK,,FALSE,MISSING_SOURCE_AT_EXECUTION,"A005 listed this external reference path, but it is not present in the current workspace; no delete or move was performed."
참고 Context/4. TradingAgents-main/CHANGELOG.md,UNKNOWN_NEEDS_REVIEW,13125,Research Governance,Governance Reviewer,KEEP,SOURCE_MISSING_RECHECK,,FALSE,MISSING_SOURCE_AT_EXECUTION,"A005 listed this external reference path, but it is not present in the current workspace; no delete or move was performed."
참고 Context/4. TradingAgents-main/Dockerfile,UNKNOWN_NEEDS_REVIEW,530,Research Governance,Governance Reviewer,KEEP,SOURCE_MISSING_RECHECK,,FALSE,MISSING_SOURCE_AT_EXECUTION,"A005 listed this external reference path, but it is not present in the current workspace; no delete or move was performed."
참고 Context/4. TradingAgents-main/LICENSE,UNKNOWN_NEEDS_REVIEW,11357,Research Governance,Governance Reviewer,KEEP,SOURCE_MISSING_RECHECK,,FALSE,MISSING_SOURCE_AT_EXECUTION,"A005 listed this external reference path, but it is not present in the current workspace; no delete or move was performed."
참고 Context/4. TradingAgents-main/README.md,UNKNOWN_NEEDS_REVIEW,13439,Research Governance,Governance Reviewer,KEEP,SOURCE_MISSING_RECHECK,,FALSE,MISSING_SOURCE_AT_EXECUTION,"A005 listed this external reference path, but it is not present in the current workspace; no delete or move was performed."
참고 Context/4. TradingAgents-main/assets/TauricResearch.png,UNKNOWN_NEEDS_REVIEW,63581,Research Governance,Governance Reviewer,KEEP,SOURCE_MISSING_RECHECK,,FALSE,MISSING_SOURCE_AT_EXECUTION,"A005 listed this external reference path, but it is not present in the current workspace; no delete or move was performed."
참고 Context/4. TradingAgents-main/assets/analyst.png,UNKNOWN_NEEDS_REVIEW,216595,Research Governance,Governance Reviewer,KEEP,SOURCE_MISSING_RECHECK,,FALSE,MISSING_SOURCE_AT_EXECUTION,"A005 listed this external reference path, but it is not present in the current workspace; no delete or move was performed."
참고 Context/4. TradingAgents-main/assets/cli/cli_init.png,UNKNOWN_NEEDS_REVIEW,245297,Research Governance,Governance Reviewer,KEEP,SOURCE_MISSING_RECHECK,,FALSE,MISSING_SOURCE_AT_EXECUTION,"A005 listed this external reference path, but it is not present in the current workspace; no delete or move was performed."
참고 Context/4. TradingAgents-main/assets/cli/cli_news.png,UNKNOWN_NEEDS_REVIEW,831209,Research Governance,Governance Reviewer,KEEP,SOURCE_MISSING_RECHECK,,FALSE,MISSING_SOURCE_AT_EXECUTION,"A005 listed this external reference path, but it is not present in the current workspace; no delete or move was performed."
참고 Context/4. TradingAgents-main/assets/cli/cli_technical.png,UNKNOWN_NEEDS_REVIEW,793084,Research Governance,Governance Reviewer,KEEP,SOURCE_MISSING_RECHECK,,FALSE,MISSING_SOURCE_AT_EXECUTION,"A005 listed this external reference path, but it is not present in the current workspace; no delete or move was performed."
참고 Context/4. TradingAgents-main/assets/cli/cli_transaction.png,UNKNOWN_NEEDS_REVIEW,810243,Research Governance,Governance Reviewer,KEEP,SOURCE_MISSING_RECHECK,,FALSE,MISSING_SOURCE_AT_EXECUTION,"A005 listed this external reference path, but it is not present in the current workspace; no delete or move was performed."
참고 Context/4. TradingAgents-main/assets/researcher.png,UNKNOWN_NEEDS_REVIEW,140473,Research Governance,Governance Reviewer,KEEP,SOURCE_MISSING_RECHECK,,FALSE,MISSING_SOURCE_AT_EXECUTION,"A005 listed this external reference path, but it is not present in the current workspace; no delete or move was performed."
참고 Context/4. TradingAgents-main/assets/risk.png,UNKNOWN_NEEDS_REVIEW,165683,Research Governance,Governance Reviewer,KEEP,SOURCE_MISSING_RECHECK,,FALSE,MISSING_SOURCE_AT_EXECUTION,"A005 listed this external reference path, but it is not present in the current workspace; no delete or move was performed."
참고 Context/4. TradingAgents-main/assets/schema.png,UNKNOWN_NEEDS_REVIEW,365329,Research Governance,Governance Reviewer,KEEP,SOURCE_MISSING_RECHECK,,FALSE,MISSING_SOURCE_AT_EXECUTION,"A005 listed this external reference path, but it is not present in the current workspace; no delete or move was performed."
참고 Context/4. TradingAgents-main/assets/trader.png,UNKNOWN_NEEDS_REVIEW,161842,Research Governance,Governance Reviewer,KEEP,SOURCE_MISSING_RECHECK,,FALSE,MISSING_SOURCE_AT_EXECUTION,"A005 listed this external reference path, but it is not present in the current workspace; no delete or move was performed."
참고 Context/4. TradingAgents-main/assets/wechat.png,UNKNOWN_NEEDS_REVIEW,221601,Research Governance,Governance Reviewer,KEEP,SOURCE_MISSING_RECHECK,,FALSE,MISSING_SOURCE_AT_EXECUTION,"A005 listed this external reference path, but it is not present in the current workspace; no delete or move was performed."
참고 Context/4. TradingAgents-main/cli/__init__.py,UNKNOWN_NEEDS_REVIEW,0,Research Governance,Governance Reviewer,KEEP,SOURCE_MISSING_RECHECK,,FALSE,MISSING_SOURCE_AT_EXECUTION,"A005 listed this external reference path, but it is not present in the current workspace; no delete or move was performed."
참고 Context/4. TradingAgents-main/cli/announcements.py,UNKNOWN_NEEDS_REVIEW,1507,Research Governance,Governance Reviewer,KEEP,SOURCE_MISSING_RECHECK,,FALSE,MISSING_SOURCE_AT_EXECUTION,"A005 listed this external reference path, but it is not present in the current workspace; no delete or move was performed."
참고 Context/4. TradingAgents-main/cli/config.py,UNKNOWN_NEEDS_REVIEW,300,Research Governance,Governance Reviewer,KEEP,SOURCE_MISSING_RECHECK,,FALSE,MISSING_SOURCE_AT_EXECUTION,"A005 listed this external reference path, but it is not present in the current workspace; no delete or move was performed."
참고 Context/4. TradingAgents-main/cli/main.py,UNKNOWN_NEEDS_REVIEW,50447,Research Governance,Governance Reviewer,KEEP,SOURCE_MISSING_RECHECK,,FALSE,MISSING_SOURCE_AT_EXECUTION,"A005 listed this external reference path, but it is not present in the current workspace; no delete or move was performed."
참고 Context/4. TradingAgents-main/cli/models.py,UNKNOWN_NEEDS_REVIEW,221,Research Governance,Governance Reviewer,KEEP,SOURCE_MISSING_RECHECK,,FALSE,MISSING_SOURCE_AT_EXECUTION,"A005 listed this external reference path, but it is not present in the current workspace; no delete or move was performed."
참고 Context/4. TradingAgents-main/cli/static/welcome.txt,UNKNOWN_NEEDS_REVIEW,427,Research Governance,Governance Reviewer,KEEP,SOURCE_MISSING_RECHECK,,FALSE,MISSING_SOURCE_AT_EXECUTION,"A005 listed this external reference path, but it is not present in the current workspace; no delete or move was performed."
참고 Context/4. TradingAgents-main/cli/stats_handler.py,UNKNOWN_NEEDS_REVIEW,2373,Research Governance,Governance Reviewer,KEEP,SOURCE_MISSING_RECHECK,,FALSE,MISSING_SOURCE_AT_EXECUTION,"A005 listed this external reference path, but it is not present in the current workspace; no delete or move was performed."
참고 Context/4. TradingAgents-main/cli/utils.py,UNKNOWN_NEEDS_REVIEW,12340,Research Governance,Governance Reviewer,KEEP,SOURCE_MISSING_RECHECK,,FALSE,MISSING_SOURCE_AT_EXECUTION,"A005 listed this external reference path, but it is not present in the current workspace; no delete or move was performed."
참고 Context/4. TradingAgents-main/docker-compose.yml,UNKNOWN_NEEDS_REVIEW,611,Research Governance,Governance Reviewer,KEEP,SOURCE_MISSING_RECHECK,,FALSE,MISSING_SOURCE_AT_EXECUTION,"A005 listed this external reference path, but it is not present in the current workspace; no delete or move was performed."
참고 Context/4. TradingAgents-main/main.py,UNKNOWN_NEEDS_REVIEW,1158,Research Governance,Governance Reviewer,KEEP,SOURCE_MISSING_RECHECK,,FALSE,MISSING_SOURCE_AT_EXECUTION,"A005 listed this external reference path, but it is not present in the current workspace; no delete or move was performed."
참고 Context/4. TradingAgents-main/pyproject.toml,UNKNOWN_NEEDS_REVIEW,1304,Research Governance,Governance Reviewer,KEEP,SOURCE_MISSING_RECHECK,,FALSE,MISSING_SOURCE_AT_EXECUTION,"A005 listed this external reference path, but it is not present in the current workspace; no delete or move was performed."
참고 Context/4. TradingAgents-main/requirements.txt,UNKNOWN_NEEDS_REVIEW,2,Research Governance,Governance Reviewer,KEEP,SOURCE_MISSING_RECHECK,,FALSE,MISSING_SOURCE_AT_EXECUTION,"A005 listed this external reference path, but it is not present in the current workspace; no delete or move was performed."
참고 Context/4. TradingAgents-main/scripts/smoke_structured_output.py,UNKNOWN_NEEDS_REVIEW,6835,Research Governance,Governance Reviewer,KEEP,SOURCE_MISSING_RECHECK,,FALSE,MISSING_SOURCE_AT_EXECUTION,"A005 listed this external reference path, but it is not present in the current workspace; no delete or move was performed."
참고 Context/4. TradingAgents-main/test.py,UNKNOWN_NEEDS_REVIEW,637,Research Governance,Governance Reviewer,KEEP,SOURCE_MISSING_RECHECK,,FALSE,MISSING_SOURCE_AT_EXECUTION,"A005 listed this external reference path, but it is not present in the current workspace; no delete or move was performed."
참고 Context/4. TradingAgents-main/tests/conftest.py,UNKNOWN_NEEDS_REVIEW,1005,Research Governance,Governance Reviewer,KEEP,SOURCE_MISSING_RECHECK,,FALSE,MISSING_SOURCE_AT_EXECUTION,"A005 listed this external reference path, but it is not present in the current workspace; no delete or move was performed."
참고 Context/4. TradingAgents-main/tests/test_checkpoint_resume.py,UNKNOWN_NEEDS_REVIEW,5028,Research Governance,Governance Reviewer,KEEP,SOURCE_MISSING_RECHECK,,FALSE,MISSING_SOURCE_AT_EXECUTION,"A005 listed this external reference path, but it is not present in the current workspace; no delete or move was performed."
참고 Context/4. TradingAgents-main/tests/test_deepseek_reasoning.py,UNKNOWN_NEEDS_REVIEW,6681,Research Governance,Governance Reviewer,KEEP,SOURCE_MISSING_RECHECK,,FALSE,MISSING_SOURCE_AT_EXECUTION,"A005 listed this external reference path, but it is not present in the current workspace; no delete or move was performed."
참고 Context/4. TradingAgents-main/tests/test_google_api_key.py,UNKNOWN_NEEDS_REVIEW,1167,Research Governance,Governance Reviewer,KEEP,SOURCE_MISSING_RECHECK,,FALSE,MISSING_SOURCE_AT_EXECUTION,"A005 listed this external reference path, but it is not present in the current workspace; no delete or move was performed."
참고 Context/4. TradingAgents-main/tests/test_memory_log.py,UNKNOWN_NEEDS_REVIEW,35176,Research Governance,Governance Reviewer,KEEP,SOURCE_MISSING_RECHECK,,FALSE,MISSING_SOURCE_AT_EXECUTION,"A005 listed this external reference path, but it is not present in the current workspace; no delete or move was performed."
참고 Context/4. TradingAgents-main/tests/test_model_validation.py,UNKNOWN_NEEDS_REVIEW,1918,Research Governance,Governance Reviewer,KEEP,SOURCE_MISSING_RECHECK,,FALSE,MISSING_SOURCE_AT_EXECUTION,"A005 listed this external reference path, but it is not present in the current workspace; no delete or move was performed."
참고 Context/4. TradingAgents-main/tests/test_safe_ticker_component.py,UNKNOWN_NEEDS_REVIEW,1929,Research Governance,Governance Reviewer,KEEP,SOURCE_MISSING_RECHECK,,FALSE,MISSING_SOURCE_AT_EXECUTION,"A005 listed this external reference path, but it is not present in the current workspace; no delete or move was performed."
참고 Context/4. TradingAgents-main/tests/test_signal_processing.py,UNKNOWN_NEEDS_REVIEW,3566,Research Governance,Governance Reviewer,KEEP,SOURCE_MISSING_RECHECK,,FALSE,MISSING_SOURCE_AT_EXECUTION,"A005 listed this external reference path, but it is not present in the current workspace; no delete or move was performed."
참고 Context/4. TradingAgents-main/tests/test_structured_agents.py,UNKNOWN_NEEDS_REVIEW,8974,Research Governance,Governance Reviewer,KEEP,SOURCE_MISSING_RECHECK,,FALSE,MISSING_SOURCE_AT_EXECUTION,"A005 listed this external reference path, but it is not present in the current workspace; no delete or move was performed."
참고 Context/4. TradingAgents-main/tests/test_ticker_symbol_handling.py,UNKNOWN_NEEDS_REVIEW,629,Research Governance,Governance Reviewer,KEEP,SOURCE_MISSING_RECHECK,,FALSE,MISSING_SOURCE_AT_EXECUTION,"A005 listed this external reference path, but it is not present in the current workspace; no delete or move was performed."
참고 Context/4. TradingAgents-main/tradingagents/__init__.py,UNKNOWN_NEEDS_REVIEW,0,Research Governance,Governance Reviewer,KEEP,SOURCE_MISSING_RECHECK,,FALSE,MISSING_SOURCE_AT_EXECUTION,"A005 listed this external reference path, but it is not present in the current workspace; no delete or move was performed."
참고 Context/4. TradingAgents-main/tradingagents/agents/__init__.py,UNKNOWN_NEEDS_REVIEW,1362,Research Governance,Governance Reviewer,KEEP,SOURCE_MISSING_RECHECK,,FALSE,MISSING_SOURCE_AT_EXECUTION,"A005 listed this external reference path, but it is not present in the current workspace; no delete or move was performed."
참고 Context/4. TradingAgents-main/tradingagents/agents/analysts/fundamentals_analyst.py,UNKNOWN_NEEDS_REVIEW,3331,Research Governance,Governance Reviewer,KEEP,SOURCE_MISSING_RECHECK,,FALSE,MISSING_SOURCE_AT_EXECUTION,"A005 listed this external reference path, but it is not present in the current workspace; no delete or move was performed."
참고 Context/4. TradingAgents-main/tradingagents/agents/analysts/market_analyst.py,UNKNOWN_NEEDS_REVIEW,6205,Research Governance,Governance Reviewer,KEEP,SOURCE_MISSING_RECHECK,,FALSE,MISSING_SOURCE_AT_EXECUTION,"A005 listed this external reference path, but it is not present in the current workspace; no delete or move was performed."
참고 Context/4. TradingAgents-main/tradingagents/agents/analysts/news_analyst.py,UNKNOWN_NEEDS_REVIEW,2947,Research Governance,Governance Reviewer,KEEP,SOURCE_MISSING_RECHECK,,FALSE,MISSING_SOURCE_AT_EXECUTION,"A005 listed this external reference path, but it is not present in the current workspace; no delete or move was performed."
참고 Context/4. TradingAgents-main/tradingagents/agents/analysts/social_media_analyst.py,UNKNOWN_NEEDS_REVIEW,3277,Research Governance,Governance Reviewer,KEEP,SOURCE_MISSING_RECHECK,,FALSE,MISSING_SOURCE_AT_EXECUTION,"A005 listed this external reference path, but it is not present in the current workspace; no delete or move was performed."
참고 Context/4. TradingAgents-main/tradingagents/agents/managers/portfolio_manager.py,UNKNOWN_NEEDS_REVIEW,3400,Research Governance,Governance Reviewer,KEEP,SOURCE_MISSING_RECHECK,,FALSE,MISSING_SOURCE_AT_EXECUTION,"A005 listed this external reference path, but it is not present in the current workspace; no delete or move was performed."
참고 Context/4. TradingAgents-main/tradingagents/agents/managers/research_manager.py,UNKNOWN_NEEDS_REVIEW,2432,Research Governance,Governance Reviewer,KEEP,SOURCE_MISSING_RECHECK,,FALSE,MISSING_SOURCE_AT_EXECUTION,"A005 listed this external reference path, but it is not present in the current workspace; no delete or move was performed."
참고 Context/4. TradingAgents-main/tradingagents/agents/researchers/bear_researcher.py,UNKNOWN_NEEDS_REVIEW,2656,Research Governance,Governance Reviewer,KEEP,SOURCE_MISSING_RECHECK,,FALSE,MISSING_SOURCE_AT_EXECUTION,"A005 listed this external reference path, but it is not present in the current workspace; no delete or move was performed."
참고 Context/4. TradingAgents-main/tradingagents/agents/researchers/bull_researcher.py,UNKNOWN_NEEDS_REVIEW,2589,Research Governance,Governance Reviewer,KEEP,SOURCE_MISSING_RECHECK,,FALSE,MISSING_SOURCE_AT_EXECUTION,"A005 listed this external reference path, but it is not present in the current workspace; no delete or move was performed."
참고 Context/4. TradingAgents-main/tradingagents/agents/risk_mgmt/aggressive_debator.py,UNKNOWN_NEEDS_REVIEW,3633,Research Governance,Governance Reviewer,KEEP,SOURCE_MISSING_RECHECK,,FALSE,MISSING_SOURCE_AT_EXECUTION,"A005 listed this external reference path, but it is not present in the current workspace; no delete or move was performed."
참고 Context/4. TradingAgents-main/tradingagents/agents/risk_mgmt/conservative_debator.py,UNKNOWN_NEEDS_REVIEW,3538,Research Governance,Governance Reviewer,KEEP,SOURCE_MISSING_RECHECK,,FALSE,MISSING_SOURCE_AT_EXECUTION,"A005 listed this external reference path, but it is not present in the current workspace; no delete or move was performed."
참고 Context/4. TradingAgents-main/tradingagents/agents/risk_mgmt/neutral_debator.py,UNKNOWN_NEEDS_REVIEW,3390,Research Governance,Governance Reviewer,KEEP,SOURCE_MISSING_RECHECK,,FALSE,MISSING_SOURCE_AT_EXECUTION,"A005 listed this external reference path, but it is not present in the current workspace; no delete or move was performed."
참고 Context/4. TradingAgents-main/tradingagents/agents/schemas.py,UNKNOWN_NEEDS_REVIEW,8465,Research Governance,Governance Reviewer,KEEP,SOURCE_MISSING_RECHECK,,FALSE,MISSING_SOURCE_AT_EXECUTION,"A005 listed this external reference path, but it is not present in the current workspace; no delete or move was performed."
참고 Context/4. TradingAgents-main/tradingagents/agents/trader/trader.py,UNKNOWN_NEEDS_REVIEW,2316,Research Governance,Governance Reviewer,KEEP,SOURCE_MISSING_RECHECK,,FALSE,MISSING_SOURCE_AT_EXECUTION,"A005 listed this external reference path, but it is not present in the current workspace; no delete or move was performed."
참고 Context/4. TradingAgents-main/tradingagents/agents/utils/agent_states.py,UNKNOWN_NEEDS_REVIEW,3054,Research Governance,Governance Reviewer,KEEP,SOURCE_MISSING_RECHECK,,FALSE,MISSING_SOURCE_AT_EXECUTION,"A005 listed this external reference path, but it is not present in the current workspace; no delete or move was performed."
참고 Context/4. TradingAgents-main/tradingagents/agents/utils/agent_utils.py,UNKNOWN_NEEDS_REVIEW,1962,Research Governance,Governance Reviewer,KEEP,SOURCE_MISSING_RECHECK,,FALSE,MISSING_SOURCE_AT_EXECUTION,"A005 listed this external reference path, but it is not present in the current workspace; no delete or move was performed."
참고 Context/4. TradingAgents-main/tradingagents/agents/utils/core_stock_tools.py,UNKNOWN_NEEDS_REVIEW,891,Research Governance,Governance Reviewer,KEEP,SOURCE_MISSING_RECHECK,,FALSE,MISSING_SOURCE_AT_EXECUTION,"A005 listed this external reference path, but it is not present in the current workspace; no delete or move was performed."
참고 Context/4. TradingAgents-main/tradingagents/agents/utils/fundamental_data_tools.py,UNKNOWN_NEEDS_REVIEW,2920,Research Governance,Governance Reviewer,KEEP,SOURCE_MISSING_RECHECK,,FALSE,MISSING_SOURCE_AT_EXECUTION,"A005 listed this external reference path, but it is not present in the current workspace; no delete or move was performed."
참고 Context/4. TradingAgents-main/tradingagents/agents/utils/memory.py,UNKNOWN_NEEDS_REVIEW,11527,Research Governance,Governance Reviewer,KEEP,SOURCE_MISSING_RECHECK,,FALSE,MISSING_SOURCE_AT_EXECUTION,"A005 listed this external reference path, but it is not present in the current workspace; no delete or move was performed."
참고 Context/4. TradingAgents-main/tradingagents/agents/utils/news_data_tools.py,UNKNOWN_NEEDS_REVIEW,1834,Research Governance,Governance Reviewer,KEEP,SOURCE_MISSING_RECHECK,,FALSE,MISSING_SOURCE_AT_EXECUTION,"A005 listed this external reference path, but it is not present in the current workspace; no delete or move was performed."
참고 Context/4. TradingAgents-main/tradingagents/agents/utils/rating.py,UNKNOWN_NEEDS_REVIEW,1733,Research Governance,Governance Reviewer,KEEP,SOURCE_MISSING_RECHECK,,FALSE,MISSING_SOURCE_AT_EXECUTION,"A005 listed this external reference path, but it is not present in the current workspace; no delete or move was performed."
참고 Context/4. TradingAgents-main/tradingagents/agents/utils/structured.py,UNKNOWN_NEEDS_REVIEW,2690,Research Governance,Governance Reviewer,KEEP,SOURCE_MISSING_RECHECK,,FALSE,MISSING_SOURCE_AT_EXECUTION,"A005 listed this external reference path, but it is not present in the current workspace; no delete or move was performed."
참고 Context/4. TradingAgents-main/tradingagents/agents/utils/technical_indicators_tools.py,UNKNOWN_NEEDS_REVIEW,1544,Research Governance,Governance Reviewer,KEEP,SOURCE_MISSING_RECHECK,,FALSE,MISSING_SOURCE_AT_EXECUTION,"A005 listed this external reference path, but it is not present in the current workspace; no delete or move was performed."
참고 Context/4. TradingAgents-main/tradingagents/dataflows/__init__.py,UNKNOWN_NEEDS_REVIEW,0,Research Governance,Governance Reviewer,KEEP,SOURCE_MISSING_RECHECK,,FALSE,MISSING_SOURCE_AT_EXECUTION,"A005 listed this external reference path, but it is not present in the current workspace; no delete or move was performed."
참고 Context/4. TradingAgents-main/tradingagents/dataflows/alpha_vantage.py,UNKNOWN_NEEDS_REVIEW,333,Research Governance,Governance Reviewer,KEEP,SOURCE_MISSING_RECHECK,,FALSE,MISSING_SOURCE_AT_EXECUTION,"A005 listed this external reference path, but it is not present in the current workspace; no delete or move was performed."
참고 Context/4. TradingAgents-main/tradingagents/dataflows/alpha_vantage_common.py,UNKNOWN_NEEDS_REVIEW,4285,Research Governance,Governance Reviewer,KEEP,SOURCE_MISSING_RECHECK,,FALSE,MISSING_SOURCE_AT_EXECUTION,"A005 listed this external reference path, but it is not present in the current workspace; no delete or move was performed."
참고 Context/4. TradingAgents-main/tradingagents/dataflows/alpha_vantage_fundamentals.py,UNKNOWN_NEEDS_REVIEW,2029,Research Governance,Governance Reviewer,KEEP,SOURCE_MISSING_RECHECK,,FALSE,MISSING_SOURCE_AT_EXECUTION,"A005 listed this external reference path, but it is not present in the current workspace; no delete or move was performed."
참고 Context/4. TradingAgents-main/tradingagents/dataflows/alpha_vantage_indicator.py,UNKNOWN_NEEDS_REVIEW,10855,Research Governance,Governance Reviewer,KEEP,SOURCE_MISSING_RECHECK,,FALSE,MISSING_SOURCE_AT_EXECUTION,"A005 listed this external reference path, but it is not present in the current workspace; no delete or move was performed."
참고 Context/4. TradingAgents-main/tradingagents/dataflows/alpha_vantage_news.py,UNKNOWN_NEEDS_REVIEW,2349,Research Governance,Governance Reviewer,KEEP,SOURCE_MISSING_RECHECK,,FALSE,MISSING_SOURCE_AT_EXECUTION,"A005 listed this external reference path, but it is not present in the current workspace; no delete or move was performed."
참고 Context/4. TradingAgents-main/tradingagents/dataflows/alpha_vantage_stock.py,UNKNOWN_NEEDS_REVIEW,1309,Research Governance,Governance Reviewer,KEEP,SOURCE_MISSING_RECHECK,,FALSE,MISSING_SOURCE_AT_EXECUTION,"A005 listed this external reference path, but it is not present in the current workspace; no delete or move was performed."
참고 Context/4. TradingAgents-main/tradingagents/dataflows/config.py,UNKNOWN_NEEDS_REVIEW,770,Research Governance,Governance Reviewer,KEEP,SOURCE_MISSING_RECHECK,,FALSE,MISSING_SOURCE_AT_EXECUTION,"A005 listed this external reference path, but it is not present in the current workspace; no delete or move was performed."
참고 Context/4. TradingAgents-main/tradingagents/dataflows/interface.py,UNKNOWN_NEEDS_REVIEW,5431,Research Governance,Governance Reviewer,KEEP,SOURCE_MISSING_RECHECK,,FALSE,MISSING_SOURCE_AT_EXECUTION,"A005 listed this external reference path, but it is not present in the current workspace; no delete or move was performed."
참고 Context/4. TradingAgents-main/tradingagents/dataflows/stockstats_utils.py,UNKNOWN_NEEDS_REVIEW,4718,Research Governance,Governance Reviewer,KEEP,SOURCE_MISSING_RECHECK,,FALSE,MISSING_SOURCE_AT_EXECUTION,"A005 listed this external reference path, but it is not present in the current workspace; no delete or move was performed."
참고 Context/4. TradingAgents-main/tradingagents/dataflows/utils.py,UNKNOWN_NEEDS_REVIEW,2652,Research Governance,Governance Reviewer,KEEP,SOURCE_MISSING_RECHECK,,FALSE,MISSING_SOURCE_AT_EXECUTION,"A005 listed this external reference path, but it is not present in the current workspace; no delete or move was performed."
참고 Context/4. TradingAgents-main/tradingagents/dataflows/y_finance.py,UNKNOWN_NEEDS_REVIEW,16816,Research Governance,Governance Reviewer,KEEP,SOURCE_MISSING_RECHECK,,FALSE,MISSING_SOURCE_AT_EXECUTION,"A005 listed this external reference path, but it is not present in the current workspace; no delete or move was performed."
참고 Context/4. TradingAgents-main/tradingagents/dataflows/yfinance_news.py,UNKNOWN_NEEDS_REVIEW,6530,Research Governance,Governance Reviewer,KEEP,SOURCE_MISSING_RECHECK,,FALSE,MISSING_SOURCE_AT_EXECUTION,"A005 listed this external reference path, but it is not present in the current workspace; no delete or move was performed."
참고 Context/4. TradingAgents-main/tradingagents/default_config.py,UNKNOWN_NEEDS_REVIEW,2664,Research Governance,Governance Reviewer,KEEP,SOURCE_MISSING_RECHECK,,FALSE,MISSING_SOURCE_AT_EXECUTION,"A005 listed this external reference path, but it is not present in the current workspace; no delete or move was performed."
참고 Context/4. TradingAgents-main/tradingagents/graph/__init__.py,UNKNOWN_NEEDS_REVIEW,417,Research Governance,Governance Reviewer,KEEP,SOURCE_MISSING_RECHECK,,FALSE,MISSING_SOURCE_AT_EXECUTION,"A005 listed this external reference path, but it is not present in the current workspace; no delete or move was performed."
참고 Context/4. TradingAgents-main/tradingagents/graph/checkpointer.py,UNKNOWN_NEEDS_REVIEW,2930,Research Governance,Governance Reviewer,KEEP,SOURCE_MISSING_RECHECK,,FALSE,MISSING_SOURCE_AT_EXECUTION,"A005 listed this external reference path, but it is not present in the current workspace; no delete or move was performed."
참고 Context/4. TradingAgents-main/tradingagents/graph/conditional_logic.py,UNKNOWN_NEEDS_REVIEW,2711,Research Governance,Governance Reviewer,KEEP,SOURCE_MISSING_RECHECK,,FALSE,MISSING_SOURCE_AT_EXECUTION,"A005 listed this external reference path, but it is not present in the current workspace; no delete or move was performed."
참고 Context/4. TradingAgents-main/tradingagents/graph/propagation.py,UNKNOWN_NEEDS_REVIEW,2431,Research Governance,Governance Reviewer,KEEP,SOURCE_MISSING_RECHECK,,FALSE,MISSING_SOURCE_AT_EXECUTION,"A005 listed this external reference path, but it is not present in the current workspace; no delete or move was performed."
참고 Context/4. TradingAgents-main/tradingagents/graph/reflection.py,UNKNOWN_NEEDS_REVIEW,2136,Research Governance,Governance Reviewer,KEEP,SOURCE_MISSING_RECHECK,,FALSE,MISSING_SOURCE_AT_EXECUTION,"A005 listed this external reference path, but it is not present in the current workspace; no delete or move was performed."
참고 Context/4. TradingAgents-main/tradingagents/graph/setup.py,UNKNOWN_NEEDS_REVIEW,7211,Research Governance,Governance Reviewer,KEEP,SOURCE_MISSING_RECHECK,,FALSE,MISSING_SOURCE_AT_EXECUTION,"A005 listed this external reference path, but it is not present in the current workspace; no delete or move was performed."
참고 Context/4. TradingAgents-main/tradingagents/graph/signal_processing.py,UNKNOWN_NEEDS_REVIEW,1299,Research Governance,Governance Reviewer,KEEP,SOURCE_MISSING_RECHECK,,FALSE,MISSING_SOURCE_AT_EXECUTION,"A005 listed this external reference path, but it is not present in the current workspace; no delete or move was performed."
참고 Context/4. TradingAgents-main/tradingagents/graph/trading_graph.py,UNKNOWN_NEEDS_REVIEW,15404,Research Governance,Governance Reviewer,KEEP,SOURCE_MISSING_RECHECK,,FALSE,MISSING_SOURCE_AT_EXECUTION,"A005 listed this external reference path, but it is not present in the current workspace; no delete or move was performed."
참고 Context/4. TradingAgents-main/tradingagents/llm_clients/TODO.md,UNKNOWN_NEEDS_REVIEW,516,Research Governance,Governance Reviewer,KEEP,SOURCE_MISSING_RECHECK,,FALSE,MISSING_SOURCE_AT_EXECUTION,"A005 listed this external reference path, but it is not present in the current workspace; no delete or move was performed."
참고 Context/4. TradingAgents-main/tradingagents/llm_clients/__init__.py,UNKNOWN_NEEDS_REVIEW,128,Research Governance,Governance Reviewer,KEEP,SOURCE_MISSING_RECHECK,,FALSE,MISSING_SOURCE_AT_EXECUTION,"A005 listed this external reference path, but it is not present in the current workspace; no delete or move was performed."
참고 Context/4. TradingAgents-main/tradingagents/llm_clients/anthropic_client.py,UNKNOWN_NEEDS_REVIEW,1506,Research Governance,Governance Reviewer,KEEP,SOURCE_MISSING_RECHECK,,FALSE,MISSING_SOURCE_AT_EXECUTION,"A005 listed this external reference path, but it is not present in the current workspace; no delete or move was performed."
참고 Context/4. TradingAgents-main/tradingagents/llm_clients/azure_client.py,UNKNOWN_NEEDS_REVIEW,1653,Research Governance,Governance Reviewer,KEEP,SOURCE_MISSING_RECHECK,,FALSE,MISSING_SOURCE_AT_EXECUTION,"A005 listed this external reference path, but it is not present in the current workspace; no delete or move was performed."
참고 Context/4. TradingAgents-main/tradingagents/llm_clients/base_client.py,UNKNOWN_NEEDS_REVIEW,2082,Research Governance,Governance Reviewer,KEEP,SOURCE_MISSING_RECHECK,,FALSE,MISSING_SOURCE_AT_EXECUTION,"A005 listed this external reference path, but it is not present in the current workspace; no delete or move was performed."
참고 Context/4. TradingAgents-main/tradingagents/llm_clients/factory.py,UNKNOWN_NEEDS_REVIEW,1638,Research Governance,Governance Reviewer,KEEP,SOURCE_MISSING_RECHECK,,FALSE,MISSING_SOURCE_AT_EXECUTION,"A005 listed this external reference path, but it is not present in the current workspace; no delete or move was performed."
참고 Context/4. TradingAgents-main/tradingagents/llm_clients/google_client.py,UNKNOWN_NEEDS_REVIEW,2468,Research Governance,Governance Reviewer,KEEP,SOURCE_MISSING_RECHECK,,FALSE,MISSING_SOURCE_AT_EXECUTION,"A005 listed this external reference path, but it is not present in the current workspace; no delete or move was performed."
참고 Context/4. TradingAgents-main/tradingagents/llm_clients/model_catalog.py,UNKNOWN_NEEDS_REVIEW,5354,Research Governance,Governance Reviewer,KEEP,SOURCE_MISSING_RECHECK,,FALSE,MISSING_SOURCE_AT_EXECUTION,"A005 listed this external reference path, but it is not present in the current workspace; no delete or move was performed."
참고 Context/4. TradingAgents-main/tradingagents/llm_clients/openai_client.py,UNKNOWN_NEEDS_REVIEW,7449,Research Governance,Governance Reviewer,KEEP,SOURCE_MISSING_RECHECK,,FALSE,MISSING_SOURCE_AT_EXECUTION,"A005 listed this external reference path, but it is not present in the current workspace; no delete or move was performed."
참고 Context/4. TradingAgents-main/tradingagents/llm_clients/validators.py,UNKNOWN_NEEDS_REVIEW,639,Research Governance,Governance Reviewer,KEEP,SOURCE_MISSING_RECHECK,,FALSE,MISSING_SOURCE_AT_EXECUTION,"A005 listed this external reference path, but it is not present in the current workspace; no delete or move was performed."
참고 Context/4. TradingAgents-main/uv.lock,UNKNOWN_NEEDS_REVIEW,666506,Research Governance,Governance Reviewer,KEEP,SOURCE_MISSING_RECHECK,,FALSE,MISSING_SOURCE_AT_EXECUTION,"A005 listed this external reference path, but it is not present in the current workspace; no delete or move was performed."
참고 Context/5. vibe-investing-main/01.Trading Strategy/Awesome claude quant scripts/AI supply chain bayesian analysis/AI supply chain bayesian analysis kr.MD,UNKNOWN_NEEDS_REVIEW,18735,Research Governance,Governance Reviewer,KEEP,SOURCE_MISSING_RECHECK,,FALSE,MISSING_SOURCE_AT_EXECUTION,"A005 listed this external reference path, but it is not present in the current workspace; no delete or move was performed."
참고 Context/5. vibe-investing-main/01.Trading Strategy/Awesome claude quant scripts/AI supply chain bayesian analysis/readme.MD,UNKNOWN_NEEDS_REVIEW,9689,Research Governance,Governance Reviewer,KEEP,SOURCE_MISSING_RECHECK,,FALSE,MISSING_SOURCE_AT_EXECUTION,"A005 listed this external reference path, but it is not present in the current workspace; no delete or move was performed."
참고 Context/5. vibe-investing-main/01.Trading Strategy/Awesome claude quant scripts/AI supply chain bayesian analysis/src/Bayesian long prompt.txt,UNKNOWN_NEEDS_REVIEW,2871,Research Governance,Governance Reviewer,KEEP,SOURCE_MISSING_RECHECK,,FALSE,MISSING_SOURCE_AT_EXECUTION,"A005 listed this external reference path, but it is not present in the current workspace; no delete or move was performed."
참고 Context/5. vibe-investing-main/01.Trading Strategy/Awesome claude quant scripts/Awesome claude quant scripts.MD,UNKNOWN_NEEDS_REVIEW,26687,Research Governance,Governance Reviewer,KEEP,SOURCE_MISSING_RECHECK,,FALSE,MISSING_SOURCE_AT_EXECUTION,"A005 listed this external reference path, but it is not present in the current workspace; no delete or move was performed."
참고 Context/5. vibe-investing-main/01.Trading Strategy/Awesome claude quant scripts/DAT quant strategy/DAT quant strategy kr.MD,UNKNOWN_NEEDS_REVIEW,31663,Research Governance,Governance Reviewer,KEEP,SOURCE_MISSING_RECHECK,,FALSE,MISSING_SOURCE_AT_EXECUTION,"A005 listed this external reference path, but it is not present in the current workspace; no delete or move was performed."
참고 Context/5. vibe-investing-main/01.Trading Strategy/Awesome claude quant scripts/DAT quant strategy/readme.MD,UNKNOWN_NEEDS_REVIEW,9080,Research Governance,Governance Reviewer,KEEP,SOURCE_MISSING_RECHECK,,FALSE,MISSING_SOURCE_AT_EXECUTION,"A005 listed this external reference path, but it is not present in the current workspace; no delete or move was performed."
참고 Context/5. vibe-investing-main/01.Trading Strategy/Awesome claude quant scripts/DAT quant strategy/src/DatZScoreStrategy.kt,UNKNOWN_NEEDS_REVIEW,13185,Research Governance,Governance Reviewer,KEEP,SOURCE_MISSING_RECHECK,,FALSE,MISSING_SOURCE_AT_EXECUTION,"A005 listed this external reference path, but it is not present in the current workspace; no delete or move was performed."
참고 Context/5. vibe-investing-main/01.Trading Strategy/Awesome claude quant scripts/DAT quant strategy/src/build.gradle.kts,UNKNOWN_NEEDS_REVIEW,1436,Research Governance,Governance Reviewer,KEEP,SOURCE_MISSING_RECHECK,,FALSE,MISSING_SOURCE_AT_EXECUTION,"A005 listed this external reference path, but it is not present in the current workspace; no delete or move was performed."
참고 Context/5. vibe-investing-main/01.Trading Strategy/Awesome claude quant scripts/DAT quant strategy/src/dat_zscore_strategy.py,UNKNOWN_NEEDS_REVIEW,11276,Research Governance,Governance Reviewer,KEEP,SOURCE_MISSING_RECHECK,,FALSE,MISSING_SOURCE_AT_EXECUTION,"A005 listed this external reference path, but it is not present in the current workspace; no delete or move was performed."
참고 Context/5. vibe-investing-main/01.Trading Strategy/Awesome claude quant scripts/DAT quant strategy/src/requirements.txt,UNKNOWN_NEEDS_REVIEW,166,Research Governance,Governance Reviewer,KEEP,SOURCE_MISSING_RECHECK,,FALSE,MISSING_SOURCE_AT_EXECUTION,"A005 listed this external reference path, but it is not present in the current workspace; no delete or move was performed."
참고 Context/5. vibe-investing-main/01.Trading Strategy/Awesome claude quant scripts/Declining Stock Quant Script Using LLM/Bearish stocks analysis 20260426.MD,UNKNOWN_NEEDS_REVIEW,12004,Research Governance,Governance Reviewer,KEEP,SOURCE_MISSING_RECHECK,,FALSE,MISSING_SOURCE_AT_EXECUTION,"A005 listed this external reference path, but it is not present in the current workspace; no delete or move was performed."
참고 Context/5. vibe-investing-main/01.Trading Strategy/Awesome claude quant scripts/Declining Stock Quant Script Using LLM/Declining Stock Quant Script Using LLM.MD,UNKNOWN_NEEDS_REVIEW,6727,Research Governance,Governance Reviewer,KEEP,SOURCE_MISSING_RECHECK,,FALSE,MISSING_SOURCE_AT_EXECUTION,"A005 listed this external reference path, but it is not present in the current workspace; no delete or move was performed."
참고 Context/5. vibe-investing-main/01.Trading Strategy/Awesome claude quant scripts/Dividend growth prompt/Dividend Growth Prompt kr.MD,UNKNOWN_NEEDS_REVIEW,10703,Research Governance,Governance Reviewer,KEEP,SOURCE_MISSING_RECHECK,,FALSE,MISSING_SOURCE_AT_EXECUTION,"A005 listed this external reference path, but it is not present in the current workspace; no delete or move was performed."
참고 Context/5. vibe-investing-main/01.Trading Strategy/Awesome claude quant scripts/Dividend growth prompt/Dividend_Growth_Prompt_EN.md,UNKNOWN_NEEDS_REVIEW,10506,Research Governance,Governance Reviewer,KEEP,SOURCE_MISSING_RECHECK,,FALSE,MISSING_SOURCE_AT_EXECUTION,"A005 listed this external reference path, but it is not present in the current workspace; no delete or move was performed."
참고 Context/5. vibe-investing-main/01.Trading Strategy/Awesome claude quant scripts/Dividend growth prompt/Readme.md,UNKNOWN_NEEDS_REVIEW,27125,Research Governance,Governance Reviewer,KEEP,SOURCE_MISSING_RECHECK,,FALSE,MISSING_SOURCE_AT_EXECUTION,"A005 listed this external reference path, but it is not present in the current workspace; no delete or move was performed."
참고 Context/5. vibe-investing-main/01.Trading Strategy/Awesome claude quant scripts/Dividend growth prompt/result/Claude_Dividend_Growth_Portfolio_Report_2026Q2.md,UNKNOWN_NEEDS_REVIEW,24607,Research Governance,Governance Reviewer,KEEP,SOURCE_MISSING_RECHECK,,FALSE,MISSING_SOURCE_AT_EXECUTION,"A005 listed this external reference path, but it is not present in the current workspace; no delete or move was performed."
참고 Context/5. vibe-investing-main/01.Trading Strategy/Awesome claude quant scripts/Dividend growth prompt/result/DeepSeek Prompt Result260502.MD,UNKNOWN_NEEDS_REVIEW,10536,Research Governance,Governance Reviewer,KEEP,SOURCE_MISSING_RECHECK,,FALSE,MISSING_SOURCE_AT_EXECUTION,"A005 listed this external reference path, but it is not present in the current workspace; no delete or move was performed."
참고 Context/5. vibe-investing-main/01.Trading Strategy/Awesome claude quant scripts/Dividend growth prompt/result/Gemini_Dividend_Growth_Portfolio_2026.md,UNKNOWN_NEEDS_REVIEW,6050,Research Governance,Governance Reviewer,KEEP,SOURCE_MISSING_RECHECK,,FALSE,MISSING_SOURCE_AT_EXECUTION,"A005 listed this external reference path, but it is not present in the current workspace; no delete or move was performed."
참고 Context/5. vibe-investing-main/01.Trading Strategy/Awesome claude quant scripts/Long-Term Dividend Investing/Long term dividend quant script kr.MD,UNKNOWN_NEEDS_REVIEW,32257,Research Governance,Governance Reviewer,KEEP,SOURCE_MISSING_RECHECK,,FALSE,MISSING_SOURCE_AT_EXECUTION,"A005 listed this external reference path, but it is not present in the current workspace; no delete or move was performed."
참고 Context/5. vibe-investing-main/01.Trading Strategy/Awesome claude quant scripts/Readme.MD,UNKNOWN_NEEDS_REVIEW,8447,Research Governance,Governance Reviewer,KEEP,SOURCE_MISSING_RECHECK,,FALSE,MISSING_SOURCE_AT_EXECUTION,"A005 listed this external reference path, but it is not present in the current workspace; no delete or move was performed."
참고 Context/5. vibe-investing-main/01.Trading Strategy/Awesome claude quant scripts/Sample Readme.MD,UNKNOWN_NEEDS_REVIEW,381,Research Governance,Governance Reviewer,KEEP,SOURCE_MISSING_RECHECK,,FALSE,MISSING_SOURCE_AT_EXECUTION,"A005 listed this external reference path, but it is not present in the current workspace; no delete or move was performed."
참고 Context/5. vibe-investing-main/01.Trading Strategy/Awesome claude quant scripts/Sample/Sample Readme.MD,UNKNOWN_NEEDS_REVIEW,6601,Research Governance,Governance Reviewer,KEEP,SOURCE_MISSING_RECHECK,,FALSE,MISSING_SOURCE_AT_EXECUTION,"A005 listed this external reference path, but it is not present in the current workspace; no delete or move was performed."
참고 Context/5. vibe-investing-main/01.Trading Strategy/Awesome claude quant scripts/Sample/growth_screener.py,UNKNOWN_NEEDS_REVIEW,10116,Research Governance,Governance Reviewer,KEEP,SOURCE_MISSING_RECHECK,,FALSE,MISSING_SOURCE_AT_EXECUTION,"A005 listed this external reference path, but it is not present in the current workspace; no delete or move was performed."
참고 Context/5. vibe-investing-main/01.Trading Strategy/Awesome claude quant scripts/Sample/sample_growth_screen_results.csv,UNKNOWN_NEEDS_REVIEW,2993,Research Governance,Governance Reviewer,KEEP,SOURCE_MISSING_RECHECK,,FALSE,MISSING_SOURCE_AT_EXECUTION,"A005 listed this external reference path, but it is not present in the current workspace; no delete or move was performed."
참고 Context/5. vibe-investing-main/01.Trading Strategy/Awesome claude quant scripts/trading map.png,UNKNOWN_NEEDS_REVIEW,119596,Research Governance,Governance Reviewer,KEEP,SOURCE_MISSING_RECHECK,,FALSE,MISSING_SOURCE_AT_EXECUTION,"A005 listed this external reference path, but it is not present in the current workspace; no delete or move was performed."
참고 Context/5. vibe-investing-main/01.Trading Strategy/BNB Trading Bot/README_CN .md,UNKNOWN_NEEDS_REVIEW,7963,Research Governance,Governance Reviewer,KEEP,SOURCE_MISSING_RECHECK,,FALSE,MISSING_SOURCE_AT_EXECUTION,"A005 listed this external reference path, but it is not present in the current workspace; no delete or move was performed."
참고 Context/5. vibe-investing-main/01.Trading Strategy/BNB Trading Bot/README_EN.md,UNKNOWN_NEEDS_REVIEW,8256,Research Governance,Governance Reviewer,KEEP,SOURCE_MISSING_RECHECK,,FALSE,MISSING_SOURCE_AT_EXECUTION,"A005 listed this external reference path, but it is not present in the current workspace; no delete or move was performed."
참고 Context/5. vibe-investing-main/01.Trading Strategy/BNB Trading Bot/Readme.md,UNKNOWN_NEEDS_REVIEW,8457,Research Governance,Governance Reviewer,KEEP,SOURCE_MISSING_RECHECK,,FALSE,MISSING_SOURCE_AT_EXECUTION,"A005 listed this external reference path, but it is not present in the current workspace; no delete or move was performed."
참고 Context/5. vibe-investing-main/01.Trading Strategy/BNB Trading Bot/data/00_summary.json,UNKNOWN_NEEDS_REVIEW,703,Research Governance,Governance Reviewer,KEEP,SOURCE_MISSING_RECHECK,,FALSE,MISSING_SOURCE_AT_EXECUTION,"A005 listed this external reference path, but it is not present in the current workspace; no delete or move was performed."
참고 Context/5. vibe-investing-main/01.Trading Strategy/BNB Trading Bot/data/01_prices.csv,UNKNOWN_NEEDS_REVIEW,90107,Research Governance,Governance Reviewer,KEEP,SOURCE_MISSING_RECHECK,,FALSE,MISSING_SOURCE_AT_EXECUTION,"A005 listed this external reference path, but it is not present in the current workspace; no delete or move was performed."
참고 Context/5. vibe-investing-main/01.Trading Strategy/BNB Trading Bot/data/02_returns.csv,UNKNOWN_NEEDS_REVIEW,109276,Research Governance,Governance Reviewer,KEEP,SOURCE_MISSING_RECHECK,,FALSE,MISSING_SOURCE_AT_EXECUTION,"A005 listed this external reference path, but it is not present in the current workspace; no delete or move was performed."
참고 Context/5. vibe-investing-main/01.Trading Strategy/BNB Trading Bot/data/03_window_returns.csv,UNKNOWN_NEEDS_REVIEW,196,Research Governance,Governance Reviewer,KEEP,SOURCE_MISSING_RECHECK,,FALSE,MISSING_SOURCE_AT_EXECUTION,"A005 listed this external reference path, but it is not present in the current workspace; no delete or move was performed."
참고 Context/5. vibe-investing-main/01.Trading Strategy/BNB Trading Bot/data/04_yearly_correlation.csv,UNKNOWN_NEEDS_REVIEW,96,Research Governance,Governance Reviewer,KEEP,SOURCE_MISSING_RECHECK,,FALSE,MISSING_SOURCE_AT_EXECUTION,"A005 listed this external reference path, but it is not present in the current workspace; no delete or move was performed."
참고 Context/5. vibe-investing-main/01.Trading Strategy/BNB Trading Bot/data/05_rolling_corr_30d.csv,UNKNOWN_NEEDS_REVIEW,42845,Research Governance,Governance Reviewer,KEEP,SOURCE_MISSING_RECHECK,,FALSE,MISSING_SOURCE_AT_EXECUTION,"A005 listed this external reference path, but it is not present in the current workspace; no delete or move was performed."
참고 Context/5. vibe-investing-main/01.Trading Strategy/BNB Trading Bot/data/06_lead_lag.csv,UNKNOWN_NEEDS_REVIEW,360,Research Governance,Governance Reviewer,KEEP,SOURCE_MISSING_RECHECK,,FALSE,MISSING_SOURCE_AT_EXECUTION,"A005 listed this external reference path, but it is not present in the current workspace; no delete or move was performed."
참고 Context/5. vibe-investing-main/01.Trading Strategy/BNB Trading Bot/data/08_trend_transition_delays.csv,UNKNOWN_NEEDS_REVIEW,802,Research Governance,Governance Reviewer,KEEP,SOURCE_MISSING_RECHECK,,FALSE,MISSING_SOURCE_AT_EXECUTION,"A005 listed this external reference path, but it is not present in the current workspace; no delete or move was performed."
참고 Context/5. vibe-investing-main/01.Trading Strategy/BNB Trading Bot/data/09_backtest_metrics.csv,UNKNOWN_NEEDS_REVIEW,252,Research Governance,Governance Reviewer,KEEP,SOURCE_MISSING_RECHECK,,FALSE,MISSING_SOURCE_AT_EXECUTION,"A005 listed this external reference path, but it is not present in the current workspace; no delete or move was performed."
참고 Context/5. vibe-investing-main/01.Trading Strategy/BNB Trading Bot/data/10_individual_trades.csv,UNKNOWN_NEEDS_REVIEW,756,Research Governance,Governance Reviewer,KEEP,SOURCE_MISSING_RECHECK,,FALSE,MISSING_SOURCE_AT_EXECUTION,"A005 listed this external reference path, but it is not present in the current workspace; no delete or move was performed."
참고 Context/5. vibe-investing-main/01.Trading Strategy/BNB Trading Bot/data/11_backtest_daily.csv,UNKNOWN_NEEDS_REVIEW,251313,Research Governance,Governance Reviewer,KEEP,SOURCE_MISSING_RECHECK,,FALSE,MISSING_SOURCE_AT_EXECUTION,"A005 listed this external reference path, but it is not present in the current workspace; no delete or move was performed."
참고 Context/5. vibe-investing-main/01.Trading Strategy/BNB Trading Bot/data/12_current_signal.json,UNKNOWN_NEEDS_REVIEW,210,Research Governance,Governance Reviewer,KEEP,SOURCE_MISSING_RECHECK,,FALSE,MISSING_SOURCE_AT_EXECUTION,"A005 listed this external reference path, but it is not present in the current workspace; no delete or move was performed."
참고 Context/5. vibe-investing-main/01.Trading Strategy/BNB Trading Bot/data/description.md,UNKNOWN_NEEDS_REVIEW,680,Research Governance,Governance Reviewer,KEEP,SOURCE_MISSING_RECHECK,,FALSE,MISSING_SOURCE_AT_EXECUTION,"A005 listed this external reference path, but it is not present in the current workspace; no delete or move was performed."
참고 Context/5. vibe-investing-main/01.Trading Strategy/BNB Trading Bot/src/bnb_signal.py,UNKNOWN_NEEDS_REVIEW,10005,Research Governance,Governance Reviewer,KEEP,SOURCE_MISSING_RECHECK,,FALSE,MISSING_SOURCE_AT_EXECUTION,"A005 listed this external reference path, but it is not present in the current workspace; no delete or move was performed."
참고 Context/5. vibe-investing-main/01.Trading Strategy/BNB Trading Bot/src/readme.md,UNKNOWN_NEEDS_REVIEW,71,Research Governance,Governance Reviewer,KEEP,SOURCE_MISSING_RECHECK,,FALSE,MISSING_SOURCE_AT_EXECUTION,"A005 listed this external reference path, but it is not present in the current workspace; no delete or move was performed."
참고 Context/5. vibe-investing-main/01.Trading Strategy/Binance Listing Day Crash/IdeaNote.MD,UNKNOWN_NEEDS_REVIEW,585,Research Governance,Governance Reviewer,KEEP,SOURCE_MISSING_RECHECK,,FALSE,MISSING_SOURCE_AT_EXECUTION,"A005 listed this external reference path, but it is not present in the current workspace; no delete or move was performed."
참고 Context/5. vibe-investing-main/01.Trading Strategy/Binance Listing Day Crash/Listing day crash analysis.md,UNKNOWN_NEEDS_REVIEW,31019,Research Governance,Governance Reviewer,KEEP,SOURCE_MISSING_RECHECK,,FALSE,MISSING_SOURCE_AT_EXECUTION,"A005 listed this external reference path, but it is not present in the current workspace; no delete or move was performed."
참고 Context/5. vibe-investing-main/01.Trading Strategy/Binance Listing Day Crash/Listing day crash selfcritique roadmap.md,UNKNOWN_NEEDS_REVIEW,24682,Research Governance,Governance Reviewer,KEEP,SOURCE_MISSING_RECHECK,,FALSE,MISSING_SOURCE_AT_EXECUTION,"A005 listed this external reference path, but it is not present in the current workspace; no delete or move was performed."
참고 Context/5. vibe-investing-main/01.Trading Strategy/Binance Listing Day Crash/data/01_binance_listing_day_crashes_2024_2025.csv,UNKNOWN_NEEDS_REVIEW,7619,Research Governance,Governance Reviewer,KEEP,SOURCE_MISSING_RECHECK,,FALSE,MISSING_SOURCE_AT_EXECUTION,"A005 listed this external reference path, but it is not present in the current workspace; no delete or move was performed."
참고 Context/5. vibe-investing-main/01.Trading Strategy/Binance Listing Day Crash/data/02_hypothesis_verification_summary.csv,UNKNOWN_NEEDS_REVIEW,1675,Research Governance,Governance Reviewer,KEEP,SOURCE_MISSING_RECHECK,,FALSE,MISSING_SOURCE_AT_EXECUTION,"A005 listed this external reference path, but it is not present in the current workspace; no delete or move was performed."
참고 Context/5. vibe-investing-main/01.Trading Strategy/Binance Listing Day Crash/data/03_mechanism_analysis.csv,UNKNOWN_NEEDS_REVIEW,754,Research Governance,Governance Reviewer,KEEP,SOURCE_MISSING_RECHECK,,FALSE,MISSING_SOURCE_AT_EXECUTION,"A005 listed this external reference path, but it is not present in the current workspace; no delete or move was performed."
참고 Context/5. vibe-investing-main/01.Trading Strategy/Binance Listing Day Crash/data/04_btc_relative_matrix.csv,UNKNOWN_NEEDS_REVIEW,679,Research Governance,Governance Reviewer,KEEP,SOURCE_MISSING_RECHECK,,FALSE,MISSING_SOURCE_AT_EXECUTION,"A005 listed this external reference path, but it is not present in the current workspace; no delete or move was performed."
참고 Context/5. vibe-investing-main/01.Trading Strategy/Binance Listing Day Crash/data/description.md,UNKNOWN_NEEDS_REVIEW,19,Research Governance,Governance Reviewer,KEEP,SOURCE_MISSING_RECHECK,,FALSE,MISSING_SOURCE_AT_EXECUTION,"A005 listed this external reference path, but it is not present in the current workspace; no delete or move was performed."
참고 Context/5. vibe-investing-main/01.Trading Strategy/Binance Listing Day Crash/src/description.md,UNKNOWN_NEEDS_REVIEW,14,Research Governance,Governance Reviewer,KEEP,SOURCE_MISSING_RECHECK,,FALSE,MISSING_SOURCE_AT_EXECUTION,"A005 listed this external reference path, but it is not present in the current workspace; no delete or move was performed."
참고 Context/5. vibe-investing-main/01.Trading Strategy/Binance Listing Day Crash/src/listing_counter_trading_bot.py,UNKNOWN_NEEDS_REVIEW,19312,Research Governance,Governance Reviewer,KEEP,SOURCE_MISSING_RECHECK,,FALSE,MISSING_SOURCE_AT_EXECUTION,"A005 listed this external reference path, but it is not present in the current workspace; no delete or move was performed."
참고 Context/5. vibe-investing-main/01.Trading Strategy/Binance Listing Day Crash/src/listing_day_analyzer.py,UNKNOWN_NEEDS_REVIEW,18548,Research Governance,Governance Reviewer,KEEP,SOURCE_MISSING_RECHECK,,FALSE,MISSING_SOURCE_AT_EXECUTION,"A005 listed this external reference path, but it is not present in the current workspace; no delete or move was performed."
참고 Context/5. vibe-investing-main/01.Trading Strategy/ChainWar/IdeaNote_ChainWar.MD,UNKNOWN_NEEDS_REVIEW,27086,Research Governance,Governance Reviewer,KEEP,SOURCE_MISSING_RECHECK,,FALSE,MISSING_SOURCE_AT_EXECUTION,"A005 listed this external reference path, but it is not present in the current workspace; no delete or move was performed."
참고 Context/5. vibe-investing-main/01.Trading Strategy/Disclosure Timing Around Token Unlocks/ideanote disclosuretiming kr.MD,UNKNOWN_NEEDS_REVIEW,33784,Research Governance,Governance Reviewer,KEEP,SOURCE_MISSING_RECHECK,,FALSE,MISSING_SOURCE_AT_EXECUTION,"A005 listed this external reference path, but it is not present in the current workspace; no delete or move was performed."
참고 Context/5. vibe-investing-main/01.Trading Strategy/Disclosure Timing Around Token Unlocks/ideanote disclosuretiming.MD,UNKNOWN_NEEDS_REVIEW,32571,Research Governance,Governance Reviewer,KEEP,SOURCE_MISSING_RECHECK,,FALSE,MISSING_SOURCE_AT_EXECUTION,"A005 listed this external reference path, but it is not present in the current workspace; no delete or move was performed."
참고 Context/5. vibe-investing-main/01.Trading Strategy/Investment Strategy Based on Bitcoin and Nasdaq Coupling/IdeaNodte.MD,UNKNOWN_NEEDS_REVIEW,466,Research Governance,Governance Reviewer,KEEP,SOURCE_MISSING_RECHECK,,FALSE,MISSING_SOURCE_AT_EXECUTION,"A005 listed this external reference path, but it is not present in the current workspace; no delete or move was performed."
참고 Context/5. vibe-investing-main/01.Trading Strategy/Investment Strategy Based on Bitcoin and Nasdaq Coupling/Nasdaq crypto coupling strategy.MD,UNKNOWN_NEEDS_REVIEW,28557,Research Governance,Governance Reviewer,KEEP,SOURCE_MISSING_RECHECK,,FALSE,MISSING_SOURCE_AT_EXECUTION,"A005 listed this external reference path, but it is not present in the current workspace; no delete or move was performed."
참고 Context/5. vibe-investing-main/01.Trading Strategy/Investment Strategy Based on Bitcoin and Nasdaq Coupling/btc_nasdaq_event_log.csv,UNKNOWN_NEEDS_REVIEW,3162,Research Governance,Governance Reviewer,KEEP,SOURCE_MISSING_RECHECK,,FALSE,MISSING_SOURCE_AT_EXECUTION,"A005 listed this external reference path, but it is not present in the current workspace; no delete or move was performed."
참고 Context/5. vibe-investing-main/01.Trading Strategy/Investment Strategy Based on Bitcoin and Nasdaq Coupling/btc_qqq_correlation_2020_2026.csv,UNKNOWN_NEEDS_REVIEW,2546,Research Governance,Governance Reviewer,KEEP,SOURCE_MISSING_RECHECK,,FALSE,MISSING_SOURCE_AT_EXECUTION,"A005 listed this external reference path, but it is not present in the current workspace; no delete or move was performed."
참고 Context/5. vibe-investing-main/01.Trading Strategy/Investment Strategy Based on Bitcoin and Nasdaq Coupling/correlation_regimes_signals.csv,UNKNOWN_NEEDS_REVIEW,1706,Research Governance,Governance Reviewer,KEEP,SOURCE_MISSING_RECHECK,,FALSE,MISSING_SOURCE_AT_EXECUTION,"A005 listed this external reference path, but it is not present in the current workspace; no delete or move was performed."
참고 Context/5. vibe-investing-main/01.Trading Strategy/Investment Strategy Based on Bitcoin and Nasdaq Coupling/intraday_coupling_samples.csv,UNKNOWN_NEEDS_REVIEW,8753,Research Governance,Governance Reviewer,KEEP,SOURCE_MISSING_RECHECK,,FALSE,MISSING_SOURCE_AT_EXECUTION,"A005 listed this external reference path, but it is not present in the current workspace; no delete or move was performed."
참고 Context/5. vibe-investing-main/01.Trading Strategy/Investment Strategy Based on Bitcoin and Nasdaq Coupling/nasdaq_btc_coupling_bot.py,UNKNOWN_NEEDS_REVIEW,20370,Research Governance,Governance Reviewer,KEEP,SOURCE_MISSING_RECHECK,,FALSE,MISSING_SOURCE_AT_EXECUTION,"A005 listed this external reference path, but it is not present in the current workspace; no delete or move was performed."
참고 Context/5. vibe-investing-main/01.Trading Strategy/Luxury investment strategy/Luxury investment strategy.md,UNKNOWN_NEEDS_REVIEW,28761,Research Governance,Governance Reviewer,KEEP,SOURCE_MISSING_RECHECK,,FALSE,MISSING_SOURCE_AT_EXECUTION,"A005 listed this external reference path, but it is not present in the current workspace; no delete or move was performed."
참고 Context/5. vibe-investing-main/01.Trading Strategy/Luxury investment strategy/luxury_backtest_3strategies.csv,UNKNOWN_NEEDS_REVIEW,23883,Research Governance,Governance Reviewer,KEEP,SOURCE_MISSING_RECHECK,,FALSE,MISSING_SOURCE_AT_EXECUTION,"A005 listed this external reference path, but it is not present in the current workspace; no delete or move was performed."
참고 Context/5. vibe-investing-main/01.Trading Strategy/Luxury investment strategy/luxury_companies_etfs_2026.csv,UNKNOWN_NEEDS_REVIEW,3656,Research Governance,Governance Reviewer,KEEP,SOURCE_MISSING_RECHECK,,FALSE,MISSING_SOURCE_AT_EXECUTION,"A005 listed this external reference path, but it is not present in the current workspace; no delete or move was performed."
참고 Context/5. vibe-investing-main/01.Trading Strategy/Luxury investment strategy/luxury_performance_2020_2026.csv,UNKNOWN_NEEDS_REVIEW,587,Research Governance,Governance Reviewer,KEEP,SOURCE_MISSING_RECHECK,,FALSE,MISSING_SOURCE_AT_EXECUTION,"A005 listed this external reference path, but it is not present in the current workspace; no delete or move was performed."
참고 Context/5. vibe-investing-main/01.Trading Strategy/Luxury investment strategy/luxury_portfolio_by_risk.csv,UNKNOWN_NEEDS_REVIEW,1463,Research Governance,Governance Reviewer,KEEP,SOURCE_MISSING_RECHECK,,FALSE,MISSING_SOURCE_AT_EXECUTION,"A005 listed this external reference path, but it is not present in the current workspace; no delete or move was performed."
참고 Context/5. vibe-investing-main/01.Trading Strategy/Nasdaq short selling strategy/IdeaNote.MD,UNKNOWN_NEEDS_REVIEW,287,Research Governance,Governance Reviewer,KEEP,SOURCE_MISSING_RECHECK,,FALSE,MISSING_SOURCE_AT_EXECUTION,"A005 listed this external reference path, but it is not present in the current workspace; no delete or move was performed."
참고 Context/5. vibe-investing-main/01.Trading Strategy/Readme.MD,UNKNOWN_NEEDS_REVIEW,3307,Research Governance,Governance Reviewer,KEEP,SOURCE_MISSING_RECHECK,,FALSE,MISSING_SOURCE_AT_EXECUTION,"A005 listed this external reference path, but it is not present in the current workspace; no delete or move was performed."
참고 Context/5. vibe-investing-main/01.Trading Strategy/Report Token_Unlock_72h_Shock_Analysis.pdf,UNKNOWN_NEEDS_REVIEW,532875,Research Governance,Governance Reviewer,KEEP,SOURCE_MISSING_RECHECK,,FALSE,MISSING_SOURCE_AT_EXECUTION,"A005 listed this external reference path, but it is not present in the current workspace; no delete or move was performed."
참고 Context/5. vibe-investing-main/01.Trading Strategy/Token unlock 72h shock analysis/IdeaNote.MD,UNKNOWN_NEEDS_REVIEW,13342,Research Governance,Governance Reviewer,KEEP,SOURCE_MISSING_RECHECK,,FALSE,MISSING_SOURCE_AT_EXECUTION,"A005 listed this external reference path, but it is not present in the current workspace; no delete or move was performed."
참고 Context/5. vibe-investing-main/01.Trading Strategy/Token unlock 72h shock analysis/Readme post ssrn.MD,UNKNOWN_NEEDS_REVIEW,13204,Research Governance,Governance Reviewer,KEEP,SOURCE_MISSING_RECHECK,,FALSE,MISSING_SOURCE_AT_EXECUTION,"A005 listed this external reference path, but it is not present in the current workspace; no delete or move was performed."
참고 Context/5. vibe-investing-main/01.Trading Strategy/Token unlock 72h shock analysis/Token unlock 72h shock ssrn v3 1 en.MD,UNKNOWN_NEEDS_REVIEW,46767,Research Governance,Governance Reviewer,KEEP,SOURCE_MISSING_RECHECK,,FALSE,MISSING_SOURCE_AT_EXECUTION,"A005 listed this external reference path, but it is not present in the current workspace; no delete or move was performed."
참고 Context/5. vibe-investing-main/01.Trading Strategy/Token unlock 72h shock analysis/Token unlock 72h shock ssrn v3 1 kr.MD,UNKNOWN_NEEDS_REVIEW,49737,Research Governance,Governance Reviewer,KEEP,SOURCE_MISSING_RECHECK,,FALSE,MISSING_SOURCE_AT_EXECUTION,"A005 listed this external reference path, but it is not present in the current workspace; no delete or move was performed."
참고 Context/5. vibe-investing-main/01.Trading Strategy/Token unlock 72h shock analysis/data/01_binance_token_unlock_events_2023_2025.csv,UNKNOWN_NEEDS_REVIEW,6747,Research Governance,Governance Reviewer,KEEP,SOURCE_MISSING_RECHECK,,FALSE,MISSING_SOURCE_AT_EXECUTION,"A005 listed this external reference path, but it is not present in the current workspace; no delete or move was performed."
참고 Context/5. vibe-investing-main/01.Trading Strategy/Token unlock 72h shock analysis/data/02_hypothesis_verification_summary.csv,UNKNOWN_NEEDS_REVIEW,1636,Research Governance,Governance Reviewer,KEEP,SOURCE_MISSING_RECHECK,,FALSE,MISSING_SOURCE_AT_EXECUTION,"A005 listed this external reference path, but it is not present in the current workspace; no delete or move was performed."
참고 Context/5. vibe-investing-main/01.Trading Strategy/Token unlock 72h shock analysis/data/03_recipient_category_analysis.csv,UNKNOWN_NEEDS_REVIEW,1035,Research Governance,Governance Reviewer,KEEP,SOURCE_MISSING_RECHECK,,FALSE,MISSING_SOURCE_AT_EXECUTION,"A005 listed this external reference path, but it is not present in the current workspace; no delete or move was performed."
참고 Context/5. vibe-investing-main/01.Trading Strategy/Token unlock 72h shock analysis/data/04_btc_relative_performance_matrix.csv,UNKNOWN_NEEDS_REVIEW,729,Research Governance,Governance Reviewer,KEEP,SOURCE_MISSING_RECHECK,,FALSE,MISSING_SOURCE_AT_EXECUTION,"A005 listed this external reference path, but it is not present in the current workspace; no delete or move was performed."
참고 Context/5. vibe-investing-main/01.Trading Strategy/Token unlock 72h shock analysis/data/05_unlock_trading_strategies_backtest.csv,UNKNOWN_NEEDS_REVIEW,2121,Research Governance,Governance Reviewer,KEEP,SOURCE_MISSING_RECHECK,,FALSE,MISSING_SOURCE_AT_EXECUTION,"A005 listed this external reference path, but it is not present in the current workspace; no delete or move was performed."
참고 Context/5. vibe-investing-main/01.Trading Strategy/Token unlock 72h shock analysis/data/06_hourly_prices_events.csv,UNKNOWN_NEEDS_REVIEW,237941,Research Governance,Governance Reviewer,KEEP,SOURCE_MISSING_RECHECK,,FALSE,MISSING_SOURCE_AT_EXECUTION,"A005 listed this external reference path, but it is not present in the current workspace; no delete or move was performed."
참고 Context/5. vibe-investing-main/01.Trading Strategy/Token unlock 72h shock analysis/data/07_top10_index_constituents.csv,UNKNOWN_NEEDS_REVIEW,6290,Research Governance,Governance Reviewer,KEEP,SOURCE_MISSING_RECHECK,,FALSE,MISSING_SOURCE_AT_EXECUTION,"A005 listed this external reference path, but it is not present in the current workspace; no delete or move was performed."
참고 Context/5. vibe-investing-main/01.Trading Strategy/Token unlock 72h shock analysis/data/08_eth_prices_events.csv,UNKNOWN_NEEDS_REVIEW,3387,Research Governance,Governance Reviewer,KEEP,SOURCE_MISSING_RECHECK,,FALSE,MISSING_SOURCE_AT_EXECUTION,"A005 listed this external reference path, but it is not present in the current workspace; no delete or move was performed."
참고 Context/5. vibe-investing-main/01.Trading Strategy/Token unlock 72h shock analysis/data/09_tested_hypotheses_list.csv,UNKNOWN_NEEDS_REVIEW,3328,Research Governance,Governance Reviewer,KEEP,SOURCE_MISSING_RECHECK,,FALSE,MISSING_SOURCE_AT_EXECUTION,"A005 listed this external reference path, but it is not present in the current workspace; no delete or move was performed."
참고 Context/5. vibe-investing-main/01.Trading Strategy/Token unlock 72h shock analysis/data/10_regression_analysis_inputs.csv,UNKNOWN_NEEDS_REVIEW,4836,Research Governance,Governance Reviewer,KEEP,SOURCE_MISSING_RECHECK,,FALSE,MISSING_SOURCE_AT_EXECUTION,"A005 listed this external reference path, but it is not present in the current workspace; no delete or move was performed."
참고 Context/5. vibe-investing-main/01.Trading Strategy/Token unlock 72h shock analysis/data/DATA_DOCUMENTATION.md,UNKNOWN_NEEDS_REVIEW,10939,Research Governance,Governance Reviewer,KEEP,SOURCE_MISSING_RECHECK,,FALSE,MISSING_SOURCE_AT_EXECUTION,"A005 listed this external reference path, but it is not present in the current workspace; no delete or move was performed."
참고 Context/5. vibe-investing-main/01.Trading Strategy/Token unlock 72h shock analysis/data/DATA_SOURCES.md,UNKNOWN_NEEDS_REVIEW,10047,Research Governance,Governance Reviewer,KEEP,SOURCE_MISSING_RECHECK,,FALSE,MISSING_SOURCE_AT_EXECUTION,"A005 listed this external reference path, but it is not present in the current workspace; no delete or move was performed."
참고 Context/5. vibe-investing-main/01.Trading Strategy/Token unlock 72h shock analysis/data/csvfiles.md,UNKNOWN_NEEDS_REVIEW,336,Research Governance,Governance Reviewer,KEEP,SOURCE_MISSING_RECHECK,,FALSE,MISSING_SOURCE_AT_EXECUTION,"A005 listed this external reference path, but it is not present in the current workspace; no delete or move was performed."
참고 Context/5. vibe-investing-main/01.Trading Strategy/Token unlock 72h shock analysis/readme.MD,UNKNOWN_NEEDS_REVIEW,11005,Research Governance,Governance Reviewer,KEEP,SOURCE_MISSING_RECHECK,,FALSE,MISSING_SOURCE_AT_EXECUTION,"A005 listed this external reference path, but it is not present in the current workspace; no delete or move was performed."
참고 Context/5. vibe-investing-main/01.Trading Strategy/Token unlock 72h shock analysis/report_oken unlock 72h shock analysis.MD,UNKNOWN_NEEDS_REVIEW,26702,Research Governance,Governance Reviewer,KEEP,SOURCE_MISSING_RECHECK,,FALSE,MISSING_SOURCE_AT_EXECUTION,"A005 listed this external reference path, but it is not present in the current workspace; no delete or move was performed."
참고 Context/5. vibe-investing-main/01.Trading Strategy/Token unlock 72h shock analysis/src/backtest_10_strategies.py,UNKNOWN_NEEDS_REVIEW,6804,Research Governance,Governance Reviewer,KEEP,SOURCE_MISSING_RECHECK,,FALSE,MISSING_SOURCE_AT_EXECUTION,"A005 listed this external reference path, but it is not present in the current workspace; no delete or move was performed."
참고 Context/5. vibe-investing-main/01.Trading Strategy/Token unlock 72h shock analysis/src/description.md,UNKNOWN_NEEDS_REVIEW,663,Research Governance,Governance Reviewer,KEEP,SOURCE_MISSING_RECHECK,,FALSE,MISSING_SOURCE_AT_EXECUTION,"A005 listed this external reference path, but it is not present in the current workspace; no delete or move was performed."
참고 Context/5. vibe-investing-main/01.Trading Strategy/Token unlock 72h shock analysis/src/reproduce_all_tables.py,UNKNOWN_NEEDS_REVIEW,5520,Research Governance,Governance Reviewer,KEEP,SOURCE_MISSING_RECHECK,,FALSE,MISSING_SOURCE_AT_EXECUTION,"A005 listed this external reference path, but it is not present in the current workspace; no delete or move was performed."
참고 Context/5. vibe-investing-main/01.Trading Strategy/Token unlock 72h shock analysis/src/requirements.txt,UNKNOWN_NEEDS_REVIEW,422,Research Governance,Governance Reviewer,KEEP,SOURCE_MISSING_RECHECK,,FALSE,MISSING_SOURCE_AT_EXECUTION,"A005 listed this external reference path, but it is not present in the current workspace; no delete or move was performed."
참고 Context/5. vibe-investing-main/01.Trading Strategy/Token unlock 72h shock analysis/src/robustness_checks_full.py,UNKNOWN_NEEDS_REVIEW,7940,Research Governance,Governance Reviewer,KEEP,SOURCE_MISSING_RECHECK,,FALSE,MISSING_SOURCE_AT_EXECUTION,"A005 listed this external reference path, but it is not present in the current workspace; no delete or move was performed."
참고 Context/5. vibe-investing-main/01.Trading Strategy/Token unlock 72h shock analysis/src/test_01_primary_binomial.py,UNKNOWN_NEEDS_REVIEW,3583,Research Governance,Governance Reviewer,KEEP,SOURCE_MISSING_RECHECK,,FALSE,MISSING_SOURCE_AT_EXECUTION,"A005 listed this external reference path, but it is not present in the current workspace; no delete or move was performed."
참고 Context/5. vibe-investing-main/01.Trading Strategy/Token unlock 72h shock analysis/src/test_02_bonferroni_adjustment.py,UNKNOWN_NEEDS_REVIEW,4177,Research Governance,Governance Reviewer,KEEP,SOURCE_MISSING_RECHECK,,FALSE,MISSING_SOURCE_AT_EXECUTION,"A005 listed this external reference path, but it is not present in the current workspace; no delete or move was performed."
참고 Context/5. vibe-investing-main/01.Trading Strategy/Token unlock 72h shock analysis/src/test_03_btc_regime_anova.py,UNKNOWN_NEEDS_REVIEW,4963,Research Governance,Governance Reviewer,KEEP,SOURCE_MISSING_RECHECK,,FALSE,MISSING_SOURCE_AT_EXECUTION,"A005 listed this external reference path, but it is not present in the current workspace; no delete or move was performed."
참고 Context/5. vibe-investing-main/01.Trading Strategy/Token unlock 72h shock analysis/src/test_04_recipient_analysis.py,UNKNOWN_NEEDS_REVIEW,4816,Research Governance,Governance Reviewer,KEEP,SOURCE_MISSING_RECHECK,,FALSE,MISSING_SOURCE_AT_EXECUTION,"A005 listed this external reference path, but it is not present in the current workspace; no delete or move was performed."
참고 Context/5. vibe-investing-main/01.Trading Strategy/Token unlock 72h shock analysis/src/test_05_multivariate_regression.py,UNKNOWN_NEEDS_REVIEW,6024,Research Governance,Governance Reviewer,KEEP,SOURCE_MISSING_RECHECK,,FALSE,MISSING_SOURCE_AT_EXECUTION,"A005 listed this external reference path, but it is not present in the current workspace; no delete or move was performed."
참고 Context/5. vibe-investing-main/01.Trading Strategy/Token unlock 72h shock analysis/src/unl10_strategy_backtest.py,UNKNOWN_NEEDS_REVIEW,7523,Research Governance,Governance Reviewer,KEEP,SOURCE_MISSING_RECHECK,,FALSE,MISSING_SOURCE_AT_EXECUTION,"A005 listed this external reference path, but it is not present in the current workspace; no delete or move was performed."
참고 Context/5. vibe-investing-main/01.Trading Strategy/Token unlock 72h shock analysis/src/unlock_counter_trading_bot.py,UNKNOWN_NEEDS_REVIEW,18948,Research Governance,Governance Reviewer,KEEP,SOURCE_MISSING_RECHECK,,FALSE,MISSING_SOURCE_AT_EXECUTION,"A005 listed this external reference path, but it is not present in the current workspace; no delete or move was performed."
참고 Context/5. vibe-investing-main/01.Trading Strategy/Token unlock 72h shock analysis/src/unlock_impact_analyzer.py,UNKNOWN_NEEDS_REVIEW,18610,Research Governance,Governance Reviewer,KEEP,SOURCE_MISSING_RECHECK,,FALSE,MISSING_SOURCE_AT_EXECUTION,"A005 listed this external reference path, but it is not present in the current workspace; no delete or move was performed."
참고 Context/5. vibe-investing-main/01.Trading Strategy/Trading strategy that devours Binance Alpha MM bots/01_binance_alpha_tokens_research.csv,UNKNOWN_NEEDS_REVIEW,2751,Research Governance,Governance Reviewer,KEEP,SOURCE_MISSING_RECHECK,,FALSE,MISSING_SOURCE_AT_EXECUTION,"A005 listed this external reference path, but it is not present in the current workspace; no delete or move was performed."
참고 Context/5. vibe-investing-main/01.Trading Strategy/Trading strategy that devours Binance Alpha MM bots/02_holder_growth_patterns.csv,UNKNOWN_NEEDS_REVIEW,1839,Research Governance,Governance Reviewer,KEEP,SOURCE_MISSING_RECHECK,,FALSE,MISSING_SOURCE_AT_EXECUTION,"A005 listed this external reference path, but it is not present in the current workspace; no delete or move was performed."
참고 Context/5. vibe-investing-main/01.Trading Strategy/Trading strategy that devours Binance Alpha MM bots/03_btc_correlation_matrix.csv,UNKNOWN_NEEDS_REVIEW,1764,Research Governance,Governance Reviewer,KEEP,SOURCE_MISSING_RECHECK,,FALSE,MISSING_SOURCE_AT_EXECUTION,"A005 listed this external reference path, but it is not present in the current workspace; no delete or move was performed."
참고 Context/5. vibe-investing-main/01.Trading Strategy/Trading strategy that devours Binance Alpha MM bots/04_mm_bot_phase_scenarios.csv,UNKNOWN_NEEDS_REVIEW,1402,Research Governance,Governance Reviewer,KEEP,SOURCE_MISSING_RECHECK,,FALSE,MISSING_SOURCE_AT_EXECUTION,"A005 listed this external reference path, but it is not present in the current workspace; no delete or move was performed."
참고 Context/5. vibe-investing-main/01.Trading Strategy/Trading strategy that devours Binance Alpha MM bots/05_mm_counter_strategies_backtest.csv,UNKNOWN_NEEDS_REVIEW,2138,Research Governance,Governance Reviewer,KEEP,SOURCE_MISSING_RECHECK,,FALSE,MISSING_SOURCE_AT_EXECUTION,"A005 listed this external reference path, but it is not present in the current workspace; no delete or move was performed."
참고 Context/5. vibe-investing-main/01.Trading Strategy/Trading strategy that devours Binance Alpha MM bots/Binance alpha mm bot analysis.MD,UNKNOWN_NEEDS_REVIEW,26839,Research Governance,Governance Reviewer,KEEP,SOURCE_MISSING_RECHECK,,FALSE,MISSING_SOURCE_AT_EXECUTION,"A005 listed this external reference path, but it is not present in the current workspace; no delete or move was performed."
참고 Context/5. vibe-investing-main/01.Trading Strategy/Trading strategy that devours Binance Alpha MM bots/IdeaNote.MD,UNKNOWN_NEEDS_REVIEW,11887,Research Governance,Governance Reviewer,KEEP,SOURCE_MISSING_RECHECK,,FALSE,MISSING_SOURCE_AT_EXECUTION,"A005 listed this external reference path, but it is not present in the current workspace; no delete or move was performed."
참고 Context/5. vibe-investing-main/01.Trading Strategy/Trading strategy that devours Binance Alpha MM bots/src/binance_alpha_research.py,UNKNOWN_NEEDS_REVIEW,18163,Research Governance,Governance Reviewer,KEEP,SOURCE_MISSING_RECHECK,,FALSE,MISSING_SOURCE_AT_EXECUTION,"A005 listed this external reference path, but it is not present in the current workspace; no delete or move was performed."
참고 Context/5. vibe-investing-main/01.Trading Strategy/Trading strategy that devours Binance Alpha MM bots/src/description.md,UNKNOWN_NEEDS_REVIEW,1,Research Governance,Governance Reviewer,KEEP,SOURCE_MISSING_RECHECK,,FALSE,MISSING_SOURCE_AT_EXECUTION,"A005 listed this external reference path, but it is not present in the current workspace; no delete or move was performed."
참고 Context/5. vibe-investing-main/01.Trading Strategy/Trading strategy that devours Binance Alpha MM bots/src/mm_counter_trading_bot.py,UNKNOWN_NEEDS_REVIEW,16637,Research Governance,Governance Reviewer,KEEP,SOURCE_MISSING_RECHECK,,FALSE,MISSING_SOURCE_AT_EXECUTION,"A005 listed this external reference path, but it is not present in the current workspace; no delete or move was performed."
참고 Context/5. vibe-investing-main/02.Investment Idea Column/BNBChain/BNB Echo System Idea Note.MD,UNKNOWN_NEEDS_REVIEW,22741,Research Governance,Governance Reviewer,KEEP,SOURCE_MISSING_RECHECK,,FALSE,MISSING_SOURCE_AT_EXECUTION,"A005 listed this external reference path, but it is not present in the current workspace; no delete or move was performed."
참고 Context/5. vibe-investing-main/02.Investment Idea Column/BNBChain/CHANGELOG.md,UNKNOWN_NEEDS_REVIEW,4573,Research Governance,Governance Reviewer,KEEP,SOURCE_MISSING_RECHECK,,FALSE,MISSING_SOURCE_AT_EXECUTION,"A005 listed this external reference path, but it is not present in the current workspace; no delete or move was performed."
참고 Context/5. vibe-investing-main/02.Investment Idea Column/BNBChain/CITATION.cff,UNKNOWN_NEEDS_REVIEW,3240,Research Governance,Governance Reviewer,KEEP,SOURCE_MISSING_RECHECK,,FALSE,MISSING_SOURCE_AT_EXECUTION,"A005 listed this external reference path, but it is not present in the current workspace; no delete or move was performed."
참고 Context/5. vibe-investing-main/02.Investment Idea Column/BNBChain/LICENSE,UNKNOWN_NEEDS_REVIEW,4626,Research Governance,Governance Reviewer,KEEP,SOURCE_MISSING_RECHECK,,FALSE,MISSING_SOURCE_AT_EXECUTION,"A005 listed this external reference path, but it is not present in the current workspace; no delete or move was performed."
참고 Context/5. vibe-investing-main/02.Investment Idea Column/BNBChain/README_CN.md,UNKNOWN_NEEDS_REVIEW,8602,Research Governance,Governance Reviewer,KEEP,SOURCE_MISSING_RECHECK,,FALSE,MISSING_SOURCE_AT_EXECUTION,"A005 listed this external reference path, but it is not present in the current workspace; no delete or move was performed."
참고 Context/5. vibe-investing-main/02.Investment Idea Column/BNBChain/README_JP.md,UNKNOWN_NEEDS_REVIEW,10238,Research Governance,Governance Reviewer,KEEP,SOURCE_MISSING_RECHECK,,FALSE,MISSING_SOURCE_AT_EXECUTION,"A005 listed this external reference path, but it is not present in the current workspace; no delete or move was performed."
참고 Context/5. vibe-investing-main/02.Investment Idea Column/BNBChain/README_KR.md,UNKNOWN_NEEDS_REVIEW,9671,Research Governance,Governance Reviewer,KEEP,SOURCE_MISSING_RECHECK,,FALSE,MISSING_SOURCE_AT_EXECUTION,"A005 listed this external reference path, but it is not present in the current workspace; no delete or move was performed."
참고 Context/5. vibe-investing-main/02.Investment Idea Column/BNBChain/data/bnb_chain_metrics.csv,UNKNOWN_NEEDS_REVIEW,722,Research Governance,Governance Reviewer,KEEP,SOURCE_MISSING_RECHECK,,FALSE,MISSING_SOURCE_AT_EXECUTION,"A005 listed this external reference path, but it is not present in the current workspace; no delete or move was performed."
참고 Context/5. vibe-investing-main/02.Investment Idea Column/BNBChain/data/btc_eth_bnb_quarterly.csv,UNKNOWN_NEEDS_REVIEW,1221,Research Governance,Governance Reviewer,KEEP,SOURCE_MISSING_RECHECK,,FALSE,MISSING_SOURCE_AT_EXECUTION,"A005 listed this external reference path, but it is not present in the current workspace; no delete or move was performed."
참고 Context/5. vibe-investing-main/02.Investment Idea Column/BNBChain/data/correlation_matrix.csv,UNKNOWN_NEEDS_REVIEW,1622,Research Governance,Governance Reviewer,KEEP,SOURCE_MISSING_RECHECK,,FALSE,MISSING_SOURCE_AT_EXECUTION,"A005 listed this external reference path, but it is not present in the current workspace; no delete or move was performed."
참고 Context/5. vibe-investing-main/02.Investment Idea Column/BNBChain/data/description.md,UNKNOWN_NEEDS_REVIEW,9,Research Governance,Governance Reviewer,KEEP,SOURCE_MISSING_RECHECK,,FALSE,MISSING_SOURCE_AT_EXECUTION,"A005 listed this external reference path, but it is not present in the current workspace; no delete or move was performed."
참고 Context/5. vibe-investing-main/02.Investment Idea Column/BNBChain/data/listed_tokens.csv,UNKNOWN_NEEDS_REVIEW,3441,Research Governance,Governance Reviewer,KEEP,SOURCE_MISSING_RECHECK,,FALSE,MISSING_SOURCE_AT_EXECUTION,"A005 listed this external reference path, but it is not present in the current workspace; no delete or move was performed."
참고 Context/5. vibe-investing-main/02.Investment Idea Column/BNBChain/docs/CHANGELOG.md,UNKNOWN_NEEDS_REVIEW,4573,Research Governance,Governance Reviewer,KEEP,SOURCE_MISSING_RECHECK,,FALSE,MISSING_SOURCE_AT_EXECUTION,"A005 listed this external reference path, but it is not present in the current workspace; no delete or move was performed."
참고 Context/5. vibe-investing-main/02.Investment Idea Column/BNBChain/docs/data_dictionary.md,UNKNOWN_NEEDS_REVIEW,6265,Research Governance,Governance Reviewer,KEEP,SOURCE_MISSING_RECHECK,,FALSE,MISSING_SOURCE_AT_EXECUTION,"A005 listed this external reference path, but it is not present in the current workspace; no delete or move was performed."
참고 Context/5. vibe-investing-main/02.Investment Idea Column/BNBChain/docs/descsiption.md,UNKNOWN_NEEDS_REVIEW,40,Research Governance,Governance Reviewer,KEEP,SOURCE_MISSING_RECHECK,,FALSE,MISSING_SOURCE_AT_EXECUTION,"A005 listed this external reference path, but it is not present in the current workspace; no delete or move was performed."
참고 Context/5. vibe-investing-main/02.Investment Idea Column/BNBChain/docs/figures_guide.md,UNKNOWN_NEEDS_REVIEW,9866,Research Governance,Governance Reviewer,KEEP,SOURCE_MISSING_RECHECK,,FALSE,MISSING_SOURCE_AT_EXECUTION,"A005 listed this external reference path, but it is not present in the current workspace; no delete or move was performed."
참고 Context/5. vibe-investing-main/02.Investment Idea Column/BNBChain/figures/Chart1_ForestPlot.pdf,UNKNOWN_NEEDS_REVIEW,47861,Research Governance,Governance Reviewer,KEEP,SOURCE_MISSING_RECHECK,,FALSE,MISSING_SOURCE_AT_EXECUTION,"A005 listed this external reference path, but it is not present in the current workspace; no delete or move was performed."
참고 Context/5. vibe-investing-main/02.Investment Idea Column/BNBChain/figures/Chart1_ForestPlot.png,UNKNOWN_NEEDS_REVIEW,199428,Research Governance,Governance Reviewer,KEEP,SOURCE_MISSING_RECHECK,,FALSE,MISSING_SOURCE_AT_EXECUTION,"A005 listed this external reference path, but it is not present in the current workspace; no delete or move was performed."
참고 Context/5. vibe-investing-main/02.Investment Idea Column/BNBChain/figures/Chart2_Decoupling.pdf,UNKNOWN_NEEDS_REVIEW,49615,Research Governance,Governance Reviewer,KEEP,SOURCE_MISSING_RECHECK,,FALSE,MISSING_SOURCE_AT_EXECUTION,"A005 listed this external reference path, but it is not present in the current workspace; no delete or move was performed."
참고 Context/5. vibe-investing-main/02.Investment Idea Column/BNBChain/figures/Chart2_Decoupling.png,UNKNOWN_NEEDS_REVIEW,279139,Research Governance,Governance Reviewer,KEEP,SOURCE_MISSING_RECHECK,,FALSE,MISSING_SOURCE_AT_EXECUTION,"A005 listed this external reference path, but it is not present in the current workspace; no delete or move was performed."
참고 Context/5. vibe-investing-main/02.Investment Idea Column/BNBChain/figures/Chart3_ThreeActor.pdf,UNKNOWN_NEEDS_REVIEW,57825,Research Governance,Governance Reviewer,KEEP,SOURCE_MISSING_RECHECK,,FALSE,MISSING_SOURCE_AT_EXECUTION,"A005 listed this external reference path, but it is not present in the current workspace; no delete or move was performed."
참고 Context/5. vibe-investing-main/02.Investment Idea Column/BNBChain/figures/Chart3_ThreeActor.png,UNKNOWN_NEEDS_REVIEW,370414,Research Governance,Governance Reviewer,KEEP,SOURCE_MISSING_RECHECK,,FALSE,MISSING_SOURCE_AT_EXECUTION,"A005 listed this external reference path, but it is not present in the current workspace; no delete or move was performed."
참고 Context/5. vibe-investing-main/02.Investment Idea Column/BNBChain/figures/Chart4_HYPE_Counterfactual.pdf,UNKNOWN_NEEDS_REVIEW,55936,Research Governance,Governance Reviewer,KEEP,SOURCE_MISSING_RECHECK,,FALSE,MISSING_SOURCE_AT_EXECUTION,"A005 listed this external reference path, but it is not present in the current workspace; no delete or move was performed."
참고 Context/5. vibe-investing-main/02.Investment Idea Column/BNBChain/figures/Chart4_HYPE_Counterfactual.png,UNKNOWN_NEEDS_REVIEW,300023,Research Governance,Governance Reviewer,KEEP,SOURCE_MISSING_RECHECK,,FALSE,MISSING_SOURCE_AT_EXECUTION,"A005 listed this external reference path, but it is not present in the current workspace; no delete or move was performed."
참고 Context/5. vibe-investing-main/02.Investment Idea Column/BNBChain/figures/Chart5_BreakEvenRegion.pdf,UNKNOWN_NEEDS_REVIEW,99136,Research Governance,Governance Reviewer,KEEP,SOURCE_MISSING_RECHECK,,FALSE,MISSING_SOURCE_AT_EXECUTION,"A005 listed this external reference path, but it is not present in the current workspace; no delete or move was performed."
참고 Context/5. vibe-investing-main/02.Investment Idea Column/BNBChain/figures/Chart5_BreakEvenRegion.png,UNKNOWN_NEEDS_REVIEW,377070,Research Governance,Governance Reviewer,KEEP,SOURCE_MISSING_RECHECK,,FALSE,MISSING_SOURCE_AT_EXECUTION,"A005 listed this external reference path, but it is not present in the current workspace; no delete or move was performed."
참고 Context/5. vibe-investing-main/02.Investment Idea Column/BNBChain/figures/Diagram1_Causal_Chain.pdf,UNKNOWN_NEEDS_REVIEW,55843,Research Governance,Governance Reviewer,KEEP,SOURCE_MISSING_RECHECK,,FALSE,MISSING_SOURCE_AT_EXECUTION,"A005 listed this external reference path, but it is not present in the current workspace; no delete or move was performed."
참고 Context/5. vibe-investing-main/02.Investment Idea Column/BNBChain/figures/Diagram1_Causal_Chain.png,UNKNOWN_NEEDS_REVIEW,315729,Research Governance,Governance Reviewer,KEEP,SOURCE_MISSING_RECHECK,,FALSE,MISSING_SOURCE_AT_EXECUTION,"A005 listed this external reference path, but it is not present in the current workspace; no delete or move was performed."
참고 Context/5. vibe-investing-main/02.Investment Idea Column/BNBChain/figures/Diagram2_DecouplingDomains.pdf,UNKNOWN_NEEDS_REVIEW,45781,Research Governance,Governance Reviewer,KEEP,SOURCE_MISSING_RECHECK,,FALSE,MISSING_SOURCE_AT_EXECUTION,"A005 listed this external reference path, but it is not present in the current workspace; no delete or move was performed."
참고 Context/5. vibe-investing-main/02.Investment Idea Column/BNBChain/figures/Diagram2_DecouplingDomains.png,UNKNOWN_NEEDS_REVIEW,280562,Research Governance,Governance Reviewer,KEEP,SOURCE_MISSING_RECHECK,,FALSE,MISSING_SOURCE_AT_EXECUTION,"A005 listed this external reference path, but it is not present in the current workspace; no delete or move was performed."
참고 Context/5. vibe-investing-main/02.Investment Idea Column/BNBChain/figures/description.md,UNKNOWN_NEEDS_REVIEW,21,Research Governance,Governance Reviewer,KEEP,SOURCE_MISSING_RECHECK,,FALSE,MISSING_SOURCE_AT_EXECUTION,"A005 listed this external reference path, but it is not present in the current workspace; no delete or move was performed."
참고 Context/5. vibe-investing-main/02.Investment Idea Column/BNBChain/paper/Distribution_Asymmetry_CEX_Airdrops.md,UNKNOWN_NEEDS_REVIEW,112769,Research Governance,Governance Reviewer,KEEP,SOURCE_MISSING_RECHECK,,FALSE,MISSING_SOURCE_AT_EXECUTION,"A005 listed this external reference path, but it is not present in the current workspace; no delete or move was performed."
참고 Context/5. vibe-investing-main/02.Investment Idea Column/BNBChain/paper/Distribution_Asymmetry_CEX_Airdrops_with_figures.pdf,UNKNOWN_NEEDS_REVIEW,2252544,Research Governance,Governance Reviewer,KEEP,SOURCE_MISSING_RECHECK,,FALSE,MISSING_SOURCE_AT_EXECUTION,"A005 listed this external reference path, but it is not present in the current workspace; no delete or move was performed."
참고 Context/5. vibe-investing-main/02.Investment Idea Column/BNBChain/paper/description.md,UNKNOWN_NEEDS_REVIEW,35,Research Governance,Governance Reviewer,KEEP,SOURCE_MISSING_RECHECK,,FALSE,MISSING_SOURCE_AT_EXECUTION,"A005 listed this external reference path, but it is not present in the current workspace; no delete or move was performed."
참고 Context/5. vibe-investing-main/02.Investment Idea Column/BNBChain/readme.md,UNKNOWN_NEEDS_REVIEW,11516,Research Governance,Governance Reviewer,KEEP,SOURCE_MISSING_RECHECK,,FALSE,MISSING_SOURCE_AT_EXECUTION,"A005 listed this external reference path, but it is not present in the current workspace; no delete or move was performed."
참고 Context/5. vibe-investing-main/02.Investment Idea Column/BNBChain/requirements.txt,UNKNOWN_NEEDS_REVIEW,353,Research Governance,Governance Reviewer,KEEP,SOURCE_MISSING_RECHECK,,FALSE,MISSING_SOURCE_AT_EXECUTION,"A005 listed this external reference path, but it is not present in the current workspace; no delete or move was performed."
참고 Context/5. vibe-investing-main/02.Investment Idea Column/BNBChain/result/correlation_results.txt,UNKNOWN_NEEDS_REVIEW,4015,Research Governance,Governance Reviewer,KEEP,SOURCE_MISSING_RECHECK,,FALSE,MISSING_SOURCE_AT_EXECUTION,"A005 listed this external reference path, but it is not present in the current workspace; no delete or move was performed."
참고 Context/5. vibe-investing-main/02.Investment Idea Column/BNBChain/result/integrated_v10_results.txt,UNKNOWN_NEEDS_REVIEW,3771,Research Governance,Governance Reviewer,KEEP,SOURCE_MISSING_RECHECK,,FALSE,MISSING_SOURCE_AT_EXECUTION,"A005 listed this external reference path, but it is not present in the current workspace; no delete or move was performed."
참고 Context/5. vibe-investing-main/02.Investment Idea Column/BNBChain/result/pair_trading_backtest_results.txt,UNKNOWN_NEEDS_REVIEW,2877,Research Governance,Governance Reviewer,KEEP,SOURCE_MISSING_RECHECK,,FALSE,MISSING_SOURCE_AT_EXECUTION,"A005 listed this external reference path, but it is not present in the current workspace; no delete or move was performed."
참고 Context/5. vibe-investing-main/02.Investment Idea Column/BNBChain/result/result.md,UNKNOWN_NEEDS_REVIEW,12,Research Governance,Governance Reviewer,KEEP,SOURCE_MISSING_RECHECK,,FALSE,MISSING_SOURCE_AT_EXECUTION,"A005 listed this external reference path, but it is not present in the current workspace; no delete or move was performed."
참고 Context/5. vibe-investing-main/02.Investment Idea Column/BNBChain/result/robustness_results.txt,UNKNOWN_NEEDS_REVIEW,5588,Research Governance,Governance Reviewer,KEEP,SOURCE_MISSING_RECHECK,,FALSE,MISSING_SOURCE_AT_EXECUTION,"A005 listed this external reference path, but it is not present in the current workspace; no delete or move was performed."
참고 Context/5. vibe-investing-main/02.Investment Idea Column/BNBChain/script/correlation_analysis.py,UNKNOWN_NEEDS_REVIEW,7937,Research Governance,Governance Reviewer,KEEP,SOURCE_MISSING_RECHECK,,FALSE,MISSING_SOURCE_AT_EXECUTION,"A005 listed this external reference path, but it is not present in the current workspace; no delete or move was performed."
참고 Context/5. vibe-investing-main/02.Investment Idea Column/BNBChain/script/description.md,UNKNOWN_NEEDS_REVIEW,14,Research Governance,Governance Reviewer,KEEP,SOURCE_MISSING_RECHECK,,FALSE,MISSING_SOURCE_AT_EXECUTION,"A005 listed this external reference path, but it is not present in the current workspace; no delete or move was performed."
참고 Context/5. vibe-investing-main/02.Investment Idea Column/BNBChain/script/generate_figure1_causal_chain.py,UNKNOWN_NEEDS_REVIEW,4505,Research Governance,Governance Reviewer,KEEP,SOURCE_MISSING_RECHECK,,FALSE,MISSING_SOURCE_AT_EXECUTION,"A005 listed this external reference path, but it is not present in the current workspace; no delete or move was performed."
참고 Context/5. vibe-investing-main/02.Investment Idea Column/BNBChain/script/generate_figure2_forest_plot.py,UNKNOWN_NEEDS_REVIEW,3899,Research Governance,Governance Reviewer,KEEP,SOURCE_MISSING_RECHECK,,FALSE,MISSING_SOURCE_AT_EXECUTION,"A005 listed this external reference path, but it is not present in the current workspace; no delete or move was performed."
참고 Context/5. vibe-investing-main/02.Investment Idea Column/BNBChain/script/generate_figure3_breakeven_region.py,UNKNOWN_NEEDS_REVIEW,5056,Research Governance,Governance Reviewer,KEEP,SOURCE_MISSING_RECHECK,,FALSE,MISSING_SOURCE_AT_EXECUTION,"A005 listed this external reference path, but it is not present in the current workspace; no delete or move was performed."
참고 Context/5. vibe-investing-main/02.Investment Idea Column/BNBChain/script/generate_figure4_hype_counterfactual.py,UNKNOWN_NEEDS_REVIEW,4626,Research Governance,Governance Reviewer,KEEP,SOURCE_MISSING_RECHECK,,FALSE,MISSING_SOURCE_AT_EXECUTION,"A005 listed this external reference path, but it is not present in the current workspace; no delete or move was performed."
참고 Context/5. vibe-investing-main/02.Investment Idea Column/BNBChain/script/generate_figure5_decoupling.py,UNKNOWN_NEEDS_REVIEW,4085,Research Governance,Governance Reviewer,KEEP,SOURCE_MISSING_RECHECK,,FALSE,MISSING_SOURCE_AT_EXECUTION,"A005 listed this external reference path, but it is not present in the current workspace; no delete or move was performed."
참고 Context/5. vibe-investing-main/02.Investment Idea Column/BNBChain/script/generate_figure6_decoupling_domains.py,UNKNOWN_NEEDS_REVIEW,5254,Research Governance,Governance Reviewer,KEEP,SOURCE_MISSING_RECHECK,,FALSE,MISSING_SOURCE_AT_EXECUTION,"A005 listed this external reference path, but it is not present in the current workspace; no delete or move was performed."
참고 Context/5. vibe-investing-main/02.Investment Idea Column/BNBChain/script/generate_figure7_three_actor.py,UNKNOWN_NEEDS_REVIEW,5482,Research Governance,Governance Reviewer,KEEP,SOURCE_MISSING_RECHECK,,FALSE,MISSING_SOURCE_AT_EXECUTION,"A005 listed this external reference path, but it is not present in the current workspace; no delete or move was performed."
참고 Context/5. vibe-investing-main/02.Investment Idea Column/BNBChain/script/integrated_analysis_v10.py,UNKNOWN_NEEDS_REVIEW,11272,Research Governance,Governance Reviewer,KEEP,SOURCE_MISSING_RECHECK,,FALSE,MISSING_SOURCE_AT_EXECUTION,"A005 listed this external reference path, but it is not present in the current workspace; no delete or move was performed."
참고 Context/5. vibe-investing-main/02.Investment Idea Column/BNBChain/script/pair_trading_backtest.py,UNKNOWN_NEEDS_REVIEW,14557,Research Governance,Governance Reviewer,KEEP,SOURCE_MISSING_RECHECK,,FALSE,MISSING_SOURCE_AT_EXECUTION,"A005 listed this external reference path, but it is not present in the current workspace; no delete or move was performed."
참고 Context/5. vibe-investing-main/02.Investment Idea Column/BNBChain/script/robustness_analysis.py,UNKNOWN_NEEDS_REVIEW,8309,Research Governance,Governance Reviewer,KEEP,SOURCE_MISSING_RECHECK,,FALSE,MISSING_SOURCE_AT_EXECUTION,"A005 listed this external reference path, but it is not present in the current workspace; no delete or move was performed."
참고 Context/5. vibe-investing-main/02.Investment Idea Column/BNB_ETH Relationship/figure1_rolling_beta.png,UNKNOWN_NEEDS_REVIEW,213765,Research Governance,Governance Reviewer,KEEP,SOURCE_MISSING_RECHECK,,FALSE,MISSING_SOURCE_AT_EXECUTION,"A005 listed this external reference path, but it is not present in the current workspace; no delete or move was performed."
참고 Context/5. vibe-investing-main/02.Investment Idea Column/BNB_ETH Relationship/paper.pdf,UNKNOWN_NEEDS_REVIEW,486608,Research Governance,Governance Reviewer,KEEP,SOURCE_MISSING_RECHECK,,FALSE,MISSING_SOURCE_AT_EXECUTION,"A005 listed this external reference path, but it is not present in the current workspace; no delete or move was performed."
참고 Context/5. vibe-investing-main/02.Investment Idea Column/BNB_ETH Relationship/paper.tex,UNKNOWN_NEEDS_REVIEW,84221,Research Governance,Governance Reviewer,KEEP,SOURCE_MISSING_RECHECK,,FALSE,MISSING_SOURCE_AT_EXECUTION,"A005 listed this external reference path, but it is not present in the current workspace; no delete or move was performed."
참고 Context/5. vibe-investing-main/02.Investment Idea Column/BNB_ETH Relationship/readme.md,UNKNOWN_NEEDS_REVIEW,44647,Research Governance,Governance Reviewer,KEEP,SOURCE_MISSING_RECHECK,,FALSE,MISSING_SOURCE_AT_EXECUTION,"A005 listed this external reference path, but it is not present in the current workspace; no delete or move was performed."
참고 Context/5. vibe-investing-main/02.Investment Idea Column/BNB_ETH Relationship/v9_2_supplementary.json,UNKNOWN_NEEDS_REVIEW,6289,Research Governance,Governance Reviewer,KEEP,SOURCE_MISSING_RECHECK,,FALSE,MISSING_SOURCE_AT_EXECUTION,"A005 listed this external reference path, but it is not present in the current workspace; no delete or move was performed."
참고 Context/5. vibe-investing-main/02.Investment Idea Column/Claude code column/Claude code column ko.MD,UNKNOWN_NEEDS_REVIEW,7063,Research Governance,Governance Reviewer,KEEP,SOURCE_MISSING_RECHECK,,FALSE,MISSING_SOURCE_AT_EXECUTION,"A005 listed this external reference path, but it is not present in the current workspace; no delete or move was performed."
참고 Context/5. vibe-investing-main/02.Investment Idea Column/DeFi/Defi alternative finance column kr.MD,UNKNOWN_NEEDS_REVIEW,24231,Research Governance,Governance Reviewer,KEEP,SOURCE_MISSING_RECHECK,,FALSE,MISSING_SOURCE_AT_EXECUTION,"A005 listed this external reference path, but it is not present in the current workspace; no delete or move was performed."
참고 Context/5. vibe-investing-main/02.Investment Idea Column/DeepSeek V4/DeepSeek V4 preview report.md,UNKNOWN_NEEDS_REVIEW,12888,Research Governance,Governance Reviewer,KEEP,SOURCE_MISSING_RECHECK,,FALSE,MISSING_SOURCE_AT_EXECUTION,"A005 listed this external reference path, but it is not present in the current workspace; no delete or move was performed."
참고 Context/5. vibe-investing-main/02.Investment Idea Column/DeepSeek V4/Readme.MD,UNKNOWN_NEEDS_REVIEW,5568,Research Governance,Governance Reviewer,KEEP,SOURCE_MISSING_RECHECK,,FALSE,MISSING_SOURCE_AT_EXECUTION,"A005 listed this external reference path, but it is not present in the current workspace; no delete or move was performed."
참고 Context/5. vibe-investing-main/02.Investment Idea Column/DeepSeek V4/deepseek_column_en.md,UNKNOWN_NEEDS_REVIEW,26215,Research Governance,Governance Reviewer,KEEP,SOURCE_MISSING_RECHECK,,FALSE,MISSING_SOURCE_AT_EXECUTION,"A005 listed this external reference path, but it is not present in the current workspace; no delete or move was performed."
참고 Context/5. vibe-investing-main/02.Investment Idea Column/DeepSeek V4/deepseek_column_en.pdf,UNKNOWN_NEEDS_REVIEW,138298,Research Governance,Governance Reviewer,KEEP,SOURCE_MISSING_RECHECK,,FALSE,MISSING_SOURCE_AT_EXECUTION,"A005 listed this external reference path, but it is not present in the current workspace; no delete or move was performed."
참고 Context/5. vibe-investing-main/02.Investment Idea Column/DeepSeek V4/deepseek_column_ko.md,UNKNOWN_NEEDS_REVIEW,27505,Research Governance,Governance Reviewer,KEEP,SOURCE_MISSING_RECHECK,,FALSE,MISSING_SOURCE_AT_EXECUTION,"A005 listed this external reference path, but it is not present in the current workspace; no delete or move was performed."
참고 Context/5. vibe-investing-main/02.Investment Idea Column/DeepSeek V4/deepseek_column_ko.pdf,UNKNOWN_NEEDS_REVIEW,448967,Research Governance,Governance Reviewer,KEEP,SOURCE_MISSING_RECHECK,,FALSE,MISSING_SOURCE_AT_EXECUTION,"A005 listed this external reference path, but it is not present in the current workspace; no delete or move was performed."
참고 Context/5. vibe-investing-main/02.Investment Idea Column/DeepSeek V4/deepseek_column_zh.md,UNKNOWN_NEEDS_REVIEW,22806,Research Governance,Governance Reviewer,KEEP,SOURCE_MISSING_RECHECK,,FALSE,MISSING_SOURCE_AT_EXECUTION,"A005 listed this external reference path, but it is not present in the current workspace; no delete or move was performed."
참고 Context/5. vibe-investing-main/02.Investment Idea Column/IdeaNote.MD,UNKNOWN_NEEDS_REVIEW,52,Research Governance,Governance Reviewer,KEEP,SOURCE_MISSING_RECHECK,,FALSE,MISSING_SOURCE_AT_EXECUTION,"A005 listed this external reference path, but it is not present in the current workspace; no delete or move was performed."
참고 Context/5. vibe-investing-main/02.Investment Idea Column/Insider trading/Insider trading column.MD,UNKNOWN_NEEDS_REVIEW,33153,Research Governance,Governance Reviewer,KEEP,SOURCE_MISSING_RECHECK,,FALSE,MISSING_SOURCE_AT_EXECUTION,"A005 listed this external reference path, but it is not present in the current workspace; no delete or move was performed."
참고 Context/5. vibe-investing-main/02.Investment Idea Column/Insider trading/Iran_Insider_Trading_Forensics.pdf,UNKNOWN_NEEDS_REVIEW,496139,Research Governance,Governance Reviewer,KEEP,SOURCE_MISSING_RECHECK,,FALSE,MISSING_SOURCE_AT_EXECUTION,"A005 listed this external reference path, but it is not present in the current workspace; no delete or move was performed."
참고 Context/5. vibe-investing-main/02.Investment Idea Column/Insider trading/Iran_Insider_Trading_Forensics_EN.md,UNKNOWN_NEEDS_REVIEW,34444,Research Governance,Governance Reviewer,KEEP,SOURCE_MISSING_RECHECK,,FALSE,MISSING_SOURCE_AT_EXECUTION,"A005 listed this external reference path, but it is not present in the current workspace; no delete or move was performed."
참고 Context/5. vibe-investing-main/02.Investment Idea Column/Insider trading/Iran_Insider_Trading_Forensics_EN.pdf,UNKNOWN_NEEDS_REVIEW,479005,Research Governance,Governance Reviewer,KEEP,SOURCE_MISSING_RECHECK,,FALSE,MISSING_SOURCE_AT_EXECUTION,"A005 listed this external reference path, but it is not present in the current workspace; no delete or move was performed."
참고 Context/5. vibe-investing-main/02.Investment Idea Column/Insider trading/multi_market_sync_events.csv,UNKNOWN_NEEDS_REVIEW,1182,Research Governance,Governance Reviewer,KEEP,SOURCE_MISSING_RECHECK,,FALSE,MISSING_SOURCE_AT_EXECUTION,"A005 listed this external reference path, but it is not present in the current workspace; no delete or move was performed."
참고 Context/5. vibe-investing-main/02.Investment Idea Column/Insider trading/polymarket_suspicious_cases.csv,UNKNOWN_NEEDS_REVIEW,2207,Research Governance,Governance Reviewer,KEEP,SOURCE_MISSING_RECHECK,,FALSE,MISSING_SOURCE_AT_EXECUTION,"A005 listed this external reference path, but it is not present in the current workspace; no delete or move was performed."
참고 Context/5. vibe-investing-main/02.Investment Idea Column/Insider trading/wallet_timing_analysis.csv,UNKNOWN_NEEDS_REVIEW,1038,Research Governance,Governance Reviewer,KEEP,SOURCE_MISSING_RECHECK,,FALSE,MISSING_SOURCE_AT_EXECUTION,"A005 listed this external reference path, but it is not present in the current workspace; no delete or move was performed."
참고 Context/5. vibe-investing-main/02.Investment Idea Column/Intel AI New Normal/Intel intc ai newnormal column kr.MD,UNKNOWN_NEEDS_REVIEW,12784,Research Governance,Governance Reviewer,KEEP,SOURCE_MISSING_RECHECK,,FALSE,MISSING_SOURCE_AT_EXECUTION,"A005 listed this external reference path, but it is not present in the current workspace; no delete or move was performed."
참고 Context/5. vibe-investing-main/02.Investment Idea Column/Korea Discount/Korean chaebol column.MD,UNKNOWN_NEEDS_REVIEW,29144,Research Governance,Governance Reviewer,KEEP,SOURCE_MISSING_RECHECK,,FALSE,MISSING_SOURCE_AT_EXECUTION,"A005 listed this external reference path, but it is not present in the current workspace; no delete or move was performed."
참고 Context/5. vibe-investing-main/02.Investment Idea Column/Korea Discount/Self critique/Self critique.MD,UNKNOWN_NEEDS_REVIEW,9153,Research Governance,Governance Reviewer,KEEP,SOURCE_MISSING_RECHECK,,FALSE,MISSING_SOURCE_AT_EXECUTION,"A005 listed this external reference path, but it is not present in the current workspace; no delete or move was performed."
참고 Context/5. vibe-investing-main/02.Investment Idea Column/Medbridge ai business plan/Medbridge ai business plan ko.MD,UNKNOWN_NEEDS_REVIEW,23662,Research Governance,Governance Reviewer,KEEP,SOURCE_MISSING_RECHECK,,FALSE,MISSING_SOURCE_AT_EXECUTION,"A005 listed this external reference path, but it is not present in the current workspace; no delete or move was performed."
참고 Context/5. vibe-investing-main/02.Investment Idea Column/Model vs reality column/Model vs reality column EN.MD,UNKNOWN_NEEDS_REVIEW,28710,Research Governance,Governance Reviewer,KEEP,SOURCE_MISSING_RECHECK,,FALSE,MISSING_SOURCE_AT_EXECUTION,"A005 listed this external reference path, but it is not present in the current workspace; no delete or move was performed."
참고 Context/5. vibe-investing-main/02.Investment Idea Column/Model vs reality column/Model vs reality column.MD,UNKNOWN_NEEDS_REVIEW,29803,Research Governance,Governance Reviewer,KEEP,SOURCE_MISSING_RECHECK,,FALSE,MISSING_SOURCE_AT_EXECUTION,"A005 listed this external reference path, but it is not present in the current workspace; no delete or move was performed."
참고 Context/5. vibe-investing-main/02.Investment Idea Column/Model vs reality column/Model_vs_Reality_Column.pdf,UNKNOWN_NEEDS_REVIEW,597696,Research Governance,Governance Reviewer,KEEP,SOURCE_MISSING_RECHECK,,FALSE,MISSING_SOURCE_AT_EXECUTION,"A005 listed this external reference path, but it is not present in the current workspace; no delete or move was performed."
참고 Context/5. vibe-investing-main/02.Investment Idea Column/Readme.MD,UNKNOWN_NEEDS_REVIEW,4723,Research Governance,Governance Reviewer,KEEP,SOURCE_MISSING_RECHECK,,FALSE,MISSING_SOURCE_AT_EXECUTION,"A005 listed this external reference path, but it is not present in the current workspace; no delete or move was performed."
참고 Context/5. vibe-investing-main/02.Investment Idea Column/Special situations investing/Special situations investing column CN.MD,UNKNOWN_NEEDS_REVIEW,27628,Research Governance,Governance Reviewer,KEEP,SOURCE_MISSING_RECHECK,,FALSE,MISSING_SOURCE_AT_EXECUTION,"A005 listed this external reference path, but it is not present in the current workspace; no delete or move was performed."
참고 Context/5. vibe-investing-main/02.Investment Idea Column/Special situations investing/Special situations investing column EN.MD,UNKNOWN_NEEDS_REVIEW,31671,Research Governance,Governance Reviewer,KEEP,SOURCE_MISSING_RECHECK,,FALSE,MISSING_SOURCE_AT_EXECUTION,"A005 listed this external reference path, but it is not present in the current workspace; no delete or move was performed."
참고 Context/5. vibe-investing-main/02.Investment Idea Column/Special situations investing/Special situations investing column kr.MD,UNKNOWN_NEEDS_REVIEW,32550,Research Governance,Governance Reviewer,KEEP,SOURCE_MISSING_RECHECK,,FALSE,MISSING_SOURCE_AT_EXECUTION,"A005 listed this external reference path, but it is not present in the current workspace; no delete or move was performed."
참고 Context/5. vibe-investing-main/02.Investment Idea Column/Special situations investing/Special_Situations_Investing_Column_KR.pdf,UNKNOWN_NEEDS_REVIEW,457160,Research Governance,Governance Reviewer,KEEP,SOURCE_MISSING_RECHECK,,FALSE,MISSING_SOURCE_AT_EXECUTION,"A005 listed this external reference path, but it is not present in the current workspace; no delete or move was performed."
참고 Context/5. vibe-investing-main/02.Investment Idea Column/Special situations investing/readme.md,UNKNOWN_NEEDS_REVIEW,16403,Research Governance,Governance Reviewer,KEEP,SOURCE_MISSING_RECHECK,,FALSE,MISSING_SOURCE_AT_EXECUTION,"A005 listed this external reference path, but it is not present in the current workspace; no delete or move was performed."
참고 Context/5. vibe-investing-main/02.Investment Idea Column/Toss 2x long etf research report/Toss 2x long etf research report kr.md,UNKNOWN_NEEDS_REVIEW,19980,Research Governance,Governance Reviewer,KEEP,SOURCE_MISSING_RECHECK,,FALSE,MISSING_SOURCE_AT_EXECUTION,"A005 listed this external reference path, but it is not present in the current workspace; no delete or move was performed."
참고 Context/5. vibe-investing-main/AWESOME.md,UNKNOWN_NEEDS_REVIEW,4368,Research Governance,Governance Reviewer,KEEP,SOURCE_MISSING_RECHECK,,FALSE,MISSING_SOURCE_AT_EXECUTION,"A005 listed this external reference path, but it is not present in the current workspace; no delete or move was performed."
참고 Context/5. vibe-investing-main/AfterMarketClose/After_Market_Close_Column.md,UNKNOWN_NEEDS_REVIEW,25030,Research Governance,Governance Reviewer,KEEP,SOURCE_MISSING_RECHECK,,FALSE,MISSING_SOURCE_AT_EXECUTION,"A005 listed this external reference path, but it is not present in the current workspace; no delete or move was performed."
참고 Context/5. vibe-investing-main/AfterMarketClose/disclosure_timing_cases.csv,UNKNOWN_NEEDS_REVIEW,6047,Research Governance,Governance Reviewer,KEEP,SOURCE_MISSING_RECHECK,,FALSE,MISSING_SOURCE_AT_EXECUTION,"A005 listed this external reference path, but it is not present in the current workspace; no delete or move was performed."
참고 Context/5. vibe-investing-main/AfterMarketClose/key_Iea_readme.md,UNKNOWN_NEEDS_REVIEW,1001,Research Governance,Governance Reviewer,KEEP,SOURCE_MISSING_RECHECK,,FALSE,MISSING_SOURCE_AT_EXECUTION,"A005 listed this external reference path, but it is not present in the current workspace; no delete or move was performed."
참고 Context/5. vibe-investing-main/Awesome AI Quant Prompt github repos evaluation kr.MD,UNKNOWN_NEEDS_REVIEW,18333,Research Governance,Governance Reviewer,KEEP,SOURCE_MISSING_RECHECK,,FALSE,MISSING_SOURCE_AT_EXECUTION,"A005 listed this external reference path, but it is not present in the current workspace; no delete or move was performed."
참고 Context/5. vibe-investing-main/Awesome Vibe Trading Bot.MD,UNKNOWN_NEEDS_REVIEW,29893,Research Governance,Governance Reviewer,KEEP,SOURCE_MISSING_RECHECK,,FALSE,MISSING_SOURCE_AT_EXECUTION,"A005 listed this external reference path, but it is not present in the current workspace; no delete or move was performed."
참고 Context/5. vibe-investing-main/Awesome vibe invest crypto.MD,UNKNOWN_NEEDS_REVIEW,34546,Research Governance,Governance Reviewer,KEEP,SOURCE_MISSING_RECHECK,,FALSE,MISSING_SOURCE_AT_EXECUTION,"A005 listed this external reference path, but it is not present in the current workspace; no delete or move was performed."
참고 Context/5. vibe-investing-main/Awesome vibe invest.MD,UNKNOWN_NEEDS_REVIEW,33227,Research Governance,Governance Reviewer,KEEP,SOURCE_MISSING_RECHECK,,FALSE,MISSING_SOURCE_AT_EXECUTION,"A005 listed this external reference path, but it is not present in the current workspace; no delete or move was performed."
참고 Context/5. vibe-investing-main/Crypto perp manipulation column.MD,UNKNOWN_NEEDS_REVIEW,28518,Research Governance,Governance Reviewer,KEEP,SOURCE_MISSING_RECHECK,,FALSE,MISSING_SOURCE_AT_EXECUTION,"A005 listed this external reference path, but it is not present in the current workspace; no delete or move was performed."
참고 Context/5. vibe-investing-main/Harness quant v2 readme .MD,UNKNOWN_NEEDS_REVIEW,8161,Research Governance,Governance Reviewer,KEEP,SOURCE_MISSING_RECHECK,,FALSE,MISSING_SOURCE_AT_EXECUTION,"A005 listed this external reference path, but it is not present in the current workspace; no delete or move was performed."
참고 Context/5. vibe-investing-main/Harness quantv2/Earnings momentum agent readme .MD,UNKNOWN_NEEDS_REVIEW,11585,Research Governance,Governance Reviewer,KEEP,SOURCE_MISSING_RECHECK,,FALSE,MISSING_SOURCE_AT_EXECUTION,"A005 listed this external reference path, but it is not present in the current workspace; no delete or move was performed."
참고 Context/5. vibe-investing-main/Harness quantv2/backtest/engine.py,UNKNOWN_NEEDS_REVIEW,21307,Research Governance,Governance Reviewer,KEEP,SOURCE_MISSING_RECHECK,,FALSE,MISSING_SOURCE_AT_EXECUTION,"A005 listed this external reference path, but it is not present in the current workspace; no delete or move was performed."
참고 Context/5. vibe-investing-main/Harness quantv2/common/data.py,UNKNOWN_NEEDS_REVIEW,21038,Research Governance,Governance Reviewer,KEEP,SOURCE_MISSING_RECHECK,,FALSE,MISSING_SOURCE_AT_EXECUTION,"A005 listed this external reference path, but it is not present in the current workspace; no delete or move was performed."
참고 Context/5. vibe-investing-main/Harness quantv2/common/llm.py,UNKNOWN_NEEDS_REVIEW,7969,Research Governance,Governance Reviewer,KEEP,SOURCE_MISSING_RECHECK,,FALSE,MISSING_SOURCE_AT_EXECUTION,"A005 listed this external reference path, but it is not present in the current workspace; no delete or move was performed."
참고 Context/5. vibe-investing-main/Harness quantv2/common/readme.md,UNKNOWN_NEEDS_REVIEW,248,Research Governance,Governance Reviewer,KEEP,SOURCE_MISSING_RECHECK,,FALSE,MISSING_SOURCE_AT_EXECUTION,"A005 listed this external reference path, but it is not present in the current workspace; no delete or move was performed."
참고 Context/5. vibe-investing-main/Harness quantv2/common/tools.py,UNKNOWN_NEEDS_REVIEW,4406,Research Governance,Governance Reviewer,KEEP,SOURCE_MISSING_RECHECK,,FALSE,MISSING_SOURCE_AT_EXECUTION,"A005 listed this external reference path, but it is not present in the current workspace; no delete or move was performed."
참고 Context/5. vibe-investing-main/Harness quantv2/orchestrator/readme.md,UNKNOWN_NEEDS_REVIEW,9,Research Governance,Governance Reviewer,KEEP,SOURCE_MISSING_RECHECK,,FALSE,MISSING_SOURCE_AT_EXECUTION,"A005 listed this external reference path, but it is not present in the current workspace; no delete or move was performed."
참고 Context/5. vibe-investing-main/Harness quantv2/orchestrator/run_all.py,UNKNOWN_NEEDS_REVIEW,1954,Research Governance,Governance Reviewer,KEEP,SOURCE_MISSING_RECHECK,,FALSE,MISSING_SOURCE_AT_EXECUTION,"A005 listed this external reference path, but it is not present in the current workspace; no delete or move was performed."
참고 Context/5. vibe-investing-main/Harness quantv2/output/backtest_log_24months.csv,UNKNOWN_NEEDS_REVIEW,161440,Research Governance,Governance Reviewer,KEEP,SOURCE_MISSING_RECHECK,,FALSE,MISSING_SOURCE_AT_EXECUTION,"A005 listed this external reference path, but it is not present in the current workspace; no delete or move was performed."
참고 Context/5. vibe-investing-main/Harness quantv2/output/log.md,UNKNOWN_NEEDS_REVIEW,59,Research Governance,Governance Reviewer,KEEP,SOURCE_MISSING_RECHECK,,FALSE,MISSING_SOURCE_AT_EXECUTION,"A005 listed this external reference path, but it is not present in the current workspace; no delete or move was performed."
참고 Context/5. vibe-investing-main/Harness quantv2/script/01_universe_scanner.py,UNKNOWN_NEEDS_REVIEW,2204,Research Governance,Governance Reviewer,KEEP,SOURCE_MISSING_RECHECK,,FALSE,MISSING_SOURCE_AT_EXECUTION,"A005 listed this external reference path, but it is not present in the current workspace; no delete or move was performed."
참고 Context/5. vibe-investing-main/Harness quantv2/script/02_fundamental_filter.py,UNKNOWN_NEEDS_REVIEW,2576,Research Governance,Governance Reviewer,KEEP,SOURCE_MISSING_RECHECK,,FALSE,MISSING_SOURCE_AT_EXECUTION,"A005 listed this external reference path, but it is not present in the current workspace; no delete or move was performed."
참고 Context/5. vibe-investing-main/Harness quantv2/script/03_technical_filter.py,UNKNOWN_NEEDS_REVIEW,2752,Research Governance,Governance Reviewer,KEEP,SOURCE_MISSING_RECHECK,,FALSE,MISSING_SOURCE_AT_EXECUTION,"A005 listed this external reference path, but it is not present in the current workspace; no delete or move was performed."
참고 Context/5. vibe-investing-main/Harness quantv2/script/04_sentiment_engine.py,UNKNOWN_NEEDS_REVIEW,4023,Research Governance,Governance Reviewer,KEEP,SOURCE_MISSING_RECHECK,,FALSE,MISSING_SOURCE_AT_EXECUTION,"A005 listed this external reference path, but it is not present in the current workspace; no delete or move was performed."
참고 Context/5. vibe-investing-main/Harness quantv2/script/05_analyst_consensus.py,UNKNOWN_NEEDS_REVIEW,2774,Research Governance,Governance Reviewer,KEEP,SOURCE_MISSING_RECHECK,,FALSE,MISSING_SOURCE_AT_EXECUTION,"A005 listed this external reference path, but it is not present in the current workspace; no delete or move was performed."
참고 Context/5. vibe-investing-main/Harness quantv2/script/06_multi_agent_judge.py,UNKNOWN_NEEDS_REVIEW,3811,Research Governance,Governance Reviewer,KEEP,SOURCE_MISSING_RECHECK,,FALSE,MISSING_SOURCE_AT_EXECUTION,"A005 listed this external reference path, but it is not present in the current workspace; no delete or move was performed."
참고 Context/5. vibe-investing-main/Harness quantv2/script/07_top30_report.py,UNKNOWN_NEEDS_REVIEW,12912,Research Governance,Governance Reviewer,KEEP,SOURCE_MISSING_RECHECK,,FALSE,MISSING_SOURCE_AT_EXECUTION,"A005 listed this external reference path, but it is not present in the current workspace; no delete or move was performed."
참고 Context/5. vibe-investing-main/Microsoft fintool acquisition column.MD,UNKNOWN_NEEDS_REVIEW,29916,Research Governance,Governance Reviewer,KEEP,SOURCE_MISSING_RECHECK,,FALSE,MISSING_SOURCE_AT_EXECUTION,"A005 listed this external reference path, but it is not present in the current workspace; no delete or move was performed."
참고 Context/5. vibe-investing-main/README.md,UNKNOWN_NEEDS_REVIEW,11556,Research Governance,Governance Reviewer,KEEP,SOURCE_MISSING_RECHECK,,FALSE,MISSING_SOURCE_AT_EXECUTION,"A005 listed this external reference path, but it is not present in the current workspace; no delete or move was performed."
참고 Context/5. vibe-investing-main/Readme en.MD,UNKNOWN_NEEDS_REVIEW,11122,Research Governance,Governance Reviewer,KEEP,SOURCE_MISSING_RECHECK,,FALSE,MISSING_SOURCE_AT_EXECUTION,"A005 listed this external reference path, but it is not present in the current workspace; no delete or move was performed."
참고 Context/5. vibe-investing-main/TradingLog/Log.md,UNKNOWN_NEEDS_REVIEW,1016,Research Governance,Governance Reviewer,KEEP,SOURCE_MISSING_RECHECK,,FALSE,MISSING_SOURCE_AT_EXECUTION,"A005 listed this external reference path, but it is not present in the current workspace; no delete or move was performed."
참고 Context/5. vibe-investing-main/TradingLog/daily_trading_log_KST.csv,UNKNOWN_NEEDS_REVIEW,21688,Research Governance,Governance Reviewer,KEEP,SOURCE_MISSING_RECHECK,,FALSE,MISSING_SOURCE_AT_EXECUTION,"A005 listed this external reference path, but it is not present in the current workspace; no delete or move was performed."
참고 Context/5. vibe-investing-main/Vibe Investing Risk Management.MD,UNKNOWN_NEEDS_REVIEW,22625,Research Governance,Governance Reviewer,KEEP,SOURCE_MISSING_RECHECK,,FALSE,MISSING_SOURCE_AT_EXECUTION,"A005 listed this external reference path, but it is not present in the current workspace; no delete or move was performed."
참고 Context/5. vibe-investing-main/mNAV(Market-to-Net-Asset-Value) arbitrage/Dat mnav arbitrage strategy.MD,UNKNOWN_NEEDS_REVIEW,28757,Research Governance,Governance Reviewer,KEEP,SOURCE_MISSING_RECHECK,,FALSE,MISSING_SOURCE_AT_EXECUTION,"A005 listed this external reference path, but it is not present in the current workspace; no delete or move was performed."
참고 Context/5. vibe-investing-main/mNAV(Market-to-Net-Asset-Value) arbitrage/IdeaNote.MD,UNKNOWN_NEEDS_REVIEW,626,Research Governance,Governance Reviewer,KEEP,SOURCE_MISSING_RECHECK,,FALSE,MISSING_SOURCE_AT_EXECUTION,"A005 listed this external reference path, but it is not present in the current workspace; no delete or move was performed."
참고 Context/5. vibe-investing-main/mNAV(Market-to-Net-Asset-Value) arbitrage/dat_companies_2026.csv,UNKNOWN_NEEDS_REVIEW,2700,Research Governance,Governance Reviewer,KEEP,SOURCE_MISSING_RECHECK,,FALSE,MISSING_SOURCE_AT_EXECUTION,"A005 listed this external reference path, but it is not present in the current workspace; no delete or move was performed."
참고 Context/5. vibe-investing-main/mNAV(Market-to-Net-Asset-Value) arbitrage/dat_vs_benchmark_performance.csv,UNKNOWN_NEEDS_REVIEW,589,Research Governance,Governance Reviewer,KEEP,SOURCE_MISSING_RECHECK,,FALSE,MISSING_SOURCE_AT_EXECUTION,"A005 listed this external reference path, but it is not present in the current workspace; no delete or move was performed."
참고 Context/5. vibe-investing-main/mNAV(Market-to-Net-Asset-Value) arbitrage/mnav_cycles_arbitrage_signals.csv,UNKNOWN_NEEDS_REVIEW,867,Research Governance,Governance Reviewer,KEEP,SOURCE_MISSING_RECHECK,,FALSE,MISSING_SOURCE_AT_EXECUTION,"A005 listed this external reference path, but it is not present in the current workspace; no delete or move was performed."
참고 Context/5. vibe-investing-main/monarchjuno/vibe-investing feedback.md,UNKNOWN_NEEDS_REVIEW,14322,Research Governance,Governance Reviewer,KEEP,SOURCE_MISSING_RECHECK,,FALSE,MISSING_SOURCE_AT_EXECUTION,"A005 listed this external reference path, but it is not present in the current workspace; no delete or move was performed."
참고 Context/5. vibe-investing-main/vibe_investing_social_preview.png,UNKNOWN_NEEDS_REVIEW,93526,Research Governance,Governance Reviewer,KEEP,SOURCE_MISSING_RECHECK,,FALSE,MISSING_SOURCE_AT_EXECUTION,"A005 listed this external reference path, but it is not present in the current workspace; no delete or move was performed."
