task_id,candidate_id,decision_id,symbol,generated_time,rank_score,liquidity_score,diversification_score,cooldown_score,existing_position_penalty,total_control_score,selection_decision,selection_reason,source_status,sector,sector_cap_status,liquidity_source_status,symbol_cooldown_minutes,cooldown_elapsed_minutes,same_symbol_weight_cap,same_sector_weight_cap,original_eligibility,original_skip_reason,original_ordered_flag,original_filled_flag,order_id,fill_id,source_snapshot_id,proximity_fallback_used_flag,explanation
T601-3,decision-70898974b003462f,decision-70898974b003462f,MSFT,2026-05-19T15:52:33.652229Z,0.563636,0.0,1.0,1.0,0.0,0.913636,REJECTED,ENTRY_OR_SOURCE_BLOCKED_BY_FUNNEL,ENTRY_OR_SOURCE_BLOCKED_BY_FUNNEL,,SOURCE_BLOCKED_SECTOR_UNAVAILABLE,SOURCE_BLOCKED_NO_LIQUIDITY_FIELD,390,,0.25,0.5,INELIGIBLE_UNKNOWN,STRATEGY_FILTER_NOT_MET NO_ENTRY,0,0,,,2026-05-19T15:52:20.939158Z:MSFT,0,REJECTED: ENTRY_OR_SOURCE_BLOCKED_BY_FUNNEL; source=ENTRY_OR_SOURCE_BLOCKED_BY_FUNNEL; rank_score=0.563636; liquidity_score=0.000000; diversification_score=1.000000; cooldown_score=1.000000; existing_position_penalty=0.000000; sector_cap_status=SOURCE_BLOCKED_SECTOR_UNAVAILABLE; matching_policy=EXACT_CANDIDATE_ID_ONLY_NO_SYMBOL_DATE_PRICE_TIME_FALLBACK
T601-3,decision-dca48bf422ea4472,decision-dca48bf422ea4472,MSFT,2026-05-19T15:59:59.673693Z,0.563636,0.0,1.0,1.0,0.0,0.913636,REJECTED,ENTRY_OR_SOURCE_BLOCKED_BY_FUNNEL,ENTRY_OR_SOURCE_BLOCKED_BY_FUNNEL,,SOURCE_BLOCKED_SECTOR_UNAVAILABLE,SOURCE_BLOCKED_NO_LIQUIDITY_FIELD,390,,0.25,0.5,INELIGIBLE_UNKNOWN,STRATEGY_FILTER_NOT_MET NO_ENTRY,0,0,,,2026-05-19T15:59:55.877473Z:MSFT,0,REJECTED: ENTRY_OR_SOURCE_BLOCKED_BY_FUNNEL; source=ENTRY_OR_SOURCE_BLOCKED_BY_FUNNEL; rank_score=0.563636; liquidity_score=0.000000; diversification_score=1.000000; cooldown_score=1.000000; existing_position_penalty=0.000000; sector_cap_status=SOURCE_BLOCKED_SECTOR_UNAVAILABLE; matching_policy=EXACT_CANDIDATE_ID_ONLY_NO_SYMBOL_DATE_PRICE_TIME_FALLBACK
T601-3,decision-b87946c256df48f8,decision-b87946c256df48f8,AMD,2026-05-19T16:03:46.688472Z,0.522727,0.0,1.0,1.0,0.0,0.872727,SELECTED,PASSED_RANK_LIQUIDITY_DIVERSIFICATION_COOLDOWN_POSITION_CONTROLS,ELIGIBLE_FROM_FUNNEL,,SOURCE_BLOCKED_SECTOR_UNAVAILABLE,SOURCE_BLOCKED_NO_LIQUIDITY_FIELD,390,,0.25,0.5,ELIGIBLE,,1,1,36477.0,0000036477:2026-05-19T17:17:06.974797Z:ORDER_STATUS,2026-05-19T16:03:42.971781Z:AMD,0,SELECTED: PASSED_RANK_LIQUIDITY_DIVERSIFICATION_COOLDOWN_POSITION_CONTROLS; source=ELIGIBLE_FROM_FUNNEL; rank_score=0.522727; liquidity_score=0.000000; diversification_score=1.000000; cooldown_score=1.000000; existing_position_penalty=0.000000; sector_cap_status=SOURCE_BLOCKED_SECTOR_UNAVAILABLE; matching_policy=EXACT_CANDIDATE_ID_ONLY_NO_SYMBOL_DATE_PRICE_TIME_FALLBACK
T601-3,decision-09482ebbbd9441ed,decision-09482ebbbd9441ed,AMD,2026-05-19T16:09:27.412780Z,0.522727,0.0,0.666667,0.0,0.333333,0.622727,REJECTED,SYMBOL_COOLDOWN_ACTIVE_390_MINUTES,ELIGIBLE_FROM_FUNNEL,,SOURCE_BLOCKED_SECTOR_UNAVAILABLE,SOURCE_BLOCKED_NO_LIQUIDITY_FIELD,390,5.6787,0.25,0.5,ELIGIBLE,,0,0,,,2026-05-19T16:09:24.506187Z:AMD,0,REJECTED: SYMBOL_COOLDOWN_ACTIVE_390_MINUTES; source=ELIGIBLE_FROM_FUNNEL; rank_score=0.522727; liquidity_score=0.000000; diversification_score=0.666667; cooldown_score=0.000000; existing_position_penalty=0.333333; sector_cap_status=SOURCE_BLOCKED_SECTOR_UNAVAILABLE; matching_policy=EXACT_CANDIDATE_ID_ONLY_NO_SYMBOL_DATE_PRICE_TIME_FALLBACK
T601-3,decision-524deefb41c54e47,decision-524deefb41c54e47,AMD,2026-05-19T16:11:37.806901Z,0.522727,0.0,0.666667,0.0,0.333333,0.622727,REJECTED,SYMBOL_COOLDOWN_ACTIVE_390_MINUTES,ELIGIBLE_FROM_FUNNEL,,SOURCE_BLOCKED_SECTOR_UNAVAILABLE,SOURCE_BLOCKED_NO_LIQUIDITY_FIELD,390,7.852,0.25,0.5,ELIGIBLE,,0,0,,,2026-05-19T16:11:35.129791Z:AMD,0,REJECTED: SYMBOL_COOLDOWN_ACTIVE_390_MINUTES; source=ELIGIBLE_FROM_FUNNEL; rank_score=0.522727; liquidity_score=0.000000; diversification_score=0.666667; cooldown_score=0.000000; existing_position_penalty=0.333333; sector_cap_status=SOURCE_BLOCKED_SECTOR_UNAVAILABLE; matching_policy=EXACT_CANDIDATE_ID_ONLY_NO_SYMBOL_DATE_PRICE_TIME_FALLBACK
T601-3,decision-06da610be35b4c1b,decision-06da610be35b4c1b,AMD,2026-05-19T16:13:02.383517Z,0.522727,0.0,0.666667,0.0,0.333333,0.622727,REJECTED,SYMBOL_COOLDOWN_ACTIVE_390_MINUTES,ELIGIBLE_FROM_FUNNEL,,SOURCE_BLOCKED_SECTOR_UNAVAILABLE,SOURCE_BLOCKED_NO_LIQUIDITY_FIELD,390,9.2616,0.25,0.5,ELIGIBLE,,0,0,,,2026-05-19T16:12:59.733266Z:AMD,0,REJECTED: SYMBOL_COOLDOWN_ACTIVE_390_MINUTES; source=ELIGIBLE_FROM_FUNNEL; rank_score=0.522727; liquidity_score=0.000000; diversification_score=0.666667; cooldown_score=0.000000; existing_position_penalty=0.333333; sector_cap_status=SOURCE_BLOCKED_SECTOR_UNAVAILABLE; matching_policy=EXACT_CANDIDATE_ID_ONLY_NO_SYMBOL_DATE_PRICE_TIME_FALLBACK
T601-3,decision-c2300f86f3f040ae,decision-c2300f86f3f040ae,AMD,2026-05-19T16:13:57.387858Z,0.522727,0.0,0.666667,0.0,0.333333,0.622727,REJECTED,SYMBOL_COOLDOWN_ACTIVE_390_MINUTES,ELIGIBLE_FROM_FUNNEL,,SOURCE_BLOCKED_SECTOR_UNAVAILABLE,SOURCE_BLOCKED_NO_LIQUIDITY_FIELD,390,10.1783,0.25,0.5,ELIGIBLE,,0,0,,,2026-05-19T16:13:54.791525Z:AMD,0,REJECTED: SYMBOL_COOLDOWN_ACTIVE_390_MINUTES; source=ELIGIBLE_FROM_FUNNEL; rank_score=0.522727; liquidity_score=0.000000; diversification_score=0.666667; cooldown_score=0.000000; existing_position_penalty=0.333333; sector_cap_status=SOURCE_BLOCKED_SECTOR_UNAVAILABLE; matching_policy=EXACT_CANDIDATE_ID_ONLY_NO_SYMBOL_DATE_PRICE_TIME_FALLBACK
T601-3,decision-4687cc2de3b24e40,decision-4687cc2de3b24e40,AMD,2026-05-19T16:17:34.996277Z,0.522727,0.0,0.666667,0.0,0.333333,0.622727,REJECTED,SYMBOL_COOLDOWN_ACTIVE_390_MINUTES,ELIGIBLE_FROM_FUNNEL,,SOURCE_BLOCKED_SECTOR_UNAVAILABLE,SOURCE_BLOCKED_NO_LIQUIDITY_FIELD,390,13.8051,0.25,0.5,ELIGIBLE,,0,0,,,2026-05-19T16:17:32.328526Z:AMD,0,REJECTED: SYMBOL_COOLDOWN_ACTIVE_390_MINUTES; source=ELIGIBLE_FROM_FUNNEL; rank_score=0.522727; liquidity_score=0.000000; diversification_score=0.666667; cooldown_score=0.000000; existing_position_penalty=0.333333; sector_cap_status=SOURCE_BLOCKED_SECTOR_UNAVAILABLE; matching_policy=EXACT_CANDIDATE_ID_ONLY_NO_SYMBOL_DATE_PRICE_TIME_FALLBACK
T601-3,decision-e48d3d310e514751,decision-e48d3d310e514751,AMD,2026-05-19T16:21:54.476546Z,0.522727,0.0,0.666667,0.0,0.333333,0.622727,REJECTED,SYMBOL_COOLDOWN_ACTIVE_390_MINUTES,ELIGIBLE_FROM_FUNNEL,,SOURCE_BLOCKED_SECTOR_UNAVAILABLE,SOURCE_BLOCKED_NO_LIQUIDITY_FIELD,390,18.1298,0.25,0.5,ELIGIBLE,,0,0,,,2026-05-19T16:21:51.441946Z:AMD,0,REJECTED: SYMBOL_COOLDOWN_ACTIVE_390_MINUTES; source=ELIGIBLE_FROM_FUNNEL; rank_score=0.522727; liquidity_score=0.000000; diversification_score=0.666667; cooldown_score=0.000000; existing_position_penalty=0.333333; sector_cap_status=SOURCE_BLOCKED_SECTOR_UNAVAILABLE; matching_policy=EXACT_CANDIDATE_ID_ONLY_NO_SYMBOL_DATE_PRICE_TIME_FALLBACK
T601-3,decision-99b1b6a3683e43d6,decision-99b1b6a3683e43d6,AMD,2026-05-19T16:24:27.974389Z,0.522727,0.0,0.666667,0.0,0.333333,0.622727,REJECTED,SYMBOL_COOLDOWN_ACTIVE_390_MINUTES,ELIGIBLE_FROM_FUNNEL,,SOURCE_BLOCKED_SECTOR_UNAVAILABLE,SOURCE_BLOCKED_NO_LIQUIDITY_FIELD,390,20.6881,0.25,0.5,ELIGIBLE,,0,0,,,2026-05-19T16:24:25.254132Z:AMD,0,REJECTED: SYMBOL_COOLDOWN_ACTIVE_390_MINUTES; source=ELIGIBLE_FROM_FUNNEL; rank_score=0.522727; liquidity_score=0.000000; diversification_score=0.666667; cooldown_score=0.000000; existing_position_penalty=0.333333; sector_cap_status=SOURCE_BLOCKED_SECTOR_UNAVAILABLE; matching_policy=EXACT_CANDIDATE_ID_ONLY_NO_SYMBOL_DATE_PRICE_TIME_FALLBACK
T601-3,decision-dc78bbc6c96c40e9,decision-dc78bbc6c96c40e9,AMD,2026-05-19T16:26:09.609793Z,0.522727,0.0,0.666667,0.0,0.333333,0.622727,REJECTED,SYMBOL_COOLDOWN_ACTIVE_390_MINUTES,ELIGIBLE_FROM_FUNNEL,,SOURCE_BLOCKED_SECTOR_UNAVAILABLE,SOURCE_BLOCKED_NO_LIQUIDITY_FIELD,390,22.382,0.25,0.5,ELIGIBLE,,0,0,,,2026-05-19T16:26:06.870075Z:AMD,0,REJECTED: SYMBOL_COOLDOWN_ACTIVE_390_MINUTES; source=ELIGIBLE_FROM_FUNNEL; rank_score=0.522727; liquidity_score=0.000000; diversification_score=0.666667; cooldown_score=0.000000; existing_position_penalty=0.333333; sector_cap_status=SOURCE_BLOCKED_SECTOR_UNAVAILABLE; matching_policy=EXACT_CANDIDATE_ID_ONLY_NO_SYMBOL_DATE_PRICE_TIME_FALLBACK
T601-3,decision-6a82099a673d4b07,decision-6a82099a673d4b07,AMD,2026-05-19T16:27:51.272941Z,0.522727,0.0,0.666667,0.0,0.333333,0.622727,REJECTED,SYMBOL_COOLDOWN_ACTIVE_390_MINUTES,ELIGIBLE_FROM_FUNNEL,,SOURCE_BLOCKED_SECTOR_UNAVAILABLE,SOURCE_BLOCKED_NO_LIQUIDITY_FIELD,390,24.0764,0.25,0.5,ELIGIBLE,,0,0,,,2026-05-19T16:27:48.754734Z:AMD,0,REJECTED: SYMBOL_COOLDOWN_ACTIVE_390_MINUTES; source=ELIGIBLE_FROM_FUNNEL; rank_score=0.522727; liquidity_score=0.000000; diversification_score=0.666667; cooldown_score=0.000000; existing_position_penalty=0.333333; sector_cap_status=SOURCE_BLOCKED_SECTOR_UNAVAILABLE; matching_policy=EXACT_CANDIDATE_ID_ONLY_NO_SYMBOL_DATE_PRICE_TIME_FALLBACK
T601-3,decision-6274d1d97b8d4d3d,decision-6274d1d97b8d4d3d,AMD,2026-05-19T16:29:33.918133Z,0.522727,0.0,0.666667,0.0,0.333333,0.622727,REJECTED,SYMBOL_COOLDOWN_ACTIVE_390_MINUTES,ELIGIBLE_FROM_FUNNEL,,SOURCE_BLOCKED_SECTOR_UNAVAILABLE,SOURCE_BLOCKED_NO_LIQUIDITY_FIELD,390,25.7872,0.25,0.5,ELIGIBLE,,0,0,,,2026-05-19T16:29:30.934463Z:AMD,0,REJECTED: SYMBOL_COOLDOWN_ACTIVE_390_MINUTES; source=ELIGIBLE_FROM_FUNNEL; rank_score=0.522727; liquidity_score=0.000000; diversification_score=0.666667; cooldown_score=0.000000; existing_position_penalty=0.333333; sector_cap_status=SOURCE_BLOCKED_SECTOR_UNAVAILABLE; matching_policy=EXACT_CANDIDATE_ID_ONLY_NO_SYMBOL_DATE_PRICE_TIME_FALLBACK
T601-3,decision-53cf4bd8bbab4d46,decision-53cf4bd8bbab4d46,AMD,2026-05-19T16:31:15.776497Z,0.522727,0.0,0.666667,0.0,0.333333,0.622727,REJECTED,SYMBOL_COOLDOWN_ACTIVE_390_MINUTES,ELIGIBLE_FROM_FUNNEL,,SOURCE_BLOCKED_SECTOR_UNAVAILABLE,SOURCE_BLOCKED_NO_LIQUIDITY_FIELD,390,27.4848,0.25,0.5,ELIGIBLE,,0,0,,,2026-05-19T16:31:13.170556Z:AMD,0,REJECTED: SYMBOL_COOLDOWN_ACTIVE_390_MINUTES; source=ELIGIBLE_FROM_FUNNEL; rank_score=0.522727; liquidity_score=0.000000; diversification_score=0.666667; cooldown_score=0.000000; existing_position_penalty=0.333333; sector_cap_status=SOURCE_BLOCKED_SECTOR_UNAVAILABLE; matching_policy=EXACT_CANDIDATE_ID_ONLY_NO_SYMBOL_DATE_PRICE_TIME_FALLBACK
T601-3,decision-93653a0e267b487e,decision-93653a0e267b487e,AMD,2026-05-19T16:33:05.571133Z,0.522727,0.0,0.666667,0.0,0.333333,0.622727,REJECTED,SYMBOL_COOLDOWN_ACTIVE_390_MINUTES,ELIGIBLE_FROM_FUNNEL,,SOURCE_BLOCKED_SECTOR_UNAVAILABLE,SOURCE_BLOCKED_NO_LIQUIDITY_FIELD,390,29.3147,0.25,0.5,ELIGIBLE,,0,0,,,2026-05-19T16:33:02.826966Z:AMD,0,REJECTED: SYMBOL_COOLDOWN_ACTIVE_390_MINUTES; source=ELIGIBLE_FROM_FUNNEL; rank_score=0.522727; liquidity_score=0.000000; diversification_score=0.666667; cooldown_score=0.000000; existing_position_penalty=0.333333; sector_cap_status=SOURCE_BLOCKED_SECTOR_UNAVAILABLE; matching_policy=EXACT_CANDIDATE_ID_ONLY_NO_SYMBOL_DATE_PRICE_TIME_FALLBACK
T601-3,decision-9f243793087b471a,decision-9f243793087b471a,AMD,2026-05-19T16:34:54.174669Z,0.522727,0.0,0.666667,0.0,0.333333,0.622727,REJECTED,SYMBOL_COOLDOWN_ACTIVE_390_MINUTES,ELIGIBLE_FROM_FUNNEL,,SOURCE_BLOCKED_SECTOR_UNAVAILABLE,SOURCE_BLOCKED_NO_LIQUIDITY_FIELD,390,31.1248,0.25,0.5,ELIGIBLE,,0,0,,,2026-05-19T16:34:51.584575Z:AMD,0,REJECTED: SYMBOL_COOLDOWN_ACTIVE_390_MINUTES; source=ELIGIBLE_FROM_FUNNEL; rank_score=0.522727; liquidity_score=0.000000; diversification_score=0.666667; cooldown_score=0.000000; existing_position_penalty=0.333333; sector_cap_status=SOURCE_BLOCKED_SECTOR_UNAVAILABLE; matching_policy=EXACT_CANDIDATE_ID_ONLY_NO_SYMBOL_DATE_PRICE_TIME_FALLBACK
T601-3,decision-d6f7e79c985b412d,decision-d6f7e79c985b412d,AMD,2026-05-19T16:36:12.365644Z,0.522727,0.0,0.666667,0.0,0.333333,0.622727,REJECTED,SYMBOL_COOLDOWN_ACTIVE_390_MINUTES,ELIGIBLE_FROM_FUNNEL,,SOURCE_BLOCKED_SECTOR_UNAVAILABLE,SOURCE_BLOCKED_NO_LIQUIDITY_FIELD,390,32.428,0.25,0.5,ELIGIBLE,,0,0,,,2026-05-19T16:36:09.735771Z:AMD,0,REJECTED: SYMBOL_COOLDOWN_ACTIVE_390_MINUTES; source=ELIGIBLE_FROM_FUNNEL; rank_score=0.522727; liquidity_score=0.000000; diversification_score=0.666667; cooldown_score=0.000000; existing_position_penalty=0.333333; sector_cap_status=SOURCE_BLOCKED_SECTOR_UNAVAILABLE; matching_policy=EXACT_CANDIDATE_ID_ONLY_NO_SYMBOL_DATE_PRICE_TIME_FALLBACK
T601-3,decision-bae3df2078bc4526,decision-bae3df2078bc4526,AMD,2026-05-19T16:37:17.733434Z,0.522727,0.0,0.666667,0.0,0.333333,0.622727,REJECTED,SYMBOL_COOLDOWN_ACTIVE_390_MINUTES,ELIGIBLE_FROM_FUNNEL,,SOURCE_BLOCKED_SECTOR_UNAVAILABLE,SOURCE_BLOCKED_NO_LIQUIDITY_FIELD,390,33.5174,0.25,0.5,ELIGIBLE,,0,0,,,2026-05-19T16:37:15.165716Z:AMD,0,REJECTED: SYMBOL_COOLDOWN_ACTIVE_390_MINUTES; source=ELIGIBLE_FROM_FUNNEL; rank_score=0.522727; liquidity_score=0.000000; diversification_score=0.666667; cooldown_score=0.000000; existing_position_penalty=0.333333; sector_cap_status=SOURCE_BLOCKED_SECTOR_UNAVAILABLE; matching_policy=EXACT_CANDIDATE_ID_ONLY_NO_SYMBOL_DATE_PRICE_TIME_FALLBACK
T601-3,decision-7dfca4778332478f,decision-7dfca4778332478f,AMD,2026-05-19T16:38:25.718637Z,0.522727,0.0,0.666667,0.0,0.333333,0.622727,REJECTED,SYMBOL_COOLDOWN_ACTIVE_390_MINUTES,ELIGIBLE_FROM_FUNNEL,,SOURCE_BLOCKED_SECTOR_UNAVAILABLE,SOURCE_BLOCKED_NO_LIQUIDITY_FIELD,390,34.6505,0.25,0.5,ELIGIBLE,,0,0,,,2026-05-19T16:38:23.120000Z:AMD,0,REJECTED: SYMBOL_COOLDOWN_ACTIVE_390_MINUTES; source=ELIGIBLE_FROM_FUNNEL; rank_score=0.522727; liquidity_score=0.000000; diversification_score=0.666667; cooldown_score=0.000000; existing_position_penalty=0.333333; sector_cap_status=SOURCE_BLOCKED_SECTOR_UNAVAILABLE; matching_policy=EXACT_CANDIDATE_ID_ONLY_NO_SYMBOL_DATE_PRICE_TIME_FALLBACK
T601-3,decision-ad8763aa5ec24e1b,decision-ad8763aa5ec24e1b,AMD,2026-05-19T16:39:32.181548Z,0.522727,0.0,0.666667,0.0,0.333333,0.622727,REJECTED,SYMBOL_COOLDOWN_ACTIVE_390_MINUTES,ELIGIBLE_FROM_FUNNEL,,SOURCE_BLOCKED_SECTOR_UNAVAILABLE,SOURCE_BLOCKED_NO_LIQUIDITY_FIELD,390,35.7582,0.25,0.5,ELIGIBLE,,0,0,,,2026-05-19T16:39:29.595141Z:AMD,0,REJECTED: SYMBOL_COOLDOWN_ACTIVE_390_MINUTES; source=ELIGIBLE_FROM_FUNNEL; rank_score=0.522727; liquidity_score=0.000000; diversification_score=0.666667; cooldown_score=0.000000; existing_position_penalty=0.333333; sector_cap_status=SOURCE_BLOCKED_SECTOR_UNAVAILABLE; matching_policy=EXACT_CANDIDATE_ID_ONLY_NO_SYMBOL_DATE_PRICE_TIME_FALLBACK
T601-3,decision-2bfc5a9d10df4b9e,decision-2bfc5a9d10df4b9e,AMD,2026-05-19T16:40:38.393436Z,0.522727,0.0,0.666667,0.0,0.333333,0.622727,REJECTED,SYMBOL_COOLDOWN_ACTIVE_390_MINUTES,ELIGIBLE_FROM_FUNNEL,,SOURCE_BLOCKED_SECTOR_UNAVAILABLE,SOURCE_BLOCKED_NO_LIQUIDITY_FIELD,390,36.8617,0.25,0.5,ELIGIBLE,,0,0,,,2026-05-19T16:40:35.831791Z:AMD,0,REJECTED: SYMBOL_COOLDOWN_ACTIVE_390_MINUTES; source=ELIGIBLE_FROM_FUNNEL; rank_score=0.522727; liquidity_score=0.000000; diversification_score=0.666667; cooldown_score=0.000000; existing_position_penalty=0.333333; sector_cap_status=SOURCE_BLOCKED_SECTOR_UNAVAILABLE; matching_policy=EXACT_CANDIDATE_ID_ONLY_NO_SYMBOL_DATE_PRICE_TIME_FALLBACK
T601-3,decision-a20870e0598645a2,decision-a20870e0598645a2,AMD,2026-05-19T16:41:44.846957Z,0.522727,0.0,0.666667,0.0,0.333333,0.622727,REJECTED,SYMBOL_COOLDOWN_ACTIVE_390_MINUTES,ELIGIBLE_FROM_FUNNEL,,SOURCE_BLOCKED_SECTOR_UNAVAILABLE,SOURCE_BLOCKED_NO_LIQUIDITY_FIELD,390,37.9693,0.25,0.5,ELIGIBLE,,0,0,,,2026-05-19T16:41:42.088643Z:AMD,0,REJECTED: SYMBOL_COOLDOWN_ACTIVE_390_MINUTES; source=ELIGIBLE_FROM_FUNNEL; rank_score=0.522727; liquidity_score=0.000000; diversification_score=0.666667; cooldown_score=0.000000; existing_position_penalty=0.333333; sector_cap_status=SOURCE_BLOCKED_SECTOR_UNAVAILABLE; matching_policy=EXACT_CANDIDATE_ID_ONLY_NO_SYMBOL_DATE_PRICE_TIME_FALLBACK
T601-3,decision-14d998c9d8444325,decision-14d998c9d8444325,AMD,2026-05-19T16:42:51.355495Z,0.522727,0.0,0.666667,0.0,0.333333,0.622727,REJECTED,SYMBOL_COOLDOWN_ACTIVE_390_MINUTES,ELIGIBLE_FROM_FUNNEL,,SOURCE_BLOCKED_SECTOR_UNAVAILABLE,SOURCE_BLOCKED_NO_LIQUIDITY_FIELD,390,39.0778,0.25,0.5,ELIGIBLE,,0,0,,,2026-05-19T16:42:48.540883Z:AMD,0,REJECTED: SYMBOL_COOLDOWN_ACTIVE_390_MINUTES; source=ELIGIBLE_FROM_FUNNEL; rank_score=0.522727; liquidity_score=0.000000; diversification_score=0.666667; cooldown_score=0.000000; existing_position_penalty=0.333333; sector_cap_status=SOURCE_BLOCKED_SECTOR_UNAVAILABLE; matching_policy=EXACT_CANDIDATE_ID_ONLY_NO_SYMBOL_DATE_PRICE_TIME_FALLBACK
T601-3,decision-fbf9ae15c6d44a1c,decision-fbf9ae15c6d44a1c,AMD,2026-05-19T16:43:57.872894Z,0.522727,0.0,0.666667,0.0,0.333333,0.622727,REJECTED,SYMBOL_COOLDOWN_ACTIVE_390_MINUTES,ELIGIBLE_FROM_FUNNEL,,SOURCE_BLOCKED_SECTOR_UNAVAILABLE,SOURCE_BLOCKED_NO_LIQUIDITY_FIELD,390,40.1864,0.25,0.5,ELIGIBLE,,0,0,,,2026-05-19T16:43:55.151949Z:AMD,0,REJECTED: SYMBOL_COOLDOWN_ACTIVE_390_MINUTES; source=ELIGIBLE_FROM_FUNNEL; rank_score=0.522727; liquidity_score=0.000000; diversification_score=0.666667; cooldown_score=0.000000; existing_position_penalty=0.333333; sector_cap_status=SOURCE_BLOCKED_SECTOR_UNAVAILABLE; matching_policy=EXACT_CANDIDATE_ID_ONLY_NO_SYMBOL_DATE_PRICE_TIME_FALLBACK
T601-3,decision-ab2674b8d65f4e6d,decision-ab2674b8d65f4e6d,AMD,2026-05-19T16:45:37.283882Z,0.522727,0.0,0.666667,0.0,0.333333,0.622727,REJECTED,SYMBOL_COOLDOWN_ACTIVE_390_MINUTES,ELIGIBLE_FROM_FUNNEL,,SOURCE_BLOCKED_SECTOR_UNAVAILABLE,SOURCE_BLOCKED_NO_LIQUIDITY_FIELD,390,41.8433,0.25,0.5,ELIGIBLE,,0,0,,,2026-05-19T16:45:34.583524Z:AMD,0,REJECTED: SYMBOL_COOLDOWN_ACTIVE_390_MINUTES; source=ELIGIBLE_FROM_FUNNEL; rank_score=0.522727; liquidity_score=0.000000; diversification_score=0.666667; cooldown_score=0.000000; existing_position_penalty=0.333333; sector_cap_status=SOURCE_BLOCKED_SECTOR_UNAVAILABLE; matching_policy=EXACT_CANDIDATE_ID_ONLY_NO_SYMBOL_DATE_PRICE_TIME_FALLBACK
T601-3,decision-1c0cfd5039454f84,decision-1c0cfd5039454f84,AMD,2026-05-19T16:46:26.683864Z,0.522727,0.0,0.666667,0.0,0.333333,0.622727,REJECTED,SYMBOL_COOLDOWN_ACTIVE_390_MINUTES,ELIGIBLE_FROM_FUNNEL,,SOURCE_BLOCKED_SECTOR_UNAVAILABLE,SOURCE_BLOCKED_NO_LIQUIDITY_FIELD,390,42.6666,0.25,0.5,ELIGIBLE,,0,0,,,2026-05-19T16:46:23.929927Z:AMD,0,REJECTED: SYMBOL_COOLDOWN_ACTIVE_390_MINUTES; source=ELIGIBLE_FROM_FUNNEL; rank_score=0.522727; liquidity_score=0.000000; diversification_score=0.666667; cooldown_score=0.000000; existing_position_penalty=0.333333; sector_cap_status=SOURCE_BLOCKED_SECTOR_UNAVAILABLE; matching_policy=EXACT_CANDIDATE_ID_ONLY_NO_SYMBOL_DATE_PRICE_TIME_FALLBACK
T601-3,decision-7a293858f72b4578,decision-7a293858f72b4578,AMD,2026-05-19T16:47:33.712534Z,0.522727,0.0,0.666667,0.0,0.333333,0.622727,REJECTED,SYMBOL_COOLDOWN_ACTIVE_390_MINUTES,ELIGIBLE_FROM_FUNNEL,,SOURCE_BLOCKED_SECTOR_UNAVAILABLE,SOURCE_BLOCKED_NO_LIQUIDITY_FIELD,390,43.7837,0.25,0.5,ELIGIBLE,,0,0,,,2026-05-19T16:47:31.203267Z:AMD,0,REJECTED: SYMBOL_COOLDOWN_ACTIVE_390_MINUTES; source=ELIGIBLE_FROM_FUNNEL; rank_score=0.522727; liquidity_score=0.000000; diversification_score=0.666667; cooldown_score=0.000000; existing_position_penalty=0.333333; sector_cap_status=SOURCE_BLOCKED_SECTOR_UNAVAILABLE; matching_policy=EXACT_CANDIDATE_ID_ONLY_NO_SYMBOL_DATE_PRICE_TIME_FALLBACK
T601-3,decision-a442206b02a64a03,decision-a442206b02a64a03,AMD,2026-05-19T16:48:40.506343Z,0.522727,0.0,0.666667,0.0,0.333333,0.622727,REJECTED,SYMBOL_COOLDOWN_ACTIVE_390_MINUTES,ELIGIBLE_FROM_FUNNEL,,SOURCE_BLOCKED_SECTOR_UNAVAILABLE,SOURCE_BLOCKED_NO_LIQUIDITY_FIELD,390,44.897,0.25,0.5,ELIGIBLE,,0,0,,,2026-05-19T16:48:37.811296Z:AMD,0,REJECTED: SYMBOL_COOLDOWN_ACTIVE_390_MINUTES; source=ELIGIBLE_FROM_FUNNEL; rank_score=0.522727; liquidity_score=0.000000; diversification_score=0.666667; cooldown_score=0.000000; existing_position_penalty=0.333333; sector_cap_status=SOURCE_BLOCKED_SECTOR_UNAVAILABLE; matching_policy=EXACT_CANDIDATE_ID_ONLY_NO_SYMBOL_DATE_PRICE_TIME_FALLBACK
T601-3,decision-43014d0129b24f56,decision-43014d0129b24f56,AMD,2026-05-19T16:52:02.362492Z,0.522727,0.0,0.666667,0.0,0.333333,0.622727,REJECTED,SYMBOL_COOLDOWN_ACTIVE_390_MINUTES,ELIGIBLE_FROM_FUNNEL,,SOURCE_BLOCKED_SECTOR_UNAVAILABLE,SOURCE_BLOCKED_NO_LIQUIDITY_FIELD,390,48.2612,0.25,0.5,ELIGIBLE,,0,0,,,2026-05-19T16:51:59.735637Z:AMD,0,REJECTED: SYMBOL_COOLDOWN_ACTIVE_390_MINUTES; source=ELIGIBLE_FROM_FUNNEL; rank_score=0.522727; liquidity_score=0.000000; diversification_score=0.666667; cooldown_score=0.000000; existing_position_penalty=0.333333; sector_cap_status=SOURCE_BLOCKED_SECTOR_UNAVAILABLE; matching_policy=EXACT_CANDIDATE_ID_ONLY_NO_SYMBOL_DATE_PRICE_TIME_FALLBACK
T601-3,decision-020fbb3310c64109,decision-020fbb3310c64109,AMD,2026-05-19T16:52:58.882578Z,0.522727,0.0,0.666667,0.0,0.333333,0.622727,REJECTED,SYMBOL_COOLDOWN_ACTIVE_390_MINUTES,ELIGIBLE_FROM_FUNNEL,,SOURCE_BLOCKED_SECTOR_UNAVAILABLE,SOURCE_BLOCKED_NO_LIQUIDITY_FIELD,390,49.2032,0.25,0.5,ELIGIBLE,,0,0,,,2026-05-19T16:52:56.287648Z:AMD,0,REJECTED: SYMBOL_COOLDOWN_ACTIVE_390_MINUTES; source=ELIGIBLE_FROM_FUNNEL; rank_score=0.522727; liquidity_score=0.000000; diversification_score=0.666667; cooldown_score=0.000000; existing_position_penalty=0.333333; sector_cap_status=SOURCE_BLOCKED_SECTOR_UNAVAILABLE; matching_policy=EXACT_CANDIDATE_ID_ONLY_NO_SYMBOL_DATE_PRICE_TIME_FALLBACK
T601-3,decision-5deda6a6fead49bf,decision-5deda6a6fead49bf,AMD,2026-05-19T16:54:33.706970Z,0.522727,0.0,0.666667,0.0,0.333333,0.622727,REJECTED,SYMBOL_COOLDOWN_ACTIVE_390_MINUTES,ELIGIBLE_FROM_FUNNEL,,SOURCE_BLOCKED_SECTOR_UNAVAILABLE,SOURCE_BLOCKED_NO_LIQUIDITY_FIELD,390,50.7836,0.25,0.5,ELIGIBLE,,0,0,,,2026-05-19T16:54:31.160458Z:AMD,0,REJECTED: SYMBOL_COOLDOWN_ACTIVE_390_MINUTES; source=ELIGIBLE_FROM_FUNNEL; rank_score=0.522727; liquidity_score=0.000000; diversification_score=0.666667; cooldown_score=0.000000; existing_position_penalty=0.333333; sector_cap_status=SOURCE_BLOCKED_SECTOR_UNAVAILABLE; matching_policy=EXACT_CANDIDATE_ID_ONLY_NO_SYMBOL_DATE_PRICE_TIME_FALLBACK
T601-3,decision-7f6b2f62b0464943,decision-7f6b2f62b0464943,AMD,2026-05-19T16:55:00.766901Z,0.522727,0.0,0.666667,0.0,0.333333,0.622727,REJECTED,SYMBOL_COOLDOWN_ACTIVE_390_MINUTES,ELIGIBLE_FROM_FUNNEL,,SOURCE_BLOCKED_SECTOR_UNAVAILABLE,SOURCE_BLOCKED_NO_LIQUIDITY_FIELD,390,51.2346,0.25,0.5,ELIGIBLE,,0,0,,,2026-05-19T16:54:58.140250Z:AMD,0,REJECTED: SYMBOL_COOLDOWN_ACTIVE_390_MINUTES; source=ELIGIBLE_FROM_FUNNEL; rank_score=0.522727; liquidity_score=0.000000; diversification_score=0.666667; cooldown_score=0.000000; existing_position_penalty=0.333333; sector_cap_status=SOURCE_BLOCKED_SECTOR_UNAVAILABLE; matching_policy=EXACT_CANDIDATE_ID_ONLY_NO_SYMBOL_DATE_PRICE_TIME_FALLBACK
T601-3,decision-a20876bc2765458c,decision-a20876bc2765458c,AMD,2026-05-19T16:55:55.203665Z,0.522727,0.0,0.666667,0.0,0.333333,0.622727,REJECTED,SYMBOL_COOLDOWN_ACTIVE_390_MINUTES,ELIGIBLE_FROM_FUNNEL,,SOURCE_BLOCKED_SECTOR_UNAVAILABLE,SOURCE_BLOCKED_NO_LIQUIDITY_FIELD,390,52.1419,0.25,0.5,ELIGIBLE,,0,0,,,2026-05-19T16:55:52.575335Z:AMD,0,REJECTED: SYMBOL_COOLDOWN_ACTIVE_390_MINUTES; source=ELIGIBLE_FROM_FUNNEL; rank_score=0.522727; liquidity_score=0.000000; diversification_score=0.666667; cooldown_score=0.000000; existing_position_penalty=0.333333; sector_cap_status=SOURCE_BLOCKED_SECTOR_UNAVAILABLE; matching_policy=EXACT_CANDIDATE_ID_ONLY_NO_SYMBOL_DATE_PRICE_TIME_FALLBACK
T601-3,decision-b59c9313ca204d37,decision-b59c9313ca204d37,AMD,2026-05-19T16:57:01.863111Z,0.522727,0.0,0.666667,0.0,0.333333,0.622727,REJECTED,SYMBOL_COOLDOWN_ACTIVE_390_MINUTES,ELIGIBLE_FROM_FUNNEL,,SOURCE_BLOCKED_SECTOR_UNAVAILABLE,SOURCE_BLOCKED_NO_LIQUIDITY_FIELD,390,53.2529,0.25,0.5,ELIGIBLE,,0,0,,,2026-05-19T16:56:59.014197Z:AMD,0,REJECTED: SYMBOL_COOLDOWN_ACTIVE_390_MINUTES; source=ELIGIBLE_FROM_FUNNEL; rank_score=0.522727; liquidity_score=0.000000; diversification_score=0.666667; cooldown_score=0.000000; existing_position_penalty=0.333333; sector_cap_status=SOURCE_BLOCKED_SECTOR_UNAVAILABLE; matching_policy=EXACT_CANDIDATE_ID_ONLY_NO_SYMBOL_DATE_PRICE_TIME_FALLBACK
T601-3,decision-f2f968262a1641be,decision-f2f968262a1641be,AMD,2026-05-19T16:58:08.489626Z,0.522727,0.0,0.666667,0.0,0.333333,0.622727,REJECTED,SYMBOL_COOLDOWN_ACTIVE_390_MINUTES,ELIGIBLE_FROM_FUNNEL,,SOURCE_BLOCKED_SECTOR_UNAVAILABLE,SOURCE_BLOCKED_NO_LIQUIDITY_FIELD,390,54.3634,0.25,0.5,ELIGIBLE,,0,0,,,2026-05-19T16:58:05.720150Z:AMD,0,REJECTED: SYMBOL_COOLDOWN_ACTIVE_390_MINUTES; source=ELIGIBLE_FROM_FUNNEL; rank_score=0.522727; liquidity_score=0.000000; diversification_score=0.666667; cooldown_score=0.000000; existing_position_penalty=0.333333; sector_cap_status=SOURCE_BLOCKED_SECTOR_UNAVAILABLE; matching_policy=EXACT_CANDIDATE_ID_ONLY_NO_SYMBOL_DATE_PRICE_TIME_FALLBACK
T601-3,decision-6adaa8fce2f04805,decision-6adaa8fce2f04805,AMD,2026-05-19T16:59:03.367518Z,0.522727,0.0,0.666667,0.0,0.333333,0.622727,REJECTED,SYMBOL_COOLDOWN_ACTIVE_390_MINUTES,ELIGIBLE_FROM_FUNNEL,,SOURCE_BLOCKED_SECTOR_UNAVAILABLE,SOURCE_BLOCKED_NO_LIQUIDITY_FIELD,390,55.278,0.25,0.5,ELIGIBLE,,1,1,36731.0,0000036731:2026-05-19T17:17:05.636864Z:ORDER_STATUS,2026-05-19T16:59:00.724139Z:AMD,0,REJECTED: SYMBOL_COOLDOWN_ACTIVE_390_MINUTES; source=ELIGIBLE_FROM_FUNNEL; rank_score=0.522727; liquidity_score=0.000000; diversification_score=0.666667; cooldown_score=0.000000; existing_position_penalty=0.333333; sector_cap_status=SOURCE_BLOCKED_SECTOR_UNAVAILABLE; matching_policy=EXACT_CANDIDATE_ID_ONLY_NO_SYMBOL_DATE_PRICE_TIME_FALLBACK
T601-3,decision-02a5b380b9a74ec7,decision-02a5b380b9a74ec7,AMD,2026-05-19T17:00:11.883995Z,0.522727,0.0,0.666667,0.0,0.333333,0.622727,REJECTED,SYMBOL_COOLDOWN_ACTIVE_390_MINUTES,ELIGIBLE_FROM_FUNNEL,,SOURCE_BLOCKED_SECTOR_UNAVAILABLE,SOURCE_BLOCKED_NO_LIQUIDITY_FIELD,390,56.4199,0.25,0.5,ELIGIBLE,,0,0,,,2026-05-19T17:00:09.202787Z:AMD,0,REJECTED: SYMBOL_COOLDOWN_ACTIVE_390_MINUTES; source=ELIGIBLE_FROM_FUNNEL; rank_score=0.522727; liquidity_score=0.000000; diversification_score=0.666667; cooldown_score=0.000000; existing_position_penalty=0.333333; sector_cap_status=SOURCE_BLOCKED_SECTOR_UNAVAILABLE; matching_policy=EXACT_CANDIDATE_ID_ONLY_NO_SYMBOL_DATE_PRICE_TIME_FALLBACK
T601-3,decision-5c82bd43f8534a89,decision-5c82bd43f8534a89,AMD,2026-05-19T17:01:19.808593Z,0.522727,0.0,0.666667,0.0,0.333333,0.622727,REJECTED,SYMBOL_COOLDOWN_ACTIVE_390_MINUTES,ELIGIBLE_FROM_FUNNEL,,SOURCE_BLOCKED_SECTOR_UNAVAILABLE,SOURCE_BLOCKED_NO_LIQUIDITY_FIELD,390,57.552,0.25,0.5,ELIGIBLE,,0,0,,,2026-05-19T17:01:17.188879Z:AMD,0,REJECTED: SYMBOL_COOLDOWN_ACTIVE_390_MINUTES; source=ELIGIBLE_FROM_FUNNEL; rank_score=0.522727; liquidity_score=0.000000; diversification_score=0.666667; cooldown_score=0.000000; existing_position_penalty=0.333333; sector_cap_status=SOURCE_BLOCKED_SECTOR_UNAVAILABLE; matching_policy=EXACT_CANDIDATE_ID_ONLY_NO_SYMBOL_DATE_PRICE_TIME_FALLBACK
T601-3,decision-7d00fde101304946,decision-7d00fde101304946,AMD,2026-05-19T17:02:13.072067Z,0.522727,0.0,0.666667,0.0,0.333333,0.622727,REJECTED,SYMBOL_COOLDOWN_ACTIVE_390_MINUTES,ELIGIBLE_FROM_FUNNEL,,SOURCE_BLOCKED_SECTOR_UNAVAILABLE,SOURCE_BLOCKED_NO_LIQUIDITY_FIELD,390,58.4397,0.25,0.5,ELIGIBLE,,0,0,,,2026-05-19T17:02:09.811047Z:AMD,0,REJECTED: SYMBOL_COOLDOWN_ACTIVE_390_MINUTES; source=ELIGIBLE_FROM_FUNNEL; rank_score=0.522727; liquidity_score=0.000000; diversification_score=0.666667; cooldown_score=0.000000; existing_position_penalty=0.333333; sector_cap_status=SOURCE_BLOCKED_SECTOR_UNAVAILABLE; matching_policy=EXACT_CANDIDATE_ID_ONLY_NO_SYMBOL_DATE_PRICE_TIME_FALLBACK
T601-3,decision-c990234b396e4b5a,decision-c990234b396e4b5a,AMD,2026-05-19T17:03:20.573526Z,0.522727,0.0,0.666667,0.0,0.333333,0.622727,REJECTED,SYMBOL_COOLDOWN_ACTIVE_390_MINUTES,ELIGIBLE_FROM_FUNNEL,,SOURCE_BLOCKED_SECTOR_UNAVAILABLE,SOURCE_BLOCKED_NO_LIQUIDITY_FIELD,390,59.5648,0.25,0.5,ELIGIBLE,,0,0,,,2026-05-19T17:03:17.844954Z:AMD,0,REJECTED: SYMBOL_COOLDOWN_ACTIVE_390_MINUTES; source=ELIGIBLE_FROM_FUNNEL; rank_score=0.522727; liquidity_score=0.000000; diversification_score=0.666667; cooldown_score=0.000000; existing_position_penalty=0.333333; sector_cap_status=SOURCE_BLOCKED_SECTOR_UNAVAILABLE; matching_policy=EXACT_CANDIDATE_ID_ONLY_NO_SYMBOL_DATE_PRICE_TIME_FALLBACK
T601-3,decision-72934be319cf4310,decision-72934be319cf4310,AMD,2026-05-19T17:04:27.426587Z,0.522727,0.0,0.666667,0.0,0.333333,0.622727,REJECTED,SYMBOL_COOLDOWN_ACTIVE_390_MINUTES,ELIGIBLE_FROM_FUNNEL,,SOURCE_BLOCKED_SECTOR_UNAVAILABLE,SOURCE_BLOCKED_NO_LIQUIDITY_FIELD,390,60.679,0.25,0.5,ELIGIBLE,,0,0,,,2026-05-19T17:04:24.674167Z:AMD,0,REJECTED: SYMBOL_COOLDOWN_ACTIVE_390_MINUTES; source=ELIGIBLE_FROM_FUNNEL; rank_score=0.522727; liquidity_score=0.000000; diversification_score=0.666667; cooldown_score=0.000000; existing_position_penalty=0.333333; sector_cap_status=SOURCE_BLOCKED_SECTOR_UNAVAILABLE; matching_policy=EXACT_CANDIDATE_ID_ONLY_NO_SYMBOL_DATE_PRICE_TIME_FALLBACK
T601-3,decision-93b89860ed4949e9,decision-93b89860ed4949e9,AMD,2026-05-19T17:05:34.389946Z,0.522727,0.0,0.666667,0.0,0.333333,0.622727,REJECTED,SYMBOL_COOLDOWN_ACTIVE_390_MINUTES,ELIGIBLE_FROM_FUNNEL,,SOURCE_BLOCKED_SECTOR_UNAVAILABLE,SOURCE_BLOCKED_NO_LIQUIDITY_FIELD,390,61.795,0.25,0.5,ELIGIBLE,,0,0,,,2026-05-19T17:05:31.608531Z:AMD,0,REJECTED: SYMBOL_COOLDOWN_ACTIVE_390_MINUTES; source=ELIGIBLE_FROM_FUNNEL; rank_score=0.522727; liquidity_score=0.000000; diversification_score=0.666667; cooldown_score=0.000000; existing_position_penalty=0.333333; sector_cap_status=SOURCE_BLOCKED_SECTOR_UNAVAILABLE; matching_policy=EXACT_CANDIDATE_ID_ONLY_NO_SYMBOL_DATE_PRICE_TIME_FALLBACK
T601-3,decision-587e0fe2c5a14598,decision-587e0fe2c5a14598,AMD,2026-05-19T17:06:41.362470Z,0.522727,0.0,0.666667,0.0,0.333333,0.622727,REJECTED,SYMBOL_COOLDOWN_ACTIVE_390_MINUTES,ELIGIBLE_FROM_FUNNEL,,SOURCE_BLOCKED_SECTOR_UNAVAILABLE,SOURCE_BLOCKED_NO_LIQUIDITY_FIELD,390,62.9112,0.25,0.5,ELIGIBLE,,0,0,,,2026-05-19T17:06:38.720573Z:AMD,0,REJECTED: SYMBOL_COOLDOWN_ACTIVE_390_MINUTES; source=ELIGIBLE_FROM_FUNNEL; rank_score=0.522727; liquidity_score=0.000000; diversification_score=0.666667; cooldown_score=0.000000; existing_position_penalty=0.333333; sector_cap_status=SOURCE_BLOCKED_SECTOR_UNAVAILABLE; matching_policy=EXACT_CANDIDATE_ID_ONLY_NO_SYMBOL_DATE_PRICE_TIME_FALLBACK
T601-3,decision-de2e151637414a7e,decision-de2e151637414a7e,AMD,2026-05-19T17:07:37.192271Z,0.522727,0.0,0.666667,0.0,0.333333,0.622727,REJECTED,SYMBOL_COOLDOWN_ACTIVE_390_MINUTES,ELIGIBLE_FROM_FUNNEL,,SOURCE_BLOCKED_SECTOR_UNAVAILABLE,SOURCE_BLOCKED_NO_LIQUIDITY_FIELD,390,63.8417,0.25,0.5,ELIGIBLE,,0,0,,,2026-05-19T17:07:34.315498Z:AMD,0,REJECTED: SYMBOL_COOLDOWN_ACTIVE_390_MINUTES; source=ELIGIBLE_FROM_FUNNEL; rank_score=0.522727; liquidity_score=0.000000; diversification_score=0.666667; cooldown_score=0.000000; existing_position_penalty=0.333333; sector_cap_status=SOURCE_BLOCKED_SECTOR_UNAVAILABLE; matching_policy=EXACT_CANDIDATE_ID_ONLY_NO_SYMBOL_DATE_PRICE_TIME_FALLBACK
T601-3,decision-80da2d2a32a24e57,decision-80da2d2a32a24e57,AMD,2026-05-19T17:08:43.978376Z,0.522727,0.0,0.666667,0.0,0.333333,0.622727,REJECTED,SYMBOL_COOLDOWN_ACTIVE_390_MINUTES,ELIGIBLE_FROM_FUNNEL,,SOURCE_BLOCKED_SECTOR_UNAVAILABLE,SOURCE_BLOCKED_NO_LIQUIDITY_FIELD,390,64.9548,0.25,0.5,ELIGIBLE,,0,0,,,2026-05-19T17:08:41.220445Z:AMD,0,REJECTED: SYMBOL_COOLDOWN_ACTIVE_390_MINUTES; source=ELIGIBLE_FROM_FUNNEL; rank_score=0.522727; liquidity_score=0.000000; diversification_score=0.666667; cooldown_score=0.000000; existing_position_penalty=0.333333; sector_cap_status=SOURCE_BLOCKED_SECTOR_UNAVAILABLE; matching_policy=EXACT_CANDIDATE_ID_ONLY_NO_SYMBOL_DATE_PRICE_TIME_FALLBACK
T601-3,decision-badaa56d608140ae,decision-badaa56d608140ae,AMD,2026-05-19T17:09:53.151986Z,0.522727,0.0,0.666667,0.0,0.333333,0.622727,REJECTED,SYMBOL_COOLDOWN_ACTIVE_390_MINUTES,ELIGIBLE_FROM_FUNNEL,,SOURCE_BLOCKED_SECTOR_UNAVAILABLE,SOURCE_BLOCKED_NO_LIQUIDITY_FIELD,390,66.1077,0.25,0.5,ELIGIBLE,,0,0,,,2026-05-19T17:09:50.339277Z:AMD,0,REJECTED: SYMBOL_COOLDOWN_ACTIVE_390_MINUTES; source=ELIGIBLE_FROM_FUNNEL; rank_score=0.522727; liquidity_score=0.000000; diversification_score=0.666667; cooldown_score=0.000000; existing_position_penalty=0.333333; sector_cap_status=SOURCE_BLOCKED_SECTOR_UNAVAILABLE; matching_policy=EXACT_CANDIDATE_ID_ONLY_NO_SYMBOL_DATE_PRICE_TIME_FALLBACK
T601-3,decision-5d6e8bb9e63540b8,decision-5d6e8bb9e63540b8,AMD,2026-05-19T17:11:00.882859Z,0.522727,0.0,0.666667,0.0,0.333333,0.622727,REJECTED,SYMBOL_COOLDOWN_ACTIVE_390_MINUTES,ELIGIBLE_FROM_FUNNEL,,SOURCE_BLOCKED_SECTOR_UNAVAILABLE,SOURCE_BLOCKED_NO_LIQUIDITY_FIELD,390,67.2366,0.25,0.5,ELIGIBLE,,0,0,,,2026-05-19T17:10:58.030191Z:AMD,0,REJECTED: SYMBOL_COOLDOWN_ACTIVE_390_MINUTES; source=ELIGIBLE_FROM_FUNNEL; rank_score=0.522727; liquidity_score=0.000000; diversification_score=0.666667; cooldown_score=0.000000; existing_position_penalty=0.333333; sector_cap_status=SOURCE_BLOCKED_SECTOR_UNAVAILABLE; matching_policy=EXACT_CANDIDATE_ID_ONLY_NO_SYMBOL_DATE_PRICE_TIME_FALLBACK
T601-3,decision-807d916d72d14219,decision-807d916d72d14219,AMD,2026-05-19T17:12:08.055644Z,0.522727,0.0,0.666667,0.0,0.333333,0.622727,REJECTED,SYMBOL_COOLDOWN_ACTIVE_390_MINUTES,ELIGIBLE_FROM_FUNNEL,,SOURCE_BLOCKED_SECTOR_UNAVAILABLE,SOURCE_BLOCKED_NO_LIQUIDITY_FIELD,390,68.3561,0.25,0.5,ELIGIBLE,,0,0,,,2026-05-19T17:12:05.289706Z:AMD,0,REJECTED: SYMBOL_COOLDOWN_ACTIVE_390_MINUTES; source=ELIGIBLE_FROM_FUNNEL; rank_score=0.522727; liquidity_score=0.000000; diversification_score=0.666667; cooldown_score=0.000000; existing_position_penalty=0.333333; sector_cap_status=SOURCE_BLOCKED_SECTOR_UNAVAILABLE; matching_policy=EXACT_CANDIDATE_ID_ONLY_NO_SYMBOL_DATE_PRICE_TIME_FALLBACK
T601-3,decision-c8fefb538ee14918,decision-c8fefb538ee14918,AMD,2026-05-19T17:13:15.274533Z,0.522727,0.0,0.666667,0.0,0.333333,0.622727,REJECTED,SYMBOL_COOLDOWN_ACTIVE_390_MINUTES,ELIGIBLE_FROM_FUNNEL,,SOURCE_BLOCKED_SECTOR_UNAVAILABLE,SOURCE_BLOCKED_NO_LIQUIDITY_FIELD,390,69.4764,0.25,0.5,ELIGIBLE,,0,0,,,2026-05-19T17:13:12.609211Z:AMD,0,REJECTED: SYMBOL_COOLDOWN_ACTIVE_390_MINUTES; source=ELIGIBLE_FROM_FUNNEL; rank_score=0.522727; liquidity_score=0.000000; diversification_score=0.666667; cooldown_score=0.000000; existing_position_penalty=0.333333; sector_cap_status=SOURCE_BLOCKED_SECTOR_UNAVAILABLE; matching_policy=EXACT_CANDIDATE_ID_ONLY_NO_SYMBOL_DATE_PRICE_TIME_FALLBACK
T601-3,decision-6f618121755642f9,decision-6f618121755642f9,AMD,2026-05-19T17:14:22.691242Z,0.522727,0.0,0.666667,0.0,0.333333,0.622727,REJECTED,SYMBOL_COOLDOWN_ACTIVE_390_MINUTES,ELIGIBLE_FROM_FUNNEL,,SOURCE_BLOCKED_SECTOR_UNAVAILABLE,SOURCE_BLOCKED_NO_LIQUIDITY_FIELD,390,70.6,0.25,0.5,ELIGIBLE,,0,0,,,2026-05-19T17:14:19.501485Z:AMD,0,REJECTED: SYMBOL_COOLDOWN_ACTIVE_390_MINUTES; source=ELIGIBLE_FROM_FUNNEL; rank_score=0.522727; liquidity_score=0.000000; diversification_score=0.666667; cooldown_score=0.000000; existing_position_penalty=0.333333; sector_cap_status=SOURCE_BLOCKED_SECTOR_UNAVAILABLE; matching_policy=EXACT_CANDIDATE_ID_ONLY_NO_SYMBOL_DATE_PRICE_TIME_FALLBACK
T601-3,decision-09c9319bb4564aab,decision-09c9319bb4564aab,AMD,2026-05-19T17:15:30.289410Z,0.522727,0.0,0.666667,0.0,0.333333,0.622727,REJECTED,SYMBOL_COOLDOWN_ACTIVE_390_MINUTES,ELIGIBLE_FROM_FUNNEL,,SOURCE_BLOCKED_SECTOR_UNAVAILABLE,SOURCE_BLOCKED_NO_LIQUIDITY_FIELD,390,71.7267,0.25,0.5,ELIGIBLE,,0,0,,,2026-05-19T17:15:27.032207Z:AMD,0,REJECTED: SYMBOL_COOLDOWN_ACTIVE_390_MINUTES; source=ELIGIBLE_FROM_FUNNEL; rank_score=0.522727; liquidity_score=0.000000; diversification_score=0.666667; cooldown_score=0.000000; existing_position_penalty=0.333333; sector_cap_status=SOURCE_BLOCKED_SECTOR_UNAVAILABLE; matching_policy=EXACT_CANDIDATE_ID_ONLY_NO_SYMBOL_DATE_PRICE_TIME_FALLBACK
T601-3,decision-1d315466b7764b67,decision-1d315466b7764b67,AMD,2026-05-19T17:15:56.115571Z,0.522727,0.0,0.666667,0.0,0.333333,0.622727,REJECTED,SYMBOL_COOLDOWN_ACTIVE_390_MINUTES,ELIGIBLE_FROM_FUNNEL,,SOURCE_BLOCKED_SECTOR_UNAVAILABLE,SOURCE_BLOCKED_NO_LIQUIDITY_FIELD,390,72.1571,0.25,0.5,ELIGIBLE,,0,0,,,2026-05-19T17:15:53.472326Z:AMD,0,REJECTED: SYMBOL_COOLDOWN_ACTIVE_390_MINUTES; source=ELIGIBLE_FROM_FUNNEL; rank_score=0.522727; liquidity_score=0.000000; diversification_score=0.666667; cooldown_score=0.000000; existing_position_penalty=0.333333; sector_cap_status=SOURCE_BLOCKED_SECTOR_UNAVAILABLE; matching_policy=EXACT_CANDIDATE_ID_ONLY_NO_SYMBOL_DATE_PRICE_TIME_FALLBACK
T601-3,decision-2a628078fcc54cb9,decision-2a628078fcc54cb9,AMD,2026-05-19T17:17:04.693824Z,0.522727,0.0,0.666667,0.0,0.333333,0.622727,REJECTED,SYMBOL_COOLDOWN_ACTIVE_390_MINUTES,ELIGIBLE_FROM_FUNNEL,,SOURCE_BLOCKED_SECTOR_UNAVAILABLE,SOURCE_BLOCKED_NO_LIQUIDITY_FIELD,390,73.3001,0.25,0.5,ELIGIBLE,,1,1,36857.0,0000036857:2026-05-19T17:23:22.847412Z:ORDER_STATUS,2026-05-19T17:17:02.045875Z:AMD,0,REJECTED: SYMBOL_COOLDOWN_ACTIVE_390_MINUTES; source=ELIGIBLE_FROM_FUNNEL; rank_score=0.522727; liquidity_score=0.000000; diversification_score=0.666667; cooldown_score=0.000000; existing_position_penalty=0.333333; sector_cap_status=SOURCE_BLOCKED_SECTOR_UNAVAILABLE; matching_policy=EXACT_CANDIDATE_ID_ONLY_NO_SYMBOL_DATE_PRICE_TIME_FALLBACK
T601-3,decision-94bd69e6b70147a2,decision-94bd69e6b70147a2,AMD,2026-05-19T17:18:17.409786Z,0.522727,0.0,0.666667,0.0,0.333333,0.622727,REJECTED,SYMBOL_COOLDOWN_ACTIVE_390_MINUTES,ELIGIBLE_FROM_FUNNEL,,SOURCE_BLOCKED_SECTOR_UNAVAILABLE,SOURCE_BLOCKED_NO_LIQUIDITY_FIELD,390,74.512,0.25,0.5,ELIGIBLE,,0,0,,,2026-05-19T17:18:14.650125Z:AMD,0,REJECTED: SYMBOL_COOLDOWN_ACTIVE_390_MINUTES; source=ELIGIBLE_FROM_FUNNEL; rank_score=0.522727; liquidity_score=0.000000; diversification_score=0.666667; cooldown_score=0.000000; existing_position_penalty=0.333333; sector_cap_status=SOURCE_BLOCKED_SECTOR_UNAVAILABLE; matching_policy=EXACT_CANDIDATE_ID_ONLY_NO_SYMBOL_DATE_PRICE_TIME_FALLBACK
T601-3,decision-68fadd33f86d469b,decision-68fadd33f86d469b,AMD,2026-05-19T17:19:24.624405Z,0.522727,0.0,0.666667,0.0,0.333333,0.622727,REJECTED,SYMBOL_COOLDOWN_ACTIVE_390_MINUTES,ELIGIBLE_FROM_FUNNEL,,SOURCE_BLOCKED_SECTOR_UNAVAILABLE,SOURCE_BLOCKED_NO_LIQUIDITY_FIELD,390,75.6323,0.25,0.5,ELIGIBLE,,0,0,,,2026-05-19T17:19:22.004815Z:AMD,0,REJECTED: SYMBOL_COOLDOWN_ACTIVE_390_MINUTES; source=ELIGIBLE_FROM_FUNNEL; rank_score=0.522727; liquidity_score=0.000000; diversification_score=0.666667; cooldown_score=0.000000; existing_position_penalty=0.333333; sector_cap_status=SOURCE_BLOCKED_SECTOR_UNAVAILABLE; matching_policy=EXACT_CANDIDATE_ID_ONLY_NO_SYMBOL_DATE_PRICE_TIME_FALLBACK
T601-3,decision-d79f2cd6141743b8,decision-d79f2cd6141743b8,AMD,2026-05-19T17:19:57.511898Z,0.522727,0.0,0.666667,0.0,0.333333,0.622727,REJECTED,SYMBOL_COOLDOWN_ACTIVE_390_MINUTES,ELIGIBLE_FROM_FUNNEL,,SOURCE_BLOCKED_SECTOR_UNAVAILABLE,SOURCE_BLOCKED_NO_LIQUIDITY_FIELD,390,76.1804,0.25,0.5,ELIGIBLE,,0,0,,,2026-05-19T17:19:54.812766Z:AMD,0,REJECTED: SYMBOL_COOLDOWN_ACTIVE_390_MINUTES; source=ELIGIBLE_FROM_FUNNEL; rank_score=0.522727; liquidity_score=0.000000; diversification_score=0.666667; cooldown_score=0.000000; existing_position_penalty=0.333333; sector_cap_status=SOURCE_BLOCKED_SECTOR_UNAVAILABLE; matching_policy=EXACT_CANDIDATE_ID_ONLY_NO_SYMBOL_DATE_PRICE_TIME_FALLBACK
T601-3,decision-19ae2f39c1134b89,decision-19ae2f39c1134b89,AMD,2026-05-19T17:21:05.207356Z,0.522727,0.0,0.666667,0.0,0.333333,0.622727,REJECTED,SYMBOL_COOLDOWN_ACTIVE_390_MINUTES,ELIGIBLE_FROM_FUNNEL,,SOURCE_BLOCKED_SECTOR_UNAVAILABLE,SOURCE_BLOCKED_NO_LIQUIDITY_FIELD,390,77.3086,0.25,0.5,ELIGIBLE,,0,0,,,2026-05-19T17:21:02.645236Z:AMD,0,REJECTED: SYMBOL_COOLDOWN_ACTIVE_390_MINUTES; source=ELIGIBLE_FROM_FUNNEL; rank_score=0.522727; liquidity_score=0.000000; diversification_score=0.666667; cooldown_score=0.000000; existing_position_penalty=0.333333; sector_cap_status=SOURCE_BLOCKED_SECTOR_UNAVAILABLE; matching_policy=EXACT_CANDIDATE_ID_ONLY_NO_SYMBOL_DATE_PRICE_TIME_FALLBACK
T601-3,decision-a6b1aecfddd84b43,decision-a6b1aecfddd84b43,AMD,2026-05-19T17:22:13.694863Z,0.522727,0.0,0.666667,0.0,0.333333,0.622727,REJECTED,SYMBOL_COOLDOWN_ACTIVE_390_MINUTES,ELIGIBLE_FROM_FUNNEL,,SOURCE_BLOCKED_SECTOR_UNAVAILABLE,SOURCE_BLOCKED_NO_LIQUIDITY_FIELD,390,78.4501,0.25,0.5,ELIGIBLE,,0,0,,,2026-05-19T17:22:11.061606Z:AMD,0,REJECTED: SYMBOL_COOLDOWN_ACTIVE_390_MINUTES; source=ELIGIBLE_FROM_FUNNEL; rank_score=0.522727; liquidity_score=0.000000; diversification_score=0.666667; cooldown_score=0.000000; existing_position_penalty=0.333333; sector_cap_status=SOURCE_BLOCKED_SECTOR_UNAVAILABLE; matching_policy=EXACT_CANDIDATE_ID_ONLY_NO_SYMBOL_DATE_PRICE_TIME_FALLBACK
T601-3,decision-fe52b7edaefc439f,decision-fe52b7edaefc439f,AMD,2026-05-19T17:23:21.930792Z,0.522727,0.0,0.666667,0.0,0.333333,0.622727,REJECTED,SYMBOL_COOLDOWN_ACTIVE_390_MINUTES,ELIGIBLE_FROM_FUNNEL,,SOURCE_BLOCKED_SECTOR_UNAVAILABLE,SOURCE_BLOCKED_NO_LIQUIDITY_FIELD,390,79.5874,0.25,0.5,ELIGIBLE,,0,0,,,2026-05-19T17:23:19.297521Z:AMD,0,REJECTED: SYMBOL_COOLDOWN_ACTIVE_390_MINUTES; source=ELIGIBLE_FROM_FUNNEL; rank_score=0.522727; liquidity_score=0.000000; diversification_score=0.666667; cooldown_score=0.000000; existing_position_penalty=0.333333; sector_cap_status=SOURCE_BLOCKED_SECTOR_UNAVAILABLE; matching_policy=EXACT_CANDIDATE_ID_ONLY_NO_SYMBOL_DATE_PRICE_TIME_FALLBACK
T601-3,decision-2ed23b2333e74852,decision-2ed23b2333e74852,AMD,2026-05-19T17:24:30.944182Z,0.522727,0.0,0.666667,0.0,0.333333,0.622727,REJECTED,SYMBOL_COOLDOWN_ACTIVE_390_MINUTES,ELIGIBLE_FROM_FUNNEL,,SOURCE_BLOCKED_SECTOR_UNAVAILABLE,SOURCE_BLOCKED_NO_LIQUIDITY_FIELD,390,80.7376,0.25,0.5,ELIGIBLE,,0,0,,,2026-05-19T17:24:27.537680Z:AMD,0,REJECTED: SYMBOL_COOLDOWN_ACTIVE_390_MINUTES; source=ELIGIBLE_FROM_FUNNEL; rank_score=0.522727; liquidity_score=0.000000; diversification_score=0.666667; cooldown_score=0.000000; existing_position_penalty=0.333333; sector_cap_status=SOURCE_BLOCKED_SECTOR_UNAVAILABLE; matching_policy=EXACT_CANDIDATE_ID_ONLY_NO_SYMBOL_DATE_PRICE_TIME_FALLBACK
T601-3,decision-26a9ca3b65ae44aa,decision-26a9ca3b65ae44aa,AMD,2026-05-19T17:24:55.281727Z,0.522727,0.0,0.666667,0.0,0.333333,0.622727,REJECTED,SYMBOL_COOLDOWN_ACTIVE_390_MINUTES,ELIGIBLE_FROM_FUNNEL,,SOURCE_BLOCKED_SECTOR_UNAVAILABLE,SOURCE_BLOCKED_NO_LIQUIDITY_FIELD,390,81.1432,0.25,0.5,ELIGIBLE,,0,0,,,2026-05-19T17:24:52.511794Z:AMD,0,REJECTED: SYMBOL_COOLDOWN_ACTIVE_390_MINUTES; source=ELIGIBLE_FROM_FUNNEL; rank_score=0.522727; liquidity_score=0.000000; diversification_score=0.666667; cooldown_score=0.000000; existing_position_penalty=0.333333; sector_cap_status=SOURCE_BLOCKED_SECTOR_UNAVAILABLE; matching_policy=EXACT_CANDIDATE_ID_ONLY_NO_SYMBOL_DATE_PRICE_TIME_FALLBACK
T601-3,decision-0d0a7a174cfe4cc6,decision-0d0a7a174cfe4cc6,MSFT,2026-05-19T17:26:01.717031Z,0.563636,0.0,1.0,1.0,0.0,0.913636,REJECTED,ENTRY_OR_SOURCE_BLOCKED_BY_FUNNEL,ENTRY_OR_SOURCE_BLOCKED_BY_FUNNEL,,SOURCE_BLOCKED_SECTOR_UNAVAILABLE,SOURCE_BLOCKED_NO_LIQUIDITY_FIELD,390,,0.25,0.5,INELIGIBLE_UNKNOWN,STRATEGY_FILTER_NOT_MET NO_ENTRY,0,0,,,2026-05-19T17:25:58.934369Z:MSFT,0,REJECTED: ENTRY_OR_SOURCE_BLOCKED_BY_FUNNEL; source=ENTRY_OR_SOURCE_BLOCKED_BY_FUNNEL; rank_score=0.563636; liquidity_score=0.000000; diversification_score=1.000000; cooldown_score=1.000000; existing_position_penalty=0.000000; sector_cap_status=SOURCE_BLOCKED_SECTOR_UNAVAILABLE; matching_policy=EXACT_CANDIDATE_ID_ONLY_NO_SYMBOL_DATE_PRICE_TIME_FALLBACK
T601-3,decision-807de60578ba4618,decision-807de60578ba4618,MSFT,2026-05-19T17:26:33.216511Z,0.563636,0.0,1.0,1.0,0.0,0.913636,REJECTED,ENTRY_OR_SOURCE_BLOCKED_BY_FUNNEL,ENTRY_OR_SOURCE_BLOCKED_BY_FUNNEL,,SOURCE_BLOCKED_SECTOR_UNAVAILABLE,SOURCE_BLOCKED_NO_LIQUIDITY_FIELD,390,,0.25,0.5,INELIGIBLE_UNKNOWN,STRATEGY_FILTER_NOT_MET NO_ENTRY,0,0,,,2026-05-19T17:26:30.526404Z:MSFT,0,REJECTED: ENTRY_OR_SOURCE_BLOCKED_BY_FUNNEL; source=ENTRY_OR_SOURCE_BLOCKED_BY_FUNNEL; rank_score=0.563636; liquidity_score=0.000000; diversification_score=1.000000; cooldown_score=1.000000; existing_position_penalty=0.000000; sector_cap_status=SOURCE_BLOCKED_SECTOR_UNAVAILABLE; matching_policy=EXACT_CANDIDATE_ID_ONLY_NO_SYMBOL_DATE_PRICE_TIME_FALLBACK
T601-3,decision-b300d72b8f7f4072,decision-b300d72b8f7f4072,MSFT,2026-05-19T17:27:40.620632Z,0.563636,0.0,1.0,1.0,0.0,0.913636,REJECTED,ENTRY_OR_SOURCE_BLOCKED_BY_FUNNEL,ENTRY_OR_SOURCE_BLOCKED_BY_FUNNEL,,SOURCE_BLOCKED_SECTOR_UNAVAILABLE,SOURCE_BLOCKED_NO_LIQUIDITY_FIELD,390,,0.25,0.5,INELIGIBLE_UNKNOWN,STRATEGY_FILTER_NOT_MET NO_ENTRY,0,0,,,2026-05-19T17:27:37.780817Z:MSFT,0,REJECTED: ENTRY_OR_SOURCE_BLOCKED_BY_FUNNEL; source=ENTRY_OR_SOURCE_BLOCKED_BY_FUNNEL; rank_score=0.563636; liquidity_score=0.000000; diversification_score=1.000000; cooldown_score=1.000000; existing_position_penalty=0.000000; sector_cap_status=SOURCE_BLOCKED_SECTOR_UNAVAILABLE; matching_policy=EXACT_CANDIDATE_ID_ONLY_NO_SYMBOL_DATE_PRICE_TIME_FALLBACK
T601-3,decision-d16c4cbd31334371,decision-d16c4cbd31334371,MSFT,2026-05-19T17:28:48.229526Z,0.563636,0.0,1.0,1.0,0.0,0.913636,REJECTED,ENTRY_OR_SOURCE_BLOCKED_BY_FUNNEL,ENTRY_OR_SOURCE_BLOCKED_BY_FUNNEL,,SOURCE_BLOCKED_SECTOR_UNAVAILABLE,SOURCE_BLOCKED_NO_LIQUIDITY_FIELD,390,,0.25,0.5,INELIGIBLE_UNKNOWN,STRATEGY_FILTER_NOT_MET NO_ENTRY,0,0,,,2026-05-19T17:28:45.518791Z:MSFT,0,REJECTED: ENTRY_OR_SOURCE_BLOCKED_BY_FUNNEL; source=ENTRY_OR_SOURCE_BLOCKED_BY_FUNNEL; rank_score=0.563636; liquidity_score=0.000000; diversification_score=1.000000; cooldown_score=1.000000; existing_position_penalty=0.000000; sector_cap_status=SOURCE_BLOCKED_SECTOR_UNAVAILABLE; matching_policy=EXACT_CANDIDATE_ID_ONLY_NO_SYMBOL_DATE_PRICE_TIME_FALLBACK
T601-3,decision-8ae9a52015c14e7c,decision-8ae9a52015c14e7c,MSFT,2026-05-19T17:29:54.971911Z,0.563636,0.0,1.0,1.0,0.0,0.913636,REJECTED,ENTRY_OR_SOURCE_BLOCKED_BY_FUNNEL,ENTRY_OR_SOURCE_BLOCKED_BY_FUNNEL,,SOURCE_BLOCKED_SECTOR_UNAVAILABLE,SOURCE_BLOCKED_NO_LIQUIDITY_FIELD,390,,0.25,0.5,INELIGIBLE_UNKNOWN,STRATEGY_FILTER_NOT_MET NO_ENTRY,0,0,,,2026-05-19T17:29:51.566969Z:MSFT,0,REJECTED: ENTRY_OR_SOURCE_BLOCKED_BY_FUNNEL; source=ENTRY_OR_SOURCE_BLOCKED_BY_FUNNEL; rank_score=0.563636; liquidity_score=0.000000; diversification_score=1.000000; cooldown_score=1.000000; existing_position_penalty=0.000000; sector_cap_status=SOURCE_BLOCKED_SECTOR_UNAVAILABLE; matching_policy=EXACT_CANDIDATE_ID_ONLY_NO_SYMBOL_DATE_PRICE_TIME_FALLBACK
T601-3,decision-2a81f0d3d69d42bb,decision-2a81f0d3d69d42bb,MSFT,2026-05-19T17:31:01.910008Z,0.563636,0.0,1.0,1.0,0.0,0.913636,REJECTED,ENTRY_OR_SOURCE_BLOCKED_BY_FUNNEL,ENTRY_OR_SOURCE_BLOCKED_BY_FUNNEL,,SOURCE_BLOCKED_SECTOR_UNAVAILABLE,SOURCE_BLOCKED_NO_LIQUIDITY_FIELD,390,,0.25,0.5,INELIGIBLE_UNKNOWN,STRATEGY_FILTER_NOT_MET NO_ENTRY,0,0,,,2026-05-19T17:30:59.397473Z:MSFT,0,REJECTED: ENTRY_OR_SOURCE_BLOCKED_BY_FUNNEL; source=ENTRY_OR_SOURCE_BLOCKED_BY_FUNNEL; rank_score=0.563636; liquidity_score=0.000000; diversification_score=1.000000; cooldown_score=1.000000; existing_position_penalty=0.000000; sector_cap_status=SOURCE_BLOCKED_SECTOR_UNAVAILABLE; matching_policy=EXACT_CANDIDATE_ID_ONLY_NO_SYMBOL_DATE_PRICE_TIME_FALLBACK
T601-3,decision-318100517928436a,decision-318100517928436a,MSFT,2026-05-19T17:32:08.360479Z,0.563636,0.0,1.0,1.0,0.0,0.913636,REJECTED,ENTRY_OR_SOURCE_BLOCKED_BY_FUNNEL,ENTRY_OR_SOURCE_BLOCKED_BY_FUNNEL,,SOURCE_BLOCKED_SECTOR_UNAVAILABLE,SOURCE_BLOCKED_NO_LIQUIDITY_FIELD,390,,0.25,0.5,INELIGIBLE_UNKNOWN,STRATEGY_FILTER_NOT_MET NO_ENTRY,0,0,,,2026-05-19T17:32:05.184172Z:MSFT,0,REJECTED: ENTRY_OR_SOURCE_BLOCKED_BY_FUNNEL; source=ENTRY_OR_SOURCE_BLOCKED_BY_FUNNEL; rank_score=0.563636; liquidity_score=0.000000; diversification_score=1.000000; cooldown_score=1.000000; existing_position_penalty=0.000000; sector_cap_status=SOURCE_BLOCKED_SECTOR_UNAVAILABLE; matching_policy=EXACT_CANDIDATE_ID_ONLY_NO_SYMBOL_DATE_PRICE_TIME_FALLBACK
T601-3,decision-724e4f0b740e4452,decision-724e4f0b740e4452,MSFT,2026-05-19T17:33:15.760363Z,0.563636,0.0,1.0,1.0,0.0,0.913636,REJECTED,ENTRY_OR_SOURCE_BLOCKED_BY_FUNNEL,ENTRY_OR_SOURCE_BLOCKED_BY_FUNNEL,,SOURCE_BLOCKED_SECTOR_UNAVAILABLE,SOURCE_BLOCKED_NO_LIQUIDITY_FIELD,390,,0.25,0.5,INELIGIBLE_UNKNOWN,STRATEGY_FILTER_NOT_MET NO_ENTRY,0,0,,,2026-05-19T17:33:12.231335Z:MSFT,0,REJECTED: ENTRY_OR_SOURCE_BLOCKED_BY_FUNNEL; source=ENTRY_OR_SOURCE_BLOCKED_BY_FUNNEL; rank_score=0.563636; liquidity_score=0.000000; diversification_score=1.000000; cooldown_score=1.000000; existing_position_penalty=0.000000; sector_cap_status=SOURCE_BLOCKED_SECTOR_UNAVAILABLE; matching_policy=EXACT_CANDIDATE_ID_ONLY_NO_SYMBOL_DATE_PRICE_TIME_FALLBACK
T601-3,decision-6b1bd41b1aec4b7b,decision-6b1bd41b1aec4b7b,MSFT,2026-05-19T17:34:24.591403Z,0.563636,0.0,1.0,1.0,0.0,0.913636,REJECTED,ENTRY_OR_SOURCE_BLOCKED_BY_FUNNEL,ENTRY_OR_SOURCE_BLOCKED_BY_FUNNEL,,SOURCE_BLOCKED_SECTOR_UNAVAILABLE,SOURCE_BLOCKED_NO_LIQUIDITY_FIELD,390,,0.25,0.5,INELIGIBLE_UNKNOWN,STRATEGY_FILTER_NOT_MET NO_ENTRY,0,0,,,2026-05-19T17:34:19.712488Z:MSFT,0,REJECTED: ENTRY_OR_SOURCE_BLOCKED_BY_FUNNEL; source=ENTRY_OR_SOURCE_BLOCKED_BY_FUNNEL; rank_score=0.563636; liquidity_score=0.000000; diversification_score=1.000000; cooldown_score=1.000000; existing_position_penalty=0.000000; sector_cap_status=SOURCE_BLOCKED_SECTOR_UNAVAILABLE; matching_policy=EXACT_CANDIDATE_ID_ONLY_NO_SYMBOL_DATE_PRICE_TIME_FALLBACK
T601-3,decision-05559873526c4587,decision-05559873526c4587,MSFT,2026-05-19T17:35:31.890795Z,0.563636,0.0,1.0,1.0,0.0,0.913636,REJECTED,ENTRY_OR_SOURCE_BLOCKED_BY_FUNNEL,ENTRY_OR_SOURCE_BLOCKED_BY_FUNNEL,,SOURCE_BLOCKED_SECTOR_UNAVAILABLE,SOURCE_BLOCKED_NO_LIQUIDITY_FIELD,390,,0.25,0.5,INELIGIBLE_UNKNOWN,STRATEGY_FILTER_NOT_MET NO_ENTRY,0,0,,,2026-05-19T17:35:28.658504Z:MSFT,0,REJECTED: ENTRY_OR_SOURCE_BLOCKED_BY_FUNNEL; source=ENTRY_OR_SOURCE_BLOCKED_BY_FUNNEL; rank_score=0.563636; liquidity_score=0.000000; diversification_score=1.000000; cooldown_score=1.000000; existing_position_penalty=0.000000; sector_cap_status=SOURCE_BLOCKED_SECTOR_UNAVAILABLE; matching_policy=EXACT_CANDIDATE_ID_ONLY_NO_SYMBOL_DATE_PRICE_TIME_FALLBACK
T601-3,decision-9c6c21755fb54b50,decision-9c6c21755fb54b50,MSFT,2026-05-19T17:36:39.073261Z,0.563636,0.0,1.0,1.0,0.0,0.913636,REJECTED,ENTRY_OR_SOURCE_BLOCKED_BY_FUNNEL,ENTRY_OR_SOURCE_BLOCKED_BY_FUNNEL,,SOURCE_BLOCKED_SECTOR_UNAVAILABLE,SOURCE_BLOCKED_NO_LIQUIDITY_FIELD,390,,0.25,0.5,INELIGIBLE_UNKNOWN,STRATEGY_FILTER_NOT_MET NO_ENTRY,0,0,,,2026-05-19T17:36:35.757823Z:MSFT,0,REJECTED: ENTRY_OR_SOURCE_BLOCKED_BY_FUNNEL; source=ENTRY_OR_SOURCE_BLOCKED_BY_FUNNEL; rank_score=0.563636; liquidity_score=0.000000; diversification_score=1.000000; cooldown_score=1.000000; existing_position_penalty=0.000000; sector_cap_status=SOURCE_BLOCKED_SECTOR_UNAVAILABLE; matching_policy=EXACT_CANDIDATE_ID_ONLY_NO_SYMBOL_DATE_PRICE_TIME_FALLBACK
T601-3,decision-99a7e2ff772b435d,decision-99a7e2ff772b435d,MSFT,2026-05-19T17:37:45.479899Z,0.563636,0.0,1.0,1.0,0.0,0.913636,REJECTED,ENTRY_OR_SOURCE_BLOCKED_BY_FUNNEL,ENTRY_OR_SOURCE_BLOCKED_BY_FUNNEL,,SOURCE_BLOCKED_SECTOR_UNAVAILABLE,SOURCE_BLOCKED_NO_LIQUIDITY_FIELD,390,,0.25,0.5,INELIGIBLE_UNKNOWN,STRATEGY_FILTER_NOT_MET NO_ENTRY,0,0,,,2026-05-19T17:37:42.812873Z:MSFT,0,REJECTED: ENTRY_OR_SOURCE_BLOCKED_BY_FUNNEL; source=ENTRY_OR_SOURCE_BLOCKED_BY_FUNNEL; rank_score=0.563636; liquidity_score=0.000000; diversification_score=1.000000; cooldown_score=1.000000; existing_position_penalty=0.000000; sector_cap_status=SOURCE_BLOCKED_SECTOR_UNAVAILABLE; matching_policy=EXACT_CANDIDATE_ID_ONLY_NO_SYMBOL_DATE_PRICE_TIME_FALLBACK
T601-3,decision-0e05670dbc1e400e,decision-0e05670dbc1e400e,MSFT,2026-05-19T17:38:52.209552Z,0.563636,0.0,1.0,1.0,0.0,0.913636,REJECTED,ENTRY_OR_SOURCE_BLOCKED_BY_FUNNEL,ENTRY_OR_SOURCE_BLOCKED_BY_FUNNEL,,SOURCE_BLOCKED_SECTOR_UNAVAILABLE,SOURCE_BLOCKED_NO_LIQUIDITY_FIELD,390,,0.25,0.5,INELIGIBLE_UNKNOWN,STRATEGY_FILTER_NOT_MET NO_ENTRY,0,0,,,2026-05-19T17:38:49.628497Z:MSFT,0,REJECTED: ENTRY_OR_SOURCE_BLOCKED_BY_FUNNEL; source=ENTRY_OR_SOURCE_BLOCKED_BY_FUNNEL; rank_score=0.563636; liquidity_score=0.000000; diversification_score=1.000000; cooldown_score=1.000000; existing_position_penalty=0.000000; sector_cap_status=SOURCE_BLOCKED_SECTOR_UNAVAILABLE; matching_policy=EXACT_CANDIDATE_ID_ONLY_NO_SYMBOL_DATE_PRICE_TIME_FALLBACK
T601-3,decision-f2d06322afd14672,decision-f2d06322afd14672,MSFT,2026-05-19T17:39:58.337084Z,0.563636,0.0,1.0,1.0,0.0,0.913636,REJECTED,ENTRY_OR_SOURCE_BLOCKED_BY_FUNNEL,ENTRY_OR_SOURCE_BLOCKED_BY_FUNNEL,,SOURCE_BLOCKED_SECTOR_UNAVAILABLE,SOURCE_BLOCKED_NO_LIQUIDITY_FIELD,390,,0.25,0.5,INELIGIBLE_UNKNOWN,STRATEGY_FILTER_NOT_MET NO_ENTRY,0,0,,,2026-05-19T17:39:55.667199Z:MSFT,0,REJECTED: ENTRY_OR_SOURCE_BLOCKED_BY_FUNNEL; source=ENTRY_OR_SOURCE_BLOCKED_BY_FUNNEL; rank_score=0.563636; liquidity_score=0.000000; diversification_score=1.000000; cooldown_score=1.000000; existing_position_penalty=0.000000; sector_cap_status=SOURCE_BLOCKED_SECTOR_UNAVAILABLE; matching_policy=EXACT_CANDIDATE_ID_ONLY_NO_SYMBOL_DATE_PRICE_TIME_FALLBACK
T601-3,decision-fcccf797998741df,decision-fcccf797998741df,MSFT,2026-05-19T17:41:05.196964Z,0.563636,0.0,1.0,1.0,0.0,0.913636,REJECTED,ENTRY_OR_SOURCE_BLOCKED_BY_FUNNEL,ENTRY_OR_SOURCE_BLOCKED_BY_FUNNEL,,SOURCE_BLOCKED_SECTOR_UNAVAILABLE,SOURCE_BLOCKED_NO_LIQUIDITY_FIELD,390,,0.25,0.5,INELIGIBLE_UNKNOWN,STRATEGY_FILTER_NOT_MET NO_ENTRY,0,0,,,2026-05-19T17:41:02.583190Z:MSFT,0,REJECTED: ENTRY_OR_SOURCE_BLOCKED_BY_FUNNEL; source=ENTRY_OR_SOURCE_BLOCKED_BY_FUNNEL; rank_score=0.563636; liquidity_score=0.000000; diversification_score=1.000000; cooldown_score=1.000000; existing_position_penalty=0.000000; sector_cap_status=SOURCE_BLOCKED_SECTOR_UNAVAILABLE; matching_policy=EXACT_CANDIDATE_ID_ONLY_NO_SYMBOL_DATE_PRICE_TIME_FALLBACK
T601-3,decision-9309cffde22e4303,decision-9309cffde22e4303,MSFT,2026-05-19T17:42:11.507305Z,0.563636,0.0,1.0,1.0,0.0,0.913636,REJECTED,ENTRY_OR_SOURCE_BLOCKED_BY_FUNNEL,ENTRY_OR_SOURCE_BLOCKED_BY_FUNNEL,,SOURCE_BLOCKED_SECTOR_UNAVAILABLE,SOURCE_BLOCKED_NO_LIQUIDITY_FIELD,390,,0.25,0.5,INELIGIBLE_UNKNOWN,STRATEGY_FILTER_NOT_MET NO_ENTRY,0,0,,,2026-05-19T17:42:08.890865Z:MSFT,0,REJECTED: ENTRY_OR_SOURCE_BLOCKED_BY_FUNNEL; source=ENTRY_OR_SOURCE_BLOCKED_BY_FUNNEL; rank_score=0.563636; liquidity_score=0.000000; diversification_score=1.000000; cooldown_score=1.000000; existing_position_penalty=0.000000; sector_cap_status=SOURCE_BLOCKED_SECTOR_UNAVAILABLE; matching_policy=EXACT_CANDIDATE_ID_ONLY_NO_SYMBOL_DATE_PRICE_TIME_FALLBACK
T601-3,decision-79ec8295441d4894,decision-79ec8295441d4894,MSFT,2026-05-19T17:43:17.865748Z,0.563636,0.0,1.0,1.0,0.0,0.913636,REJECTED,ENTRY_OR_SOURCE_BLOCKED_BY_FUNNEL,ENTRY_OR_SOURCE_BLOCKED_BY_FUNNEL,,SOURCE_BLOCKED_SECTOR_UNAVAILABLE,SOURCE_BLOCKED_NO_LIQUIDITY_FIELD,390,,0.25,0.5,INELIGIBLE_UNKNOWN,STRATEGY_FILTER_NOT_MET NO_ENTRY,0,0,,,2026-05-19T17:43:15.302528Z:MSFT,0,REJECTED: ENTRY_OR_SOURCE_BLOCKED_BY_FUNNEL; source=ENTRY_OR_SOURCE_BLOCKED_BY_FUNNEL; rank_score=0.563636; liquidity_score=0.000000; diversification_score=1.000000; cooldown_score=1.000000; existing_position_penalty=0.000000; sector_cap_status=SOURCE_BLOCKED_SECTOR_UNAVAILABLE; matching_policy=EXACT_CANDIDATE_ID_ONLY_NO_SYMBOL_DATE_PRICE_TIME_FALLBACK
T601-3,decision-eb1cb02eeb454d29,decision-eb1cb02eeb454d29,MSFT,2026-05-19T17:44:24.044031Z,0.563636,0.0,1.0,1.0,0.0,0.913636,REJECTED,ENTRY_OR_SOURCE_BLOCKED_BY_FUNNEL,ENTRY_OR_SOURCE_BLOCKED_BY_FUNNEL,,SOURCE_BLOCKED_SECTOR_UNAVAILABLE,SOURCE_BLOCKED_NO_LIQUIDITY_FIELD,390,,0.25,0.5,INELIGIBLE_UNKNOWN,STRATEGY_FILTER_NOT_MET NO_ENTRY,0,0,,,2026-05-19T17:44:21.516781Z:MSFT,0,REJECTED: ENTRY_OR_SOURCE_BLOCKED_BY_FUNNEL; source=ENTRY_OR_SOURCE_BLOCKED_BY_FUNNEL; rank_score=0.563636; liquidity_score=0.000000; diversification_score=1.000000; cooldown_score=1.000000; existing_position_penalty=0.000000; sector_cap_status=SOURCE_BLOCKED_SECTOR_UNAVAILABLE; matching_policy=EXACT_CANDIDATE_ID_ONLY_NO_SYMBOL_DATE_PRICE_TIME_FALLBACK
T601-3,decision-d0f70174f0794d78,decision-d0f70174f0794d78,MSFT,2026-05-19T17:45:31.198094Z,0.563636,0.0,1.0,1.0,0.0,0.913636,REJECTED,ENTRY_OR_SOURCE_BLOCKED_BY_FUNNEL,ENTRY_OR_SOURCE_BLOCKED_BY_FUNNEL,,SOURCE_BLOCKED_SECTOR_UNAVAILABLE,SOURCE_BLOCKED_NO_LIQUIDITY_FIELD,390,,0.25,0.5,INELIGIBLE_UNKNOWN,STRATEGY_FILTER_NOT_MET NO_ENTRY,0,0,,,2026-05-19T17:45:28.371139Z:MSFT,0,REJECTED: ENTRY_OR_SOURCE_BLOCKED_BY_FUNNEL; source=ENTRY_OR_SOURCE_BLOCKED_BY_FUNNEL; rank_score=0.563636; liquidity_score=0.000000; diversification_score=1.000000; cooldown_score=1.000000; existing_position_penalty=0.000000; sector_cap_status=SOURCE_BLOCKED_SECTOR_UNAVAILABLE; matching_policy=EXACT_CANDIDATE_ID_ONLY_NO_SYMBOL_DATE_PRICE_TIME_FALLBACK
T601-3,decision-ad1509be0ef34a03,decision-ad1509be0ef34a03,MSFT,2026-05-19T17:46:38.160907Z,0.563636,0.0,1.0,1.0,0.0,0.913636,REJECTED,ENTRY_OR_SOURCE_BLOCKED_BY_FUNNEL,ENTRY_OR_SOURCE_BLOCKED_BY_FUNNEL,,SOURCE_BLOCKED_SECTOR_UNAVAILABLE,SOURCE_BLOCKED_NO_LIQUIDITY_FIELD,390,,0.25,0.5,INELIGIBLE_UNKNOWN,STRATEGY_FILTER_NOT_MET NO_ENTRY,0,0,,,2026-05-19T17:46:35.417584Z:MSFT,0,REJECTED: ENTRY_OR_SOURCE_BLOCKED_BY_FUNNEL; source=ENTRY_OR_SOURCE_BLOCKED_BY_FUNNEL; rank_score=0.563636; liquidity_score=0.000000; diversification_score=1.000000; cooldown_score=1.000000; existing_position_penalty=0.000000; sector_cap_status=SOURCE_BLOCKED_SECTOR_UNAVAILABLE; matching_policy=EXACT_CANDIDATE_ID_ONLY_NO_SYMBOL_DATE_PRICE_TIME_FALLBACK
T601-3,decision-07756c716b254aa7,decision-07756c716b254aa7,MSFT,2026-05-19T17:47:44.932787Z,0.563636,0.0,1.0,1.0,0.0,0.913636,REJECTED,ENTRY_OR_SOURCE_BLOCKED_BY_FUNNEL,ENTRY_OR_SOURCE_BLOCKED_BY_FUNNEL,,SOURCE_BLOCKED_SECTOR_UNAVAILABLE,SOURCE_BLOCKED_NO_LIQUIDITY_FIELD,390,,0.25,0.5,INELIGIBLE_UNKNOWN,STRATEGY_FILTER_NOT_MET NO_ENTRY,0,0,,,2026-05-19T17:47:42.319962Z:MSFT,0,REJECTED: ENTRY_OR_SOURCE_BLOCKED_BY_FUNNEL; source=ENTRY_OR_SOURCE_BLOCKED_BY_FUNNEL; rank_score=0.563636; liquidity_score=0.000000; diversification_score=1.000000; cooldown_score=1.000000; existing_position_penalty=0.000000; sector_cap_status=SOURCE_BLOCKED_SECTOR_UNAVAILABLE; matching_policy=EXACT_CANDIDATE_ID_ONLY_NO_SYMBOL_DATE_PRICE_TIME_FALLBACK
T601-3,decision-25ea262655ba45e9,decision-25ea262655ba45e9,MSFT,2026-05-19T17:48:52.284344Z,0.563636,0.0,1.0,1.0,0.0,0.913636,REJECTED,ENTRY_OR_SOURCE_BLOCKED_BY_FUNNEL,ENTRY_OR_SOURCE_BLOCKED_BY_FUNNEL,,SOURCE_BLOCKED_SECTOR_UNAVAILABLE,SOURCE_BLOCKED_NO_LIQUIDITY_FIELD,390,,0.25,0.5,INELIGIBLE_UNKNOWN,STRATEGY_FILTER_NOT_MET NO_ENTRY,0,0,,,2026-05-19T17:48:49.137959Z:MSFT,0,REJECTED: ENTRY_OR_SOURCE_BLOCKED_BY_FUNNEL; source=ENTRY_OR_SOURCE_BLOCKED_BY_FUNNEL; rank_score=0.563636; liquidity_score=0.000000; diversification_score=1.000000; cooldown_score=1.000000; existing_position_penalty=0.000000; sector_cap_status=SOURCE_BLOCKED_SECTOR_UNAVAILABLE; matching_policy=EXACT_CANDIDATE_ID_ONLY_NO_SYMBOL_DATE_PRICE_TIME_FALLBACK
T601-3,decision-670c694d51c44dc5,decision-670c694d51c44dc5,MSFT,2026-05-19T17:49:59.056962Z,0.563636,0.0,1.0,1.0,0.0,0.913636,REJECTED,ENTRY_OR_SOURCE_BLOCKED_BY_FUNNEL,ENTRY_OR_SOURCE_BLOCKED_BY_FUNNEL,,SOURCE_BLOCKED_SECTOR_UNAVAILABLE,SOURCE_BLOCKED_NO_LIQUIDITY_FIELD,390,,0.25,0.5,INELIGIBLE_UNKNOWN,STRATEGY_FILTER_NOT_MET NO_ENTRY,0,0,,,2026-05-19T17:49:56.422692Z:MSFT,0,REJECTED: ENTRY_OR_SOURCE_BLOCKED_BY_FUNNEL; source=ENTRY_OR_SOURCE_BLOCKED_BY_FUNNEL; rank_score=0.563636; liquidity_score=0.000000; diversification_score=1.000000; cooldown_score=1.000000; existing_position_penalty=0.000000; sector_cap_status=SOURCE_BLOCKED_SECTOR_UNAVAILABLE; matching_policy=EXACT_CANDIDATE_ID_ONLY_NO_SYMBOL_DATE_PRICE_TIME_FALLBACK
T601-3,decision-131e13190eda48ce,decision-131e13190eda48ce,MSFT,2026-05-19T17:51:05.059059Z,0.563636,0.0,1.0,1.0,0.0,0.913636,REJECTED,ENTRY_OR_SOURCE_BLOCKED_BY_FUNNEL,ENTRY_OR_SOURCE_BLOCKED_BY_FUNNEL,,SOURCE_BLOCKED_SECTOR_UNAVAILABLE,SOURCE_BLOCKED_NO_LIQUIDITY_FIELD,390,,0.25,0.5,INELIGIBLE_UNKNOWN,STRATEGY_FILTER_NOT_MET NO_ENTRY,0,0,,,2026-05-19T17:51:02.442999Z:MSFT,0,REJECTED: ENTRY_OR_SOURCE_BLOCKED_BY_FUNNEL; source=ENTRY_OR_SOURCE_BLOCKED_BY_FUNNEL; rank_score=0.563636; liquidity_score=0.000000; diversification_score=1.000000; cooldown_score=1.000000; existing_position_penalty=0.000000; sector_cap_status=SOURCE_BLOCKED_SECTOR_UNAVAILABLE; matching_policy=EXACT_CANDIDATE_ID_ONLY_NO_SYMBOL_DATE_PRICE_TIME_FALLBACK
T601-3,decision-61ccc67e301244fc,decision-61ccc67e301244fc,MSFT,2026-05-19T17:52:11.109365Z,0.563636,0.0,1.0,1.0,0.0,0.913636,REJECTED,ENTRY_OR_SOURCE_BLOCKED_BY_FUNNEL,ENTRY_OR_SOURCE_BLOCKED_BY_FUNNEL,,SOURCE_BLOCKED_SECTOR_UNAVAILABLE,SOURCE_BLOCKED_NO_LIQUIDITY_FIELD,390,,0.25,0.5,INELIGIBLE_UNKNOWN,STRATEGY_FILTER_NOT_MET NO_ENTRY,0,0,,,2026-05-19T17:52:08.463539Z:MSFT,0,REJECTED: ENTRY_OR_SOURCE_BLOCKED_BY_FUNNEL; source=ENTRY_OR_SOURCE_BLOCKED_BY_FUNNEL; rank_score=0.563636; liquidity_score=0.000000; diversification_score=1.000000; cooldown_score=1.000000; existing_position_penalty=0.000000; sector_cap_status=SOURCE_BLOCKED_SECTOR_UNAVAILABLE; matching_policy=EXACT_CANDIDATE_ID_ONLY_NO_SYMBOL_DATE_PRICE_TIME_FALLBACK
T601-3,decision-afac307009fc4fe0,decision-afac307009fc4fe0,MSFT,2026-05-19T17:53:17.333535Z,0.563636,0.0,1.0,1.0,0.0,0.913636,REJECTED,ENTRY_OR_SOURCE_BLOCKED_BY_FUNNEL,ENTRY_OR_SOURCE_BLOCKED_BY_FUNNEL,,SOURCE_BLOCKED_SECTOR_UNAVAILABLE,SOURCE_BLOCKED_NO_LIQUIDITY_FIELD,390,,0.25,0.5,INELIGIBLE_UNKNOWN,STRATEGY_FILTER_NOT_MET NO_ENTRY,0,0,,,2026-05-19T17:53:14.751473Z:MSFT,0,REJECTED: ENTRY_OR_SOURCE_BLOCKED_BY_FUNNEL; source=ENTRY_OR_SOURCE_BLOCKED_BY_FUNNEL; rank_score=0.563636; liquidity_score=0.000000; diversification_score=1.000000; cooldown_score=1.000000; existing_position_penalty=0.000000; sector_cap_status=SOURCE_BLOCKED_SECTOR_UNAVAILABLE; matching_policy=EXACT_CANDIDATE_ID_ONLY_NO_SYMBOL_DATE_PRICE_TIME_FALLBACK
T601-3,decision-4dc88b22d7ca4b32,decision-4dc88b22d7ca4b32,MSFT,2026-05-19T17:54:23.176926Z,0.563636,0.0,1.0,1.0,0.0,0.913636,REJECTED,ENTRY_OR_SOURCE_BLOCKED_BY_FUNNEL,ENTRY_OR_SOURCE_BLOCKED_BY_FUNNEL,,SOURCE_BLOCKED_SECTOR_UNAVAILABLE,SOURCE_BLOCKED_NO_LIQUIDITY_FIELD,390,,0.25,0.5,INELIGIBLE_UNKNOWN,STRATEGY_FILTER_NOT_MET NO_ENTRY,0,0,,,2026-05-19T17:54:20.596715Z:MSFT,0,REJECTED: ENTRY_OR_SOURCE_BLOCKED_BY_FUNNEL; source=ENTRY_OR_SOURCE_BLOCKED_BY_FUNNEL; rank_score=0.563636; liquidity_score=0.000000; diversification_score=1.000000; cooldown_score=1.000000; existing_position_penalty=0.000000; sector_cap_status=SOURCE_BLOCKED_SECTOR_UNAVAILABLE; matching_policy=EXACT_CANDIDATE_ID_ONLY_NO_SYMBOL_DATE_PRICE_TIME_FALLBACK
T601-3,decision-3c1841b8efd044b8,decision-3c1841b8efd044b8,MSFT,2026-05-19T17:55:30.053856Z,0.563636,0.0,1.0,1.0,0.0,0.913636,REJECTED,ENTRY_OR_SOURCE_BLOCKED_BY_FUNNEL,ENTRY_OR_SOURCE_BLOCKED_BY_FUNNEL,,SOURCE_BLOCKED_SECTOR_UNAVAILABLE,SOURCE_BLOCKED_NO_LIQUIDITY_FIELD,390,,0.25,0.5,INELIGIBLE_UNKNOWN,STRATEGY_FILTER_NOT_MET NO_ENTRY,0,0,,,2026-05-19T17:55:27.366848Z:MSFT,0,REJECTED: ENTRY_OR_SOURCE_BLOCKED_BY_FUNNEL; source=ENTRY_OR_SOURCE_BLOCKED_BY_FUNNEL; rank_score=0.563636; liquidity_score=0.000000; diversification_score=1.000000; cooldown_score=1.000000; existing_position_penalty=0.000000; sector_cap_status=SOURCE_BLOCKED_SECTOR_UNAVAILABLE; matching_policy=EXACT_CANDIDATE_ID_ONLY_NO_SYMBOL_DATE_PRICE_TIME_FALLBACK
T601-3,decision-d21200ad5761476b,decision-d21200ad5761476b,MSFT,2026-05-19T17:56:36.877809Z,0.563636,0.0,1.0,1.0,0.0,0.913636,REJECTED,ENTRY_OR_SOURCE_BLOCKED_BY_FUNNEL,ENTRY_OR_SOURCE_BLOCKED_BY_FUNNEL,,SOURCE_BLOCKED_SECTOR_UNAVAILABLE,SOURCE_BLOCKED_NO_LIQUIDITY_FIELD,390,,0.25,0.5,INELIGIBLE_UNKNOWN,STRATEGY_FILTER_NOT_MET NO_ENTRY,0,0,,,2026-05-19T17:56:34.298205Z:MSFT,0,REJECTED: ENTRY_OR_SOURCE_BLOCKED_BY_FUNNEL; source=ENTRY_OR_SOURCE_BLOCKED_BY_FUNNEL; rank_score=0.563636; liquidity_score=0.000000; diversification_score=1.000000; cooldown_score=1.000000; existing_position_penalty=0.000000; sector_cap_status=SOURCE_BLOCKED_SECTOR_UNAVAILABLE; matching_policy=EXACT_CANDIDATE_ID_ONLY_NO_SYMBOL_DATE_PRICE_TIME_FALLBACK
T601-3,decision-dbb08849e9074ad1,decision-dbb08849e9074ad1,MSFT,2026-05-19T17:57:43.299546Z,0.563636,0.0,1.0,1.0,0.0,0.913636,REJECTED,ENTRY_OR_SOURCE_BLOCKED_BY_FUNNEL,ENTRY_OR_SOURCE_BLOCKED_BY_FUNNEL,,SOURCE_BLOCKED_SECTOR_UNAVAILABLE,SOURCE_BLOCKED_NO_LIQUIDITY_FIELD,390,,0.25,0.5,INELIGIBLE_UNKNOWN,STRATEGY_FILTER_NOT_MET NO_ENTRY,0,0,,,2026-05-19T17:57:40.622600Z:MSFT,0,REJECTED: ENTRY_OR_SOURCE_BLOCKED_BY_FUNNEL; source=ENTRY_OR_SOURCE_BLOCKED_BY_FUNNEL; rank_score=0.563636; liquidity_score=0.000000; diversification_score=1.000000; cooldown_score=1.000000; existing_position_penalty=0.000000; sector_cap_status=SOURCE_BLOCKED_SECTOR_UNAVAILABLE; matching_policy=EXACT_CANDIDATE_ID_ONLY_NO_SYMBOL_DATE_PRICE_TIME_FALLBACK
T601-3,decision-cd7bde756fc246d2,decision-cd7bde756fc246d2,MSFT,2026-05-19T17:58:50.257107Z,0.563636,0.0,1.0,1.0,0.0,0.913636,REJECTED,ENTRY_OR_SOURCE_BLOCKED_BY_FUNNEL,ENTRY_OR_SOURCE_BLOCKED_BY_FUNNEL,,SOURCE_BLOCKED_SECTOR_UNAVAILABLE,SOURCE_BLOCKED_NO_LIQUIDITY_FIELD,390,,0.25,0.5,INELIGIBLE_UNKNOWN,STRATEGY_FILTER_NOT_MET NO_ENTRY,0,0,,,2026-05-19T17:58:47.506134Z:MSFT,0,REJECTED: ENTRY_OR_SOURCE_BLOCKED_BY_FUNNEL; source=ENTRY_OR_SOURCE_BLOCKED_BY_FUNNEL; rank_score=0.563636; liquidity_score=0.000000; diversification_score=1.000000; cooldown_score=1.000000; existing_position_penalty=0.000000; sector_cap_status=SOURCE_BLOCKED_SECTOR_UNAVAILABLE; matching_policy=EXACT_CANDIDATE_ID_ONLY_NO_SYMBOL_DATE_PRICE_TIME_FALLBACK
T601-3,decision-8a6566ded9044000,decision-8a6566ded9044000,MSFT,2026-05-19T17:59:58.078919Z,0.563636,0.0,1.0,1.0,0.0,0.913636,REJECTED,ENTRY_OR_SOURCE_BLOCKED_BY_FUNNEL,ENTRY_OR_SOURCE_BLOCKED_BY_FUNNEL,,SOURCE_BLOCKED_SECTOR_UNAVAILABLE,SOURCE_BLOCKED_NO_LIQUIDITY_FIELD,390,,0.25,0.5,INELIGIBLE_UNKNOWN,STRATEGY_FILTER_NOT_MET NO_ENTRY,0,0,,,2026-05-19T17:59:54.433268Z:MSFT,0,REJECTED: ENTRY_OR_SOURCE_BLOCKED_BY_FUNNEL; source=ENTRY_OR_SOURCE_BLOCKED_BY_FUNNEL; rank_score=0.563636; liquidity_score=0.000000; diversification_score=1.000000; cooldown_score=1.000000; existing_position_penalty=0.000000; sector_cap_status=SOURCE_BLOCKED_SECTOR_UNAVAILABLE; matching_policy=EXACT_CANDIDATE_ID_ONLY_NO_SYMBOL_DATE_PRICE_TIME_FALLBACK
T601-3,decision-d979a1888e0a4ec7,decision-d979a1888e0a4ec7,MSFT,2026-05-19T18:01:04.272389Z,0.563636,0.0,1.0,1.0,0.0,0.913636,REJECTED,ENTRY_OR_SOURCE_BLOCKED_BY_FUNNEL,ENTRY_OR_SOURCE_BLOCKED_BY_FUNNEL,,SOURCE_BLOCKED_SECTOR_UNAVAILABLE,SOURCE_BLOCKED_NO_LIQUIDITY_FIELD,390,,0.25,0.5,INELIGIBLE_UNKNOWN,STRATEGY_FILTER_NOT_MET NO_ENTRY,0,0,,,2026-05-19T18:01:01.657690Z:MSFT,0,REJECTED: ENTRY_OR_SOURCE_BLOCKED_BY_FUNNEL; source=ENTRY_OR_SOURCE_BLOCKED_BY_FUNNEL; rank_score=0.563636; liquidity_score=0.000000; diversification_score=1.000000; cooldown_score=1.000000; existing_position_penalty=0.000000; sector_cap_status=SOURCE_BLOCKED_SECTOR_UNAVAILABLE; matching_policy=EXACT_CANDIDATE_ID_ONLY_NO_SYMBOL_DATE_PRICE_TIME_FALLBACK
T601-3,decision-7b8271c73ccb4fad,decision-7b8271c73ccb4fad,MSFT,2026-05-19T18:02:10.796105Z,0.563636,0.0,1.0,1.0,0.0,0.913636,REJECTED,ENTRY_OR_SOURCE_BLOCKED_BY_FUNNEL,ENTRY_OR_SOURCE_BLOCKED_BY_FUNNEL,,SOURCE_BLOCKED_SECTOR_UNAVAILABLE,SOURCE_BLOCKED_NO_LIQUIDITY_FIELD,390,,0.25,0.5,INELIGIBLE_UNKNOWN,STRATEGY_FILTER_NOT_MET NO_ENTRY,0,0,,,2026-05-19T18:02:08.072167Z:MSFT,0,REJECTED: ENTRY_OR_SOURCE_BLOCKED_BY_FUNNEL; source=ENTRY_OR_SOURCE_BLOCKED_BY_FUNNEL; rank_score=0.563636; liquidity_score=0.000000; diversification_score=1.000000; cooldown_score=1.000000; existing_position_penalty=0.000000; sector_cap_status=SOURCE_BLOCKED_SECTOR_UNAVAILABLE; matching_policy=EXACT_CANDIDATE_ID_ONLY_NO_SYMBOL_DATE_PRICE_TIME_FALLBACK
T601-3,decision-d56f18a7983440c8,decision-d56f18a7983440c8,MSFT,2026-05-19T18:03:16.775425Z,0.563636,0.0,1.0,1.0,0.0,0.913636,REJECTED,ENTRY_OR_SOURCE_BLOCKED_BY_FUNNEL,ENTRY_OR_SOURCE_BLOCKED_BY_FUNNEL,,SOURCE_BLOCKED_SECTOR_UNAVAILABLE,SOURCE_BLOCKED_NO_LIQUIDITY_FIELD,390,,0.25,0.5,INELIGIBLE_UNKNOWN,STRATEGY_FILTER_NOT_MET NO_ENTRY,0,0,,,2026-05-19T18:03:14.162461Z:MSFT,0,REJECTED: ENTRY_OR_SOURCE_BLOCKED_BY_FUNNEL; source=ENTRY_OR_SOURCE_BLOCKED_BY_FUNNEL; rank_score=0.563636; liquidity_score=0.000000; diversification_score=1.000000; cooldown_score=1.000000; existing_position_penalty=0.000000; sector_cap_status=SOURCE_BLOCKED_SECTOR_UNAVAILABLE; matching_policy=EXACT_CANDIDATE_ID_ONLY_NO_SYMBOL_DATE_PRICE_TIME_FALLBACK
T601-3,decision-0afbc29076a34819,decision-0afbc29076a34819,MSFT,2026-05-19T18:04:23.171358Z,0.563636,0.0,1.0,1.0,0.0,0.913636,REJECTED,ENTRY_OR_SOURCE_BLOCKED_BY_FUNNEL,ENTRY_OR_SOURCE_BLOCKED_BY_FUNNEL,,SOURCE_BLOCKED_SECTOR_UNAVAILABLE,SOURCE_BLOCKED_NO_LIQUIDITY_FIELD,390,,0.25,0.5,INELIGIBLE_UNKNOWN,STRATEGY_FILTER_NOT_MET NO_ENTRY,0,0,,,2026-05-19T18:04:20.543289Z:MSFT,0,REJECTED: ENTRY_OR_SOURCE_BLOCKED_BY_FUNNEL; source=ENTRY_OR_SOURCE_BLOCKED_BY_FUNNEL; rank_score=0.563636; liquidity_score=0.000000; diversification_score=1.000000; cooldown_score=1.000000; existing_position_penalty=0.000000; sector_cap_status=SOURCE_BLOCKED_SECTOR_UNAVAILABLE; matching_policy=EXACT_CANDIDATE_ID_ONLY_NO_SYMBOL_DATE_PRICE_TIME_FALLBACK
T601-3,decision-25bbca1f7d034836,decision-25bbca1f7d034836,MSFT,2026-05-19T18:05:29.653754Z,0.563636,0.0,1.0,1.0,0.0,0.913636,REJECTED,ENTRY_OR_SOURCE_BLOCKED_BY_FUNNEL,ENTRY_OR_SOURCE_BLOCKED_BY_FUNNEL,,SOURCE_BLOCKED_SECTOR_UNAVAILABLE,SOURCE_BLOCKED_NO_LIQUIDITY_FIELD,390,,0.25,0.5,INELIGIBLE_UNKNOWN,STRATEGY_FILTER_NOT_MET NO_ENTRY,0,0,,,2026-05-19T18:05:27.021826Z:MSFT,0,REJECTED: ENTRY_OR_SOURCE_BLOCKED_BY_FUNNEL; source=ENTRY_OR_SOURCE_BLOCKED_BY_FUNNEL; rank_score=0.563636; liquidity_score=0.000000; diversification_score=1.000000; cooldown_score=1.000000; existing_position_penalty=0.000000; sector_cap_status=SOURCE_BLOCKED_SECTOR_UNAVAILABLE; matching_policy=EXACT_CANDIDATE_ID_ONLY_NO_SYMBOL_DATE_PRICE_TIME_FALLBACK
T601-3,decision-561b372b1073422b,decision-561b372b1073422b,MSFT,2026-05-19T18:06:36.259571Z,0.563636,0.0,1.0,1.0,0.0,0.913636,REJECTED,ENTRY_OR_SOURCE_BLOCKED_BY_FUNNEL,ENTRY_OR_SOURCE_BLOCKED_BY_FUNNEL,,SOURCE_BLOCKED_SECTOR_UNAVAILABLE,SOURCE_BLOCKED_NO_LIQUIDITY_FIELD,390,,0.25,0.5,INELIGIBLE_UNKNOWN,STRATEGY_FILTER_NOT_MET NO_ENTRY,0,0,,,2026-05-19T18:06:33.520928Z:MSFT,0,REJECTED: ENTRY_OR_SOURCE_BLOCKED_BY_FUNNEL; source=ENTRY_OR_SOURCE_BLOCKED_BY_FUNNEL; rank_score=0.563636; liquidity_score=0.000000; diversification_score=1.000000; cooldown_score=1.000000; existing_position_penalty=0.000000; sector_cap_status=SOURCE_BLOCKED_SECTOR_UNAVAILABLE; matching_policy=EXACT_CANDIDATE_ID_ONLY_NO_SYMBOL_DATE_PRICE_TIME_FALLBACK
T601-3,decision-1aad452656864cba,decision-1aad452656864cba,MSFT,2026-05-19T18:07:43.189620Z,0.563636,0.0,1.0,1.0,0.0,0.913636,REJECTED,ENTRY_OR_SOURCE_BLOCKED_BY_FUNNEL,ENTRY_OR_SOURCE_BLOCKED_BY_FUNNEL,,SOURCE_BLOCKED_SECTOR_UNAVAILABLE,SOURCE_BLOCKED_NO_LIQUIDITY_FIELD,390,,0.25,0.5,INELIGIBLE_UNKNOWN,STRATEGY_FILTER_NOT_MET NO_ENTRY,0,0,,,2026-05-19T18:07:40.492010Z:MSFT,0,REJECTED: ENTRY_OR_SOURCE_BLOCKED_BY_FUNNEL; source=ENTRY_OR_SOURCE_BLOCKED_BY_FUNNEL; rank_score=0.563636; liquidity_score=0.000000; diversification_score=1.000000; cooldown_score=1.000000; existing_position_penalty=0.000000; sector_cap_status=SOURCE_BLOCKED_SECTOR_UNAVAILABLE; matching_policy=EXACT_CANDIDATE_ID_ONLY_NO_SYMBOL_DATE_PRICE_TIME_FALLBACK
T601-3,decision-60fd491d7d5f40c1,decision-60fd491d7d5f40c1,MSFT,2026-05-19T18:08:49.870215Z,0.563636,0.0,1.0,1.0,0.0,0.913636,REJECTED,ENTRY_OR_SOURCE_BLOCKED_BY_FUNNEL,ENTRY_OR_SOURCE_BLOCKED_BY_FUNNEL,,SOURCE_BLOCKED_SECTOR_UNAVAILABLE,SOURCE_BLOCKED_NO_LIQUIDITY_FIELD,390,,0.25,0.5,INELIGIBLE_UNKNOWN,STRATEGY_FILTER_NOT_MET NO_ENTRY,0,0,,,2026-05-19T18:08:47.372416Z:MSFT,0,REJECTED: ENTRY_OR_SOURCE_BLOCKED_BY_FUNNEL; source=ENTRY_OR_SOURCE_BLOCKED_BY_FUNNEL; rank_score=0.563636; liquidity_score=0.000000; diversification_score=1.000000; cooldown_score=1.000000; existing_position_penalty=0.000000; sector_cap_status=SOURCE_BLOCKED_SECTOR_UNAVAILABLE; matching_policy=EXACT_CANDIDATE_ID_ONLY_NO_SYMBOL_DATE_PRICE_TIME_FALLBACK
T601-3,decision-25c794aa5f424dba,decision-25c794aa5f424dba,MSFT,2026-05-19T18:09:56.469745Z,0.563636,0.0,1.0,1.0,0.0,0.913636,REJECTED,ENTRY_OR_SOURCE_BLOCKED_BY_FUNNEL,ENTRY_OR_SOURCE_BLOCKED_BY_FUNNEL,,SOURCE_BLOCKED_SECTOR_UNAVAILABLE,SOURCE_BLOCKED_NO_LIQUIDITY_FIELD,390,,0.25,0.5,INELIGIBLE_UNKNOWN,STRATEGY_FILTER_NOT_MET NO_ENTRY,0,0,,,2026-05-19T18:09:53.766036Z:MSFT,0,REJECTED: ENTRY_OR_SOURCE_BLOCKED_BY_FUNNEL; source=ENTRY_OR_SOURCE_BLOCKED_BY_FUNNEL; rank_score=0.563636; liquidity_score=0.000000; diversification_score=1.000000; cooldown_score=1.000000; existing_position_penalty=0.000000; sector_cap_status=SOURCE_BLOCKED_SECTOR_UNAVAILABLE; matching_policy=EXACT_CANDIDATE_ID_ONLY_NO_SYMBOL_DATE_PRICE_TIME_FALLBACK
T601-3,decision-404fa4b226c64129,decision-404fa4b226c64129,MSFT,2026-05-19T18:11:03.286146Z,0.563636,0.0,1.0,1.0,0.0,0.913636,REJECTED,ENTRY_OR_SOURCE_BLOCKED_BY_FUNNEL,ENTRY_OR_SOURCE_BLOCKED_BY_FUNNEL,,SOURCE_BLOCKED_SECTOR_UNAVAILABLE,SOURCE_BLOCKED_NO_LIQUIDITY_FIELD,390,,0.25,0.5,INELIGIBLE_UNKNOWN,STRATEGY_FILTER_NOT_MET NO_ENTRY,0,0,,,2026-05-19T18:11:00.679463Z:MSFT,0,REJECTED: ENTRY_OR_SOURCE_BLOCKED_BY_FUNNEL; source=ENTRY_OR_SOURCE_BLOCKED_BY_FUNNEL; rank_score=0.563636; liquidity_score=0.000000; diversification_score=1.000000; cooldown_score=1.000000; existing_position_penalty=0.000000; sector_cap_status=SOURCE_BLOCKED_SECTOR_UNAVAILABLE; matching_policy=EXACT_CANDIDATE_ID_ONLY_NO_SYMBOL_DATE_PRICE_TIME_FALLBACK
T601-3,decision-1f964282ee4c40e9,decision-1f964282ee4c40e9,MSFT,2026-05-19T18:12:10.086497Z,0.563636,0.0,1.0,1.0,0.0,0.913636,REJECTED,ENTRY_OR_SOURCE_BLOCKED_BY_FUNNEL,ENTRY_OR_SOURCE_BLOCKED_BY_FUNNEL,,SOURCE_BLOCKED_SECTOR_UNAVAILABLE,SOURCE_BLOCKED_NO_LIQUIDITY_FIELD,390,,0.25,0.5,INELIGIBLE_UNKNOWN,STRATEGY_FILTER_NOT_MET NO_ENTRY,0,0,,,2026-05-19T18:12:07.456373Z:MSFT,0,REJECTED: ENTRY_OR_SOURCE_BLOCKED_BY_FUNNEL; source=ENTRY_OR_SOURCE_BLOCKED_BY_FUNNEL; rank_score=0.563636; liquidity_score=0.000000; diversification_score=1.000000; cooldown_score=1.000000; existing_position_penalty=0.000000; sector_cap_status=SOURCE_BLOCKED_SECTOR_UNAVAILABLE; matching_policy=EXACT_CANDIDATE_ID_ONLY_NO_SYMBOL_DATE_PRICE_TIME_FALLBACK
T601-3,decision-c4fe2feeaac24adb,decision-c4fe2feeaac24adb,MSFT,2026-05-19T18:13:16.900146Z,0.563636,0.0,1.0,1.0,0.0,0.913636,REJECTED,ENTRY_OR_SOURCE_BLOCKED_BY_FUNNEL,ENTRY_OR_SOURCE_BLOCKED_BY_FUNNEL,,SOURCE_BLOCKED_SECTOR_UNAVAILABLE,SOURCE_BLOCKED_NO_LIQUIDITY_FIELD,390,,0.25,0.5,INELIGIBLE_UNKNOWN,STRATEGY_FILTER_NOT_MET NO_ENTRY,0,0,,,2026-05-19T18:13:14.221506Z:MSFT,0,REJECTED: ENTRY_OR_SOURCE_BLOCKED_BY_FUNNEL; source=ENTRY_OR_SOURCE_BLOCKED_BY_FUNNEL; rank_score=0.563636; liquidity_score=0.000000; diversification_score=1.000000; cooldown_score=1.000000; existing_position_penalty=0.000000; sector_cap_status=SOURCE_BLOCKED_SECTOR_UNAVAILABLE; matching_policy=EXACT_CANDIDATE_ID_ONLY_NO_SYMBOL_DATE_PRICE_TIME_FALLBACK
T601-3,decision-674a71ee94f34450,decision-674a71ee94f34450,MSFT,2026-05-19T18:14:22.779737Z,0.563636,0.0,1.0,1.0,0.0,0.913636,REJECTED,ENTRY_OR_SOURCE_BLOCKED_BY_FUNNEL,ENTRY_OR_SOURCE_BLOCKED_BY_FUNNEL,,SOURCE_BLOCKED_SECTOR_UNAVAILABLE,SOURCE_BLOCKED_NO_LIQUIDITY_FIELD,390,,0.25,0.5,INELIGIBLE_UNKNOWN,STRATEGY_FILTER_NOT_MET NO_ENTRY,0,0,,,2026-05-19T18:14:20.280492Z:MSFT,0,REJECTED: ENTRY_OR_SOURCE_BLOCKED_BY_FUNNEL; source=ENTRY_OR_SOURCE_BLOCKED_BY_FUNNEL; rank_score=0.563636; liquidity_score=0.000000; diversification_score=1.000000; cooldown_score=1.000000; existing_position_penalty=0.000000; sector_cap_status=SOURCE_BLOCKED_SECTOR_UNAVAILABLE; matching_policy=EXACT_CANDIDATE_ID_ONLY_NO_SYMBOL_DATE_PRICE_TIME_FALLBACK
T601-3,decision-c99cc79ec4324f25,decision-c99cc79ec4324f25,MSFT,2026-05-19T18:15:29.082675Z,0.563636,0.0,1.0,1.0,0.0,0.913636,REJECTED,ENTRY_OR_SOURCE_BLOCKED_BY_FUNNEL,ENTRY_OR_SOURCE_BLOCKED_BY_FUNNEL,,SOURCE_BLOCKED_SECTOR_UNAVAILABLE,SOURCE_BLOCKED_NO_LIQUIDITY_FIELD,390,,0.25,0.5,INELIGIBLE_UNKNOWN,STRATEGY_FILTER_NOT_MET NO_ENTRY,0,0,,,2026-05-19T18:15:26.489173Z:MSFT,0,REJECTED: ENTRY_OR_SOURCE_BLOCKED_BY_FUNNEL; source=ENTRY_OR_SOURCE_BLOCKED_BY_FUNNEL; rank_score=0.563636; liquidity_score=0.000000; diversification_score=1.000000; cooldown_score=1.000000; existing_position_penalty=0.000000; sector_cap_status=SOURCE_BLOCKED_SECTOR_UNAVAILABLE; matching_policy=EXACT_CANDIDATE_ID_ONLY_NO_SYMBOL_DATE_PRICE_TIME_FALLBACK
T601-3,decision-a960715a88a14b30,decision-a960715a88a14b30,MSFT,2026-05-19T18:16:35.964969Z,0.563636,0.0,1.0,1.0,0.0,0.913636,REJECTED,ENTRY_OR_SOURCE_BLOCKED_BY_FUNNEL,ENTRY_OR_SOURCE_BLOCKED_BY_FUNNEL,,SOURCE_BLOCKED_SECTOR_UNAVAILABLE,SOURCE_BLOCKED_NO_LIQUIDITY_FIELD,390,,0.25,0.5,INELIGIBLE_UNKNOWN,STRATEGY_FILTER_NOT_MET NO_ENTRY,0,0,,,2026-05-19T18:16:33.378592Z:MSFT,0,REJECTED: ENTRY_OR_SOURCE_BLOCKED_BY_FUNNEL; source=ENTRY_OR_SOURCE_BLOCKED_BY_FUNNEL; rank_score=0.563636; liquidity_score=0.000000; diversification_score=1.000000; cooldown_score=1.000000; existing_position_penalty=0.000000; sector_cap_status=SOURCE_BLOCKED_SECTOR_UNAVAILABLE; matching_policy=EXACT_CANDIDATE_ID_ONLY_NO_SYMBOL_DATE_PRICE_TIME_FALLBACK
T601-3,decision-7fdbafd171e64f52,decision-7fdbafd171e64f52,MSFT,2026-05-19T18:17:42.785592Z,0.563636,0.0,1.0,1.0,0.0,0.913636,REJECTED,ENTRY_OR_SOURCE_BLOCKED_BY_FUNNEL,ENTRY_OR_SOURCE_BLOCKED_BY_FUNNEL,,SOURCE_BLOCKED_SECTOR_UNAVAILABLE,SOURCE_BLOCKED_NO_LIQUIDITY_FIELD,390,,0.25,0.5,INELIGIBLE_UNKNOWN,STRATEGY_FILTER_NOT_MET NO_ENTRY,0,0,,,2026-05-19T18:17:40.163157Z:MSFT,0,REJECTED: ENTRY_OR_SOURCE_BLOCKED_BY_FUNNEL; source=ENTRY_OR_SOURCE_BLOCKED_BY_FUNNEL; rank_score=0.563636; liquidity_score=0.000000; diversification_score=1.000000; cooldown_score=1.000000; existing_position_penalty=0.000000; sector_cap_status=SOURCE_BLOCKED_SECTOR_UNAVAILABLE; matching_policy=EXACT_CANDIDATE_ID_ONLY_NO_SYMBOL_DATE_PRICE_TIME_FALLBACK
T601-3,decision-e32cdb30c26c458e,decision-e32cdb30c26c458e,MSFT,2026-05-19T18:18:49.159391Z,0.563636,0.0,1.0,1.0,0.0,0.913636,REJECTED,ENTRY_OR_SOURCE_BLOCKED_BY_FUNNEL,ENTRY_OR_SOURCE_BLOCKED_BY_FUNNEL,,SOURCE_BLOCKED_SECTOR_UNAVAILABLE,SOURCE_BLOCKED_NO_LIQUIDITY_FIELD,390,,0.25,0.5,INELIGIBLE_UNKNOWN,STRATEGY_FILTER_NOT_MET NO_ENTRY,0,0,,,2026-05-19T18:18:46.583429Z:MSFT,0,REJECTED: ENTRY_OR_SOURCE_BLOCKED_BY_FUNNEL; source=ENTRY_OR_SOURCE_BLOCKED_BY_FUNNEL; rank_score=0.563636; liquidity_score=0.000000; diversification_score=1.000000; cooldown_score=1.000000; existing_position_penalty=0.000000; sector_cap_status=SOURCE_BLOCKED_SECTOR_UNAVAILABLE; matching_policy=EXACT_CANDIDATE_ID_ONLY_NO_SYMBOL_DATE_PRICE_TIME_FALLBACK
T601-3,decision-f2b685f7a14b443f,decision-f2b685f7a14b443f,MSFT,2026-05-19T18:19:57.047008Z,0.563636,0.0,1.0,1.0,0.0,0.913636,REJECTED,ENTRY_OR_SOURCE_BLOCKED_BY_FUNNEL,ENTRY_OR_SOURCE_BLOCKED_BY_FUNNEL,,SOURCE_BLOCKED_SECTOR_UNAVAILABLE,SOURCE_BLOCKED_NO_LIQUIDITY_FIELD,390,,0.25,0.5,INELIGIBLE_UNKNOWN,STRATEGY_FILTER_NOT_MET NO_ENTRY,0,0,,,2026-05-19T18:19:53.479022Z:MSFT,0,REJECTED: ENTRY_OR_SOURCE_BLOCKED_BY_FUNNEL; source=ENTRY_OR_SOURCE_BLOCKED_BY_FUNNEL; rank_score=0.563636; liquidity_score=0.000000; diversification_score=1.000000; cooldown_score=1.000000; existing_position_penalty=0.000000; sector_cap_status=SOURCE_BLOCKED_SECTOR_UNAVAILABLE; matching_policy=EXACT_CANDIDATE_ID_ONLY_NO_SYMBOL_DATE_PRICE_TIME_FALLBACK
T601-3,decision-ef7b089e73d8487b,decision-ef7b089e73d8487b,MSFT,2026-05-19T18:21:03.654695Z,0.563636,0.0,1.0,1.0,0.0,0.913636,REJECTED,ENTRY_OR_SOURCE_BLOCKED_BY_FUNNEL,ENTRY_OR_SOURCE_BLOCKED_BY_FUNNEL,,SOURCE_BLOCKED_SECTOR_UNAVAILABLE,SOURCE_BLOCKED_NO_LIQUIDITY_FIELD,390,,0.25,0.5,INELIGIBLE_UNKNOWN,STRATEGY_FILTER_NOT_MET NO_ENTRY,0,0,,,2026-05-19T18:21:01.173687Z:MSFT,0,REJECTED: ENTRY_OR_SOURCE_BLOCKED_BY_FUNNEL; source=ENTRY_OR_SOURCE_BLOCKED_BY_FUNNEL; rank_score=0.563636; liquidity_score=0.000000; diversification_score=1.000000; cooldown_score=1.000000; existing_position_penalty=0.000000; sector_cap_status=SOURCE_BLOCKED_SECTOR_UNAVAILABLE; matching_policy=EXACT_CANDIDATE_ID_ONLY_NO_SYMBOL_DATE_PRICE_TIME_FALLBACK
T601-3,decision-f6b8d6cf7b604af3,decision-f6b8d6cf7b604af3,MSFT,2026-05-19T18:22:09.937435Z,0.563636,0.0,1.0,1.0,0.0,0.913636,REJECTED,ENTRY_OR_SOURCE_BLOCKED_BY_FUNNEL,ENTRY_OR_SOURCE_BLOCKED_BY_FUNNEL,,SOURCE_BLOCKED_SECTOR_UNAVAILABLE,SOURCE_BLOCKED_NO_LIQUIDITY_FIELD,390,,0.25,0.5,INELIGIBLE_UNKNOWN,STRATEGY_FILTER_NOT_MET NO_ENTRY,0,0,,,2026-05-19T18:22:07.304117Z:MSFT,0,REJECTED: ENTRY_OR_SOURCE_BLOCKED_BY_FUNNEL; source=ENTRY_OR_SOURCE_BLOCKED_BY_FUNNEL; rank_score=0.563636; liquidity_score=0.000000; diversification_score=1.000000; cooldown_score=1.000000; existing_position_penalty=0.000000; sector_cap_status=SOURCE_BLOCKED_SECTOR_UNAVAILABLE; matching_policy=EXACT_CANDIDATE_ID_ONLY_NO_SYMBOL_DATE_PRICE_TIME_FALLBACK
T601-3,decision-fc0c511e03594721,decision-fc0c511e03594721,MSFT,2026-05-19T18:23:16.641263Z,0.563636,0.0,1.0,1.0,0.0,0.913636,REJECTED,ENTRY_OR_SOURCE_BLOCKED_BY_FUNNEL,ENTRY_OR_SOURCE_BLOCKED_BY_FUNNEL,,SOURCE_BLOCKED_SECTOR_UNAVAILABLE,SOURCE_BLOCKED_NO_LIQUIDITY_FIELD,390,,0.25,0.5,INELIGIBLE_UNKNOWN,STRATEGY_FILTER_NOT_MET NO_ENTRY,0,0,,,2026-05-19T18:23:14.054824Z:MSFT,0,REJECTED: ENTRY_OR_SOURCE_BLOCKED_BY_FUNNEL; source=ENTRY_OR_SOURCE_BLOCKED_BY_FUNNEL; rank_score=0.563636; liquidity_score=0.000000; diversification_score=1.000000; cooldown_score=1.000000; existing_position_penalty=0.000000; sector_cap_status=SOURCE_BLOCKED_SECTOR_UNAVAILABLE; matching_policy=EXACT_CANDIDATE_ID_ONLY_NO_SYMBOL_DATE_PRICE_TIME_FALLBACK
T601-3,decision-5bbde19ad42947cb,decision-5bbde19ad42947cb,MSFT,2026-05-19T18:24:23.028539Z,0.563636,0.0,1.0,1.0,0.0,0.913636,REJECTED,ENTRY_OR_SOURCE_BLOCKED_BY_FUNNEL,ENTRY_OR_SOURCE_BLOCKED_BY_FUNNEL,,SOURCE_BLOCKED_SECTOR_UNAVAILABLE,SOURCE_BLOCKED_NO_LIQUIDITY_FIELD,390,,0.25,0.5,INELIGIBLE_UNKNOWN,STRATEGY_FILTER_NOT_MET NO_ENTRY,0,0,,,2026-05-19T18:24:20.394299Z:MSFT,0,REJECTED: ENTRY_OR_SOURCE_BLOCKED_BY_FUNNEL; source=ENTRY_OR_SOURCE_BLOCKED_BY_FUNNEL; rank_score=0.563636; liquidity_score=0.000000; diversification_score=1.000000; cooldown_score=1.000000; existing_position_penalty=0.000000; sector_cap_status=SOURCE_BLOCKED_SECTOR_UNAVAILABLE; matching_policy=EXACT_CANDIDATE_ID_ONLY_NO_SYMBOL_DATE_PRICE_TIME_FALLBACK
T601-3,decision-660b9daaacc64dcc,decision-660b9daaacc64dcc,MSFT,2026-05-19T18:25:29.734709Z,0.563636,0.0,1.0,1.0,0.0,0.913636,REJECTED,ENTRY_OR_SOURCE_BLOCKED_BY_FUNNEL,ENTRY_OR_SOURCE_BLOCKED_BY_FUNNEL,,SOURCE_BLOCKED_SECTOR_UNAVAILABLE,SOURCE_BLOCKED_NO_LIQUIDITY_FIELD,390,,0.25,0.5,INELIGIBLE_UNKNOWN,STRATEGY_FILTER_NOT_MET NO_ENTRY,0,0,,,2026-05-19T18:25:27.147942Z:MSFT,0,REJECTED: ENTRY_OR_SOURCE_BLOCKED_BY_FUNNEL; source=ENTRY_OR_SOURCE_BLOCKED_BY_FUNNEL; rank_score=0.563636; liquidity_score=0.000000; diversification_score=1.000000; cooldown_score=1.000000; existing_position_penalty=0.000000; sector_cap_status=SOURCE_BLOCKED_SECTOR_UNAVAILABLE; matching_policy=EXACT_CANDIDATE_ID_ONLY_NO_SYMBOL_DATE_PRICE_TIME_FALLBACK
T601-3,decision-da8fd5c0813848c3,decision-da8fd5c0813848c3,AMZN,2026-05-19T18:26:36.321401Z,0.531818,0.0,1.0,1.0,0.0,0.881818,SELECTED,PASSED_RANK_LIQUIDITY_DIVERSIFICATION_COOLDOWN_POSITION_CONTROLS,ELIGIBLE_FROM_FUNNEL,,SOURCE_BLOCKED_SECTOR_UNAVAILABLE,SOURCE_BLOCKED_NO_LIQUIDITY_FIELD,390,,0.25,0.5,ELIGIBLE,,0,0,,,2026-05-19T18:26:33.587597Z:AMZN,0,SELECTED: PASSED_RANK_LIQUIDITY_DIVERSIFICATION_COOLDOWN_POSITION_CONTROLS; source=ELIGIBLE_FROM_FUNNEL; rank_score=0.531818; liquidity_score=0.000000; diversification_score=1.000000; cooldown_score=1.000000; existing_position_penalty=0.000000; sector_cap_status=SOURCE_BLOCKED_SECTOR_UNAVAILABLE; matching_policy=EXACT_CANDIDATE_ID_ONLY_NO_SYMBOL_DATE_PRICE_TIME_FALLBACK
T601-3,decision-7fb7d13b55ab4505,decision-7fb7d13b55ab4505,AMZN,2026-05-19T18:27:42.626070Z,0.531818,0.0,0.666667,0.0,0.333333,0.631818,REJECTED,SYMBOL_COOLDOWN_ACTIVE_390_MINUTES,ELIGIBLE_FROM_FUNNEL,,SOURCE_BLOCKED_SECTOR_UNAVAILABLE,SOURCE_BLOCKED_NO_LIQUIDITY_FIELD,390,1.1051,0.25,0.5,ELIGIBLE,,0,0,,,2026-05-19T18:27:40.121509Z:AMZN,0,REJECTED: SYMBOL_COOLDOWN_ACTIVE_390_MINUTES; source=ELIGIBLE_FROM_FUNNEL; rank_score=0.531818; liquidity_score=0.000000; diversification_score=0.666667; cooldown_score=0.000000; existing_position_penalty=0.333333; sector_cap_status=SOURCE_BLOCKED_SECTOR_UNAVAILABLE; matching_policy=EXACT_CANDIDATE_ID_ONLY_NO_SYMBOL_DATE_PRICE_TIME_FALLBACK
T601-3,decision-9c18a882b0b14a87,decision-9c18a882b0b14a87,MSFT,2026-05-19T18:28:48.914085Z,0.563636,0.0,1.0,1.0,0.0,0.913636,REJECTED,ENTRY_OR_SOURCE_BLOCKED_BY_FUNNEL,ENTRY_OR_SOURCE_BLOCKED_BY_FUNNEL,,SOURCE_BLOCKED_SECTOR_UNAVAILABLE,SOURCE_BLOCKED_NO_LIQUIDITY_FIELD,390,,0.25,0.5,INELIGIBLE_UNKNOWN,STRATEGY_FILTER_NOT_MET NO_ENTRY,0,0,,,2026-05-19T18:28:46.265220Z:MSFT,0,REJECTED: ENTRY_OR_SOURCE_BLOCKED_BY_FUNNEL; source=ENTRY_OR_SOURCE_BLOCKED_BY_FUNNEL; rank_score=0.563636; liquidity_score=0.000000; diversification_score=1.000000; cooldown_score=1.000000; existing_position_penalty=0.000000; sector_cap_status=SOURCE_BLOCKED_SECTOR_UNAVAILABLE; matching_policy=EXACT_CANDIDATE_ID_ONLY_NO_SYMBOL_DATE_PRICE_TIME_FALLBACK
T601-3,decision-395d700a64f644ca,decision-395d700a64f644ca,MSFT,2026-05-19T18:29:54.649477Z,0.563636,0.0,1.0,1.0,0.0,0.913636,REJECTED,ENTRY_OR_SOURCE_BLOCKED_BY_FUNNEL,ENTRY_OR_SOURCE_BLOCKED_BY_FUNNEL,,SOURCE_BLOCKED_SECTOR_UNAVAILABLE,SOURCE_BLOCKED_NO_LIQUIDITY_FIELD,390,,0.25,0.5,INELIGIBLE_UNKNOWN,STRATEGY_FILTER_NOT_MET NO_ENTRY,0,0,,,2026-05-19T18:29:52.185815Z:MSFT,0,REJECTED: ENTRY_OR_SOURCE_BLOCKED_BY_FUNNEL; source=ENTRY_OR_SOURCE_BLOCKED_BY_FUNNEL; rank_score=0.563636; liquidity_score=0.000000; diversification_score=1.000000; cooldown_score=1.000000; existing_position_penalty=0.000000; sector_cap_status=SOURCE_BLOCKED_SECTOR_UNAVAILABLE; matching_policy=EXACT_CANDIDATE_ID_ONLY_NO_SYMBOL_DATE_PRICE_TIME_FALLBACK
T601-3,decision-db9d40371f6a4d68,decision-db9d40371f6a4d68,MSFT,2026-05-19T18:31:01.178879Z,0.563636,0.0,1.0,1.0,0.0,0.913636,REJECTED,ENTRY_OR_SOURCE_BLOCKED_BY_FUNNEL,ENTRY_OR_SOURCE_BLOCKED_BY_FUNNEL,,SOURCE_BLOCKED_SECTOR_UNAVAILABLE,SOURCE_BLOCKED_NO_LIQUIDITY_FIELD,390,,0.25,0.5,INELIGIBLE_UNKNOWN,STRATEGY_FILTER_NOT_MET NO_ENTRY,0,0,,,2026-05-19T18:30:58.543838Z:MSFT,0,REJECTED: ENTRY_OR_SOURCE_BLOCKED_BY_FUNNEL; source=ENTRY_OR_SOURCE_BLOCKED_BY_FUNNEL; rank_score=0.563636; liquidity_score=0.000000; diversification_score=1.000000; cooldown_score=1.000000; existing_position_penalty=0.000000; sector_cap_status=SOURCE_BLOCKED_SECTOR_UNAVAILABLE; matching_policy=EXACT_CANDIDATE_ID_ONLY_NO_SYMBOL_DATE_PRICE_TIME_FALLBACK
T601-3,decision-86d89b2d95904aa1,decision-86d89b2d95904aa1,MSFT,2026-05-19T18:32:07.901450Z,0.563636,0.0,1.0,1.0,0.0,0.913636,REJECTED,ENTRY_OR_SOURCE_BLOCKED_BY_FUNNEL,ENTRY_OR_SOURCE_BLOCKED_BY_FUNNEL,,SOURCE_BLOCKED_SECTOR_UNAVAILABLE,SOURCE_BLOCKED_NO_LIQUIDITY_FIELD,390,,0.25,0.5,INELIGIBLE_UNKNOWN,STRATEGY_FILTER_NOT_MET NO_ENTRY,0,0,,,2026-05-19T18:32:05.355308Z:MSFT,0,REJECTED: ENTRY_OR_SOURCE_BLOCKED_BY_FUNNEL; source=ENTRY_OR_SOURCE_BLOCKED_BY_FUNNEL; rank_score=0.563636; liquidity_score=0.000000; diversification_score=1.000000; cooldown_score=1.000000; existing_position_penalty=0.000000; sector_cap_status=SOURCE_BLOCKED_SECTOR_UNAVAILABLE; matching_policy=EXACT_CANDIDATE_ID_ONLY_NO_SYMBOL_DATE_PRICE_TIME_FALLBACK
T601-3,decision-c5c0b6ff0318489d,decision-c5c0b6ff0318489d,MSFT,2026-05-19T18:33:14.805624Z,0.563636,0.0,1.0,1.0,0.0,0.913636,REJECTED,ENTRY_OR_SOURCE_BLOCKED_BY_FUNNEL,ENTRY_OR_SOURCE_BLOCKED_BY_FUNNEL,,SOURCE_BLOCKED_SECTOR_UNAVAILABLE,SOURCE_BLOCKED_NO_LIQUIDITY_FIELD,390,,0.25,0.5,INELIGIBLE_UNKNOWN,STRATEGY_FILTER_NOT_MET NO_ENTRY,0,0,,,2026-05-19T18:33:12.099471Z:MSFT,0,REJECTED: ENTRY_OR_SOURCE_BLOCKED_BY_FUNNEL; source=ENTRY_OR_SOURCE_BLOCKED_BY_FUNNEL; rank_score=0.563636; liquidity_score=0.000000; diversification_score=1.000000; cooldown_score=1.000000; existing_position_penalty=0.000000; sector_cap_status=SOURCE_BLOCKED_SECTOR_UNAVAILABLE; matching_policy=EXACT_CANDIDATE_ID_ONLY_NO_SYMBOL_DATE_PRICE_TIME_FALLBACK
T601-3,decision-d66faba90d5d4ce9,decision-d66faba90d5d4ce9,MSFT,2026-05-19T18:34:21.170250Z,0.563636,0.0,1.0,1.0,0.0,0.913636,REJECTED,ENTRY_OR_SOURCE_BLOCKED_BY_FUNNEL,ENTRY_OR_SOURCE_BLOCKED_BY_FUNNEL,,SOURCE_BLOCKED_SECTOR_UNAVAILABLE,SOURCE_BLOCKED_NO_LIQUIDITY_FIELD,390,,0.25,0.5,INELIGIBLE_UNKNOWN,STRATEGY_FILTER_NOT_MET NO_ENTRY,0,0,,,2026-05-19T18:34:18.534803Z:MSFT,0,REJECTED: ENTRY_OR_SOURCE_BLOCKED_BY_FUNNEL; source=ENTRY_OR_SOURCE_BLOCKED_BY_FUNNEL; rank_score=0.563636; liquidity_score=0.000000; diversification_score=1.000000; cooldown_score=1.000000; existing_position_penalty=0.000000; sector_cap_status=SOURCE_BLOCKED_SECTOR_UNAVAILABLE; matching_policy=EXACT_CANDIDATE_ID_ONLY_NO_SYMBOL_DATE_PRICE_TIME_FALLBACK
T601-3,decision-140292b241144764,decision-140292b241144764,MSFT,2026-05-19T18:35:28.074850Z,0.563636,0.0,1.0,1.0,0.0,0.913636,REJECTED,ENTRY_OR_SOURCE_BLOCKED_BY_FUNNEL,ENTRY_OR_SOURCE_BLOCKED_BY_FUNNEL,,SOURCE_BLOCKED_SECTOR_UNAVAILABLE,SOURCE_BLOCKED_NO_LIQUIDITY_FIELD,390,,0.25,0.5,INELIGIBLE_UNKNOWN,STRATEGY_FILTER_NOT_MET NO_ENTRY,0,0,,,2026-05-19T18:35:25.348506Z:MSFT,0,REJECTED: ENTRY_OR_SOURCE_BLOCKED_BY_FUNNEL; source=ENTRY_OR_SOURCE_BLOCKED_BY_FUNNEL; rank_score=0.563636; liquidity_score=0.000000; diversification_score=1.000000; cooldown_score=1.000000; existing_position_penalty=0.000000; sector_cap_status=SOURCE_BLOCKED_SECTOR_UNAVAILABLE; matching_policy=EXACT_CANDIDATE_ID_ONLY_NO_SYMBOL_DATE_PRICE_TIME_FALLBACK
T601-3,decision-0cc96d78194f4205,decision-0cc96d78194f4205,MSFT,2026-05-19T18:36:34.979527Z,0.563636,0.0,1.0,1.0,0.0,0.913636,REJECTED,ENTRY_OR_SOURCE_BLOCKED_BY_FUNNEL,ENTRY_OR_SOURCE_BLOCKED_BY_FUNNEL,,SOURCE_BLOCKED_SECTOR_UNAVAILABLE,SOURCE_BLOCKED_NO_LIQUIDITY_FIELD,390,,0.25,0.5,INELIGIBLE_UNKNOWN,STRATEGY_FILTER_NOT_MET NO_ENTRY,0,0,,,2026-05-19T18:36:32.327913Z:MSFT,0,REJECTED: ENTRY_OR_SOURCE_BLOCKED_BY_FUNNEL; source=ENTRY_OR_SOURCE_BLOCKED_BY_FUNNEL; rank_score=0.563636; liquidity_score=0.000000; diversification_score=1.000000; cooldown_score=1.000000; existing_position_penalty=0.000000; sector_cap_status=SOURCE_BLOCKED_SECTOR_UNAVAILABLE; matching_policy=EXACT_CANDIDATE_ID_ONLY_NO_SYMBOL_DATE_PRICE_TIME_FALLBACK
T601-3,decision-f91f0e7708e24767,decision-f91f0e7708e24767,MSFT,2026-05-19T18:37:41.148254Z,0.563636,0.0,1.0,1.0,0.0,0.913636,REJECTED,ENTRY_OR_SOURCE_BLOCKED_BY_FUNNEL,ENTRY_OR_SOURCE_BLOCKED_BY_FUNNEL,,SOURCE_BLOCKED_SECTOR_UNAVAILABLE,SOURCE_BLOCKED_NO_LIQUIDITY_FIELD,390,,0.25,0.5,INELIGIBLE_UNKNOWN,STRATEGY_FILTER_NOT_MET NO_ENTRY,0,0,,,2026-05-19T18:37:38.248083Z:MSFT,0,REJECTED: ENTRY_OR_SOURCE_BLOCKED_BY_FUNNEL; source=ENTRY_OR_SOURCE_BLOCKED_BY_FUNNEL; rank_score=0.563636; liquidity_score=0.000000; diversification_score=1.000000; cooldown_score=1.000000; existing_position_penalty=0.000000; sector_cap_status=SOURCE_BLOCKED_SECTOR_UNAVAILABLE; matching_policy=EXACT_CANDIDATE_ID_ONLY_NO_SYMBOL_DATE_PRICE_TIME_FALLBACK
T601-3,decision-b9ecef78f1e74b50,decision-b9ecef78f1e74b50,MSFT,2026-05-19T18:38:47.404334Z,0.563636,0.0,1.0,1.0,0.0,0.913636,REJECTED,ENTRY_OR_SOURCE_BLOCKED_BY_FUNNEL,ENTRY_OR_SOURCE_BLOCKED_BY_FUNNEL,,SOURCE_BLOCKED_SECTOR_UNAVAILABLE,SOURCE_BLOCKED_NO_LIQUIDITY_FIELD,390,,0.25,0.5,INELIGIBLE_UNKNOWN,STRATEGY_FILTER_NOT_MET NO_ENTRY,0,0,,,2026-05-19T18:38:44.772490Z:MSFT,0,REJECTED: ENTRY_OR_SOURCE_BLOCKED_BY_FUNNEL; source=ENTRY_OR_SOURCE_BLOCKED_BY_FUNNEL; rank_score=0.563636; liquidity_score=0.000000; diversification_score=1.000000; cooldown_score=1.000000; existing_position_penalty=0.000000; sector_cap_status=SOURCE_BLOCKED_SECTOR_UNAVAILABLE; matching_policy=EXACT_CANDIDATE_ID_ONLY_NO_SYMBOL_DATE_PRICE_TIME_FALLBACK
T601-3,decision-ea752e605a4e4def,decision-ea752e605a4e4def,MSFT,2026-05-19T18:39:54.743519Z,0.563636,0.0,1.0,1.0,0.0,0.913636,REJECTED,ENTRY_OR_SOURCE_BLOCKED_BY_FUNNEL,ENTRY_OR_SOURCE_BLOCKED_BY_FUNNEL,,SOURCE_BLOCKED_SECTOR_UNAVAILABLE,SOURCE_BLOCKED_NO_LIQUIDITY_FIELD,390,,0.25,0.5,INELIGIBLE_UNKNOWN,STRATEGY_FILTER_NOT_MET NO_ENTRY,0,0,,,2026-05-19T18:39:51.040739Z:MSFT,0,REJECTED: ENTRY_OR_SOURCE_BLOCKED_BY_FUNNEL; source=ENTRY_OR_SOURCE_BLOCKED_BY_FUNNEL; rank_score=0.563636; liquidity_score=0.000000; diversification_score=1.000000; cooldown_score=1.000000; existing_position_penalty=0.000000; sector_cap_status=SOURCE_BLOCKED_SECTOR_UNAVAILABLE; matching_policy=EXACT_CANDIDATE_ID_ONLY_NO_SYMBOL_DATE_PRICE_TIME_FALLBACK
T601-3,decision-1b6c666a5a4a4b1f,decision-1b6c666a5a4a4b1f,MSFT,2026-05-19T18:41:01.120039Z,0.563636,0.0,1.0,1.0,0.0,0.913636,REJECTED,ENTRY_OR_SOURCE_BLOCKED_BY_FUNNEL,ENTRY_OR_SOURCE_BLOCKED_BY_FUNNEL,,SOURCE_BLOCKED_SECTOR_UNAVAILABLE,SOURCE_BLOCKED_NO_LIQUIDITY_FIELD,390,,0.25,0.5,INELIGIBLE_UNKNOWN,STRATEGY_FILTER_NOT_MET NO_ENTRY,0,0,,,2026-05-19T18:40:58.494846Z:MSFT,0,REJECTED: ENTRY_OR_SOURCE_BLOCKED_BY_FUNNEL; source=ENTRY_OR_SOURCE_BLOCKED_BY_FUNNEL; rank_score=0.563636; liquidity_score=0.000000; diversification_score=1.000000; cooldown_score=1.000000; existing_position_penalty=0.000000; sector_cap_status=SOURCE_BLOCKED_SECTOR_UNAVAILABLE; matching_policy=EXACT_CANDIDATE_ID_ONLY_NO_SYMBOL_DATE_PRICE_TIME_FALLBACK
T601-3,decision-ff78b4bf9f6e43bb,decision-ff78b4bf9f6e43bb,MSFT,2026-05-19T18:42:07.126634Z,0.563636,0.0,1.0,1.0,0.0,0.913636,REJECTED,ENTRY_OR_SOURCE_BLOCKED_BY_FUNNEL,ENTRY_OR_SOURCE_BLOCKED_BY_FUNNEL,,SOURCE_BLOCKED_SECTOR_UNAVAILABLE,SOURCE_BLOCKED_NO_LIQUIDITY_FIELD,390,,0.25,0.5,INELIGIBLE_UNKNOWN,STRATEGY_FILTER_NOT_MET NO_ENTRY,0,0,,,2026-05-19T18:42:04.475899Z:MSFT,0,REJECTED: ENTRY_OR_SOURCE_BLOCKED_BY_FUNNEL; source=ENTRY_OR_SOURCE_BLOCKED_BY_FUNNEL; rank_score=0.563636; liquidity_score=0.000000; diversification_score=1.000000; cooldown_score=1.000000; existing_position_penalty=0.000000; sector_cap_status=SOURCE_BLOCKED_SECTOR_UNAVAILABLE; matching_policy=EXACT_CANDIDATE_ID_ONLY_NO_SYMBOL_DATE_PRICE_TIME_FALLBACK
T601-3,decision-a2aaf4194f0142c7,decision-a2aaf4194f0142c7,MSFT,2026-05-19T18:43:13.418277Z,0.563636,0.0,1.0,1.0,0.0,0.913636,REJECTED,ENTRY_OR_SOURCE_BLOCKED_BY_FUNNEL,ENTRY_OR_SOURCE_BLOCKED_BY_FUNNEL,,SOURCE_BLOCKED_SECTOR_UNAVAILABLE,SOURCE_BLOCKED_NO_LIQUIDITY_FIELD,390,,0.25,0.5,INELIGIBLE_UNKNOWN,STRATEGY_FILTER_NOT_MET NO_ENTRY,0,0,,,2026-05-19T18:43:10.876826Z:MSFT,0,REJECTED: ENTRY_OR_SOURCE_BLOCKED_BY_FUNNEL; source=ENTRY_OR_SOURCE_BLOCKED_BY_FUNNEL; rank_score=0.563636; liquidity_score=0.000000; diversification_score=1.000000; cooldown_score=1.000000; existing_position_penalty=0.000000; sector_cap_status=SOURCE_BLOCKED_SECTOR_UNAVAILABLE; matching_policy=EXACT_CANDIDATE_ID_ONLY_NO_SYMBOL_DATE_PRICE_TIME_FALLBACK
T601-3,decision-9ead18057725453b,decision-9ead18057725453b,MSFT,2026-05-19T18:44:19.897826Z,0.563636,0.0,1.0,1.0,0.0,0.913636,REJECTED,ENTRY_OR_SOURCE_BLOCKED_BY_FUNNEL,ENTRY_OR_SOURCE_BLOCKED_BY_FUNNEL,,SOURCE_BLOCKED_SECTOR_UNAVAILABLE,SOURCE_BLOCKED_NO_LIQUIDITY_FIELD,390,,0.25,0.5,INELIGIBLE_UNKNOWN,STRATEGY_FILTER_NOT_MET NO_ENTRY,0,0,,,2026-05-19T18:44:17.210930Z:MSFT,0,REJECTED: ENTRY_OR_SOURCE_BLOCKED_BY_FUNNEL; source=ENTRY_OR_SOURCE_BLOCKED_BY_FUNNEL; rank_score=0.563636; liquidity_score=0.000000; diversification_score=1.000000; cooldown_score=1.000000; existing_position_penalty=0.000000; sector_cap_status=SOURCE_BLOCKED_SECTOR_UNAVAILABLE; matching_policy=EXACT_CANDIDATE_ID_ONLY_NO_SYMBOL_DATE_PRICE_TIME_FALLBACK
T601-3,decision-62d9aeec4be14034,decision-62d9aeec4be14034,MSFT,2026-05-19T18:45:25.838126Z,0.563636,0.0,1.0,1.0,0.0,0.913636,REJECTED,ENTRY_OR_SOURCE_BLOCKED_BY_FUNNEL,ENTRY_OR_SOURCE_BLOCKED_BY_FUNNEL,,SOURCE_BLOCKED_SECTOR_UNAVAILABLE,SOURCE_BLOCKED_NO_LIQUIDITY_FIELD,390,,0.25,0.5,INELIGIBLE_UNKNOWN,STRATEGY_FILTER_NOT_MET NO_ENTRY,0,0,,,2026-05-19T18:45:23.188914Z:MSFT,0,REJECTED: ENTRY_OR_SOURCE_BLOCKED_BY_FUNNEL; source=ENTRY_OR_SOURCE_BLOCKED_BY_FUNNEL; rank_score=0.563636; liquidity_score=0.000000; diversification_score=1.000000; cooldown_score=1.000000; existing_position_penalty=0.000000; sector_cap_status=SOURCE_BLOCKED_SECTOR_UNAVAILABLE; matching_policy=EXACT_CANDIDATE_ID_ONLY_NO_SYMBOL_DATE_PRICE_TIME_FALLBACK
T601-3,decision-5f424f1818284818,decision-5f424f1818284818,MSFT,2026-05-19T18:46:32.118003Z,0.563636,0.0,1.0,1.0,0.0,0.913636,REJECTED,ENTRY_OR_SOURCE_BLOCKED_BY_FUNNEL,ENTRY_OR_SOURCE_BLOCKED_BY_FUNNEL,,SOURCE_BLOCKED_SECTOR_UNAVAILABLE,SOURCE_BLOCKED_NO_LIQUIDITY_FIELD,390,,0.25,0.5,INELIGIBLE_UNKNOWN,STRATEGY_FILTER_NOT_MET NO_ENTRY,0,0,,,2026-05-19T18:46:29.496071Z:MSFT,0,REJECTED: ENTRY_OR_SOURCE_BLOCKED_BY_FUNNEL; source=ENTRY_OR_SOURCE_BLOCKED_BY_FUNNEL; rank_score=0.563636; liquidity_score=0.000000; diversification_score=1.000000; cooldown_score=1.000000; existing_position_penalty=0.000000; sector_cap_status=SOURCE_BLOCKED_SECTOR_UNAVAILABLE; matching_policy=EXACT_CANDIDATE_ID_ONLY_NO_SYMBOL_DATE_PRICE_TIME_FALLBACK
T601-3,decision-eff4dd166d5c42e2,decision-eff4dd166d5c42e2,MSFT,2026-05-19T18:47:38.086926Z,0.563636,0.0,1.0,1.0,0.0,0.913636,REJECTED,ENTRY_OR_SOURCE_BLOCKED_BY_FUNNEL,ENTRY_OR_SOURCE_BLOCKED_BY_FUNNEL,,SOURCE_BLOCKED_SECTOR_UNAVAILABLE,SOURCE_BLOCKED_NO_LIQUIDITY_FIELD,390,,0.25,0.5,INELIGIBLE_UNKNOWN,STRATEGY_FILTER_NOT_MET NO_ENTRY,0,0,,,2026-05-19T18:47:35.452228Z:MSFT,0,REJECTED: ENTRY_OR_SOURCE_BLOCKED_BY_FUNNEL; source=ENTRY_OR_SOURCE_BLOCKED_BY_FUNNEL; rank_score=0.563636; liquidity_score=0.000000; diversification_score=1.000000; cooldown_score=1.000000; existing_position_penalty=0.000000; sector_cap_status=SOURCE_BLOCKED_SECTOR_UNAVAILABLE; matching_policy=EXACT_CANDIDATE_ID_ONLY_NO_SYMBOL_DATE_PRICE_TIME_FALLBACK
T601-3,decision-65b3b4bdd78a4712,decision-65b3b4bdd78a4712,MSFT,2026-05-19T18:48:44.030720Z,0.563636,0.0,1.0,1.0,0.0,0.913636,REJECTED,ENTRY_OR_SOURCE_BLOCKED_BY_FUNNEL,ENTRY_OR_SOURCE_BLOCKED_BY_FUNNEL,,SOURCE_BLOCKED_SECTOR_UNAVAILABLE,SOURCE_BLOCKED_NO_LIQUIDITY_FIELD,390,,0.25,0.5,INELIGIBLE_UNKNOWN,STRATEGY_FILTER_NOT_MET NO_ENTRY,0,0,,,2026-05-19T18:48:41.421082Z:MSFT,0,REJECTED: ENTRY_OR_SOURCE_BLOCKED_BY_FUNNEL; source=ENTRY_OR_SOURCE_BLOCKED_BY_FUNNEL; rank_score=0.563636; liquidity_score=0.000000; diversification_score=1.000000; cooldown_score=1.000000; existing_position_penalty=0.000000; sector_cap_status=SOURCE_BLOCKED_SECTOR_UNAVAILABLE; matching_policy=EXACT_CANDIDATE_ID_ONLY_NO_SYMBOL_DATE_PRICE_TIME_FALLBACK
T601-3,decision-c3c089ff411c47c8,decision-c3c089ff411c47c8,AMZN,2026-05-19T18:49:50.949382Z,0.531818,0.0,0.666667,0.0,0.333333,0.631818,REJECTED,SYMBOL_COOLDOWN_ACTIVE_390_MINUTES,ELIGIBLE_FROM_FUNNEL,,SOURCE_BLOCKED_SECTOR_UNAVAILABLE,SOURCE_BLOCKED_NO_LIQUIDITY_FIELD,390,23.2438,0.25,0.5,ELIGIBLE,,0,0,,,2026-05-19T18:49:48.235165Z:AMZN,0,REJECTED: SYMBOL_COOLDOWN_ACTIVE_390_MINUTES; source=ELIGIBLE_FROM_FUNNEL; rank_score=0.531818; liquidity_score=0.000000; diversification_score=0.666667; cooldown_score=0.000000; existing_position_penalty=0.333333; sector_cap_status=SOURCE_BLOCKED_SECTOR_UNAVAILABLE; matching_policy=EXACT_CANDIDATE_ID_ONLY_NO_SYMBOL_DATE_PRICE_TIME_FALLBACK
T601-3,decision-d5b840b2ba4b4c24,decision-d5b840b2ba4b4c24,MSFT,2026-05-19T18:50:57.282587Z,0.563636,0.0,1.0,1.0,0.0,0.913636,REJECTED,ENTRY_OR_SOURCE_BLOCKED_BY_FUNNEL,ENTRY_OR_SOURCE_BLOCKED_BY_FUNNEL,,SOURCE_BLOCKED_SECTOR_UNAVAILABLE,SOURCE_BLOCKED_NO_LIQUIDITY_FIELD,390,,0.25,0.5,INELIGIBLE_UNKNOWN,STRATEGY_FILTER_NOT_MET NO_ENTRY,0,0,,,2026-05-19T18:50:54.693584Z:MSFT,0,REJECTED: ENTRY_OR_SOURCE_BLOCKED_BY_FUNNEL; source=ENTRY_OR_SOURCE_BLOCKED_BY_FUNNEL; rank_score=0.563636; liquidity_score=0.000000; diversification_score=1.000000; cooldown_score=1.000000; existing_position_penalty=0.000000; sector_cap_status=SOURCE_BLOCKED_SECTOR_UNAVAILABLE; matching_policy=EXACT_CANDIDATE_ID_ONLY_NO_SYMBOL_DATE_PRICE_TIME_FALLBACK
T601-3,decision-b5d8143894224249,decision-b5d8143894224249,MSFT,2026-05-19T18:52:03.693432Z,0.563636,0.0,1.0,1.0,0.0,0.913636,REJECTED,ENTRY_OR_SOURCE_BLOCKED_BY_FUNNEL,ENTRY_OR_SOURCE_BLOCKED_BY_FUNNEL,,SOURCE_BLOCKED_SECTOR_UNAVAILABLE,SOURCE_BLOCKED_NO_LIQUIDITY_FIELD,390,,0.25,0.5,INELIGIBLE_UNKNOWN,STRATEGY_FILTER_NOT_MET NO_ENTRY,0,0,,,2026-05-19T18:52:00.935239Z:MSFT,0,REJECTED: ENTRY_OR_SOURCE_BLOCKED_BY_FUNNEL; source=ENTRY_OR_SOURCE_BLOCKED_BY_FUNNEL; rank_score=0.563636; liquidity_score=0.000000; diversification_score=1.000000; cooldown_score=1.000000; existing_position_penalty=0.000000; sector_cap_status=SOURCE_BLOCKED_SECTOR_UNAVAILABLE; matching_policy=EXACT_CANDIDATE_ID_ONLY_NO_SYMBOL_DATE_PRICE_TIME_FALLBACK
T601-3,decision-4143c488acdd4e62,decision-4143c488acdd4e62,MSFT,2026-05-19T18:53:10.054233Z,0.563636,0.0,1.0,1.0,0.0,0.913636,REJECTED,ENTRY_OR_SOURCE_BLOCKED_BY_FUNNEL,ENTRY_OR_SOURCE_BLOCKED_BY_FUNNEL,,SOURCE_BLOCKED_SECTOR_UNAVAILABLE,SOURCE_BLOCKED_NO_LIQUIDITY_FIELD,390,,0.25,0.5,INELIGIBLE_UNKNOWN,STRATEGY_FILTER_NOT_MET NO_ENTRY,0,0,,,2026-05-19T18:53:07.365962Z:MSFT,0,REJECTED: ENTRY_OR_SOURCE_BLOCKED_BY_FUNNEL; source=ENTRY_OR_SOURCE_BLOCKED_BY_FUNNEL; rank_score=0.563636; liquidity_score=0.000000; diversification_score=1.000000; cooldown_score=1.000000; existing_position_penalty=0.000000; sector_cap_status=SOURCE_BLOCKED_SECTOR_UNAVAILABLE; matching_policy=EXACT_CANDIDATE_ID_ONLY_NO_SYMBOL_DATE_PRICE_TIME_FALLBACK
T601-3,decision-581465eeaddc45f7,decision-581465eeaddc45f7,MSFT,2026-05-19T18:54:16.194806Z,0.563636,0.0,1.0,1.0,0.0,0.913636,REJECTED,ENTRY_OR_SOURCE_BLOCKED_BY_FUNNEL,ENTRY_OR_SOURCE_BLOCKED_BY_FUNNEL,,SOURCE_BLOCKED_SECTOR_UNAVAILABLE,SOURCE_BLOCKED_NO_LIQUIDITY_FIELD,390,,0.25,0.5,INELIGIBLE_UNKNOWN,STRATEGY_FILTER_NOT_MET NO_ENTRY,0,0,,,2026-05-19T18:54:13.598416Z:MSFT,0,REJECTED: ENTRY_OR_SOURCE_BLOCKED_BY_FUNNEL; source=ENTRY_OR_SOURCE_BLOCKED_BY_FUNNEL; rank_score=0.563636; liquidity_score=0.000000; diversification_score=1.000000; cooldown_score=1.000000; existing_position_penalty=0.000000; sector_cap_status=SOURCE_BLOCKED_SECTOR_UNAVAILABLE; matching_policy=EXACT_CANDIDATE_ID_ONLY_NO_SYMBOL_DATE_PRICE_TIME_FALLBACK
T601-3,decision-40c8816da8874a8d,decision-40c8816da8874a8d,MSFT,2026-05-19T18:55:22.847414Z,0.563636,0.0,1.0,1.0,0.0,0.913636,REJECTED,ENTRY_OR_SOURCE_BLOCKED_BY_FUNNEL,ENTRY_OR_SOURCE_BLOCKED_BY_FUNNEL,,SOURCE_BLOCKED_SECTOR_UNAVAILABLE,SOURCE_BLOCKED_NO_LIQUIDITY_FIELD,390,,0.25,0.5,INELIGIBLE_UNKNOWN,STRATEGY_FILTER_NOT_MET NO_ENTRY,0,0,,,2026-05-19T18:55:20.258403Z:MSFT,0,REJECTED: ENTRY_OR_SOURCE_BLOCKED_BY_FUNNEL; source=ENTRY_OR_SOURCE_BLOCKED_BY_FUNNEL; rank_score=0.563636; liquidity_score=0.000000; diversification_score=1.000000; cooldown_score=1.000000; existing_position_penalty=0.000000; sector_cap_status=SOURCE_BLOCKED_SECTOR_UNAVAILABLE; matching_policy=EXACT_CANDIDATE_ID_ONLY_NO_SYMBOL_DATE_PRICE_TIME_FALLBACK
T601-3,decision-14e148c4d532433f,decision-14e148c4d532433f,MSFT,2026-05-19T18:56:28.738267Z,0.563636,0.0,1.0,1.0,0.0,0.913636,REJECTED,ENTRY_OR_SOURCE_BLOCKED_BY_FUNNEL,ENTRY_OR_SOURCE_BLOCKED_BY_FUNNEL,,SOURCE_BLOCKED_SECTOR_UNAVAILABLE,SOURCE_BLOCKED_NO_LIQUIDITY_FIELD,390,,0.25,0.5,INELIGIBLE_UNKNOWN,STRATEGY_FILTER_NOT_MET NO_ENTRY,0,0,,,2026-05-19T18:56:26.125015Z:MSFT,0,REJECTED: ENTRY_OR_SOURCE_BLOCKED_BY_FUNNEL; source=ENTRY_OR_SOURCE_BLOCKED_BY_FUNNEL; rank_score=0.563636; liquidity_score=0.000000; diversification_score=1.000000; cooldown_score=1.000000; existing_position_penalty=0.000000; sector_cap_status=SOURCE_BLOCKED_SECTOR_UNAVAILABLE; matching_policy=EXACT_CANDIDATE_ID_ONLY_NO_SYMBOL_DATE_PRICE_TIME_FALLBACK
T601-3,decision-86f54f6e9ee24472,decision-86f54f6e9ee24472,MSFT,2026-05-19T18:57:34.960248Z,0.563636,0.0,1.0,1.0,0.0,0.913636,REJECTED,ENTRY_OR_SOURCE_BLOCKED_BY_FUNNEL,ENTRY_OR_SOURCE_BLOCKED_BY_FUNNEL,,SOURCE_BLOCKED_SECTOR_UNAVAILABLE,SOURCE_BLOCKED_NO_LIQUIDITY_FIELD,390,,0.25,0.5,INELIGIBLE_UNKNOWN,STRATEGY_FILTER_NOT_MET NO_ENTRY,0,0,,,2026-05-19T18:57:32.467799Z:MSFT,0,REJECTED: ENTRY_OR_SOURCE_BLOCKED_BY_FUNNEL; source=ENTRY_OR_SOURCE_BLOCKED_BY_FUNNEL; rank_score=0.563636; liquidity_score=0.000000; diversification_score=1.000000; cooldown_score=1.000000; existing_position_penalty=0.000000; sector_cap_status=SOURCE_BLOCKED_SECTOR_UNAVAILABLE; matching_policy=EXACT_CANDIDATE_ID_ONLY_NO_SYMBOL_DATE_PRICE_TIME_FALLBACK
T601-3,decision-62bc0b079bde45fa,decision-62bc0b079bde45fa,MSFT,2026-05-19T18:58:40.806330Z,0.563636,0.0,1.0,1.0,0.0,0.913636,REJECTED,ENTRY_OR_SOURCE_BLOCKED_BY_FUNNEL,ENTRY_OR_SOURCE_BLOCKED_BY_FUNNEL,,SOURCE_BLOCKED_SECTOR_UNAVAILABLE,SOURCE_BLOCKED_NO_LIQUIDITY_FIELD,390,,0.25,0.5,INELIGIBLE_UNKNOWN,STRATEGY_FILTER_NOT_MET NO_ENTRY,0,0,,,2026-05-19T18:58:38.297660Z:MSFT,0,REJECTED: ENTRY_OR_SOURCE_BLOCKED_BY_FUNNEL; source=ENTRY_OR_SOURCE_BLOCKED_BY_FUNNEL; rank_score=0.563636; liquidity_score=0.000000; diversification_score=1.000000; cooldown_score=1.000000; existing_position_penalty=0.000000; sector_cap_status=SOURCE_BLOCKED_SECTOR_UNAVAILABLE; matching_policy=EXACT_CANDIDATE_ID_ONLY_NO_SYMBOL_DATE_PRICE_TIME_FALLBACK
T601-3,decision-f3babced12664bc5,decision-f3babced12664bc5,MSFT,2026-05-19T18:59:47.199649Z,0.563636,0.0,1.0,1.0,0.0,0.913636,REJECTED,ENTRY_OR_SOURCE_BLOCKED_BY_FUNNEL,ENTRY_OR_SOURCE_BLOCKED_BY_FUNNEL,,SOURCE_BLOCKED_SECTOR_UNAVAILABLE,SOURCE_BLOCKED_NO_LIQUIDITY_FIELD,390,,0.25,0.5,INELIGIBLE_UNKNOWN,STRATEGY_FILTER_NOT_MET NO_ENTRY,0,0,,,2026-05-19T18:59:44.549996Z:MSFT,0,REJECTED: ENTRY_OR_SOURCE_BLOCKED_BY_FUNNEL; source=ENTRY_OR_SOURCE_BLOCKED_BY_FUNNEL; rank_score=0.563636; liquidity_score=0.000000; diversification_score=1.000000; cooldown_score=1.000000; existing_position_penalty=0.000000; sector_cap_status=SOURCE_BLOCKED_SECTOR_UNAVAILABLE; matching_policy=EXACT_CANDIDATE_ID_ONLY_NO_SYMBOL_DATE_PRICE_TIME_FALLBACK
T601-3,decision-d2ad0181a80e40f9,decision-d2ad0181a80e40f9,MSFT,2026-05-19T19:00:53.863979Z,0.563636,0.0,1.0,1.0,0.0,0.913636,REJECTED,ENTRY_OR_SOURCE_BLOCKED_BY_FUNNEL,ENTRY_OR_SOURCE_BLOCKED_BY_FUNNEL,,SOURCE_BLOCKED_SECTOR_UNAVAILABLE,SOURCE_BLOCKED_NO_LIQUIDITY_FIELD,390,,0.25,0.5,INELIGIBLE_UNKNOWN,STRATEGY_FILTER_NOT_MET NO_ENTRY,0,0,,,2026-05-19T19:00:51.284522Z:MSFT,0,REJECTED: ENTRY_OR_SOURCE_BLOCKED_BY_FUNNEL; source=ENTRY_OR_SOURCE_BLOCKED_BY_FUNNEL; rank_score=0.563636; liquidity_score=0.000000; diversification_score=1.000000; cooldown_score=1.000000; existing_position_penalty=0.000000; sector_cap_status=SOURCE_BLOCKED_SECTOR_UNAVAILABLE; matching_policy=EXACT_CANDIDATE_ID_ONLY_NO_SYMBOL_DATE_PRICE_TIME_FALLBACK
T601-3,decision-2ceddea7747048d6,decision-2ceddea7747048d6,MSFT,2026-05-19T19:02:00.614409Z,0.563636,0.0,1.0,1.0,0.0,0.913636,REJECTED,ENTRY_OR_SOURCE_BLOCKED_BY_FUNNEL,ENTRY_OR_SOURCE_BLOCKED_BY_FUNNEL,,SOURCE_BLOCKED_SECTOR_UNAVAILABLE,SOURCE_BLOCKED_NO_LIQUIDITY_FIELD,390,,0.25,0.5,INELIGIBLE_UNKNOWN,STRATEGY_FILTER_NOT_MET NO_ENTRY,0,0,,,2026-05-19T19:01:58.042830Z:MSFT,0,REJECTED: ENTRY_OR_SOURCE_BLOCKED_BY_FUNNEL; source=ENTRY_OR_SOURCE_BLOCKED_BY_FUNNEL; rank_score=0.563636; liquidity_score=0.000000; diversification_score=1.000000; cooldown_score=1.000000; existing_position_penalty=0.000000; sector_cap_status=SOURCE_BLOCKED_SECTOR_UNAVAILABLE; matching_policy=EXACT_CANDIDATE_ID_ONLY_NO_SYMBOL_DATE_PRICE_TIME_FALLBACK
T601-3,decision-57a66fc95c7641b7,decision-57a66fc95c7641b7,MSFT,2026-05-19T19:03:06.555508Z,0.563636,0.0,1.0,1.0,0.0,0.913636,REJECTED,ENTRY_OR_SOURCE_BLOCKED_BY_FUNNEL,ENTRY_OR_SOURCE_BLOCKED_BY_FUNNEL,,SOURCE_BLOCKED_SECTOR_UNAVAILABLE,SOURCE_BLOCKED_NO_LIQUIDITY_FIELD,390,,0.25,0.5,INELIGIBLE_UNKNOWN,STRATEGY_FILTER_NOT_MET NO_ENTRY,0,0,,,2026-05-19T19:03:04.004787Z:MSFT,0,REJECTED: ENTRY_OR_SOURCE_BLOCKED_BY_FUNNEL; source=ENTRY_OR_SOURCE_BLOCKED_BY_FUNNEL; rank_score=0.563636; liquidity_score=0.000000; diversification_score=1.000000; cooldown_score=1.000000; existing_position_penalty=0.000000; sector_cap_status=SOURCE_BLOCKED_SECTOR_UNAVAILABLE; matching_policy=EXACT_CANDIDATE_ID_ONLY_NO_SYMBOL_DATE_PRICE_TIME_FALLBACK
T601-3,decision-71e46e4ffd0744e0,decision-71e46e4ffd0744e0,MSFT,2026-05-19T19:04:13.268168Z,0.563636,0.0,1.0,1.0,0.0,0.913636,REJECTED,ENTRY_OR_SOURCE_BLOCKED_BY_FUNNEL,ENTRY_OR_SOURCE_BLOCKED_BY_FUNNEL,,SOURCE_BLOCKED_SECTOR_UNAVAILABLE,SOURCE_BLOCKED_NO_LIQUIDITY_FIELD,390,,0.25,0.5,INELIGIBLE_UNKNOWN,STRATEGY_FILTER_NOT_MET NO_ENTRY,0,0,,,2026-05-19T19:04:10.684085Z:MSFT,0,REJECTED: ENTRY_OR_SOURCE_BLOCKED_BY_FUNNEL; source=ENTRY_OR_SOURCE_BLOCKED_BY_FUNNEL; rank_score=0.563636; liquidity_score=0.000000; diversification_score=1.000000; cooldown_score=1.000000; existing_position_penalty=0.000000; sector_cap_status=SOURCE_BLOCKED_SECTOR_UNAVAILABLE; matching_policy=EXACT_CANDIDATE_ID_ONLY_NO_SYMBOL_DATE_PRICE_TIME_FALLBACK
T601-3,decision-581069c83dac4f27,decision-581069c83dac4f27,MSFT,2026-05-19T19:05:19.250135Z,0.563636,0.0,1.0,1.0,0.0,0.913636,REJECTED,ENTRY_OR_SOURCE_BLOCKED_BY_FUNNEL,ENTRY_OR_SOURCE_BLOCKED_BY_FUNNEL,,SOURCE_BLOCKED_SECTOR_UNAVAILABLE,SOURCE_BLOCKED_NO_LIQUIDITY_FIELD,390,,0.25,0.5,INELIGIBLE_UNKNOWN,STRATEGY_FILTER_NOT_MET NO_ENTRY,0,0,,,2026-05-19T19:05:16.603568Z:MSFT,0,REJECTED: ENTRY_OR_SOURCE_BLOCKED_BY_FUNNEL; source=ENTRY_OR_SOURCE_BLOCKED_BY_FUNNEL; rank_score=0.563636; liquidity_score=0.000000; diversification_score=1.000000; cooldown_score=1.000000; existing_position_penalty=0.000000; sector_cap_status=SOURCE_BLOCKED_SECTOR_UNAVAILABLE; matching_policy=EXACT_CANDIDATE_ID_ONLY_NO_SYMBOL_DATE_PRICE_TIME_FALLBACK
T601-3,decision-94442cfad5104f96,decision-94442cfad5104f96,MSFT,2026-05-19T19:06:26.520670Z,0.563636,0.0,1.0,1.0,0.0,0.913636,REJECTED,ENTRY_OR_SOURCE_BLOCKED_BY_FUNNEL,ENTRY_OR_SOURCE_BLOCKED_BY_FUNNEL,,SOURCE_BLOCKED_SECTOR_UNAVAILABLE,SOURCE_BLOCKED_NO_LIQUIDITY_FIELD,390,,0.25,0.5,INELIGIBLE_UNKNOWN,STRATEGY_FILTER_NOT_MET NO_ENTRY,0,0,,,2026-05-19T19:06:23.683889Z:MSFT,0,REJECTED: ENTRY_OR_SOURCE_BLOCKED_BY_FUNNEL; source=ENTRY_OR_SOURCE_BLOCKED_BY_FUNNEL; rank_score=0.563636; liquidity_score=0.000000; diversification_score=1.000000; cooldown_score=1.000000; existing_position_penalty=0.000000; sector_cap_status=SOURCE_BLOCKED_SECTOR_UNAVAILABLE; matching_policy=EXACT_CANDIDATE_ID_ONLY_NO_SYMBOL_DATE_PRICE_TIME_FALLBACK
T601-3,decision-11d6e57cd5cd4ed7,decision-11d6e57cd5cd4ed7,MSFT,2026-05-19T19:07:32.802469Z,0.563636,0.0,1.0,1.0,0.0,0.913636,REJECTED,ENTRY_OR_SOURCE_BLOCKED_BY_FUNNEL,ENTRY_OR_SOURCE_BLOCKED_BY_FUNNEL,,SOURCE_BLOCKED_SECTOR_UNAVAILABLE,SOURCE_BLOCKED_NO_LIQUIDITY_FIELD,390,,0.25,0.5,INELIGIBLE_UNKNOWN,STRATEGY_FILTER_NOT_MET NO_ENTRY,0,0,,,2026-05-19T19:07:30.236606Z:MSFT,0,REJECTED: ENTRY_OR_SOURCE_BLOCKED_BY_FUNNEL; source=ENTRY_OR_SOURCE_BLOCKED_BY_FUNNEL; rank_score=0.563636; liquidity_score=0.000000; diversification_score=1.000000; cooldown_score=1.000000; existing_position_penalty=0.000000; sector_cap_status=SOURCE_BLOCKED_SECTOR_UNAVAILABLE; matching_policy=EXACT_CANDIDATE_ID_ONLY_NO_SYMBOL_DATE_PRICE_TIME_FALLBACK
T601-3,decision-81933940c61d4c02,decision-81933940c61d4c02,MSFT,2026-05-19T19:08:39.117399Z,0.563636,0.0,1.0,1.0,0.0,0.913636,REJECTED,ENTRY_OR_SOURCE_BLOCKED_BY_FUNNEL,ENTRY_OR_SOURCE_BLOCKED_BY_FUNNEL,,SOURCE_BLOCKED_SECTOR_UNAVAILABLE,SOURCE_BLOCKED_NO_LIQUIDITY_FIELD,390,,0.25,0.5,INELIGIBLE_UNKNOWN,STRATEGY_FILTER_NOT_MET NO_ENTRY,0,0,,,2026-05-19T19:08:36.635033Z:MSFT,0,REJECTED: ENTRY_OR_SOURCE_BLOCKED_BY_FUNNEL; source=ENTRY_OR_SOURCE_BLOCKED_BY_FUNNEL; rank_score=0.563636; liquidity_score=0.000000; diversification_score=1.000000; cooldown_score=1.000000; existing_position_penalty=0.000000; sector_cap_status=SOURCE_BLOCKED_SECTOR_UNAVAILABLE; matching_policy=EXACT_CANDIDATE_ID_ONLY_NO_SYMBOL_DATE_PRICE_TIME_FALLBACK
T601-3,decision-a0143f10b8184ddc,decision-a0143f10b8184ddc,MSFT,2026-05-19T19:09:45.013509Z,0.563636,0.0,1.0,1.0,0.0,0.913636,REJECTED,ENTRY_OR_SOURCE_BLOCKED_BY_FUNNEL,ENTRY_OR_SOURCE_BLOCKED_BY_FUNNEL,,SOURCE_BLOCKED_SECTOR_UNAVAILABLE,SOURCE_BLOCKED_NO_LIQUIDITY_FIELD,390,,0.25,0.5,INELIGIBLE_UNKNOWN,STRATEGY_FILTER_NOT_MET NO_ENTRY,0,0,,,2026-05-19T19:09:42.475631Z:MSFT,0,REJECTED: ENTRY_OR_SOURCE_BLOCKED_BY_FUNNEL; source=ENTRY_OR_SOURCE_BLOCKED_BY_FUNNEL; rank_score=0.563636; liquidity_score=0.000000; diversification_score=1.000000; cooldown_score=1.000000; existing_position_penalty=0.000000; sector_cap_status=SOURCE_BLOCKED_SECTOR_UNAVAILABLE; matching_policy=EXACT_CANDIDATE_ID_ONLY_NO_SYMBOL_DATE_PRICE_TIME_FALLBACK
T601-3,decision-1c8db0bcd11841cb,decision-1c8db0bcd11841cb,MSFT,2026-05-19T19:10:51.328037Z,0.563636,0.0,1.0,1.0,0.0,0.913636,REJECTED,ENTRY_OR_SOURCE_BLOCKED_BY_FUNNEL,ENTRY_OR_SOURCE_BLOCKED_BY_FUNNEL,,SOURCE_BLOCKED_SECTOR_UNAVAILABLE,SOURCE_BLOCKED_NO_LIQUIDITY_FIELD,390,,0.25,0.5,INELIGIBLE_UNKNOWN,STRATEGY_FILTER_NOT_MET NO_ENTRY,0,0,,,2026-05-19T19:10:48.740136Z:MSFT,0,REJECTED: ENTRY_OR_SOURCE_BLOCKED_BY_FUNNEL; source=ENTRY_OR_SOURCE_BLOCKED_BY_FUNNEL; rank_score=0.563636; liquidity_score=0.000000; diversification_score=1.000000; cooldown_score=1.000000; existing_position_penalty=0.000000; sector_cap_status=SOURCE_BLOCKED_SECTOR_UNAVAILABLE; matching_policy=EXACT_CANDIDATE_ID_ONLY_NO_SYMBOL_DATE_PRICE_TIME_FALLBACK
T601-3,decision-582a6d07cb7b4d4d,decision-582a6d07cb7b4d4d,MSFT,2026-05-19T19:11:57.620963Z,0.563636,0.0,1.0,1.0,0.0,0.913636,REJECTED,ENTRY_OR_SOURCE_BLOCKED_BY_FUNNEL,ENTRY_OR_SOURCE_BLOCKED_BY_FUNNEL,,SOURCE_BLOCKED_SECTOR_UNAVAILABLE,SOURCE_BLOCKED_NO_LIQUIDITY_FIELD,390,,0.25,0.5,INELIGIBLE_UNKNOWN,STRATEGY_FILTER_NOT_MET NO_ENTRY,0,0,,,2026-05-19T19:11:55.055722Z:MSFT,0,REJECTED: ENTRY_OR_SOURCE_BLOCKED_BY_FUNNEL; source=ENTRY_OR_SOURCE_BLOCKED_BY_FUNNEL; rank_score=0.563636; liquidity_score=0.000000; diversification_score=1.000000; cooldown_score=1.000000; existing_position_penalty=0.000000; sector_cap_status=SOURCE_BLOCKED_SECTOR_UNAVAILABLE; matching_policy=EXACT_CANDIDATE_ID_ONLY_NO_SYMBOL_DATE_PRICE_TIME_FALLBACK
T601-3,decision-455e3d122d9a4790,decision-455e3d122d9a4790,MSFT,2026-05-19T19:13:03.900207Z,0.563636,0.0,1.0,1.0,0.0,0.913636,REJECTED,ENTRY_OR_SOURCE_BLOCKED_BY_FUNNEL,ENTRY_OR_SOURCE_BLOCKED_BY_FUNNEL,,SOURCE_BLOCKED_SECTOR_UNAVAILABLE,SOURCE_BLOCKED_NO_LIQUIDITY_FIELD,390,,0.25,0.5,INELIGIBLE_UNKNOWN,STRATEGY_FILTER_NOT_MET NO_ENTRY,0,0,,,2026-05-19T19:13:01.333312Z:MSFT,0,REJECTED: ENTRY_OR_SOURCE_BLOCKED_BY_FUNNEL; source=ENTRY_OR_SOURCE_BLOCKED_BY_FUNNEL; rank_score=0.563636; liquidity_score=0.000000; diversification_score=1.000000; cooldown_score=1.000000; existing_position_penalty=0.000000; sector_cap_status=SOURCE_BLOCKED_SECTOR_UNAVAILABLE; matching_policy=EXACT_CANDIDATE_ID_ONLY_NO_SYMBOL_DATE_PRICE_TIME_FALLBACK
T601-3,decision-b211aedb289c4f7c,decision-b211aedb289c4f7c,MSFT,2026-05-19T19:14:10.444321Z,0.563636,0.0,1.0,1.0,0.0,0.913636,REJECTED,ENTRY_OR_SOURCE_BLOCKED_BY_FUNNEL,ENTRY_OR_SOURCE_BLOCKED_BY_FUNNEL,,SOURCE_BLOCKED_SECTOR_UNAVAILABLE,SOURCE_BLOCKED_NO_LIQUIDITY_FIELD,390,,0.25,0.5,INELIGIBLE_UNKNOWN,STRATEGY_FILTER_NOT_MET NO_ENTRY,0,0,,,2026-05-19T19:14:08.077716Z:MSFT,0,REJECTED: ENTRY_OR_SOURCE_BLOCKED_BY_FUNNEL; source=ENTRY_OR_SOURCE_BLOCKED_BY_FUNNEL; rank_score=0.563636; liquidity_score=0.000000; diversification_score=1.000000; cooldown_score=1.000000; existing_position_penalty=0.000000; sector_cap_status=SOURCE_BLOCKED_SECTOR_UNAVAILABLE; matching_policy=EXACT_CANDIDATE_ID_ONLY_NO_SYMBOL_DATE_PRICE_TIME_FALLBACK
T601-3,decision-44afdd13786b4348,decision-44afdd13786b4348,MSFT,2026-05-19T19:15:17.160418Z,0.563636,0.0,1.0,1.0,0.0,0.913636,REJECTED,ENTRY_OR_SOURCE_BLOCKED_BY_FUNNEL,ENTRY_OR_SOURCE_BLOCKED_BY_FUNNEL,,SOURCE_BLOCKED_SECTOR_UNAVAILABLE,SOURCE_BLOCKED_NO_LIQUIDITY_FIELD,390,,0.25,0.5,INELIGIBLE_UNKNOWN,STRATEGY_FILTER_NOT_MET NO_ENTRY,0,0,,,2026-05-19T19:15:14.548813Z:MSFT,0,REJECTED: ENTRY_OR_SOURCE_BLOCKED_BY_FUNNEL; source=ENTRY_OR_SOURCE_BLOCKED_BY_FUNNEL; rank_score=0.563636; liquidity_score=0.000000; diversification_score=1.000000; cooldown_score=1.000000; existing_position_penalty=0.000000; sector_cap_status=SOURCE_BLOCKED_SECTOR_UNAVAILABLE; matching_policy=EXACT_CANDIDATE_ID_ONLY_NO_SYMBOL_DATE_PRICE_TIME_FALLBACK
T601-3,decision-d357122f06a7487c,decision-d357122f06a7487c,MSFT,2026-05-19T19:16:24.068828Z,0.563636,0.0,1.0,1.0,0.0,0.913636,REJECTED,ENTRY_OR_SOURCE_BLOCKED_BY_FUNNEL,ENTRY_OR_SOURCE_BLOCKED_BY_FUNNEL,,SOURCE_BLOCKED_SECTOR_UNAVAILABLE,SOURCE_BLOCKED_NO_LIQUIDITY_FIELD,390,,0.25,0.5,INELIGIBLE_UNKNOWN,STRATEGY_FILTER_NOT_MET NO_ENTRY,0,0,,,2026-05-19T19:16:21.292935Z:MSFT,0,REJECTED: ENTRY_OR_SOURCE_BLOCKED_BY_FUNNEL; source=ENTRY_OR_SOURCE_BLOCKED_BY_FUNNEL; rank_score=0.563636; liquidity_score=0.000000; diversification_score=1.000000; cooldown_score=1.000000; existing_position_penalty=0.000000; sector_cap_status=SOURCE_BLOCKED_SECTOR_UNAVAILABLE; matching_policy=EXACT_CANDIDATE_ID_ONLY_NO_SYMBOL_DATE_PRICE_TIME_FALLBACK
T601-3,decision-082f31c29cec4b0b,decision-082f31c29cec4b0b,MSFT,2026-05-19T19:17:30.817997Z,0.563636,0.0,1.0,1.0,0.0,0.913636,REJECTED,ENTRY_OR_SOURCE_BLOCKED_BY_FUNNEL,ENTRY_OR_SOURCE_BLOCKED_BY_FUNNEL,,SOURCE_BLOCKED_SECTOR_UNAVAILABLE,SOURCE_BLOCKED_NO_LIQUIDITY_FIELD,390,,0.25,0.5,INELIGIBLE_UNKNOWN,STRATEGY_FILTER_NOT_MET NO_ENTRY,0,0,,,2026-05-19T19:17:28.216663Z:MSFT,0,REJECTED: ENTRY_OR_SOURCE_BLOCKED_BY_FUNNEL; source=ENTRY_OR_SOURCE_BLOCKED_BY_FUNNEL; rank_score=0.563636; liquidity_score=0.000000; diversification_score=1.000000; cooldown_score=1.000000; existing_position_penalty=0.000000; sector_cap_status=SOURCE_BLOCKED_SECTOR_UNAVAILABLE; matching_policy=EXACT_CANDIDATE_ID_ONLY_NO_SYMBOL_DATE_PRICE_TIME_FALLBACK
T601-3,decision-62fa3a42be0e4019,decision-62fa3a42be0e4019,MSFT,2026-05-19T19:18:37.643684Z,0.563636,0.0,1.0,1.0,0.0,0.913636,REJECTED,ENTRY_OR_SOURCE_BLOCKED_BY_FUNNEL,ENTRY_OR_SOURCE_BLOCKED_BY_FUNNEL,,SOURCE_BLOCKED_SECTOR_UNAVAILABLE,SOURCE_BLOCKED_NO_LIQUIDITY_FIELD,390,,0.25,0.5,INELIGIBLE_UNKNOWN,STRATEGY_FILTER_NOT_MET NO_ENTRY,0,0,,,2026-05-19T19:18:35.097481Z:MSFT,0,REJECTED: ENTRY_OR_SOURCE_BLOCKED_BY_FUNNEL; source=ENTRY_OR_SOURCE_BLOCKED_BY_FUNNEL; rank_score=0.563636; liquidity_score=0.000000; diversification_score=1.000000; cooldown_score=1.000000; existing_position_penalty=0.000000; sector_cap_status=SOURCE_BLOCKED_SECTOR_UNAVAILABLE; matching_policy=EXACT_CANDIDATE_ID_ONLY_NO_SYMBOL_DATE_PRICE_TIME_FALLBACK
T601-3,decision-aa1bb47f3c13494d,decision-aa1bb47f3c13494d,MSFT,2026-05-19T19:19:44.131857Z,0.563636,0.0,1.0,1.0,0.0,0.913636,REJECTED,ENTRY_OR_SOURCE_BLOCKED_BY_FUNNEL,ENTRY_OR_SOURCE_BLOCKED_BY_FUNNEL,,SOURCE_BLOCKED_SECTOR_UNAVAILABLE,SOURCE_BLOCKED_NO_LIQUIDITY_FIELD,390,,0.25,0.5,INELIGIBLE_UNKNOWN,STRATEGY_FILTER_NOT_MET NO_ENTRY,0,0,,,2026-05-19T19:19:41.517230Z:MSFT,0,REJECTED: ENTRY_OR_SOURCE_BLOCKED_BY_FUNNEL; source=ENTRY_OR_SOURCE_BLOCKED_BY_FUNNEL; rank_score=0.563636; liquidity_score=0.000000; diversification_score=1.000000; cooldown_score=1.000000; existing_position_penalty=0.000000; sector_cap_status=SOURCE_BLOCKED_SECTOR_UNAVAILABLE; matching_policy=EXACT_CANDIDATE_ID_ONLY_NO_SYMBOL_DATE_PRICE_TIME_FALLBACK
T601-3,decision-fd50c6b7b0464f15,decision-fd50c6b7b0464f15,MSFT,2026-05-19T19:20:50.901412Z,0.563636,0.0,1.0,1.0,0.0,0.913636,REJECTED,ENTRY_OR_SOURCE_BLOCKED_BY_FUNNEL,ENTRY_OR_SOURCE_BLOCKED_BY_FUNNEL,,SOURCE_BLOCKED_SECTOR_UNAVAILABLE,SOURCE_BLOCKED_NO_LIQUIDITY_FIELD,390,,0.25,0.5,INELIGIBLE_UNKNOWN,STRATEGY_FILTER_NOT_MET NO_ENTRY,0,0,,,2026-05-19T19:20:48.193106Z:MSFT,0,REJECTED: ENTRY_OR_SOURCE_BLOCKED_BY_FUNNEL; source=ENTRY_OR_SOURCE_BLOCKED_BY_FUNNEL; rank_score=0.563636; liquidity_score=0.000000; diversification_score=1.000000; cooldown_score=1.000000; existing_position_penalty=0.000000; sector_cap_status=SOURCE_BLOCKED_SECTOR_UNAVAILABLE; matching_policy=EXACT_CANDIDATE_ID_ONLY_NO_SYMBOL_DATE_PRICE_TIME_FALLBACK
T601-3,decision-3542697dc1594aa5,decision-3542697dc1594aa5,MSFT,2026-05-19T19:21:56.875050Z,0.563636,0.0,1.0,1.0,0.0,0.913636,REJECTED,ENTRY_OR_SOURCE_BLOCKED_BY_FUNNEL,ENTRY_OR_SOURCE_BLOCKED_BY_FUNNEL,,SOURCE_BLOCKED_SECTOR_UNAVAILABLE,SOURCE_BLOCKED_NO_LIQUIDITY_FIELD,390,,0.25,0.5,INELIGIBLE_UNKNOWN,STRATEGY_FILTER_NOT_MET NO_ENTRY,0,0,,,2026-05-19T19:21:54.216848Z:MSFT,0,REJECTED: ENTRY_OR_SOURCE_BLOCKED_BY_FUNNEL; source=ENTRY_OR_SOURCE_BLOCKED_BY_FUNNEL; rank_score=0.563636; liquidity_score=0.000000; diversification_score=1.000000; cooldown_score=1.000000; existing_position_penalty=0.000000; sector_cap_status=SOURCE_BLOCKED_SECTOR_UNAVAILABLE; matching_policy=EXACT_CANDIDATE_ID_ONLY_NO_SYMBOL_DATE_PRICE_TIME_FALLBACK
T601-3,decision-35452732f96b40d2,decision-35452732f96b40d2,MSFT,2026-05-19T19:23:02.969497Z,0.563636,0.0,1.0,1.0,0.0,0.913636,REJECTED,ENTRY_OR_SOURCE_BLOCKED_BY_FUNNEL,ENTRY_OR_SOURCE_BLOCKED_BY_FUNNEL,,SOURCE_BLOCKED_SECTOR_UNAVAILABLE,SOURCE_BLOCKED_NO_LIQUIDITY_FIELD,390,,0.25,0.5,INELIGIBLE_UNKNOWN,STRATEGY_FILTER_NOT_MET NO_ENTRY,0,0,,,2026-05-19T19:23:00.237253Z:MSFT,0,REJECTED: ENTRY_OR_SOURCE_BLOCKED_BY_FUNNEL; source=ENTRY_OR_SOURCE_BLOCKED_BY_FUNNEL; rank_score=0.563636; liquidity_score=0.000000; diversification_score=1.000000; cooldown_score=1.000000; existing_position_penalty=0.000000; sector_cap_status=SOURCE_BLOCKED_SECTOR_UNAVAILABLE; matching_policy=EXACT_CANDIDATE_ID_ONLY_NO_SYMBOL_DATE_PRICE_TIME_FALLBACK
T601-3,decision-fc5691b30da84b86,decision-fc5691b30da84b86,MSFT,2026-05-19T19:24:08.899644Z,0.563636,0.0,1.0,1.0,0.0,0.913636,REJECTED,ENTRY_OR_SOURCE_BLOCKED_BY_FUNNEL,ENTRY_OR_SOURCE_BLOCKED_BY_FUNNEL,,SOURCE_BLOCKED_SECTOR_UNAVAILABLE,SOURCE_BLOCKED_NO_LIQUIDITY_FIELD,390,,0.25,0.5,INELIGIBLE_UNKNOWN,STRATEGY_FILTER_NOT_MET NO_ENTRY,0,0,,,2026-05-19T19:24:06.303018Z:MSFT,0,REJECTED: ENTRY_OR_SOURCE_BLOCKED_BY_FUNNEL; source=ENTRY_OR_SOURCE_BLOCKED_BY_FUNNEL; rank_score=0.563636; liquidity_score=0.000000; diversification_score=1.000000; cooldown_score=1.000000; existing_position_penalty=0.000000; sector_cap_status=SOURCE_BLOCKED_SECTOR_UNAVAILABLE; matching_policy=EXACT_CANDIDATE_ID_ONLY_NO_SYMBOL_DATE_PRICE_TIME_FALLBACK
T601-3,decision-95925f676df342d5,decision-95925f676df342d5,MSFT,2026-05-19T19:25:15.732781Z,0.563636,0.0,1.0,1.0,0.0,0.913636,REJECTED,ENTRY_OR_SOURCE_BLOCKED_BY_FUNNEL,ENTRY_OR_SOURCE_BLOCKED_BY_FUNNEL,,SOURCE_BLOCKED_SECTOR_UNAVAILABLE,SOURCE_BLOCKED_NO_LIQUIDITY_FIELD,390,,0.25,0.5,INELIGIBLE_UNKNOWN,STRATEGY_FILTER_NOT_MET NO_ENTRY,0,0,,,2026-05-19T19:25:13.064673Z:MSFT,0,REJECTED: ENTRY_OR_SOURCE_BLOCKED_BY_FUNNEL; source=ENTRY_OR_SOURCE_BLOCKED_BY_FUNNEL; rank_score=0.563636; liquidity_score=0.000000; diversification_score=1.000000; cooldown_score=1.000000; existing_position_penalty=0.000000; sector_cap_status=SOURCE_BLOCKED_SECTOR_UNAVAILABLE; matching_policy=EXACT_CANDIDATE_ID_ONLY_NO_SYMBOL_DATE_PRICE_TIME_FALLBACK
T601-3,decision-50bc066143fa4101,decision-50bc066143fa4101,MSFT,2026-05-19T19:26:22.155691Z,0.563636,0.0,1.0,1.0,0.0,0.913636,REJECTED,ENTRY_OR_SOURCE_BLOCKED_BY_FUNNEL,ENTRY_OR_SOURCE_BLOCKED_BY_FUNNEL,,SOURCE_BLOCKED_SECTOR_UNAVAILABLE,SOURCE_BLOCKED_NO_LIQUIDITY_FIELD,390,,0.25,0.5,INELIGIBLE_UNKNOWN,STRATEGY_FILTER_NOT_MET NO_ENTRY,0,0,,,2026-05-19T19:26:19.485670Z:MSFT,0,REJECTED: ENTRY_OR_SOURCE_BLOCKED_BY_FUNNEL; source=ENTRY_OR_SOURCE_BLOCKED_BY_FUNNEL; rank_score=0.563636; liquidity_score=0.000000; diversification_score=1.000000; cooldown_score=1.000000; existing_position_penalty=0.000000; sector_cap_status=SOURCE_BLOCKED_SECTOR_UNAVAILABLE; matching_policy=EXACT_CANDIDATE_ID_ONLY_NO_SYMBOL_DATE_PRICE_TIME_FALLBACK
T601-3,decision-fee3a95c8dd94ceb,decision-fee3a95c8dd94ceb,MSFT,2026-05-19T19:27:28.879029Z,0.563636,0.0,1.0,1.0,0.0,0.913636,REJECTED,ENTRY_OR_SOURCE_BLOCKED_BY_FUNNEL,ENTRY_OR_SOURCE_BLOCKED_BY_FUNNEL,,SOURCE_BLOCKED_SECTOR_UNAVAILABLE,SOURCE_BLOCKED_NO_LIQUIDITY_FIELD,390,,0.25,0.5,INELIGIBLE_UNKNOWN,STRATEGY_FILTER_NOT_MET NO_ENTRY,0,0,,,2026-05-19T19:27:26.358625Z:MSFT,0,REJECTED: ENTRY_OR_SOURCE_BLOCKED_BY_FUNNEL; source=ENTRY_OR_SOURCE_BLOCKED_BY_FUNNEL; rank_score=0.563636; liquidity_score=0.000000; diversification_score=1.000000; cooldown_score=1.000000; existing_position_penalty=0.000000; sector_cap_status=SOURCE_BLOCKED_SECTOR_UNAVAILABLE; matching_policy=EXACT_CANDIDATE_ID_ONLY_NO_SYMBOL_DATE_PRICE_TIME_FALLBACK
T601-3,decision-c476084fbfe64abd,decision-c476084fbfe64abd,MSFT,2026-05-19T19:28:35.158715Z,0.563636,0.0,1.0,1.0,0.0,0.913636,REJECTED,ENTRY_OR_SOURCE_BLOCKED_BY_FUNNEL,ENTRY_OR_SOURCE_BLOCKED_BY_FUNNEL,,SOURCE_BLOCKED_SECTOR_UNAVAILABLE,SOURCE_BLOCKED_NO_LIQUIDITY_FIELD,390,,0.25,0.5,INELIGIBLE_UNKNOWN,STRATEGY_FILTER_NOT_MET NO_ENTRY,0,0,,,2026-05-19T19:28:32.509924Z:MSFT,0,REJECTED: ENTRY_OR_SOURCE_BLOCKED_BY_FUNNEL; source=ENTRY_OR_SOURCE_BLOCKED_BY_FUNNEL; rank_score=0.563636; liquidity_score=0.000000; diversification_score=1.000000; cooldown_score=1.000000; existing_position_penalty=0.000000; sector_cap_status=SOURCE_BLOCKED_SECTOR_UNAVAILABLE; matching_policy=EXACT_CANDIDATE_ID_ONLY_NO_SYMBOL_DATE_PRICE_TIME_FALLBACK
T601-3,decision-37c480c1ec3f4f0e,decision-37c480c1ec3f4f0e,MSFT,2026-05-19T19:29:41.395682Z,0.563636,0.0,1.0,1.0,0.0,0.913636,REJECTED,ENTRY_OR_SOURCE_BLOCKED_BY_FUNNEL,ENTRY_OR_SOURCE_BLOCKED_BY_FUNNEL,,SOURCE_BLOCKED_SECTOR_UNAVAILABLE,SOURCE_BLOCKED_NO_LIQUIDITY_FIELD,390,,0.25,0.5,INELIGIBLE_UNKNOWN,STRATEGY_FILTER_NOT_MET NO_ENTRY,0,0,,,2026-05-19T19:29:38.891764Z:MSFT,0,REJECTED: ENTRY_OR_SOURCE_BLOCKED_BY_FUNNEL; source=ENTRY_OR_SOURCE_BLOCKED_BY_FUNNEL; rank_score=0.563636; liquidity_score=0.000000; diversification_score=1.000000; cooldown_score=1.000000; existing_position_penalty=0.000000; sector_cap_status=SOURCE_BLOCKED_SECTOR_UNAVAILABLE; matching_policy=EXACT_CANDIDATE_ID_ONLY_NO_SYMBOL_DATE_PRICE_TIME_FALLBACK
T601-3,decision-c8796779c7a54cd3,decision-c8796779c7a54cd3,MSFT,2026-05-19T19:30:47.638189Z,0.563636,0.0,1.0,1.0,0.0,0.913636,REJECTED,ENTRY_OR_SOURCE_BLOCKED_BY_FUNNEL,ENTRY_OR_SOURCE_BLOCKED_BY_FUNNEL,,SOURCE_BLOCKED_SECTOR_UNAVAILABLE,SOURCE_BLOCKED_NO_LIQUIDITY_FIELD,390,,0.25,0.5,INELIGIBLE_UNKNOWN,STRATEGY_FILTER_NOT_MET NO_ENTRY,0,0,,,2026-05-19T19:30:45.162643Z:MSFT,0,REJECTED: ENTRY_OR_SOURCE_BLOCKED_BY_FUNNEL; source=ENTRY_OR_SOURCE_BLOCKED_BY_FUNNEL; rank_score=0.563636; liquidity_score=0.000000; diversification_score=1.000000; cooldown_score=1.000000; existing_position_penalty=0.000000; sector_cap_status=SOURCE_BLOCKED_SECTOR_UNAVAILABLE; matching_policy=EXACT_CANDIDATE_ID_ONLY_NO_SYMBOL_DATE_PRICE_TIME_FALLBACK
T601-3,decision-1ad0ac63f3834704,decision-1ad0ac63f3834704,MSFT,2026-05-19T19:31:53.906401Z,0.563636,0.0,1.0,1.0,0.0,0.913636,REJECTED,ENTRY_OR_SOURCE_BLOCKED_BY_FUNNEL,ENTRY_OR_SOURCE_BLOCKED_BY_FUNNEL,,SOURCE_BLOCKED_SECTOR_UNAVAILABLE,SOURCE_BLOCKED_NO_LIQUIDITY_FIELD,390,,0.25,0.5,INELIGIBLE_UNKNOWN,STRATEGY_FILTER_NOT_MET NO_ENTRY,0,0,,,2026-05-19T19:31:51.375026Z:MSFT,0,REJECTED: ENTRY_OR_SOURCE_BLOCKED_BY_FUNNEL; source=ENTRY_OR_SOURCE_BLOCKED_BY_FUNNEL; rank_score=0.563636; liquidity_score=0.000000; diversification_score=1.000000; cooldown_score=1.000000; existing_position_penalty=0.000000; sector_cap_status=SOURCE_BLOCKED_SECTOR_UNAVAILABLE; matching_policy=EXACT_CANDIDATE_ID_ONLY_NO_SYMBOL_DATE_PRICE_TIME_FALLBACK
T601-3,decision-451b29158c90426e,decision-451b29158c90426e,MSFT,2026-05-19T19:33:00.656112Z,0.563636,0.0,1.0,1.0,0.0,0.913636,REJECTED,ENTRY_OR_SOURCE_BLOCKED_BY_FUNNEL,ENTRY_OR_SOURCE_BLOCKED_BY_FUNNEL,,SOURCE_BLOCKED_SECTOR_UNAVAILABLE,SOURCE_BLOCKED_NO_LIQUIDITY_FIELD,390,,0.25,0.5,INELIGIBLE_UNKNOWN,STRATEGY_FILTER_NOT_MET NO_ENTRY,0,0,,,2026-05-19T19:32:58.046929Z:MSFT,0,REJECTED: ENTRY_OR_SOURCE_BLOCKED_BY_FUNNEL; source=ENTRY_OR_SOURCE_BLOCKED_BY_FUNNEL; rank_score=0.563636; liquidity_score=0.000000; diversification_score=1.000000; cooldown_score=1.000000; existing_position_penalty=0.000000; sector_cap_status=SOURCE_BLOCKED_SECTOR_UNAVAILABLE; matching_policy=EXACT_CANDIDATE_ID_ONLY_NO_SYMBOL_DATE_PRICE_TIME_FALLBACK
T601-3,decision-25af457b860142e1,decision-25af457b860142e1,MSFT,2026-05-19T19:34:06.601858Z,0.563636,0.0,1.0,1.0,0.0,0.913636,REJECTED,ENTRY_OR_SOURCE_BLOCKED_BY_FUNNEL,ENTRY_OR_SOURCE_BLOCKED_BY_FUNNEL,,SOURCE_BLOCKED_SECTOR_UNAVAILABLE,SOURCE_BLOCKED_NO_LIQUIDITY_FIELD,390,,0.25,0.5,INELIGIBLE_UNKNOWN,STRATEGY_FILTER_NOT_MET NO_ENTRY,0,0,,,2026-05-19T19:34:03.962401Z:MSFT,0,REJECTED: ENTRY_OR_SOURCE_BLOCKED_BY_FUNNEL; source=ENTRY_OR_SOURCE_BLOCKED_BY_FUNNEL; rank_score=0.563636; liquidity_score=0.000000; diversification_score=1.000000; cooldown_score=1.000000; existing_position_penalty=0.000000; sector_cap_status=SOURCE_BLOCKED_SECTOR_UNAVAILABLE; matching_policy=EXACT_CANDIDATE_ID_ONLY_NO_SYMBOL_DATE_PRICE_TIME_FALLBACK
T601-3,decision-c32584ce9e7c4fc7,decision-c32584ce9e7c4fc7,MSFT,2026-05-19T19:35:13.768802Z,0.563636,0.0,1.0,1.0,0.0,0.913636,REJECTED,ENTRY_OR_SOURCE_BLOCKED_BY_FUNNEL,ENTRY_OR_SOURCE_BLOCKED_BY_FUNNEL,,SOURCE_BLOCKED_SECTOR_UNAVAILABLE,SOURCE_BLOCKED_NO_LIQUIDITY_FIELD,390,,0.25,0.5,INELIGIBLE_UNKNOWN,STRATEGY_FILTER_NOT_MET NO_ENTRY,0,0,,,2026-05-19T19:35:11.105695Z:MSFT,0,REJECTED: ENTRY_OR_SOURCE_BLOCKED_BY_FUNNEL; source=ENTRY_OR_SOURCE_BLOCKED_BY_FUNNEL; rank_score=0.563636; liquidity_score=0.000000; diversification_score=1.000000; cooldown_score=1.000000; existing_position_penalty=0.000000; sector_cap_status=SOURCE_BLOCKED_SECTOR_UNAVAILABLE; matching_policy=EXACT_CANDIDATE_ID_ONLY_NO_SYMBOL_DATE_PRICE_TIME_FALLBACK
T601-3,decision-29cdad8eb9ea4744,decision-29cdad8eb9ea4744,MSFT,2026-05-19T19:36:20.114462Z,0.563636,0.0,1.0,1.0,0.0,0.913636,REJECTED,ENTRY_OR_SOURCE_BLOCKED_BY_FUNNEL,ENTRY_OR_SOURCE_BLOCKED_BY_FUNNEL,,SOURCE_BLOCKED_SECTOR_UNAVAILABLE,SOURCE_BLOCKED_NO_LIQUIDITY_FIELD,390,,0.25,0.5,INELIGIBLE_UNKNOWN,STRATEGY_FILTER_NOT_MET NO_ENTRY,0,0,,,2026-05-19T19:36:17.481725Z:MSFT,0,REJECTED: ENTRY_OR_SOURCE_BLOCKED_BY_FUNNEL; source=ENTRY_OR_SOURCE_BLOCKED_BY_FUNNEL; rank_score=0.563636; liquidity_score=0.000000; diversification_score=1.000000; cooldown_score=1.000000; existing_position_penalty=0.000000; sector_cap_status=SOURCE_BLOCKED_SECTOR_UNAVAILABLE; matching_policy=EXACT_CANDIDATE_ID_ONLY_NO_SYMBOL_DATE_PRICE_TIME_FALLBACK
T601-3,decision-7ffb4f86c0fe4a3a,decision-7ffb4f86c0fe4a3a,MSFT,2026-05-19T19:37:26.655888Z,0.563636,0.0,1.0,1.0,0.0,0.913636,REJECTED,ENTRY_OR_SOURCE_BLOCKED_BY_FUNNEL,ENTRY_OR_SOURCE_BLOCKED_BY_FUNNEL,,SOURCE_BLOCKED_SECTOR_UNAVAILABLE,SOURCE_BLOCKED_NO_LIQUIDITY_FIELD,390,,0.25,0.5,INELIGIBLE_UNKNOWN,STRATEGY_FILTER_NOT_MET NO_ENTRY,0,0,,,2026-05-19T19:37:24.067698Z:MSFT,0,REJECTED: ENTRY_OR_SOURCE_BLOCKED_BY_FUNNEL; source=ENTRY_OR_SOURCE_BLOCKED_BY_FUNNEL; rank_score=0.563636; liquidity_score=0.000000; diversification_score=1.000000; cooldown_score=1.000000; existing_position_penalty=0.000000; sector_cap_status=SOURCE_BLOCKED_SECTOR_UNAVAILABLE; matching_policy=EXACT_CANDIDATE_ID_ONLY_NO_SYMBOL_DATE_PRICE_TIME_FALLBACK
T601-3,decision-32b46219e3af4309,decision-32b46219e3af4309,MSFT,2026-05-19T19:38:32.639923Z,0.563636,0.0,1.0,1.0,0.0,0.913636,REJECTED,ENTRY_OR_SOURCE_BLOCKED_BY_FUNNEL,ENTRY_OR_SOURCE_BLOCKED_BY_FUNNEL,,SOURCE_BLOCKED_SECTOR_UNAVAILABLE,SOURCE_BLOCKED_NO_LIQUIDITY_FIELD,390,,0.25,0.5,INELIGIBLE_UNKNOWN,STRATEGY_FILTER_NOT_MET NO_ENTRY,0,0,,,2026-05-19T19:38:30.010219Z:MSFT,0,REJECTED: ENTRY_OR_SOURCE_BLOCKED_BY_FUNNEL; source=ENTRY_OR_SOURCE_BLOCKED_BY_FUNNEL; rank_score=0.563636; liquidity_score=0.000000; diversification_score=1.000000; cooldown_score=1.000000; existing_position_penalty=0.000000; sector_cap_status=SOURCE_BLOCKED_SECTOR_UNAVAILABLE; matching_policy=EXACT_CANDIDATE_ID_ONLY_NO_SYMBOL_DATE_PRICE_TIME_FALLBACK
T601-3,decision-f65926f7bda44e0a,decision-f65926f7bda44e0a,MSFT,2026-05-19T19:39:39.032681Z,0.563636,0.0,1.0,1.0,0.0,0.913636,REJECTED,ENTRY_OR_SOURCE_BLOCKED_BY_FUNNEL,ENTRY_OR_SOURCE_BLOCKED_BY_FUNNEL,,SOURCE_BLOCKED_SECTOR_UNAVAILABLE,SOURCE_BLOCKED_NO_LIQUIDITY_FIELD,390,,0.25,0.5,INELIGIBLE_UNKNOWN,STRATEGY_FILTER_NOT_MET NO_ENTRY,0,0,,,2026-05-19T19:39:36.401561Z:MSFT,0,REJECTED: ENTRY_OR_SOURCE_BLOCKED_BY_FUNNEL; source=ENTRY_OR_SOURCE_BLOCKED_BY_FUNNEL; rank_score=0.563636; liquidity_score=0.000000; diversification_score=1.000000; cooldown_score=1.000000; existing_position_penalty=0.000000; sector_cap_status=SOURCE_BLOCKED_SECTOR_UNAVAILABLE; matching_policy=EXACT_CANDIDATE_ID_ONLY_NO_SYMBOL_DATE_PRICE_TIME_FALLBACK
T601-3,decision-760380494bcf4c47,decision-760380494bcf4c47,MSFT,2026-05-19T19:40:46.083965Z,0.563636,0.0,1.0,1.0,0.0,0.913636,REJECTED,ENTRY_OR_SOURCE_BLOCKED_BY_FUNNEL,ENTRY_OR_SOURCE_BLOCKED_BY_FUNNEL,,SOURCE_BLOCKED_SECTOR_UNAVAILABLE,SOURCE_BLOCKED_NO_LIQUIDITY_FIELD,390,,0.25,0.5,INELIGIBLE_UNKNOWN,STRATEGY_FILTER_NOT_MET NO_ENTRY,0,0,,,2026-05-19T19:40:43.204605Z:MSFT,0,REJECTED: ENTRY_OR_SOURCE_BLOCKED_BY_FUNNEL; source=ENTRY_OR_SOURCE_BLOCKED_BY_FUNNEL; rank_score=0.563636; liquidity_score=0.000000; diversification_score=1.000000; cooldown_score=1.000000; existing_position_penalty=0.000000; sector_cap_status=SOURCE_BLOCKED_SECTOR_UNAVAILABLE; matching_policy=EXACT_CANDIDATE_ID_ONLY_NO_SYMBOL_DATE_PRICE_TIME_FALLBACK
T601-3,decision-f1924cd283da4a7f,decision-f1924cd283da4a7f,MSFT,2026-05-19T19:41:52.057780Z,0.563636,0.0,1.0,1.0,0.0,0.913636,REJECTED,ENTRY_OR_SOURCE_BLOCKED_BY_FUNNEL,ENTRY_OR_SOURCE_BLOCKED_BY_FUNNEL,,SOURCE_BLOCKED_SECTOR_UNAVAILABLE,SOURCE_BLOCKED_NO_LIQUIDITY_FIELD,390,,0.25,0.5,INELIGIBLE_UNKNOWN,STRATEGY_FILTER_NOT_MET NO_ENTRY,0,0,,,2026-05-19T19:41:49.368841Z:MSFT,0,REJECTED: ENTRY_OR_SOURCE_BLOCKED_BY_FUNNEL; source=ENTRY_OR_SOURCE_BLOCKED_BY_FUNNEL; rank_score=0.563636; liquidity_score=0.000000; diversification_score=1.000000; cooldown_score=1.000000; existing_position_penalty=0.000000; sector_cap_status=SOURCE_BLOCKED_SECTOR_UNAVAILABLE; matching_policy=EXACT_CANDIDATE_ID_ONLY_NO_SYMBOL_DATE_PRICE_TIME_FALLBACK
T601-3,decision-1128d82cde384582,decision-1128d82cde384582,MSFT,2026-05-19T19:42:58.974474Z,0.563636,0.0,1.0,1.0,0.0,0.913636,REJECTED,ENTRY_OR_SOURCE_BLOCKED_BY_FUNNEL,ENTRY_OR_SOURCE_BLOCKED_BY_FUNNEL,,SOURCE_BLOCKED_SECTOR_UNAVAILABLE,SOURCE_BLOCKED_NO_LIQUIDITY_FIELD,390,,0.25,0.5,INELIGIBLE_UNKNOWN,STRATEGY_FILTER_NOT_MET NO_ENTRY,0,0,,,2026-05-19T19:42:56.295102Z:MSFT,0,REJECTED: ENTRY_OR_SOURCE_BLOCKED_BY_FUNNEL; source=ENTRY_OR_SOURCE_BLOCKED_BY_FUNNEL; rank_score=0.563636; liquidity_score=0.000000; diversification_score=1.000000; cooldown_score=1.000000; existing_position_penalty=0.000000; sector_cap_status=SOURCE_BLOCKED_SECTOR_UNAVAILABLE; matching_policy=EXACT_CANDIDATE_ID_ONLY_NO_SYMBOL_DATE_PRICE_TIME_FALLBACK
T601-3,decision-9f1b7205564f49d3,decision-9f1b7205564f49d3,MSFT,2026-05-19T19:44:05.314872Z,0.563636,0.0,1.0,1.0,0.0,0.913636,REJECTED,ENTRY_OR_SOURCE_BLOCKED_BY_FUNNEL,ENTRY_OR_SOURCE_BLOCKED_BY_FUNNEL,,SOURCE_BLOCKED_SECTOR_UNAVAILABLE,SOURCE_BLOCKED_NO_LIQUIDITY_FIELD,390,,0.25,0.5,INELIGIBLE_UNKNOWN,STRATEGY_FILTER_NOT_MET NO_ENTRY,0,0,,,2026-05-19T19:44:02.779624Z:MSFT,0,REJECTED: ENTRY_OR_SOURCE_BLOCKED_BY_FUNNEL; source=ENTRY_OR_SOURCE_BLOCKED_BY_FUNNEL; rank_score=0.563636; liquidity_score=0.000000; diversification_score=1.000000; cooldown_score=1.000000; existing_position_penalty=0.000000; sector_cap_status=SOURCE_BLOCKED_SECTOR_UNAVAILABLE; matching_policy=EXACT_CANDIDATE_ID_ONLY_NO_SYMBOL_DATE_PRICE_TIME_FALLBACK
T601-3,decision-424d0e84f33e40f9,decision-424d0e84f33e40f9,MSFT,2026-05-20T15:37:25.216433Z,0.563636,0.0,1.0,1.0,0.0,0.913636,REJECTED,ENTRY_OR_SOURCE_BLOCKED_BY_FUNNEL,ENTRY_OR_SOURCE_BLOCKED_BY_FUNNEL,,SOURCE_BLOCKED_SECTOR_UNAVAILABLE,SOURCE_BLOCKED_NO_LIQUIDITY_FIELD,390,,0.25,0.5,INELIGIBLE_UNKNOWN,STRATEGY_FILTER_NOT_MET NO_ENTRY,0,0,,,2026-05-20T15:37:23.139021Z:MSFT,0,REJECTED: ENTRY_OR_SOURCE_BLOCKED_BY_FUNNEL; source=ENTRY_OR_SOURCE_BLOCKED_BY_FUNNEL; rank_score=0.563636; liquidity_score=0.000000; diversification_score=1.000000; cooldown_score=1.000000; existing_position_penalty=0.000000; sector_cap_status=SOURCE_BLOCKED_SECTOR_UNAVAILABLE; matching_policy=EXACT_CANDIDATE_ID_ONLY_NO_SYMBOL_DATE_PRICE_TIME_FALLBACK
T601-3,decision-74ece1fc15064001,decision-74ece1fc15064001,AMZN,2026-05-20T15:38:37.905735Z,0.531818,0.0,0.666667,1.0,0.333333,0.731818,SELECTED,PASSED_RANK_LIQUIDITY_DIVERSIFICATION_COOLDOWN_POSITION_CONTROLS,ELIGIBLE_FROM_FUNNEL,,SOURCE_BLOCKED_SECTOR_UNAVAILABLE,SOURCE_BLOCKED_NO_LIQUIDITY_FIELD,390,1272.0264,0.25,0.5,ELIGIBLE,,1,1,35811.0,0000035811:2026-05-20T16:03:51.815520Z:ORDER_STATUS,2026-05-20T15:38:36.437926Z:AMZN,0,SELECTED: PASSED_RANK_LIQUIDITY_DIVERSIFICATION_COOLDOWN_POSITION_CONTROLS; source=ELIGIBLE_FROM_FUNNEL; rank_score=0.531818; liquidity_score=0.000000; diversification_score=0.666667; cooldown_score=1.000000; existing_position_penalty=0.333333; sector_cap_status=SOURCE_BLOCKED_SECTOR_UNAVAILABLE; matching_policy=EXACT_CANDIDATE_ID_ONLY_NO_SYMBOL_DATE_PRICE_TIME_FALLBACK
T601-3,decision-12bc1536f3734066,decision-12bc1536f3734066,AMZN,2026-05-20T15:43:44.412408Z,0.531818,0.0,0.333333,0.0,0.666667,0.481818,REJECTED,SYMBOL_COOLDOWN_ACTIVE_390_MINUTES,ELIGIBLE_FROM_FUNNEL,,SOURCE_BLOCKED_SECTOR_UNAVAILABLE,SOURCE_BLOCKED_NO_LIQUIDITY_FIELD,390,5.1084,0.25,0.5,ELIGIBLE,,0,0,,,2026-05-20T15:43:42.900904Z:AMZN,0,REJECTED: SYMBOL_COOLDOWN_ACTIVE_390_MINUTES; source=ELIGIBLE_FROM_FUNNEL; rank_score=0.531818; liquidity_score=0.000000; diversification_score=0.333333; cooldown_score=0.000000; existing_position_penalty=0.666667; sector_cap_status=SOURCE_BLOCKED_SECTOR_UNAVAILABLE; matching_policy=EXACT_CANDIDATE_ID_ONLY_NO_SYMBOL_DATE_PRICE_TIME_FALLBACK
T601-3,decision-2dd9f491717f4162,decision-2dd9f491717f4162,AMZN,2026-05-20T15:48:51.789053Z,0.531818,0.0,0.333333,0.0,0.666667,0.481818,REJECTED,SYMBOL_COOLDOWN_ACTIVE_390_MINUTES,ELIGIBLE_FROM_FUNNEL,,SOURCE_BLOCKED_SECTOR_UNAVAILABLE,SOURCE_BLOCKED_NO_LIQUIDITY_FIELD,390,10.2314,0.25,0.5,ELIGIBLE,,0,0,,,2026-05-20T15:48:50.024763Z:AMZN,0,REJECTED: SYMBOL_COOLDOWN_ACTIVE_390_MINUTES; source=ELIGIBLE_FROM_FUNNEL; rank_score=0.531818; liquidity_score=0.000000; diversification_score=0.333333; cooldown_score=0.000000; existing_position_penalty=0.666667; sector_cap_status=SOURCE_BLOCKED_SECTOR_UNAVAILABLE; matching_policy=EXACT_CANDIDATE_ID_ONLY_NO_SYMBOL_DATE_PRICE_TIME_FALLBACK
T601-3,decision-d7a24180e12e4681,decision-d7a24180e12e4681,MSFT,2026-05-20T15:50:38.003919Z,0.563636,0.0,1.0,1.0,0.0,0.913636,REJECTED,ENTRY_OR_SOURCE_BLOCKED_BY_FUNNEL,ENTRY_OR_SOURCE_BLOCKED_BY_FUNNEL,,SOURCE_BLOCKED_SECTOR_UNAVAILABLE,SOURCE_BLOCKED_NO_LIQUIDITY_FIELD,390,,0.25,0.5,INELIGIBLE_UNKNOWN,STRATEGY_FILTER_NOT_MET NO_ENTRY,0,0,,,2026-05-20T15:50:36.579281Z:MSFT,0,REJECTED: ENTRY_OR_SOURCE_BLOCKED_BY_FUNNEL; source=ENTRY_OR_SOURCE_BLOCKED_BY_FUNNEL; rank_score=0.563636; liquidity_score=0.000000; diversification_score=1.000000; cooldown_score=1.000000; existing_position_penalty=0.000000; sector_cap_status=SOURCE_BLOCKED_SECTOR_UNAVAILABLE; matching_policy=EXACT_CANDIDATE_ID_ONLY_NO_SYMBOL_DATE_PRICE_TIME_FALLBACK
T601-3,decision-a8f24a6fcf244d58,decision-a8f24a6fcf244d58,MSFT,2026-05-20T15:53:35.515893Z,0.563636,0.0,1.0,1.0,0.0,0.913636,REJECTED,ENTRY_OR_SOURCE_BLOCKED_BY_FUNNEL,ENTRY_OR_SOURCE_BLOCKED_BY_FUNNEL,,SOURCE_BLOCKED_SECTOR_UNAVAILABLE,SOURCE_BLOCKED_NO_LIQUIDITY_FIELD,390,,0.25,0.5,INELIGIBLE_UNKNOWN,STRATEGY_FILTER_NOT_MET NO_ENTRY,0,0,,,2026-05-20T15:53:33.893727Z:MSFT,0,REJECTED: ENTRY_OR_SOURCE_BLOCKED_BY_FUNNEL; source=ENTRY_OR_SOURCE_BLOCKED_BY_FUNNEL; rank_score=0.563636; liquidity_score=0.000000; diversification_score=1.000000; cooldown_score=1.000000; existing_position_penalty=0.000000; sector_cap_status=SOURCE_BLOCKED_SECTOR_UNAVAILABLE; matching_policy=EXACT_CANDIDATE_ID_ONLY_NO_SYMBOL_DATE_PRICE_TIME_FALLBACK
T601-3,decision-892ca89b791e4da4,decision-892ca89b791e4da4,MSFT,2026-05-20T15:58:43.803779Z,0.563636,0.0,1.0,1.0,0.0,0.913636,REJECTED,ENTRY_OR_SOURCE_BLOCKED_BY_FUNNEL,ENTRY_OR_SOURCE_BLOCKED_BY_FUNNEL,,SOURCE_BLOCKED_SECTOR_UNAVAILABLE,SOURCE_BLOCKED_NO_LIQUIDITY_FIELD,390,,0.25,0.5,INELIGIBLE_UNKNOWN,STRATEGY_FILTER_NOT_MET NO_ENTRY,0,0,,,2026-05-20T15:58:41.923042Z:MSFT,0,REJECTED: ENTRY_OR_SOURCE_BLOCKED_BY_FUNNEL; source=ENTRY_OR_SOURCE_BLOCKED_BY_FUNNEL; rank_score=0.563636; liquidity_score=0.000000; diversification_score=1.000000; cooldown_score=1.000000; existing_position_penalty=0.000000; sector_cap_status=SOURCE_BLOCKED_SECTOR_UNAVAILABLE; matching_policy=EXACT_CANDIDATE_ID_ONLY_NO_SYMBOL_DATE_PRICE_TIME_FALLBACK
T601-3,decision-535636f3face46e3,decision-535636f3face46e3,MSFT,2026-05-20T16:03:50.743043Z,0.563636,0.0,1.0,1.0,0.0,0.913636,REJECTED,ENTRY_OR_SOURCE_BLOCKED_BY_FUNNEL,ENTRY_OR_SOURCE_BLOCKED_BY_FUNNEL,,SOURCE_BLOCKED_SECTOR_UNAVAILABLE,SOURCE_BLOCKED_NO_LIQUIDITY_FIELD,390,,0.25,0.5,INELIGIBLE_UNKNOWN,STRATEGY_FILTER_NOT_MET NO_ENTRY,0,0,,,2026-05-20T16:03:49.241621Z:MSFT,0,REJECTED: ENTRY_OR_SOURCE_BLOCKED_BY_FUNNEL; source=ENTRY_OR_SOURCE_BLOCKED_BY_FUNNEL; rank_score=0.563636; liquidity_score=0.000000; diversification_score=1.000000; cooldown_score=1.000000; existing_position_penalty=0.000000; sector_cap_status=SOURCE_BLOCKED_SECTOR_UNAVAILABLE; matching_policy=EXACT_CANDIDATE_ID_ONLY_NO_SYMBOL_DATE_PRICE_TIME_FALLBACK
T601-3,decision-3b0777c67ddd444f,decision-3b0777c67ddd444f,AMZN,2026-05-20T16:08:02.112327Z,0.531818,0.0,0.333333,0.0,0.666667,0.481818,REJECTED,SYMBOL_COOLDOWN_ACTIVE_390_MINUTES,ELIGIBLE_FROM_FUNNEL,,SOURCE_BLOCKED_SECTOR_UNAVAILABLE,SOURCE_BLOCKED_NO_LIQUIDITY_FIELD,390,29.4034,0.25,0.5,ELIGIBLE,,1,1,36025.0,0000036025:2026-05-20T16:13:12.851826Z:ORDER_STATUS,2026-05-20T16:08:00.722006Z:AMZN,0,REJECTED: SYMBOL_COOLDOWN_ACTIVE_390_MINUTES; source=ELIGIBLE_FROM_FUNNEL; rank_score=0.531818; liquidity_score=0.000000; diversification_score=0.333333; cooldown_score=0.000000; existing_position_penalty=0.666667; sector_cap_status=SOURCE_BLOCKED_SECTOR_UNAVAILABLE; matching_policy=EXACT_CANDIDATE_ID_ONLY_NO_SYMBOL_DATE_PRICE_TIME_FALLBACK
T601-3,decision-61a4d9cd473c4146,decision-61a4d9cd473c4146,MSFT,2026-05-20T16:13:12.115973Z,0.563636,0.0,1.0,1.0,0.0,0.913636,REJECTED,ENTRY_OR_SOURCE_BLOCKED_BY_FUNNEL,ENTRY_OR_SOURCE_BLOCKED_BY_FUNNEL,,SOURCE_BLOCKED_SECTOR_UNAVAILABLE,SOURCE_BLOCKED_NO_LIQUIDITY_FIELD,390,,0.25,0.5,INELIGIBLE_UNKNOWN,STRATEGY_FILTER_NOT_MET NO_ENTRY,0,0,,,2026-05-20T16:13:10.621261Z:MSFT,0,REJECTED: ENTRY_OR_SOURCE_BLOCKED_BY_FUNNEL; source=ENTRY_OR_SOURCE_BLOCKED_BY_FUNNEL; rank_score=0.563636; liquidity_score=0.000000; diversification_score=1.000000; cooldown_score=1.000000; existing_position_penalty=0.000000; sector_cap_status=SOURCE_BLOCKED_SECTOR_UNAVAILABLE; matching_policy=EXACT_CANDIDATE_ID_ONLY_NO_SYMBOL_DATE_PRICE_TIME_FALLBACK
T601-3,decision-bfd6410329294878,decision-bfd6410329294878,MSFT,2026-05-20T16:18:19.590004Z,0.563636,0.0,1.0,1.0,0.0,0.913636,REJECTED,ENTRY_OR_SOURCE_BLOCKED_BY_FUNNEL,ENTRY_OR_SOURCE_BLOCKED_BY_FUNNEL,,SOURCE_BLOCKED_SECTOR_UNAVAILABLE,SOURCE_BLOCKED_NO_LIQUIDITY_FIELD,390,,0.25,0.5,INELIGIBLE_UNKNOWN,STRATEGY_FILTER_NOT_MET NO_ENTRY,0,0,,,2026-05-20T16:18:17.657589Z:MSFT,0,REJECTED: ENTRY_OR_SOURCE_BLOCKED_BY_FUNNEL; source=ENTRY_OR_SOURCE_BLOCKED_BY_FUNNEL; rank_score=0.563636; liquidity_score=0.000000; diversification_score=1.000000; cooldown_score=1.000000; existing_position_penalty=0.000000; sector_cap_status=SOURCE_BLOCKED_SECTOR_UNAVAILABLE; matching_policy=EXACT_CANDIDATE_ID_ONLY_NO_SYMBOL_DATE_PRICE_TIME_FALLBACK
T601-3,decision-d29f0c455cd841b2,decision-d29f0c455cd841b2,MSFT,2026-05-20T16:22:06.156942Z,0.563636,0.0,1.0,1.0,0.0,0.913636,REJECTED,ENTRY_OR_SOURCE_BLOCKED_BY_FUNNEL,ENTRY_OR_SOURCE_BLOCKED_BY_FUNNEL,,SOURCE_BLOCKED_SECTOR_UNAVAILABLE,SOURCE_BLOCKED_NO_LIQUIDITY_FIELD,390,,0.25,0.5,INELIGIBLE_UNKNOWN,STRATEGY_FILTER_NOT_MET NO_ENTRY,0,0,,,2026-05-20T16:22:02.767595Z:MSFT,0,REJECTED: ENTRY_OR_SOURCE_BLOCKED_BY_FUNNEL; source=ENTRY_OR_SOURCE_BLOCKED_BY_FUNNEL; rank_score=0.563636; liquidity_score=0.000000; diversification_score=1.000000; cooldown_score=1.000000; existing_position_penalty=0.000000; sector_cap_status=SOURCE_BLOCKED_SECTOR_UNAVAILABLE; matching_policy=EXACT_CANDIDATE_ID_ONLY_NO_SYMBOL_DATE_PRICE_TIME_FALLBACK
T601-3,decision-f2c14f57d5384bad,decision-f2c14f57d5384bad,MSFT,2026-05-20T16:27:15.023072Z,0.563636,0.0,1.0,1.0,0.0,0.913636,REJECTED,ENTRY_OR_SOURCE_BLOCKED_BY_FUNNEL,ENTRY_OR_SOURCE_BLOCKED_BY_FUNNEL,,SOURCE_BLOCKED_SECTOR_UNAVAILABLE,SOURCE_BLOCKED_NO_LIQUIDITY_FIELD,390,,0.25,0.5,INELIGIBLE_UNKNOWN,STRATEGY_FILTER_NOT_MET NO_ENTRY,0,0,,,2026-05-20T16:27:13.233146Z:MSFT,0,REJECTED: ENTRY_OR_SOURCE_BLOCKED_BY_FUNNEL; source=ENTRY_OR_SOURCE_BLOCKED_BY_FUNNEL; rank_score=0.563636; liquidity_score=0.000000; diversification_score=1.000000; cooldown_score=1.000000; existing_position_penalty=0.000000; sector_cap_status=SOURCE_BLOCKED_SECTOR_UNAVAILABLE; matching_policy=EXACT_CANDIDATE_ID_ONLY_NO_SYMBOL_DATE_PRICE_TIME_FALLBACK
T601-3,decision-ce6237a58bad40b5,decision-ce6237a58bad40b5,MSFT,2026-05-20T16:32:22.387054Z,0.563636,0.0,1.0,1.0,0.0,0.913636,REJECTED,ENTRY_OR_SOURCE_BLOCKED_BY_FUNNEL,ENTRY_OR_SOURCE_BLOCKED_BY_FUNNEL,,SOURCE_BLOCKED_SECTOR_UNAVAILABLE,SOURCE_BLOCKED_NO_LIQUIDITY_FIELD,390,,0.25,0.5,INELIGIBLE_UNKNOWN,STRATEGY_FILTER_NOT_MET NO_ENTRY,0,0,,,2026-05-20T16:32:20.818351Z:MSFT,0,REJECTED: ENTRY_OR_SOURCE_BLOCKED_BY_FUNNEL; source=ENTRY_OR_SOURCE_BLOCKED_BY_FUNNEL; rank_score=0.563636; liquidity_score=0.000000; diversification_score=1.000000; cooldown_score=1.000000; existing_position_penalty=0.000000; sector_cap_status=SOURCE_BLOCKED_SECTOR_UNAVAILABLE; matching_policy=EXACT_CANDIDATE_ID_ONLY_NO_SYMBOL_DATE_PRICE_TIME_FALLBACK
T601-3,decision-799baff1cea84f84,decision-799baff1cea84f84,MSFT,2026-05-20T16:37:32.506204Z,0.563636,0.0,1.0,1.0,0.0,0.913636,REJECTED,ENTRY_OR_SOURCE_BLOCKED_BY_FUNNEL,ENTRY_OR_SOURCE_BLOCKED_BY_FUNNEL,,SOURCE_BLOCKED_SECTOR_UNAVAILABLE,SOURCE_BLOCKED_NO_LIQUIDITY_FIELD,390,,0.25,0.5,INELIGIBLE_UNKNOWN,STRATEGY_FILTER_NOT_MET NO_ENTRY,0,0,,,2026-05-20T16:37:30.269308Z:MSFT,0,REJECTED: ENTRY_OR_SOURCE_BLOCKED_BY_FUNNEL; source=ENTRY_OR_SOURCE_BLOCKED_BY_FUNNEL; rank_score=0.563636; liquidity_score=0.000000; diversification_score=1.000000; cooldown_score=1.000000; existing_position_penalty=0.000000; sector_cap_status=SOURCE_BLOCKED_SECTOR_UNAVAILABLE; matching_policy=EXACT_CANDIDATE_ID_ONLY_NO_SYMBOL_DATE_PRICE_TIME_FALLBACK
T601-3,decision-7fa25b2401d84c0b,decision-7fa25b2401d84c0b,MSFT,2026-05-20T16:42:40.115848Z,0.563636,0.0,1.0,1.0,0.0,0.913636,REJECTED,ENTRY_OR_SOURCE_BLOCKED_BY_FUNNEL,ENTRY_OR_SOURCE_BLOCKED_BY_FUNNEL,,SOURCE_BLOCKED_SECTOR_UNAVAILABLE,SOURCE_BLOCKED_NO_LIQUIDITY_FIELD,390,,0.25,0.5,INELIGIBLE_UNKNOWN,STRATEGY_FILTER_NOT_MET NO_ENTRY,0,0,,,2026-05-20T16:42:38.681645Z:MSFT,0,REJECTED: ENTRY_OR_SOURCE_BLOCKED_BY_FUNNEL; source=ENTRY_OR_SOURCE_BLOCKED_BY_FUNNEL; rank_score=0.563636; liquidity_score=0.000000; diversification_score=1.000000; cooldown_score=1.000000; existing_position_penalty=0.000000; sector_cap_status=SOURCE_BLOCKED_SECTOR_UNAVAILABLE; matching_policy=EXACT_CANDIDATE_ID_ONLY_NO_SYMBOL_DATE_PRICE_TIME_FALLBACK
T601-3,decision-5e78b42b9c60488e,decision-5e78b42b9c60488e,MSFT,2026-05-20T16:47:52.510008Z,0.563636,0.0,1.0,1.0,0.0,0.913636,REJECTED,ENTRY_OR_SOURCE_BLOCKED_BY_FUNNEL,ENTRY_OR_SOURCE_BLOCKED_BY_FUNNEL,,SOURCE_BLOCKED_SECTOR_UNAVAILABLE,SOURCE_BLOCKED_NO_LIQUIDITY_FIELD,390,,0.25,0.5,INELIGIBLE_UNKNOWN,STRATEGY_FILTER_NOT_MET NO_ENTRY,0,0,,,2026-05-20T16:47:50.254516Z:MSFT,0,REJECTED: ENTRY_OR_SOURCE_BLOCKED_BY_FUNNEL; source=ENTRY_OR_SOURCE_BLOCKED_BY_FUNNEL; rank_score=0.563636; liquidity_score=0.000000; diversification_score=1.000000; cooldown_score=1.000000; existing_position_penalty=0.000000; sector_cap_status=SOURCE_BLOCKED_SECTOR_UNAVAILABLE; matching_policy=EXACT_CANDIDATE_ID_ONLY_NO_SYMBOL_DATE_PRICE_TIME_FALLBACK
T601-3,decision-697bad962eca4b62,decision-697bad962eca4b62,MSFT,2026-05-20T16:53:34.674520Z,0.563636,0.0,1.0,1.0,0.0,0.913636,REJECTED,ENTRY_OR_SOURCE_BLOCKED_BY_FUNNEL,ENTRY_OR_SOURCE_BLOCKED_BY_FUNNEL,,SOURCE_BLOCKED_SECTOR_UNAVAILABLE,SOURCE_BLOCKED_NO_LIQUIDITY_FIELD,390,,0.25,0.5,INELIGIBLE_UNKNOWN,STRATEGY_FILTER_NOT_MET NO_ENTRY,0,0,,,2026-05-20T16:53:26.914774Z:MSFT,0,REJECTED: ENTRY_OR_SOURCE_BLOCKED_BY_FUNNEL; source=ENTRY_OR_SOURCE_BLOCKED_BY_FUNNEL; rank_score=0.563636; liquidity_score=0.000000; diversification_score=1.000000; cooldown_score=1.000000; existing_position_penalty=0.000000; sector_cap_status=SOURCE_BLOCKED_SECTOR_UNAVAILABLE; matching_policy=EXACT_CANDIDATE_ID_ONLY_NO_SYMBOL_DATE_PRICE_TIME_FALLBACK
T601-3,decision-4ffa924e100c49e1,decision-4ffa924e100c49e1,MSFT,2026-05-20T16:58:55.626415Z,0.563636,0.0,1.0,1.0,0.0,0.913636,REJECTED,ENTRY_OR_SOURCE_BLOCKED_BY_FUNNEL,ENTRY_OR_SOURCE_BLOCKED_BY_FUNNEL,,SOURCE_BLOCKED_SECTOR_UNAVAILABLE,SOURCE_BLOCKED_NO_LIQUIDITY_FIELD,390,,0.25,0.5,INELIGIBLE_UNKNOWN,STRATEGY_FILTER_NOT_MET NO_ENTRY,0,0,,,2026-05-20T16:58:54.114991Z:MSFT,0,REJECTED: ENTRY_OR_SOURCE_BLOCKED_BY_FUNNEL; source=ENTRY_OR_SOURCE_BLOCKED_BY_FUNNEL; rank_score=0.563636; liquidity_score=0.000000; diversification_score=1.000000; cooldown_score=1.000000; existing_position_penalty=0.000000; sector_cap_status=SOURCE_BLOCKED_SECTOR_UNAVAILABLE; matching_policy=EXACT_CANDIDATE_ID_ONLY_NO_SYMBOL_DATE_PRICE_TIME_FALLBACK
T601-3,decision-2c8de93ae5bf412a,decision-2c8de93ae5bf412a,MSFT,2026-05-20T17:04:20.321211Z,0.563636,0.0,1.0,1.0,0.0,0.913636,REJECTED,ENTRY_OR_SOURCE_BLOCKED_BY_FUNNEL,ENTRY_OR_SOURCE_BLOCKED_BY_FUNNEL,,SOURCE_BLOCKED_SECTOR_UNAVAILABLE,SOURCE_BLOCKED_NO_LIQUIDITY_FIELD,390,,0.25,0.5,INELIGIBLE_UNKNOWN,STRATEGY_FILTER_NOT_MET NO_ENTRY,0,0,,,2026-05-20T17:04:17.369646Z:MSFT,0,REJECTED: ENTRY_OR_SOURCE_BLOCKED_BY_FUNNEL; source=ENTRY_OR_SOURCE_BLOCKED_BY_FUNNEL; rank_score=0.563636; liquidity_score=0.000000; diversification_score=1.000000; cooldown_score=1.000000; existing_position_penalty=0.000000; sector_cap_status=SOURCE_BLOCKED_SECTOR_UNAVAILABLE; matching_policy=EXACT_CANDIDATE_ID_ONLY_NO_SYMBOL_DATE_PRICE_TIME_FALLBACK
T601-3,decision-a9e35ed80c384e06,decision-a9e35ed80c384e06,MSFT,2026-05-20T17:09:35.900478Z,0.563636,0.0,1.0,1.0,0.0,0.913636,REJECTED,ENTRY_OR_SOURCE_BLOCKED_BY_FUNNEL,ENTRY_OR_SOURCE_BLOCKED_BY_FUNNEL,,SOURCE_BLOCKED_SECTOR_UNAVAILABLE,SOURCE_BLOCKED_NO_LIQUIDITY_FIELD,390,,0.25,0.5,INELIGIBLE_UNKNOWN,STRATEGY_FILTER_NOT_MET NO_ENTRY,0,0,,,2026-05-20T17:09:34.154119Z:MSFT,0,REJECTED: ENTRY_OR_SOURCE_BLOCKED_BY_FUNNEL; source=ENTRY_OR_SOURCE_BLOCKED_BY_FUNNEL; rank_score=0.563636; liquidity_score=0.000000; diversification_score=1.000000; cooldown_score=1.000000; existing_position_penalty=0.000000; sector_cap_status=SOURCE_BLOCKED_SECTOR_UNAVAILABLE; matching_policy=EXACT_CANDIDATE_ID_ONLY_NO_SYMBOL_DATE_PRICE_TIME_FALLBACK
T601-3,decision-b9dfc3045bb6471b,decision-b9dfc3045bb6471b,MSFT,2026-05-20T17:14:43.187625Z,0.563636,0.0,1.0,1.0,0.0,0.913636,REJECTED,ENTRY_OR_SOURCE_BLOCKED_BY_FUNNEL,ENTRY_OR_SOURCE_BLOCKED_BY_FUNNEL,,SOURCE_BLOCKED_SECTOR_UNAVAILABLE,SOURCE_BLOCKED_NO_LIQUIDITY_FIELD,390,,0.25,0.5,INELIGIBLE_UNKNOWN,STRATEGY_FILTER_NOT_MET NO_ENTRY,0,0,,,2026-05-20T17:14:41.483855Z:MSFT,0,REJECTED: ENTRY_OR_SOURCE_BLOCKED_BY_FUNNEL; source=ENTRY_OR_SOURCE_BLOCKED_BY_FUNNEL; rank_score=0.563636; liquidity_score=0.000000; diversification_score=1.000000; cooldown_score=1.000000; existing_position_penalty=0.000000; sector_cap_status=SOURCE_BLOCKED_SECTOR_UNAVAILABLE; matching_policy=EXACT_CANDIDATE_ID_ONLY_NO_SYMBOL_DATE_PRICE_TIME_FALLBACK
T601-3,decision-8c4e64c1b9a74bbd,decision-8c4e64c1b9a74bbd,MSFT,2026-05-20T17:19:51.131522Z,0.563636,0.0,1.0,1.0,0.0,0.913636,REJECTED,ENTRY_OR_SOURCE_BLOCKED_BY_FUNNEL,ENTRY_OR_SOURCE_BLOCKED_BY_FUNNEL,,SOURCE_BLOCKED_SECTOR_UNAVAILABLE,SOURCE_BLOCKED_NO_LIQUIDITY_FIELD,390,,0.25,0.5,INELIGIBLE_UNKNOWN,STRATEGY_FILTER_NOT_MET NO_ENTRY,0,0,,,2026-05-20T17:19:48.852199Z:MSFT,0,REJECTED: ENTRY_OR_SOURCE_BLOCKED_BY_FUNNEL; source=ENTRY_OR_SOURCE_BLOCKED_BY_FUNNEL; rank_score=0.563636; liquidity_score=0.000000; diversification_score=1.000000; cooldown_score=1.000000; existing_position_penalty=0.000000; sector_cap_status=SOURCE_BLOCKED_SECTOR_UNAVAILABLE; matching_policy=EXACT_CANDIDATE_ID_ONLY_NO_SYMBOL_DATE_PRICE_TIME_FALLBACK
T601-3,decision-d64a10cbe26e4230,decision-d64a10cbe26e4230,MSFT,2026-05-20T17:24:58.070143Z,0.563636,0.0,1.0,1.0,0.0,0.913636,REJECTED,ENTRY_OR_SOURCE_BLOCKED_BY_FUNNEL,ENTRY_OR_SOURCE_BLOCKED_BY_FUNNEL,,SOURCE_BLOCKED_SECTOR_UNAVAILABLE,SOURCE_BLOCKED_NO_LIQUIDITY_FIELD,390,,0.25,0.5,INELIGIBLE_UNKNOWN,STRATEGY_FILTER_NOT_MET NO_ENTRY,0,0,,,2026-05-20T17:24:56.576511Z:MSFT,0,REJECTED: ENTRY_OR_SOURCE_BLOCKED_BY_FUNNEL; source=ENTRY_OR_SOURCE_BLOCKED_BY_FUNNEL; rank_score=0.563636; liquidity_score=0.000000; diversification_score=1.000000; cooldown_score=1.000000; existing_position_penalty=0.000000; sector_cap_status=SOURCE_BLOCKED_SECTOR_UNAVAILABLE; matching_policy=EXACT_CANDIDATE_ID_ONLY_NO_SYMBOL_DATE_PRICE_TIME_FALLBACK
T601-3,decision-c60d409c553d4485,decision-c60d409c553d4485,MSFT,2026-05-20T17:30:04.511280Z,0.563636,0.0,1.0,1.0,0.0,0.913636,REJECTED,ENTRY_OR_SOURCE_BLOCKED_BY_FUNNEL,ENTRY_OR_SOURCE_BLOCKED_BY_FUNNEL,,SOURCE_BLOCKED_SECTOR_UNAVAILABLE,SOURCE_BLOCKED_NO_LIQUIDITY_FIELD,390,,0.25,0.5,INELIGIBLE_UNKNOWN,STRATEGY_FILTER_NOT_MET NO_ENTRY,0,0,,,2026-05-20T17:30:03.057860Z:MSFT,0,REJECTED: ENTRY_OR_SOURCE_BLOCKED_BY_FUNNEL; source=ENTRY_OR_SOURCE_BLOCKED_BY_FUNNEL; rank_score=0.563636; liquidity_score=0.000000; diversification_score=1.000000; cooldown_score=1.000000; existing_position_penalty=0.000000; sector_cap_status=SOURCE_BLOCKED_SECTOR_UNAVAILABLE; matching_policy=EXACT_CANDIDATE_ID_ONLY_NO_SYMBOL_DATE_PRICE_TIME_FALLBACK
T601-3,decision-7942ef8e1639482e,decision-7942ef8e1639482e,MSFT,2026-05-20T17:35:10.413488Z,0.563636,0.0,1.0,1.0,0.0,0.913636,REJECTED,ENTRY_OR_SOURCE_BLOCKED_BY_FUNNEL,ENTRY_OR_SOURCE_BLOCKED_BY_FUNNEL,,SOURCE_BLOCKED_SECTOR_UNAVAILABLE,SOURCE_BLOCKED_NO_LIQUIDITY_FIELD,390,,0.25,0.5,INELIGIBLE_UNKNOWN,STRATEGY_FILTER_NOT_MET NO_ENTRY,0,0,,,2026-05-20T17:35:08.994977Z:MSFT,0,REJECTED: ENTRY_OR_SOURCE_BLOCKED_BY_FUNNEL; source=ENTRY_OR_SOURCE_BLOCKED_BY_FUNNEL; rank_score=0.563636; liquidity_score=0.000000; diversification_score=1.000000; cooldown_score=1.000000; existing_position_penalty=0.000000; sector_cap_status=SOURCE_BLOCKED_SECTOR_UNAVAILABLE; matching_policy=EXACT_CANDIDATE_ID_ONLY_NO_SYMBOL_DATE_PRICE_TIME_FALLBACK
T601-3,decision-8a446647bbc34c6f,decision-8a446647bbc34c6f,MSFT,2026-05-20T17:40:16.343764Z,0.563636,0.0,1.0,1.0,0.0,0.913636,REJECTED,ENTRY_OR_SOURCE_BLOCKED_BY_FUNNEL,ENTRY_OR_SOURCE_BLOCKED_BY_FUNNEL,,SOURCE_BLOCKED_SECTOR_UNAVAILABLE,SOURCE_BLOCKED_NO_LIQUIDITY_FIELD,390,,0.25,0.5,INELIGIBLE_UNKNOWN,STRATEGY_FILTER_NOT_MET NO_ENTRY,0,0,,,2026-05-20T17:40:14.967853Z:MSFT,0,REJECTED: ENTRY_OR_SOURCE_BLOCKED_BY_FUNNEL; source=ENTRY_OR_SOURCE_BLOCKED_BY_FUNNEL; rank_score=0.563636; liquidity_score=0.000000; diversification_score=1.000000; cooldown_score=1.000000; existing_position_penalty=0.000000; sector_cap_status=SOURCE_BLOCKED_SECTOR_UNAVAILABLE; matching_policy=EXACT_CANDIDATE_ID_ONLY_NO_SYMBOL_DATE_PRICE_TIME_FALLBACK
T601-3,decision-b2195d02d56c4452,decision-b2195d02d56c4452,MSFT,2026-05-20T17:45:23.301687Z,0.563636,0.0,1.0,1.0,0.0,0.913636,REJECTED,ENTRY_OR_SOURCE_BLOCKED_BY_FUNNEL,ENTRY_OR_SOURCE_BLOCKED_BY_FUNNEL,,SOURCE_BLOCKED_SECTOR_UNAVAILABLE,SOURCE_BLOCKED_NO_LIQUIDITY_FIELD,390,,0.25,0.5,INELIGIBLE_UNKNOWN,STRATEGY_FILTER_NOT_MET NO_ENTRY,0,0,,,2026-05-20T17:45:21.891035Z:MSFT,0,REJECTED: ENTRY_OR_SOURCE_BLOCKED_BY_FUNNEL; source=ENTRY_OR_SOURCE_BLOCKED_BY_FUNNEL; rank_score=0.563636; liquidity_score=0.000000; diversification_score=1.000000; cooldown_score=1.000000; existing_position_penalty=0.000000; sector_cap_status=SOURCE_BLOCKED_SECTOR_UNAVAILABLE; matching_policy=EXACT_CANDIDATE_ID_ONLY_NO_SYMBOL_DATE_PRICE_TIME_FALLBACK
T601-3,decision-eac5e910b70340ee,decision-eac5e910b70340ee,MSFT,2026-05-20T17:50:30.356891Z,0.563636,0.0,1.0,1.0,0.0,0.913636,REJECTED,ENTRY_OR_SOURCE_BLOCKED_BY_FUNNEL,ENTRY_OR_SOURCE_BLOCKED_BY_FUNNEL,,SOURCE_BLOCKED_SECTOR_UNAVAILABLE,SOURCE_BLOCKED_NO_LIQUIDITY_FIELD,390,,0.25,0.5,INELIGIBLE_UNKNOWN,STRATEGY_FILTER_NOT_MET NO_ENTRY,0,0,,,2026-05-20T17:50:28.916361Z:MSFT,0,REJECTED: ENTRY_OR_SOURCE_BLOCKED_BY_FUNNEL; source=ENTRY_OR_SOURCE_BLOCKED_BY_FUNNEL; rank_score=0.563636; liquidity_score=0.000000; diversification_score=1.000000; cooldown_score=1.000000; existing_position_penalty=0.000000; sector_cap_status=SOURCE_BLOCKED_SECTOR_UNAVAILABLE; matching_policy=EXACT_CANDIDATE_ID_ONLY_NO_SYMBOL_DATE_PRICE_TIME_FALLBACK
T601-3,decision-b27dee2efba540aa,decision-b27dee2efba540aa,MSFT,2026-05-20T17:55:36.940228Z,0.563636,0.0,1.0,1.0,0.0,0.913636,REJECTED,ENTRY_OR_SOURCE_BLOCKED_BY_FUNNEL,ENTRY_OR_SOURCE_BLOCKED_BY_FUNNEL,,SOURCE_BLOCKED_SECTOR_UNAVAILABLE,SOURCE_BLOCKED_NO_LIQUIDITY_FIELD,390,,0.25,0.5,INELIGIBLE_UNKNOWN,STRATEGY_FILTER_NOT_MET NO_ENTRY,0,0,,,2026-05-20T17:55:35.511201Z:MSFT,0,REJECTED: ENTRY_OR_SOURCE_BLOCKED_BY_FUNNEL; source=ENTRY_OR_SOURCE_BLOCKED_BY_FUNNEL; rank_score=0.563636; liquidity_score=0.000000; diversification_score=1.000000; cooldown_score=1.000000; existing_position_penalty=0.000000; sector_cap_status=SOURCE_BLOCKED_SECTOR_UNAVAILABLE; matching_policy=EXACT_CANDIDATE_ID_ONLY_NO_SYMBOL_DATE_PRICE_TIME_FALLBACK
T601-3,decision-e1b408f8c09e48ee,decision-e1b408f8c09e48ee,MSFT,2026-05-20T18:00:43.350997Z,0.563636,0.0,1.0,1.0,0.0,0.913636,REJECTED,ENTRY_OR_SOURCE_BLOCKED_BY_FUNNEL,ENTRY_OR_SOURCE_BLOCKED_BY_FUNNEL,,SOURCE_BLOCKED_SECTOR_UNAVAILABLE,SOURCE_BLOCKED_NO_LIQUIDITY_FIELD,390,,0.25,0.5,INELIGIBLE_UNKNOWN,STRATEGY_FILTER_NOT_MET NO_ENTRY,0,0,,,2026-05-20T18:00:41.957559Z:MSFT,0,REJECTED: ENTRY_OR_SOURCE_BLOCKED_BY_FUNNEL; source=ENTRY_OR_SOURCE_BLOCKED_BY_FUNNEL; rank_score=0.563636; liquidity_score=0.000000; diversification_score=1.000000; cooldown_score=1.000000; existing_position_penalty=0.000000; sector_cap_status=SOURCE_BLOCKED_SECTOR_UNAVAILABLE; matching_policy=EXACT_CANDIDATE_ID_ONLY_NO_SYMBOL_DATE_PRICE_TIME_FALLBACK
T601-3,decision-60ac5dc7c8bf4e2a,decision-60ac5dc7c8bf4e2a,MSFT,2026-05-20T18:05:50.300855Z,0.563636,0.0,1.0,1.0,0.0,0.913636,REJECTED,ENTRY_OR_SOURCE_BLOCKED_BY_FUNNEL,ENTRY_OR_SOURCE_BLOCKED_BY_FUNNEL,,SOURCE_BLOCKED_SECTOR_UNAVAILABLE,SOURCE_BLOCKED_NO_LIQUIDITY_FIELD,390,,0.25,0.5,INELIGIBLE_UNKNOWN,STRATEGY_FILTER_NOT_MET NO_ENTRY,0,0,,,2026-05-20T18:05:48.904313Z:MSFT,0,REJECTED: ENTRY_OR_SOURCE_BLOCKED_BY_FUNNEL; source=ENTRY_OR_SOURCE_BLOCKED_BY_FUNNEL; rank_score=0.563636; liquidity_score=0.000000; diversification_score=1.000000; cooldown_score=1.000000; existing_position_penalty=0.000000; sector_cap_status=SOURCE_BLOCKED_SECTOR_UNAVAILABLE; matching_policy=EXACT_CANDIDATE_ID_ONLY_NO_SYMBOL_DATE_PRICE_TIME_FALLBACK
T601-3,decision-8568515e1d9646d4,decision-8568515e1d9646d4,MSFT,2026-05-20T18:10:56.382569Z,0.563636,0.0,1.0,1.0,0.0,0.913636,REJECTED,ENTRY_OR_SOURCE_BLOCKED_BY_FUNNEL,ENTRY_OR_SOURCE_BLOCKED_BY_FUNNEL,,SOURCE_BLOCKED_SECTOR_UNAVAILABLE,SOURCE_BLOCKED_NO_LIQUIDITY_FIELD,390,,0.25,0.5,INELIGIBLE_UNKNOWN,STRATEGY_FILTER_NOT_MET NO_ENTRY,0,0,,,2026-05-20T18:10:54.967656Z:MSFT,0,REJECTED: ENTRY_OR_SOURCE_BLOCKED_BY_FUNNEL; source=ENTRY_OR_SOURCE_BLOCKED_BY_FUNNEL; rank_score=0.563636; liquidity_score=0.000000; diversification_score=1.000000; cooldown_score=1.000000; existing_position_penalty=0.000000; sector_cap_status=SOURCE_BLOCKED_SECTOR_UNAVAILABLE; matching_policy=EXACT_CANDIDATE_ID_ONLY_NO_SYMBOL_DATE_PRICE_TIME_FALLBACK
T601-3,decision-d694ed8f9f3f4ecb,decision-d694ed8f9f3f4ecb,MSFT,2026-05-20T18:16:02.196741Z,0.563636,0.0,1.0,1.0,0.0,0.913636,REJECTED,ENTRY_OR_SOURCE_BLOCKED_BY_FUNNEL,ENTRY_OR_SOURCE_BLOCKED_BY_FUNNEL,,SOURCE_BLOCKED_SECTOR_UNAVAILABLE,SOURCE_BLOCKED_NO_LIQUIDITY_FIELD,390,,0.25,0.5,INELIGIBLE_UNKNOWN,STRATEGY_FILTER_NOT_MET NO_ENTRY,0,0,,,2026-05-20T18:16:00.813650Z:MSFT,0,REJECTED: ENTRY_OR_SOURCE_BLOCKED_BY_FUNNEL; source=ENTRY_OR_SOURCE_BLOCKED_BY_FUNNEL; rank_score=0.563636; liquidity_score=0.000000; diversification_score=1.000000; cooldown_score=1.000000; existing_position_penalty=0.000000; sector_cap_status=SOURCE_BLOCKED_SECTOR_UNAVAILABLE; matching_policy=EXACT_CANDIDATE_ID_ONLY_NO_SYMBOL_DATE_PRICE_TIME_FALLBACK
T601-3,decision-419d1b1db76c44ee,decision-419d1b1db76c44ee,MSFT,2026-05-20T18:21:08.709504Z,0.563636,0.0,1.0,1.0,0.0,0.913636,REJECTED,ENTRY_OR_SOURCE_BLOCKED_BY_FUNNEL,ENTRY_OR_SOURCE_BLOCKED_BY_FUNNEL,,SOURCE_BLOCKED_SECTOR_UNAVAILABLE,SOURCE_BLOCKED_NO_LIQUIDITY_FIELD,390,,0.25,0.5,INELIGIBLE_UNKNOWN,STRATEGY_FILTER_NOT_MET NO_ENTRY,0,0,,,2026-05-20T18:21:07.271430Z:MSFT,0,REJECTED: ENTRY_OR_SOURCE_BLOCKED_BY_FUNNEL; source=ENTRY_OR_SOURCE_BLOCKED_BY_FUNNEL; rank_score=0.563636; liquidity_score=0.000000; diversification_score=1.000000; cooldown_score=1.000000; existing_position_penalty=0.000000; sector_cap_status=SOURCE_BLOCKED_SECTOR_UNAVAILABLE; matching_policy=EXACT_CANDIDATE_ID_ONLY_NO_SYMBOL_DATE_PRICE_TIME_FALLBACK
T601-3,decision-cdac5d5d7c724456,decision-cdac5d5d7c724456,MSFT,2026-05-20T18:26:14.607668Z,0.563636,0.0,1.0,1.0,0.0,0.913636,REJECTED,ENTRY_OR_SOURCE_BLOCKED_BY_FUNNEL,ENTRY_OR_SOURCE_BLOCKED_BY_FUNNEL,,SOURCE_BLOCKED_SECTOR_UNAVAILABLE,SOURCE_BLOCKED_NO_LIQUIDITY_FIELD,390,,0.25,0.5,INELIGIBLE_UNKNOWN,STRATEGY_FILTER_NOT_MET NO_ENTRY,0,0,,,2026-05-20T18:26:13.218425Z:MSFT,0,REJECTED: ENTRY_OR_SOURCE_BLOCKED_BY_FUNNEL; source=ENTRY_OR_SOURCE_BLOCKED_BY_FUNNEL; rank_score=0.563636; liquidity_score=0.000000; diversification_score=1.000000; cooldown_score=1.000000; existing_position_penalty=0.000000; sector_cap_status=SOURCE_BLOCKED_SECTOR_UNAVAILABLE; matching_policy=EXACT_CANDIDATE_ID_ONLY_NO_SYMBOL_DATE_PRICE_TIME_FALLBACK
T601-3,decision-3a2c945cf6ff41b8,decision-3a2c945cf6ff41b8,MSFT,2026-05-20T18:31:21.373280Z,0.563636,0.0,1.0,1.0,0.0,0.913636,REJECTED,ENTRY_OR_SOURCE_BLOCKED_BY_FUNNEL,ENTRY_OR_SOURCE_BLOCKED_BY_FUNNEL,,SOURCE_BLOCKED_SECTOR_UNAVAILABLE,SOURCE_BLOCKED_NO_LIQUIDITY_FIELD,390,,0.25,0.5,INELIGIBLE_UNKNOWN,STRATEGY_FILTER_NOT_MET NO_ENTRY,0,0,,,2026-05-20T18:31:19.932169Z:MSFT,0,REJECTED: ENTRY_OR_SOURCE_BLOCKED_BY_FUNNEL; source=ENTRY_OR_SOURCE_BLOCKED_BY_FUNNEL; rank_score=0.563636; liquidity_score=0.000000; diversification_score=1.000000; cooldown_score=1.000000; existing_position_penalty=0.000000; sector_cap_status=SOURCE_BLOCKED_SECTOR_UNAVAILABLE; matching_policy=EXACT_CANDIDATE_ID_ONLY_NO_SYMBOL_DATE_PRICE_TIME_FALLBACK
T601-3,decision-a2108448b63542de,decision-a2108448b63542de,MSFT,2026-05-20T18:36:28.166269Z,0.563636,0.0,1.0,1.0,0.0,0.913636,REJECTED,ENTRY_OR_SOURCE_BLOCKED_BY_FUNNEL,ENTRY_OR_SOURCE_BLOCKED_BY_FUNNEL,,SOURCE_BLOCKED_SECTOR_UNAVAILABLE,SOURCE_BLOCKED_NO_LIQUIDITY_FIELD,390,,0.25,0.5,INELIGIBLE_UNKNOWN,STRATEGY_FILTER_NOT_MET NO_ENTRY,0,0,,,2026-05-20T18:36:26.718177Z:MSFT,0,REJECTED: ENTRY_OR_SOURCE_BLOCKED_BY_FUNNEL; source=ENTRY_OR_SOURCE_BLOCKED_BY_FUNNEL; rank_score=0.563636; liquidity_score=0.000000; diversification_score=1.000000; cooldown_score=1.000000; existing_position_penalty=0.000000; sector_cap_status=SOURCE_BLOCKED_SECTOR_UNAVAILABLE; matching_policy=EXACT_CANDIDATE_ID_ONLY_NO_SYMBOL_DATE_PRICE_TIME_FALLBACK
T601-3,decision-5692e7e42b85404d,decision-5692e7e42b85404d,MSFT,2026-05-20T18:41:34.635421Z,0.563636,0.0,1.0,1.0,0.0,0.913636,REJECTED,ENTRY_OR_SOURCE_BLOCKED_BY_FUNNEL,ENTRY_OR_SOURCE_BLOCKED_BY_FUNNEL,,SOURCE_BLOCKED_SECTOR_UNAVAILABLE,SOURCE_BLOCKED_NO_LIQUIDITY_FIELD,390,,0.25,0.5,INELIGIBLE_UNKNOWN,STRATEGY_FILTER_NOT_MET NO_ENTRY,0,0,,,2026-05-20T18:41:33.198066Z:MSFT,0,REJECTED: ENTRY_OR_SOURCE_BLOCKED_BY_FUNNEL; source=ENTRY_OR_SOURCE_BLOCKED_BY_FUNNEL; rank_score=0.563636; liquidity_score=0.000000; diversification_score=1.000000; cooldown_score=1.000000; existing_position_penalty=0.000000; sector_cap_status=SOURCE_BLOCKED_SECTOR_UNAVAILABLE; matching_policy=EXACT_CANDIDATE_ID_ONLY_NO_SYMBOL_DATE_PRICE_TIME_FALLBACK
T601-3,decision-2fff1a20d31a4b14,decision-2fff1a20d31a4b14,NVDA,2026-05-20T18:46:41.382039Z,0.522727,0.0,1.0,1.0,0.0,0.872727,SELECTED,PASSED_RANK_LIQUIDITY_DIVERSIFICATION_COOLDOWN_POSITION_CONTROLS,PORTFOLIO_RECONSIDERATION_FROM_SKIP_REASON,,SOURCE_BLOCKED_SECTOR_UNAVAILABLE,SOURCE_BLOCKED_NO_LIQUIDITY_FIELD,390,,0.25,0.5,INELIGIBLE_UNKNOWN,NOT_SELECTED_FOR_PORTFOLIO NOT_SELECTED_BY_PORTFOLIO,0,0,,,2026-05-20T18:46:39.966243Z:NVDA,0,SELECTED: PASSED_RANK_LIQUIDITY_DIVERSIFICATION_COOLDOWN_POSITION_CONTROLS; source=PORTFOLIO_RECONSIDERATION_FROM_SKIP_REASON; rank_score=0.522727; liquidity_score=0.000000; diversification_score=1.000000; cooldown_score=1.000000; existing_position_penalty=0.000000; sector_cap_status=SOURCE_BLOCKED_SECTOR_UNAVAILABLE; matching_policy=EXACT_CANDIDATE_ID_ONLY_NO_SYMBOL_DATE_PRICE_TIME_FALLBACK
T601-3,decision-a9ac82362ce647ad,decision-a9ac82362ce647ad,MSFT,2026-05-20T18:51:48.057768Z,0.563636,0.0,1.0,1.0,0.0,0.913636,REJECTED,ENTRY_OR_SOURCE_BLOCKED_BY_FUNNEL,ENTRY_OR_SOURCE_BLOCKED_BY_FUNNEL,,SOURCE_BLOCKED_SECTOR_UNAVAILABLE,SOURCE_BLOCKED_NO_LIQUIDITY_FIELD,390,,0.25,0.5,INELIGIBLE_UNKNOWN,STRATEGY_FILTER_NOT_MET NO_ENTRY,0,0,,,2026-05-20T18:51:46.584241Z:MSFT,0,REJECTED: ENTRY_OR_SOURCE_BLOCKED_BY_FUNNEL; source=ENTRY_OR_SOURCE_BLOCKED_BY_FUNNEL; rank_score=0.563636; liquidity_score=0.000000; diversification_score=1.000000; cooldown_score=1.000000; existing_position_penalty=0.000000; sector_cap_status=SOURCE_BLOCKED_SECTOR_UNAVAILABLE; matching_policy=EXACT_CANDIDATE_ID_ONLY_NO_SYMBOL_DATE_PRICE_TIME_FALLBACK
T601-3,decision-0b006297a4004c34,decision-0b006297a4004c34,MSFT,2026-05-20T18:56:54.553122Z,0.563636,0.0,1.0,1.0,0.0,0.913636,REJECTED,ENTRY_OR_SOURCE_BLOCKED_BY_FUNNEL,ENTRY_OR_SOURCE_BLOCKED_BY_FUNNEL,,SOURCE_BLOCKED_SECTOR_UNAVAILABLE,SOURCE_BLOCKED_NO_LIQUIDITY_FIELD,390,,0.25,0.5,INELIGIBLE_UNKNOWN,STRATEGY_FILTER_NOT_MET NO_ENTRY,0,0,,,2026-05-20T18:56:53.114513Z:MSFT,0,REJECTED: ENTRY_OR_SOURCE_BLOCKED_BY_FUNNEL; source=ENTRY_OR_SOURCE_BLOCKED_BY_FUNNEL; rank_score=0.563636; liquidity_score=0.000000; diversification_score=1.000000; cooldown_score=1.000000; existing_position_penalty=0.000000; sector_cap_status=SOURCE_BLOCKED_SECTOR_UNAVAILABLE; matching_policy=EXACT_CANDIDATE_ID_ONLY_NO_SYMBOL_DATE_PRICE_TIME_FALLBACK
T601-3,decision-0e9ee6ab8dc74335,decision-0e9ee6ab8dc74335,MSFT,2026-05-20T19:02:00.908118Z,0.563636,0.0,1.0,1.0,0.0,0.913636,REJECTED,ENTRY_OR_SOURCE_BLOCKED_BY_FUNNEL,ENTRY_OR_SOURCE_BLOCKED_BY_FUNNEL,,SOURCE_BLOCKED_SECTOR_UNAVAILABLE,SOURCE_BLOCKED_NO_LIQUIDITY_FIELD,390,,0.25,0.5,INELIGIBLE_UNKNOWN,STRATEGY_FILTER_NOT_MET NO_ENTRY,0,0,,,2026-05-20T19:01:59.495741Z:MSFT,0,REJECTED: ENTRY_OR_SOURCE_BLOCKED_BY_FUNNEL; source=ENTRY_OR_SOURCE_BLOCKED_BY_FUNNEL; rank_score=0.563636; liquidity_score=0.000000; diversification_score=1.000000; cooldown_score=1.000000; existing_position_penalty=0.000000; sector_cap_status=SOURCE_BLOCKED_SECTOR_UNAVAILABLE; matching_policy=EXACT_CANDIDATE_ID_ONLY_NO_SYMBOL_DATE_PRICE_TIME_FALLBACK
T601-3,decision-95272a32a7554650,decision-95272a32a7554650,MSFT,2026-05-20T19:07:07.238178Z,0.563636,0.0,1.0,1.0,0.0,0.913636,REJECTED,ENTRY_OR_SOURCE_BLOCKED_BY_FUNNEL,ENTRY_OR_SOURCE_BLOCKED_BY_FUNNEL,,SOURCE_BLOCKED_SECTOR_UNAVAILABLE,SOURCE_BLOCKED_NO_LIQUIDITY_FIELD,390,,0.25,0.5,INELIGIBLE_UNKNOWN,STRATEGY_FILTER_NOT_MET NO_ENTRY,0,0,,,2026-05-20T19:07:05.863804Z:MSFT,0,REJECTED: ENTRY_OR_SOURCE_BLOCKED_BY_FUNNEL; source=ENTRY_OR_SOURCE_BLOCKED_BY_FUNNEL; rank_score=0.563636; liquidity_score=0.000000; diversification_score=1.000000; cooldown_score=1.000000; existing_position_penalty=0.000000; sector_cap_status=SOURCE_BLOCKED_SECTOR_UNAVAILABLE; matching_policy=EXACT_CANDIDATE_ID_ONLY_NO_SYMBOL_DATE_PRICE_TIME_FALLBACK
T601-3,decision-ae2c9e4a133044b9,decision-ae2c9e4a133044b9,MSFT,2026-05-20T19:12:13.641246Z,0.563636,0.0,1.0,1.0,0.0,0.913636,REJECTED,ENTRY_OR_SOURCE_BLOCKED_BY_FUNNEL,ENTRY_OR_SOURCE_BLOCKED_BY_FUNNEL,,SOURCE_BLOCKED_SECTOR_UNAVAILABLE,SOURCE_BLOCKED_NO_LIQUIDITY_FIELD,390,,0.25,0.5,INELIGIBLE_UNKNOWN,STRATEGY_FILTER_NOT_MET NO_ENTRY,0,0,,,2026-05-20T19:12:12.254921Z:MSFT,0,REJECTED: ENTRY_OR_SOURCE_BLOCKED_BY_FUNNEL; source=ENTRY_OR_SOURCE_BLOCKED_BY_FUNNEL; rank_score=0.563636; liquidity_score=0.000000; diversification_score=1.000000; cooldown_score=1.000000; existing_position_penalty=0.000000; sector_cap_status=SOURCE_BLOCKED_SECTOR_UNAVAILABLE; matching_policy=EXACT_CANDIDATE_ID_ONLY_NO_SYMBOL_DATE_PRICE_TIME_FALLBACK
T601-3,decision-6799e9c2d16c4c2f,decision-6799e9c2d16c4c2f,MSFT,2026-05-20T19:17:20.367294Z,0.563636,0.0,1.0,1.0,0.0,0.913636,REJECTED,ENTRY_OR_SOURCE_BLOCKED_BY_FUNNEL,ENTRY_OR_SOURCE_BLOCKED_BY_FUNNEL,,SOURCE_BLOCKED_SECTOR_UNAVAILABLE,SOURCE_BLOCKED_NO_LIQUIDITY_FIELD,390,,0.25,0.5,INELIGIBLE_UNKNOWN,STRATEGY_FILTER_NOT_MET NO_ENTRY,0,0,,,2026-05-20T19:17:18.975200Z:MSFT,0,REJECTED: ENTRY_OR_SOURCE_BLOCKED_BY_FUNNEL; source=ENTRY_OR_SOURCE_BLOCKED_BY_FUNNEL; rank_score=0.563636; liquidity_score=0.000000; diversification_score=1.000000; cooldown_score=1.000000; existing_position_penalty=0.000000; sector_cap_status=SOURCE_BLOCKED_SECTOR_UNAVAILABLE; matching_policy=EXACT_CANDIDATE_ID_ONLY_NO_SYMBOL_DATE_PRICE_TIME_FALLBACK
T601-3,decision-8694033f7309435a,decision-8694033f7309435a,AMD,2026-05-20T19:22:26.704813Z,0.522727,0.0,0.666667,1.0,0.333333,0.722727,SELECTED,PASSED_RANK_LIQUIDITY_DIVERSIFICATION_COOLDOWN_POSITION_CONTROLS,ELIGIBLE_FROM_FUNNEL,,SOURCE_BLOCKED_SECTOR_UNAVAILABLE,SOURCE_BLOCKED_NO_LIQUIDITY_FIELD,390,1638.6669,0.25,0.5,ELIGIBLE,,1,1,36698.0,0000036698:2026-05-20T19:37:48.590734Z:ORDER_STATUS,2026-05-20T19:22:25.289584Z:AMD,0,SELECTED: PASSED_RANK_LIQUIDITY_DIVERSIFICATION_COOLDOWN_POSITION_CONTROLS; source=ELIGIBLE_FROM_FUNNEL; rank_score=0.522727; liquidity_score=0.000000; diversification_score=0.666667; cooldown_score=1.000000; existing_position_penalty=0.333333; sector_cap_status=SOURCE_BLOCKED_SECTOR_UNAVAILABLE; matching_policy=EXACT_CANDIDATE_ID_ONLY_NO_SYMBOL_DATE_PRICE_TIME_FALLBACK
T601-3,decision-53594bad692647d7,decision-53594bad692647d7,AMD,2026-05-20T19:27:34.510312Z,0.522727,0.0,0.333333,0.0,0.666667,0.472727,REJECTED,SYMBOL_COOLDOWN_ACTIVE_390_MINUTES,ELIGIBLE_FROM_FUNNEL,,SOURCE_BLOCKED_SECTOR_UNAVAILABLE,SOURCE_BLOCKED_NO_LIQUIDITY_FIELD,390,5.1301,0.25,0.5,ELIGIBLE,,0,0,,,2026-05-20T19:27:33.074236Z:AMD,0,REJECTED: SYMBOL_COOLDOWN_ACTIVE_390_MINUTES; source=ELIGIBLE_FROM_FUNNEL; rank_score=0.522727; liquidity_score=0.000000; diversification_score=0.333333; cooldown_score=0.000000; existing_position_penalty=0.666667; sector_cap_status=SOURCE_BLOCKED_SECTOR_UNAVAILABLE; matching_policy=EXACT_CANDIDATE_ID_ONLY_NO_SYMBOL_DATE_PRICE_TIME_FALLBACK
T601-3,decision-ef30d52ce83942a6,decision-ef30d52ce83942a6,AMD,2026-05-20T19:32:41.091169Z,0.522727,0.0,0.333333,0.0,0.666667,0.472727,REJECTED,SYMBOL_COOLDOWN_ACTIVE_390_MINUTES,ELIGIBLE_FROM_FUNNEL,,SOURCE_BLOCKED_SECTOR_UNAVAILABLE,SOURCE_BLOCKED_NO_LIQUIDITY_FIELD,390,10.2398,0.25,0.5,ELIGIBLE,,0,0,,,2026-05-20T19:32:39.665749Z:AMD,0,REJECTED: SYMBOL_COOLDOWN_ACTIVE_390_MINUTES; source=ELIGIBLE_FROM_FUNNEL; rank_score=0.522727; liquidity_score=0.000000; diversification_score=0.333333; cooldown_score=0.000000; existing_position_penalty=0.666667; sector_cap_status=SOURCE_BLOCKED_SECTOR_UNAVAILABLE; matching_policy=EXACT_CANDIDATE_ID_ONLY_NO_SYMBOL_DATE_PRICE_TIME_FALLBACK
T601-3,decision-ceb16f44a9cc4059,decision-ceb16f44a9cc4059,MSFT,2026-05-20T19:37:47.840272Z,0.563636,0.0,1.0,1.0,0.0,0.913636,REJECTED,ENTRY_OR_SOURCE_BLOCKED_BY_FUNNEL,ENTRY_OR_SOURCE_BLOCKED_BY_FUNNEL,,SOURCE_BLOCKED_SECTOR_UNAVAILABLE,SOURCE_BLOCKED_NO_LIQUIDITY_FIELD,390,,0.25,0.5,INELIGIBLE_UNKNOWN,STRATEGY_FILTER_NOT_MET NO_ENTRY,0,0,,,2026-05-20T19:37:46.397349Z:MSFT,0,REJECTED: ENTRY_OR_SOURCE_BLOCKED_BY_FUNNEL; source=ENTRY_OR_SOURCE_BLOCKED_BY_FUNNEL; rank_score=0.563636; liquidity_score=0.000000; diversification_score=1.000000; cooldown_score=1.000000; existing_position_penalty=0.000000; sector_cap_status=SOURCE_BLOCKED_SECTOR_UNAVAILABLE; matching_policy=EXACT_CANDIDATE_ID_ONLY_NO_SYMBOL_DATE_PRICE_TIME_FALLBACK
T601-3,decision-a593dde7051c4d7d,decision-a593dde7051c4d7d,MSFT,2026-05-20T19:42:54.872136Z,0.563636,0.0,1.0,1.0,0.0,0.913636,REJECTED,ENTRY_OR_SOURCE_BLOCKED_BY_FUNNEL,ENTRY_OR_SOURCE_BLOCKED_BY_FUNNEL,,SOURCE_BLOCKED_SECTOR_UNAVAILABLE,SOURCE_BLOCKED_NO_LIQUIDITY_FIELD,390,,0.25,0.5,INELIGIBLE_UNKNOWN,STRATEGY_FILTER_NOT_MET NO_ENTRY,0,0,,,2026-05-20T19:42:53.426110Z:MSFT,0,REJECTED: ENTRY_OR_SOURCE_BLOCKED_BY_FUNNEL; source=ENTRY_OR_SOURCE_BLOCKED_BY_FUNNEL; rank_score=0.563636; liquidity_score=0.000000; diversification_score=1.000000; cooldown_score=1.000000; existing_position_penalty=0.000000; sector_cap_status=SOURCE_BLOCKED_SECTOR_UNAVAILABLE; matching_policy=EXACT_CANDIDATE_ID_ONLY_NO_SYMBOL_DATE_PRICE_TIME_FALLBACK
T601-3,decision-780c33daaf114ecb,decision-780c33daaf114ecb,NVDA,2026-05-20T19:48:01.369625Z,0.522727,0.0,0.666667,0.0,0.333333,0.622727,REJECTED,SYMBOL_COOLDOWN_ACTIVE_390_MINUTES,PORTFOLIO_RECONSIDERATION_FROM_SKIP_REASON,,SOURCE_BLOCKED_SECTOR_UNAVAILABLE,SOURCE_BLOCKED_NO_LIQUIDITY_FIELD,390,61.3331,0.25,0.5,INELIGIBLE_UNKNOWN,NOT_SELECTED_FOR_PORTFOLIO NOT_SELECTED_BY_PORTFOLIO,0,0,,,2026-05-20T19:47:59.943705Z:NVDA,0,REJECTED: SYMBOL_COOLDOWN_ACTIVE_390_MINUTES; source=PORTFOLIO_RECONSIDERATION_FROM_SKIP_REASON; rank_score=0.522727; liquidity_score=0.000000; diversification_score=0.666667; cooldown_score=0.000000; existing_position_penalty=0.333333; sector_cap_status=SOURCE_BLOCKED_SECTOR_UNAVAILABLE; matching_policy=EXACT_CANDIDATE_ID_ONLY_NO_SYMBOL_DATE_PRICE_TIME_FALLBACK
T601-3,decision-895f1b07e0aa41b4,decision-895f1b07e0aa41b4,NVDA,2026-05-21T13:35:14.050589Z,0.522727,0.0,0.666667,1.0,0.333333,0.722727,SELECTED,PASSED_RANK_LIQUIDITY_DIVERSIFICATION_COOLDOWN_POSITION_CONTROLS,PORTFOLIO_RECONSIDERATION_FROM_SKIP_REASON,,SOURCE_BLOCKED_SECTOR_UNAVAILABLE,SOURCE_BLOCKED_NO_LIQUIDITY_FIELD,390,1128.5445,0.25,0.5,INELIGIBLE_UNKNOWN,NOT_SELECTED_FOR_PORTFOLIO NOT_SELECTED_BY_PORTFOLIO,0,0,,,2026-05-21T13:35:11.224471Z:NVDA,0,SELECTED: PASSED_RANK_LIQUIDITY_DIVERSIFICATION_COOLDOWN_POSITION_CONTROLS; source=PORTFOLIO_RECONSIDERATION_FROM_SKIP_REASON; rank_score=0.522727; liquidity_score=0.000000; diversification_score=0.666667; cooldown_score=1.000000; existing_position_penalty=0.333333; sector_cap_status=SOURCE_BLOCKED_SECTOR_UNAVAILABLE; matching_policy=EXACT_CANDIDATE_ID_ONLY_NO_SYMBOL_DATE_PRICE_TIME_FALLBACK
T601-3,decision-0e6b03a7103641ea,decision-0e6b03a7103641ea,NVDA,2026-05-21T13:39:55.428905Z,0.522727,0.0,0.333333,0.0,0.666667,0.472727,REJECTED,SYMBOL_COOLDOWN_ACTIVE_390_MINUTES,PORTFOLIO_RECONSIDERATION_FROM_SKIP_REASON,,SOURCE_BLOCKED_SECTOR_UNAVAILABLE,SOURCE_BLOCKED_NO_LIQUIDITY_FIELD,390,4.6896,0.25,0.5,INELIGIBLE_UNKNOWN,NOT_SELECTED_FOR_PORTFOLIO NOT_SELECTED_BY_PORTFOLIO,0,0,,,2026-05-21T13:39:53.790648Z:NVDA,0,REJECTED: SYMBOL_COOLDOWN_ACTIVE_390_MINUTES; source=PORTFOLIO_RECONSIDERATION_FROM_SKIP_REASON; rank_score=0.522727; liquidity_score=0.000000; diversification_score=0.333333; cooldown_score=0.000000; existing_position_penalty=0.666667; sector_cap_status=SOURCE_BLOCKED_SECTOR_UNAVAILABLE; matching_policy=EXACT_CANDIDATE_ID_ONLY_NO_SYMBOL_DATE_PRICE_TIME_FALLBACK
T601-3,decision-1270d04a0b6542a1,decision-1270d04a0b6542a1,MSFT,2026-05-21T13:40:34.738878Z,0.563636,0.0,1.0,1.0,0.0,0.913636,REJECTED,ENTRY_OR_SOURCE_BLOCKED_BY_FUNNEL,ENTRY_OR_SOURCE_BLOCKED_BY_FUNNEL,,SOURCE_BLOCKED_SECTOR_UNAVAILABLE,SOURCE_BLOCKED_NO_LIQUIDITY_FIELD,390,,0.25,0.5,INELIGIBLE_UNKNOWN,STRATEGY_FILTER_NOT_MET NO_ENTRY,0,0,,,2026-05-21T13:40:31.171711Z:MSFT,0,REJECTED: ENTRY_OR_SOURCE_BLOCKED_BY_FUNNEL; source=ENTRY_OR_SOURCE_BLOCKED_BY_FUNNEL; rank_score=0.563636; liquidity_score=0.000000; diversification_score=1.000000; cooldown_score=1.000000; existing_position_penalty=0.000000; sector_cap_status=SOURCE_BLOCKED_SECTOR_UNAVAILABLE; matching_policy=EXACT_CANDIDATE_ID_ONLY_NO_SYMBOL_DATE_PRICE_TIME_FALLBACK
T601-3,decision-2cad88cd52394e08,decision-2cad88cd52394e08,MSFT,2026-05-21T13:45:03.565983Z,0.563636,0.0,1.0,1.0,0.0,0.913636,REJECTED,ENTRY_OR_SOURCE_BLOCKED_BY_FUNNEL,ENTRY_OR_SOURCE_BLOCKED_BY_FUNNEL,,SOURCE_BLOCKED_SECTOR_UNAVAILABLE,SOURCE_BLOCKED_NO_LIQUIDITY_FIELD,390,,0.25,0.5,INELIGIBLE_UNKNOWN,STRATEGY_FILTER_NOT_MET NO_ENTRY,0,0,,,2026-05-21T13:45:01.920374Z:MSFT,0,REJECTED: ENTRY_OR_SOURCE_BLOCKED_BY_FUNNEL; source=ENTRY_OR_SOURCE_BLOCKED_BY_FUNNEL; rank_score=0.563636; liquidity_score=0.000000; diversification_score=1.000000; cooldown_score=1.000000; existing_position_penalty=0.000000; sector_cap_status=SOURCE_BLOCKED_SECTOR_UNAVAILABLE; matching_policy=EXACT_CANDIDATE_ID_ONLY_NO_SYMBOL_DATE_PRICE_TIME_FALLBACK
T601-3,decision-9a4db90e0d6b40ed,decision-9a4db90e0d6b40ed,MSFT,2026-05-21T13:45:43.247533Z,0.563636,0.0,1.0,1.0,0.0,0.913636,REJECTED,ENTRY_OR_SOURCE_BLOCKED_BY_FUNNEL,ENTRY_OR_SOURCE_BLOCKED_BY_FUNNEL,,SOURCE_BLOCKED_SECTOR_UNAVAILABLE,SOURCE_BLOCKED_NO_LIQUIDITY_FIELD,390,,0.25,0.5,INELIGIBLE_UNKNOWN,STRATEGY_FILTER_NOT_MET NO_ENTRY,0,0,,,2026-05-21T13:45:41.705889Z:MSFT,0,REJECTED: ENTRY_OR_SOURCE_BLOCKED_BY_FUNNEL; source=ENTRY_OR_SOURCE_BLOCKED_BY_FUNNEL; rank_score=0.563636; liquidity_score=0.000000; diversification_score=1.000000; cooldown_score=1.000000; existing_position_penalty=0.000000; sector_cap_status=SOURCE_BLOCKED_SECTOR_UNAVAILABLE; matching_policy=EXACT_CANDIDATE_ID_ONLY_NO_SYMBOL_DATE_PRICE_TIME_FALLBACK
T601-3,decision-27a6245537084f5e,decision-27a6245537084f5e,MSFT,2026-05-21T13:50:10.919476Z,0.563636,0.0,1.0,1.0,0.0,0.913636,REJECTED,ENTRY_OR_SOURCE_BLOCKED_BY_FUNNEL,ENTRY_OR_SOURCE_BLOCKED_BY_FUNNEL,,SOURCE_BLOCKED_SECTOR_UNAVAILABLE,SOURCE_BLOCKED_NO_LIQUIDITY_FIELD,390,,0.25,0.5,INELIGIBLE_UNKNOWN,STRATEGY_FILTER_NOT_MET NO_ENTRY,0,0,,,2026-05-21T13:50:09.410437Z:MSFT,0,REJECTED: ENTRY_OR_SOURCE_BLOCKED_BY_FUNNEL; source=ENTRY_OR_SOURCE_BLOCKED_BY_FUNNEL; rank_score=0.563636; liquidity_score=0.000000; diversification_score=1.000000; cooldown_score=1.000000; existing_position_penalty=0.000000; sector_cap_status=SOURCE_BLOCKED_SECTOR_UNAVAILABLE; matching_policy=EXACT_CANDIDATE_ID_ONLY_NO_SYMBOL_DATE_PRICE_TIME_FALLBACK
T601-3,decision-02c808013f7a4252,decision-02c808013f7a4252,MSFT,2026-05-21T13:50:50.972338Z,0.563636,0.0,1.0,1.0,0.0,0.913636,REJECTED,ENTRY_OR_SOURCE_BLOCKED_BY_FUNNEL,ENTRY_OR_SOURCE_BLOCKED_BY_FUNNEL,,SOURCE_BLOCKED_SECTOR_UNAVAILABLE,SOURCE_BLOCKED_NO_LIQUIDITY_FIELD,390,,0.25,0.5,INELIGIBLE_UNKNOWN,STRATEGY_FILTER_NOT_MET NO_ENTRY,0,0,,,2026-05-21T13:50:49.338535Z:MSFT,0,REJECTED: ENTRY_OR_SOURCE_BLOCKED_BY_FUNNEL; source=ENTRY_OR_SOURCE_BLOCKED_BY_FUNNEL; rank_score=0.563636; liquidity_score=0.000000; diversification_score=1.000000; cooldown_score=1.000000; existing_position_penalty=0.000000; sector_cap_status=SOURCE_BLOCKED_SECTOR_UNAVAILABLE; matching_policy=EXACT_CANDIDATE_ID_ONLY_NO_SYMBOL_DATE_PRICE_TIME_FALLBACK
T601-3,decision-22c1fce9320a4ef9,decision-22c1fce9320a4ef9,MSFT,2026-05-21T13:55:18.189154Z,0.563636,0.0,1.0,1.0,0.0,0.913636,REJECTED,ENTRY_OR_SOURCE_BLOCKED_BY_FUNNEL,ENTRY_OR_SOURCE_BLOCKED_BY_FUNNEL,,SOURCE_BLOCKED_SECTOR_UNAVAILABLE,SOURCE_BLOCKED_NO_LIQUIDITY_FIELD,390,,0.25,0.5,INELIGIBLE_UNKNOWN,STRATEGY_FILTER_NOT_MET NO_ENTRY,0,0,,,2026-05-21T13:55:16.646066Z:MSFT,0,REJECTED: ENTRY_OR_SOURCE_BLOCKED_BY_FUNNEL; source=ENTRY_OR_SOURCE_BLOCKED_BY_FUNNEL; rank_score=0.563636; liquidity_score=0.000000; diversification_score=1.000000; cooldown_score=1.000000; existing_position_penalty=0.000000; sector_cap_status=SOURCE_BLOCKED_SECTOR_UNAVAILABLE; matching_policy=EXACT_CANDIDATE_ID_ONLY_NO_SYMBOL_DATE_PRICE_TIME_FALLBACK
T601-3,decision-f282513e7951426f,decision-f282513e7951426f,MSFT,2026-05-21T13:55:58.679334Z,0.563636,0.0,1.0,1.0,0.0,0.913636,REJECTED,ENTRY_OR_SOURCE_BLOCKED_BY_FUNNEL,ENTRY_OR_SOURCE_BLOCKED_BY_FUNNEL,,SOURCE_BLOCKED_SECTOR_UNAVAILABLE,SOURCE_BLOCKED_NO_LIQUIDITY_FIELD,390,,0.25,0.5,INELIGIBLE_UNKNOWN,STRATEGY_FILTER_NOT_MET NO_ENTRY,0,0,,,2026-05-21T13:55:57.086973Z:MSFT,0,REJECTED: ENTRY_OR_SOURCE_BLOCKED_BY_FUNNEL; source=ENTRY_OR_SOURCE_BLOCKED_BY_FUNNEL; rank_score=0.563636; liquidity_score=0.000000; diversification_score=1.000000; cooldown_score=1.000000; existing_position_penalty=0.000000; sector_cap_status=SOURCE_BLOCKED_SECTOR_UNAVAILABLE; matching_policy=EXACT_CANDIDATE_ID_ONLY_NO_SYMBOL_DATE_PRICE_TIME_FALLBACK
T601-3,decision-f3f6874ed8274492,decision-f3f6874ed8274492,MSFT,2026-05-21T14:00:26.317990Z,0.563636,0.0,1.0,1.0,0.0,0.913636,REJECTED,ENTRY_OR_SOURCE_BLOCKED_BY_FUNNEL,ENTRY_OR_SOURCE_BLOCKED_BY_FUNNEL,,SOURCE_BLOCKED_SECTOR_UNAVAILABLE,SOURCE_BLOCKED_NO_LIQUIDITY_FIELD,390,,0.25,0.5,INELIGIBLE_UNKNOWN,STRATEGY_FILTER_NOT_MET NO_ENTRY,0,0,,,2026-05-21T14:00:24.675960Z:MSFT,0,REJECTED: ENTRY_OR_SOURCE_BLOCKED_BY_FUNNEL; source=ENTRY_OR_SOURCE_BLOCKED_BY_FUNNEL; rank_score=0.563636; liquidity_score=0.000000; diversification_score=1.000000; cooldown_score=1.000000; existing_position_penalty=0.000000; sector_cap_status=SOURCE_BLOCKED_SECTOR_UNAVAILABLE; matching_policy=EXACT_CANDIDATE_ID_ONLY_NO_SYMBOL_DATE_PRICE_TIME_FALLBACK
T601-3,decision-f18d7c8c51bb4680,decision-f18d7c8c51bb4680,MSFT,2026-05-21T14:01:07.685499Z,0.563636,0.0,1.0,1.0,0.0,0.913636,REJECTED,ENTRY_OR_SOURCE_BLOCKED_BY_FUNNEL,ENTRY_OR_SOURCE_BLOCKED_BY_FUNNEL,,SOURCE_BLOCKED_SECTOR_UNAVAILABLE,SOURCE_BLOCKED_NO_LIQUIDITY_FIELD,390,,0.25,0.5,INELIGIBLE_UNKNOWN,STRATEGY_FILTER_NOT_MET NO_ENTRY,0,0,,,2026-05-21T14:01:04.934615Z:MSFT,0,REJECTED: ENTRY_OR_SOURCE_BLOCKED_BY_FUNNEL; source=ENTRY_OR_SOURCE_BLOCKED_BY_FUNNEL; rank_score=0.563636; liquidity_score=0.000000; diversification_score=1.000000; cooldown_score=1.000000; existing_position_penalty=0.000000; sector_cap_status=SOURCE_BLOCKED_SECTOR_UNAVAILABLE; matching_policy=EXACT_CANDIDATE_ID_ONLY_NO_SYMBOL_DATE_PRICE_TIME_FALLBACK
T601-3,decision-0df70825ad224dcf,decision-0df70825ad224dcf,MSFT,2026-05-21T14:05:34.589970Z,0.563636,0.0,1.0,1.0,0.0,0.913636,REJECTED,ENTRY_OR_SOURCE_BLOCKED_BY_FUNNEL,ENTRY_OR_SOURCE_BLOCKED_BY_FUNNEL,,SOURCE_BLOCKED_SECTOR_UNAVAILABLE,SOURCE_BLOCKED_NO_LIQUIDITY_FIELD,390,,0.25,0.5,INELIGIBLE_UNKNOWN,STRATEGY_FILTER_NOT_MET NO_ENTRY,0,0,,,2026-05-21T14:05:33.082285Z:MSFT,0,REJECTED: ENTRY_OR_SOURCE_BLOCKED_BY_FUNNEL; source=ENTRY_OR_SOURCE_BLOCKED_BY_FUNNEL; rank_score=0.563636; liquidity_score=0.000000; diversification_score=1.000000; cooldown_score=1.000000; existing_position_penalty=0.000000; sector_cap_status=SOURCE_BLOCKED_SECTOR_UNAVAILABLE; matching_policy=EXACT_CANDIDATE_ID_ONLY_NO_SYMBOL_DATE_PRICE_TIME_FALLBACK
T601-3,decision-b1022ee304f74d1a,decision-b1022ee304f74d1a,MSFT,2026-05-21T14:06:17.047837Z,0.563636,0.0,1.0,1.0,0.0,0.913636,REJECTED,ENTRY_OR_SOURCE_BLOCKED_BY_FUNNEL,ENTRY_OR_SOURCE_BLOCKED_BY_FUNNEL,,SOURCE_BLOCKED_SECTOR_UNAVAILABLE,SOURCE_BLOCKED_NO_LIQUIDITY_FIELD,390,,0.25,0.5,INELIGIBLE_UNKNOWN,STRATEGY_FILTER_NOT_MET NO_ENTRY,0,0,,,2026-05-21T14:06:15.505243Z:MSFT,0,REJECTED: ENTRY_OR_SOURCE_BLOCKED_BY_FUNNEL; source=ENTRY_OR_SOURCE_BLOCKED_BY_FUNNEL; rank_score=0.563636; liquidity_score=0.000000; diversification_score=1.000000; cooldown_score=1.000000; existing_position_penalty=0.000000; sector_cap_status=SOURCE_BLOCKED_SECTOR_UNAVAILABLE; matching_policy=EXACT_CANDIDATE_ID_ONLY_NO_SYMBOL_DATE_PRICE_TIME_FALLBACK
T601-3,decision-091debf185514ba6,decision-091debf185514ba6,MSFT,2026-05-21T14:10:41.754477Z,0.563636,0.0,1.0,1.0,0.0,0.913636,REJECTED,ENTRY_OR_SOURCE_BLOCKED_BY_FUNNEL,ENTRY_OR_SOURCE_BLOCKED_BY_FUNNEL,,SOURCE_BLOCKED_SECTOR_UNAVAILABLE,SOURCE_BLOCKED_NO_LIQUIDITY_FIELD,390,,0.25,0.5,INELIGIBLE_UNKNOWN,STRATEGY_FILTER_NOT_MET NO_ENTRY,0,0,,,2026-05-21T14:10:40.208240Z:MSFT,0,REJECTED: ENTRY_OR_SOURCE_BLOCKED_BY_FUNNEL; source=ENTRY_OR_SOURCE_BLOCKED_BY_FUNNEL; rank_score=0.563636; liquidity_score=0.000000; diversification_score=1.000000; cooldown_score=1.000000; existing_position_penalty=0.000000; sector_cap_status=SOURCE_BLOCKED_SECTOR_UNAVAILABLE; matching_policy=EXACT_CANDIDATE_ID_ONLY_NO_SYMBOL_DATE_PRICE_TIME_FALLBACK
T601-3,decision-80f52d29e20d4c0e,decision-80f52d29e20d4c0e,MSFT,2026-05-21T14:11:24.152444Z,0.563636,0.0,1.0,1.0,0.0,0.913636,REJECTED,ENTRY_OR_SOURCE_BLOCKED_BY_FUNNEL,ENTRY_OR_SOURCE_BLOCKED_BY_FUNNEL,,SOURCE_BLOCKED_SECTOR_UNAVAILABLE,SOURCE_BLOCKED_NO_LIQUIDITY_FIELD,390,,0.25,0.5,INELIGIBLE_UNKNOWN,STRATEGY_FILTER_NOT_MET NO_ENTRY,0,0,,,2026-05-21T14:11:22.676700Z:MSFT,0,REJECTED: ENTRY_OR_SOURCE_BLOCKED_BY_FUNNEL; source=ENTRY_OR_SOURCE_BLOCKED_BY_FUNNEL; rank_score=0.563636; liquidity_score=0.000000; diversification_score=1.000000; cooldown_score=1.000000; existing_position_penalty=0.000000; sector_cap_status=SOURCE_BLOCKED_SECTOR_UNAVAILABLE; matching_policy=EXACT_CANDIDATE_ID_ONLY_NO_SYMBOL_DATE_PRICE_TIME_FALLBACK
T601-3,decision-05a4ba571ca945f7,decision-05a4ba571ca945f7,MSFT,2026-05-21T14:15:48.838643Z,0.563636,0.0,1.0,1.0,0.0,0.913636,REJECTED,ENTRY_OR_SOURCE_BLOCKED_BY_FUNNEL,ENTRY_OR_SOURCE_BLOCKED_BY_FUNNEL,,SOURCE_BLOCKED_SECTOR_UNAVAILABLE,SOURCE_BLOCKED_NO_LIQUIDITY_FIELD,390,,0.25,0.5,INELIGIBLE_UNKNOWN,STRATEGY_FILTER_NOT_MET NO_ENTRY,0,0,,,2026-05-21T14:15:47.345779Z:MSFT,0,REJECTED: ENTRY_OR_SOURCE_BLOCKED_BY_FUNNEL; source=ENTRY_OR_SOURCE_BLOCKED_BY_FUNNEL; rank_score=0.563636; liquidity_score=0.000000; diversification_score=1.000000; cooldown_score=1.000000; existing_position_penalty=0.000000; sector_cap_status=SOURCE_BLOCKED_SECTOR_UNAVAILABLE; matching_policy=EXACT_CANDIDATE_ID_ONLY_NO_SYMBOL_DATE_PRICE_TIME_FALLBACK
T601-3,decision-797abab93f7a4200,decision-797abab93f7a4200,MSFT,2026-05-21T14:16:31.439489Z,0.563636,0.0,1.0,1.0,0.0,0.913636,REJECTED,ENTRY_OR_SOURCE_BLOCKED_BY_FUNNEL,ENTRY_OR_SOURCE_BLOCKED_BY_FUNNEL,,SOURCE_BLOCKED_SECTOR_UNAVAILABLE,SOURCE_BLOCKED_NO_LIQUIDITY_FIELD,390,,0.25,0.5,INELIGIBLE_UNKNOWN,STRATEGY_FILTER_NOT_MET NO_ENTRY,0,0,,,2026-05-21T14:16:29.951763Z:MSFT,0,REJECTED: ENTRY_OR_SOURCE_BLOCKED_BY_FUNNEL; source=ENTRY_OR_SOURCE_BLOCKED_BY_FUNNEL; rank_score=0.563636; liquidity_score=0.000000; diversification_score=1.000000; cooldown_score=1.000000; existing_position_penalty=0.000000; sector_cap_status=SOURCE_BLOCKED_SECTOR_UNAVAILABLE; matching_policy=EXACT_CANDIDATE_ID_ONLY_NO_SYMBOL_DATE_PRICE_TIME_FALLBACK
T601-3,decision-63f93cfbc5764151,decision-63f93cfbc5764151,MSFT,2026-05-21T14:20:56.069857Z,0.563636,0.0,1.0,1.0,0.0,0.913636,REJECTED,ENTRY_OR_SOURCE_BLOCKED_BY_FUNNEL,ENTRY_OR_SOURCE_BLOCKED_BY_FUNNEL,,SOURCE_BLOCKED_SECTOR_UNAVAILABLE,SOURCE_BLOCKED_NO_LIQUIDITY_FIELD,390,,0.25,0.5,INELIGIBLE_UNKNOWN,STRATEGY_FILTER_NOT_MET NO_ENTRY,0,0,,,2026-05-21T14:20:54.627889Z:MSFT,0,REJECTED: ENTRY_OR_SOURCE_BLOCKED_BY_FUNNEL; source=ENTRY_OR_SOURCE_BLOCKED_BY_FUNNEL; rank_score=0.563636; liquidity_score=0.000000; diversification_score=1.000000; cooldown_score=1.000000; existing_position_penalty=0.000000; sector_cap_status=SOURCE_BLOCKED_SECTOR_UNAVAILABLE; matching_policy=EXACT_CANDIDATE_ID_ONLY_NO_SYMBOL_DATE_PRICE_TIME_FALLBACK
T601-3,decision-0d08c3603a664867,decision-0d08c3603a664867,MSFT,2026-05-21T14:21:38.736354Z,0.563636,0.0,1.0,1.0,0.0,0.913636,REJECTED,ENTRY_OR_SOURCE_BLOCKED_BY_FUNNEL,ENTRY_OR_SOURCE_BLOCKED_BY_FUNNEL,,SOURCE_BLOCKED_SECTOR_UNAVAILABLE,SOURCE_BLOCKED_NO_LIQUIDITY_FIELD,390,,0.25,0.5,INELIGIBLE_UNKNOWN,STRATEGY_FILTER_NOT_MET NO_ENTRY,0,0,,,2026-05-21T14:21:37.260536Z:MSFT,0,REJECTED: ENTRY_OR_SOURCE_BLOCKED_BY_FUNNEL; source=ENTRY_OR_SOURCE_BLOCKED_BY_FUNNEL; rank_score=0.563636; liquidity_score=0.000000; diversification_score=1.000000; cooldown_score=1.000000; existing_position_penalty=0.000000; sector_cap_status=SOURCE_BLOCKED_SECTOR_UNAVAILABLE; matching_policy=EXACT_CANDIDATE_ID_ONLY_NO_SYMBOL_DATE_PRICE_TIME_FALLBACK
T601-3,decision-0a322a8219f446e4,decision-0a322a8219f446e4,MSFT,2026-05-21T14:26:03.862147Z,0.563636,0.0,1.0,1.0,0.0,0.913636,REJECTED,ENTRY_OR_SOURCE_BLOCKED_BY_FUNNEL,ENTRY_OR_SOURCE_BLOCKED_BY_FUNNEL,,SOURCE_BLOCKED_SECTOR_UNAVAILABLE,SOURCE_BLOCKED_NO_LIQUIDITY_FIELD,390,,0.25,0.5,INELIGIBLE_UNKNOWN,STRATEGY_FILTER_NOT_MET NO_ENTRY,0,0,,,2026-05-21T14:26:02.258680Z:MSFT,0,REJECTED: ENTRY_OR_SOURCE_BLOCKED_BY_FUNNEL; source=ENTRY_OR_SOURCE_BLOCKED_BY_FUNNEL; rank_score=0.563636; liquidity_score=0.000000; diversification_score=1.000000; cooldown_score=1.000000; existing_position_penalty=0.000000; sector_cap_status=SOURCE_BLOCKED_SECTOR_UNAVAILABLE; matching_policy=EXACT_CANDIDATE_ID_ONLY_NO_SYMBOL_DATE_PRICE_TIME_FALLBACK
T601-3,decision-6715393d1ed64115,decision-6715393d1ed64115,MSFT,2026-05-21T14:26:45.992367Z,0.563636,0.0,1.0,1.0,0.0,0.913636,REJECTED,ENTRY_OR_SOURCE_BLOCKED_BY_FUNNEL,ENTRY_OR_SOURCE_BLOCKED_BY_FUNNEL,,SOURCE_BLOCKED_SECTOR_UNAVAILABLE,SOURCE_BLOCKED_NO_LIQUIDITY_FIELD,390,,0.25,0.5,INELIGIBLE_UNKNOWN,STRATEGY_FILTER_NOT_MET NO_ENTRY,0,0,,,2026-05-21T14:26:44.504113Z:MSFT,0,REJECTED: ENTRY_OR_SOURCE_BLOCKED_BY_FUNNEL; source=ENTRY_OR_SOURCE_BLOCKED_BY_FUNNEL; rank_score=0.563636; liquidity_score=0.000000; diversification_score=1.000000; cooldown_score=1.000000; existing_position_penalty=0.000000; sector_cap_status=SOURCE_BLOCKED_SECTOR_UNAVAILABLE; matching_policy=EXACT_CANDIDATE_ID_ONLY_NO_SYMBOL_DATE_PRICE_TIME_FALLBACK
T601-3,decision-19963fdc4c1a4f36,decision-19963fdc4c1a4f36,MSFT,2026-05-21T14:31:11.078705Z,0.563636,0.0,1.0,1.0,0.0,0.913636,REJECTED,ENTRY_OR_SOURCE_BLOCKED_BY_FUNNEL,ENTRY_OR_SOURCE_BLOCKED_BY_FUNNEL,,SOURCE_BLOCKED_SECTOR_UNAVAILABLE,SOURCE_BLOCKED_NO_LIQUIDITY_FIELD,390,,0.25,0.5,INELIGIBLE_UNKNOWN,STRATEGY_FILTER_NOT_MET NO_ENTRY,0,0,,,2026-05-21T14:31:09.619639Z:MSFT,0,REJECTED: ENTRY_OR_SOURCE_BLOCKED_BY_FUNNEL; source=ENTRY_OR_SOURCE_BLOCKED_BY_FUNNEL; rank_score=0.563636; liquidity_score=0.000000; diversification_score=1.000000; cooldown_score=1.000000; existing_position_penalty=0.000000; sector_cap_status=SOURCE_BLOCKED_SECTOR_UNAVAILABLE; matching_policy=EXACT_CANDIDATE_ID_ONLY_NO_SYMBOL_DATE_PRICE_TIME_FALLBACK
T601-3,decision-4edf2a19f4104c81,decision-4edf2a19f4104c81,MSFT,2026-05-21T14:31:53.878118Z,0.563636,0.0,1.0,1.0,0.0,0.913636,REJECTED,ENTRY_OR_SOURCE_BLOCKED_BY_FUNNEL,ENTRY_OR_SOURCE_BLOCKED_BY_FUNNEL,,SOURCE_BLOCKED_SECTOR_UNAVAILABLE,SOURCE_BLOCKED_NO_LIQUIDITY_FIELD,390,,0.25,0.5,INELIGIBLE_UNKNOWN,STRATEGY_FILTER_NOT_MET NO_ENTRY,0,0,,,2026-05-21T14:31:52.037791Z:MSFT,0,REJECTED: ENTRY_OR_SOURCE_BLOCKED_BY_FUNNEL; source=ENTRY_OR_SOURCE_BLOCKED_BY_FUNNEL; rank_score=0.563636; liquidity_score=0.000000; diversification_score=1.000000; cooldown_score=1.000000; existing_position_penalty=0.000000; sector_cap_status=SOURCE_BLOCKED_SECTOR_UNAVAILABLE; matching_policy=EXACT_CANDIDATE_ID_ONLY_NO_SYMBOL_DATE_PRICE_TIME_FALLBACK
T601-3,decision-b4e5432aef89490b,decision-b4e5432aef89490b,MSFT,2026-05-21T14:36:18.169240Z,0.563636,0.0,1.0,1.0,0.0,0.913636,REJECTED,ENTRY_OR_SOURCE_BLOCKED_BY_FUNNEL,ENTRY_OR_SOURCE_BLOCKED_BY_FUNNEL,,SOURCE_BLOCKED_SECTOR_UNAVAILABLE,SOURCE_BLOCKED_NO_LIQUIDITY_FIELD,390,,0.25,0.5,INELIGIBLE_UNKNOWN,STRATEGY_FILTER_NOT_MET NO_ENTRY,0,0,,,2026-05-21T14:36:16.645381Z:MSFT,0,REJECTED: ENTRY_OR_SOURCE_BLOCKED_BY_FUNNEL; source=ENTRY_OR_SOURCE_BLOCKED_BY_FUNNEL; rank_score=0.563636; liquidity_score=0.000000; diversification_score=1.000000; cooldown_score=1.000000; existing_position_penalty=0.000000; sector_cap_status=SOURCE_BLOCKED_SECTOR_UNAVAILABLE; matching_policy=EXACT_CANDIDATE_ID_ONLY_NO_SYMBOL_DATE_PRICE_TIME_FALLBACK
T601-3,decision-c6385b43f0a64a2c,decision-c6385b43f0a64a2c,MSFT,2026-05-21T14:37:01.191018Z,0.563636,0.0,1.0,1.0,0.0,0.913636,REJECTED,ENTRY_OR_SOURCE_BLOCKED_BY_FUNNEL,ENTRY_OR_SOURCE_BLOCKED_BY_FUNNEL,,SOURCE_BLOCKED_SECTOR_UNAVAILABLE,SOURCE_BLOCKED_NO_LIQUIDITY_FIELD,390,,0.25,0.5,INELIGIBLE_UNKNOWN,STRATEGY_FILTER_NOT_MET NO_ENTRY,0,0,,,2026-05-21T14:36:59.479865Z:MSFT,0,REJECTED: ENTRY_OR_SOURCE_BLOCKED_BY_FUNNEL; source=ENTRY_OR_SOURCE_BLOCKED_BY_FUNNEL; rank_score=0.563636; liquidity_score=0.000000; diversification_score=1.000000; cooldown_score=1.000000; existing_position_penalty=0.000000; sector_cap_status=SOURCE_BLOCKED_SECTOR_UNAVAILABLE; matching_policy=EXACT_CANDIDATE_ID_ONLY_NO_SYMBOL_DATE_PRICE_TIME_FALLBACK
T601-3,decision-53f6292abbe54700,decision-53f6292abbe54700,MSFT,2026-05-21T14:41:25.335843Z,0.563636,0.0,1.0,1.0,0.0,0.913636,REJECTED,ENTRY_OR_SOURCE_BLOCKED_BY_FUNNEL,ENTRY_OR_SOURCE_BLOCKED_BY_FUNNEL,,SOURCE_BLOCKED_SECTOR_UNAVAILABLE,SOURCE_BLOCKED_NO_LIQUIDITY_FIELD,390,,0.25,0.5,INELIGIBLE_UNKNOWN,STRATEGY_FILTER_NOT_MET NO_ENTRY,0,0,,,2026-05-21T14:41:23.815264Z:MSFT,0,REJECTED: ENTRY_OR_SOURCE_BLOCKED_BY_FUNNEL; source=ENTRY_OR_SOURCE_BLOCKED_BY_FUNNEL; rank_score=0.563636; liquidity_score=0.000000; diversification_score=1.000000; cooldown_score=1.000000; existing_position_penalty=0.000000; sector_cap_status=SOURCE_BLOCKED_SECTOR_UNAVAILABLE; matching_policy=EXACT_CANDIDATE_ID_ONLY_NO_SYMBOL_DATE_PRICE_TIME_FALLBACK
T601-3,decision-dd80f3a472f846f2,decision-dd80f3a472f846f2,MSFT,2026-05-21T14:42:08.337608Z,0.563636,0.0,1.0,1.0,0.0,0.913636,REJECTED,ENTRY_OR_SOURCE_BLOCKED_BY_FUNNEL,ENTRY_OR_SOURCE_BLOCKED_BY_FUNNEL,,SOURCE_BLOCKED_SECTOR_UNAVAILABLE,SOURCE_BLOCKED_NO_LIQUIDITY_FIELD,390,,0.25,0.5,INELIGIBLE_UNKNOWN,STRATEGY_FILTER_NOT_MET NO_ENTRY,0,0,,,2026-05-21T14:42:06.766902Z:MSFT,0,REJECTED: ENTRY_OR_SOURCE_BLOCKED_BY_FUNNEL; source=ENTRY_OR_SOURCE_BLOCKED_BY_FUNNEL; rank_score=0.563636; liquidity_score=0.000000; diversification_score=1.000000; cooldown_score=1.000000; existing_position_penalty=0.000000; sector_cap_status=SOURCE_BLOCKED_SECTOR_UNAVAILABLE; matching_policy=EXACT_CANDIDATE_ID_ONLY_NO_SYMBOL_DATE_PRICE_TIME_FALLBACK
T601-3,decision-788c994baa47425d,decision-788c994baa47425d,MSFT,2026-05-21T14:46:32.761382Z,0.563636,0.0,1.0,1.0,0.0,0.913636,REJECTED,ENTRY_OR_SOURCE_BLOCKED_BY_FUNNEL,ENTRY_OR_SOURCE_BLOCKED_BY_FUNNEL,,SOURCE_BLOCKED_SECTOR_UNAVAILABLE,SOURCE_BLOCKED_NO_LIQUIDITY_FIELD,390,,0.25,0.5,INELIGIBLE_UNKNOWN,STRATEGY_FILTER_NOT_MET NO_ENTRY,0,0,,,2026-05-21T14:46:31.134223Z:MSFT,0,REJECTED: ENTRY_OR_SOURCE_BLOCKED_BY_FUNNEL; source=ENTRY_OR_SOURCE_BLOCKED_BY_FUNNEL; rank_score=0.563636; liquidity_score=0.000000; diversification_score=1.000000; cooldown_score=1.000000; existing_position_penalty=0.000000; sector_cap_status=SOURCE_BLOCKED_SECTOR_UNAVAILABLE; matching_policy=EXACT_CANDIDATE_ID_ONLY_NO_SYMBOL_DATE_PRICE_TIME_FALLBACK
T601-3,decision-2fc73691415f450b,decision-2fc73691415f450b,MSFT,2026-05-21T14:47:15.359388Z,0.563636,0.0,1.0,1.0,0.0,0.913636,REJECTED,ENTRY_OR_SOURCE_BLOCKED_BY_FUNNEL,ENTRY_OR_SOURCE_BLOCKED_BY_FUNNEL,,SOURCE_BLOCKED_SECTOR_UNAVAILABLE,SOURCE_BLOCKED_NO_LIQUIDITY_FIELD,390,,0.25,0.5,INELIGIBLE_UNKNOWN,STRATEGY_FILTER_NOT_MET NO_ENTRY,0,0,,,2026-05-21T14:47:13.884370Z:MSFT,0,REJECTED: ENTRY_OR_SOURCE_BLOCKED_BY_FUNNEL; source=ENTRY_OR_SOURCE_BLOCKED_BY_FUNNEL; rank_score=0.563636; liquidity_score=0.000000; diversification_score=1.000000; cooldown_score=1.000000; existing_position_penalty=0.000000; sector_cap_status=SOURCE_BLOCKED_SECTOR_UNAVAILABLE; matching_policy=EXACT_CANDIDATE_ID_ONLY_NO_SYMBOL_DATE_PRICE_TIME_FALLBACK
T601-3,decision-321456efdadf423c,decision-321456efdadf423c,MSFT,2026-05-21T14:51:39.822924Z,0.563636,0.0,1.0,1.0,0.0,0.913636,REJECTED,ENTRY_OR_SOURCE_BLOCKED_BY_FUNNEL,ENTRY_OR_SOURCE_BLOCKED_BY_FUNNEL,,SOURCE_BLOCKED_SECTOR_UNAVAILABLE,SOURCE_BLOCKED_NO_LIQUIDITY_FIELD,390,,0.25,0.5,INELIGIBLE_UNKNOWN,STRATEGY_FILTER_NOT_MET NO_ENTRY,0,0,,,2026-05-21T14:51:38.287612Z:MSFT,0,REJECTED: ENTRY_OR_SOURCE_BLOCKED_BY_FUNNEL; source=ENTRY_OR_SOURCE_BLOCKED_BY_FUNNEL; rank_score=0.563636; liquidity_score=0.000000; diversification_score=1.000000; cooldown_score=1.000000; existing_position_penalty=0.000000; sector_cap_status=SOURCE_BLOCKED_SECTOR_UNAVAILABLE; matching_policy=EXACT_CANDIDATE_ID_ONLY_NO_SYMBOL_DATE_PRICE_TIME_FALLBACK
T601-3,decision-20155bcff4ee4b92,decision-20155bcff4ee4b92,MSFT,2026-05-21T14:52:29.233842Z,0.563636,0.0,1.0,1.0,0.0,0.913636,REJECTED,ENTRY_OR_SOURCE_BLOCKED_BY_FUNNEL,ENTRY_OR_SOURCE_BLOCKED_BY_FUNNEL,,SOURCE_BLOCKED_SECTOR_UNAVAILABLE,SOURCE_BLOCKED_NO_LIQUIDITY_FIELD,390,,0.25,0.5,INELIGIBLE_UNKNOWN,STRATEGY_FILTER_NOT_MET NO_ENTRY,0,0,,,2026-05-21T14:52:27.693882Z:MSFT,0,REJECTED: ENTRY_OR_SOURCE_BLOCKED_BY_FUNNEL; source=ENTRY_OR_SOURCE_BLOCKED_BY_FUNNEL; rank_score=0.563636; liquidity_score=0.000000; diversification_score=1.000000; cooldown_score=1.000000; existing_position_penalty=0.000000; sector_cap_status=SOURCE_BLOCKED_SECTOR_UNAVAILABLE; matching_policy=EXACT_CANDIDATE_ID_ONLY_NO_SYMBOL_DATE_PRICE_TIME_FALLBACK
T601-3,decision-fedaf92e1f824f9d,decision-fedaf92e1f824f9d,MSFT,2026-05-21T14:56:46.983659Z,0.563636,0.0,1.0,1.0,0.0,0.913636,REJECTED,ENTRY_OR_SOURCE_BLOCKED_BY_FUNNEL,ENTRY_OR_SOURCE_BLOCKED_BY_FUNNEL,,SOURCE_BLOCKED_SECTOR_UNAVAILABLE,SOURCE_BLOCKED_NO_LIQUIDITY_FIELD,390,,0.25,0.5,INELIGIBLE_UNKNOWN,STRATEGY_FILTER_NOT_MET NO_ENTRY,0,0,,,2026-05-21T14:56:45.441976Z:MSFT,0,REJECTED: ENTRY_OR_SOURCE_BLOCKED_BY_FUNNEL; source=ENTRY_OR_SOURCE_BLOCKED_BY_FUNNEL; rank_score=0.563636; liquidity_score=0.000000; diversification_score=1.000000; cooldown_score=1.000000; existing_position_penalty=0.000000; sector_cap_status=SOURCE_BLOCKED_SECTOR_UNAVAILABLE; matching_policy=EXACT_CANDIDATE_ID_ONLY_NO_SYMBOL_DATE_PRICE_TIME_FALLBACK
T601-3,decision-dfe56fbebf154742,decision-dfe56fbebf154742,MSFT,2026-05-21T14:57:36.966952Z,0.563636,0.0,1.0,1.0,0.0,0.913636,REJECTED,ENTRY_OR_SOURCE_BLOCKED_BY_FUNNEL,ENTRY_OR_SOURCE_BLOCKED_BY_FUNNEL,,SOURCE_BLOCKED_SECTOR_UNAVAILABLE,SOURCE_BLOCKED_NO_LIQUIDITY_FIELD,390,,0.25,0.5,INELIGIBLE_UNKNOWN,STRATEGY_FILTER_NOT_MET NO_ENTRY,0,0,,,2026-05-21T14:57:35.487658Z:MSFT,0,REJECTED: ENTRY_OR_SOURCE_BLOCKED_BY_FUNNEL; source=ENTRY_OR_SOURCE_BLOCKED_BY_FUNNEL; rank_score=0.563636; liquidity_score=0.000000; diversification_score=1.000000; cooldown_score=1.000000; existing_position_penalty=0.000000; sector_cap_status=SOURCE_BLOCKED_SECTOR_UNAVAILABLE; matching_policy=EXACT_CANDIDATE_ID_ONLY_NO_SYMBOL_DATE_PRICE_TIME_FALLBACK
T601-3,decision-73d8e4e932ac4205,decision-73d8e4e932ac4205,MSFT,2026-05-21T15:01:54.162154Z,0.563636,0.0,1.0,1.0,0.0,0.913636,REJECTED,ENTRY_OR_SOURCE_BLOCKED_BY_FUNNEL,ENTRY_OR_SOURCE_BLOCKED_BY_FUNNEL,,SOURCE_BLOCKED_SECTOR_UNAVAILABLE,SOURCE_BLOCKED_NO_LIQUIDITY_FIELD,390,,0.25,0.5,INELIGIBLE_UNKNOWN,STRATEGY_FILTER_NOT_MET NO_ENTRY,0,0,,,2026-05-21T15:01:52.666604Z:MSFT,0,REJECTED: ENTRY_OR_SOURCE_BLOCKED_BY_FUNNEL; source=ENTRY_OR_SOURCE_BLOCKED_BY_FUNNEL; rank_score=0.563636; liquidity_score=0.000000; diversification_score=1.000000; cooldown_score=1.000000; existing_position_penalty=0.000000; sector_cap_status=SOURCE_BLOCKED_SECTOR_UNAVAILABLE; matching_policy=EXACT_CANDIDATE_ID_ONLY_NO_SYMBOL_DATE_PRICE_TIME_FALLBACK
T601-3,decision-f54a4b30c4384a4d,decision-f54a4b30c4384a4d,MSFT,2026-05-21T15:02:44.125351Z,0.563636,0.0,1.0,1.0,0.0,0.913636,REJECTED,ENTRY_OR_SOURCE_BLOCKED_BY_FUNNEL,ENTRY_OR_SOURCE_BLOCKED_BY_FUNNEL,,SOURCE_BLOCKED_SECTOR_UNAVAILABLE,SOURCE_BLOCKED_NO_LIQUIDITY_FIELD,390,,0.25,0.5,INELIGIBLE_UNKNOWN,STRATEGY_FILTER_NOT_MET NO_ENTRY,0,0,,,2026-05-21T15:02:42.557555Z:MSFT,0,REJECTED: ENTRY_OR_SOURCE_BLOCKED_BY_FUNNEL; source=ENTRY_OR_SOURCE_BLOCKED_BY_FUNNEL; rank_score=0.563636; liquidity_score=0.000000; diversification_score=1.000000; cooldown_score=1.000000; existing_position_penalty=0.000000; sector_cap_status=SOURCE_BLOCKED_SECTOR_UNAVAILABLE; matching_policy=EXACT_CANDIDATE_ID_ONLY_NO_SYMBOL_DATE_PRICE_TIME_FALLBACK
T601-3,decision-62eb67226c4245de,decision-62eb67226c4245de,MSFT,2026-05-21T15:07:02.241761Z,0.563636,0.0,1.0,1.0,0.0,0.913636,REJECTED,ENTRY_OR_SOURCE_BLOCKED_BY_FUNNEL,ENTRY_OR_SOURCE_BLOCKED_BY_FUNNEL,,SOURCE_BLOCKED_SECTOR_UNAVAILABLE,SOURCE_BLOCKED_NO_LIQUIDITY_FIELD,390,,0.25,0.5,INELIGIBLE_UNKNOWN,STRATEGY_FILTER_NOT_MET NO_ENTRY,0,0,,,2026-05-21T15:07:00.628904Z:MSFT,0,REJECTED: ENTRY_OR_SOURCE_BLOCKED_BY_FUNNEL; source=ENTRY_OR_SOURCE_BLOCKED_BY_FUNNEL; rank_score=0.563636; liquidity_score=0.000000; diversification_score=1.000000; cooldown_score=1.000000; existing_position_penalty=0.000000; sector_cap_status=SOURCE_BLOCKED_SECTOR_UNAVAILABLE; matching_policy=EXACT_CANDIDATE_ID_ONLY_NO_SYMBOL_DATE_PRICE_TIME_FALLBACK
T601-3,decision-b8e8a8b789f84822,decision-b8e8a8b789f84822,MSFT,2026-05-21T15:07:51.947780Z,0.563636,0.0,1.0,1.0,0.0,0.913636,REJECTED,ENTRY_OR_SOURCE_BLOCKED_BY_FUNNEL,ENTRY_OR_SOURCE_BLOCKED_BY_FUNNEL,,SOURCE_BLOCKED_SECTOR_UNAVAILABLE,SOURCE_BLOCKED_NO_LIQUIDITY_FIELD,390,,0.25,0.5,INELIGIBLE_UNKNOWN,STRATEGY_FILTER_NOT_MET NO_ENTRY,0,0,,,2026-05-21T15:07:50.463946Z:MSFT,0,REJECTED: ENTRY_OR_SOURCE_BLOCKED_BY_FUNNEL; source=ENTRY_OR_SOURCE_BLOCKED_BY_FUNNEL; rank_score=0.563636; liquidity_score=0.000000; diversification_score=1.000000; cooldown_score=1.000000; existing_position_penalty=0.000000; sector_cap_status=SOURCE_BLOCKED_SECTOR_UNAVAILABLE; matching_policy=EXACT_CANDIDATE_ID_ONLY_NO_SYMBOL_DATE_PRICE_TIME_FALLBACK
T601-3,decision-0a238a1ee9f44e97,decision-0a238a1ee9f44e97,MSFT,2026-05-21T15:12:09.793120Z,0.563636,0.0,1.0,1.0,0.0,0.913636,REJECTED,ENTRY_OR_SOURCE_BLOCKED_BY_FUNNEL,ENTRY_OR_SOURCE_BLOCKED_BY_FUNNEL,,SOURCE_BLOCKED_SECTOR_UNAVAILABLE,SOURCE_BLOCKED_NO_LIQUIDITY_FIELD,390,,0.25,0.5,INELIGIBLE_UNKNOWN,STRATEGY_FILTER_NOT_MET NO_ENTRY,0,0,,,2026-05-21T15:12:08.260800Z:MSFT,0,REJECTED: ENTRY_OR_SOURCE_BLOCKED_BY_FUNNEL; source=ENTRY_OR_SOURCE_BLOCKED_BY_FUNNEL; rank_score=0.563636; liquidity_score=0.000000; diversification_score=1.000000; cooldown_score=1.000000; existing_position_penalty=0.000000; sector_cap_status=SOURCE_BLOCKED_SECTOR_UNAVAILABLE; matching_policy=EXACT_CANDIDATE_ID_ONLY_NO_SYMBOL_DATE_PRICE_TIME_FALLBACK
T601-3,decision-7a3e5f7b650f4928,decision-7a3e5f7b650f4928,MSFT,2026-05-21T15:12:59.192790Z,0.563636,0.0,1.0,1.0,0.0,0.913636,REJECTED,ENTRY_OR_SOURCE_BLOCKED_BY_FUNNEL,ENTRY_OR_SOURCE_BLOCKED_BY_FUNNEL,,SOURCE_BLOCKED_SECTOR_UNAVAILABLE,SOURCE_BLOCKED_NO_LIQUIDITY_FIELD,390,,0.25,0.5,INELIGIBLE_UNKNOWN,STRATEGY_FILTER_NOT_MET NO_ENTRY,0,0,,,2026-05-21T15:12:57.619489Z:MSFT,0,REJECTED: ENTRY_OR_SOURCE_BLOCKED_BY_FUNNEL; source=ENTRY_OR_SOURCE_BLOCKED_BY_FUNNEL; rank_score=0.563636; liquidity_score=0.000000; diversification_score=1.000000; cooldown_score=1.000000; existing_position_penalty=0.000000; sector_cap_status=SOURCE_BLOCKED_SECTOR_UNAVAILABLE; matching_policy=EXACT_CANDIDATE_ID_ONLY_NO_SYMBOL_DATE_PRICE_TIME_FALLBACK
T601-3,decision-06314842216c4bfc,decision-06314842216c4bfc,MSFT,2026-05-21T15:17:18.742567Z,0.563636,0.0,1.0,1.0,0.0,0.913636,REJECTED,ENTRY_OR_SOURCE_BLOCKED_BY_FUNNEL,ENTRY_OR_SOURCE_BLOCKED_BY_FUNNEL,,SOURCE_BLOCKED_SECTOR_UNAVAILABLE,SOURCE_BLOCKED_NO_LIQUIDITY_FIELD,390,,0.25,0.5,INELIGIBLE_UNKNOWN,STRATEGY_FILTER_NOT_MET NO_ENTRY,0,0,,,2026-05-21T15:17:17.296167Z:MSFT,0,REJECTED: ENTRY_OR_SOURCE_BLOCKED_BY_FUNNEL; source=ENTRY_OR_SOURCE_BLOCKED_BY_FUNNEL; rank_score=0.563636; liquidity_score=0.000000; diversification_score=1.000000; cooldown_score=1.000000; existing_position_penalty=0.000000; sector_cap_status=SOURCE_BLOCKED_SECTOR_UNAVAILABLE; matching_policy=EXACT_CANDIDATE_ID_ONLY_NO_SYMBOL_DATE_PRICE_TIME_FALLBACK
T601-3,decision-4e0465b15f544e33,decision-4e0465b15f544e33,MSFT,2026-05-21T15:18:06.492607Z,0.563636,0.0,1.0,1.0,0.0,0.913636,REJECTED,ENTRY_OR_SOURCE_BLOCKED_BY_FUNNEL,ENTRY_OR_SOURCE_BLOCKED_BY_FUNNEL,,SOURCE_BLOCKED_SECTOR_UNAVAILABLE,SOURCE_BLOCKED_NO_LIQUIDITY_FIELD,390,,0.25,0.5,INELIGIBLE_UNKNOWN,STRATEGY_FILTER_NOT_MET NO_ENTRY,0,0,,,2026-05-21T15:18:04.998744Z:MSFT,0,REJECTED: ENTRY_OR_SOURCE_BLOCKED_BY_FUNNEL; source=ENTRY_OR_SOURCE_BLOCKED_BY_FUNNEL; rank_score=0.563636; liquidity_score=0.000000; diversification_score=1.000000; cooldown_score=1.000000; existing_position_penalty=0.000000; sector_cap_status=SOURCE_BLOCKED_SECTOR_UNAVAILABLE; matching_policy=EXACT_CANDIDATE_ID_ONLY_NO_SYMBOL_DATE_PRICE_TIME_FALLBACK
T601-3,decision-d436ead7c56f4dfe,decision-d436ead7c56f4dfe,MSFT,2026-05-21T15:22:26.280577Z,0.563636,0.0,1.0,1.0,0.0,0.913636,REJECTED,ENTRY_OR_SOURCE_BLOCKED_BY_FUNNEL,ENTRY_OR_SOURCE_BLOCKED_BY_FUNNEL,,SOURCE_BLOCKED_SECTOR_UNAVAILABLE,SOURCE_BLOCKED_NO_LIQUIDITY_FIELD,390,,0.25,0.5,INELIGIBLE_UNKNOWN,STRATEGY_FILTER_NOT_MET NO_ENTRY,0,0,,,2026-05-21T15:22:24.838705Z:MSFT,0,REJECTED: ENTRY_OR_SOURCE_BLOCKED_BY_FUNNEL; source=ENTRY_OR_SOURCE_BLOCKED_BY_FUNNEL; rank_score=0.563636; liquidity_score=0.000000; diversification_score=1.000000; cooldown_score=1.000000; existing_position_penalty=0.000000; sector_cap_status=SOURCE_BLOCKED_SECTOR_UNAVAILABLE; matching_policy=EXACT_CANDIDATE_ID_ONLY_NO_SYMBOL_DATE_PRICE_TIME_FALLBACK
T601-3,decision-6d61fac8ff6547de,decision-6d61fac8ff6547de,AMZN,2026-05-21T15:23:14.206674Z,0.531818,0.0,0.333333,1.0,0.666667,0.581818,SELECTED,PASSED_RANK_LIQUIDITY_DIVERSIFICATION_COOLDOWN_POSITION_CONTROLS,ELIGIBLE_FROM_FUNNEL,,SOURCE_BLOCKED_SECTOR_UNAVAILABLE,SOURCE_BLOCKED_NO_LIQUIDITY_FIELD,390,1424.605,0.25,0.5,ELIGIBLE,,1,1,36548.0,0000036548:2026-05-21T15:27:35.040421Z:ORDER_STATUS,2026-05-21T15:23:12.632290Z:AMZN,0,SELECTED: PASSED_RANK_LIQUIDITY_DIVERSIFICATION_COOLDOWN_POSITION_CONTROLS; source=ELIGIBLE_FROM_FUNNEL; rank_score=0.531818; liquidity_score=0.000000; diversification_score=0.333333; cooldown_score=1.000000; existing_position_penalty=0.666667; sector_cap_status=SOURCE_BLOCKED_SECTOR_UNAVAILABLE; matching_policy=EXACT_CANDIDATE_ID_ONLY_NO_SYMBOL_DATE_PRICE_TIME_FALLBACK
T601-3,decision-79d6059a4c16425c,decision-79d6059a4c16425c,AMZN,2026-05-21T15:27:34.270859Z,0.531818,0.0,0.0,0.0,1.0,0.331818,REJECTED,SAME_SYMBOL_CAP_0.25,ELIGIBLE_FROM_FUNNEL,,SOURCE_BLOCKED_SECTOR_UNAVAILABLE,SOURCE_BLOCKED_NO_LIQUIDITY_FIELD,390,4.3344,0.25,0.5,ELIGIBLE,,1,1,36625.0,0000036625:2026-05-21T15:27:39.106480Z:ORDER_STATUS,2026-05-21T15:27:32.687526Z:AMZN,0,REJECTED: SAME_SYMBOL_CAP_0.25; source=ELIGIBLE_FROM_FUNNEL; rank_score=0.531818; liquidity_score=0.000000; diversification_score=0.000000; cooldown_score=0.000000; existing_position_penalty=1.000000; sector_cap_status=SOURCE_BLOCKED_SECTOR_UNAVAILABLE; matching_policy=EXACT_CANDIDATE_ID_ONLY_NO_SYMBOL_DATE_PRICE_TIME_FALLBACK
T601-3,decision-c15b948c0a074a03,decision-c15b948c0a074a03,AMZN,2026-05-21T15:28:22.679323Z,0.531818,0.0,0.0,0.0,1.0,0.331818,REJECTED,SAME_SYMBOL_CAP_0.25,ELIGIBLE_FROM_FUNNEL,,SOURCE_BLOCKED_SECTOR_UNAVAILABLE,SOURCE_BLOCKED_NO_LIQUIDITY_FIELD,390,5.1412,0.25,0.5,ELIGIBLE,,1,1,36643.0,0000036643:2026-05-21T15:33:32.683929Z:ORDER_STATUS,2026-05-21T15:28:21.236507Z:AMZN,0,REJECTED: SAME_SYMBOL_CAP_0.25; source=ELIGIBLE_FROM_FUNNEL; rank_score=0.531818; liquidity_score=0.000000; diversification_score=0.000000; cooldown_score=0.000000; existing_position_penalty=1.000000; sector_cap_status=SOURCE_BLOCKED_SECTOR_UNAVAILABLE; matching_policy=EXACT_CANDIDATE_ID_ONLY_NO_SYMBOL_DATE_PRICE_TIME_FALLBACK
T601-3,decision-9af8a4b8e2f7441b,decision-9af8a4b8e2f7441b,AMZN,2026-05-21T15:32:46.231557Z,0.531818,0.0,0.0,0.0,1.0,0.331818,REJECTED,SAME_SYMBOL_CAP_0.25,ELIGIBLE_FROM_FUNNEL,,SOURCE_BLOCKED_SECTOR_UNAVAILABLE,SOURCE_BLOCKED_NO_LIQUIDITY_FIELD,390,9.5337,0.25,0.5,ELIGIBLE,,0,0,,,2026-05-21T15:32:44.741009Z:AMZN,0,REJECTED: SAME_SYMBOL_CAP_0.25; source=ELIGIBLE_FROM_FUNNEL; rank_score=0.531818; liquidity_score=0.000000; diversification_score=0.000000; cooldown_score=0.000000; existing_position_penalty=1.000000; sector_cap_status=SOURCE_BLOCKED_SECTOR_UNAVAILABLE; matching_policy=EXACT_CANDIDATE_ID_ONLY_NO_SYMBOL_DATE_PRICE_TIME_FALLBACK
T601-3,decision-e8870c754dd9420b,decision-e8870c754dd9420b,AMZN,2026-05-21T15:33:31.808782Z,0.531818,0.0,0.0,0.0,1.0,0.331818,REJECTED,SAME_SYMBOL_CAP_0.25,ELIGIBLE_FROM_FUNNEL,,SOURCE_BLOCKED_SECTOR_UNAVAILABLE,SOURCE_BLOCKED_NO_LIQUIDITY_FIELD,390,10.2934,0.25,0.5,ELIGIBLE,,0,0,,,2026-05-21T15:33:30.135311Z:AMZN,0,REJECTED: SAME_SYMBOL_CAP_0.25; source=ELIGIBLE_FROM_FUNNEL; rank_score=0.531818; liquidity_score=0.000000; diversification_score=0.000000; cooldown_score=0.000000; existing_position_penalty=1.000000; sector_cap_status=SOURCE_BLOCKED_SECTOR_UNAVAILABLE; matching_policy=EXACT_CANDIDATE_ID_ONLY_NO_SYMBOL_DATE_PRICE_TIME_FALLBACK
T601-3,decision-3a6e2ff3f2474f7b,decision-3a6e2ff3f2474f7b,MSFT,2026-05-21T15:38:01.358054Z,0.563636,0.0,1.0,1.0,0.0,0.913636,REJECTED,ENTRY_OR_SOURCE_BLOCKED_BY_FUNNEL,ENTRY_OR_SOURCE_BLOCKED_BY_FUNNEL,,SOURCE_BLOCKED_SECTOR_UNAVAILABLE,SOURCE_BLOCKED_NO_LIQUIDITY_FIELD,390,,0.25,0.5,INELIGIBLE_UNKNOWN,STRATEGY_FILTER_NOT_MET NO_ENTRY,0,0,,,2026-05-21T15:37:59.531557Z:MSFT,0,REJECTED: ENTRY_OR_SOURCE_BLOCKED_BY_FUNNEL; source=ENTRY_OR_SOURCE_BLOCKED_BY_FUNNEL; rank_score=0.563636; liquidity_score=0.000000; diversification_score=1.000000; cooldown_score=1.000000; existing_position_penalty=0.000000; sector_cap_status=SOURCE_BLOCKED_SECTOR_UNAVAILABLE; matching_policy=EXACT_CANDIDATE_ID_ONLY_NO_SYMBOL_DATE_PRICE_TIME_FALLBACK
T601-3,decision-c2bb656a41f247a2,decision-c2bb656a41f247a2,MSFT,2026-05-21T15:38:40.193398Z,0.563636,0.0,1.0,1.0,0.0,0.913636,REJECTED,ENTRY_OR_SOURCE_BLOCKED_BY_FUNNEL,ENTRY_OR_SOURCE_BLOCKED_BY_FUNNEL,,SOURCE_BLOCKED_SECTOR_UNAVAILABLE,SOURCE_BLOCKED_NO_LIQUIDITY_FIELD,390,,0.25,0.5,INELIGIBLE_UNKNOWN,STRATEGY_FILTER_NOT_MET NO_ENTRY,0,0,,,2026-05-21T15:38:38.530464Z:MSFT,0,REJECTED: ENTRY_OR_SOURCE_BLOCKED_BY_FUNNEL; source=ENTRY_OR_SOURCE_BLOCKED_BY_FUNNEL; rank_score=0.563636; liquidity_score=0.000000; diversification_score=1.000000; cooldown_score=1.000000; existing_position_penalty=0.000000; sector_cap_status=SOURCE_BLOCKED_SECTOR_UNAVAILABLE; matching_policy=EXACT_CANDIDATE_ID_ONLY_NO_SYMBOL_DATE_PRICE_TIME_FALLBACK
T601-3,decision-81701bfd8cd54195,decision-81701bfd8cd54195,MSFT,2026-05-21T15:43:10.790012Z,0.563636,0.0,1.0,1.0,0.0,0.913636,REJECTED,ENTRY_OR_SOURCE_BLOCKED_BY_FUNNEL,ENTRY_OR_SOURCE_BLOCKED_BY_FUNNEL,,SOURCE_BLOCKED_SECTOR_UNAVAILABLE,SOURCE_BLOCKED_NO_LIQUIDITY_FIELD,390,,0.25,0.5,INELIGIBLE_UNKNOWN,STRATEGY_FILTER_NOT_MET NO_ENTRY,0,0,,,2026-05-21T15:43:09.281029Z:MSFT,0,REJECTED: ENTRY_OR_SOURCE_BLOCKED_BY_FUNNEL; source=ENTRY_OR_SOURCE_BLOCKED_BY_FUNNEL; rank_score=0.563636; liquidity_score=0.000000; diversification_score=1.000000; cooldown_score=1.000000; existing_position_penalty=0.000000; sector_cap_status=SOURCE_BLOCKED_SECTOR_UNAVAILABLE; matching_policy=EXACT_CANDIDATE_ID_ONLY_NO_SYMBOL_DATE_PRICE_TIME_FALLBACK
T601-3,decision-a3bd2896f0f24e7a,decision-a3bd2896f0f24e7a,MSFT,2026-05-21T15:43:48.408019Z,0.563636,0.0,1.0,1.0,0.0,0.913636,REJECTED,ENTRY_OR_SOURCE_BLOCKED_BY_FUNNEL,ENTRY_OR_SOURCE_BLOCKED_BY_FUNNEL,,SOURCE_BLOCKED_SECTOR_UNAVAILABLE,SOURCE_BLOCKED_NO_LIQUIDITY_FIELD,390,,0.25,0.5,INELIGIBLE_UNKNOWN,STRATEGY_FILTER_NOT_MET NO_ENTRY,0,0,,,2026-05-21T15:43:46.811294Z:MSFT,0,REJECTED: ENTRY_OR_SOURCE_BLOCKED_BY_FUNNEL; source=ENTRY_OR_SOURCE_BLOCKED_BY_FUNNEL; rank_score=0.563636; liquidity_score=0.000000; diversification_score=1.000000; cooldown_score=1.000000; existing_position_penalty=0.000000; sector_cap_status=SOURCE_BLOCKED_SECTOR_UNAVAILABLE; matching_policy=EXACT_CANDIDATE_ID_ONLY_NO_SYMBOL_DATE_PRICE_TIME_FALLBACK
T601-3,decision-7c15320103574473,decision-7c15320103574473,MSFT,2026-05-21T15:48:19.531876Z,0.563636,0.0,1.0,1.0,0.0,0.913636,REJECTED,ENTRY_OR_SOURCE_BLOCKED_BY_FUNNEL,ENTRY_OR_SOURCE_BLOCKED_BY_FUNNEL,,SOURCE_BLOCKED_SECTOR_UNAVAILABLE,SOURCE_BLOCKED_NO_LIQUIDITY_FIELD,390,,0.25,0.5,INELIGIBLE_UNKNOWN,STRATEGY_FILTER_NOT_MET NO_ENTRY,0,0,,,2026-05-21T15:48:18.113641Z:MSFT,0,REJECTED: ENTRY_OR_SOURCE_BLOCKED_BY_FUNNEL; source=ENTRY_OR_SOURCE_BLOCKED_BY_FUNNEL; rank_score=0.563636; liquidity_score=0.000000; diversification_score=1.000000; cooldown_score=1.000000; existing_position_penalty=0.000000; sector_cap_status=SOURCE_BLOCKED_SECTOR_UNAVAILABLE; matching_policy=EXACT_CANDIDATE_ID_ONLY_NO_SYMBOL_DATE_PRICE_TIME_FALLBACK
T601-3,decision-73534767eef7454d,decision-73534767eef7454d,MSFT,2026-05-21T15:48:57.699284Z,0.563636,0.0,1.0,1.0,0.0,0.913636,REJECTED,ENTRY_OR_SOURCE_BLOCKED_BY_FUNNEL,ENTRY_OR_SOURCE_BLOCKED_BY_FUNNEL,,SOURCE_BLOCKED_SECTOR_UNAVAILABLE,SOURCE_BLOCKED_NO_LIQUIDITY_FIELD,390,,0.25,0.5,INELIGIBLE_UNKNOWN,STRATEGY_FILTER_NOT_MET NO_ENTRY,0,0,,,2026-05-21T15:48:56.259458Z:MSFT,0,REJECTED: ENTRY_OR_SOURCE_BLOCKED_BY_FUNNEL; source=ENTRY_OR_SOURCE_BLOCKED_BY_FUNNEL; rank_score=0.563636; liquidity_score=0.000000; diversification_score=1.000000; cooldown_score=1.000000; existing_position_penalty=0.000000; sector_cap_status=SOURCE_BLOCKED_SECTOR_UNAVAILABLE; matching_policy=EXACT_CANDIDATE_ID_ONLY_NO_SYMBOL_DATE_PRICE_TIME_FALLBACK
T601-3,decision-0809f141914d4dfb,decision-0809f141914d4dfb,AMZN,2026-05-21T15:53:27.786860Z,0.531818,0.0,0.0,0.0,1.0,0.331818,REJECTED,SAME_SYMBOL_CAP_0.25,ELIGIBLE_FROM_FUNNEL,,SOURCE_BLOCKED_SECTOR_UNAVAILABLE,SOURCE_BLOCKED_NO_LIQUIDITY_FIELD,390,30.2263,0.25,0.5,ELIGIBLE,,0,0,,,2026-05-21T15:53:26.232875Z:AMZN,0,REJECTED: SAME_SYMBOL_CAP_0.25; source=ELIGIBLE_FROM_FUNNEL; rank_score=0.531818; liquidity_score=0.000000; diversification_score=0.000000; cooldown_score=0.000000; existing_position_penalty=1.000000; sector_cap_status=SOURCE_BLOCKED_SECTOR_UNAVAILABLE; matching_policy=EXACT_CANDIDATE_ID_ONLY_NO_SYMBOL_DATE_PRICE_TIME_FALLBACK
T601-3,decision-07877c2672c84ef8,decision-07877c2672c84ef8,AMZN,2026-05-21T15:54:05.398565Z,0.531818,0.0,0.0,0.0,1.0,0.331818,REJECTED,SAME_SYMBOL_CAP_0.25,ELIGIBLE_FROM_FUNNEL,,SOURCE_BLOCKED_SECTOR_UNAVAILABLE,SOURCE_BLOCKED_NO_LIQUIDITY_FIELD,390,30.8532,0.25,0.5,ELIGIBLE,,0,0,,,2026-05-21T15:54:03.734314Z:AMZN,0,REJECTED: SAME_SYMBOL_CAP_0.25; source=ELIGIBLE_FROM_FUNNEL; rank_score=0.531818; liquidity_score=0.000000; diversification_score=0.000000; cooldown_score=0.000000; existing_position_penalty=1.000000; sector_cap_status=SOURCE_BLOCKED_SECTOR_UNAVAILABLE; matching_policy=EXACT_CANDIDATE_ID_ONLY_NO_SYMBOL_DATE_PRICE_TIME_FALLBACK
T601-3,decision-a137021875ee4a2c,decision-a137021875ee4a2c,AMZN,2026-05-21T15:58:35.872694Z,0.531818,0.0,0.0,0.0,1.0,0.331818,REJECTED,SAME_SYMBOL_CAP_0.25,ELIGIBLE_FROM_FUNNEL,,SOURCE_BLOCKED_SECTOR_UNAVAILABLE,SOURCE_BLOCKED_NO_LIQUIDITY_FIELD,390,35.3611,0.25,0.5,ELIGIBLE,,0,0,,,2026-05-21T15:58:34.295873Z:AMZN,0,REJECTED: SAME_SYMBOL_CAP_0.25; source=ELIGIBLE_FROM_FUNNEL; rank_score=0.531818; liquidity_score=0.000000; diversification_score=0.000000; cooldown_score=0.000000; existing_position_penalty=1.000000; sector_cap_status=SOURCE_BLOCKED_SECTOR_UNAVAILABLE; matching_policy=EXACT_CANDIDATE_ID_ONLY_NO_SYMBOL_DATE_PRICE_TIME_FALLBACK
T601-3,decision-0d5950e6076a42ef,decision-0d5950e6076a42ef,AMZN,2026-05-21T15:59:13.418496Z,0.531818,0.0,0.0,0.0,1.0,0.331818,REJECTED,SAME_SYMBOL_CAP_0.25,ELIGIBLE_FROM_FUNNEL,,SOURCE_BLOCKED_SECTOR_UNAVAILABLE,SOURCE_BLOCKED_NO_LIQUIDITY_FIELD,390,35.9869,0.25,0.5,ELIGIBLE,,0,0,,,2026-05-21T15:59:11.972591Z:AMZN,0,REJECTED: SAME_SYMBOL_CAP_0.25; source=ELIGIBLE_FROM_FUNNEL; rank_score=0.531818; liquidity_score=0.000000; diversification_score=0.000000; cooldown_score=0.000000; existing_position_penalty=1.000000; sector_cap_status=SOURCE_BLOCKED_SECTOR_UNAVAILABLE; matching_policy=EXACT_CANDIDATE_ID_ONLY_NO_SYMBOL_DATE_PRICE_TIME_FALLBACK
T601-3,decision-fbc2426ca599433f,decision-fbc2426ca599433f,AMZN,2026-05-21T16:03:43.272418Z,0.531818,0.0,0.0,0.0,1.0,0.331818,REJECTED,SAME_SYMBOL_CAP_0.25,ELIGIBLE_FROM_FUNNEL,,SOURCE_BLOCKED_SECTOR_UNAVAILABLE,SOURCE_BLOCKED_NO_LIQUIDITY_FIELD,390,40.4844,0.25,0.5,ELIGIBLE,,0,0,,,2026-05-21T16:03:41.792914Z:AMZN,0,REJECTED: SAME_SYMBOL_CAP_0.25; source=ELIGIBLE_FROM_FUNNEL; rank_score=0.531818; liquidity_score=0.000000; diversification_score=0.000000; cooldown_score=0.000000; existing_position_penalty=1.000000; sector_cap_status=SOURCE_BLOCKED_SECTOR_UNAVAILABLE; matching_policy=EXACT_CANDIDATE_ID_ONLY_NO_SYMBOL_DATE_PRICE_TIME_FALLBACK
T601-3,decision-0df85362f1e043cb,decision-0df85362f1e043cb,AMZN,2026-05-21T16:04:21.626554Z,0.531818,0.0,0.0,0.0,1.0,0.331818,REJECTED,SAME_SYMBOL_CAP_0.25,ELIGIBLE_FROM_FUNNEL,,SOURCE_BLOCKED_SECTOR_UNAVAILABLE,SOURCE_BLOCKED_NO_LIQUIDITY_FIELD,390,41.1237,0.25,0.5,ELIGIBLE,,0,0,,,2026-05-21T16:04:20.205529Z:AMZN,0,REJECTED: SAME_SYMBOL_CAP_0.25; source=ELIGIBLE_FROM_FUNNEL; rank_score=0.531818; liquidity_score=0.000000; diversification_score=0.000000; cooldown_score=0.000000; existing_position_penalty=1.000000; sector_cap_status=SOURCE_BLOCKED_SECTOR_UNAVAILABLE; matching_policy=EXACT_CANDIDATE_ID_ONLY_NO_SYMBOL_DATE_PRICE_TIME_FALLBACK
T601-3,decision-e118a5c7434d44c3,decision-e118a5c7434d44c3,MSFT,2026-05-21T16:08:51.243625Z,0.563636,0.0,1.0,1.0,0.0,0.913636,REJECTED,ENTRY_OR_SOURCE_BLOCKED_BY_FUNNEL,ENTRY_OR_SOURCE_BLOCKED_BY_FUNNEL,,SOURCE_BLOCKED_SECTOR_UNAVAILABLE,SOURCE_BLOCKED_NO_LIQUIDITY_FIELD,390,,0.25,0.5,INELIGIBLE_UNKNOWN,STRATEGY_FILTER_NOT_MET NO_ENTRY,0,0,,,2026-05-21T16:08:49.723770Z:MSFT,0,REJECTED: ENTRY_OR_SOURCE_BLOCKED_BY_FUNNEL; source=ENTRY_OR_SOURCE_BLOCKED_BY_FUNNEL; rank_score=0.563636; liquidity_score=0.000000; diversification_score=1.000000; cooldown_score=1.000000; existing_position_penalty=0.000000; sector_cap_status=SOURCE_BLOCKED_SECTOR_UNAVAILABLE; matching_policy=EXACT_CANDIDATE_ID_ONLY_NO_SYMBOL_DATE_PRICE_TIME_FALLBACK
T601-3,decision-c8221043db584215,decision-c8221043db584215,MSFT,2026-05-21T16:09:29.548469Z,0.563636,0.0,1.0,1.0,0.0,0.913636,REJECTED,ENTRY_OR_SOURCE_BLOCKED_BY_FUNNEL,ENTRY_OR_SOURCE_BLOCKED_BY_FUNNEL,,SOURCE_BLOCKED_SECTOR_UNAVAILABLE,SOURCE_BLOCKED_NO_LIQUIDITY_FIELD,390,,0.25,0.5,INELIGIBLE_UNKNOWN,STRATEGY_FILTER_NOT_MET NO_ENTRY,0,0,,,2026-05-21T16:09:28.101280Z:MSFT,0,REJECTED: ENTRY_OR_SOURCE_BLOCKED_BY_FUNNEL; source=ENTRY_OR_SOURCE_BLOCKED_BY_FUNNEL; rank_score=0.563636; liquidity_score=0.000000; diversification_score=1.000000; cooldown_score=1.000000; existing_position_penalty=0.000000; sector_cap_status=SOURCE_BLOCKED_SECTOR_UNAVAILABLE; matching_policy=EXACT_CANDIDATE_ID_ONLY_NO_SYMBOL_DATE_PRICE_TIME_FALLBACK
T601-3,decision-c379e39d16c84a6b,decision-c379e39d16c84a6b,MSFT,2026-05-21T16:13:58.846166Z,0.563636,0.0,1.0,1.0,0.0,0.913636,REJECTED,ENTRY_OR_SOURCE_BLOCKED_BY_FUNNEL,ENTRY_OR_SOURCE_BLOCKED_BY_FUNNEL,,SOURCE_BLOCKED_SECTOR_UNAVAILABLE,SOURCE_BLOCKED_NO_LIQUIDITY_FIELD,390,,0.25,0.5,INELIGIBLE_UNKNOWN,STRATEGY_FILTER_NOT_MET NO_ENTRY,0,0,,,2026-05-21T16:13:57.227555Z:MSFT,0,REJECTED: ENTRY_OR_SOURCE_BLOCKED_BY_FUNNEL; source=ENTRY_OR_SOURCE_BLOCKED_BY_FUNNEL; rank_score=0.563636; liquidity_score=0.000000; diversification_score=1.000000; cooldown_score=1.000000; existing_position_penalty=0.000000; sector_cap_status=SOURCE_BLOCKED_SECTOR_UNAVAILABLE; matching_policy=EXACT_CANDIDATE_ID_ONLY_NO_SYMBOL_DATE_PRICE_TIME_FALLBACK
T601-3,decision-76f17c9aa84c44cb,decision-76f17c9aa84c44cb,MSFT,2026-05-21T16:14:38.032034Z,0.563636,0.0,1.0,1.0,0.0,0.913636,REJECTED,ENTRY_OR_SOURCE_BLOCKED_BY_FUNNEL,ENTRY_OR_SOURCE_BLOCKED_BY_FUNNEL,,SOURCE_BLOCKED_SECTOR_UNAVAILABLE,SOURCE_BLOCKED_NO_LIQUIDITY_FIELD,390,,0.25,0.5,INELIGIBLE_UNKNOWN,STRATEGY_FILTER_NOT_MET NO_ENTRY,0,0,,,2026-05-21T16:14:36.479248Z:MSFT,0,REJECTED: ENTRY_OR_SOURCE_BLOCKED_BY_FUNNEL; source=ENTRY_OR_SOURCE_BLOCKED_BY_FUNNEL; rank_score=0.563636; liquidity_score=0.000000; diversification_score=1.000000; cooldown_score=1.000000; existing_position_penalty=0.000000; sector_cap_status=SOURCE_BLOCKED_SECTOR_UNAVAILABLE; matching_policy=EXACT_CANDIDATE_ID_ONLY_NO_SYMBOL_DATE_PRICE_TIME_FALLBACK
T601-3,decision-6b7acaaff42f4c63,decision-6b7acaaff42f4c63,MSFT,2026-05-21T16:19:07.302127Z,0.563636,0.0,1.0,1.0,0.0,0.913636,REJECTED,ENTRY_OR_SOURCE_BLOCKED_BY_FUNNEL,ENTRY_OR_SOURCE_BLOCKED_BY_FUNNEL,,SOURCE_BLOCKED_SECTOR_UNAVAILABLE,SOURCE_BLOCKED_NO_LIQUIDITY_FIELD,390,,0.25,0.5,INELIGIBLE_UNKNOWN,STRATEGY_FILTER_NOT_MET NO_ENTRY,0,0,,,2026-05-21T16:19:05.847273Z:MSFT,0,REJECTED: ENTRY_OR_SOURCE_BLOCKED_BY_FUNNEL; source=ENTRY_OR_SOURCE_BLOCKED_BY_FUNNEL; rank_score=0.563636; liquidity_score=0.000000; diversification_score=1.000000; cooldown_score=1.000000; existing_position_penalty=0.000000; sector_cap_status=SOURCE_BLOCKED_SECTOR_UNAVAILABLE; matching_policy=EXACT_CANDIDATE_ID_ONLY_NO_SYMBOL_DATE_PRICE_TIME_FALLBACK
T601-3,decision-1588fef0f82341c0,decision-1588fef0f82341c0,MSFT,2026-05-21T16:19:46.493791Z,0.563636,0.0,1.0,1.0,0.0,0.913636,REJECTED,ENTRY_OR_SOURCE_BLOCKED_BY_FUNNEL,ENTRY_OR_SOURCE_BLOCKED_BY_FUNNEL,,SOURCE_BLOCKED_SECTOR_UNAVAILABLE,SOURCE_BLOCKED_NO_LIQUIDITY_FIELD,390,,0.25,0.5,INELIGIBLE_UNKNOWN,STRATEGY_FILTER_NOT_MET NO_ENTRY,0,0,,,2026-05-21T16:19:45.014643Z:MSFT,0,REJECTED: ENTRY_OR_SOURCE_BLOCKED_BY_FUNNEL; source=ENTRY_OR_SOURCE_BLOCKED_BY_FUNNEL; rank_score=0.563636; liquidity_score=0.000000; diversification_score=1.000000; cooldown_score=1.000000; existing_position_penalty=0.000000; sector_cap_status=SOURCE_BLOCKED_SECTOR_UNAVAILABLE; matching_policy=EXACT_CANDIDATE_ID_ONLY_NO_SYMBOL_DATE_PRICE_TIME_FALLBACK
T601-3,decision-2a4fe9e5e6054219,decision-2a4fe9e5e6054219,MSFT,2026-05-21T16:24:14.985464Z,0.563636,0.0,1.0,1.0,0.0,0.913636,REJECTED,ENTRY_OR_SOURCE_BLOCKED_BY_FUNNEL,ENTRY_OR_SOURCE_BLOCKED_BY_FUNNEL,,SOURCE_BLOCKED_SECTOR_UNAVAILABLE,SOURCE_BLOCKED_NO_LIQUIDITY_FIELD,390,,0.25,0.5,INELIGIBLE_UNKNOWN,STRATEGY_FILTER_NOT_MET NO_ENTRY,0,0,,,2026-05-21T16:24:13.554441Z:MSFT,0,REJECTED: ENTRY_OR_SOURCE_BLOCKED_BY_FUNNEL; source=ENTRY_OR_SOURCE_BLOCKED_BY_FUNNEL; rank_score=0.563636; liquidity_score=0.000000; diversification_score=1.000000; cooldown_score=1.000000; existing_position_penalty=0.000000; sector_cap_status=SOURCE_BLOCKED_SECTOR_UNAVAILABLE; matching_policy=EXACT_CANDIDATE_ID_ONLY_NO_SYMBOL_DATE_PRICE_TIME_FALLBACK
T601-3,decision-77af90b9f6d54a12,decision-77af90b9f6d54a12,MSFT,2026-05-21T16:24:54.722874Z,0.563636,0.0,1.0,1.0,0.0,0.913636,REJECTED,ENTRY_OR_SOURCE_BLOCKED_BY_FUNNEL,ENTRY_OR_SOURCE_BLOCKED_BY_FUNNEL,,SOURCE_BLOCKED_SECTOR_UNAVAILABLE,SOURCE_BLOCKED_NO_LIQUIDITY_FIELD,390,,0.25,0.5,INELIGIBLE_UNKNOWN,STRATEGY_FILTER_NOT_MET NO_ENTRY,0,0,,,2026-05-21T16:24:53.263896Z:MSFT,0,REJECTED: ENTRY_OR_SOURCE_BLOCKED_BY_FUNNEL; source=ENTRY_OR_SOURCE_BLOCKED_BY_FUNNEL; rank_score=0.563636; liquidity_score=0.000000; diversification_score=1.000000; cooldown_score=1.000000; existing_position_penalty=0.000000; sector_cap_status=SOURCE_BLOCKED_SECTOR_UNAVAILABLE; matching_policy=EXACT_CANDIDATE_ID_ONLY_NO_SYMBOL_DATE_PRICE_TIME_FALLBACK
T601-3,decision-234d6a59131248e3,decision-234d6a59131248e3,MSFT,2026-05-21T16:29:22.936028Z,0.563636,0.0,1.0,1.0,0.0,0.913636,REJECTED,ENTRY_OR_SOURCE_BLOCKED_BY_FUNNEL,ENTRY_OR_SOURCE_BLOCKED_BY_FUNNEL,,SOURCE_BLOCKED_SECTOR_UNAVAILABLE,SOURCE_BLOCKED_NO_LIQUIDITY_FIELD,390,,0.25,0.5,INELIGIBLE_UNKNOWN,STRATEGY_FILTER_NOT_MET NO_ENTRY,0,0,,,2026-05-21T16:29:21.323989Z:MSFT,0,REJECTED: ENTRY_OR_SOURCE_BLOCKED_BY_FUNNEL; source=ENTRY_OR_SOURCE_BLOCKED_BY_FUNNEL; rank_score=0.563636; liquidity_score=0.000000; diversification_score=1.000000; cooldown_score=1.000000; existing_position_penalty=0.000000; sector_cap_status=SOURCE_BLOCKED_SECTOR_UNAVAILABLE; matching_policy=EXACT_CANDIDATE_ID_ONLY_NO_SYMBOL_DATE_PRICE_TIME_FALLBACK
T601-3,decision-8f74be143b0d4248,decision-8f74be143b0d4248,AMZN,2026-05-21T16:30:02.746257Z,0.531818,0.0,0.0,0.0,1.0,0.331818,REJECTED,ENTRY_OR_SOURCE_BLOCKED_BY_FUNNEL,ENTRY_OR_SOURCE_BLOCKED_BY_FUNNEL,,SOURCE_BLOCKED_SECTOR_UNAVAILABLE,SOURCE_BLOCKED_NO_LIQUIDITY_FIELD,390,66.809,0.25,0.5,INELIGIBLE_UNKNOWN,STRATEGY_FILTER_NOT_MET NO_ENTRY,0,0,,,2026-05-21T16:30:01.138100Z:AMZN,0,REJECTED: ENTRY_OR_SOURCE_BLOCKED_BY_FUNNEL; source=ENTRY_OR_SOURCE_BLOCKED_BY_FUNNEL; rank_score=0.531818; liquidity_score=0.000000; diversification_score=0.000000; cooldown_score=0.000000; existing_position_penalty=1.000000; sector_cap_status=SOURCE_BLOCKED_SECTOR_UNAVAILABLE; matching_policy=EXACT_CANDIDATE_ID_ONLY_NO_SYMBOL_DATE_PRICE_TIME_FALLBACK
T601-3,decision-7d09b2e890574f20,decision-7d09b2e890574f20,AMZN,2026-05-21T16:34:30.833231Z,0.531818,0.0,0.0,0.0,1.0,0.331818,REJECTED,ENTRY_OR_SOURCE_BLOCKED_BY_FUNNEL,ENTRY_OR_SOURCE_BLOCKED_BY_FUNNEL,,SOURCE_BLOCKED_SECTOR_UNAVAILABLE,SOURCE_BLOCKED_NO_LIQUIDITY_FIELD,390,71.2771,0.25,0.5,INELIGIBLE_UNKNOWN,STRATEGY_FILTER_NOT_MET NO_ENTRY,0,0,,,2026-05-21T16:34:29.288230Z:AMZN,0,REJECTED: ENTRY_OR_SOURCE_BLOCKED_BY_FUNNEL; source=ENTRY_OR_SOURCE_BLOCKED_BY_FUNNEL; rank_score=0.531818; liquidity_score=0.000000; diversification_score=0.000000; cooldown_score=0.000000; existing_position_penalty=1.000000; sector_cap_status=SOURCE_BLOCKED_SECTOR_UNAVAILABLE; matching_policy=EXACT_CANDIDATE_ID_ONLY_NO_SYMBOL_DATE_PRICE_TIME_FALLBACK
T601-3,decision-c4b0757f1e7340eb,decision-c4b0757f1e7340eb,AMZN,2026-05-21T16:35:11.097209Z,0.531818,0.0,0.0,0.0,1.0,0.331818,REJECTED,ENTRY_OR_SOURCE_BLOCKED_BY_FUNNEL,ENTRY_OR_SOURCE_BLOCKED_BY_FUNNEL,,SOURCE_BLOCKED_SECTOR_UNAVAILABLE,SOURCE_BLOCKED_NO_LIQUIDITY_FIELD,390,71.9482,0.25,0.5,INELIGIBLE_UNKNOWN,STRATEGY_FILTER_NOT_MET NO_ENTRY,0,0,,,2026-05-21T16:35:09.503906Z:AMZN,0,REJECTED: ENTRY_OR_SOURCE_BLOCKED_BY_FUNNEL; source=ENTRY_OR_SOURCE_BLOCKED_BY_FUNNEL; rank_score=0.531818; liquidity_score=0.000000; diversification_score=0.000000; cooldown_score=0.000000; existing_position_penalty=1.000000; sector_cap_status=SOURCE_BLOCKED_SECTOR_UNAVAILABLE; matching_policy=EXACT_CANDIDATE_ID_ONLY_NO_SYMBOL_DATE_PRICE_TIME_FALLBACK
T601-3,decision-de2e65614df74ea4,decision-de2e65614df74ea4,MSFT,2026-05-21T16:39:38.336371Z,0.563636,0.0,1.0,1.0,0.0,0.913636,REJECTED,ENTRY_OR_SOURCE_BLOCKED_BY_FUNNEL,ENTRY_OR_SOURCE_BLOCKED_BY_FUNNEL,,SOURCE_BLOCKED_SECTOR_UNAVAILABLE,SOURCE_BLOCKED_NO_LIQUIDITY_FIELD,390,,0.25,0.5,INELIGIBLE_UNKNOWN,STRATEGY_FILTER_NOT_MET NO_ENTRY,0,0,,,2026-05-21T16:39:36.947321Z:MSFT,0,REJECTED: ENTRY_OR_SOURCE_BLOCKED_BY_FUNNEL; source=ENTRY_OR_SOURCE_BLOCKED_BY_FUNNEL; rank_score=0.563636; liquidity_score=0.000000; diversification_score=1.000000; cooldown_score=1.000000; existing_position_penalty=0.000000; sector_cap_status=SOURCE_BLOCKED_SECTOR_UNAVAILABLE; matching_policy=EXACT_CANDIDATE_ID_ONLY_NO_SYMBOL_DATE_PRICE_TIME_FALLBACK
T601-3,decision-9ff312e54c0e4e8e,decision-9ff312e54c0e4e8e,MSFT,2026-05-21T16:40:19.084116Z,0.563636,0.0,1.0,1.0,0.0,0.913636,REJECTED,ENTRY_OR_SOURCE_BLOCKED_BY_FUNNEL,ENTRY_OR_SOURCE_BLOCKED_BY_FUNNEL,,SOURCE_BLOCKED_SECTOR_UNAVAILABLE,SOURCE_BLOCKED_NO_LIQUIDITY_FIELD,390,,0.25,0.5,INELIGIBLE_UNKNOWN,STRATEGY_FILTER_NOT_MET NO_ENTRY,0,0,,,2026-05-21T16:40:17.477350Z:MSFT,0,REJECTED: ENTRY_OR_SOURCE_BLOCKED_BY_FUNNEL; source=ENTRY_OR_SOURCE_BLOCKED_BY_FUNNEL; rank_score=0.563636; liquidity_score=0.000000; diversification_score=1.000000; cooldown_score=1.000000; existing_position_penalty=0.000000; sector_cap_status=SOURCE_BLOCKED_SECTOR_UNAVAILABLE; matching_policy=EXACT_CANDIDATE_ID_ONLY_NO_SYMBOL_DATE_PRICE_TIME_FALLBACK
T601-3,decision-281d40aa6f8a4ca1,decision-281d40aa6f8a4ca1,MSFT,2026-05-21T16:44:46.748690Z,0.563636,0.0,1.0,1.0,0.0,0.913636,REJECTED,ENTRY_OR_SOURCE_BLOCKED_BY_FUNNEL,ENTRY_OR_SOURCE_BLOCKED_BY_FUNNEL,,SOURCE_BLOCKED_SECTOR_UNAVAILABLE,SOURCE_BLOCKED_NO_LIQUIDITY_FIELD,390,,0.25,0.5,INELIGIBLE_UNKNOWN,STRATEGY_FILTER_NOT_MET NO_ENTRY,0,0,,,2026-05-21T16:44:45.219410Z:MSFT,0,REJECTED: ENTRY_OR_SOURCE_BLOCKED_BY_FUNNEL; source=ENTRY_OR_SOURCE_BLOCKED_BY_FUNNEL; rank_score=0.563636; liquidity_score=0.000000; diversification_score=1.000000; cooldown_score=1.000000; existing_position_penalty=0.000000; sector_cap_status=SOURCE_BLOCKED_SECTOR_UNAVAILABLE; matching_policy=EXACT_CANDIDATE_ID_ONLY_NO_SYMBOL_DATE_PRICE_TIME_FALLBACK
T601-3,decision-93372c6989594872,decision-93372c6989594872,MSFT,2026-05-21T16:45:26.444883Z,0.563636,0.0,1.0,1.0,0.0,0.913636,REJECTED,ENTRY_OR_SOURCE_BLOCKED_BY_FUNNEL,ENTRY_OR_SOURCE_BLOCKED_BY_FUNNEL,,SOURCE_BLOCKED_SECTOR_UNAVAILABLE,SOURCE_BLOCKED_NO_LIQUIDITY_FIELD,390,,0.25,0.5,INELIGIBLE_UNKNOWN,STRATEGY_FILTER_NOT_MET NO_ENTRY,0,0,,,2026-05-21T16:45:24.891833Z:MSFT,0,REJECTED: ENTRY_OR_SOURCE_BLOCKED_BY_FUNNEL; source=ENTRY_OR_SOURCE_BLOCKED_BY_FUNNEL; rank_score=0.563636; liquidity_score=0.000000; diversification_score=1.000000; cooldown_score=1.000000; existing_position_penalty=0.000000; sector_cap_status=SOURCE_BLOCKED_SECTOR_UNAVAILABLE; matching_policy=EXACT_CANDIDATE_ID_ONLY_NO_SYMBOL_DATE_PRICE_TIME_FALLBACK
T601-3,decision-42bc963bc9ff4bc3,decision-42bc963bc9ff4bc3,MSFT,2026-05-21T16:49:55.073076Z,0.563636,0.0,1.0,1.0,0.0,0.913636,REJECTED,ENTRY_OR_SOURCE_BLOCKED_BY_FUNNEL,ENTRY_OR_SOURCE_BLOCKED_BY_FUNNEL,,SOURCE_BLOCKED_SECTOR_UNAVAILABLE,SOURCE_BLOCKED_NO_LIQUIDITY_FIELD,390,,0.25,0.5,INELIGIBLE_UNKNOWN,STRATEGY_FILTER_NOT_MET NO_ENTRY,0,0,,,2026-05-21T16:49:53.540355Z:MSFT,0,REJECTED: ENTRY_OR_SOURCE_BLOCKED_BY_FUNNEL; source=ENTRY_OR_SOURCE_BLOCKED_BY_FUNNEL; rank_score=0.563636; liquidity_score=0.000000; diversification_score=1.000000; cooldown_score=1.000000; existing_position_penalty=0.000000; sector_cap_status=SOURCE_BLOCKED_SECTOR_UNAVAILABLE; matching_policy=EXACT_CANDIDATE_ID_ONLY_NO_SYMBOL_DATE_PRICE_TIME_FALLBACK
T601-3,decision-7a0b9263175347a2,decision-7a0b9263175347a2,MSFT,2026-05-21T16:50:35.092279Z,0.563636,0.0,1.0,1.0,0.0,0.913636,REJECTED,ENTRY_OR_SOURCE_BLOCKED_BY_FUNNEL,ENTRY_OR_SOURCE_BLOCKED_BY_FUNNEL,,SOURCE_BLOCKED_SECTOR_UNAVAILABLE,SOURCE_BLOCKED_NO_LIQUIDITY_FIELD,390,,0.25,0.5,INELIGIBLE_UNKNOWN,STRATEGY_FILTER_NOT_MET NO_ENTRY,0,0,,,2026-05-21T16:50:33.458105Z:MSFT,0,REJECTED: ENTRY_OR_SOURCE_BLOCKED_BY_FUNNEL; source=ENTRY_OR_SOURCE_BLOCKED_BY_FUNNEL; rank_score=0.563636; liquidity_score=0.000000; diversification_score=1.000000; cooldown_score=1.000000; existing_position_penalty=0.000000; sector_cap_status=SOURCE_BLOCKED_SECTOR_UNAVAILABLE; matching_policy=EXACT_CANDIDATE_ID_ONLY_NO_SYMBOL_DATE_PRICE_TIME_FALLBACK
T601-3,decision-af598ecaf8f04b2c,decision-af598ecaf8f04b2c,MSFT,2026-05-21T16:55:03.212122Z,0.563636,0.0,1.0,1.0,0.0,0.913636,REJECTED,ENTRY_OR_SOURCE_BLOCKED_BY_FUNNEL,ENTRY_OR_SOURCE_BLOCKED_BY_FUNNEL,,SOURCE_BLOCKED_SECTOR_UNAVAILABLE,SOURCE_BLOCKED_NO_LIQUIDITY_FIELD,390,,0.25,0.5,INELIGIBLE_UNKNOWN,STRATEGY_FILTER_NOT_MET NO_ENTRY,0,0,,,2026-05-21T16:55:01.435182Z:MSFT,0,REJECTED: ENTRY_OR_SOURCE_BLOCKED_BY_FUNNEL; source=ENTRY_OR_SOURCE_BLOCKED_BY_FUNNEL; rank_score=0.563636; liquidity_score=0.000000; diversification_score=1.000000; cooldown_score=1.000000; existing_position_penalty=0.000000; sector_cap_status=SOURCE_BLOCKED_SECTOR_UNAVAILABLE; matching_policy=EXACT_CANDIDATE_ID_ONLY_NO_SYMBOL_DATE_PRICE_TIME_FALLBACK
T601-3,decision-d135a50b7ef64d7a,decision-d135a50b7ef64d7a,MSFT,2026-05-21T16:55:43.043937Z,0.563636,0.0,1.0,1.0,0.0,0.913636,REJECTED,ENTRY_OR_SOURCE_BLOCKED_BY_FUNNEL,ENTRY_OR_SOURCE_BLOCKED_BY_FUNNEL,,SOURCE_BLOCKED_SECTOR_UNAVAILABLE,SOURCE_BLOCKED_NO_LIQUIDITY_FIELD,390,,0.25,0.5,INELIGIBLE_UNKNOWN,STRATEGY_FILTER_NOT_MET NO_ENTRY,0,0,,,2026-05-21T16:55:41.459598Z:MSFT,0,REJECTED: ENTRY_OR_SOURCE_BLOCKED_BY_FUNNEL; source=ENTRY_OR_SOURCE_BLOCKED_BY_FUNNEL; rank_score=0.563636; liquidity_score=0.000000; diversification_score=1.000000; cooldown_score=1.000000; existing_position_penalty=0.000000; sector_cap_status=SOURCE_BLOCKED_SECTOR_UNAVAILABLE; matching_policy=EXACT_CANDIDATE_ID_ONLY_NO_SYMBOL_DATE_PRICE_TIME_FALLBACK
T601-3,decision-6aef44c1cde64972,decision-6aef44c1cde64972,MSFT,2026-05-21T17:00:11.133160Z,0.563636,0.0,1.0,1.0,0.0,0.913636,REJECTED,ENTRY_OR_SOURCE_BLOCKED_BY_FUNNEL,ENTRY_OR_SOURCE_BLOCKED_BY_FUNNEL,,SOURCE_BLOCKED_SECTOR_UNAVAILABLE,SOURCE_BLOCKED_NO_LIQUIDITY_FIELD,390,,0.25,0.5,INELIGIBLE_UNKNOWN,STRATEGY_FILTER_NOT_MET NO_ENTRY,0,0,,,2026-05-21T17:00:09.552249Z:MSFT,0,REJECTED: ENTRY_OR_SOURCE_BLOCKED_BY_FUNNEL; source=ENTRY_OR_SOURCE_BLOCKED_BY_FUNNEL; rank_score=0.563636; liquidity_score=0.000000; diversification_score=1.000000; cooldown_score=1.000000; existing_position_penalty=0.000000; sector_cap_status=SOURCE_BLOCKED_SECTOR_UNAVAILABLE; matching_policy=EXACT_CANDIDATE_ID_ONLY_NO_SYMBOL_DATE_PRICE_TIME_FALLBACK
T601-3,decision-7a84be56712f4082,decision-7a84be56712f4082,MSFT,2026-05-21T17:00:51.120219Z,0.563636,0.0,1.0,1.0,0.0,0.913636,REJECTED,ENTRY_OR_SOURCE_BLOCKED_BY_FUNNEL,ENTRY_OR_SOURCE_BLOCKED_BY_FUNNEL,,SOURCE_BLOCKED_SECTOR_UNAVAILABLE,SOURCE_BLOCKED_NO_LIQUIDITY_FIELD,390,,0.25,0.5,INELIGIBLE_UNKNOWN,STRATEGY_FILTER_NOT_MET NO_ENTRY,0,0,,,2026-05-21T17:00:49.515691Z:MSFT,0,REJECTED: ENTRY_OR_SOURCE_BLOCKED_BY_FUNNEL; source=ENTRY_OR_SOURCE_BLOCKED_BY_FUNNEL; rank_score=0.563636; liquidity_score=0.000000; diversification_score=1.000000; cooldown_score=1.000000; existing_position_penalty=0.000000; sector_cap_status=SOURCE_BLOCKED_SECTOR_UNAVAILABLE; matching_policy=EXACT_CANDIDATE_ID_ONLY_NO_SYMBOL_DATE_PRICE_TIME_FALLBACK
T601-3,decision-625e882b33554b32,decision-625e882b33554b32,MSFT,2026-05-21T17:05:20.309261Z,0.563636,0.0,1.0,1.0,0.0,0.913636,REJECTED,ENTRY_OR_SOURCE_BLOCKED_BY_FUNNEL,ENTRY_OR_SOURCE_BLOCKED_BY_FUNNEL,,SOURCE_BLOCKED_SECTOR_UNAVAILABLE,SOURCE_BLOCKED_NO_LIQUIDITY_FIELD,390,,0.25,0.5,INELIGIBLE_UNKNOWN,STRATEGY_FILTER_NOT_MET NO_ENTRY,0,0,,,2026-05-21T17:05:18.847772Z:MSFT,0,REJECTED: ENTRY_OR_SOURCE_BLOCKED_BY_FUNNEL; source=ENTRY_OR_SOURCE_BLOCKED_BY_FUNNEL; rank_score=0.563636; liquidity_score=0.000000; diversification_score=1.000000; cooldown_score=1.000000; existing_position_penalty=0.000000; sector_cap_status=SOURCE_BLOCKED_SECTOR_UNAVAILABLE; matching_policy=EXACT_CANDIDATE_ID_ONLY_NO_SYMBOL_DATE_PRICE_TIME_FALLBACK
T601-3,decision-cab9ee40034448cd,decision-cab9ee40034448cd,AMZN,2026-05-21T17:05:59.205071Z,0.531818,0.0,0.0,0.0,1.0,0.331818,REJECTED,SAME_SYMBOL_CAP_0.25,ELIGIBLE_FROM_FUNNEL,,SOURCE_BLOCKED_SECTOR_UNAVAILABLE,SOURCE_BLOCKED_NO_LIQUIDITY_FIELD,390,102.75,0.25,0.5,ELIGIBLE,,0,0,,,2026-05-21T17:05:57.557728Z:AMZN,0,REJECTED: SAME_SYMBOL_CAP_0.25; source=ELIGIBLE_FROM_FUNNEL; rank_score=0.531818; liquidity_score=0.000000; diversification_score=0.000000; cooldown_score=0.000000; existing_position_penalty=1.000000; sector_cap_status=SOURCE_BLOCKED_SECTOR_UNAVAILABLE; matching_policy=EXACT_CANDIDATE_ID_ONLY_NO_SYMBOL_DATE_PRICE_TIME_FALLBACK
T601-3,decision-d2f6ad98ea084883,decision-d2f6ad98ea084883,AMZN,2026-05-21T17:10:28.828245Z,0.531818,0.0,0.0,0.0,1.0,0.331818,REJECTED,SAME_SYMBOL_CAP_0.25,ELIGIBLE_FROM_FUNNEL,,SOURCE_BLOCKED_SECTOR_UNAVAILABLE,SOURCE_BLOCKED_NO_LIQUIDITY_FIELD,390,107.2437,0.25,0.5,ELIGIBLE,,0,0,,,2026-05-21T17:10:27.169016Z:AMZN,0,REJECTED: SAME_SYMBOL_CAP_0.25; source=ELIGIBLE_FROM_FUNNEL; rank_score=0.531818; liquidity_score=0.000000; diversification_score=0.000000; cooldown_score=0.000000; existing_position_penalty=1.000000; sector_cap_status=SOURCE_BLOCKED_SECTOR_UNAVAILABLE; matching_policy=EXACT_CANDIDATE_ID_ONLY_NO_SYMBOL_DATE_PRICE_TIME_FALLBACK
T601-3,decision-a54a77dd7fe447c0,decision-a54a77dd7fe447c0,AMZN,2026-05-21T17:11:07.218117Z,0.531818,0.0,0.0,0.0,1.0,0.331818,REJECTED,SAME_SYMBOL_CAP_0.25,ELIGIBLE_FROM_FUNNEL,,SOURCE_BLOCKED_SECTOR_UNAVAILABLE,SOURCE_BLOCKED_NO_LIQUIDITY_FIELD,390,107.8835,0.25,0.5,ELIGIBLE,,0,0,,,2026-05-21T17:11:05.754770Z:AMZN,0,REJECTED: SAME_SYMBOL_CAP_0.25; source=ELIGIBLE_FROM_FUNNEL; rank_score=0.531818; liquidity_score=0.000000; diversification_score=0.000000; cooldown_score=0.000000; existing_position_penalty=1.000000; sector_cap_status=SOURCE_BLOCKED_SECTOR_UNAVAILABLE; matching_policy=EXACT_CANDIDATE_ID_ONLY_NO_SYMBOL_DATE_PRICE_TIME_FALLBACK
T601-3,decision-3aa5b049a1f64ea2,decision-3aa5b049a1f64ea2,MSFT,2026-05-21T17:15:37.155025Z,0.563636,0.0,1.0,1.0,0.0,0.913636,REJECTED,ENTRY_OR_SOURCE_BLOCKED_BY_FUNNEL,ENTRY_OR_SOURCE_BLOCKED_BY_FUNNEL,,SOURCE_BLOCKED_SECTOR_UNAVAILABLE,SOURCE_BLOCKED_NO_LIQUIDITY_FIELD,390,,0.25,0.5,INELIGIBLE_UNKNOWN,STRATEGY_FILTER_NOT_MET NO_ENTRY,0,0,,,2026-05-21T17:15:35.660083Z:MSFT,0,REJECTED: ENTRY_OR_SOURCE_BLOCKED_BY_FUNNEL; source=ENTRY_OR_SOURCE_BLOCKED_BY_FUNNEL; rank_score=0.563636; liquidity_score=0.000000; diversification_score=1.000000; cooldown_score=1.000000; existing_position_penalty=0.000000; sector_cap_status=SOURCE_BLOCKED_SECTOR_UNAVAILABLE; matching_policy=EXACT_CANDIDATE_ID_ONLY_NO_SYMBOL_DATE_PRICE_TIME_FALLBACK
T601-3,decision-c9b5cd48f87d4094,decision-c9b5cd48f87d4094,MSFT,2026-05-21T17:16:16.503295Z,0.563636,0.0,1.0,1.0,0.0,0.913636,REJECTED,ENTRY_OR_SOURCE_BLOCKED_BY_FUNNEL,ENTRY_OR_SOURCE_BLOCKED_BY_FUNNEL,,SOURCE_BLOCKED_SECTOR_UNAVAILABLE,SOURCE_BLOCKED_NO_LIQUIDITY_FIELD,390,,0.25,0.5,INELIGIBLE_UNKNOWN,STRATEGY_FILTER_NOT_MET NO_ENTRY,0,0,,,2026-05-21T17:16:14.968936Z:MSFT,0,REJECTED: ENTRY_OR_SOURCE_BLOCKED_BY_FUNNEL; source=ENTRY_OR_SOURCE_BLOCKED_BY_FUNNEL; rank_score=0.563636; liquidity_score=0.000000; diversification_score=1.000000; cooldown_score=1.000000; existing_position_penalty=0.000000; sector_cap_status=SOURCE_BLOCKED_SECTOR_UNAVAILABLE; matching_policy=EXACT_CANDIDATE_ID_ONLY_NO_SYMBOL_DATE_PRICE_TIME_FALLBACK
T601-3,decision-3aca26ee788d45d4,decision-3aca26ee788d45d4,MSFT,2026-05-21T17:20:45.242493Z,0.563636,0.0,1.0,1.0,0.0,0.913636,REJECTED,ENTRY_OR_SOURCE_BLOCKED_BY_FUNNEL,ENTRY_OR_SOURCE_BLOCKED_BY_FUNNEL,,SOURCE_BLOCKED_SECTOR_UNAVAILABLE,SOURCE_BLOCKED_NO_LIQUIDITY_FIELD,390,,0.25,0.5,INELIGIBLE_UNKNOWN,STRATEGY_FILTER_NOT_MET NO_ENTRY,0,0,,,2026-05-21T17:20:43.677668Z:MSFT,0,REJECTED: ENTRY_OR_SOURCE_BLOCKED_BY_FUNNEL; source=ENTRY_OR_SOURCE_BLOCKED_BY_FUNNEL; rank_score=0.563636; liquidity_score=0.000000; diversification_score=1.000000; cooldown_score=1.000000; existing_position_penalty=0.000000; sector_cap_status=SOURCE_BLOCKED_SECTOR_UNAVAILABLE; matching_policy=EXACT_CANDIDATE_ID_ONLY_NO_SYMBOL_DATE_PRICE_TIME_FALLBACK
T601-3,decision-61ecf89a45a649a3,decision-61ecf89a45a649a3,MSFT,2026-05-21T17:21:24.830133Z,0.563636,0.0,1.0,1.0,0.0,0.913636,REJECTED,ENTRY_OR_SOURCE_BLOCKED_BY_FUNNEL,ENTRY_OR_SOURCE_BLOCKED_BY_FUNNEL,,SOURCE_BLOCKED_SECTOR_UNAVAILABLE,SOURCE_BLOCKED_NO_LIQUIDITY_FIELD,390,,0.25,0.5,INELIGIBLE_UNKNOWN,STRATEGY_FILTER_NOT_MET NO_ENTRY,0,0,,,2026-05-21T17:21:23.262488Z:MSFT,0,REJECTED: ENTRY_OR_SOURCE_BLOCKED_BY_FUNNEL; source=ENTRY_OR_SOURCE_BLOCKED_BY_FUNNEL; rank_score=0.563636; liquidity_score=0.000000; diversification_score=1.000000; cooldown_score=1.000000; existing_position_penalty=0.000000; sector_cap_status=SOURCE_BLOCKED_SECTOR_UNAVAILABLE; matching_policy=EXACT_CANDIDATE_ID_ONLY_NO_SYMBOL_DATE_PRICE_TIME_FALLBACK
T601-3,decision-5e67429e4e1e4809,decision-5e67429e4e1e4809,MSFT,2026-05-21T17:25:53.084832Z,0.563636,0.0,1.0,1.0,0.0,0.913636,REJECTED,ENTRY_OR_SOURCE_BLOCKED_BY_FUNNEL,ENTRY_OR_SOURCE_BLOCKED_BY_FUNNEL,,SOURCE_BLOCKED_SECTOR_UNAVAILABLE,SOURCE_BLOCKED_NO_LIQUIDITY_FIELD,390,,0.25,0.5,INELIGIBLE_UNKNOWN,STRATEGY_FILTER_NOT_MET NO_ENTRY,0,0,,,2026-05-21T17:25:51.580752Z:MSFT,0,REJECTED: ENTRY_OR_SOURCE_BLOCKED_BY_FUNNEL; source=ENTRY_OR_SOURCE_BLOCKED_BY_FUNNEL; rank_score=0.563636; liquidity_score=0.000000; diversification_score=1.000000; cooldown_score=1.000000; existing_position_penalty=0.000000; sector_cap_status=SOURCE_BLOCKED_SECTOR_UNAVAILABLE; matching_policy=EXACT_CANDIDATE_ID_ONLY_NO_SYMBOL_DATE_PRICE_TIME_FALLBACK
T601-3,decision-868222b7f0a041e9,decision-868222b7f0a041e9,MSFT,2026-05-21T17:26:33.006522Z,0.563636,0.0,1.0,1.0,0.0,0.913636,REJECTED,ENTRY_OR_SOURCE_BLOCKED_BY_FUNNEL,ENTRY_OR_SOURCE_BLOCKED_BY_FUNNEL,,SOURCE_BLOCKED_SECTOR_UNAVAILABLE,SOURCE_BLOCKED_NO_LIQUIDITY_FIELD,390,,0.25,0.5,INELIGIBLE_UNKNOWN,STRATEGY_FILTER_NOT_MET NO_ENTRY,0,0,,,2026-05-21T17:26:31.310537Z:MSFT,0,REJECTED: ENTRY_OR_SOURCE_BLOCKED_BY_FUNNEL; source=ENTRY_OR_SOURCE_BLOCKED_BY_FUNNEL; rank_score=0.563636; liquidity_score=0.000000; diversification_score=1.000000; cooldown_score=1.000000; existing_position_penalty=0.000000; sector_cap_status=SOURCE_BLOCKED_SECTOR_UNAVAILABLE; matching_policy=EXACT_CANDIDATE_ID_ONLY_NO_SYMBOL_DATE_PRICE_TIME_FALLBACK
T601-3,decision-5a07d4d696d24faf,decision-5a07d4d696d24faf,MSFT,2026-05-21T17:31:01.063460Z,0.563636,0.0,1.0,1.0,0.0,0.913636,REJECTED,ENTRY_OR_SOURCE_BLOCKED_BY_FUNNEL,ENTRY_OR_SOURCE_BLOCKED_BY_FUNNEL,,SOURCE_BLOCKED_SECTOR_UNAVAILABLE,SOURCE_BLOCKED_NO_LIQUIDITY_FIELD,390,,0.25,0.5,INELIGIBLE_UNKNOWN,STRATEGY_FILTER_NOT_MET NO_ENTRY,0,0,,,2026-05-21T17:30:59.521477Z:MSFT,0,REJECTED: ENTRY_OR_SOURCE_BLOCKED_BY_FUNNEL; source=ENTRY_OR_SOURCE_BLOCKED_BY_FUNNEL; rank_score=0.563636; liquidity_score=0.000000; diversification_score=1.000000; cooldown_score=1.000000; existing_position_penalty=0.000000; sector_cap_status=SOURCE_BLOCKED_SECTOR_UNAVAILABLE; matching_policy=EXACT_CANDIDATE_ID_ONLY_NO_SYMBOL_DATE_PRICE_TIME_FALLBACK
T601-3,decision-5660063bfd314552,decision-5660063bfd314552,MSFT,2026-05-21T17:31:40.743915Z,0.563636,0.0,1.0,1.0,0.0,0.913636,REJECTED,ENTRY_OR_SOURCE_BLOCKED_BY_FUNNEL,ENTRY_OR_SOURCE_BLOCKED_BY_FUNNEL,,SOURCE_BLOCKED_SECTOR_UNAVAILABLE,SOURCE_BLOCKED_NO_LIQUIDITY_FIELD,390,,0.25,0.5,INELIGIBLE_UNKNOWN,STRATEGY_FILTER_NOT_MET NO_ENTRY,0,0,,,2026-05-21T17:31:39.288200Z:MSFT,0,REJECTED: ENTRY_OR_SOURCE_BLOCKED_BY_FUNNEL; source=ENTRY_OR_SOURCE_BLOCKED_BY_FUNNEL; rank_score=0.563636; liquidity_score=0.000000; diversification_score=1.000000; cooldown_score=1.000000; existing_position_penalty=0.000000; sector_cap_status=SOURCE_BLOCKED_SECTOR_UNAVAILABLE; matching_policy=EXACT_CANDIDATE_ID_ONLY_NO_SYMBOL_DATE_PRICE_TIME_FALLBACK
T601-3,decision-b7a52bfbfdab4eb9,decision-b7a52bfbfdab4eb9,MSFT,2026-05-21T17:36:09.149915Z,0.563636,0.0,1.0,1.0,0.0,0.913636,REJECTED,ENTRY_OR_SOURCE_BLOCKED_BY_FUNNEL,ENTRY_OR_SOURCE_BLOCKED_BY_FUNNEL,,SOURCE_BLOCKED_SECTOR_UNAVAILABLE,SOURCE_BLOCKED_NO_LIQUIDITY_FIELD,390,,0.25,0.5,INELIGIBLE_UNKNOWN,STRATEGY_FILTER_NOT_MET NO_ENTRY,0,0,,,2026-05-21T17:36:07.636557Z:MSFT,0,REJECTED: ENTRY_OR_SOURCE_BLOCKED_BY_FUNNEL; source=ENTRY_OR_SOURCE_BLOCKED_BY_FUNNEL; rank_score=0.563636; liquidity_score=0.000000; diversification_score=1.000000; cooldown_score=1.000000; existing_position_penalty=0.000000; sector_cap_status=SOURCE_BLOCKED_SECTOR_UNAVAILABLE; matching_policy=EXACT_CANDIDATE_ID_ONLY_NO_SYMBOL_DATE_PRICE_TIME_FALLBACK
T601-3,decision-0bb7d62aaaa94a41,decision-0bb7d62aaaa94a41,MSFT,2026-05-21T17:36:48.532911Z,0.563636,0.0,1.0,1.0,0.0,0.913636,REJECTED,ENTRY_OR_SOURCE_BLOCKED_BY_FUNNEL,ENTRY_OR_SOURCE_BLOCKED_BY_FUNNEL,,SOURCE_BLOCKED_SECTOR_UNAVAILABLE,SOURCE_BLOCKED_NO_LIQUIDITY_FIELD,390,,0.25,0.5,INELIGIBLE_UNKNOWN,STRATEGY_FILTER_NOT_MET NO_ENTRY,0,0,,,2026-05-21T17:36:47.112202Z:MSFT,0,REJECTED: ENTRY_OR_SOURCE_BLOCKED_BY_FUNNEL; source=ENTRY_OR_SOURCE_BLOCKED_BY_FUNNEL; rank_score=0.563636; liquidity_score=0.000000; diversification_score=1.000000; cooldown_score=1.000000; existing_position_penalty=0.000000; sector_cap_status=SOURCE_BLOCKED_SECTOR_UNAVAILABLE; matching_policy=EXACT_CANDIDATE_ID_ONLY_NO_SYMBOL_DATE_PRICE_TIME_FALLBACK
T601-3,decision-1563fe0540d94f69,decision-1563fe0540d94f69,MSFT,2026-05-21T17:41:17.072901Z,0.563636,0.0,1.0,1.0,0.0,0.913636,REJECTED,ENTRY_OR_SOURCE_BLOCKED_BY_FUNNEL,ENTRY_OR_SOURCE_BLOCKED_BY_FUNNEL,,SOURCE_BLOCKED_SECTOR_UNAVAILABLE,SOURCE_BLOCKED_NO_LIQUIDITY_FIELD,390,,0.25,0.5,INELIGIBLE_UNKNOWN,STRATEGY_FILTER_NOT_MET NO_ENTRY,0,0,,,2026-05-21T17:41:15.585269Z:MSFT,0,REJECTED: ENTRY_OR_SOURCE_BLOCKED_BY_FUNNEL; source=ENTRY_OR_SOURCE_BLOCKED_BY_FUNNEL; rank_score=0.563636; liquidity_score=0.000000; diversification_score=1.000000; cooldown_score=1.000000; existing_position_penalty=0.000000; sector_cap_status=SOURCE_BLOCKED_SECTOR_UNAVAILABLE; matching_policy=EXACT_CANDIDATE_ID_ONLY_NO_SYMBOL_DATE_PRICE_TIME_FALLBACK
T601-3,decision-5c2035a785394f05,decision-5c2035a785394f05,AMZN,2026-05-21T17:41:56.681533Z,0.531818,0.0,0.0,0.0,1.0,0.331818,REJECTED,SAME_SYMBOL_CAP_0.25,ELIGIBLE_FROM_FUNNEL,,SOURCE_BLOCKED_SECTOR_UNAVAILABLE,SOURCE_BLOCKED_NO_LIQUIDITY_FIELD,390,138.7079,0.25,0.5,ELIGIBLE,,0,0,,,2026-05-21T17:41:55.115141Z:AMZN,0,REJECTED: SAME_SYMBOL_CAP_0.25; source=ELIGIBLE_FROM_FUNNEL; rank_score=0.531818; liquidity_score=0.000000; diversification_score=0.000000; cooldown_score=0.000000; existing_position_penalty=1.000000; sector_cap_status=SOURCE_BLOCKED_SECTOR_UNAVAILABLE; matching_policy=EXACT_CANDIDATE_ID_ONLY_NO_SYMBOL_DATE_PRICE_TIME_FALLBACK
T601-3,decision-710ef3fff4be4775,decision-710ef3fff4be4775,MSFT,2026-05-21T17:46:24.914625Z,0.563636,0.0,1.0,1.0,0.0,0.913636,REJECTED,ENTRY_OR_SOURCE_BLOCKED_BY_FUNNEL,ENTRY_OR_SOURCE_BLOCKED_BY_FUNNEL,,SOURCE_BLOCKED_SECTOR_UNAVAILABLE,SOURCE_BLOCKED_NO_LIQUIDITY_FIELD,390,,0.25,0.5,INELIGIBLE_UNKNOWN,STRATEGY_FILTER_NOT_MET NO_ENTRY,0,0,,,2026-05-21T17:46:23.458652Z:MSFT,0,REJECTED: ENTRY_OR_SOURCE_BLOCKED_BY_FUNNEL; source=ENTRY_OR_SOURCE_BLOCKED_BY_FUNNEL; rank_score=0.563636; liquidity_score=0.000000; diversification_score=1.000000; cooldown_score=1.000000; existing_position_penalty=0.000000; sector_cap_status=SOURCE_BLOCKED_SECTOR_UNAVAILABLE; matching_policy=EXACT_CANDIDATE_ID_ONLY_NO_SYMBOL_DATE_PRICE_TIME_FALLBACK
T601-3,decision-7bec679c1bce4cdf,decision-7bec679c1bce4cdf,AMZN,2026-05-21T17:47:04.961790Z,0.531818,0.0,0.0,0.0,1.0,0.331818,REJECTED,SAME_SYMBOL_CAP_0.25,ELIGIBLE_FROM_FUNNEL,,SOURCE_BLOCKED_SECTOR_UNAVAILABLE,SOURCE_BLOCKED_NO_LIQUIDITY_FIELD,390,143.8459,0.25,0.5,ELIGIBLE,,0,0,,,2026-05-21T17:47:03.414626Z:AMZN,0,REJECTED: SAME_SYMBOL_CAP_0.25; source=ELIGIBLE_FROM_FUNNEL; rank_score=0.531818; liquidity_score=0.000000; diversification_score=0.000000; cooldown_score=0.000000; existing_position_penalty=1.000000; sector_cap_status=SOURCE_BLOCKED_SECTOR_UNAVAILABLE; matching_policy=EXACT_CANDIDATE_ID_ONLY_NO_SYMBOL_DATE_PRICE_TIME_FALLBACK
T601-3,decision-97c3e64829364c7b,decision-97c3e64829364c7b,AMZN,2026-05-21T17:51:33.023204Z,0.531818,0.0,0.0,0.0,1.0,0.331818,REJECTED,SAME_SYMBOL_CAP_0.25,ELIGIBLE_FROM_FUNNEL,,SOURCE_BLOCKED_SECTOR_UNAVAILABLE,SOURCE_BLOCKED_NO_LIQUIDITY_FIELD,390,148.3136,0.25,0.5,ELIGIBLE,,0,0,,,2026-05-21T17:51:31.441006Z:AMZN,0,REJECTED: SAME_SYMBOL_CAP_0.25; source=ELIGIBLE_FROM_FUNNEL; rank_score=0.531818; liquidity_score=0.000000; diversification_score=0.000000; cooldown_score=0.000000; existing_position_penalty=1.000000; sector_cap_status=SOURCE_BLOCKED_SECTOR_UNAVAILABLE; matching_policy=EXACT_CANDIDATE_ID_ONLY_NO_SYMBOL_DATE_PRICE_TIME_FALLBACK
T601-3,decision-d83acca28c8e48d6,decision-d83acca28c8e48d6,AMZN,2026-05-21T17:52:13.060239Z,0.531818,0.0,0.0,0.0,1.0,0.331818,REJECTED,SAME_SYMBOL_CAP_0.25,ELIGIBLE_FROM_FUNNEL,,SOURCE_BLOCKED_SECTOR_UNAVAILABLE,SOURCE_BLOCKED_NO_LIQUIDITY_FIELD,390,148.9809,0.25,0.5,ELIGIBLE,,0,0,,,2026-05-21T17:52:11.451715Z:AMZN,0,REJECTED: SAME_SYMBOL_CAP_0.25; source=ELIGIBLE_FROM_FUNNEL; rank_score=0.531818; liquidity_score=0.000000; diversification_score=0.000000; cooldown_score=0.000000; existing_position_penalty=1.000000; sector_cap_status=SOURCE_BLOCKED_SECTOR_UNAVAILABLE; matching_policy=EXACT_CANDIDATE_ID_ONLY_NO_SYMBOL_DATE_PRICE_TIME_FALLBACK
T601-3,decision-d49cdca7d0404fe9,decision-d49cdca7d0404fe9,AMZN,2026-05-21T17:56:42.744210Z,0.531818,0.0,0.0,0.0,1.0,0.331818,REJECTED,SAME_SYMBOL_CAP_0.25,ELIGIBLE_FROM_FUNNEL,,SOURCE_BLOCKED_SECTOR_UNAVAILABLE,SOURCE_BLOCKED_NO_LIQUIDITY_FIELD,390,153.4756,0.25,0.5,ELIGIBLE,,0,0,,,2026-05-21T17:56:41.091214Z:AMZN,0,REJECTED: SAME_SYMBOL_CAP_0.25; source=ELIGIBLE_FROM_FUNNEL; rank_score=0.531818; liquidity_score=0.000000; diversification_score=0.000000; cooldown_score=0.000000; existing_position_penalty=1.000000; sector_cap_status=SOURCE_BLOCKED_SECTOR_UNAVAILABLE; matching_policy=EXACT_CANDIDATE_ID_ONLY_NO_SYMBOL_DATE_PRICE_TIME_FALLBACK
T601-3,decision-acd2bb4c4ba34531,decision-acd2bb4c4ba34531,AMZN,2026-05-21T17:57:20.990457Z,0.531818,0.0,0.0,0.0,1.0,0.331818,REJECTED,SAME_SYMBOL_CAP_0.25,ELIGIBLE_FROM_FUNNEL,,SOURCE_BLOCKED_SECTOR_UNAVAILABLE,SOURCE_BLOCKED_NO_LIQUIDITY_FIELD,390,154.1131,0.25,0.5,ELIGIBLE,,0,0,,,2026-05-21T17:57:19.464743Z:AMZN,0,REJECTED: SAME_SYMBOL_CAP_0.25; source=ELIGIBLE_FROM_FUNNEL; rank_score=0.531818; liquidity_score=0.000000; diversification_score=0.000000; cooldown_score=0.000000; existing_position_penalty=1.000000; sector_cap_status=SOURCE_BLOCKED_SECTOR_UNAVAILABLE; matching_policy=EXACT_CANDIDATE_ID_ONLY_NO_SYMBOL_DATE_PRICE_TIME_FALLBACK
T601-3,decision-1cbb30782a934733,decision-1cbb30782a934733,AMD,2026-05-21T18:01:50.821131Z,0.522727,0.0,0.333333,1.0,0.666667,0.572727,SELECTED,PASSED_RANK_LIQUIDITY_DIVERSIFICATION_COOLDOWN_POSITION_CONTROLS,ELIGIBLE_FROM_FUNNEL,,SOURCE_BLOCKED_SECTOR_UNAVAILABLE,SOURCE_BLOCKED_NO_LIQUIDITY_FIELD,390,1359.4019,0.25,0.5,ELIGIBLE,,0,0,,,2026-05-21T18:01:49.236247Z:AMD,0,SELECTED: PASSED_RANK_LIQUIDITY_DIVERSIFICATION_COOLDOWN_POSITION_CONTROLS; source=ELIGIBLE_FROM_FUNNEL; rank_score=0.522727; liquidity_score=0.000000; diversification_score=0.333333; cooldown_score=1.000000; existing_position_penalty=0.666667; sector_cap_status=SOURCE_BLOCKED_SECTOR_UNAVAILABLE; matching_policy=EXACT_CANDIDATE_ID_ONLY_NO_SYMBOL_DATE_PRICE_TIME_FALLBACK
T601-3,decision-15d88ca5fe084156,decision-15d88ca5fe084156,AMD,2026-05-21T18:02:29.022913Z,0.522727,0.0,0.0,0.0,1.0,0.322727,REJECTED,SAME_SYMBOL_CAP_0.25,ELIGIBLE_FROM_FUNNEL,,SOURCE_BLOCKED_SECTOR_UNAVAILABLE,SOURCE_BLOCKED_NO_LIQUIDITY_FIELD,390,0.6367,0.25,0.5,ELIGIBLE,,0,0,,,2026-05-21T18:02:27.445590Z:AMD,0,REJECTED: SAME_SYMBOL_CAP_0.25; source=ELIGIBLE_FROM_FUNNEL; rank_score=0.522727; liquidity_score=0.000000; diversification_score=0.000000; cooldown_score=0.000000; existing_position_penalty=1.000000; sector_cap_status=SOURCE_BLOCKED_SECTOR_UNAVAILABLE; matching_policy=EXACT_CANDIDATE_ID_ONLY_NO_SYMBOL_DATE_PRICE_TIME_FALLBACK
T601-3,decision-2d31ae2134e74757,decision-2d31ae2134e74757,MSFT,2026-05-21T18:06:58.964275Z,0.563636,0.0,1.0,1.0,0.0,0.913636,REJECTED,ENTRY_OR_SOURCE_BLOCKED_BY_FUNNEL,ENTRY_OR_SOURCE_BLOCKED_BY_FUNNEL,,SOURCE_BLOCKED_SECTOR_UNAVAILABLE,SOURCE_BLOCKED_NO_LIQUIDITY_FIELD,390,,0.25,0.5,INELIGIBLE_UNKNOWN,STRATEGY_FILTER_NOT_MET NO_ENTRY,0,0,,,2026-05-21T18:06:57.336559Z:MSFT,0,REJECTED: ENTRY_OR_SOURCE_BLOCKED_BY_FUNNEL; source=ENTRY_OR_SOURCE_BLOCKED_BY_FUNNEL; rank_score=0.563636; liquidity_score=0.000000; diversification_score=1.000000; cooldown_score=1.000000; existing_position_penalty=0.000000; sector_cap_status=SOURCE_BLOCKED_SECTOR_UNAVAILABLE; matching_policy=EXACT_CANDIDATE_ID_ONLY_NO_SYMBOL_DATE_PRICE_TIME_FALLBACK
T601-3,decision-1677b7b8134c4740,decision-1677b7b8134c4740,MSFT,2026-05-21T18:07:37.223761Z,0.563636,0.0,1.0,1.0,0.0,0.913636,REJECTED,ENTRY_OR_SOURCE_BLOCKED_BY_FUNNEL,ENTRY_OR_SOURCE_BLOCKED_BY_FUNNEL,,SOURCE_BLOCKED_SECTOR_UNAVAILABLE,SOURCE_BLOCKED_NO_LIQUIDITY_FIELD,390,,0.25,0.5,INELIGIBLE_UNKNOWN,STRATEGY_FILTER_NOT_MET NO_ENTRY,0,0,,,2026-05-21T18:07:35.685123Z:MSFT,0,REJECTED: ENTRY_OR_SOURCE_BLOCKED_BY_FUNNEL; source=ENTRY_OR_SOURCE_BLOCKED_BY_FUNNEL; rank_score=0.563636; liquidity_score=0.000000; diversification_score=1.000000; cooldown_score=1.000000; existing_position_penalty=0.000000; sector_cap_status=SOURCE_BLOCKED_SECTOR_UNAVAILABLE; matching_policy=EXACT_CANDIDATE_ID_ONLY_NO_SYMBOL_DATE_PRICE_TIME_FALLBACK
T601-3,decision-cb6079a2902d4c71,decision-cb6079a2902d4c71,MSFT,2026-05-21T18:12:08.334693Z,0.563636,0.0,1.0,1.0,0.0,0.913636,REJECTED,ENTRY_OR_SOURCE_BLOCKED_BY_FUNNEL,ENTRY_OR_SOURCE_BLOCKED_BY_FUNNEL,,SOURCE_BLOCKED_SECTOR_UNAVAILABLE,SOURCE_BLOCKED_NO_LIQUIDITY_FIELD,390,,0.25,0.5,INELIGIBLE_UNKNOWN,STRATEGY_FILTER_NOT_MET NO_ENTRY,0,0,,,2026-05-21T18:12:06.812320Z:MSFT,0,REJECTED: ENTRY_OR_SOURCE_BLOCKED_BY_FUNNEL; source=ENTRY_OR_SOURCE_BLOCKED_BY_FUNNEL; rank_score=0.563636; liquidity_score=0.000000; diversification_score=1.000000; cooldown_score=1.000000; existing_position_penalty=0.000000; sector_cap_status=SOURCE_BLOCKED_SECTOR_UNAVAILABLE; matching_policy=EXACT_CANDIDATE_ID_ONLY_NO_SYMBOL_DATE_PRICE_TIME_FALLBACK
T601-3,decision-a25f75053a1b4d8a,decision-a25f75053a1b4d8a,MSFT,2026-05-21T18:12:45.625591Z,0.563636,0.0,1.0,1.0,0.0,0.913636,REJECTED,ENTRY_OR_SOURCE_BLOCKED_BY_FUNNEL,ENTRY_OR_SOURCE_BLOCKED_BY_FUNNEL,,SOURCE_BLOCKED_SECTOR_UNAVAILABLE,SOURCE_BLOCKED_NO_LIQUIDITY_FIELD,390,,0.25,0.5,INELIGIBLE_UNKNOWN,STRATEGY_FILTER_NOT_MET NO_ENTRY,0,0,,,2026-05-21T18:12:44.091657Z:MSFT,0,REJECTED: ENTRY_OR_SOURCE_BLOCKED_BY_FUNNEL; source=ENTRY_OR_SOURCE_BLOCKED_BY_FUNNEL; rank_score=0.563636; liquidity_score=0.000000; diversification_score=1.000000; cooldown_score=1.000000; existing_position_penalty=0.000000; sector_cap_status=SOURCE_BLOCKED_SECTOR_UNAVAILABLE; matching_policy=EXACT_CANDIDATE_ID_ONLY_NO_SYMBOL_DATE_PRICE_TIME_FALLBACK
T601-3,decision-2ce22e1af9ae4427,decision-2ce22e1af9ae4427,MSFT,2026-05-21T18:17:17.413824Z,0.563636,0.0,1.0,1.0,0.0,0.913636,REJECTED,ENTRY_OR_SOURCE_BLOCKED_BY_FUNNEL,ENTRY_OR_SOURCE_BLOCKED_BY_FUNNEL,,SOURCE_BLOCKED_SECTOR_UNAVAILABLE,SOURCE_BLOCKED_NO_LIQUIDITY_FIELD,390,,0.25,0.5,INELIGIBLE_UNKNOWN,STRATEGY_FILTER_NOT_MET NO_ENTRY,0,0,,,2026-05-21T18:17:15.866081Z:MSFT,0,REJECTED: ENTRY_OR_SOURCE_BLOCKED_BY_FUNNEL; source=ENTRY_OR_SOURCE_BLOCKED_BY_FUNNEL; rank_score=0.563636; liquidity_score=0.000000; diversification_score=1.000000; cooldown_score=1.000000; existing_position_penalty=0.000000; sector_cap_status=SOURCE_BLOCKED_SECTOR_UNAVAILABLE; matching_policy=EXACT_CANDIDATE_ID_ONLY_NO_SYMBOL_DATE_PRICE_TIME_FALLBACK
T601-3,decision-17233b122c3f4648,decision-17233b122c3f4648,MSFT,2026-05-21T18:17:54.458028Z,0.563636,0.0,1.0,1.0,0.0,0.913636,REJECTED,ENTRY_OR_SOURCE_BLOCKED_BY_FUNNEL,ENTRY_OR_SOURCE_BLOCKED_BY_FUNNEL,,SOURCE_BLOCKED_SECTOR_UNAVAILABLE,SOURCE_BLOCKED_NO_LIQUIDITY_FIELD,390,,0.25,0.5,INELIGIBLE_UNKNOWN,STRATEGY_FILTER_NOT_MET NO_ENTRY,0,0,,,2026-05-21T18:17:52.873581Z:MSFT,0,REJECTED: ENTRY_OR_SOURCE_BLOCKED_BY_FUNNEL; source=ENTRY_OR_SOURCE_BLOCKED_BY_FUNNEL; rank_score=0.563636; liquidity_score=0.000000; diversification_score=1.000000; cooldown_score=1.000000; existing_position_penalty=0.000000; sector_cap_status=SOURCE_BLOCKED_SECTOR_UNAVAILABLE; matching_policy=EXACT_CANDIDATE_ID_ONLY_NO_SYMBOL_DATE_PRICE_TIME_FALLBACK
T601-3,decision-8f7da6f711e948f3,decision-8f7da6f711e948f3,MSFT,2026-05-21T18:22:25.741529Z,0.563636,0.0,1.0,1.0,0.0,0.913636,REJECTED,ENTRY_OR_SOURCE_BLOCKED_BY_FUNNEL,ENTRY_OR_SOURCE_BLOCKED_BY_FUNNEL,,SOURCE_BLOCKED_SECTOR_UNAVAILABLE,SOURCE_BLOCKED_NO_LIQUIDITY_FIELD,390,,0.25,0.5,INELIGIBLE_UNKNOWN,STRATEGY_FILTER_NOT_MET NO_ENTRY,0,0,,,2026-05-21T18:22:24.224161Z:MSFT,0,REJECTED: ENTRY_OR_SOURCE_BLOCKED_BY_FUNNEL; source=ENTRY_OR_SOURCE_BLOCKED_BY_FUNNEL; rank_score=0.563636; liquidity_score=0.000000; diversification_score=1.000000; cooldown_score=1.000000; existing_position_penalty=0.000000; sector_cap_status=SOURCE_BLOCKED_SECTOR_UNAVAILABLE; matching_policy=EXACT_CANDIDATE_ID_ONLY_NO_SYMBOL_DATE_PRICE_TIME_FALLBACK
T601-3,decision-9996dbc5ee8f4ed7,decision-9996dbc5ee8f4ed7,MSFT,2026-05-21T18:23:02.484049Z,0.563636,0.0,1.0,1.0,0.0,0.913636,REJECTED,ENTRY_OR_SOURCE_BLOCKED_BY_FUNNEL,ENTRY_OR_SOURCE_BLOCKED_BY_FUNNEL,,SOURCE_BLOCKED_SECTOR_UNAVAILABLE,SOURCE_BLOCKED_NO_LIQUIDITY_FIELD,390,,0.25,0.5,INELIGIBLE_UNKNOWN,STRATEGY_FILTER_NOT_MET NO_ENTRY,0,0,,,2026-05-21T18:23:00.899471Z:MSFT,0,REJECTED: ENTRY_OR_SOURCE_BLOCKED_BY_FUNNEL; source=ENTRY_OR_SOURCE_BLOCKED_BY_FUNNEL; rank_score=0.563636; liquidity_score=0.000000; diversification_score=1.000000; cooldown_score=1.000000; existing_position_penalty=0.000000; sector_cap_status=SOURCE_BLOCKED_SECTOR_UNAVAILABLE; matching_policy=EXACT_CANDIDATE_ID_ONLY_NO_SYMBOL_DATE_PRICE_TIME_FALLBACK
T601-3,decision-931cfeba57bf45c2,decision-931cfeba57bf45c2,MSFT,2026-05-21T18:27:33.703658Z,0.563636,0.0,1.0,1.0,0.0,0.913636,REJECTED,ENTRY_OR_SOURCE_BLOCKED_BY_FUNNEL,ENTRY_OR_SOURCE_BLOCKED_BY_FUNNEL,,SOURCE_BLOCKED_SECTOR_UNAVAILABLE,SOURCE_BLOCKED_NO_LIQUIDITY_FIELD,390,,0.25,0.5,INELIGIBLE_UNKNOWN,STRATEGY_FILTER_NOT_MET NO_ENTRY,0,0,,,2026-05-21T18:27:32.155735Z:MSFT,0,REJECTED: ENTRY_OR_SOURCE_BLOCKED_BY_FUNNEL; source=ENTRY_OR_SOURCE_BLOCKED_BY_FUNNEL; rank_score=0.563636; liquidity_score=0.000000; diversification_score=1.000000; cooldown_score=1.000000; existing_position_penalty=0.000000; sector_cap_status=SOURCE_BLOCKED_SECTOR_UNAVAILABLE; matching_policy=EXACT_CANDIDATE_ID_ONLY_NO_SYMBOL_DATE_PRICE_TIME_FALLBACK
T601-3,decision-50be5aec2aca45c7,decision-50be5aec2aca45c7,MSFT,2026-05-21T18:28:11.043702Z,0.563636,0.0,1.0,1.0,0.0,0.913636,REJECTED,ENTRY_OR_SOURCE_BLOCKED_BY_FUNNEL,ENTRY_OR_SOURCE_BLOCKED_BY_FUNNEL,,SOURCE_BLOCKED_SECTOR_UNAVAILABLE,SOURCE_BLOCKED_NO_LIQUIDITY_FIELD,390,,0.25,0.5,INELIGIBLE_UNKNOWN,STRATEGY_FILTER_NOT_MET NO_ENTRY,0,0,,,2026-05-21T18:28:09.510716Z:MSFT,0,REJECTED: ENTRY_OR_SOURCE_BLOCKED_BY_FUNNEL; source=ENTRY_OR_SOURCE_BLOCKED_BY_FUNNEL; rank_score=0.563636; liquidity_score=0.000000; diversification_score=1.000000; cooldown_score=1.000000; existing_position_penalty=0.000000; sector_cap_status=SOURCE_BLOCKED_SECTOR_UNAVAILABLE; matching_policy=EXACT_CANDIDATE_ID_ONLY_NO_SYMBOL_DATE_PRICE_TIME_FALLBACK
T601-3,decision-cb94e8264c50470d,decision-cb94e8264c50470d,MSFT,2026-05-21T18:32:41.735979Z,0.563636,0.0,1.0,1.0,0.0,0.913636,REJECTED,ENTRY_OR_SOURCE_BLOCKED_BY_FUNNEL,ENTRY_OR_SOURCE_BLOCKED_BY_FUNNEL,,SOURCE_BLOCKED_SECTOR_UNAVAILABLE,SOURCE_BLOCKED_NO_LIQUIDITY_FIELD,390,,0.25,0.5,INELIGIBLE_UNKNOWN,STRATEGY_FILTER_NOT_MET NO_ENTRY,0,0,,,2026-05-21T18:32:40.137130Z:MSFT,0,REJECTED: ENTRY_OR_SOURCE_BLOCKED_BY_FUNNEL; source=ENTRY_OR_SOURCE_BLOCKED_BY_FUNNEL; rank_score=0.563636; liquidity_score=0.000000; diversification_score=1.000000; cooldown_score=1.000000; existing_position_penalty=0.000000; sector_cap_status=SOURCE_BLOCKED_SECTOR_UNAVAILABLE; matching_policy=EXACT_CANDIDATE_ID_ONLY_NO_SYMBOL_DATE_PRICE_TIME_FALLBACK
T601-3,decision-6269cd9475554298,decision-6269cd9475554298,MSFT,2026-05-21T18:33:18.336451Z,0.563636,0.0,1.0,1.0,0.0,0.913636,REJECTED,ENTRY_OR_SOURCE_BLOCKED_BY_FUNNEL,ENTRY_OR_SOURCE_BLOCKED_BY_FUNNEL,,SOURCE_BLOCKED_SECTOR_UNAVAILABLE,SOURCE_BLOCKED_NO_LIQUIDITY_FIELD,390,,0.25,0.5,INELIGIBLE_UNKNOWN,STRATEGY_FILTER_NOT_MET NO_ENTRY,0,0,,,2026-05-21T18:33:16.939144Z:MSFT,0,REJECTED: ENTRY_OR_SOURCE_BLOCKED_BY_FUNNEL; source=ENTRY_OR_SOURCE_BLOCKED_BY_FUNNEL; rank_score=0.563636; liquidity_score=0.000000; diversification_score=1.000000; cooldown_score=1.000000; existing_position_penalty=0.000000; sector_cap_status=SOURCE_BLOCKED_SECTOR_UNAVAILABLE; matching_policy=EXACT_CANDIDATE_ID_ONLY_NO_SYMBOL_DATE_PRICE_TIME_FALLBACK
T601-3,decision-bf8943e2a6a849a9,decision-bf8943e2a6a849a9,MSFT,2026-05-21T18:37:49.637928Z,0.563636,0.0,1.0,1.0,0.0,0.913636,REJECTED,ENTRY_OR_SOURCE_BLOCKED_BY_FUNNEL,ENTRY_OR_SOURCE_BLOCKED_BY_FUNNEL,,SOURCE_BLOCKED_SECTOR_UNAVAILABLE,SOURCE_BLOCKED_NO_LIQUIDITY_FIELD,390,,0.25,0.5,INELIGIBLE_UNKNOWN,STRATEGY_FILTER_NOT_MET NO_ENTRY,0,0,,,2026-05-21T18:37:48.057963Z:MSFT,0,REJECTED: ENTRY_OR_SOURCE_BLOCKED_BY_FUNNEL; source=ENTRY_OR_SOURCE_BLOCKED_BY_FUNNEL; rank_score=0.563636; liquidity_score=0.000000; diversification_score=1.000000; cooldown_score=1.000000; existing_position_penalty=0.000000; sector_cap_status=SOURCE_BLOCKED_SECTOR_UNAVAILABLE; matching_policy=EXACT_CANDIDATE_ID_ONLY_NO_SYMBOL_DATE_PRICE_TIME_FALLBACK
T601-3,decision-32669a33307e43af,decision-32669a33307e43af,MSFT,2026-05-21T18:38:26.753046Z,0.563636,0.0,1.0,1.0,0.0,0.913636,REJECTED,ENTRY_OR_SOURCE_BLOCKED_BY_FUNNEL,ENTRY_OR_SOURCE_BLOCKED_BY_FUNNEL,,SOURCE_BLOCKED_SECTOR_UNAVAILABLE,SOURCE_BLOCKED_NO_LIQUIDITY_FIELD,390,,0.25,0.5,INELIGIBLE_UNKNOWN,STRATEGY_FILTER_NOT_MET NO_ENTRY,0,0,,,2026-05-21T18:38:25.217236Z:MSFT,0,REJECTED: ENTRY_OR_SOURCE_BLOCKED_BY_FUNNEL; source=ENTRY_OR_SOURCE_BLOCKED_BY_FUNNEL; rank_score=0.563636; liquidity_score=0.000000; diversification_score=1.000000; cooldown_score=1.000000; existing_position_penalty=0.000000; sector_cap_status=SOURCE_BLOCKED_SECTOR_UNAVAILABLE; matching_policy=EXACT_CANDIDATE_ID_ONLY_NO_SYMBOL_DATE_PRICE_TIME_FALLBACK
T601-3,decision-88d240480710497a,decision-88d240480710497a,MSFT,2026-05-21T18:42:58.042882Z,0.563636,0.0,1.0,1.0,0.0,0.913636,REJECTED,ENTRY_OR_SOURCE_BLOCKED_BY_FUNNEL,ENTRY_OR_SOURCE_BLOCKED_BY_FUNNEL,,SOURCE_BLOCKED_SECTOR_UNAVAILABLE,SOURCE_BLOCKED_NO_LIQUIDITY_FIELD,390,,0.25,0.5,INELIGIBLE_UNKNOWN,STRATEGY_FILTER_NOT_MET NO_ENTRY,0,0,,,2026-05-21T18:42:56.450308Z:MSFT,0,REJECTED: ENTRY_OR_SOURCE_BLOCKED_BY_FUNNEL; source=ENTRY_OR_SOURCE_BLOCKED_BY_FUNNEL; rank_score=0.563636; liquidity_score=0.000000; diversification_score=1.000000; cooldown_score=1.000000; existing_position_penalty=0.000000; sector_cap_status=SOURCE_BLOCKED_SECTOR_UNAVAILABLE; matching_policy=EXACT_CANDIDATE_ID_ONLY_NO_SYMBOL_DATE_PRICE_TIME_FALLBACK
T601-3,decision-3d06ce9a82d8442c,decision-3d06ce9a82d8442c,MSFT,2026-05-21T18:43:34.443021Z,0.563636,0.0,1.0,1.0,0.0,0.913636,REJECTED,ENTRY_OR_SOURCE_BLOCKED_BY_FUNNEL,ENTRY_OR_SOURCE_BLOCKED_BY_FUNNEL,,SOURCE_BLOCKED_SECTOR_UNAVAILABLE,SOURCE_BLOCKED_NO_LIQUIDITY_FIELD,390,,0.25,0.5,INELIGIBLE_UNKNOWN,STRATEGY_FILTER_NOT_MET NO_ENTRY,0,0,,,2026-05-21T18:43:32.795184Z:MSFT,0,REJECTED: ENTRY_OR_SOURCE_BLOCKED_BY_FUNNEL; source=ENTRY_OR_SOURCE_BLOCKED_BY_FUNNEL; rank_score=0.563636; liquidity_score=0.000000; diversification_score=1.000000; cooldown_score=1.000000; existing_position_penalty=0.000000; sector_cap_status=SOURCE_BLOCKED_SECTOR_UNAVAILABLE; matching_policy=EXACT_CANDIDATE_ID_ONLY_NO_SYMBOL_DATE_PRICE_TIME_FALLBACK
T601-3,decision-942f98e513a94df4,decision-942f98e513a94df4,MSFT,2026-05-21T18:48:05.671827Z,0.563636,0.0,1.0,1.0,0.0,0.913636,REJECTED,ENTRY_OR_SOURCE_BLOCKED_BY_FUNNEL,ENTRY_OR_SOURCE_BLOCKED_BY_FUNNEL,,SOURCE_BLOCKED_SECTOR_UNAVAILABLE,SOURCE_BLOCKED_NO_LIQUIDITY_FIELD,390,,0.25,0.5,INELIGIBLE_UNKNOWN,STRATEGY_FILTER_NOT_MET NO_ENTRY,0,0,,,2026-05-21T18:48:04.204224Z:MSFT,0,REJECTED: ENTRY_OR_SOURCE_BLOCKED_BY_FUNNEL; source=ENTRY_OR_SOURCE_BLOCKED_BY_FUNNEL; rank_score=0.563636; liquidity_score=0.000000; diversification_score=1.000000; cooldown_score=1.000000; existing_position_penalty=0.000000; sector_cap_status=SOURCE_BLOCKED_SECTOR_UNAVAILABLE; matching_policy=EXACT_CANDIDATE_ID_ONLY_NO_SYMBOL_DATE_PRICE_TIME_FALLBACK
T601-3,decision-7ab16018a07d42d1,decision-7ab16018a07d42d1,MSFT,2026-05-21T18:48:42.754075Z,0.563636,0.0,1.0,1.0,0.0,0.913636,REJECTED,ENTRY_OR_SOURCE_BLOCKED_BY_FUNNEL,ENTRY_OR_SOURCE_BLOCKED_BY_FUNNEL,,SOURCE_BLOCKED_SECTOR_UNAVAILABLE,SOURCE_BLOCKED_NO_LIQUIDITY_FIELD,390,,0.25,0.5,INELIGIBLE_UNKNOWN,STRATEGY_FILTER_NOT_MET NO_ENTRY,0,0,,,2026-05-21T18:48:41.200845Z:MSFT,0,REJECTED: ENTRY_OR_SOURCE_BLOCKED_BY_FUNNEL; source=ENTRY_OR_SOURCE_BLOCKED_BY_FUNNEL; rank_score=0.563636; liquidity_score=0.000000; diversification_score=1.000000; cooldown_score=1.000000; existing_position_penalty=0.000000; sector_cap_status=SOURCE_BLOCKED_SECTOR_UNAVAILABLE; matching_policy=EXACT_CANDIDATE_ID_ONLY_NO_SYMBOL_DATE_PRICE_TIME_FALLBACK
T601-3,decision-340e5866daf740c1,decision-340e5866daf740c1,MSFT,2026-05-21T18:53:14.239162Z,0.563636,0.0,1.0,1.0,0.0,0.913636,REJECTED,ENTRY_OR_SOURCE_BLOCKED_BY_FUNNEL,ENTRY_OR_SOURCE_BLOCKED_BY_FUNNEL,,SOURCE_BLOCKED_SECTOR_UNAVAILABLE,SOURCE_BLOCKED_NO_LIQUIDITY_FIELD,390,,0.25,0.5,INELIGIBLE_UNKNOWN,STRATEGY_FILTER_NOT_MET NO_ENTRY,0,0,,,2026-05-21T18:53:12.592944Z:MSFT,0,REJECTED: ENTRY_OR_SOURCE_BLOCKED_BY_FUNNEL; source=ENTRY_OR_SOURCE_BLOCKED_BY_FUNNEL; rank_score=0.563636; liquidity_score=0.000000; diversification_score=1.000000; cooldown_score=1.000000; existing_position_penalty=0.000000; sector_cap_status=SOURCE_BLOCKED_SECTOR_UNAVAILABLE; matching_policy=EXACT_CANDIDATE_ID_ONLY_NO_SYMBOL_DATE_PRICE_TIME_FALLBACK
T601-3,decision-1d248e2d26e94b39,decision-1d248e2d26e94b39,MSFT,2026-05-21T18:53:50.305170Z,0.563636,0.0,1.0,1.0,0.0,0.913636,REJECTED,ENTRY_OR_SOURCE_BLOCKED_BY_FUNNEL,ENTRY_OR_SOURCE_BLOCKED_BY_FUNNEL,,SOURCE_BLOCKED_SECTOR_UNAVAILABLE,SOURCE_BLOCKED_NO_LIQUIDITY_FIELD,390,,0.25,0.5,INELIGIBLE_UNKNOWN,STRATEGY_FILTER_NOT_MET NO_ENTRY,0,0,,,2026-05-21T18:53:48.733643Z:MSFT,0,REJECTED: ENTRY_OR_SOURCE_BLOCKED_BY_FUNNEL; source=ENTRY_OR_SOURCE_BLOCKED_BY_FUNNEL; rank_score=0.563636; liquidity_score=0.000000; diversification_score=1.000000; cooldown_score=1.000000; existing_position_penalty=0.000000; sector_cap_status=SOURCE_BLOCKED_SECTOR_UNAVAILABLE; matching_policy=EXACT_CANDIDATE_ID_ONLY_NO_SYMBOL_DATE_PRICE_TIME_FALLBACK
T601-3,decision-6844f04e5cee4108,decision-6844f04e5cee4108,MSFT,2026-05-21T18:58:22.474348Z,0.563636,0.0,1.0,1.0,0.0,0.913636,REJECTED,ENTRY_OR_SOURCE_BLOCKED_BY_FUNNEL,ENTRY_OR_SOURCE_BLOCKED_BY_FUNNEL,,SOURCE_BLOCKED_SECTOR_UNAVAILABLE,SOURCE_BLOCKED_NO_LIQUIDITY_FIELD,390,,0.25,0.5,INELIGIBLE_UNKNOWN,STRATEGY_FILTER_NOT_MET NO_ENTRY,0,0,,,2026-05-21T18:58:20.961652Z:MSFT,0,REJECTED: ENTRY_OR_SOURCE_BLOCKED_BY_FUNNEL; source=ENTRY_OR_SOURCE_BLOCKED_BY_FUNNEL; rank_score=0.563636; liquidity_score=0.000000; diversification_score=1.000000; cooldown_score=1.000000; existing_position_penalty=0.000000; sector_cap_status=SOURCE_BLOCKED_SECTOR_UNAVAILABLE; matching_policy=EXACT_CANDIDATE_ID_ONLY_NO_SYMBOL_DATE_PRICE_TIME_FALLBACK
T601-3,decision-9a054dc691614345,decision-9a054dc691614345,MSFT,2026-05-21T18:58:58.698191Z,0.563636,0.0,1.0,1.0,0.0,0.913636,REJECTED,ENTRY_OR_SOURCE_BLOCKED_BY_FUNNEL,ENTRY_OR_SOURCE_BLOCKED_BY_FUNNEL,,SOURCE_BLOCKED_SECTOR_UNAVAILABLE,SOURCE_BLOCKED_NO_LIQUIDITY_FIELD,390,,0.25,0.5,INELIGIBLE_UNKNOWN,STRATEGY_FILTER_NOT_MET NO_ENTRY,0,0,,,2026-05-21T18:58:57.125195Z:MSFT,0,REJECTED: ENTRY_OR_SOURCE_BLOCKED_BY_FUNNEL; source=ENTRY_OR_SOURCE_BLOCKED_BY_FUNNEL; rank_score=0.563636; liquidity_score=0.000000; diversification_score=1.000000; cooldown_score=1.000000; existing_position_penalty=0.000000; sector_cap_status=SOURCE_BLOCKED_SECTOR_UNAVAILABLE; matching_policy=EXACT_CANDIDATE_ID_ONLY_NO_SYMBOL_DATE_PRICE_TIME_FALLBACK
T601-3,decision-37b2ddd88f804bf4,decision-37b2ddd88f804bf4,MSFT,2026-05-21T19:03:30.079247Z,0.563636,0.0,1.0,1.0,0.0,0.913636,REJECTED,ENTRY_OR_SOURCE_BLOCKED_BY_FUNNEL,ENTRY_OR_SOURCE_BLOCKED_BY_FUNNEL,,SOURCE_BLOCKED_SECTOR_UNAVAILABLE,SOURCE_BLOCKED_NO_LIQUIDITY_FIELD,390,,0.25,0.5,INELIGIBLE_UNKNOWN,STRATEGY_FILTER_NOT_MET NO_ENTRY,0,0,,,2026-05-21T19:03:28.528393Z:MSFT,0,REJECTED: ENTRY_OR_SOURCE_BLOCKED_BY_FUNNEL; source=ENTRY_OR_SOURCE_BLOCKED_BY_FUNNEL; rank_score=0.563636; liquidity_score=0.000000; diversification_score=1.000000; cooldown_score=1.000000; existing_position_penalty=0.000000; sector_cap_status=SOURCE_BLOCKED_SECTOR_UNAVAILABLE; matching_policy=EXACT_CANDIDATE_ID_ONLY_NO_SYMBOL_DATE_PRICE_TIME_FALLBACK
T601-3,decision-9bba04bf1c6c419c,decision-9bba04bf1c6c419c,MSFT,2026-05-21T19:04:06.985469Z,0.563636,0.0,1.0,1.0,0.0,0.913636,REJECTED,ENTRY_OR_SOURCE_BLOCKED_BY_FUNNEL,ENTRY_OR_SOURCE_BLOCKED_BY_FUNNEL,,SOURCE_BLOCKED_SECTOR_UNAVAILABLE,SOURCE_BLOCKED_NO_LIQUIDITY_FIELD,390,,0.25,0.5,INELIGIBLE_UNKNOWN,STRATEGY_FILTER_NOT_MET NO_ENTRY,0,0,,,2026-05-21T19:04:05.426657Z:MSFT,0,REJECTED: ENTRY_OR_SOURCE_BLOCKED_BY_FUNNEL; source=ENTRY_OR_SOURCE_BLOCKED_BY_FUNNEL; rank_score=0.563636; liquidity_score=0.000000; diversification_score=1.000000; cooldown_score=1.000000; existing_position_penalty=0.000000; sector_cap_status=SOURCE_BLOCKED_SECTOR_UNAVAILABLE; matching_policy=EXACT_CANDIDATE_ID_ONLY_NO_SYMBOL_DATE_PRICE_TIME_FALLBACK
T601-3,decision-81c173b694574f34,decision-81c173b694574f34,MSFT,2026-05-21T19:08:37.780560Z,0.563636,0.0,1.0,1.0,0.0,0.913636,REJECTED,ENTRY_OR_SOURCE_BLOCKED_BY_FUNNEL,ENTRY_OR_SOURCE_BLOCKED_BY_FUNNEL,,SOURCE_BLOCKED_SECTOR_UNAVAILABLE,SOURCE_BLOCKED_NO_LIQUIDITY_FIELD,390,,0.25,0.5,INELIGIBLE_UNKNOWN,STRATEGY_FILTER_NOT_MET NO_ENTRY,0,0,,,2026-05-21T19:08:36.211355Z:MSFT,0,REJECTED: ENTRY_OR_SOURCE_BLOCKED_BY_FUNNEL; source=ENTRY_OR_SOURCE_BLOCKED_BY_FUNNEL; rank_score=0.563636; liquidity_score=0.000000; diversification_score=1.000000; cooldown_score=1.000000; existing_position_penalty=0.000000; sector_cap_status=SOURCE_BLOCKED_SECTOR_UNAVAILABLE; matching_policy=EXACT_CANDIDATE_ID_ONLY_NO_SYMBOL_DATE_PRICE_TIME_FALLBACK
T601-3,decision-bc554a496b93436d,decision-bc554a496b93436d,MSFT,2026-05-21T19:09:15.066468Z,0.563636,0.0,1.0,1.0,0.0,0.913636,REJECTED,ENTRY_OR_SOURCE_BLOCKED_BY_FUNNEL,ENTRY_OR_SOURCE_BLOCKED_BY_FUNNEL,,SOURCE_BLOCKED_SECTOR_UNAVAILABLE,SOURCE_BLOCKED_NO_LIQUIDITY_FIELD,390,,0.25,0.5,INELIGIBLE_UNKNOWN,STRATEGY_FILTER_NOT_MET NO_ENTRY,0,0,,,2026-05-21T19:09:13.579496Z:MSFT,0,REJECTED: ENTRY_OR_SOURCE_BLOCKED_BY_FUNNEL; source=ENTRY_OR_SOURCE_BLOCKED_BY_FUNNEL; rank_score=0.563636; liquidity_score=0.000000; diversification_score=1.000000; cooldown_score=1.000000; existing_position_penalty=0.000000; sector_cap_status=SOURCE_BLOCKED_SECTOR_UNAVAILABLE; matching_policy=EXACT_CANDIDATE_ID_ONLY_NO_SYMBOL_DATE_PRICE_TIME_FALLBACK
T601-3,decision-6f9e5037d9d84583,decision-6f9e5037d9d84583,MSFT,2026-05-21T19:13:46.295933Z,0.563636,0.0,1.0,1.0,0.0,0.913636,REJECTED,ENTRY_OR_SOURCE_BLOCKED_BY_FUNNEL,ENTRY_OR_SOURCE_BLOCKED_BY_FUNNEL,,SOURCE_BLOCKED_SECTOR_UNAVAILABLE,SOURCE_BLOCKED_NO_LIQUIDITY_FIELD,390,,0.25,0.5,INELIGIBLE_UNKNOWN,STRATEGY_FILTER_NOT_MET NO_ENTRY,0,0,,,2026-05-21T19:13:44.750473Z:MSFT,0,REJECTED: ENTRY_OR_SOURCE_BLOCKED_BY_FUNNEL; source=ENTRY_OR_SOURCE_BLOCKED_BY_FUNNEL; rank_score=0.563636; liquidity_score=0.000000; diversification_score=1.000000; cooldown_score=1.000000; existing_position_penalty=0.000000; sector_cap_status=SOURCE_BLOCKED_SECTOR_UNAVAILABLE; matching_policy=EXACT_CANDIDATE_ID_ONLY_NO_SYMBOL_DATE_PRICE_TIME_FALLBACK
T601-3,decision-0e734bcacb7d4855,decision-0e734bcacb7d4855,MSFT,2026-05-21T19:14:22.999837Z,0.563636,0.0,1.0,1.0,0.0,0.913636,REJECTED,ENTRY_OR_SOURCE_BLOCKED_BY_FUNNEL,ENTRY_OR_SOURCE_BLOCKED_BY_FUNNEL,,SOURCE_BLOCKED_SECTOR_UNAVAILABLE,SOURCE_BLOCKED_NO_LIQUIDITY_FIELD,390,,0.25,0.5,INELIGIBLE_UNKNOWN,STRATEGY_FILTER_NOT_MET NO_ENTRY,0,0,,,2026-05-21T19:14:21.508760Z:MSFT,0,REJECTED: ENTRY_OR_SOURCE_BLOCKED_BY_FUNNEL; source=ENTRY_OR_SOURCE_BLOCKED_BY_FUNNEL; rank_score=0.563636; liquidity_score=0.000000; diversification_score=1.000000; cooldown_score=1.000000; existing_position_penalty=0.000000; sector_cap_status=SOURCE_BLOCKED_SECTOR_UNAVAILABLE; matching_policy=EXACT_CANDIDATE_ID_ONLY_NO_SYMBOL_DATE_PRICE_TIME_FALLBACK
T601-3,decision-b65a7dc070064375,decision-b65a7dc070064375,MSFT,2026-05-21T19:18:54.321691Z,0.563636,0.0,1.0,1.0,0.0,0.913636,REJECTED,ENTRY_OR_SOURCE_BLOCKED_BY_FUNNEL,ENTRY_OR_SOURCE_BLOCKED_BY_FUNNEL,,SOURCE_BLOCKED_SECTOR_UNAVAILABLE,SOURCE_BLOCKED_NO_LIQUIDITY_FIELD,390,,0.25,0.5,INELIGIBLE_UNKNOWN,STRATEGY_FILTER_NOT_MET NO_ENTRY,0,0,,,2026-05-21T19:18:52.725286Z:MSFT,0,REJECTED: ENTRY_OR_SOURCE_BLOCKED_BY_FUNNEL; source=ENTRY_OR_SOURCE_BLOCKED_BY_FUNNEL; rank_score=0.563636; liquidity_score=0.000000; diversification_score=1.000000; cooldown_score=1.000000; existing_position_penalty=0.000000; sector_cap_status=SOURCE_BLOCKED_SECTOR_UNAVAILABLE; matching_policy=EXACT_CANDIDATE_ID_ONLY_NO_SYMBOL_DATE_PRICE_TIME_FALLBACK
T601-3,decision-fcf0da87443642a8,decision-fcf0da87443642a8,MSFT,2026-05-21T19:19:30.785972Z,0.563636,0.0,1.0,1.0,0.0,0.913636,REJECTED,ENTRY_OR_SOURCE_BLOCKED_BY_FUNNEL,ENTRY_OR_SOURCE_BLOCKED_BY_FUNNEL,,SOURCE_BLOCKED_SECTOR_UNAVAILABLE,SOURCE_BLOCKED_NO_LIQUIDITY_FIELD,390,,0.25,0.5,INELIGIBLE_UNKNOWN,STRATEGY_FILTER_NOT_MET NO_ENTRY,0,0,,,2026-05-21T19:19:29.139056Z:MSFT,0,REJECTED: ENTRY_OR_SOURCE_BLOCKED_BY_FUNNEL; source=ENTRY_OR_SOURCE_BLOCKED_BY_FUNNEL; rank_score=0.563636; liquidity_score=0.000000; diversification_score=1.000000; cooldown_score=1.000000; existing_position_penalty=0.000000; sector_cap_status=SOURCE_BLOCKED_SECTOR_UNAVAILABLE; matching_policy=EXACT_CANDIDATE_ID_ONLY_NO_SYMBOL_DATE_PRICE_TIME_FALLBACK
T601-3,decision-82e83dfe9dd54580,decision-82e83dfe9dd54580,MSFT,2026-05-21T19:24:02.095011Z,0.563636,0.0,1.0,1.0,0.0,0.913636,REJECTED,ENTRY_OR_SOURCE_BLOCKED_BY_FUNNEL,ENTRY_OR_SOURCE_BLOCKED_BY_FUNNEL,,SOURCE_BLOCKED_SECTOR_UNAVAILABLE,SOURCE_BLOCKED_NO_LIQUIDITY_FIELD,390,,0.25,0.5,INELIGIBLE_UNKNOWN,STRATEGY_FILTER_NOT_MET NO_ENTRY,0,0,,,2026-05-21T19:24:00.530726Z:MSFT,0,REJECTED: ENTRY_OR_SOURCE_BLOCKED_BY_FUNNEL; source=ENTRY_OR_SOURCE_BLOCKED_BY_FUNNEL; rank_score=0.563636; liquidity_score=0.000000; diversification_score=1.000000; cooldown_score=1.000000; existing_position_penalty=0.000000; sector_cap_status=SOURCE_BLOCKED_SECTOR_UNAVAILABLE; matching_policy=EXACT_CANDIDATE_ID_ONLY_NO_SYMBOL_DATE_PRICE_TIME_FALLBACK
T601-3,decision-5157820aa8554767,decision-5157820aa8554767,MSFT,2026-05-21T19:24:38.370857Z,0.563636,0.0,1.0,1.0,0.0,0.913636,REJECTED,ENTRY_OR_SOURCE_BLOCKED_BY_FUNNEL,ENTRY_OR_SOURCE_BLOCKED_BY_FUNNEL,,SOURCE_BLOCKED_SECTOR_UNAVAILABLE,SOURCE_BLOCKED_NO_LIQUIDITY_FIELD,390,,0.25,0.5,INELIGIBLE_UNKNOWN,STRATEGY_FILTER_NOT_MET NO_ENTRY,0,0,,,2026-05-21T19:24:36.936918Z:MSFT,0,REJECTED: ENTRY_OR_SOURCE_BLOCKED_BY_FUNNEL; source=ENTRY_OR_SOURCE_BLOCKED_BY_FUNNEL; rank_score=0.563636; liquidity_score=0.000000; diversification_score=1.000000; cooldown_score=1.000000; existing_position_penalty=0.000000; sector_cap_status=SOURCE_BLOCKED_SECTOR_UNAVAILABLE; matching_policy=EXACT_CANDIDATE_ID_ONLY_NO_SYMBOL_DATE_PRICE_TIME_FALLBACK
T601-3,decision-7a400eb38e584fed,decision-7a400eb38e584fed,MSFT,2026-05-21T19:29:10.192927Z,0.563636,0.0,1.0,1.0,0.0,0.913636,REJECTED,ENTRY_OR_SOURCE_BLOCKED_BY_FUNNEL,ENTRY_OR_SOURCE_BLOCKED_BY_FUNNEL,,SOURCE_BLOCKED_SECTOR_UNAVAILABLE,SOURCE_BLOCKED_NO_LIQUIDITY_FIELD,390,,0.25,0.5,INELIGIBLE_UNKNOWN,STRATEGY_FILTER_NOT_MET NO_ENTRY,0,0,,,2026-05-21T19:29:08.697789Z:MSFT,0,REJECTED: ENTRY_OR_SOURCE_BLOCKED_BY_FUNNEL; source=ENTRY_OR_SOURCE_BLOCKED_BY_FUNNEL; rank_score=0.563636; liquidity_score=0.000000; diversification_score=1.000000; cooldown_score=1.000000; existing_position_penalty=0.000000; sector_cap_status=SOURCE_BLOCKED_SECTOR_UNAVAILABLE; matching_policy=EXACT_CANDIDATE_ID_ONLY_NO_SYMBOL_DATE_PRICE_TIME_FALLBACK
T601-3,decision-8899b68cd71a4292,decision-8899b68cd71a4292,MSFT,2026-05-21T19:29:46.424474Z,0.563636,0.0,1.0,1.0,0.0,0.913636,REJECTED,ENTRY_OR_SOURCE_BLOCKED_BY_FUNNEL,ENTRY_OR_SOURCE_BLOCKED_BY_FUNNEL,,SOURCE_BLOCKED_SECTOR_UNAVAILABLE,SOURCE_BLOCKED_NO_LIQUIDITY_FIELD,390,,0.25,0.5,INELIGIBLE_UNKNOWN,STRATEGY_FILTER_NOT_MET NO_ENTRY,0,0,,,2026-05-21T19:29:44.910066Z:MSFT,0,REJECTED: ENTRY_OR_SOURCE_BLOCKED_BY_FUNNEL; source=ENTRY_OR_SOURCE_BLOCKED_BY_FUNNEL; rank_score=0.563636; liquidity_score=0.000000; diversification_score=1.000000; cooldown_score=1.000000; existing_position_penalty=0.000000; sector_cap_status=SOURCE_BLOCKED_SECTOR_UNAVAILABLE; matching_policy=EXACT_CANDIDATE_ID_ONLY_NO_SYMBOL_DATE_PRICE_TIME_FALLBACK
T601-3,decision-7ea4e8d75102438b,decision-7ea4e8d75102438b,MSFT,2026-05-21T19:34:18.668264Z,0.563636,0.0,1.0,1.0,0.0,0.913636,REJECTED,ENTRY_OR_SOURCE_BLOCKED_BY_FUNNEL,ENTRY_OR_SOURCE_BLOCKED_BY_FUNNEL,,SOURCE_BLOCKED_SECTOR_UNAVAILABLE,SOURCE_BLOCKED_NO_LIQUIDITY_FIELD,390,,0.25,0.5,INELIGIBLE_UNKNOWN,STRATEGY_FILTER_NOT_MET NO_ENTRY,0,0,,,2026-05-21T19:34:17.128945Z:MSFT,0,REJECTED: ENTRY_OR_SOURCE_BLOCKED_BY_FUNNEL; source=ENTRY_OR_SOURCE_BLOCKED_BY_FUNNEL; rank_score=0.563636; liquidity_score=0.000000; diversification_score=1.000000; cooldown_score=1.000000; existing_position_penalty=0.000000; sector_cap_status=SOURCE_BLOCKED_SECTOR_UNAVAILABLE; matching_policy=EXACT_CANDIDATE_ID_ONLY_NO_SYMBOL_DATE_PRICE_TIME_FALLBACK
T601-3,decision-71156393bd8a4019,decision-71156393bd8a4019,MSFT,2026-05-21T19:34:54.588625Z,0.563636,0.0,1.0,1.0,0.0,0.913636,REJECTED,ENTRY_OR_SOURCE_BLOCKED_BY_FUNNEL,ENTRY_OR_SOURCE_BLOCKED_BY_FUNNEL,,SOURCE_BLOCKED_SECTOR_UNAVAILABLE,SOURCE_BLOCKED_NO_LIQUIDITY_FIELD,390,,0.25,0.5,INELIGIBLE_UNKNOWN,STRATEGY_FILTER_NOT_MET NO_ENTRY,0,0,,,2026-05-21T19:34:53.067918Z:MSFT,0,REJECTED: ENTRY_OR_SOURCE_BLOCKED_BY_FUNNEL; source=ENTRY_OR_SOURCE_BLOCKED_BY_FUNNEL; rank_score=0.563636; liquidity_score=0.000000; diversification_score=1.000000; cooldown_score=1.000000; existing_position_penalty=0.000000; sector_cap_status=SOURCE_BLOCKED_SECTOR_UNAVAILABLE; matching_policy=EXACT_CANDIDATE_ID_ONLY_NO_SYMBOL_DATE_PRICE_TIME_FALLBACK
T601-3,decision-9935d952cd7244b7,decision-9935d952cd7244b7,MSFT,2026-05-21T19:39:27.027158Z,0.563636,0.0,1.0,1.0,0.0,0.913636,REJECTED,ENTRY_OR_SOURCE_BLOCKED_BY_FUNNEL,ENTRY_OR_SOURCE_BLOCKED_BY_FUNNEL,,SOURCE_BLOCKED_SECTOR_UNAVAILABLE,SOURCE_BLOCKED_NO_LIQUIDITY_FIELD,390,,0.25,0.5,INELIGIBLE_UNKNOWN,STRATEGY_FILTER_NOT_MET NO_ENTRY,0,0,,,2026-05-21T19:39:25.489709Z:MSFT,0,REJECTED: ENTRY_OR_SOURCE_BLOCKED_BY_FUNNEL; source=ENTRY_OR_SOURCE_BLOCKED_BY_FUNNEL; rank_score=0.563636; liquidity_score=0.000000; diversification_score=1.000000; cooldown_score=1.000000; existing_position_penalty=0.000000; sector_cap_status=SOURCE_BLOCKED_SECTOR_UNAVAILABLE; matching_policy=EXACT_CANDIDATE_ID_ONLY_NO_SYMBOL_DATE_PRICE_TIME_FALLBACK
T601-3,decision-90e4079361b7463f,decision-90e4079361b7463f,MSFT,2026-05-21T19:40:02.517282Z,0.563636,0.0,1.0,1.0,0.0,0.913636,REJECTED,ENTRY_OR_SOURCE_BLOCKED_BY_FUNNEL,ENTRY_OR_SOURCE_BLOCKED_BY_FUNNEL,,SOURCE_BLOCKED_SECTOR_UNAVAILABLE,SOURCE_BLOCKED_NO_LIQUIDITY_FIELD,390,,0.25,0.5,INELIGIBLE_UNKNOWN,STRATEGY_FILTER_NOT_MET NO_ENTRY,0,0,,,2026-05-21T19:40:01.034697Z:MSFT,0,REJECTED: ENTRY_OR_SOURCE_BLOCKED_BY_FUNNEL; source=ENTRY_OR_SOURCE_BLOCKED_BY_FUNNEL; rank_score=0.563636; liquidity_score=0.000000; diversification_score=1.000000; cooldown_score=1.000000; existing_position_penalty=0.000000; sector_cap_status=SOURCE_BLOCKED_SECTOR_UNAVAILABLE; matching_policy=EXACT_CANDIDATE_ID_ONLY_NO_SYMBOL_DATE_PRICE_TIME_FALLBACK
T601-3,decision-efd46aa1360f4552,decision-efd46aa1360f4552,MSFT,2026-05-21T19:44:34.387049Z,0.563636,0.0,1.0,1.0,0.0,0.913636,REJECTED,ENTRY_OR_SOURCE_BLOCKED_BY_FUNNEL,ENTRY_OR_SOURCE_BLOCKED_BY_FUNNEL,,SOURCE_BLOCKED_SECTOR_UNAVAILABLE,SOURCE_BLOCKED_NO_LIQUIDITY_FIELD,390,,0.25,0.5,INELIGIBLE_UNKNOWN,STRATEGY_FILTER_NOT_MET NO_ENTRY,0,0,,,2026-05-21T19:44:32.894109Z:MSFT,0,REJECTED: ENTRY_OR_SOURCE_BLOCKED_BY_FUNNEL; source=ENTRY_OR_SOURCE_BLOCKED_BY_FUNNEL; rank_score=0.563636; liquidity_score=0.000000; diversification_score=1.000000; cooldown_score=1.000000; existing_position_penalty=0.000000; sector_cap_status=SOURCE_BLOCKED_SECTOR_UNAVAILABLE; matching_policy=EXACT_CANDIDATE_ID_ONLY_NO_SYMBOL_DATE_PRICE_TIME_FALLBACK
T601-3,decision-b12c1912e76f446f,decision-b12c1912e76f446f,MSFT,2026-05-21T19:45:11.142982Z,0.563636,0.0,1.0,1.0,0.0,0.913636,REJECTED,ENTRY_OR_SOURCE_BLOCKED_BY_FUNNEL,ENTRY_OR_SOURCE_BLOCKED_BY_FUNNEL,,SOURCE_BLOCKED_SECTOR_UNAVAILABLE,SOURCE_BLOCKED_NO_LIQUIDITY_FIELD,390,,0.25,0.5,INELIGIBLE_UNKNOWN,STRATEGY_FILTER_NOT_MET NO_ENTRY,0,0,,,2026-05-21T19:45:09.630441Z:MSFT,0,REJECTED: ENTRY_OR_SOURCE_BLOCKED_BY_FUNNEL; source=ENTRY_OR_SOURCE_BLOCKED_BY_FUNNEL; rank_score=0.563636; liquidity_score=0.000000; diversification_score=1.000000; cooldown_score=1.000000; existing_position_penalty=0.000000; sector_cap_status=SOURCE_BLOCKED_SECTOR_UNAVAILABLE; matching_policy=EXACT_CANDIDATE_ID_ONLY_NO_SYMBOL_DATE_PRICE_TIME_FALLBACK
T601-3,decision-f531731ce3d04c72,decision-f531731ce3d04c72,MSFT,2026-05-21T19:49:42.082367Z,0.563636,0.0,1.0,1.0,0.0,0.913636,REJECTED,ENTRY_OR_SOURCE_BLOCKED_BY_FUNNEL,ENTRY_OR_SOURCE_BLOCKED_BY_FUNNEL,,SOURCE_BLOCKED_SECTOR_UNAVAILABLE,SOURCE_BLOCKED_NO_LIQUIDITY_FIELD,390,,0.25,0.5,INELIGIBLE_UNKNOWN,STRATEGY_FILTER_NOT_MET NO_ENTRY,0,0,,,2026-05-21T19:49:40.549714Z:MSFT,0,REJECTED: ENTRY_OR_SOURCE_BLOCKED_BY_FUNNEL; source=ENTRY_OR_SOURCE_BLOCKED_BY_FUNNEL; rank_score=0.563636; liquidity_score=0.000000; diversification_score=1.000000; cooldown_score=1.000000; existing_position_penalty=0.000000; sector_cap_status=SOURCE_BLOCKED_SECTOR_UNAVAILABLE; matching_policy=EXACT_CANDIDATE_ID_ONLY_NO_SYMBOL_DATE_PRICE_TIME_FALLBACK
T601-3,decision-000e4596e3c24f78,decision-000e4596e3c24f78,MSFT,2026-05-22T15:04:45.791104Z,0.563636,0.0,1.0,1.0,0.0,0.913636,REJECTED,ENTRY_OR_SOURCE_BLOCKED_BY_FUNNEL,ENTRY_OR_SOURCE_BLOCKED_BY_FUNNEL,,SOURCE_BLOCKED_SECTOR_UNAVAILABLE,SOURCE_BLOCKED_NO_LIQUIDITY_FIELD,390,,0.25,0.5,INELIGIBLE_UNKNOWN,STRATEGY_FILTER_NOT_MET NO_ENTRY,0,0,,,2026-05-22T15:04:43.954554Z:MSFT,0,REJECTED: ENTRY_OR_SOURCE_BLOCKED_BY_FUNNEL; source=ENTRY_OR_SOURCE_BLOCKED_BY_FUNNEL; rank_score=0.563636; liquidity_score=0.000000; diversification_score=1.000000; cooldown_score=1.000000; existing_position_penalty=0.000000; sector_cap_status=SOURCE_BLOCKED_SECTOR_UNAVAILABLE; matching_policy=EXACT_CANDIDATE_ID_ONLY_NO_SYMBOL_DATE_PRICE_TIME_FALLBACK
T601-3,decision-fc4b0bb42a914d02,decision-fc4b0bb42a914d02,AMD,2026-05-22T15:05:37.905217Z,0.522727,0.0,0.0,1.0,1.0,0.422727,REJECTED,SAME_SYMBOL_CAP_0.25,ELIGIBLE_FROM_FUNNEL,,SOURCE_BLOCKED_SECTOR_UNAVAILABLE,SOURCE_BLOCKED_NO_LIQUIDITY_FIELD,390,1263.7847,0.25,0.5,ELIGIBLE,,1,1,35196.0,0000035196:2026-05-22T16:12:46.012748Z:POSITION_DELTA,2026-05-22T15:05:35.202744Z:AMD,0,REJECTED: SAME_SYMBOL_CAP_0.25; source=ELIGIBLE_FROM_FUNNEL; rank_score=0.522727; liquidity_score=0.000000; diversification_score=0.000000; cooldown_score=1.000000; existing_position_penalty=1.000000; sector_cap_status=SOURCE_BLOCKED_SECTOR_UNAVAILABLE; matching_policy=EXACT_CANDIDATE_ID_ONLY_NO_SYMBOL_DATE_PRICE_TIME_FALLBACK
T601-3,decision-6622e755f5174117,decision-6622e755f5174117,AMD,2026-05-22T15:09:56.730996Z,0.522727,0.0,0.0,1.0,1.0,0.422727,REJECTED,SAME_SYMBOL_CAP_0.25,ELIGIBLE_FROM_FUNNEL,,SOURCE_BLOCKED_SECTOR_UNAVAILABLE,SOURCE_BLOCKED_NO_LIQUIDITY_FIELD,390,1268.0985,0.25,0.5,ELIGIBLE,,0,0,,,2026-05-22T15:09:54.924828Z:AMD,0,REJECTED: SAME_SYMBOL_CAP_0.25; source=ELIGIBLE_FROM_FUNNEL; rank_score=0.522727; liquidity_score=0.000000; diversification_score=0.000000; cooldown_score=1.000000; existing_position_penalty=1.000000; sector_cap_status=SOURCE_BLOCKED_SECTOR_UNAVAILABLE; matching_policy=EXACT_CANDIDATE_ID_ONLY_NO_SYMBOL_DATE_PRICE_TIME_FALLBACK
T601-3,decision-248025e2be94476a,decision-248025e2be94476a,AMD,2026-05-22T15:10:53.888047Z,0.522727,0.0,0.0,1.0,1.0,0.422727,REJECTED,SAME_SYMBOL_CAP_0.25,ELIGIBLE_FROM_FUNNEL,,SOURCE_BLOCKED_SECTOR_UNAVAILABLE,SOURCE_BLOCKED_NO_LIQUIDITY_FIELD,390,1269.0511,0.25,0.5,ELIGIBLE,,0,0,,,2026-05-22T15:10:52.295945Z:AMD,0,REJECTED: SAME_SYMBOL_CAP_0.25; source=ELIGIBLE_FROM_FUNNEL; rank_score=0.522727; liquidity_score=0.000000; diversification_score=0.000000; cooldown_score=1.000000; existing_position_penalty=1.000000; sector_cap_status=SOURCE_BLOCKED_SECTOR_UNAVAILABLE; matching_policy=EXACT_CANDIDATE_ID_ONLY_NO_SYMBOL_DATE_PRICE_TIME_FALLBACK
T601-3,decision-1e294cf2e8ea4f1c,decision-1e294cf2e8ea4f1c,AMD,2026-05-22T15:15:06.320635Z,0.522727,0.0,0.0,1.0,1.0,0.422727,REJECTED,SAME_SYMBOL_CAP_0.25,ELIGIBLE_FROM_FUNNEL,,SOURCE_BLOCKED_SECTOR_UNAVAILABLE,SOURCE_BLOCKED_NO_LIQUIDITY_FIELD,390,1273.2583,0.25,0.5,ELIGIBLE,,0,0,,,2026-05-22T15:15:04.756270Z:AMD,0,REJECTED: SAME_SYMBOL_CAP_0.25; source=ELIGIBLE_FROM_FUNNEL; rank_score=0.522727; liquidity_score=0.000000; diversification_score=0.000000; cooldown_score=1.000000; existing_position_penalty=1.000000; sector_cap_status=SOURCE_BLOCKED_SECTOR_UNAVAILABLE; matching_policy=EXACT_CANDIDATE_ID_ONLY_NO_SYMBOL_DATE_PRICE_TIME_FALLBACK
T601-3,decision-50e438a36eca4b2b,decision-50e438a36eca4b2b,AMD,2026-05-22T15:16:02.116723Z,0.522727,0.0,0.0,1.0,1.0,0.422727,REJECTED,SAME_SYMBOL_CAP_0.25,ELIGIBLE_FROM_FUNNEL,,SOURCE_BLOCKED_SECTOR_UNAVAILABLE,SOURCE_BLOCKED_NO_LIQUIDITY_FIELD,390,1274.1883,0.25,0.5,ELIGIBLE,,0,0,,,2026-05-22T15:16:00.611851Z:AMD,0,REJECTED: SAME_SYMBOL_CAP_0.25; source=ELIGIBLE_FROM_FUNNEL; rank_score=0.522727; liquidity_score=0.000000; diversification_score=0.000000; cooldown_score=1.000000; existing_position_penalty=1.000000; sector_cap_status=SOURCE_BLOCKED_SECTOR_UNAVAILABLE; matching_policy=EXACT_CANDIDATE_ID_ONLY_NO_SYMBOL_DATE_PRICE_TIME_FALLBACK
T601-3,decision-4061b31e733d4c84,decision-4061b31e733d4c84,MSFT,2026-05-22T15:20:15.047574Z,0.563636,0.0,1.0,1.0,0.0,0.913636,REJECTED,ENTRY_OR_SOURCE_BLOCKED_BY_FUNNEL,ENTRY_OR_SOURCE_BLOCKED_BY_FUNNEL,,SOURCE_BLOCKED_SECTOR_UNAVAILABLE,SOURCE_BLOCKED_NO_LIQUIDITY_FIELD,390,,0.25,0.5,INELIGIBLE_UNKNOWN,STRATEGY_FILTER_NOT_MET NO_ENTRY,0,0,,,2026-05-22T15:20:13.519885Z:MSFT,0,REJECTED: ENTRY_OR_SOURCE_BLOCKED_BY_FUNNEL; source=ENTRY_OR_SOURCE_BLOCKED_BY_FUNNEL; rank_score=0.563636; liquidity_score=0.000000; diversification_score=1.000000; cooldown_score=1.000000; existing_position_penalty=0.000000; sector_cap_status=SOURCE_BLOCKED_SECTOR_UNAVAILABLE; matching_policy=EXACT_CANDIDATE_ID_ONLY_NO_SYMBOL_DATE_PRICE_TIME_FALLBACK
T601-3,decision-8b2c3c95d5054697,decision-8b2c3c95d5054697,MSFT,2026-05-22T15:21:10.837718Z,0.563636,0.0,1.0,1.0,0.0,0.913636,REJECTED,ENTRY_OR_SOURCE_BLOCKED_BY_FUNNEL,ENTRY_OR_SOURCE_BLOCKED_BY_FUNNEL,,SOURCE_BLOCKED_SECTOR_UNAVAILABLE,SOURCE_BLOCKED_NO_LIQUIDITY_FIELD,390,,0.25,0.5,INELIGIBLE_UNKNOWN,STRATEGY_FILTER_NOT_MET NO_ENTRY,0,0,,,2026-05-22T15:21:09.343030Z:MSFT,0,REJECTED: ENTRY_OR_SOURCE_BLOCKED_BY_FUNNEL; source=ENTRY_OR_SOURCE_BLOCKED_BY_FUNNEL; rank_score=0.563636; liquidity_score=0.000000; diversification_score=1.000000; cooldown_score=1.000000; existing_position_penalty=0.000000; sector_cap_status=SOURCE_BLOCKED_SECTOR_UNAVAILABLE; matching_policy=EXACT_CANDIDATE_ID_ONLY_NO_SYMBOL_DATE_PRICE_TIME_FALLBACK
T601-3,decision-90c88df00964422b,decision-90c88df00964422b,AMD,2026-05-22T15:25:23.935926Z,0.522727,0.0,0.0,1.0,1.0,0.422727,REJECTED,SAME_SYMBOL_CAP_0.25,ELIGIBLE_FROM_FUNNEL,,SOURCE_BLOCKED_SECTOR_UNAVAILABLE,SOURCE_BLOCKED_NO_LIQUIDITY_FIELD,390,1283.5519,0.25,0.5,ELIGIBLE,,0,0,,,2026-05-22T15:25:22.383666Z:AMD,0,REJECTED: SAME_SYMBOL_CAP_0.25; source=ELIGIBLE_FROM_FUNNEL; rank_score=0.522727; liquidity_score=0.000000; diversification_score=0.000000; cooldown_score=1.000000; existing_position_penalty=1.000000; sector_cap_status=SOURCE_BLOCKED_SECTOR_UNAVAILABLE; matching_policy=EXACT_CANDIDATE_ID_ONLY_NO_SYMBOL_DATE_PRICE_TIME_FALLBACK
T601-3,decision-5e30e306d1ca47cd,decision-5e30e306d1ca47cd,AMD,2026-05-22T15:26:19.079751Z,0.522727,0.0,0.0,1.0,1.0,0.422727,REJECTED,SAME_SYMBOL_CAP_0.25,ELIGIBLE_FROM_FUNNEL,,SOURCE_BLOCKED_SECTOR_UNAVAILABLE,SOURCE_BLOCKED_NO_LIQUIDITY_FIELD,390,1284.471,0.25,0.5,ELIGIBLE,,1,1,35396.0,0000035396:2026-05-22T15:31:30.895315Z:ORDER_STATUS,2026-05-22T15:26:17.634978Z:AMD,0,REJECTED: SAME_SYMBOL_CAP_0.25; source=ELIGIBLE_FROM_FUNNEL; rank_score=0.522727; liquidity_score=0.000000; diversification_score=0.000000; cooldown_score=1.000000; existing_position_penalty=1.000000; sector_cap_status=SOURCE_BLOCKED_SECTOR_UNAVAILABLE; matching_policy=EXACT_CANDIDATE_ID_ONLY_NO_SYMBOL_DATE_PRICE_TIME_FALLBACK
T601-3,decision-01f8dfeba8514b66,decision-01f8dfeba8514b66,AMD,2026-05-22T15:30:32.288082Z,0.522727,0.0,0.0,1.0,1.0,0.422727,REJECTED,SAME_SYMBOL_CAP_0.25,ELIGIBLE_FROM_FUNNEL,,SOURCE_BLOCKED_SECTOR_UNAVAILABLE,SOURCE_BLOCKED_NO_LIQUIDITY_FIELD,390,1288.6911,0.25,0.5,ELIGIBLE,,0,0,,,2026-05-22T15:30:30.841425Z:AMD,0,REJECTED: SAME_SYMBOL_CAP_0.25; source=ELIGIBLE_FROM_FUNNEL; rank_score=0.522727; liquidity_score=0.000000; diversification_score=0.000000; cooldown_score=1.000000; existing_position_penalty=1.000000; sector_cap_status=SOURCE_BLOCKED_SECTOR_UNAVAILABLE; matching_policy=EXACT_CANDIDATE_ID_ONLY_NO_SYMBOL_DATE_PRICE_TIME_FALLBACK
T601-3,decision-1b0346fb548b4228,decision-1b0346fb548b4228,AMZN,2026-05-22T15:31:29.136495Z,0.531818,0.0,0.0,1.0,1.0,0.431818,REJECTED,SAME_SYMBOL_CAP_0.25,ELIGIBLE_FROM_FUNNEL,,SOURCE_BLOCKED_SECTOR_UNAVAILABLE,SOURCE_BLOCKED_NO_LIQUIDITY_FIELD,390,1448.2488,0.25,0.5,ELIGIBLE,,1,1,35451.0,0000035451:2026-05-22T15:35:42.651750Z:ORDER_STATUS,2026-05-22T15:31:27.693894Z:AMZN,0,REJECTED: SAME_SYMBOL_CAP_0.25; source=ELIGIBLE_FROM_FUNNEL; rank_score=0.531818; liquidity_score=0.000000; diversification_score=0.000000; cooldown_score=1.000000; existing_position_penalty=1.000000; sector_cap_status=SOURCE_BLOCKED_SECTOR_UNAVAILABLE; matching_policy=EXACT_CANDIDATE_ID_ONLY_NO_SYMBOL_DATE_PRICE_TIME_FALLBACK
T601-3,decision-dd31ea82451e4189,decision-dd31ea82451e4189,AMZN,2026-05-22T15:35:41.881380Z,0.531818,0.0,0.0,1.0,1.0,0.431818,REJECTED,SAME_SYMBOL_CAP_0.25,ELIGIBLE_FROM_FUNNEL,,SOURCE_BLOCKED_SECTOR_UNAVAILABLE,SOURCE_BLOCKED_NO_LIQUIDITY_FIELD,390,1452.4612,0.25,0.5,ELIGIBLE,,0,0,,,2026-05-22T15:35:40.338934Z:AMZN,0,REJECTED: SAME_SYMBOL_CAP_0.25; source=ELIGIBLE_FROM_FUNNEL; rank_score=0.531818; liquidity_score=0.000000; diversification_score=0.000000; cooldown_score=1.000000; existing_position_penalty=1.000000; sector_cap_status=SOURCE_BLOCKED_SECTOR_UNAVAILABLE; matching_policy=EXACT_CANDIDATE_ID_ONLY_NO_SYMBOL_DATE_PRICE_TIME_FALLBACK
T601-3,decision-31101ab7e048430a,decision-31101ab7e048430a,AMZN,2026-05-22T15:36:42.966744Z,0.531818,0.0,0.0,1.0,1.0,0.431818,REJECTED,SAME_SYMBOL_CAP_0.25,ELIGIBLE_FROM_FUNNEL,,SOURCE_BLOCKED_SECTOR_UNAVAILABLE,SOURCE_BLOCKED_NO_LIQUIDITY_FIELD,390,1453.4793,0.25,0.5,ELIGIBLE,,0,0,,,2026-05-22T15:36:41.480251Z:AMZN,0,REJECTED: SAME_SYMBOL_CAP_0.25; source=ELIGIBLE_FROM_FUNNEL; rank_score=0.531818; liquidity_score=0.000000; diversification_score=0.000000; cooldown_score=1.000000; existing_position_penalty=1.000000; sector_cap_status=SOURCE_BLOCKED_SECTOR_UNAVAILABLE; matching_policy=EXACT_CANDIDATE_ID_ONLY_NO_SYMBOL_DATE_PRICE_TIME_FALLBACK
T601-3,decision-66763b96e7b148cb,decision-66763b96e7b148cb,AMZN,2026-05-22T15:40:52.798795Z,0.531818,0.0,0.0,1.0,1.0,0.431818,REJECTED,SAME_SYMBOL_CAP_0.25,ELIGIBLE_FROM_FUNNEL,,SOURCE_BLOCKED_SECTOR_UNAVAILABLE,SOURCE_BLOCKED_NO_LIQUIDITY_FIELD,390,1457.6432,0.25,0.5,ELIGIBLE,,0,0,,,2026-05-22T15:40:51.095872Z:AMZN,0,REJECTED: SAME_SYMBOL_CAP_0.25; source=ELIGIBLE_FROM_FUNNEL; rank_score=0.531818; liquidity_score=0.000000; diversification_score=0.000000; cooldown_score=1.000000; existing_position_penalty=1.000000; sector_cap_status=SOURCE_BLOCKED_SECTOR_UNAVAILABLE; matching_policy=EXACT_CANDIDATE_ID_ONLY_NO_SYMBOL_DATE_PRICE_TIME_FALLBACK
T601-3,decision-66f12181f6e54363,decision-66f12181f6e54363,AMZN,2026-05-22T15:41:51.376212Z,0.531818,0.0,0.0,1.0,1.0,0.431818,REJECTED,SAME_SYMBOL_CAP_0.25,ELIGIBLE_FROM_FUNNEL,,SOURCE_BLOCKED_SECTOR_UNAVAILABLE,SOURCE_BLOCKED_NO_LIQUIDITY_FIELD,390,1458.6195,0.25,0.5,ELIGIBLE,,0,0,,,2026-05-22T15:41:49.928209Z:AMZN,0,REJECTED: SAME_SYMBOL_CAP_0.25; source=ELIGIBLE_FROM_FUNNEL; rank_score=0.531818; liquidity_score=0.000000; diversification_score=0.000000; cooldown_score=1.000000; existing_position_penalty=1.000000; sector_cap_status=SOURCE_BLOCKED_SECTOR_UNAVAILABLE; matching_policy=EXACT_CANDIDATE_ID_ONLY_NO_SYMBOL_DATE_PRICE_TIME_FALLBACK
T601-3,decision-1c5316ad2e364eaf,decision-1c5316ad2e364eaf,MSFT,2026-05-22T15:46:00.944382Z,0.563636,0.0,1.0,1.0,0.0,0.913636,REJECTED,ENTRY_OR_SOURCE_BLOCKED_BY_FUNNEL,ENTRY_OR_SOURCE_BLOCKED_BY_FUNNEL,,SOURCE_BLOCKED_SECTOR_UNAVAILABLE,SOURCE_BLOCKED_NO_LIQUIDITY_FIELD,390,,0.25,0.5,INELIGIBLE_UNKNOWN,STRATEGY_FILTER_NOT_MET NO_ENTRY,0,0,,,2026-05-22T15:45:59.368493Z:MSFT,0,REJECTED: ENTRY_OR_SOURCE_BLOCKED_BY_FUNNEL; source=ENTRY_OR_SOURCE_BLOCKED_BY_FUNNEL; rank_score=0.563636; liquidity_score=0.000000; diversification_score=1.000000; cooldown_score=1.000000; existing_position_penalty=0.000000; sector_cap_status=SOURCE_BLOCKED_SECTOR_UNAVAILABLE; matching_policy=EXACT_CANDIDATE_ID_ONLY_NO_SYMBOL_DATE_PRICE_TIME_FALLBACK
T601-3,decision-c5762003d1ab479f,decision-c5762003d1ab479f,MSFT,2026-05-22T15:46:59.939588Z,0.563636,0.0,1.0,1.0,0.0,0.913636,REJECTED,ENTRY_OR_SOURCE_BLOCKED_BY_FUNNEL,ENTRY_OR_SOURCE_BLOCKED_BY_FUNNEL,,SOURCE_BLOCKED_SECTOR_UNAVAILABLE,SOURCE_BLOCKED_NO_LIQUIDITY_FIELD,390,,0.25,0.5,INELIGIBLE_UNKNOWN,STRATEGY_FILTER_NOT_MET NO_ENTRY,0,0,,,2026-05-22T15:46:58.506003Z:MSFT,0,REJECTED: ENTRY_OR_SOURCE_BLOCKED_BY_FUNNEL; source=ENTRY_OR_SOURCE_BLOCKED_BY_FUNNEL; rank_score=0.563636; liquidity_score=0.000000; diversification_score=1.000000; cooldown_score=1.000000; existing_position_penalty=0.000000; sector_cap_status=SOURCE_BLOCKED_SECTOR_UNAVAILABLE; matching_policy=EXACT_CANDIDATE_ID_ONLY_NO_SYMBOL_DATE_PRICE_TIME_FALLBACK
T601-3,decision-95da708b164946d3,decision-95da708b164946d3,MSFT,2026-05-22T15:51:09.803933Z,0.563636,0.0,1.0,1.0,0.0,0.913636,REJECTED,ENTRY_OR_SOURCE_BLOCKED_BY_FUNNEL,ENTRY_OR_SOURCE_BLOCKED_BY_FUNNEL,,SOURCE_BLOCKED_SECTOR_UNAVAILABLE,SOURCE_BLOCKED_NO_LIQUIDITY_FIELD,390,,0.25,0.5,INELIGIBLE_UNKNOWN,STRATEGY_FILTER_NOT_MET NO_ENTRY,0,0,,,2026-05-22T15:51:07.835055Z:MSFT,0,REJECTED: ENTRY_OR_SOURCE_BLOCKED_BY_FUNNEL; source=ENTRY_OR_SOURCE_BLOCKED_BY_FUNNEL; rank_score=0.563636; liquidity_score=0.000000; diversification_score=1.000000; cooldown_score=1.000000; existing_position_penalty=0.000000; sector_cap_status=SOURCE_BLOCKED_SECTOR_UNAVAILABLE; matching_policy=EXACT_CANDIDATE_ID_ONLY_NO_SYMBOL_DATE_PRICE_TIME_FALLBACK
T601-3,decision-d7b5e94f553a4f86,decision-d7b5e94f553a4f86,MSFT,2026-05-22T15:52:08.870738Z,0.563636,0.0,1.0,1.0,0.0,0.913636,REJECTED,ENTRY_OR_SOURCE_BLOCKED_BY_FUNNEL,ENTRY_OR_SOURCE_BLOCKED_BY_FUNNEL,,SOURCE_BLOCKED_SECTOR_UNAVAILABLE,SOURCE_BLOCKED_NO_LIQUIDITY_FIELD,390,,0.25,0.5,INELIGIBLE_UNKNOWN,STRATEGY_FILTER_NOT_MET NO_ENTRY,0,0,,,2026-05-22T15:52:07.441297Z:MSFT,0,REJECTED: ENTRY_OR_SOURCE_BLOCKED_BY_FUNNEL; source=ENTRY_OR_SOURCE_BLOCKED_BY_FUNNEL; rank_score=0.563636; liquidity_score=0.000000; diversification_score=1.000000; cooldown_score=1.000000; existing_position_penalty=0.000000; sector_cap_status=SOURCE_BLOCKED_SECTOR_UNAVAILABLE; matching_policy=EXACT_CANDIDATE_ID_ONLY_NO_SYMBOL_DATE_PRICE_TIME_FALLBACK
T601-3,decision-a2d8ed3d41084318,decision-a2d8ed3d41084318,MSFT,2026-05-22T15:56:17.960519Z,0.563636,0.0,1.0,1.0,0.0,0.913636,REJECTED,ENTRY_OR_SOURCE_BLOCKED_BY_FUNNEL,ENTRY_OR_SOURCE_BLOCKED_BY_FUNNEL,,SOURCE_BLOCKED_SECTOR_UNAVAILABLE,SOURCE_BLOCKED_NO_LIQUIDITY_FIELD,390,,0.25,0.5,INELIGIBLE_UNKNOWN,STRATEGY_FILTER_NOT_MET NO_ENTRY,0,0,,,2026-05-22T15:56:16.371562Z:MSFT,0,REJECTED: ENTRY_OR_SOURCE_BLOCKED_BY_FUNNEL; source=ENTRY_OR_SOURCE_BLOCKED_BY_FUNNEL; rank_score=0.563636; liquidity_score=0.000000; diversification_score=1.000000; cooldown_score=1.000000; existing_position_penalty=0.000000; sector_cap_status=SOURCE_BLOCKED_SECTOR_UNAVAILABLE; matching_policy=EXACT_CANDIDATE_ID_ONLY_NO_SYMBOL_DATE_PRICE_TIME_FALLBACK
T601-3,decision-1967b99557734cd7,decision-1967b99557734cd7,MSFT,2026-05-22T15:57:17.920674Z,0.563636,0.0,1.0,1.0,0.0,0.913636,REJECTED,ENTRY_OR_SOURCE_BLOCKED_BY_FUNNEL,ENTRY_OR_SOURCE_BLOCKED_BY_FUNNEL,,SOURCE_BLOCKED_SECTOR_UNAVAILABLE,SOURCE_BLOCKED_NO_LIQUIDITY_FIELD,390,,0.25,0.5,INELIGIBLE_UNKNOWN,STRATEGY_FILTER_NOT_MET NO_ENTRY,0,0,,,2026-05-22T15:57:16.389470Z:MSFT,0,REJECTED: ENTRY_OR_SOURCE_BLOCKED_BY_FUNNEL; source=ENTRY_OR_SOURCE_BLOCKED_BY_FUNNEL; rank_score=0.563636; liquidity_score=0.000000; diversification_score=1.000000; cooldown_score=1.000000; existing_position_penalty=0.000000; sector_cap_status=SOURCE_BLOCKED_SECTOR_UNAVAILABLE; matching_policy=EXACT_CANDIDATE_ID_ONLY_NO_SYMBOL_DATE_PRICE_TIME_FALLBACK
T601-3,decision-538be946ae70410c,decision-538be946ae70410c,MSFT,2026-05-22T16:01:26.189387Z,0.563636,0.0,1.0,1.0,0.0,0.913636,SELECTED,PASSED_RANK_LIQUIDITY_DIVERSIFICATION_COOLDOWN_POSITION_CONTROLS,ELIGIBLE_FROM_FUNNEL,,SOURCE_BLOCKED_SECTOR_UNAVAILABLE,SOURCE_BLOCKED_NO_LIQUIDITY_FIELD,390,,0.25,0.5,ELIGIBLE,,0,0,,,2026-05-22T16:01:24.755431Z:MSFT,0,SELECTED: PASSED_RANK_LIQUIDITY_DIVERSIFICATION_COOLDOWN_POSITION_CONTROLS; source=ELIGIBLE_FROM_FUNNEL; rank_score=0.563636; liquidity_score=0.000000; diversification_score=1.000000; cooldown_score=1.000000; existing_position_penalty=0.000000; sector_cap_status=SOURCE_BLOCKED_SECTOR_UNAVAILABLE; matching_policy=EXACT_CANDIDATE_ID_ONLY_NO_SYMBOL_DATE_PRICE_TIME_FALLBACK
T601-3,decision-24f32d10b64c442b,decision-24f32d10b64c442b,MSFT,2026-05-22T16:02:26.410398Z,0.563636,0.0,0.666667,0.0,0.333333,0.663637,REJECTED,SYMBOL_COOLDOWN_ACTIVE_390_MINUTES,ELIGIBLE_FROM_FUNNEL,,SOURCE_BLOCKED_SECTOR_UNAVAILABLE,SOURCE_BLOCKED_NO_LIQUIDITY_FIELD,390,1.0037,0.25,0.5,ELIGIBLE,,0,0,,,2026-05-22T16:02:24.965841Z:MSFT,0,REJECTED: SYMBOL_COOLDOWN_ACTIVE_390_MINUTES; source=ELIGIBLE_FROM_FUNNEL; rank_score=0.563636; liquidity_score=0.000000; diversification_score=0.666667; cooldown_score=0.000000; existing_position_penalty=0.333333; sector_cap_status=SOURCE_BLOCKED_SECTOR_UNAVAILABLE; matching_policy=EXACT_CANDIDATE_ID_ONLY_NO_SYMBOL_DATE_PRICE_TIME_FALLBACK
T601-3,decision-439996f4415245bf,decision-439996f4415245bf,MSFT,2026-05-22T16:06:34.221510Z,0.563636,0.0,0.666667,0.0,0.333333,0.663637,REJECTED,SYMBOL_COOLDOWN_ACTIVE_390_MINUTES,ELIGIBLE_FROM_FUNNEL,,SOURCE_BLOCKED_SECTOR_UNAVAILABLE,SOURCE_BLOCKED_NO_LIQUIDITY_FIELD,390,5.1339,0.25,0.5,ELIGIBLE,,0,0,,,2026-05-22T16:06:32.759366Z:MSFT,0,REJECTED: SYMBOL_COOLDOWN_ACTIVE_390_MINUTES; source=ELIGIBLE_FROM_FUNNEL; rank_score=0.563636; liquidity_score=0.000000; diversification_score=0.666667; cooldown_score=0.000000; existing_position_penalty=0.333333; sector_cap_status=SOURCE_BLOCKED_SECTOR_UNAVAILABLE; matching_policy=EXACT_CANDIDATE_ID_ONLY_NO_SYMBOL_DATE_PRICE_TIME_FALLBACK
T601-3,decision-b685be6402fe46fb,decision-b685be6402fe46fb,MSFT,2026-05-22T16:07:35.428098Z,0.563636,0.0,0.666667,0.0,0.333333,0.663637,REJECTED,SYMBOL_COOLDOWN_ACTIVE_390_MINUTES,ELIGIBLE_FROM_FUNNEL,,SOURCE_BLOCKED_SECTOR_UNAVAILABLE,SOURCE_BLOCKED_NO_LIQUIDITY_FIELD,390,6.154,0.25,0.5,ELIGIBLE,,0,0,,,2026-05-22T16:07:33.918504Z:MSFT,0,REJECTED: SYMBOL_COOLDOWN_ACTIVE_390_MINUTES; source=ELIGIBLE_FROM_FUNNEL; rank_score=0.563636; liquidity_score=0.000000; diversification_score=0.666667; cooldown_score=0.000000; existing_position_penalty=0.333333; sector_cap_status=SOURCE_BLOCKED_SECTOR_UNAVAILABLE; matching_policy=EXACT_CANDIDATE_ID_ONLY_NO_SYMBOL_DATE_PRICE_TIME_FALLBACK
T601-3,decision-60e345c09d0c430e,decision-60e345c09d0c430e,MSFT,2026-05-22T16:11:43.048749Z,0.563636,0.0,0.666667,0.0,0.333333,0.663637,REJECTED,SYMBOL_COOLDOWN_ACTIVE_390_MINUTES,ELIGIBLE_FROM_FUNNEL,,SOURCE_BLOCKED_SECTOR_UNAVAILABLE,SOURCE_BLOCKED_NO_LIQUIDITY_FIELD,390,10.281,0.25,0.5,ELIGIBLE,,0,0,,,2026-05-22T16:11:41.633909Z:MSFT,0,REJECTED: SYMBOL_COOLDOWN_ACTIVE_390_MINUTES; source=ELIGIBLE_FROM_FUNNEL; rank_score=0.563636; liquidity_score=0.000000; diversification_score=0.666667; cooldown_score=0.000000; existing_position_penalty=0.333333; sector_cap_status=SOURCE_BLOCKED_SECTOR_UNAVAILABLE; matching_policy=EXACT_CANDIDATE_ID_ONLY_NO_SYMBOL_DATE_PRICE_TIME_FALLBACK
T601-3,decision-08b8afb56ce044cc,decision-08b8afb56ce044cc,MSFT,2026-05-22T16:12:44.723924Z,0.563636,0.0,0.666667,0.0,0.333333,0.663637,REJECTED,SYMBOL_COOLDOWN_ACTIVE_390_MINUTES,ELIGIBLE_FROM_FUNNEL,,SOURCE_BLOCKED_SECTOR_UNAVAILABLE,SOURCE_BLOCKED_NO_LIQUIDITY_FIELD,390,11.3089,0.25,0.5,ELIGIBLE,,0,0,,,2026-05-22T16:12:43.185051Z:MSFT,0,REJECTED: SYMBOL_COOLDOWN_ACTIVE_390_MINUTES; source=ELIGIBLE_FROM_FUNNEL; rank_score=0.563636; liquidity_score=0.000000; diversification_score=0.666667; cooldown_score=0.000000; existing_position_penalty=0.333333; sector_cap_status=SOURCE_BLOCKED_SECTOR_UNAVAILABLE; matching_policy=EXACT_CANDIDATE_ID_ONLY_NO_SYMBOL_DATE_PRICE_TIME_FALLBACK
T601-3,decision-c839c9c3294f4b3b,decision-c839c9c3294f4b3b,MSFT,2026-05-22T16:16:52.271980Z,0.563636,0.0,0.666667,0.0,0.333333,0.663637,REJECTED,ENTRY_OR_SOURCE_BLOCKED_BY_FUNNEL,ENTRY_OR_SOURCE_BLOCKED_BY_FUNNEL,,SOURCE_BLOCKED_SECTOR_UNAVAILABLE,SOURCE_BLOCKED_NO_LIQUIDITY_FIELD,390,15.4347,0.25,0.5,INELIGIBLE_UNKNOWN,STRATEGY_FILTER_NOT_MET NO_ENTRY,0,0,,,2026-05-22T16:16:50.845857Z:MSFT,0,REJECTED: ENTRY_OR_SOURCE_BLOCKED_BY_FUNNEL; source=ENTRY_OR_SOURCE_BLOCKED_BY_FUNNEL; rank_score=0.563636; liquidity_score=0.000000; diversification_score=0.666667; cooldown_score=0.000000; existing_position_penalty=0.333333; sector_cap_status=SOURCE_BLOCKED_SECTOR_UNAVAILABLE; matching_policy=EXACT_CANDIDATE_ID_ONLY_NO_SYMBOL_DATE_PRICE_TIME_FALLBACK
T601-3,decision-65dc302acfb84d9e,decision-65dc302acfb84d9e,MSFT,2026-05-22T16:17:54.389165Z,0.563636,0.0,0.666667,0.0,0.333333,0.663637,REJECTED,ENTRY_OR_SOURCE_BLOCKED_BY_FUNNEL,ENTRY_OR_SOURCE_BLOCKED_BY_FUNNEL,,SOURCE_BLOCKED_SECTOR_UNAVAILABLE,SOURCE_BLOCKED_NO_LIQUIDITY_FIELD,390,16.47,0.25,0.5,INELIGIBLE_UNKNOWN,STRATEGY_FILTER_NOT_MET NO_ENTRY,0,0,,,2026-05-22T16:17:52.903573Z:MSFT,0,REJECTED: ENTRY_OR_SOURCE_BLOCKED_BY_FUNNEL; source=ENTRY_OR_SOURCE_BLOCKED_BY_FUNNEL; rank_score=0.563636; liquidity_score=0.000000; diversification_score=0.666667; cooldown_score=0.000000; existing_position_penalty=0.333333; sector_cap_status=SOURCE_BLOCKED_SECTOR_UNAVAILABLE; matching_policy=EXACT_CANDIDATE_ID_ONLY_NO_SYMBOL_DATE_PRICE_TIME_FALLBACK
T601-3,decision-8fd5dcd3c5be4742,decision-8fd5dcd3c5be4742,MSFT,2026-05-22T16:22:00.234277Z,0.563636,0.0,0.666667,0.0,0.333333,0.663637,REJECTED,ENTRY_OR_SOURCE_BLOCKED_BY_FUNNEL,ENTRY_OR_SOURCE_BLOCKED_BY_FUNNEL,,SOURCE_BLOCKED_SECTOR_UNAVAILABLE,SOURCE_BLOCKED_NO_LIQUIDITY_FIELD,390,20.5674,0.25,0.5,INELIGIBLE_UNKNOWN,STRATEGY_FILTER_NOT_MET NO_ENTRY,0,0,,,2026-05-22T16:21:58.748091Z:MSFT,0,REJECTED: ENTRY_OR_SOURCE_BLOCKED_BY_FUNNEL; source=ENTRY_OR_SOURCE_BLOCKED_BY_FUNNEL; rank_score=0.563636; liquidity_score=0.000000; diversification_score=0.666667; cooldown_score=0.000000; existing_position_penalty=0.333333; sector_cap_status=SOURCE_BLOCKED_SECTOR_UNAVAILABLE; matching_policy=EXACT_CANDIDATE_ID_ONLY_NO_SYMBOL_DATE_PRICE_TIME_FALLBACK
T601-3,decision-c4f21e08befc4e25,decision-c4f21e08befc4e25,MSFT,2026-05-22T16:23:03.049552Z,0.563636,0.0,0.666667,0.0,0.333333,0.663637,REJECTED,ENTRY_OR_SOURCE_BLOCKED_BY_FUNNEL,ENTRY_OR_SOURCE_BLOCKED_BY_FUNNEL,,SOURCE_BLOCKED_SECTOR_UNAVAILABLE,SOURCE_BLOCKED_NO_LIQUIDITY_FIELD,390,21.6143,0.25,0.5,INELIGIBLE_UNKNOWN,STRATEGY_FILTER_NOT_MET NO_ENTRY,0,0,,,2026-05-22T16:23:01.496532Z:MSFT,0,REJECTED: ENTRY_OR_SOURCE_BLOCKED_BY_FUNNEL; source=ENTRY_OR_SOURCE_BLOCKED_BY_FUNNEL; rank_score=0.563636; liquidity_score=0.000000; diversification_score=0.666667; cooldown_score=0.000000; existing_position_penalty=0.333333; sector_cap_status=SOURCE_BLOCKED_SECTOR_UNAVAILABLE; matching_policy=EXACT_CANDIDATE_ID_ONLY_NO_SYMBOL_DATE_PRICE_TIME_FALLBACK
T601-3,decision-22d13213a4ed45a3,decision-22d13213a4ed45a3,MSFT,2026-05-22T16:27:08.579202Z,0.563636,0.0,0.666667,0.0,0.333333,0.663637,REJECTED,ENTRY_OR_SOURCE_BLOCKED_BY_FUNNEL,ENTRY_OR_SOURCE_BLOCKED_BY_FUNNEL,,SOURCE_BLOCKED_SECTOR_UNAVAILABLE,SOURCE_BLOCKED_NO_LIQUIDITY_FIELD,390,25.7065,0.25,0.5,INELIGIBLE_UNKNOWN,STRATEGY_FILTER_NOT_MET NO_ENTRY,0,0,,,2026-05-22T16:27:06.749793Z:MSFT,0,REJECTED: ENTRY_OR_SOURCE_BLOCKED_BY_FUNNEL; source=ENTRY_OR_SOURCE_BLOCKED_BY_FUNNEL; rank_score=0.563636; liquidity_score=0.000000; diversification_score=0.666667; cooldown_score=0.000000; existing_position_penalty=0.333333; sector_cap_status=SOURCE_BLOCKED_SECTOR_UNAVAILABLE; matching_policy=EXACT_CANDIDATE_ID_ONLY_NO_SYMBOL_DATE_PRICE_TIME_FALLBACK
T601-3,decision-c364305a342c4003,decision-c364305a342c4003,MSFT,2026-05-22T16:28:11.442224Z,0.563636,0.0,0.666667,0.0,0.333333,0.663637,REJECTED,ENTRY_OR_SOURCE_BLOCKED_BY_FUNNEL,ENTRY_OR_SOURCE_BLOCKED_BY_FUNNEL,,SOURCE_BLOCKED_SECTOR_UNAVAILABLE,SOURCE_BLOCKED_NO_LIQUIDITY_FIELD,390,26.7542,0.25,0.5,INELIGIBLE_UNKNOWN,STRATEGY_FILTER_NOT_MET NO_ENTRY,0,0,,,2026-05-22T16:28:10.016598Z:MSFT,0,REJECTED: ENTRY_OR_SOURCE_BLOCKED_BY_FUNNEL; source=ENTRY_OR_SOURCE_BLOCKED_BY_FUNNEL; rank_score=0.563636; liquidity_score=0.000000; diversification_score=0.666667; cooldown_score=0.000000; existing_position_penalty=0.333333; sector_cap_status=SOURCE_BLOCKED_SECTOR_UNAVAILABLE; matching_policy=EXACT_CANDIDATE_ID_ONLY_NO_SYMBOL_DATE_PRICE_TIME_FALLBACK
T601-3,decision-277f7474c3044049,decision-277f7474c3044049,MSFT,2026-05-22T16:32:16.888362Z,0.563636,0.0,0.666667,0.0,0.333333,0.663637,REJECTED,ENTRY_OR_SOURCE_BLOCKED_BY_FUNNEL,ENTRY_OR_SOURCE_BLOCKED_BY_FUNNEL,,SOURCE_BLOCKED_SECTOR_UNAVAILABLE,SOURCE_BLOCKED_NO_LIQUIDITY_FIELD,390,30.845,0.25,0.5,INELIGIBLE_UNKNOWN,STRATEGY_FILTER_NOT_MET NO_ENTRY,0,0,,,2026-05-22T16:32:15.385761Z:MSFT,0,REJECTED: ENTRY_OR_SOURCE_BLOCKED_BY_FUNNEL; source=ENTRY_OR_SOURCE_BLOCKED_BY_FUNNEL; rank_score=0.563636; liquidity_score=0.000000; diversification_score=0.666667; cooldown_score=0.000000; existing_position_penalty=0.333333; sector_cap_status=SOURCE_BLOCKED_SECTOR_UNAVAILABLE; matching_policy=EXACT_CANDIDATE_ID_ONLY_NO_SYMBOL_DATE_PRICE_TIME_FALLBACK
T601-3,decision-4f5e0912747f41fa,decision-4f5e0912747f41fa,MSFT,2026-05-22T16:33:20.307644Z,0.563636,0.0,0.666667,0.0,0.333333,0.663637,REJECTED,ENTRY_OR_SOURCE_BLOCKED_BY_FUNNEL,ENTRY_OR_SOURCE_BLOCKED_BY_FUNNEL,,SOURCE_BLOCKED_SECTOR_UNAVAILABLE,SOURCE_BLOCKED_NO_LIQUIDITY_FIELD,390,31.902,0.25,0.5,INELIGIBLE_UNKNOWN,STRATEGY_FILTER_NOT_MET NO_ENTRY,0,0,,,2026-05-22T16:33:18.836892Z:MSFT,0,REJECTED: ENTRY_OR_SOURCE_BLOCKED_BY_FUNNEL; source=ENTRY_OR_SOURCE_BLOCKED_BY_FUNNEL; rank_score=0.563636; liquidity_score=0.000000; diversification_score=0.666667; cooldown_score=0.000000; existing_position_penalty=0.333333; sector_cap_status=SOURCE_BLOCKED_SECTOR_UNAVAILABLE; matching_policy=EXACT_CANDIDATE_ID_ONLY_NO_SYMBOL_DATE_PRICE_TIME_FALLBACK
T601-3,decision-d279ba306f1d4fcb,decision-d279ba306f1d4fcb,MSFT,2026-05-22T16:37:25.186063Z,0.563636,0.0,0.666667,0.0,0.333333,0.663637,REJECTED,ENTRY_OR_SOURCE_BLOCKED_BY_FUNNEL,ENTRY_OR_SOURCE_BLOCKED_BY_FUNNEL,,SOURCE_BLOCKED_SECTOR_UNAVAILABLE,SOURCE_BLOCKED_NO_LIQUIDITY_FIELD,390,35.9833,0.25,0.5,INELIGIBLE_UNKNOWN,STRATEGY_FILTER_NOT_MET NO_ENTRY,0,0,,,2026-05-22T16:37:23.705087Z:MSFT,0,REJECTED: ENTRY_OR_SOURCE_BLOCKED_BY_FUNNEL; source=ENTRY_OR_SOURCE_BLOCKED_BY_FUNNEL; rank_score=0.563636; liquidity_score=0.000000; diversification_score=0.666667; cooldown_score=0.000000; existing_position_penalty=0.333333; sector_cap_status=SOURCE_BLOCKED_SECTOR_UNAVAILABLE; matching_policy=EXACT_CANDIDATE_ID_ONLY_NO_SYMBOL_DATE_PRICE_TIME_FALLBACK
T601-3,decision-9080188cd48d4a72,decision-9080188cd48d4a72,MSFT,2026-05-22T16:38:29.211783Z,0.563636,0.0,0.666667,0.0,0.333333,0.663637,REJECTED,ENTRY_OR_SOURCE_BLOCKED_BY_FUNNEL,ENTRY_OR_SOURCE_BLOCKED_BY_FUNNEL,,SOURCE_BLOCKED_SECTOR_UNAVAILABLE,SOURCE_BLOCKED_NO_LIQUIDITY_FIELD,390,37.0504,0.25,0.5,INELIGIBLE_UNKNOWN,STRATEGY_FILTER_NOT_MET NO_ENTRY,0,0,,,2026-05-22T16:38:27.801733Z:MSFT,0,REJECTED: ENTRY_OR_SOURCE_BLOCKED_BY_FUNNEL; source=ENTRY_OR_SOURCE_BLOCKED_BY_FUNNEL; rank_score=0.563636; liquidity_score=0.000000; diversification_score=0.666667; cooldown_score=0.000000; existing_position_penalty=0.333333; sector_cap_status=SOURCE_BLOCKED_SECTOR_UNAVAILABLE; matching_policy=EXACT_CANDIDATE_ID_ONLY_NO_SYMBOL_DATE_PRICE_TIME_FALLBACK
T601-3,decision-e1462ff760c44b39,decision-e1462ff760c44b39,MSFT,2026-05-22T16:42:33.429983Z,0.563636,0.0,0.666667,0.0,0.333333,0.663637,REJECTED,ENTRY_OR_SOURCE_BLOCKED_BY_FUNNEL,ENTRY_OR_SOURCE_BLOCKED_BY_FUNNEL,,SOURCE_BLOCKED_SECTOR_UNAVAILABLE,SOURCE_BLOCKED_NO_LIQUIDITY_FIELD,390,41.1207,0.25,0.5,INELIGIBLE_UNKNOWN,STRATEGY_FILTER_NOT_MET NO_ENTRY,0,0,,,2026-05-22T16:42:31.894147Z:MSFT,0,REJECTED: ENTRY_OR_SOURCE_BLOCKED_BY_FUNNEL; source=ENTRY_OR_SOURCE_BLOCKED_BY_FUNNEL; rank_score=0.563636; liquidity_score=0.000000; diversification_score=0.666667; cooldown_score=0.000000; existing_position_penalty=0.333333; sector_cap_status=SOURCE_BLOCKED_SECTOR_UNAVAILABLE; matching_policy=EXACT_CANDIDATE_ID_ONLY_NO_SYMBOL_DATE_PRICE_TIME_FALLBACK
T601-3,decision-56cf7b76d14f483d,decision-56cf7b76d14f483d,MSFT,2026-05-22T16:43:37.068863Z,0.563636,0.0,0.666667,0.0,0.333333,0.663637,REJECTED,ENTRY_OR_SOURCE_BLOCKED_BY_FUNNEL,ENTRY_OR_SOURCE_BLOCKED_BY_FUNNEL,,SOURCE_BLOCKED_SECTOR_UNAVAILABLE,SOURCE_BLOCKED_NO_LIQUIDITY_FIELD,390,42.1813,0.25,0.5,INELIGIBLE_UNKNOWN,STRATEGY_FILTER_NOT_MET NO_ENTRY,0,0,,,2026-05-22T16:43:35.585772Z:MSFT,0,REJECTED: ENTRY_OR_SOURCE_BLOCKED_BY_FUNNEL; source=ENTRY_OR_SOURCE_BLOCKED_BY_FUNNEL; rank_score=0.563636; liquidity_score=0.000000; diversification_score=0.666667; cooldown_score=0.000000; existing_position_penalty=0.333333; sector_cap_status=SOURCE_BLOCKED_SECTOR_UNAVAILABLE; matching_policy=EXACT_CANDIDATE_ID_ONLY_NO_SYMBOL_DATE_PRICE_TIME_FALLBACK
T601-3,decision-e885d214abcb4dfb,decision-e885d214abcb4dfb,MSFT,2026-05-22T16:47:41.296998Z,0.563636,0.0,0.666667,0.0,0.333333,0.663637,REJECTED,ENTRY_OR_SOURCE_BLOCKED_BY_FUNNEL,ENTRY_OR_SOURCE_BLOCKED_BY_FUNNEL,,SOURCE_BLOCKED_SECTOR_UNAVAILABLE,SOURCE_BLOCKED_NO_LIQUIDITY_FIELD,390,46.2518,0.25,0.5,INELIGIBLE_UNKNOWN,STRATEGY_FILTER_NOT_MET NO_ENTRY,0,0,,,2026-05-22T16:47:39.870779Z:MSFT,0,REJECTED: ENTRY_OR_SOURCE_BLOCKED_BY_FUNNEL; source=ENTRY_OR_SOURCE_BLOCKED_BY_FUNNEL; rank_score=0.563636; liquidity_score=0.000000; diversification_score=0.666667; cooldown_score=0.000000; existing_position_penalty=0.333333; sector_cap_status=SOURCE_BLOCKED_SECTOR_UNAVAILABLE; matching_policy=EXACT_CANDIDATE_ID_ONLY_NO_SYMBOL_DATE_PRICE_TIME_FALLBACK
T601-3,decision-556dcceac89e49e3,decision-556dcceac89e49e3,MSFT,2026-05-22T16:48:45.679748Z,0.563636,0.0,0.666667,0.0,0.333333,0.663637,REJECTED,ENTRY_OR_SOURCE_BLOCKED_BY_FUNNEL,ENTRY_OR_SOURCE_BLOCKED_BY_FUNNEL,,SOURCE_BLOCKED_SECTOR_UNAVAILABLE,SOURCE_BLOCKED_NO_LIQUIDITY_FIELD,390,47.3248,0.25,0.5,INELIGIBLE_UNKNOWN,STRATEGY_FILTER_NOT_MET NO_ENTRY,0,0,,,2026-05-22T16:48:44.249549Z:MSFT,0,REJECTED: ENTRY_OR_SOURCE_BLOCKED_BY_FUNNEL; source=ENTRY_OR_SOURCE_BLOCKED_BY_FUNNEL; rank_score=0.563636; liquidity_score=0.000000; diversification_score=0.666667; cooldown_score=0.000000; existing_position_penalty=0.333333; sector_cap_status=SOURCE_BLOCKED_SECTOR_UNAVAILABLE; matching_policy=EXACT_CANDIDATE_ID_ONLY_NO_SYMBOL_DATE_PRICE_TIME_FALLBACK
T601-3,decision-475bf104fd5847e2,decision-475bf104fd5847e2,MSFT,2026-05-22T16:52:49.827761Z,0.563636,0.0,0.666667,0.0,0.333333,0.663637,REJECTED,ENTRY_OR_SOURCE_BLOCKED_BY_FUNNEL,ENTRY_OR_SOURCE_BLOCKED_BY_FUNNEL,,SOURCE_BLOCKED_SECTOR_UNAVAILABLE,SOURCE_BLOCKED_NO_LIQUIDITY_FIELD,390,51.394,0.25,0.5,INELIGIBLE_UNKNOWN,STRATEGY_FILTER_NOT_MET NO_ENTRY,0,0,,,2026-05-22T16:52:48.279620Z:MSFT,0,REJECTED: ENTRY_OR_SOURCE_BLOCKED_BY_FUNNEL; source=ENTRY_OR_SOURCE_BLOCKED_BY_FUNNEL; rank_score=0.563636; liquidity_score=0.000000; diversification_score=0.666667; cooldown_score=0.000000; existing_position_penalty=0.333333; sector_cap_status=SOURCE_BLOCKED_SECTOR_UNAVAILABLE; matching_policy=EXACT_CANDIDATE_ID_ONLY_NO_SYMBOL_DATE_PRICE_TIME_FALLBACK
T601-3,decision-863a63a16a0b4d87,decision-863a63a16a0b4d87,MSFT,2026-05-22T16:53:54.099617Z,0.563636,0.0,0.666667,0.0,0.333333,0.663637,REJECTED,ENTRY_OR_SOURCE_BLOCKED_BY_FUNNEL,ENTRY_OR_SOURCE_BLOCKED_BY_FUNNEL,,SOURCE_BLOCKED_SECTOR_UNAVAILABLE,SOURCE_BLOCKED_NO_LIQUIDITY_FIELD,390,52.4652,0.25,0.5,INELIGIBLE_UNKNOWN,STRATEGY_FILTER_NOT_MET NO_ENTRY,0,0,,,2026-05-22T16:53:52.667991Z:MSFT,0,REJECTED: ENTRY_OR_SOURCE_BLOCKED_BY_FUNNEL; source=ENTRY_OR_SOURCE_BLOCKED_BY_FUNNEL; rank_score=0.563636; liquidity_score=0.000000; diversification_score=0.666667; cooldown_score=0.000000; existing_position_penalty=0.333333; sector_cap_status=SOURCE_BLOCKED_SECTOR_UNAVAILABLE; matching_policy=EXACT_CANDIDATE_ID_ONLY_NO_SYMBOL_DATE_PRICE_TIME_FALLBACK
T601-3,decision-00a6d811f5344ff6,decision-00a6d811f5344ff6,MSFT,2026-05-22T16:57:58.259105Z,0.563636,0.0,0.666667,0.0,0.333333,0.663637,REJECTED,ENTRY_OR_SOURCE_BLOCKED_BY_FUNNEL,ENTRY_OR_SOURCE_BLOCKED_BY_FUNNEL,,SOURCE_BLOCKED_SECTOR_UNAVAILABLE,SOURCE_BLOCKED_NO_LIQUIDITY_FIELD,390,56.5345,0.25,0.5,INELIGIBLE_UNKNOWN,STRATEGY_FILTER_NOT_MET NO_ENTRY,0,0,,,2026-05-22T16:57:56.791124Z:MSFT,0,REJECTED: ENTRY_OR_SOURCE_BLOCKED_BY_FUNNEL; source=ENTRY_OR_SOURCE_BLOCKED_BY_FUNNEL; rank_score=0.563636; liquidity_score=0.000000; diversification_score=0.666667; cooldown_score=0.000000; existing_position_penalty=0.333333; sector_cap_status=SOURCE_BLOCKED_SECTOR_UNAVAILABLE; matching_policy=EXACT_CANDIDATE_ID_ONLY_NO_SYMBOL_DATE_PRICE_TIME_FALLBACK
T601-3,decision-5912f35126dc425c,decision-5912f35126dc425c,MSFT,2026-05-22T16:59:02.560634Z,0.563636,0.0,0.666667,0.0,0.333333,0.663637,REJECTED,ENTRY_OR_SOURCE_BLOCKED_BY_FUNNEL,ENTRY_OR_SOURCE_BLOCKED_BY_FUNNEL,,SOURCE_BLOCKED_SECTOR_UNAVAILABLE,SOURCE_BLOCKED_NO_LIQUIDITY_FIELD,390,57.6062,0.25,0.5,INELIGIBLE_UNKNOWN,STRATEGY_FILTER_NOT_MET NO_ENTRY,0,0,,,2026-05-22T16:59:01.077861Z:MSFT,0,REJECTED: ENTRY_OR_SOURCE_BLOCKED_BY_FUNNEL; source=ENTRY_OR_SOURCE_BLOCKED_BY_FUNNEL; rank_score=0.563636; liquidity_score=0.000000; diversification_score=0.666667; cooldown_score=0.000000; existing_position_penalty=0.333333; sector_cap_status=SOURCE_BLOCKED_SECTOR_UNAVAILABLE; matching_policy=EXACT_CANDIDATE_ID_ONLY_NO_SYMBOL_DATE_PRICE_TIME_FALLBACK
T601-3,decision-cb57ded2cfe2473d,decision-cb57ded2cfe2473d,MSFT,2026-05-22T17:03:07.274138Z,0.563636,0.0,0.666667,0.0,0.333333,0.663637,REJECTED,ENTRY_OR_SOURCE_BLOCKED_BY_FUNNEL,ENTRY_OR_SOURCE_BLOCKED_BY_FUNNEL,,SOURCE_BLOCKED_SECTOR_UNAVAILABLE,SOURCE_BLOCKED_NO_LIQUIDITY_FIELD,390,61.6847,0.25,0.5,INELIGIBLE_UNKNOWN,STRATEGY_FILTER_NOT_MET NO_ENTRY,0,0,,,2026-05-22T17:03:05.820597Z:MSFT,0,REJECTED: ENTRY_OR_SOURCE_BLOCKED_BY_FUNNEL; source=ENTRY_OR_SOURCE_BLOCKED_BY_FUNNEL; rank_score=0.563636; liquidity_score=0.000000; diversification_score=0.666667; cooldown_score=0.000000; existing_position_penalty=0.333333; sector_cap_status=SOURCE_BLOCKED_SECTOR_UNAVAILABLE; matching_policy=EXACT_CANDIDATE_ID_ONLY_NO_SYMBOL_DATE_PRICE_TIME_FALLBACK
T601-3,decision-103c0e350a2e48ea,decision-103c0e350a2e48ea,MSFT,2026-05-22T17:04:11.943433Z,0.563636,0.0,0.666667,0.0,0.333333,0.663637,REJECTED,ENTRY_OR_SOURCE_BLOCKED_BY_FUNNEL,ENTRY_OR_SOURCE_BLOCKED_BY_FUNNEL,,SOURCE_BLOCKED_SECTOR_UNAVAILABLE,SOURCE_BLOCKED_NO_LIQUIDITY_FIELD,390,62.7626,0.25,0.5,INELIGIBLE_UNKNOWN,STRATEGY_FILTER_NOT_MET NO_ENTRY,0,0,,,2026-05-22T17:04:10.479870Z:MSFT,0,REJECTED: ENTRY_OR_SOURCE_BLOCKED_BY_FUNNEL; source=ENTRY_OR_SOURCE_BLOCKED_BY_FUNNEL; rank_score=0.563636; liquidity_score=0.000000; diversification_score=0.666667; cooldown_score=0.000000; existing_position_penalty=0.333333; sector_cap_status=SOURCE_BLOCKED_SECTOR_UNAVAILABLE; matching_policy=EXACT_CANDIDATE_ID_ONLY_NO_SYMBOL_DATE_PRICE_TIME_FALLBACK
T601-3,decision-7dc3af8ba2ea4739,decision-7dc3af8ba2ea4739,AMD,2026-05-22T17:08:15.889023Z,0.522727,0.0,0.0,1.0,1.0,0.422727,REJECTED,SAME_SYMBOL_CAP_0.25,ELIGIBLE_FROM_FUNNEL,,SOURCE_BLOCKED_SECTOR_UNAVAILABLE,SOURCE_BLOCKED_NO_LIQUIDITY_FIELD,390,1386.4178,0.25,0.5,ELIGIBLE,,0,0,,,2026-05-22T17:08:14.414309Z:AMD,0,REJECTED: SAME_SYMBOL_CAP_0.25; source=ELIGIBLE_FROM_FUNNEL; rank_score=0.522727; liquidity_score=0.000000; diversification_score=0.000000; cooldown_score=1.000000; existing_position_penalty=1.000000; sector_cap_status=SOURCE_BLOCKED_SECTOR_UNAVAILABLE; matching_policy=EXACT_CANDIDATE_ID_ONLY_NO_SYMBOL_DATE_PRICE_TIME_FALLBACK
T601-3,decision-ca6e4f831f0449f1,decision-ca6e4f831f0449f1,AMD,2026-05-22T17:09:20.354061Z,0.522727,0.0,0.0,1.0,1.0,0.422727,REJECTED,SAME_SYMBOL_CAP_0.25,ELIGIBLE_FROM_FUNNEL,,SOURCE_BLOCKED_SECTOR_UNAVAILABLE,SOURCE_BLOCKED_NO_LIQUIDITY_FIELD,390,1387.4922,0.25,0.5,ELIGIBLE,,0,0,,,2026-05-22T17:09:18.796319Z:AMD,0,REJECTED: SAME_SYMBOL_CAP_0.25; source=ELIGIBLE_FROM_FUNNEL; rank_score=0.522727; liquidity_score=0.000000; diversification_score=0.000000; cooldown_score=1.000000; existing_position_penalty=1.000000; sector_cap_status=SOURCE_BLOCKED_SECTOR_UNAVAILABLE; matching_policy=EXACT_CANDIDATE_ID_ONLY_NO_SYMBOL_DATE_PRICE_TIME_FALLBACK
T601-3,decision-d2e6cbdb64e6470d,decision-d2e6cbdb64e6470d,AMD,2026-05-22T17:13:24.358095Z,0.522727,0.0,0.0,1.0,1.0,0.422727,REJECTED,SAME_SYMBOL_CAP_0.25,ELIGIBLE_FROM_FUNNEL,,SOURCE_BLOCKED_SECTOR_UNAVAILABLE,SOURCE_BLOCKED_NO_LIQUIDITY_FIELD,390,1391.5589,0.25,0.5,ELIGIBLE,,0,0,,,2026-05-22T17:13:22.856428Z:AMD,0,REJECTED: SAME_SYMBOL_CAP_0.25; source=ELIGIBLE_FROM_FUNNEL; rank_score=0.522727; liquidity_score=0.000000; diversification_score=0.000000; cooldown_score=1.000000; existing_position_penalty=1.000000; sector_cap_status=SOURCE_BLOCKED_SECTOR_UNAVAILABLE; matching_policy=EXACT_CANDIDATE_ID_ONLY_NO_SYMBOL_DATE_PRICE_TIME_FALLBACK
T601-3,decision-6cf8c23a0d4c4ab6,decision-6cf8c23a0d4c4ab6,AMD,2026-05-22T17:14:28.249240Z,0.522727,0.0,0.0,1.0,1.0,0.422727,REJECTED,SAME_SYMBOL_CAP_0.25,ELIGIBLE_FROM_FUNNEL,,SOURCE_BLOCKED_SECTOR_UNAVAILABLE,SOURCE_BLOCKED_NO_LIQUIDITY_FIELD,390,1392.6238,0.25,0.5,ELIGIBLE,,0,0,,,2026-05-22T17:14:26.798654Z:AMD,0,REJECTED: SAME_SYMBOL_CAP_0.25; source=ELIGIBLE_FROM_FUNNEL; rank_score=0.522727; liquidity_score=0.000000; diversification_score=0.000000; cooldown_score=1.000000; existing_position_penalty=1.000000; sector_cap_status=SOURCE_BLOCKED_SECTOR_UNAVAILABLE; matching_policy=EXACT_CANDIDATE_ID_ONLY_NO_SYMBOL_DATE_PRICE_TIME_FALLBACK
T601-3,decision-a6e907650d8c4bfb,decision-a6e907650d8c4bfb,AMD,2026-05-22T17:18:32.518890Z,0.522727,0.0,0.0,1.0,1.0,0.422727,REJECTED,SAME_SYMBOL_CAP_0.25,ELIGIBLE_FROM_FUNNEL,,SOURCE_BLOCKED_SECTOR_UNAVAILABLE,SOURCE_BLOCKED_NO_LIQUIDITY_FIELD,390,1396.695,0.25,0.5,ELIGIBLE,,0,0,,,2026-05-22T17:18:31.037136Z:AMD,0,REJECTED: SAME_SYMBOL_CAP_0.25; source=ELIGIBLE_FROM_FUNNEL; rank_score=0.522727; liquidity_score=0.000000; diversification_score=0.000000; cooldown_score=1.000000; existing_position_penalty=1.000000; sector_cap_status=SOURCE_BLOCKED_SECTOR_UNAVAILABLE; matching_policy=EXACT_CANDIDATE_ID_ONLY_NO_SYMBOL_DATE_PRICE_TIME_FALLBACK
T601-3,decision-d046e971a2b340d4,decision-d046e971a2b340d4,AMD,2026-05-22T17:19:36.923903Z,0.522727,0.0,0.0,1.0,1.0,0.422727,REJECTED,SAME_SYMBOL_CAP_0.25,ELIGIBLE_FROM_FUNNEL,,SOURCE_BLOCKED_SECTOR_UNAVAILABLE,SOURCE_BLOCKED_NO_LIQUIDITY_FIELD,390,1397.7684,0.25,0.5,ELIGIBLE,,0,0,,,2026-05-22T17:19:35.437164Z:AMD,0,REJECTED: SAME_SYMBOL_CAP_0.25; source=ELIGIBLE_FROM_FUNNEL; rank_score=0.522727; liquidity_score=0.000000; diversification_score=0.000000; cooldown_score=1.000000; existing_position_penalty=1.000000; sector_cap_status=SOURCE_BLOCKED_SECTOR_UNAVAILABLE; matching_policy=EXACT_CANDIDATE_ID_ONLY_NO_SYMBOL_DATE_PRICE_TIME_FALLBACK
T601-3,decision-90faa8f7018c4eed,decision-90faa8f7018c4eed,MSFT,2026-05-22T17:23:40.827834Z,0.563636,0.0,0.666667,0.0,0.333333,0.663637,REJECTED,ENTRY_OR_SOURCE_BLOCKED_BY_FUNNEL,ENTRY_OR_SOURCE_BLOCKED_BY_FUNNEL,,SOURCE_BLOCKED_SECTOR_UNAVAILABLE,SOURCE_BLOCKED_NO_LIQUIDITY_FIELD,390,82.244,0.25,0.5,INELIGIBLE_UNKNOWN,STRATEGY_FILTER_NOT_MET NO_ENTRY,0,0,,,2026-05-22T17:23:39.320962Z:MSFT,0,REJECTED: ENTRY_OR_SOURCE_BLOCKED_BY_FUNNEL; source=ENTRY_OR_SOURCE_BLOCKED_BY_FUNNEL; rank_score=0.563636; liquidity_score=0.000000; diversification_score=0.666667; cooldown_score=0.000000; existing_position_penalty=0.333333; sector_cap_status=SOURCE_BLOCKED_SECTOR_UNAVAILABLE; matching_policy=EXACT_CANDIDATE_ID_ONLY_NO_SYMBOL_DATE_PRICE_TIME_FALLBACK
T601-3,decision-0077ba0b4e2344bd,decision-0077ba0b4e2344bd,MSFT,2026-05-22T17:24:45.317098Z,0.563636,0.0,0.666667,0.0,0.333333,0.663637,REJECTED,ENTRY_OR_SOURCE_BLOCKED_BY_FUNNEL,ENTRY_OR_SOURCE_BLOCKED_BY_FUNNEL,,SOURCE_BLOCKED_SECTOR_UNAVAILABLE,SOURCE_BLOCKED_NO_LIQUIDITY_FIELD,390,83.3188,0.25,0.5,INELIGIBLE_UNKNOWN,STRATEGY_FILTER_NOT_MET NO_ENTRY,0,0,,,2026-05-22T17:24:43.743043Z:MSFT,0,REJECTED: ENTRY_OR_SOURCE_BLOCKED_BY_FUNNEL; source=ENTRY_OR_SOURCE_BLOCKED_BY_FUNNEL; rank_score=0.563636; liquidity_score=0.000000; diversification_score=0.666667; cooldown_score=0.000000; existing_position_penalty=0.333333; sector_cap_status=SOURCE_BLOCKED_SECTOR_UNAVAILABLE; matching_policy=EXACT_CANDIDATE_ID_ONLY_NO_SYMBOL_DATE_PRICE_TIME_FALLBACK
T601-3,decision-c67df3a174fb4912,decision-c67df3a174fb4912,MSFT,2026-05-22T17:28:49.324192Z,0.563636,0.0,0.666667,0.0,0.333333,0.663637,REJECTED,ENTRY_OR_SOURCE_BLOCKED_BY_FUNNEL,ENTRY_OR_SOURCE_BLOCKED_BY_FUNNEL,,SOURCE_BLOCKED_SECTOR_UNAVAILABLE,SOURCE_BLOCKED_NO_LIQUIDITY_FIELD,390,87.3856,0.25,0.5,INELIGIBLE_UNKNOWN,STRATEGY_FILTER_NOT_MET NO_ENTRY,0,0,,,2026-05-22T17:28:47.872370Z:MSFT,0,REJECTED: ENTRY_OR_SOURCE_BLOCKED_BY_FUNNEL; source=ENTRY_OR_SOURCE_BLOCKED_BY_FUNNEL; rank_score=0.563636; liquidity_score=0.000000; diversification_score=0.666667; cooldown_score=0.000000; existing_position_penalty=0.333333; sector_cap_status=SOURCE_BLOCKED_SECTOR_UNAVAILABLE; matching_policy=EXACT_CANDIDATE_ID_ONLY_NO_SYMBOL_DATE_PRICE_TIME_FALLBACK
T601-3,decision-f6551aecc14c494b,decision-f6551aecc14c494b,MSFT,2026-05-22T17:29:53.690907Z,0.563636,0.0,0.666667,0.0,0.333333,0.663637,REJECTED,ENTRY_OR_SOURCE_BLOCKED_BY_FUNNEL,ENTRY_OR_SOURCE_BLOCKED_BY_FUNNEL,,SOURCE_BLOCKED_SECTOR_UNAVAILABLE,SOURCE_BLOCKED_NO_LIQUIDITY_FIELD,390,88.4584,0.25,0.5,INELIGIBLE_UNKNOWN,STRATEGY_FILTER_NOT_MET NO_ENTRY,0,0,,,2026-05-22T17:29:52.138167Z:MSFT,0,REJECTED: ENTRY_OR_SOURCE_BLOCKED_BY_FUNNEL; source=ENTRY_OR_SOURCE_BLOCKED_BY_FUNNEL; rank_score=0.563636; liquidity_score=0.000000; diversification_score=0.666667; cooldown_score=0.000000; existing_position_penalty=0.333333; sector_cap_status=SOURCE_BLOCKED_SECTOR_UNAVAILABLE; matching_policy=EXACT_CANDIDATE_ID_ONLY_NO_SYMBOL_DATE_PRICE_TIME_FALLBACK
T601-3,decision-afb73e4d6faf4480,decision-afb73e4d6faf4480,MSFT,2026-05-22T17:33:57.228145Z,0.563636,0.0,0.666667,0.0,0.333333,0.663637,REJECTED,ENTRY_OR_SOURCE_BLOCKED_BY_FUNNEL,ENTRY_OR_SOURCE_BLOCKED_BY_FUNNEL,,SOURCE_BLOCKED_SECTOR_UNAVAILABLE,SOURCE_BLOCKED_NO_LIQUIDITY_FIELD,390,92.5173,0.25,0.5,INELIGIBLE_UNKNOWN,STRATEGY_FILTER_NOT_MET NO_ENTRY,0,0,,,2026-05-22T17:33:55.661845Z:MSFT,0,REJECTED: ENTRY_OR_SOURCE_BLOCKED_BY_FUNNEL; source=ENTRY_OR_SOURCE_BLOCKED_BY_FUNNEL; rank_score=0.563636; liquidity_score=0.000000; diversification_score=0.666667; cooldown_score=0.000000; existing_position_penalty=0.333333; sector_cap_status=SOURCE_BLOCKED_SECTOR_UNAVAILABLE; matching_policy=EXACT_CANDIDATE_ID_ONLY_NO_SYMBOL_DATE_PRICE_TIME_FALLBACK
T601-3,decision-475d9e467a844607,decision-475d9e467a844607,MSFT,2026-05-22T17:35:02.311362Z,0.563636,0.0,0.666667,0.0,0.333333,0.663637,REJECTED,ENTRY_OR_SOURCE_BLOCKED_BY_FUNNEL,ENTRY_OR_SOURCE_BLOCKED_BY_FUNNEL,,SOURCE_BLOCKED_SECTOR_UNAVAILABLE,SOURCE_BLOCKED_NO_LIQUIDITY_FIELD,390,93.602,0.25,0.5,INELIGIBLE_UNKNOWN,STRATEGY_FILTER_NOT_MET NO_ENTRY,0,0,,,2026-05-22T17:35:00.820130Z:MSFT,0,REJECTED: ENTRY_OR_SOURCE_BLOCKED_BY_FUNNEL; source=ENTRY_OR_SOURCE_BLOCKED_BY_FUNNEL; rank_score=0.563636; liquidity_score=0.000000; diversification_score=0.666667; cooldown_score=0.000000; existing_position_penalty=0.333333; sector_cap_status=SOURCE_BLOCKED_SECTOR_UNAVAILABLE; matching_policy=EXACT_CANDIDATE_ID_ONLY_NO_SYMBOL_DATE_PRICE_TIME_FALLBACK
T601-3,decision-622649b929444ef1,decision-622649b929444ef1,MSFT,2026-05-22T17:39:05.878340Z,0.563636,0.0,0.666667,0.0,0.333333,0.663637,REJECTED,ENTRY_OR_SOURCE_BLOCKED_BY_FUNNEL,ENTRY_OR_SOURCE_BLOCKED_BY_FUNNEL,,SOURCE_BLOCKED_SECTOR_UNAVAILABLE,SOURCE_BLOCKED_NO_LIQUIDITY_FIELD,390,97.6615,0.25,0.5,INELIGIBLE_UNKNOWN,STRATEGY_FILTER_NOT_MET NO_ENTRY,0,0,,,2026-05-22T17:39:04.389457Z:MSFT,0,REJECTED: ENTRY_OR_SOURCE_BLOCKED_BY_FUNNEL; source=ENTRY_OR_SOURCE_BLOCKED_BY_FUNNEL; rank_score=0.563636; liquidity_score=0.000000; diversification_score=0.666667; cooldown_score=0.000000; existing_position_penalty=0.333333; sector_cap_status=SOURCE_BLOCKED_SECTOR_UNAVAILABLE; matching_policy=EXACT_CANDIDATE_ID_ONLY_NO_SYMBOL_DATE_PRICE_TIME_FALLBACK
T601-3,decision-fe7422c2a9c14d66,decision-fe7422c2a9c14d66,AMD,2026-05-22T17:40:10.975966Z,0.522727,0.0,0.0,1.0,1.0,0.422727,REJECTED,SAME_SYMBOL_CAP_0.25,ELIGIBLE_FROM_FUNNEL,,SOURCE_BLOCKED_SECTOR_UNAVAILABLE,SOURCE_BLOCKED_NO_LIQUIDITY_FIELD,390,1418.3359,0.25,0.5,ELIGIBLE,,0,0,,,2026-05-22T17:40:09.434900Z:AMD,0,REJECTED: SAME_SYMBOL_CAP_0.25; source=ELIGIBLE_FROM_FUNNEL; rank_score=0.522727; liquidity_score=0.000000; diversification_score=0.000000; cooldown_score=1.000000; existing_position_penalty=1.000000; sector_cap_status=SOURCE_BLOCKED_SECTOR_UNAVAILABLE; matching_policy=EXACT_CANDIDATE_ID_ONLY_NO_SYMBOL_DATE_PRICE_TIME_FALLBACK
T601-3,decision-81ce880b6dc2408e,decision-81ce880b6dc2408e,AMD,2026-05-22T17:44:14.006783Z,0.522727,0.0,0.0,1.0,1.0,0.422727,REJECTED,SAME_SYMBOL_CAP_0.25,ELIGIBLE_FROM_FUNNEL,,SOURCE_BLOCKED_SECTOR_UNAVAILABLE,SOURCE_BLOCKED_NO_LIQUIDITY_FIELD,390,1422.3864,0.25,0.5,ELIGIBLE,,0,0,,,2026-05-22T17:44:12.493189Z:AMD,0,REJECTED: SAME_SYMBOL_CAP_0.25; source=ELIGIBLE_FROM_FUNNEL; rank_score=0.522727; liquidity_score=0.000000; diversification_score=0.000000; cooldown_score=1.000000; existing_position_penalty=1.000000; sector_cap_status=SOURCE_BLOCKED_SECTOR_UNAVAILABLE; matching_policy=EXACT_CANDIDATE_ID_ONLY_NO_SYMBOL_DATE_PRICE_TIME_FALLBACK
T601-3,decision-771da8a049454e25,decision-771da8a049454e25,AMD,2026-05-22T17:45:19.749922Z,0.522727,0.0,0.0,1.0,1.0,0.422727,REJECTED,SAME_SYMBOL_CAP_0.25,ELIGIBLE_FROM_FUNNEL,,SOURCE_BLOCKED_SECTOR_UNAVAILABLE,SOURCE_BLOCKED_NO_LIQUIDITY_FIELD,390,1423.4821,0.25,0.5,ELIGIBLE,,0,0,,,2026-05-22T17:45:18.240097Z:AMD,0,REJECTED: SAME_SYMBOL_CAP_0.25; source=ELIGIBLE_FROM_FUNNEL; rank_score=0.522727; liquidity_score=0.000000; diversification_score=0.000000; cooldown_score=1.000000; existing_position_penalty=1.000000; sector_cap_status=SOURCE_BLOCKED_SECTOR_UNAVAILABLE; matching_policy=EXACT_CANDIDATE_ID_ONLY_NO_SYMBOL_DATE_PRICE_TIME_FALLBACK
T601-3,decision-6f8f65a25a10495c,decision-6f8f65a25a10495c,AMD,2026-05-22T17:49:21.998400Z,0.522727,0.0,0.0,1.0,1.0,0.422727,REJECTED,SAME_SYMBOL_CAP_0.25,ELIGIBLE_FROM_FUNNEL,,SOURCE_BLOCKED_SECTOR_UNAVAILABLE,SOURCE_BLOCKED_NO_LIQUIDITY_FIELD,390,1427.5196,0.25,0.5,ELIGIBLE,,0,0,,,2026-05-22T17:49:20.425813Z:AMD,0,REJECTED: SAME_SYMBOL_CAP_0.25; source=ELIGIBLE_FROM_FUNNEL; rank_score=0.522727; liquidity_score=0.000000; diversification_score=0.000000; cooldown_score=1.000000; existing_position_penalty=1.000000; sector_cap_status=SOURCE_BLOCKED_SECTOR_UNAVAILABLE; matching_policy=EXACT_CANDIDATE_ID_ONLY_NO_SYMBOL_DATE_PRICE_TIME_FALLBACK
T601-3,decision-8ce2f53ee5f74e5b,decision-8ce2f53ee5f74e5b,AMD,2026-05-22T17:50:28.348681Z,0.522727,0.0,0.0,1.0,1.0,0.422727,REJECTED,SAME_SYMBOL_CAP_0.25,ELIGIBLE_FROM_FUNNEL,,SOURCE_BLOCKED_SECTOR_UNAVAILABLE,SOURCE_BLOCKED_NO_LIQUIDITY_FIELD,390,1428.6255,0.25,0.5,ELIGIBLE,,0,0,,,2026-05-22T17:50:26.815773Z:AMD,0,REJECTED: SAME_SYMBOL_CAP_0.25; source=ELIGIBLE_FROM_FUNNEL; rank_score=0.522727; liquidity_score=0.000000; diversification_score=0.000000; cooldown_score=1.000000; existing_position_penalty=1.000000; sector_cap_status=SOURCE_BLOCKED_SECTOR_UNAVAILABLE; matching_policy=EXACT_CANDIDATE_ID_ONLY_NO_SYMBOL_DATE_PRICE_TIME_FALLBACK
T601-3,decision-9f8e6aae8df243f7,decision-9f8e6aae8df243f7,AMD,2026-05-22T17:54:30.396078Z,0.522727,0.0,0.0,1.0,1.0,0.422727,REJECTED,SAME_SYMBOL_CAP_0.25,ELIGIBLE_FROM_FUNNEL,,SOURCE_BLOCKED_SECTOR_UNAVAILABLE,SOURCE_BLOCKED_NO_LIQUIDITY_FIELD,390,1432.6596,0.25,0.5,ELIGIBLE,,0,0,,,2026-05-22T17:54:28.962430Z:AMD,0,REJECTED: SAME_SYMBOL_CAP_0.25; source=ELIGIBLE_FROM_FUNNEL; rank_score=0.522727; liquidity_score=0.000000; diversification_score=0.000000; cooldown_score=1.000000; existing_position_penalty=1.000000; sector_cap_status=SOURCE_BLOCKED_SECTOR_UNAVAILABLE; matching_policy=EXACT_CANDIDATE_ID_ONLY_NO_SYMBOL_DATE_PRICE_TIME_FALLBACK
T601-3,decision-9df5a1dcafa04b1f,decision-9df5a1dcafa04b1f,MSFT,2026-05-22T17:55:38.426185Z,0.563636,0.0,0.666667,0.0,0.333333,0.663637,REJECTED,ENTRY_OR_SOURCE_BLOCKED_BY_FUNNEL,ENTRY_OR_SOURCE_BLOCKED_BY_FUNNEL,,SOURCE_BLOCKED_SECTOR_UNAVAILABLE,SOURCE_BLOCKED_NO_LIQUIDITY_FIELD,390,114.2039,0.25,0.5,INELIGIBLE_UNKNOWN,STRATEGY_FILTER_NOT_MET NO_ENTRY,0,0,,,2026-05-22T17:55:37.055348Z:MSFT,0,REJECTED: ENTRY_OR_SOURCE_BLOCKED_BY_FUNNEL; source=ENTRY_OR_SOURCE_BLOCKED_BY_FUNNEL; rank_score=0.563636; liquidity_score=0.000000; diversification_score=0.666667; cooldown_score=0.000000; existing_position_penalty=0.333333; sector_cap_status=SOURCE_BLOCKED_SECTOR_UNAVAILABLE; matching_policy=EXACT_CANDIDATE_ID_ONLY_NO_SYMBOL_DATE_PRICE_TIME_FALLBACK
T601-3,decision-d5874379507b409c,decision-d5874379507b409c,MSFT,2026-05-22T17:59:39.487250Z,0.563636,0.0,0.666667,0.0,0.333333,0.663637,REJECTED,ENTRY_OR_SOURCE_BLOCKED_BY_FUNNEL,ENTRY_OR_SOURCE_BLOCKED_BY_FUNNEL,,SOURCE_BLOCKED_SECTOR_UNAVAILABLE,SOURCE_BLOCKED_NO_LIQUIDITY_FIELD,390,118.2216,0.25,0.5,INELIGIBLE_UNKNOWN,STRATEGY_FILTER_NOT_MET NO_ENTRY,0,0,,,2026-05-22T17:59:38.053564Z:MSFT,0,REJECTED: ENTRY_OR_SOURCE_BLOCKED_BY_FUNNEL; source=ENTRY_OR_SOURCE_BLOCKED_BY_FUNNEL; rank_score=0.563636; liquidity_score=0.000000; diversification_score=0.666667; cooldown_score=0.000000; existing_position_penalty=0.333333; sector_cap_status=SOURCE_BLOCKED_SECTOR_UNAVAILABLE; matching_policy=EXACT_CANDIDATE_ID_ONLY_NO_SYMBOL_DATE_PRICE_TIME_FALLBACK
T601-3,decision-e84e2b95b75e46eb,decision-e84e2b95b75e46eb,MSFT,2026-05-22T18:00:47.391724Z,0.563636,0.0,0.666667,0.0,0.333333,0.663637,REJECTED,ENTRY_OR_SOURCE_BLOCKED_BY_FUNNEL,ENTRY_OR_SOURCE_BLOCKED_BY_FUNNEL,,SOURCE_BLOCKED_SECTOR_UNAVAILABLE,SOURCE_BLOCKED_NO_LIQUIDITY_FIELD,390,119.3534,0.25,0.5,INELIGIBLE_UNKNOWN,STRATEGY_FILTER_NOT_MET NO_ENTRY,0,0,,,2026-05-22T18:00:45.686236Z:MSFT,0,REJECTED: ENTRY_OR_SOURCE_BLOCKED_BY_FUNNEL; source=ENTRY_OR_SOURCE_BLOCKED_BY_FUNNEL; rank_score=0.563636; liquidity_score=0.000000; diversification_score=0.666667; cooldown_score=0.000000; existing_position_penalty=0.333333; sector_cap_status=SOURCE_BLOCKED_SECTOR_UNAVAILABLE; matching_policy=EXACT_CANDIDATE_ID_ONLY_NO_SYMBOL_DATE_PRICE_TIME_FALLBACK
T601-3,decision-2a10ff2bf1a54672,decision-2a10ff2bf1a54672,MSFT,2026-05-22T18:04:47.467476Z,0.563636,0.0,0.666667,0.0,0.333333,0.663637,REJECTED,ENTRY_OR_SOURCE_BLOCKED_BY_FUNNEL,ENTRY_OR_SOURCE_BLOCKED_BY_FUNNEL,,SOURCE_BLOCKED_SECTOR_UNAVAILABLE,SOURCE_BLOCKED_NO_LIQUIDITY_FIELD,390,123.3546,0.25,0.5,INELIGIBLE_UNKNOWN,STRATEGY_FILTER_NOT_MET NO_ENTRY,0,0,,,2026-05-22T18:04:46.006370Z:MSFT,0,REJECTED: ENTRY_OR_SOURCE_BLOCKED_BY_FUNNEL; source=ENTRY_OR_SOURCE_BLOCKED_BY_FUNNEL; rank_score=0.563636; liquidity_score=0.000000; diversification_score=0.666667; cooldown_score=0.000000; existing_position_penalty=0.333333; sector_cap_status=SOURCE_BLOCKED_SECTOR_UNAVAILABLE; matching_policy=EXACT_CANDIDATE_ID_ONLY_NO_SYMBOL_DATE_PRICE_TIME_FALLBACK
T601-3,decision-bfaf875d1087444a,decision-bfaf875d1087444a,MSFT,2026-05-22T18:05:56.664160Z,0.563636,0.0,0.666667,0.0,0.333333,0.663637,REJECTED,ENTRY_OR_SOURCE_BLOCKED_BY_FUNNEL,ENTRY_OR_SOURCE_BLOCKED_BY_FUNNEL,,SOURCE_BLOCKED_SECTOR_UNAVAILABLE,SOURCE_BLOCKED_NO_LIQUIDITY_FIELD,390,124.5079,0.25,0.5,INELIGIBLE_UNKNOWN,STRATEGY_FILTER_NOT_MET NO_ENTRY,0,0,,,2026-05-22T18:05:55.073713Z:MSFT,0,REJECTED: ENTRY_OR_SOURCE_BLOCKED_BY_FUNNEL; source=ENTRY_OR_SOURCE_BLOCKED_BY_FUNNEL; rank_score=0.563636; liquidity_score=0.000000; diversification_score=0.666667; cooldown_score=0.000000; existing_position_penalty=0.333333; sector_cap_status=SOURCE_BLOCKED_SECTOR_UNAVAILABLE; matching_policy=EXACT_CANDIDATE_ID_ONLY_NO_SYMBOL_DATE_PRICE_TIME_FALLBACK
T601-3,decision-b16c072911434a3d,decision-b16c072911434a3d,MSFT,2026-05-22T18:09:56.055818Z,0.563636,0.0,0.666667,0.0,0.333333,0.663637,REJECTED,ENTRY_OR_SOURCE_BLOCKED_BY_FUNNEL,ENTRY_OR_SOURCE_BLOCKED_BY_FUNNEL,,SOURCE_BLOCKED_SECTOR_UNAVAILABLE,SOURCE_BLOCKED_NO_LIQUIDITY_FIELD,390,128.4978,0.25,0.5,INELIGIBLE_UNKNOWN,STRATEGY_FILTER_NOT_MET NO_ENTRY,0,0,,,2026-05-22T18:09:54.504910Z:MSFT,0,REJECTED: ENTRY_OR_SOURCE_BLOCKED_BY_FUNNEL; source=ENTRY_OR_SOURCE_BLOCKED_BY_FUNNEL; rank_score=0.563636; liquidity_score=0.000000; diversification_score=0.666667; cooldown_score=0.000000; existing_position_penalty=0.333333; sector_cap_status=SOURCE_BLOCKED_SECTOR_UNAVAILABLE; matching_policy=EXACT_CANDIDATE_ID_ONLY_NO_SYMBOL_DATE_PRICE_TIME_FALLBACK
T601-3,decision-2923b6e0a4d24a60,decision-2923b6e0a4d24a60,MSFT,2026-05-22T18:11:06.715583Z,0.563636,0.0,0.666667,0.0,0.333333,0.663637,REJECTED,ENTRY_OR_SOURCE_BLOCKED_BY_FUNNEL,ENTRY_OR_SOURCE_BLOCKED_BY_FUNNEL,,SOURCE_BLOCKED_SECTOR_UNAVAILABLE,SOURCE_BLOCKED_NO_LIQUIDITY_FIELD,390,129.6754,0.25,0.5,INELIGIBLE_UNKNOWN,STRATEGY_FILTER_NOT_MET NO_ENTRY,0,0,,,2026-05-22T18:11:05.248235Z:MSFT,0,REJECTED: ENTRY_OR_SOURCE_BLOCKED_BY_FUNNEL; source=ENTRY_OR_SOURCE_BLOCKED_BY_FUNNEL; rank_score=0.563636; liquidity_score=0.000000; diversification_score=0.666667; cooldown_score=0.000000; existing_position_penalty=0.333333; sector_cap_status=SOURCE_BLOCKED_SECTOR_UNAVAILABLE; matching_policy=EXACT_CANDIDATE_ID_ONLY_NO_SYMBOL_DATE_PRICE_TIME_FALLBACK
T601-3,decision-c6748016b6b64c5a,decision-c6748016b6b64c5a,MSFT,2026-05-22T18:15:05.097148Z,0.563636,0.0,0.666667,0.0,0.333333,0.663637,REJECTED,ENTRY_OR_SOURCE_BLOCKED_BY_FUNNEL,ENTRY_OR_SOURCE_BLOCKED_BY_FUNNEL,,SOURCE_BLOCKED_SECTOR_UNAVAILABLE,SOURCE_BLOCKED_NO_LIQUIDITY_FIELD,390,133.6485,0.25,0.5,INELIGIBLE_UNKNOWN,STRATEGY_FILTER_NOT_MET NO_ENTRY,0,0,,,2026-05-22T18:15:03.635341Z:MSFT,0,REJECTED: ENTRY_OR_SOURCE_BLOCKED_BY_FUNNEL; source=ENTRY_OR_SOURCE_BLOCKED_BY_FUNNEL; rank_score=0.563636; liquidity_score=0.000000; diversification_score=0.666667; cooldown_score=0.000000; existing_position_penalty=0.333333; sector_cap_status=SOURCE_BLOCKED_SECTOR_UNAVAILABLE; matching_policy=EXACT_CANDIDATE_ID_ONLY_NO_SYMBOL_DATE_PRICE_TIME_FALLBACK
T601-3,decision-9bb8a5ca80514417,decision-9bb8a5ca80514417,MSFT,2026-05-22T18:16:16.050204Z,0.563636,0.0,0.666667,0.0,0.333333,0.663637,REJECTED,ENTRY_OR_SOURCE_BLOCKED_BY_FUNNEL,ENTRY_OR_SOURCE_BLOCKED_BY_FUNNEL,,SOURCE_BLOCKED_SECTOR_UNAVAILABLE,SOURCE_BLOCKED_NO_LIQUIDITY_FIELD,390,134.831,0.25,0.5,INELIGIBLE_UNKNOWN,STRATEGY_FILTER_NOT_MET NO_ENTRY,0,0,,,2026-05-22T18:16:14.560927Z:MSFT,0,REJECTED: ENTRY_OR_SOURCE_BLOCKED_BY_FUNNEL; source=ENTRY_OR_SOURCE_BLOCKED_BY_FUNNEL; rank_score=0.563636; liquidity_score=0.000000; diversification_score=0.666667; cooldown_score=0.000000; existing_position_penalty=0.333333; sector_cap_status=SOURCE_BLOCKED_SECTOR_UNAVAILABLE; matching_policy=EXACT_CANDIDATE_ID_ONLY_NO_SYMBOL_DATE_PRICE_TIME_FALLBACK
T601-3,decision-1f122d2878854129,decision-1f122d2878854129,MSFT,2026-05-22T18:20:13.953483Z,0.563636,0.0,0.666667,0.0,0.333333,0.663637,REJECTED,ENTRY_OR_SOURCE_BLOCKED_BY_FUNNEL,ENTRY_OR_SOURCE_BLOCKED_BY_FUNNEL,,SOURCE_BLOCKED_SECTOR_UNAVAILABLE,SOURCE_BLOCKED_NO_LIQUIDITY_FIELD,390,138.7961,0.25,0.5,INELIGIBLE_UNKNOWN,STRATEGY_FILTER_NOT_MET NO_ENTRY,0,0,,,2026-05-22T18:20:12.463803Z:MSFT,0,REJECTED: ENTRY_OR_SOURCE_BLOCKED_BY_FUNNEL; source=ENTRY_OR_SOURCE_BLOCKED_BY_FUNNEL; rank_score=0.563636; liquidity_score=0.000000; diversification_score=0.666667; cooldown_score=0.000000; existing_position_penalty=0.333333; sector_cap_status=SOURCE_BLOCKED_SECTOR_UNAVAILABLE; matching_policy=EXACT_CANDIDATE_ID_ONLY_NO_SYMBOL_DATE_PRICE_TIME_FALLBACK
T601-3,decision-9bddf1f762b14d37,decision-9bddf1f762b14d37,MSFT,2026-05-22T18:21:26.456369Z,0.563636,0.0,0.666667,0.0,0.333333,0.663637,REJECTED,ENTRY_OR_SOURCE_BLOCKED_BY_FUNNEL,ENTRY_OR_SOURCE_BLOCKED_BY_FUNNEL,,SOURCE_BLOCKED_SECTOR_UNAVAILABLE,SOURCE_BLOCKED_NO_LIQUIDITY_FIELD,390,140.0044,0.25,0.5,INELIGIBLE_UNKNOWN,STRATEGY_FILTER_NOT_MET NO_ENTRY,0,0,,,2026-05-22T18:21:24.999223Z:MSFT,0,REJECTED: ENTRY_OR_SOURCE_BLOCKED_BY_FUNNEL; source=ENTRY_OR_SOURCE_BLOCKED_BY_FUNNEL; rank_score=0.563636; liquidity_score=0.000000; diversification_score=0.666667; cooldown_score=0.000000; existing_position_penalty=0.333333; sector_cap_status=SOURCE_BLOCKED_SECTOR_UNAVAILABLE; matching_policy=EXACT_CANDIDATE_ID_ONLY_NO_SYMBOL_DATE_PRICE_TIME_FALLBACK
T601-3,decision-e0ec8adcfb1f4dee,decision-e0ec8adcfb1f4dee,MSFT,2026-05-22T18:25:22.481609Z,0.563636,0.0,0.666667,0.0,0.333333,0.663637,REJECTED,ENTRY_OR_SOURCE_BLOCKED_BY_FUNNEL,ENTRY_OR_SOURCE_BLOCKED_BY_FUNNEL,,SOURCE_BLOCKED_SECTOR_UNAVAILABLE,SOURCE_BLOCKED_NO_LIQUIDITY_FIELD,390,143.9382,0.25,0.5,INELIGIBLE_UNKNOWN,STRATEGY_FILTER_NOT_MET NO_ENTRY,0,0,,,2026-05-22T18:25:20.961708Z:MSFT,0,REJECTED: ENTRY_OR_SOURCE_BLOCKED_BY_FUNNEL; source=ENTRY_OR_SOURCE_BLOCKED_BY_FUNNEL; rank_score=0.563636; liquidity_score=0.000000; diversification_score=0.666667; cooldown_score=0.000000; existing_position_penalty=0.333333; sector_cap_status=SOURCE_BLOCKED_SECTOR_UNAVAILABLE; matching_policy=EXACT_CANDIDATE_ID_ONLY_NO_SYMBOL_DATE_PRICE_TIME_FALLBACK
T601-3,decision-03071bafc62445ca,decision-03071bafc62445ca,MSFT,2026-05-22T18:26:35.307193Z,0.563636,0.0,0.666667,0.0,0.333333,0.663637,REJECTED,ENTRY_OR_SOURCE_BLOCKED_BY_FUNNEL,ENTRY_OR_SOURCE_BLOCKED_BY_FUNNEL,,SOURCE_BLOCKED_SECTOR_UNAVAILABLE,SOURCE_BLOCKED_NO_LIQUIDITY_FIELD,390,145.152,0.25,0.5,INELIGIBLE_UNKNOWN,STRATEGY_FILTER_NOT_MET NO_ENTRY,0,0,,,2026-05-22T18:26:33.876683Z:MSFT,0,REJECTED: ENTRY_OR_SOURCE_BLOCKED_BY_FUNNEL; source=ENTRY_OR_SOURCE_BLOCKED_BY_FUNNEL; rank_score=0.563636; liquidity_score=0.000000; diversification_score=0.666667; cooldown_score=0.000000; existing_position_penalty=0.333333; sector_cap_status=SOURCE_BLOCKED_SECTOR_UNAVAILABLE; matching_policy=EXACT_CANDIDATE_ID_ONLY_NO_SYMBOL_DATE_PRICE_TIME_FALLBACK
T601-3,decision-fdce2796537b4089,decision-fdce2796537b4089,MSFT,2026-05-22T18:30:31.185167Z,0.563636,0.0,0.666667,0.0,0.333333,0.663637,REJECTED,ENTRY_OR_SOURCE_BLOCKED_BY_FUNNEL,ENTRY_OR_SOURCE_BLOCKED_BY_FUNNEL,,SOURCE_BLOCKED_SECTOR_UNAVAILABLE,SOURCE_BLOCKED_NO_LIQUIDITY_FIELD,390,149.0833,0.25,0.5,INELIGIBLE_UNKNOWN,STRATEGY_FILTER_NOT_MET NO_ENTRY,0,0,,,2026-05-22T18:30:29.694082Z:MSFT,0,REJECTED: ENTRY_OR_SOURCE_BLOCKED_BY_FUNNEL; source=ENTRY_OR_SOURCE_BLOCKED_BY_FUNNEL; rank_score=0.563636; liquidity_score=0.000000; diversification_score=0.666667; cooldown_score=0.000000; existing_position_penalty=0.333333; sector_cap_status=SOURCE_BLOCKED_SECTOR_UNAVAILABLE; matching_policy=EXACT_CANDIDATE_ID_ONLY_NO_SYMBOL_DATE_PRICE_TIME_FALLBACK
T601-3,decision-68d974dbe3b84c17,decision-68d974dbe3b84c17,MSFT,2026-05-22T18:31:45.280715Z,0.563636,0.0,0.666667,0.0,0.333333,0.663637,REJECTED,ENTRY_OR_SOURCE_BLOCKED_BY_FUNNEL,ENTRY_OR_SOURCE_BLOCKED_BY_FUNNEL,,SOURCE_BLOCKED_SECTOR_UNAVAILABLE,SOURCE_BLOCKED_NO_LIQUIDITY_FIELD,390,150.3182,0.25,0.5,INELIGIBLE_UNKNOWN,STRATEGY_FILTER_NOT_MET NO_ENTRY,0,0,,,2026-05-22T18:31:43.819110Z:MSFT,0,REJECTED: ENTRY_OR_SOURCE_BLOCKED_BY_FUNNEL; source=ENTRY_OR_SOURCE_BLOCKED_BY_FUNNEL; rank_score=0.563636; liquidity_score=0.000000; diversification_score=0.666667; cooldown_score=0.000000; existing_position_penalty=0.333333; sector_cap_status=SOURCE_BLOCKED_SECTOR_UNAVAILABLE; matching_policy=EXACT_CANDIDATE_ID_ONLY_NO_SYMBOL_DATE_PRICE_TIME_FALLBACK
T601-3,decision-dac3be2698614acc,decision-dac3be2698614acc,MSFT,2026-05-22T18:35:39.310736Z,0.563636,0.0,0.666667,0.0,0.333333,0.663637,REJECTED,ENTRY_OR_SOURCE_BLOCKED_BY_FUNNEL,ENTRY_OR_SOURCE_BLOCKED_BY_FUNNEL,,SOURCE_BLOCKED_SECTOR_UNAVAILABLE,SOURCE_BLOCKED_NO_LIQUIDITY_FIELD,390,154.2187,0.25,0.5,INELIGIBLE_UNKNOWN,STRATEGY_FILTER_NOT_MET NO_ENTRY,0,0,,,2026-05-22T18:35:37.828068Z:MSFT,0,REJECTED: ENTRY_OR_SOURCE_BLOCKED_BY_FUNNEL; source=ENTRY_OR_SOURCE_BLOCKED_BY_FUNNEL; rank_score=0.563636; liquidity_score=0.000000; diversification_score=0.666667; cooldown_score=0.000000; existing_position_penalty=0.333333; sector_cap_status=SOURCE_BLOCKED_SECTOR_UNAVAILABLE; matching_policy=EXACT_CANDIDATE_ID_ONLY_NO_SYMBOL_DATE_PRICE_TIME_FALLBACK
T601-3,decision-59ecf967ce824dc6,decision-59ecf967ce824dc6,MSFT,2026-05-22T18:36:54.872506Z,0.563636,0.0,0.666667,0.0,0.333333,0.663637,REJECTED,ENTRY_OR_SOURCE_BLOCKED_BY_FUNNEL,ENTRY_OR_SOURCE_BLOCKED_BY_FUNNEL,,SOURCE_BLOCKED_SECTOR_UNAVAILABLE,SOURCE_BLOCKED_NO_LIQUIDITY_FIELD,390,155.4781,0.25,0.5,INELIGIBLE_UNKNOWN,STRATEGY_FILTER_NOT_MET NO_ENTRY,0,0,,,2026-05-22T18:36:53.372908Z:MSFT,0,REJECTED: ENTRY_OR_SOURCE_BLOCKED_BY_FUNNEL; source=ENTRY_OR_SOURCE_BLOCKED_BY_FUNNEL; rank_score=0.563636; liquidity_score=0.000000; diversification_score=0.666667; cooldown_score=0.000000; existing_position_penalty=0.333333; sector_cap_status=SOURCE_BLOCKED_SECTOR_UNAVAILABLE; matching_policy=EXACT_CANDIDATE_ID_ONLY_NO_SYMBOL_DATE_PRICE_TIME_FALLBACK
T601-3,decision-69d2af58e37945a8,decision-69d2af58e37945a8,MSFT,2026-05-22T18:40:47.397841Z,0.563636,0.0,0.666667,0.0,0.333333,0.663637,REJECTED,ENTRY_OR_SOURCE_BLOCKED_BY_FUNNEL,ENTRY_OR_SOURCE_BLOCKED_BY_FUNNEL,,SOURCE_BLOCKED_SECTOR_UNAVAILABLE,SOURCE_BLOCKED_NO_LIQUIDITY_FIELD,390,159.3535,0.25,0.5,INELIGIBLE_UNKNOWN,STRATEGY_FILTER_NOT_MET NO_ENTRY,0,0,,,2026-05-22T18:40:45.953552Z:MSFT,0,REJECTED: ENTRY_OR_SOURCE_BLOCKED_BY_FUNNEL; source=ENTRY_OR_SOURCE_BLOCKED_BY_FUNNEL; rank_score=0.563636; liquidity_score=0.000000; diversification_score=0.666667; cooldown_score=0.000000; existing_position_penalty=0.333333; sector_cap_status=SOURCE_BLOCKED_SECTOR_UNAVAILABLE; matching_policy=EXACT_CANDIDATE_ID_ONLY_NO_SYMBOL_DATE_PRICE_TIME_FALLBACK
T601-3,decision-a45caafaa63e46b6,decision-a45caafaa63e46b6,MSFT,2026-05-22T18:42:02.956186Z,0.563636,0.0,0.666667,0.0,0.333333,0.663637,REJECTED,ENTRY_OR_SOURCE_BLOCKED_BY_FUNNEL,ENTRY_OR_SOURCE_BLOCKED_BY_FUNNEL,,SOURCE_BLOCKED_SECTOR_UNAVAILABLE,SOURCE_BLOCKED_NO_LIQUIDITY_FIELD,390,160.6128,0.25,0.5,INELIGIBLE_UNKNOWN,STRATEGY_FILTER_NOT_MET NO_ENTRY,0,0,,,2026-05-22T18:42:01.424585Z:MSFT,0,REJECTED: ENTRY_OR_SOURCE_BLOCKED_BY_FUNNEL; source=ENTRY_OR_SOURCE_BLOCKED_BY_FUNNEL; rank_score=0.563636; liquidity_score=0.000000; diversification_score=0.666667; cooldown_score=0.000000; existing_position_penalty=0.333333; sector_cap_status=SOURCE_BLOCKED_SECTOR_UNAVAILABLE; matching_policy=EXACT_CANDIDATE_ID_ONLY_NO_SYMBOL_DATE_PRICE_TIME_FALLBACK
T601-3,decision-f4c9a34f91ec4e01,decision-f4c9a34f91ec4e01,MSFT,2026-05-22T18:45:55.885707Z,0.563636,0.0,0.666667,0.0,0.333333,0.663637,REJECTED,ENTRY_OR_SOURCE_BLOCKED_BY_FUNNEL,ENTRY_OR_SOURCE_BLOCKED_BY_FUNNEL,,SOURCE_BLOCKED_SECTOR_UNAVAILABLE,SOURCE_BLOCKED_NO_LIQUIDITY_FIELD,390,164.4949,0.25,0.5,INELIGIBLE_UNKNOWN,STRATEGY_FILTER_NOT_MET NO_ENTRY,0,0,,,2026-05-22T18:45:54.398143Z:MSFT,0,REJECTED: ENTRY_OR_SOURCE_BLOCKED_BY_FUNNEL; source=ENTRY_OR_SOURCE_BLOCKED_BY_FUNNEL; rank_score=0.563636; liquidity_score=0.000000; diversification_score=0.666667; cooldown_score=0.000000; existing_position_penalty=0.333333; sector_cap_status=SOURCE_BLOCKED_SECTOR_UNAVAILABLE; matching_policy=EXACT_CANDIDATE_ID_ONLY_NO_SYMBOL_DATE_PRICE_TIME_FALLBACK
T601-3,decision-a5e05d3902b34531,decision-a5e05d3902b34531,MSFT,2026-05-22T18:47:12.184818Z,0.563636,0.0,0.666667,0.0,0.333333,0.663637,REJECTED,ENTRY_OR_SOURCE_BLOCKED_BY_FUNNEL,ENTRY_OR_SOURCE_BLOCKED_BY_FUNNEL,,SOURCE_BLOCKED_SECTOR_UNAVAILABLE,SOURCE_BLOCKED_NO_LIQUIDITY_FIELD,390,165.7666,0.25,0.5,INELIGIBLE_UNKNOWN,STRATEGY_FILTER_NOT_MET NO_ENTRY,0,0,,,2026-05-22T18:47:10.675500Z:MSFT,0,REJECTED: ENTRY_OR_SOURCE_BLOCKED_BY_FUNNEL; source=ENTRY_OR_SOURCE_BLOCKED_BY_FUNNEL; rank_score=0.563636; liquidity_score=0.000000; diversification_score=0.666667; cooldown_score=0.000000; existing_position_penalty=0.333333; sector_cap_status=SOURCE_BLOCKED_SECTOR_UNAVAILABLE; matching_policy=EXACT_CANDIDATE_ID_ONLY_NO_SYMBOL_DATE_PRICE_TIME_FALLBACK
T601-3,decision-72273ebdb5494147,decision-72273ebdb5494147,MSFT,2026-05-22T18:51:04.403200Z,0.563636,0.0,0.666667,0.0,0.333333,0.663637,REJECTED,ENTRY_OR_SOURCE_BLOCKED_BY_FUNNEL,ENTRY_OR_SOURCE_BLOCKED_BY_FUNNEL,,SOURCE_BLOCKED_SECTOR_UNAVAILABLE,SOURCE_BLOCKED_NO_LIQUIDITY_FIELD,390,169.6369,0.25,0.5,INELIGIBLE_UNKNOWN,STRATEGY_FILTER_NOT_MET NO_ENTRY,0,0,,,2026-05-22T18:51:02.829108Z:MSFT,0,REJECTED: ENTRY_OR_SOURCE_BLOCKED_BY_FUNNEL; source=ENTRY_OR_SOURCE_BLOCKED_BY_FUNNEL; rank_score=0.563636; liquidity_score=0.000000; diversification_score=0.666667; cooldown_score=0.000000; existing_position_penalty=0.333333; sector_cap_status=SOURCE_BLOCKED_SECTOR_UNAVAILABLE; matching_policy=EXACT_CANDIDATE_ID_ONLY_NO_SYMBOL_DATE_PRICE_TIME_FALLBACK
T601-3,decision-a9d7a84bbaf24eb4,decision-a9d7a84bbaf24eb4,MSFT,2026-05-22T18:52:20.972442Z,0.563636,0.0,0.666667,0.0,0.333333,0.663637,REJECTED,ENTRY_OR_SOURCE_BLOCKED_BY_FUNNEL,ENTRY_OR_SOURCE_BLOCKED_BY_FUNNEL,,SOURCE_BLOCKED_SECTOR_UNAVAILABLE,SOURCE_BLOCKED_NO_LIQUIDITY_FIELD,390,170.9131,0.25,0.5,INELIGIBLE_UNKNOWN,STRATEGY_FILTER_NOT_MET NO_ENTRY,0,0,,,2026-05-22T18:52:19.535646Z:MSFT,0,REJECTED: ENTRY_OR_SOURCE_BLOCKED_BY_FUNNEL; source=ENTRY_OR_SOURCE_BLOCKED_BY_FUNNEL; rank_score=0.563636; liquidity_score=0.000000; diversification_score=0.666667; cooldown_score=0.000000; existing_position_penalty=0.333333; sector_cap_status=SOURCE_BLOCKED_SECTOR_UNAVAILABLE; matching_policy=EXACT_CANDIDATE_ID_ONLY_NO_SYMBOL_DATE_PRICE_TIME_FALLBACK
T601-3,decision-90cd613f23f4467f,decision-90cd613f23f4467f,MSFT,2026-05-22T18:56:13.267818Z,0.563636,0.0,0.666667,0.0,0.333333,0.663637,REJECTED,ENTRY_OR_SOURCE_BLOCKED_BY_FUNNEL,ENTRY_OR_SOURCE_BLOCKED_BY_FUNNEL,,SOURCE_BLOCKED_SECTOR_UNAVAILABLE,SOURCE_BLOCKED_NO_LIQUIDITY_FIELD,390,174.7846,0.25,0.5,INELIGIBLE_UNKNOWN,STRATEGY_FILTER_NOT_MET NO_ENTRY,0,0,,,2026-05-22T18:56:11.801583Z:MSFT,0,REJECTED: ENTRY_OR_SOURCE_BLOCKED_BY_FUNNEL; source=ENTRY_OR_SOURCE_BLOCKED_BY_FUNNEL; rank_score=0.563636; liquidity_score=0.000000; diversification_score=0.666667; cooldown_score=0.000000; existing_position_penalty=0.333333; sector_cap_status=SOURCE_BLOCKED_SECTOR_UNAVAILABLE; matching_policy=EXACT_CANDIDATE_ID_ONLY_NO_SYMBOL_DATE_PRICE_TIME_FALLBACK
T601-3,decision-02b7df0891a241b4,decision-02b7df0891a241b4,MSFT,2026-05-22T18:57:29.463114Z,0.563636,0.0,0.666667,0.0,0.333333,0.663637,REJECTED,ENTRY_OR_SOURCE_BLOCKED_BY_FUNNEL,ENTRY_OR_SOURCE_BLOCKED_BY_FUNNEL,,SOURCE_BLOCKED_SECTOR_UNAVAILABLE,SOURCE_BLOCKED_NO_LIQUIDITY_FIELD,390,176.0546,0.25,0.5,INELIGIBLE_UNKNOWN,STRATEGY_FILTER_NOT_MET NO_ENTRY,0,0,,,2026-05-22T18:57:28.018472Z:MSFT,0,REJECTED: ENTRY_OR_SOURCE_BLOCKED_BY_FUNNEL; source=ENTRY_OR_SOURCE_BLOCKED_BY_FUNNEL; rank_score=0.563636; liquidity_score=0.000000; diversification_score=0.666667; cooldown_score=0.000000; existing_position_penalty=0.333333; sector_cap_status=SOURCE_BLOCKED_SECTOR_UNAVAILABLE; matching_policy=EXACT_CANDIDATE_ID_ONLY_NO_SYMBOL_DATE_PRICE_TIME_FALLBACK
T601-3,decision-b36c6fb67d344881,decision-b36c6fb67d344881,MSFT,2026-05-22T19:01:22.264833Z,0.563636,0.0,0.666667,0.0,0.333333,0.663637,REJECTED,ENTRY_OR_SOURCE_BLOCKED_BY_FUNNEL,ENTRY_OR_SOURCE_BLOCKED_BY_FUNNEL,,SOURCE_BLOCKED_SECTOR_UNAVAILABLE,SOURCE_BLOCKED_NO_LIQUIDITY_FIELD,390,179.9346,0.25,0.5,INELIGIBLE_UNKNOWN,STRATEGY_FILTER_NOT_MET NO_ENTRY,0,0,,,2026-05-22T19:01:20.776071Z:MSFT,0,REJECTED: ENTRY_OR_SOURCE_BLOCKED_BY_FUNNEL; source=ENTRY_OR_SOURCE_BLOCKED_BY_FUNNEL; rank_score=0.563636; liquidity_score=0.000000; diversification_score=0.666667; cooldown_score=0.000000; existing_position_penalty=0.333333; sector_cap_status=SOURCE_BLOCKED_SECTOR_UNAVAILABLE; matching_policy=EXACT_CANDIDATE_ID_ONLY_NO_SYMBOL_DATE_PRICE_TIME_FALLBACK
T601-3,decision-bde89dfe00544d1c,decision-bde89dfe00544d1c,MSFT,2026-05-22T19:02:38.175007Z,0.563636,0.0,0.666667,0.0,0.333333,0.663637,REJECTED,ENTRY_OR_SOURCE_BLOCKED_BY_FUNNEL,ENTRY_OR_SOURCE_BLOCKED_BY_FUNNEL,,SOURCE_BLOCKED_SECTOR_UNAVAILABLE,SOURCE_BLOCKED_NO_LIQUIDITY_FIELD,390,181.1998,0.25,0.5,INELIGIBLE_UNKNOWN,STRATEGY_FILTER_NOT_MET NO_ENTRY,0,0,,,2026-05-22T19:02:36.731185Z:MSFT,0,REJECTED: ENTRY_OR_SOURCE_BLOCKED_BY_FUNNEL; source=ENTRY_OR_SOURCE_BLOCKED_BY_FUNNEL; rank_score=0.563636; liquidity_score=0.000000; diversification_score=0.666667; cooldown_score=0.000000; existing_position_penalty=0.333333; sector_cap_status=SOURCE_BLOCKED_SECTOR_UNAVAILABLE; matching_policy=EXACT_CANDIDATE_ID_ONLY_NO_SYMBOL_DATE_PRICE_TIME_FALLBACK
T601-3,decision-be212fdbbb4541ac,decision-be212fdbbb4541ac,MSFT,2026-05-22T19:06:31.169512Z,0.563636,0.0,0.666667,0.0,0.333333,0.663637,REJECTED,ENTRY_OR_SOURCE_BLOCKED_BY_FUNNEL,ENTRY_OR_SOURCE_BLOCKED_BY_FUNNEL,,SOURCE_BLOCKED_SECTOR_UNAVAILABLE,SOURCE_BLOCKED_NO_LIQUIDITY_FIELD,390,185.083,0.25,0.5,INELIGIBLE_UNKNOWN,STRATEGY_FILTER_NOT_MET NO_ENTRY,0,0,,,2026-05-22T19:06:29.690714Z:MSFT,0,REJECTED: ENTRY_OR_SOURCE_BLOCKED_BY_FUNNEL; source=ENTRY_OR_SOURCE_BLOCKED_BY_FUNNEL; rank_score=0.563636; liquidity_score=0.000000; diversification_score=0.666667; cooldown_score=0.000000; existing_position_penalty=0.333333; sector_cap_status=SOURCE_BLOCKED_SECTOR_UNAVAILABLE; matching_policy=EXACT_CANDIDATE_ID_ONLY_NO_SYMBOL_DATE_PRICE_TIME_FALLBACK
T601-3,decision-152936cd55484ec6,decision-152936cd55484ec6,MSFT,2026-05-22T19:07:46.589825Z,0.563636,0.0,0.666667,0.0,0.333333,0.663637,REJECTED,ENTRY_OR_SOURCE_BLOCKED_BY_FUNNEL,ENTRY_OR_SOURCE_BLOCKED_BY_FUNNEL,,SOURCE_BLOCKED_SECTOR_UNAVAILABLE,SOURCE_BLOCKED_NO_LIQUIDITY_FIELD,390,186.34,0.25,0.5,INELIGIBLE_UNKNOWN,STRATEGY_FILTER_NOT_MET NO_ENTRY,0,0,,,2026-05-22T19:07:45.079312Z:MSFT,0,REJECTED: ENTRY_OR_SOURCE_BLOCKED_BY_FUNNEL; source=ENTRY_OR_SOURCE_BLOCKED_BY_FUNNEL; rank_score=0.563636; liquidity_score=0.000000; diversification_score=0.666667; cooldown_score=0.000000; existing_position_penalty=0.333333; sector_cap_status=SOURCE_BLOCKED_SECTOR_UNAVAILABLE; matching_policy=EXACT_CANDIDATE_ID_ONLY_NO_SYMBOL_DATE_PRICE_TIME_FALLBACK
T601-3,decision-e006e76f4ebc4ae5,decision-e006e76f4ebc4ae5,MSFT,2026-05-22T19:11:40.244590Z,0.563636,0.0,0.666667,0.0,0.333333,0.663637,REJECTED,ENTRY_OR_SOURCE_BLOCKED_BY_FUNNEL,ENTRY_OR_SOURCE_BLOCKED_BY_FUNNEL,,SOURCE_BLOCKED_SECTOR_UNAVAILABLE,SOURCE_BLOCKED_NO_LIQUIDITY_FIELD,390,190.2343,0.25,0.5,INELIGIBLE_UNKNOWN,STRATEGY_FILTER_NOT_MET NO_ENTRY,0,0,,,2026-05-22T19:11:38.761089Z:MSFT,0,REJECTED: ENTRY_OR_SOURCE_BLOCKED_BY_FUNNEL; source=ENTRY_OR_SOURCE_BLOCKED_BY_FUNNEL; rank_score=0.563636; liquidity_score=0.000000; diversification_score=0.666667; cooldown_score=0.000000; existing_position_penalty=0.333333; sector_cap_status=SOURCE_BLOCKED_SECTOR_UNAVAILABLE; matching_policy=EXACT_CANDIDATE_ID_ONLY_NO_SYMBOL_DATE_PRICE_TIME_FALLBACK
T601-3,decision-a27adb5fb1ba4eac,decision-a27adb5fb1ba4eac,MSFT,2026-05-22T19:12:55.741032Z,0.563636,0.0,0.666667,0.0,0.333333,0.663637,REJECTED,ENTRY_OR_SOURCE_BLOCKED_BY_FUNNEL,ENTRY_OR_SOURCE_BLOCKED_BY_FUNNEL,,SOURCE_BLOCKED_SECTOR_UNAVAILABLE,SOURCE_BLOCKED_NO_LIQUIDITY_FIELD,390,191.4925,0.25,0.5,INELIGIBLE_UNKNOWN,STRATEGY_FILTER_NOT_MET NO_ENTRY,0,0,,,2026-05-22T19:12:54.299934Z:MSFT,0,REJECTED: ENTRY_OR_SOURCE_BLOCKED_BY_FUNNEL; source=ENTRY_OR_SOURCE_BLOCKED_BY_FUNNEL; rank_score=0.563636; liquidity_score=0.000000; diversification_score=0.666667; cooldown_score=0.000000; existing_position_penalty=0.333333; sector_cap_status=SOURCE_BLOCKED_SECTOR_UNAVAILABLE; matching_policy=EXACT_CANDIDATE_ID_ONLY_NO_SYMBOL_DATE_PRICE_TIME_FALLBACK
T601-3,decision-5ff76c836ad940a8,decision-5ff76c836ad940a8,MSFT,2026-05-22T19:16:49.913609Z,0.563636,0.0,0.666667,0.0,0.333333,0.663637,REJECTED,ENTRY_OR_SOURCE_BLOCKED_BY_FUNNEL,ENTRY_OR_SOURCE_BLOCKED_BY_FUNNEL,,SOURCE_BLOCKED_SECTOR_UNAVAILABLE,SOURCE_BLOCKED_NO_LIQUIDITY_FIELD,390,195.3954,0.25,0.5,INELIGIBLE_UNKNOWN,STRATEGY_FILTER_NOT_MET NO_ENTRY,0,0,,,2026-05-22T19:16:48.379949Z:MSFT,0,REJECTED: ENTRY_OR_SOURCE_BLOCKED_BY_FUNNEL; source=ENTRY_OR_SOURCE_BLOCKED_BY_FUNNEL; rank_score=0.563636; liquidity_score=0.000000; diversification_score=0.666667; cooldown_score=0.000000; existing_position_penalty=0.333333; sector_cap_status=SOURCE_BLOCKED_SECTOR_UNAVAILABLE; matching_policy=EXACT_CANDIDATE_ID_ONLY_NO_SYMBOL_DATE_PRICE_TIME_FALLBACK
T601-3,decision-03fd67ef1f394760,decision-03fd67ef1f394760,MSFT,2026-05-22T19:18:04.696133Z,0.563636,0.0,0.666667,0.0,0.333333,0.663637,REJECTED,ENTRY_OR_SOURCE_BLOCKED_BY_FUNNEL,ENTRY_OR_SOURCE_BLOCKED_BY_FUNNEL,,SOURCE_BLOCKED_SECTOR_UNAVAILABLE,SOURCE_BLOCKED_NO_LIQUIDITY_FIELD,390,196.6418,0.25,0.5,INELIGIBLE_UNKNOWN,STRATEGY_FILTER_NOT_MET NO_ENTRY,0,0,,,2026-05-22T19:18:03.257826Z:MSFT,0,REJECTED: ENTRY_OR_SOURCE_BLOCKED_BY_FUNNEL; source=ENTRY_OR_SOURCE_BLOCKED_BY_FUNNEL; rank_score=0.563636; liquidity_score=0.000000; diversification_score=0.666667; cooldown_score=0.000000; existing_position_penalty=0.333333; sector_cap_status=SOURCE_BLOCKED_SECTOR_UNAVAILABLE; matching_policy=EXACT_CANDIDATE_ID_ONLY_NO_SYMBOL_DATE_PRICE_TIME_FALLBACK
T601-3,decision-c60b81a4f46d40e1,decision-c60b81a4f46d40e1,MSFT,2026-05-22T19:21:58.388856Z,0.563636,0.0,0.666667,0.0,0.333333,0.663637,REJECTED,ENTRY_OR_SOURCE_BLOCKED_BY_FUNNEL,ENTRY_OR_SOURCE_BLOCKED_BY_FUNNEL,,SOURCE_BLOCKED_SECTOR_UNAVAILABLE,SOURCE_BLOCKED_NO_LIQUIDITY_FIELD,390,200.5367,0.25,0.5,INELIGIBLE_UNKNOWN,STRATEGY_FILTER_NOT_MET NO_ENTRY,0,0,,,2026-05-22T19:21:56.927517Z:MSFT,0,REJECTED: ENTRY_OR_SOURCE_BLOCKED_BY_FUNNEL; source=ENTRY_OR_SOURCE_BLOCKED_BY_FUNNEL; rank_score=0.563636; liquidity_score=0.000000; diversification_score=0.666667; cooldown_score=0.000000; existing_position_penalty=0.333333; sector_cap_status=SOURCE_BLOCKED_SECTOR_UNAVAILABLE; matching_policy=EXACT_CANDIDATE_ID_ONLY_NO_SYMBOL_DATE_PRICE_TIME_FALLBACK
T601-3,decision-d4867b77ec4e4749,decision-d4867b77ec4e4749,MSFT,2026-05-22T19:23:13.009056Z,0.563636,0.0,0.666667,0.0,0.333333,0.663637,REJECTED,ENTRY_OR_SOURCE_BLOCKED_BY_FUNNEL,ENTRY_OR_SOURCE_BLOCKED_BY_FUNNEL,,SOURCE_BLOCKED_SECTOR_UNAVAILABLE,SOURCE_BLOCKED_NO_LIQUIDITY_FIELD,390,201.7803,0.25,0.5,INELIGIBLE_UNKNOWN,STRATEGY_FILTER_NOT_MET NO_ENTRY,0,0,,,2026-05-22T19:23:11.439889Z:MSFT,0,REJECTED: ENTRY_OR_SOURCE_BLOCKED_BY_FUNNEL; source=ENTRY_OR_SOURCE_BLOCKED_BY_FUNNEL; rank_score=0.563636; liquidity_score=0.000000; diversification_score=0.666667; cooldown_score=0.000000; existing_position_penalty=0.333333; sector_cap_status=SOURCE_BLOCKED_SECTOR_UNAVAILABLE; matching_policy=EXACT_CANDIDATE_ID_ONLY_NO_SYMBOL_DATE_PRICE_TIME_FALLBACK
T601-3,decision-639f07340f3b43f9,decision-639f07340f3b43f9,MSFT,2026-05-22T19:27:08.135578Z,0.563636,0.0,0.666667,0.0,0.333333,0.663637,REJECTED,ENTRY_OR_SOURCE_BLOCKED_BY_FUNNEL,ENTRY_OR_SOURCE_BLOCKED_BY_FUNNEL,,SOURCE_BLOCKED_SECTOR_UNAVAILABLE,SOURCE_BLOCKED_NO_LIQUIDITY_FIELD,390,205.6991,0.25,0.5,INELIGIBLE_UNKNOWN,STRATEGY_FILTER_NOT_MET NO_ENTRY,0,0,,,2026-05-22T19:27:06.686619Z:MSFT,0,REJECTED: ENTRY_OR_SOURCE_BLOCKED_BY_FUNNEL; source=ENTRY_OR_SOURCE_BLOCKED_BY_FUNNEL; rank_score=0.563636; liquidity_score=0.000000; diversification_score=0.666667; cooldown_score=0.000000; existing_position_penalty=0.333333; sector_cap_status=SOURCE_BLOCKED_SECTOR_UNAVAILABLE; matching_policy=EXACT_CANDIDATE_ID_ONLY_NO_SYMBOL_DATE_PRICE_TIME_FALLBACK
T601-3,decision-e5092d5382994e19,decision-e5092d5382994e19,MSFT,2026-05-22T19:28:21.568163Z,0.563636,0.0,0.666667,0.0,0.333333,0.663637,REJECTED,ENTRY_OR_SOURCE_BLOCKED_BY_FUNNEL,ENTRY_OR_SOURCE_BLOCKED_BY_FUNNEL,,SOURCE_BLOCKED_SECTOR_UNAVAILABLE,SOURCE_BLOCKED_NO_LIQUIDITY_FIELD,390,206.923,0.25,0.5,INELIGIBLE_UNKNOWN,STRATEGY_FILTER_NOT_MET NO_ENTRY,0,0,,,2026-05-22T19:28:20.109587Z:MSFT,0,REJECTED: ENTRY_OR_SOURCE_BLOCKED_BY_FUNNEL; source=ENTRY_OR_SOURCE_BLOCKED_BY_FUNNEL; rank_score=0.563636; liquidity_score=0.000000; diversification_score=0.666667; cooldown_score=0.000000; existing_position_penalty=0.333333; sector_cap_status=SOURCE_BLOCKED_SECTOR_UNAVAILABLE; matching_policy=EXACT_CANDIDATE_ID_ONLY_NO_SYMBOL_DATE_PRICE_TIME_FALLBACK
T601-3,decision-e5902c87dc2141f4,decision-e5902c87dc2141f4,MSFT,2026-05-22T19:32:16.250455Z,0.563636,0.0,0.666667,0.0,0.333333,0.663637,REJECTED,ENTRY_OR_SOURCE_BLOCKED_BY_FUNNEL,ENTRY_OR_SOURCE_BLOCKED_BY_FUNNEL,,SOURCE_BLOCKED_SECTOR_UNAVAILABLE,SOURCE_BLOCKED_NO_LIQUIDITY_FIELD,390,210.8344,0.25,0.5,INELIGIBLE_UNKNOWN,STRATEGY_FILTER_NOT_MET NO_ENTRY,0,0,,,2026-05-22T19:32:14.768885Z:MSFT,0,REJECTED: ENTRY_OR_SOURCE_BLOCKED_BY_FUNNEL; source=ENTRY_OR_SOURCE_BLOCKED_BY_FUNNEL; rank_score=0.563636; liquidity_score=0.000000; diversification_score=0.666667; cooldown_score=0.000000; existing_position_penalty=0.333333; sector_cap_status=SOURCE_BLOCKED_SECTOR_UNAVAILABLE; matching_policy=EXACT_CANDIDATE_ID_ONLY_NO_SYMBOL_DATE_PRICE_TIME_FALLBACK
T601-3,decision-bacfa85e14d24ba8,decision-bacfa85e14d24ba8,MSFT,2026-05-22T19:33:31.793152Z,0.563636,0.0,0.666667,0.0,0.333333,0.663637,REJECTED,ENTRY_OR_SOURCE_BLOCKED_BY_FUNNEL,ENTRY_OR_SOURCE_BLOCKED_BY_FUNNEL,,SOURCE_BLOCKED_SECTOR_UNAVAILABLE,SOURCE_BLOCKED_NO_LIQUIDITY_FIELD,390,212.0934,0.25,0.5,INELIGIBLE_UNKNOWN,STRATEGY_FILTER_NOT_MET NO_ENTRY,0,0,,,2026-05-22T19:33:30.276100Z:MSFT,0,REJECTED: ENTRY_OR_SOURCE_BLOCKED_BY_FUNNEL; source=ENTRY_OR_SOURCE_BLOCKED_BY_FUNNEL; rank_score=0.563636; liquidity_score=0.000000; diversification_score=0.666667; cooldown_score=0.000000; existing_position_penalty=0.333333; sector_cap_status=SOURCE_BLOCKED_SECTOR_UNAVAILABLE; matching_policy=EXACT_CANDIDATE_ID_ONLY_NO_SYMBOL_DATE_PRICE_TIME_FALLBACK
T601-3,decision-22aa3f0f4a78454e,decision-22aa3f0f4a78454e,MSFT,2026-05-22T19:37:25.805608Z,0.563636,0.0,0.666667,0.0,0.333333,0.663637,REJECTED,ENTRY_OR_SOURCE_BLOCKED_BY_FUNNEL,ENTRY_OR_SOURCE_BLOCKED_BY_FUNNEL,,SOURCE_BLOCKED_SECTOR_UNAVAILABLE,SOURCE_BLOCKED_NO_LIQUIDITY_FIELD,390,215.9936,0.25,0.5,INELIGIBLE_UNKNOWN,STRATEGY_FILTER_NOT_MET NO_ENTRY,0,0,,,2026-05-22T19:37:24.264878Z:MSFT,0,REJECTED: ENTRY_OR_SOURCE_BLOCKED_BY_FUNNEL; source=ENTRY_OR_SOURCE_BLOCKED_BY_FUNNEL; rank_score=0.563636; liquidity_score=0.000000; diversification_score=0.666667; cooldown_score=0.000000; existing_position_penalty=0.333333; sector_cap_status=SOURCE_BLOCKED_SECTOR_UNAVAILABLE; matching_policy=EXACT_CANDIDATE_ID_ONLY_NO_SYMBOL_DATE_PRICE_TIME_FALLBACK
T601-3,decision-04b96a046a7c47d1,decision-04b96a046a7c47d1,MSFT,2026-05-22T19:38:40.759125Z,0.563636,0.0,0.666667,0.0,0.333333,0.663637,REJECTED,ENTRY_OR_SOURCE_BLOCKED_BY_FUNNEL,ENTRY_OR_SOURCE_BLOCKED_BY_FUNNEL,,SOURCE_BLOCKED_SECTOR_UNAVAILABLE,SOURCE_BLOCKED_NO_LIQUIDITY_FIELD,390,217.2428,0.25,0.5,INELIGIBLE_UNKNOWN,STRATEGY_FILTER_NOT_MET NO_ENTRY,0,0,,,2026-05-22T19:38:39.215606Z:MSFT,0,REJECTED: ENTRY_OR_SOURCE_BLOCKED_BY_FUNNEL; source=ENTRY_OR_SOURCE_BLOCKED_BY_FUNNEL; rank_score=0.563636; liquidity_score=0.000000; diversification_score=0.666667; cooldown_score=0.000000; existing_position_penalty=0.333333; sector_cap_status=SOURCE_BLOCKED_SECTOR_UNAVAILABLE; matching_policy=EXACT_CANDIDATE_ID_ONLY_NO_SYMBOL_DATE_PRICE_TIME_FALLBACK
T601-3,decision-fe2a57ce3e3f4f44,decision-fe2a57ce3e3f4f44,MSFT,2026-05-22T19:42:34.350053Z,0.563636,0.0,0.666667,0.0,0.333333,0.663637,REJECTED,ENTRY_OR_SOURCE_BLOCKED_BY_FUNNEL,ENTRY_OR_SOURCE_BLOCKED_BY_FUNNEL,,SOURCE_BLOCKED_SECTOR_UNAVAILABLE,SOURCE_BLOCKED_NO_LIQUIDITY_FIELD,390,221.136,0.25,0.5,INELIGIBLE_UNKNOWN,STRATEGY_FILTER_NOT_MET NO_ENTRY,0,0,,,2026-05-22T19:42:32.829194Z:MSFT,0,REJECTED: ENTRY_OR_SOURCE_BLOCKED_BY_FUNNEL; source=ENTRY_OR_SOURCE_BLOCKED_BY_FUNNEL; rank_score=0.563636; liquidity_score=0.000000; diversification_score=0.666667; cooldown_score=0.000000; existing_position_penalty=0.333333; sector_cap_status=SOURCE_BLOCKED_SECTOR_UNAVAILABLE; matching_policy=EXACT_CANDIDATE_ID_ONLY_NO_SYMBOL_DATE_PRICE_TIME_FALLBACK
T601-3,decision-70a3214541f24816,decision-70a3214541f24816,MSFT,2026-05-22T19:43:50.439760Z,0.563636,0.0,0.666667,0.0,0.333333,0.663637,REJECTED,ENTRY_OR_SOURCE_BLOCKED_BY_FUNNEL,ENTRY_OR_SOURCE_BLOCKED_BY_FUNNEL,,SOURCE_BLOCKED_SECTOR_UNAVAILABLE,SOURCE_BLOCKED_NO_LIQUIDITY_FIELD,390,222.4042,0.25,0.5,INELIGIBLE_UNKNOWN,STRATEGY_FILTER_NOT_MET NO_ENTRY,0,0,,,2026-05-22T19:43:48.940956Z:MSFT,0,REJECTED: ENTRY_OR_SOURCE_BLOCKED_BY_FUNNEL; source=ENTRY_OR_SOURCE_BLOCKED_BY_FUNNEL; rank_score=0.563636; liquidity_score=0.000000; diversification_score=0.666667; cooldown_score=0.000000; existing_position_penalty=0.333333; sector_cap_status=SOURCE_BLOCKED_SECTOR_UNAVAILABLE; matching_policy=EXACT_CANDIDATE_ID_ONLY_NO_SYMBOL_DATE_PRICE_TIME_FALLBACK
T601-3,decision-cfc3983ce1354cb3,decision-cfc3983ce1354cb3,MSFT,2026-05-22T19:47:43.321388Z,0.563636,0.0,0.666667,0.0,0.333333,0.663637,REJECTED,ENTRY_OR_SOURCE_BLOCKED_BY_FUNNEL,ENTRY_OR_SOURCE_BLOCKED_BY_FUNNEL,,SOURCE_BLOCKED_SECTOR_UNAVAILABLE,SOURCE_BLOCKED_NO_LIQUIDITY_FIELD,390,226.2855,0.25,0.5,INELIGIBLE_UNKNOWN,STRATEGY_FILTER_NOT_MET NO_ENTRY,0,0,,,2026-05-22T19:47:41.870891Z:MSFT,0,REJECTED: ENTRY_OR_SOURCE_BLOCKED_BY_FUNNEL; source=ENTRY_OR_SOURCE_BLOCKED_BY_FUNNEL; rank_score=0.563636; liquidity_score=0.000000; diversification_score=0.666667; cooldown_score=0.000000; existing_position_penalty=0.333333; sector_cap_status=SOURCE_BLOCKED_SECTOR_UNAVAILABLE; matching_policy=EXACT_CANDIDATE_ID_ONLY_NO_SYMBOL_DATE_PRICE_TIME_FALLBACK
T601-3,decision-1c01acb7a8b34d92,decision-1c01acb7a8b34d92,MSFT,2026-05-22T19:48:59.157515Z,0.563636,0.0,0.666667,0.0,0.333333,0.663637,REJECTED,ENTRY_OR_SOURCE_BLOCKED_BY_FUNNEL,ENTRY_OR_SOURCE_BLOCKED_BY_FUNNEL,,SOURCE_BLOCKED_SECTOR_UNAVAILABLE,SOURCE_BLOCKED_NO_LIQUIDITY_FIELD,390,227.5495,0.25,0.5,INELIGIBLE_UNKNOWN,STRATEGY_FILTER_NOT_MET NO_ENTRY,0,0,,,2026-05-22T19:48:57.660309Z:MSFT,0,REJECTED: ENTRY_OR_SOURCE_BLOCKED_BY_FUNNEL; source=ENTRY_OR_SOURCE_BLOCKED_BY_FUNNEL; rank_score=0.563636; liquidity_score=0.000000; diversification_score=0.666667; cooldown_score=0.000000; existing_position_penalty=0.333333; sector_cap_status=SOURCE_BLOCKED_SECTOR_UNAVAILABLE; matching_policy=EXACT_CANDIDATE_ID_ONLY_NO_SYMBOL_DATE_PRICE_TIME_FALLBACK
T601-3,decision-7677df89c6e741e3,decision-7677df89c6e741e3,NVDA,2026-05-26T15:02:18.296237Z,0.522727,0.0,0.333333,1.0,0.666667,0.572727,SELECTED,PASSED_RANK_LIQUIDITY_DIVERSIFICATION_COOLDOWN_POSITION_CONTROLS,PORTFOLIO_RECONSIDERATION_FROM_SKIP_REASON,,SOURCE_BLOCKED_SECTOR_UNAVAILABLE,SOURCE_BLOCKED_NO_LIQUIDITY_FIELD,390,7287.0708,0.25,0.5,INELIGIBLE_UNKNOWN,NOT_SELECTED_FOR_PORTFOLIO NOT_SELECTED_BY_PORTFOLIO,0,0,,,2026-05-26T15:02:16.245349Z:NVDA,0,SELECTED: PASSED_RANK_LIQUIDITY_DIVERSIFICATION_COOLDOWN_POSITION_CONTROLS; source=PORTFOLIO_RECONSIDERATION_FROM_SKIP_REASON; rank_score=0.522727; liquidity_score=0.000000; diversification_score=0.333333; cooldown_score=1.000000; existing_position_penalty=0.666667; sector_cap_status=SOURCE_BLOCKED_SECTOR_UNAVAILABLE; matching_policy=EXACT_CANDIDATE_ID_ONLY_NO_SYMBOL_DATE_PRICE_TIME_FALLBACK
T601-3,decision-1a9077493c374fca,decision-1a9077493c374fca,NVDA,2026-05-26T15:03:27.612045Z,0.522727,0.0,0.0,0.0,1.0,0.322727,REJECTED,SAME_SYMBOL_CAP_0.25,PORTFOLIO_RECONSIDERATION_FROM_SKIP_REASON,,SOURCE_BLOCKED_SECTOR_UNAVAILABLE,SOURCE_BLOCKED_NO_LIQUIDITY_FIELD,390,1.1553,0.25,0.5,INELIGIBLE_UNKNOWN,NOT_SELECTED_FOR_PORTFOLIO NOT_SELECTED_BY_PORTFOLIO,0,0,,,2026-05-26T15:03:26.026494Z:NVDA,0,REJECTED: SAME_SYMBOL_CAP_0.25; source=PORTFOLIO_RECONSIDERATION_FROM_SKIP_REASON; rank_score=0.522727; liquidity_score=0.000000; diversification_score=0.000000; cooldown_score=0.000000; existing_position_penalty=1.000000; sector_cap_status=SOURCE_BLOCKED_SECTOR_UNAVAILABLE; matching_policy=EXACT_CANDIDATE_ID_ONLY_NO_SYMBOL_DATE_PRICE_TIME_FALLBACK
T601-3,decision-109a871e626d4bcf,decision-109a871e626d4bcf,AMZN,2026-05-26T15:07:27.879444Z,0.531818,0.0,0.0,1.0,1.0,0.431818,REJECTED,ENTRY_OR_SOURCE_BLOCKED_BY_FUNNEL,ENTRY_OR_SOURCE_BLOCKED_BY_FUNNEL,,SOURCE_BLOCKED_SECTOR_UNAVAILABLE,SOURCE_BLOCKED_NO_LIQUIDITY_FIELD,390,7184.2279,0.25,0.5,INELIGIBLE_UNKNOWN,STRATEGY_FILTER_NOT_MET NO_ENTRY,0,0,,,2026-05-26T15:07:26.093661Z:AMZN,0,REJECTED: ENTRY_OR_SOURCE_BLOCKED_BY_FUNNEL; source=ENTRY_OR_SOURCE_BLOCKED_BY_FUNNEL; rank_score=0.531818; liquidity_score=0.000000; diversification_score=0.000000; cooldown_score=1.000000; existing_position_penalty=1.000000; sector_cap_status=SOURCE_BLOCKED_SECTOR_UNAVAILABLE; matching_policy=EXACT_CANDIDATE_ID_ONLY_NO_SYMBOL_DATE_PRICE_TIME_FALLBACK
T601-3,decision-1a855a0ebefe466f,decision-1a855a0ebefe466f,AMZN,2026-05-27T15:01:30.503439Z,0.531818,0.0,0.0,1.0,1.0,0.431818,REJECTED,SAME_SYMBOL_CAP_0.25,ELIGIBLE_FROM_FUNNEL,,SOURCE_BLOCKED_SECTOR_UNAVAILABLE,SOURCE_BLOCKED_NO_LIQUIDITY_FIELD,390,8618.2716,0.25,0.5,ELIGIBLE,,1,1,38518.0,0000038518:2026-05-27T15:17:05.915845Z:ORDER_STATUS,2026-05-27T15:01:23.338210Z:AMZN,0,REJECTED: SAME_SYMBOL_CAP_0.25; source=ELIGIBLE_FROM_FUNNEL; rank_score=0.531818; liquidity_score=0.000000; diversification_score=0.000000; cooldown_score=1.000000; existing_position_penalty=1.000000; sector_cap_status=SOURCE_BLOCKED_SECTOR_UNAVAILABLE; matching_policy=EXACT_CANDIDATE_ID_ONLY_NO_SYMBOL_DATE_PRICE_TIME_FALLBACK
T601-3,decision-02fa2d9010ab4ceb,decision-02fa2d9010ab4ceb,AMZN,2026-05-27T15:05:06.802637Z,0.531818,0.0,0.0,1.0,1.0,0.431818,REJECTED,SAME_SYMBOL_CAP_0.25,ELIGIBLE_FROM_FUNNEL,,SOURCE_BLOCKED_SECTOR_UNAVAILABLE,SOURCE_BLOCKED_NO_LIQUIDITY_FIELD,390,8621.8766,0.25,0.5,ELIGIBLE,,0,0,,,2026-05-27T15:05:05.113651Z:AMZN,0,REJECTED: SAME_SYMBOL_CAP_0.25; source=ELIGIBLE_FROM_FUNNEL; rank_score=0.531818; liquidity_score=0.000000; diversification_score=0.000000; cooldown_score=1.000000; existing_position_penalty=1.000000; sector_cap_status=SOURCE_BLOCKED_SECTOR_UNAVAILABLE; matching_policy=EXACT_CANDIDATE_ID_ONLY_NO_SYMBOL_DATE_PRICE_TIME_FALLBACK
T601-3,decision-ed068ff705f14271,decision-ed068ff705f14271,AMZN,2026-05-27T15:06:46.905020Z,0.531818,0.0,0.0,1.0,1.0,0.431818,REJECTED,SAME_SYMBOL_CAP_0.25,ELIGIBLE_FROM_FUNNEL,,SOURCE_BLOCKED_SECTOR_UNAVAILABLE,SOURCE_BLOCKED_NO_LIQUIDITY_FIELD,390,8623.545,0.25,0.5,ELIGIBLE,,0,0,,,2026-05-27T15:06:45.240833Z:AMZN,0,REJECTED: SAME_SYMBOL_CAP_0.25; source=ELIGIBLE_FROM_FUNNEL; rank_score=0.531818; liquidity_score=0.000000; diversification_score=0.000000; cooldown_score=1.000000; existing_position_penalty=1.000000; sector_cap_status=SOURCE_BLOCKED_SECTOR_UNAVAILABLE; matching_policy=EXACT_CANDIDATE_ID_ONLY_NO_SYMBOL_DATE_PRICE_TIME_FALLBACK
T601-3,decision-c899f2a532a248d8,decision-c899f2a532a248d8,AMZN,2026-05-27T15:10:18.684357Z,0.531818,0.0,0.0,1.0,1.0,0.431818,REJECTED,SAME_SYMBOL_CAP_0.25,ELIGIBLE_FROM_FUNNEL,,SOURCE_BLOCKED_SECTOR_UNAVAILABLE,SOURCE_BLOCKED_NO_LIQUIDITY_FIELD,390,8627.0746,0.25,0.5,ELIGIBLE,,0,0,,,2026-05-27T15:10:17.163601Z:AMZN,0,REJECTED: SAME_SYMBOL_CAP_0.25; source=ELIGIBLE_FROM_FUNNEL; rank_score=0.531818; liquidity_score=0.000000; diversification_score=0.000000; cooldown_score=1.000000; existing_position_penalty=1.000000; sector_cap_status=SOURCE_BLOCKED_SECTOR_UNAVAILABLE; matching_policy=EXACT_CANDIDATE_ID_ONLY_NO_SYMBOL_DATE_PRICE_TIME_FALLBACK
T601-3,decision-61d7bfff2fdf475d,decision-61d7bfff2fdf475d,AMZN,2026-05-27T15:11:55.920048Z,0.531818,0.0,0.0,1.0,1.0,0.431818,REJECTED,SAME_SYMBOL_CAP_0.25,ELIGIBLE_FROM_FUNNEL,,SOURCE_BLOCKED_SECTOR_UNAVAILABLE,SOURCE_BLOCKED_NO_LIQUIDITY_FIELD,390,8628.6952,0.25,0.5,ELIGIBLE,,0,0,,,2026-05-27T15:11:54.442831Z:AMZN,0,REJECTED: SAME_SYMBOL_CAP_0.25; source=ELIGIBLE_FROM_FUNNEL; rank_score=0.531818; liquidity_score=0.000000; diversification_score=0.000000; cooldown_score=1.000000; existing_position_penalty=1.000000; sector_cap_status=SOURCE_BLOCKED_SECTOR_UNAVAILABLE; matching_policy=EXACT_CANDIDATE_ID_ONLY_NO_SYMBOL_DATE_PRICE_TIME_FALLBACK
T601-3,decision-e6fbd9cd4b9948a4,decision-e6fbd9cd4b9948a4,AMZN,2026-05-27T15:15:26.973337Z,0.531818,0.0,0.0,1.0,1.0,0.431818,REJECTED,SAME_SYMBOL_CAP_0.25,ELIGIBLE_FROM_FUNNEL,,SOURCE_BLOCKED_SECTOR_UNAVAILABLE,SOURCE_BLOCKED_NO_LIQUIDITY_FIELD,390,8632.2128,0.25,0.5,ELIGIBLE,,0,0,,,2026-05-27T15:15:25.479635Z:AMZN,0,REJECTED: SAME_SYMBOL_CAP_0.25; source=ELIGIBLE_FROM_FUNNEL; rank_score=0.531818; liquidity_score=0.000000; diversification_score=0.000000; cooldown_score=1.000000; existing_position_penalty=1.000000; sector_cap_status=SOURCE_BLOCKED_SECTOR_UNAVAILABLE; matching_policy=EXACT_CANDIDATE_ID_ONLY_NO_SYMBOL_DATE_PRICE_TIME_FALLBACK
T601-3,decision-142a7078eafe4520,decision-142a7078eafe4520,AMZN,2026-05-27T15:17:04.688402Z,0.531818,0.0,0.0,1.0,1.0,0.431818,REJECTED,SAME_SYMBOL_CAP_0.25,ELIGIBLE_FROM_FUNNEL,,SOURCE_BLOCKED_SECTOR_UNAVAILABLE,SOURCE_BLOCKED_NO_LIQUIDITY_FIELD,390,8633.8414,0.25,0.5,ELIGIBLE,,1,1,38693.0,0000038693:2026-05-27T15:20:40.102864Z:ORDER_STATUS,2026-05-27T15:17:03.118117Z:AMZN,0,REJECTED: SAME_SYMBOL_CAP_0.25; source=ELIGIBLE_FROM_FUNNEL; rank_score=0.531818; liquidity_score=0.000000; diversification_score=0.000000; cooldown_score=1.000000; existing_position_penalty=1.000000; sector_cap_status=SOURCE_BLOCKED_SECTOR_UNAVAILABLE; matching_policy=EXACT_CANDIDATE_ID_ONLY_NO_SYMBOL_DATE_PRICE_TIME_FALLBACK
T601-3,decision-3efd497736a34aab,decision-3efd497736a34aab,AMZN,2026-05-27T15:20:38.933338Z,0.531818,0.0,0.0,1.0,1.0,0.431818,REJECTED,SAME_SYMBOL_CAP_0.25,ELIGIBLE_FROM_FUNNEL,,SOURCE_BLOCKED_SECTOR_UNAVAILABLE,SOURCE_BLOCKED_NO_LIQUIDITY_FIELD,390,8637.4121,0.25,0.5,ELIGIBLE,,1,1,38718.0,0000038718:2026-05-27T15:22:19.066753Z:ORDER_STATUS,2026-05-27T15:20:37.299931Z:AMZN,0,REJECTED: SAME_SYMBOL_CAP_0.25; source=ELIGIBLE_FROM_FUNNEL; rank_score=0.531818; liquidity_score=0.000000; diversification_score=0.000000; cooldown_score=1.000000; existing_position_penalty=1.000000; sector_cap_status=SOURCE_BLOCKED_SECTOR_UNAVAILABLE; matching_policy=EXACT_CANDIDATE_ID_ONLY_NO_SYMBOL_DATE_PRICE_TIME_FALLBACK
T601-3,decision-3fa9e5c6171d4776,decision-3fa9e5c6171d4776,AMZN,2026-05-27T15:22:17.848450Z,0.531818,0.0,0.0,1.0,1.0,0.431818,REJECTED,SAME_SYMBOL_CAP_0.25,ELIGIBLE_FROM_FUNNEL,,SOURCE_BLOCKED_SECTOR_UNAVAILABLE,SOURCE_BLOCKED_NO_LIQUIDITY_FIELD,390,8639.0607,0.25,0.5,ELIGIBLE,,0,0,,,2026-05-27T15:22:16.466749Z:AMZN,0,REJECTED: SAME_SYMBOL_CAP_0.25; source=ELIGIBLE_FROM_FUNNEL; rank_score=0.531818; liquidity_score=0.000000; diversification_score=0.000000; cooldown_score=1.000000; existing_position_penalty=1.000000; sector_cap_status=SOURCE_BLOCKED_SECTOR_UNAVAILABLE; matching_policy=EXACT_CANDIDATE_ID_ONLY_NO_SYMBOL_DATE_PRICE_TIME_FALLBACK
T601-3,decision-fd8e6bf1d50a4076,decision-fd8e6bf1d50a4076,MSFT,2026-05-27T15:25:50.864775Z,0.563636,0.0,0.666667,1.0,0.333333,0.763637,REJECTED,ENTRY_OR_SOURCE_BLOCKED_BY_FUNNEL,ENTRY_OR_SOURCE_BLOCKED_BY_FUNNEL,,SOURCE_BLOCKED_SECTOR_UNAVAILABLE,SOURCE_BLOCKED_NO_LIQUIDITY_FIELD,390,7164.4113,0.25,0.5,INELIGIBLE_UNKNOWN,STRATEGY_FILTER_NOT_MET NO_ENTRY,0,0,,,2026-05-27T15:25:49.275702Z:MSFT,0,REJECTED: ENTRY_OR_SOURCE_BLOCKED_BY_FUNNEL; source=ENTRY_OR_SOURCE_BLOCKED_BY_FUNNEL; rank_score=0.563636; liquidity_score=0.000000; diversification_score=0.666667; cooldown_score=1.000000; existing_position_penalty=0.333333; sector_cap_status=SOURCE_BLOCKED_SECTOR_UNAVAILABLE; matching_policy=EXACT_CANDIDATE_ID_ONLY_NO_SYMBOL_DATE_PRICE_TIME_FALLBACK
T601-3,decision-a53cdc31e26c4268,decision-a53cdc31e26c4268,MSFT,2026-05-27T15:27:27.593114Z,0.563636,0.0,0.666667,1.0,0.333333,0.763637,REJECTED,ENTRY_OR_SOURCE_BLOCKED_BY_FUNNEL,ENTRY_OR_SOURCE_BLOCKED_BY_FUNNEL,,SOURCE_BLOCKED_SECTOR_UNAVAILABLE,SOURCE_BLOCKED_NO_LIQUIDITY_FIELD,390,7166.0234,0.25,0.5,INELIGIBLE_UNKNOWN,STRATEGY_FILTER_NOT_MET NO_ENTRY,0,0,,,2026-05-27T15:27:26.102299Z:MSFT,0,REJECTED: ENTRY_OR_SOURCE_BLOCKED_BY_FUNNEL; source=ENTRY_OR_SOURCE_BLOCKED_BY_FUNNEL; rank_score=0.563636; liquidity_score=0.000000; diversification_score=0.666667; cooldown_score=1.000000; existing_position_penalty=0.333333; sector_cap_status=SOURCE_BLOCKED_SECTOR_UNAVAILABLE; matching_policy=EXACT_CANDIDATE_ID_ONLY_NO_SYMBOL_DATE_PRICE_TIME_FALLBACK
T601-3,decision-3a107488101549d4,decision-3a107488101549d4,MSFT,2026-05-27T15:30:58.778947Z,0.563636,0.0,0.666667,1.0,0.333333,0.763637,REJECTED,ENTRY_OR_SOURCE_BLOCKED_BY_FUNNEL,ENTRY_OR_SOURCE_BLOCKED_BY_FUNNEL,,SOURCE_BLOCKED_SECTOR_UNAVAILABLE,SOURCE_BLOCKED_NO_LIQUIDITY_FIELD,390,7169.5432,0.25,0.5,INELIGIBLE_UNKNOWN,STRATEGY_FILTER_NOT_MET NO_ENTRY,0,0,,,2026-05-27T15:30:57.322360Z:MSFT,0,REJECTED: ENTRY_OR_SOURCE_BLOCKED_BY_FUNNEL; source=ENTRY_OR_SOURCE_BLOCKED_BY_FUNNEL; rank_score=0.563636; liquidity_score=0.000000; diversification_score=0.666667; cooldown_score=1.000000; existing_position_penalty=0.333333; sector_cap_status=SOURCE_BLOCKED_SECTOR_UNAVAILABLE; matching_policy=EXACT_CANDIDATE_ID_ONLY_NO_SYMBOL_DATE_PRICE_TIME_FALLBACK
T601-3,decision-9d3fafefdbcf4515,decision-9d3fafefdbcf4515,MSFT,2026-05-27T15:32:36.695878Z,0.563636,0.0,0.666667,1.0,0.333333,0.763637,REJECTED,ENTRY_OR_SOURCE_BLOCKED_BY_FUNNEL,ENTRY_OR_SOURCE_BLOCKED_BY_FUNNEL,,SOURCE_BLOCKED_SECTOR_UNAVAILABLE,SOURCE_BLOCKED_NO_LIQUIDITY_FIELD,390,7171.1751,0.25,0.5,INELIGIBLE_UNKNOWN,STRATEGY_FILTER_NOT_MET NO_ENTRY,0,0,,,2026-05-27T15:32:35.149649Z:MSFT,0,REJECTED: ENTRY_OR_SOURCE_BLOCKED_BY_FUNNEL; source=ENTRY_OR_SOURCE_BLOCKED_BY_FUNNEL; rank_score=0.563636; liquidity_score=0.000000; diversification_score=0.666667; cooldown_score=1.000000; existing_position_penalty=0.333333; sector_cap_status=SOURCE_BLOCKED_SECTOR_UNAVAILABLE; matching_policy=EXACT_CANDIDATE_ID_ONLY_NO_SYMBOL_DATE_PRICE_TIME_FALLBACK
T601-3,decision-7f46ed70cc0340a5,decision-7f46ed70cc0340a5,MSFT,2026-05-27T15:36:08.390487Z,0.563636,0.0,0.666667,1.0,0.333333,0.763637,REJECTED,ENTRY_OR_SOURCE_BLOCKED_BY_FUNNEL,ENTRY_OR_SOURCE_BLOCKED_BY_FUNNEL,,SOURCE_BLOCKED_SECTOR_UNAVAILABLE,SOURCE_BLOCKED_NO_LIQUIDITY_FIELD,390,7174.7034,0.25,0.5,INELIGIBLE_UNKNOWN,STRATEGY_FILTER_NOT_MET NO_ENTRY,0,0,,,2026-05-27T15:36:06.916397Z:MSFT,0,REJECTED: ENTRY_OR_SOURCE_BLOCKED_BY_FUNNEL; source=ENTRY_OR_SOURCE_BLOCKED_BY_FUNNEL; rank_score=0.563636; liquidity_score=0.000000; diversification_score=0.666667; cooldown_score=1.000000; existing_position_penalty=0.333333; sector_cap_status=SOURCE_BLOCKED_SECTOR_UNAVAILABLE; matching_policy=EXACT_CANDIDATE_ID_ONLY_NO_SYMBOL_DATE_PRICE_TIME_FALLBACK
T601-3,decision-84575c6f392c413f,decision-84575c6f392c413f,AMD,2026-05-27T15:37:46.605721Z,0.522727,0.0,0.0,1.0,1.0,0.422727,REJECTED,SAME_SYMBOL_CAP_0.25,ELIGIBLE_FROM_FUNNEL,,SOURCE_BLOCKED_SECTOR_UNAVAILABLE,SOURCE_BLOCKED_NO_LIQUIDITY_FIELD,390,8495.9297,0.25,0.5,ELIGIBLE,,0,0,,,2026-05-27T15:37:45.125521Z:AMD,0,REJECTED: SAME_SYMBOL_CAP_0.25; source=ELIGIBLE_FROM_FUNNEL; rank_score=0.522727; liquidity_score=0.000000; diversification_score=0.000000; cooldown_score=1.000000; existing_position_penalty=1.000000; sector_cap_status=SOURCE_BLOCKED_SECTOR_UNAVAILABLE; matching_policy=EXACT_CANDIDATE_ID_ONLY_NO_SYMBOL_DATE_PRICE_TIME_FALLBACK
T601-3,decision-804cbba54332431f,decision-804cbba54332431f,AMD,2026-05-27T15:41:16.910532Z,0.522727,0.0,0.0,1.0,1.0,0.422727,REJECTED,SAME_SYMBOL_CAP_0.25,ELIGIBLE_FROM_FUNNEL,,SOURCE_BLOCKED_SECTOR_UNAVAILABLE,SOURCE_BLOCKED_NO_LIQUIDITY_FIELD,390,8499.4348,0.25,0.5,ELIGIBLE,,0,0,,,2026-05-27T15:41:15.395855Z:AMD,0,REJECTED: SAME_SYMBOL_CAP_0.25; source=ELIGIBLE_FROM_FUNNEL; rank_score=0.522727; liquidity_score=0.000000; diversification_score=0.000000; cooldown_score=1.000000; existing_position_penalty=1.000000; sector_cap_status=SOURCE_BLOCKED_SECTOR_UNAVAILABLE; matching_policy=EXACT_CANDIDATE_ID_ONLY_NO_SYMBOL_DATE_PRICE_TIME_FALLBACK
T601-3,decision-ff0498f2372d41a2,decision-ff0498f2372d41a2,AMD,2026-05-27T15:42:55.364304Z,0.522727,0.0,0.0,1.0,1.0,0.422727,REJECTED,SAME_SYMBOL_CAP_0.25,ELIGIBLE_FROM_FUNNEL,,SOURCE_BLOCKED_SECTOR_UNAVAILABLE,SOURCE_BLOCKED_NO_LIQUIDITY_FIELD,390,8501.0757,0.25,0.5,ELIGIBLE,,0,0,,,2026-05-27T15:42:53.899848Z:AMD,0,REJECTED: SAME_SYMBOL_CAP_0.25; source=ELIGIBLE_FROM_FUNNEL; rank_score=0.522727; liquidity_score=0.000000; diversification_score=0.000000; cooldown_score=1.000000; existing_position_penalty=1.000000; sector_cap_status=SOURCE_BLOCKED_SECTOR_UNAVAILABLE; matching_policy=EXACT_CANDIDATE_ID_ONLY_NO_SYMBOL_DATE_PRICE_TIME_FALLBACK
T601-3,decision-87a95d9282eb410a,decision-87a95d9282eb410a,AMD,2026-05-27T15:46:26.391520Z,0.522727,0.0,0.0,1.0,1.0,0.422727,REJECTED,SAME_SYMBOL_CAP_0.25,ELIGIBLE_FROM_FUNNEL,,SOURCE_BLOCKED_SECTOR_UNAVAILABLE,SOURCE_BLOCKED_NO_LIQUIDITY_FIELD,390,8504.5928,0.25,0.5,ELIGIBLE,,0,0,,,2026-05-27T15:46:24.841875Z:AMD,0,REJECTED: SAME_SYMBOL_CAP_0.25; source=ELIGIBLE_FROM_FUNNEL; rank_score=0.522727; liquidity_score=0.000000; diversification_score=0.000000; cooldown_score=1.000000; existing_position_penalty=1.000000; sector_cap_status=SOURCE_BLOCKED_SECTOR_UNAVAILABLE; matching_policy=EXACT_CANDIDATE_ID_ONLY_NO_SYMBOL_DATE_PRICE_TIME_FALLBACK
T601-3,decision-dd76c5f3455d40bd,decision-dd76c5f3455d40bd,AMD,2026-05-27T15:48:05.052150Z,0.522727,0.0,0.0,1.0,1.0,0.422727,REJECTED,SAME_SYMBOL_CAP_0.25,ELIGIBLE_FROM_FUNNEL,,SOURCE_BLOCKED_SECTOR_UNAVAILABLE,SOURCE_BLOCKED_NO_LIQUIDITY_FIELD,390,8506.2372,0.25,0.5,ELIGIBLE,,0,0,,,2026-05-27T15:48:03.557112Z:AMD,0,REJECTED: SAME_SYMBOL_CAP_0.25; source=ELIGIBLE_FROM_FUNNEL; rank_score=0.522727; liquidity_score=0.000000; diversification_score=0.000000; cooldown_score=1.000000; existing_position_penalty=1.000000; sector_cap_status=SOURCE_BLOCKED_SECTOR_UNAVAILABLE; matching_policy=EXACT_CANDIDATE_ID_ONLY_NO_SYMBOL_DATE_PRICE_TIME_FALLBACK
T601-3,decision-5b84dd84943f421c,decision-5b84dd84943f421c,MSFT,2026-05-27T15:51:36.899915Z,0.563636,0.0,0.666667,1.0,0.333333,0.763637,REJECTED,ENTRY_OR_SOURCE_BLOCKED_BY_FUNNEL,ENTRY_OR_SOURCE_BLOCKED_BY_FUNNEL,,SOURCE_BLOCKED_SECTOR_UNAVAILABLE,SOURCE_BLOCKED_NO_LIQUIDITY_FIELD,390,7190.1785,0.25,0.5,INELIGIBLE_UNKNOWN,STRATEGY_FILTER_NOT_MET NO_ENTRY,0,0,,,2026-05-27T15:51:35.299634Z:MSFT,0,REJECTED: ENTRY_OR_SOURCE_BLOCKED_BY_FUNNEL; source=ENTRY_OR_SOURCE_BLOCKED_BY_FUNNEL; rank_score=0.563636; liquidity_score=0.000000; diversification_score=0.666667; cooldown_score=1.000000; existing_position_penalty=0.333333; sector_cap_status=SOURCE_BLOCKED_SECTOR_UNAVAILABLE; matching_policy=EXACT_CANDIDATE_ID_ONLY_NO_SYMBOL_DATE_PRICE_TIME_FALLBACK
T601-3,decision-9e76a17691f34e7c,decision-9e76a17691f34e7c,MSFT,2026-05-27T15:53:14.072479Z,0.563636,0.0,0.666667,1.0,0.333333,0.763637,REJECTED,ENTRY_OR_SOURCE_BLOCKED_BY_FUNNEL,ENTRY_OR_SOURCE_BLOCKED_BY_FUNNEL,,SOURCE_BLOCKED_SECTOR_UNAVAILABLE,SOURCE_BLOCKED_NO_LIQUIDITY_FIELD,390,7191.7981,0.25,0.5,INELIGIBLE_UNKNOWN,STRATEGY_FILTER_NOT_MET NO_ENTRY,0,0,,,2026-05-27T15:53:12.561582Z:MSFT,0,REJECTED: ENTRY_OR_SOURCE_BLOCKED_BY_FUNNEL; source=ENTRY_OR_SOURCE_BLOCKED_BY_FUNNEL; rank_score=0.563636; liquidity_score=0.000000; diversification_score=0.666667; cooldown_score=1.000000; existing_position_penalty=0.333333; sector_cap_status=SOURCE_BLOCKED_SECTOR_UNAVAILABLE; matching_policy=EXACT_CANDIDATE_ID_ONLY_NO_SYMBOL_DATE_PRICE_TIME_FALLBACK
T601-3,decision-5f5c063751e744c3,decision-5f5c063751e744c3,AMD,2026-05-27T15:56:46.179770Z,0.522727,0.0,0.0,1.0,1.0,0.422727,REJECTED,SAME_SYMBOL_CAP_0.25,ELIGIBLE_FROM_FUNNEL,,SOURCE_BLOCKED_SECTOR_UNAVAILABLE,SOURCE_BLOCKED_NO_LIQUIDITY_FIELD,390,8514.9226,0.25,0.5,ELIGIBLE,,0,0,,,2026-05-27T15:56:44.760215Z:AMD,0,REJECTED: SAME_SYMBOL_CAP_0.25; source=ELIGIBLE_FROM_FUNNEL; rank_score=0.522727; liquidity_score=0.000000; diversification_score=0.000000; cooldown_score=1.000000; existing_position_penalty=1.000000; sector_cap_status=SOURCE_BLOCKED_SECTOR_UNAVAILABLE; matching_policy=EXACT_CANDIDATE_ID_ONLY_NO_SYMBOL_DATE_PRICE_TIME_FALLBACK
T601-3,decision-a94e9d4d037e413a,decision-a94e9d4d037e413a,AMD,2026-05-27T15:58:22.924325Z,0.522727,0.0,0.0,1.0,1.0,0.422727,REJECTED,SAME_SYMBOL_CAP_0.25,ELIGIBLE_FROM_FUNNEL,,SOURCE_BLOCKED_SECTOR_UNAVAILABLE,SOURCE_BLOCKED_NO_LIQUIDITY_FIELD,390,8516.5351,0.25,0.5,ELIGIBLE,,0,0,,,2026-05-27T15:58:21.409584Z:AMD,0,REJECTED: SAME_SYMBOL_CAP_0.25; source=ELIGIBLE_FROM_FUNNEL; rank_score=0.522727; liquidity_score=0.000000; diversification_score=0.000000; cooldown_score=1.000000; existing_position_penalty=1.000000; sector_cap_status=SOURCE_BLOCKED_SECTOR_UNAVAILABLE; matching_policy=EXACT_CANDIDATE_ID_ONLY_NO_SYMBOL_DATE_PRICE_TIME_FALLBACK
T601-3,decision-dddce203c470422d,decision-dddce203c470422d,AMD,2026-05-27T16:01:55.025767Z,0.522727,0.0,0.0,1.0,1.0,0.422727,REJECTED,SAME_SYMBOL_CAP_0.25,ELIGIBLE_FROM_FUNNEL,,SOURCE_BLOCKED_SECTOR_UNAVAILABLE,SOURCE_BLOCKED_NO_LIQUIDITY_FIELD,390,8520.0701,0.25,0.5,ELIGIBLE,,0,0,,,2026-05-27T16:01:53.507248Z:AMD,0,REJECTED: SAME_SYMBOL_CAP_0.25; source=ELIGIBLE_FROM_FUNNEL; rank_score=0.522727; liquidity_score=0.000000; diversification_score=0.000000; cooldown_score=1.000000; existing_position_penalty=1.000000; sector_cap_status=SOURCE_BLOCKED_SECTOR_UNAVAILABLE; matching_policy=EXACT_CANDIDATE_ID_ONLY_NO_SYMBOL_DATE_PRICE_TIME_FALLBACK
T601-3,decision-45e8bf2d8ec34589,decision-45e8bf2d8ec34589,AMD,2026-05-27T16:03:31.698380Z,0.522727,0.0,0.0,1.0,1.0,0.422727,REJECTED,SAME_SYMBOL_CAP_0.25,ELIGIBLE_FROM_FUNNEL,,SOURCE_BLOCKED_SECTOR_UNAVAILABLE,SOURCE_BLOCKED_NO_LIQUIDITY_FIELD,390,8521.6813,0.25,0.5,ELIGIBLE,,0,0,,,2026-05-27T16:03:30.275645Z:AMD,0,REJECTED: SAME_SYMBOL_CAP_0.25; source=ELIGIBLE_FROM_FUNNEL; rank_score=0.522727; liquidity_score=0.000000; diversification_score=0.000000; cooldown_score=1.000000; existing_position_penalty=1.000000; sector_cap_status=SOURCE_BLOCKED_SECTOR_UNAVAILABLE; matching_policy=EXACT_CANDIDATE_ID_ONLY_NO_SYMBOL_DATE_PRICE_TIME_FALLBACK
T601-3,decision-ebb1f44531814579,decision-ebb1f44531814579,AMD,2026-05-27T16:07:04.636700Z,0.522727,0.0,0.0,1.0,1.0,0.422727,REJECTED,SAME_SYMBOL_CAP_0.25,ELIGIBLE_FROM_FUNNEL,,SOURCE_BLOCKED_SECTOR_UNAVAILABLE,SOURCE_BLOCKED_NO_LIQUIDITY_FIELD,390,8525.2303,0.25,0.5,ELIGIBLE,,0,0,,,2026-05-27T16:07:03.153252Z:AMD,0,REJECTED: SAME_SYMBOL_CAP_0.25; source=ELIGIBLE_FROM_FUNNEL; rank_score=0.522727; liquidity_score=0.000000; diversification_score=0.000000; cooldown_score=1.000000; existing_position_penalty=1.000000; sector_cap_status=SOURCE_BLOCKED_SECTOR_UNAVAILABLE; matching_policy=EXACT_CANDIDATE_ID_ONLY_NO_SYMBOL_DATE_PRICE_TIME_FALLBACK
T601-3,decision-241d5f9acda04cb3,decision-241d5f9acda04cb3,AMD,2026-05-27T16:08:41.014809Z,0.522727,0.0,0.0,1.0,1.0,0.422727,REJECTED,SAME_SYMBOL_CAP_0.25,ELIGIBLE_FROM_FUNNEL,,SOURCE_BLOCKED_SECTOR_UNAVAILABLE,SOURCE_BLOCKED_NO_LIQUIDITY_FIELD,390,8526.8366,0.25,0.5,ELIGIBLE,,0,0,,,2026-05-27T16:08:39.466183Z:AMD,0,REJECTED: SAME_SYMBOL_CAP_0.25; source=ELIGIBLE_FROM_FUNNEL; rank_score=0.522727; liquidity_score=0.000000; diversification_score=0.000000; cooldown_score=1.000000; existing_position_penalty=1.000000; sector_cap_status=SOURCE_BLOCKED_SECTOR_UNAVAILABLE; matching_policy=EXACT_CANDIDATE_ID_ONLY_NO_SYMBOL_DATE_PRICE_TIME_FALLBACK
T601-3,decision-135ad02bddb140bd,decision-135ad02bddb140bd,MSFT,2026-05-27T16:12:12.965182Z,0.563636,0.0,0.666667,1.0,0.333333,0.763637,REJECTED,ENTRY_OR_SOURCE_BLOCKED_BY_FUNNEL,ENTRY_OR_SOURCE_BLOCKED_BY_FUNNEL,,SOURCE_BLOCKED_SECTOR_UNAVAILABLE,SOURCE_BLOCKED_NO_LIQUIDITY_FIELD,390,7210.7796,0.25,0.5,INELIGIBLE_UNKNOWN,STRATEGY_FILTER_NOT_MET NO_ENTRY,0,0,,,2026-05-27T16:12:11.418169Z:MSFT,0,REJECTED: ENTRY_OR_SOURCE_BLOCKED_BY_FUNNEL; source=ENTRY_OR_SOURCE_BLOCKED_BY_FUNNEL; rank_score=0.563636; liquidity_score=0.000000; diversification_score=0.666667; cooldown_score=1.000000; existing_position_penalty=0.333333; sector_cap_status=SOURCE_BLOCKED_SECTOR_UNAVAILABLE; matching_policy=EXACT_CANDIDATE_ID_ONLY_NO_SYMBOL_DATE_PRICE_TIME_FALLBACK
T601-3,decision-1dcee8bc3c244079,decision-1dcee8bc3c244079,MSFT,2026-05-27T16:13:49.667376Z,0.563636,0.0,0.666667,1.0,0.333333,0.763637,REJECTED,ENTRY_OR_SOURCE_BLOCKED_BY_FUNNEL,ENTRY_OR_SOURCE_BLOCKED_BY_FUNNEL,,SOURCE_BLOCKED_SECTOR_UNAVAILABLE,SOURCE_BLOCKED_NO_LIQUIDITY_FIELD,390,7212.3913,0.25,0.5,INELIGIBLE_UNKNOWN,STRATEGY_FILTER_NOT_MET NO_ENTRY,0,0,,,2026-05-27T16:13:48.137407Z:MSFT,0,REJECTED: ENTRY_OR_SOURCE_BLOCKED_BY_FUNNEL; source=ENTRY_OR_SOURCE_BLOCKED_BY_FUNNEL; rank_score=0.563636; liquidity_score=0.000000; diversification_score=0.666667; cooldown_score=1.000000; existing_position_penalty=0.333333; sector_cap_status=SOURCE_BLOCKED_SECTOR_UNAVAILABLE; matching_policy=EXACT_CANDIDATE_ID_ONLY_NO_SYMBOL_DATE_PRICE_TIME_FALLBACK
T601-3,decision-6ffe050eeb58462c,decision-6ffe050eeb58462c,MSFT,2026-05-27T16:17:21.523259Z,0.563636,0.0,0.666667,1.0,0.333333,0.763637,REJECTED,ENTRY_OR_SOURCE_BLOCKED_BY_FUNNEL,ENTRY_OR_SOURCE_BLOCKED_BY_FUNNEL,,SOURCE_BLOCKED_SECTOR_UNAVAILABLE,SOURCE_BLOCKED_NO_LIQUIDITY_FIELD,390,7215.9222,0.25,0.5,INELIGIBLE_UNKNOWN,STRATEGY_FILTER_NOT_MET NO_ENTRY,0,0,,,2026-05-27T16:17:20.086091Z:MSFT,0,REJECTED: ENTRY_OR_SOURCE_BLOCKED_BY_FUNNEL; source=ENTRY_OR_SOURCE_BLOCKED_BY_FUNNEL; rank_score=0.563636; liquidity_score=0.000000; diversification_score=0.666667; cooldown_score=1.000000; existing_position_penalty=0.333333; sector_cap_status=SOURCE_BLOCKED_SECTOR_UNAVAILABLE; matching_policy=EXACT_CANDIDATE_ID_ONLY_NO_SYMBOL_DATE_PRICE_TIME_FALLBACK
T601-3,decision-9774c55d32114ea8,decision-9774c55d32114ea8,MSFT,2026-05-27T16:18:58.667205Z,0.563636,0.0,0.666667,1.0,0.333333,0.763637,REJECTED,ENTRY_OR_SOURCE_BLOCKED_BY_FUNNEL,ENTRY_OR_SOURCE_BLOCKED_BY_FUNNEL,,SOURCE_BLOCKED_SECTOR_UNAVAILABLE,SOURCE_BLOCKED_NO_LIQUIDITY_FIELD,390,7217.5413,0.25,0.5,INELIGIBLE_UNKNOWN,STRATEGY_FILTER_NOT_MET NO_ENTRY,0,0,,,2026-05-27T16:18:57.212936Z:MSFT,0,REJECTED: ENTRY_OR_SOURCE_BLOCKED_BY_FUNNEL; source=ENTRY_OR_SOURCE_BLOCKED_BY_FUNNEL; rank_score=0.563636; liquidity_score=0.000000; diversification_score=0.666667; cooldown_score=1.000000; existing_position_penalty=0.333333; sector_cap_status=SOURCE_BLOCKED_SECTOR_UNAVAILABLE; matching_policy=EXACT_CANDIDATE_ID_ONLY_NO_SYMBOL_DATE_PRICE_TIME_FALLBACK
T601-3,decision-60ceca7365d34b19,decision-60ceca7365d34b19,AMD,2026-05-27T16:22:30.225901Z,0.522727,0.0,0.0,1.0,1.0,0.422727,REJECTED,SAME_SYMBOL_CAP_0.25,ELIGIBLE_FROM_FUNNEL,,SOURCE_BLOCKED_SECTOR_UNAVAILABLE,SOURCE_BLOCKED_NO_LIQUIDITY_FIELD,390,8540.6567,0.25,0.5,ELIGIBLE,,0,0,,,2026-05-27T16:22:28.667218Z:AMD,0,REJECTED: SAME_SYMBOL_CAP_0.25; source=ELIGIBLE_FROM_FUNNEL; rank_score=0.522727; liquidity_score=0.000000; diversification_score=0.000000; cooldown_score=1.000000; existing_position_penalty=1.000000; sector_cap_status=SOURCE_BLOCKED_SECTOR_UNAVAILABLE; matching_policy=EXACT_CANDIDATE_ID_ONLY_NO_SYMBOL_DATE_PRICE_TIME_FALLBACK
T601-3,decision-56dcddeaaae64f1b,decision-56dcddeaaae64f1b,AMD,2026-05-27T16:24:07.633489Z,0.522727,0.0,0.0,1.0,1.0,0.422727,REJECTED,SAME_SYMBOL_CAP_0.25,ELIGIBLE_FROM_FUNNEL,,SOURCE_BLOCKED_SECTOR_UNAVAILABLE,SOURCE_BLOCKED_NO_LIQUIDITY_FIELD,390,8542.2802,0.25,0.5,ELIGIBLE,,0,0,,,2026-05-27T16:24:06.230184Z:AMD,0,REJECTED: SAME_SYMBOL_CAP_0.25; source=ELIGIBLE_FROM_FUNNEL; rank_score=0.522727; liquidity_score=0.000000; diversification_score=0.000000; cooldown_score=1.000000; existing_position_penalty=1.000000; sector_cap_status=SOURCE_BLOCKED_SECTOR_UNAVAILABLE; matching_policy=EXACT_CANDIDATE_ID_ONLY_NO_SYMBOL_DATE_PRICE_TIME_FALLBACK
T601-3,decision-22f5a96e0b33407a,decision-22f5a96e0b33407a,AMD,2026-05-27T16:27:38.826658Z,0.522727,0.0,0.0,1.0,1.0,0.422727,REJECTED,SAME_SYMBOL_CAP_0.25,ELIGIBLE_FROM_FUNNEL,,SOURCE_BLOCKED_SECTOR_UNAVAILABLE,SOURCE_BLOCKED_NO_LIQUIDITY_FIELD,390,8545.8001,0.25,0.5,ELIGIBLE,,0,0,,,2026-05-27T16:27:37.327843Z:AMD,0,REJECTED: SAME_SYMBOL_CAP_0.25; source=ELIGIBLE_FROM_FUNNEL; rank_score=0.522727; liquidity_score=0.000000; diversification_score=0.000000; cooldown_score=1.000000; existing_position_penalty=1.000000; sector_cap_status=SOURCE_BLOCKED_SECTOR_UNAVAILABLE; matching_policy=EXACT_CANDIDATE_ID_ONLY_NO_SYMBOL_DATE_PRICE_TIME_FALLBACK
T601-3,decision-06b4acbec8e0499b,decision-06b4acbec8e0499b,AMD,2026-05-27T16:29:16.594047Z,0.522727,0.0,0.0,1.0,1.0,0.422727,REJECTED,SAME_SYMBOL_CAP_0.25,ELIGIBLE_FROM_FUNNEL,,SOURCE_BLOCKED_SECTOR_UNAVAILABLE,SOURCE_BLOCKED_NO_LIQUIDITY_FIELD,390,8547.4295,0.25,0.5,ELIGIBLE,,0,0,,,2026-05-27T16:29:15.199296Z:AMD,0,REJECTED: SAME_SYMBOL_CAP_0.25; source=ELIGIBLE_FROM_FUNNEL; rank_score=0.522727; liquidity_score=0.000000; diversification_score=0.000000; cooldown_score=1.000000; existing_position_penalty=1.000000; sector_cap_status=SOURCE_BLOCKED_SECTOR_UNAVAILABLE; matching_policy=EXACT_CANDIDATE_ID_ONLY_NO_SYMBOL_DATE_PRICE_TIME_FALLBACK
T601-3,decision-c74bb8dc42ba4d87,decision-c74bb8dc42ba4d87,AMD,2026-05-27T16:32:47.272370Z,0.522727,0.0,0.0,1.0,1.0,0.422727,REJECTED,SAME_SYMBOL_CAP_0.25,ELIGIBLE_FROM_FUNNEL,,SOURCE_BLOCKED_SECTOR_UNAVAILABLE,SOURCE_BLOCKED_NO_LIQUIDITY_FIELD,390,8550.9409,0.25,0.5,ELIGIBLE,,0,0,,,2026-05-27T16:32:45.807070Z:AMD,0,REJECTED: SAME_SYMBOL_CAP_0.25; source=ELIGIBLE_FROM_FUNNEL; rank_score=0.522727; liquidity_score=0.000000; diversification_score=0.000000; cooldown_score=1.000000; existing_position_penalty=1.000000; sector_cap_status=SOURCE_BLOCKED_SECTOR_UNAVAILABLE; matching_policy=EXACT_CANDIDATE_ID_ONLY_NO_SYMBOL_DATE_PRICE_TIME_FALLBACK
T601-3,decision-60af810f2dc24087,decision-60af810f2dc24087,AMD,2026-05-27T16:34:25.624229Z,0.522727,0.0,0.0,1.0,1.0,0.422727,REJECTED,SAME_SYMBOL_CAP_0.25,ELIGIBLE_FROM_FUNNEL,,SOURCE_BLOCKED_SECTOR_UNAVAILABLE,SOURCE_BLOCKED_NO_LIQUIDITY_FIELD,390,8552.5801,0.25,0.5,ELIGIBLE,,0,0,,,2026-05-27T16:34:24.211595Z:AMD,0,REJECTED: SAME_SYMBOL_CAP_0.25; source=ELIGIBLE_FROM_FUNNEL; rank_score=0.522727; liquidity_score=0.000000; diversification_score=0.000000; cooldown_score=1.000000; existing_position_penalty=1.000000; sector_cap_status=SOURCE_BLOCKED_SECTOR_UNAVAILABLE; matching_policy=EXACT_CANDIDATE_ID_ONLY_NO_SYMBOL_DATE_PRICE_TIME_FALLBACK
T601-3,decision-d58eab9de1de4ef7,decision-d58eab9de1de4ef7,MSFT,2026-05-27T16:37:56.009558Z,0.563636,0.0,0.666667,1.0,0.333333,0.763637,REJECTED,ENTRY_OR_SOURCE_BLOCKED_BY_FUNNEL,ENTRY_OR_SOURCE_BLOCKED_BY_FUNNEL,,SOURCE_BLOCKED_SECTOR_UNAVAILABLE,SOURCE_BLOCKED_NO_LIQUIDITY_FIELD,390,7236.497,0.25,0.5,INELIGIBLE_UNKNOWN,STRATEGY_FILTER_NOT_MET NO_ENTRY,0,0,,,2026-05-27T16:37:54.486772Z:MSFT,0,REJECTED: ENTRY_OR_SOURCE_BLOCKED_BY_FUNNEL; source=ENTRY_OR_SOURCE_BLOCKED_BY_FUNNEL; rank_score=0.563636; liquidity_score=0.000000; diversification_score=0.666667; cooldown_score=1.000000; existing_position_penalty=0.333333; sector_cap_status=SOURCE_BLOCKED_SECTOR_UNAVAILABLE; matching_policy=EXACT_CANDIDATE_ID_ONLY_NO_SYMBOL_DATE_PRICE_TIME_FALLBACK
T601-3,decision-b177fed1373641b0,decision-b177fed1373641b0,MSFT,2026-05-27T16:39:34.891505Z,0.563636,0.0,0.666667,1.0,0.333333,0.763637,REJECTED,ENTRY_OR_SOURCE_BLOCKED_BY_FUNNEL,ENTRY_OR_SOURCE_BLOCKED_BY_FUNNEL,,SOURCE_BLOCKED_SECTOR_UNAVAILABLE,SOURCE_BLOCKED_NO_LIQUIDITY_FIELD,390,7238.145,0.25,0.5,INELIGIBLE_UNKNOWN,STRATEGY_FILTER_NOT_MET NO_ENTRY,0,0,,,2026-05-27T16:39:33.370961Z:MSFT,0,REJECTED: ENTRY_OR_SOURCE_BLOCKED_BY_FUNNEL; source=ENTRY_OR_SOURCE_BLOCKED_BY_FUNNEL; rank_score=0.563636; liquidity_score=0.000000; diversification_score=0.666667; cooldown_score=1.000000; existing_position_penalty=0.333333; sector_cap_status=SOURCE_BLOCKED_SECTOR_UNAVAILABLE; matching_policy=EXACT_CANDIDATE_ID_ONLY_NO_SYMBOL_DATE_PRICE_TIME_FALLBACK
T601-3,decision-23373b85c2a942e8,decision-23373b85c2a942e8,MSFT,2026-05-27T16:43:04.635282Z,0.563636,0.0,0.666667,1.0,0.333333,0.763637,REJECTED,ENTRY_OR_SOURCE_BLOCKED_BY_FUNNEL,ENTRY_OR_SOURCE_BLOCKED_BY_FUNNEL,,SOURCE_BLOCKED_SECTOR_UNAVAILABLE,SOURCE_BLOCKED_NO_LIQUIDITY_FIELD,390,7241.6408,0.25,0.5,INELIGIBLE_UNKNOWN,STRATEGY_FILTER_NOT_MET NO_ENTRY,0,0,,,2026-05-27T16:43:03.197173Z:MSFT,0,REJECTED: ENTRY_OR_SOURCE_BLOCKED_BY_FUNNEL; source=ENTRY_OR_SOURCE_BLOCKED_BY_FUNNEL; rank_score=0.563636; liquidity_score=0.000000; diversification_score=0.666667; cooldown_score=1.000000; existing_position_penalty=0.333333; sector_cap_status=SOURCE_BLOCKED_SECTOR_UNAVAILABLE; matching_policy=EXACT_CANDIDATE_ID_ONLY_NO_SYMBOL_DATE_PRICE_TIME_FALLBACK
T601-3,decision-d79378c30e2a40b1,decision-d79378c30e2a40b1,MSFT,2026-05-27T16:44:44.509292Z,0.563636,0.0,0.666667,1.0,0.333333,0.763637,REJECTED,ENTRY_OR_SOURCE_BLOCKED_BY_FUNNEL,ENTRY_OR_SOURCE_BLOCKED_BY_FUNNEL,,SOURCE_BLOCKED_SECTOR_UNAVAILABLE,SOURCE_BLOCKED_NO_LIQUIDITY_FIELD,390,7243.3053,0.25,0.5,INELIGIBLE_UNKNOWN,STRATEGY_FILTER_NOT_MET NO_ENTRY,0,0,,,2026-05-27T16:44:43.142621Z:MSFT,0,REJECTED: ENTRY_OR_SOURCE_BLOCKED_BY_FUNNEL; source=ENTRY_OR_SOURCE_BLOCKED_BY_FUNNEL; rank_score=0.563636; liquidity_score=0.000000; diversification_score=0.666667; cooldown_score=1.000000; existing_position_penalty=0.333333; sector_cap_status=SOURCE_BLOCKED_SECTOR_UNAVAILABLE; matching_policy=EXACT_CANDIDATE_ID_ONLY_NO_SYMBOL_DATE_PRICE_TIME_FALLBACK
T601-3,decision-3de8d0363fcb4a81,decision-3de8d0363fcb4a81,MSFT,2026-05-27T16:48:12.871000Z,0.563636,0.0,0.666667,1.0,0.333333,0.763637,REJECTED,ENTRY_OR_SOURCE_BLOCKED_BY_FUNNEL,ENTRY_OR_SOURCE_BLOCKED_BY_FUNNEL,,SOURCE_BLOCKED_SECTOR_UNAVAILABLE,SOURCE_BLOCKED_NO_LIQUIDITY_FIELD,390,7246.778,0.25,0.5,INELIGIBLE_UNKNOWN,STRATEGY_FILTER_NOT_MET NO_ENTRY,0,0,,,2026-05-27T16:48:11.454498Z:MSFT,0,REJECTED: ENTRY_OR_SOURCE_BLOCKED_BY_FUNNEL; source=ENTRY_OR_SOURCE_BLOCKED_BY_FUNNEL; rank_score=0.563636; liquidity_score=0.000000; diversification_score=0.666667; cooldown_score=1.000000; existing_position_penalty=0.333333; sector_cap_status=SOURCE_BLOCKED_SECTOR_UNAVAILABLE; matching_policy=EXACT_CANDIDATE_ID_ONLY_NO_SYMBOL_DATE_PRICE_TIME_FALLBACK
T601-3,decision-660c87a58a40451c,decision-660c87a58a40451c,MSFT,2026-05-27T16:49:53.746501Z,0.563636,0.0,0.666667,1.0,0.333333,0.763637,REJECTED,ENTRY_OR_SOURCE_BLOCKED_BY_FUNNEL,ENTRY_OR_SOURCE_BLOCKED_BY_FUNNEL,,SOURCE_BLOCKED_SECTOR_UNAVAILABLE,SOURCE_BLOCKED_NO_LIQUIDITY_FIELD,390,7248.4593,0.25,0.5,INELIGIBLE_UNKNOWN,STRATEGY_FILTER_NOT_MET NO_ENTRY,0,0,,,2026-05-27T16:49:52.160203Z:MSFT,0,REJECTED: ENTRY_OR_SOURCE_BLOCKED_BY_FUNNEL; source=ENTRY_OR_SOURCE_BLOCKED_BY_FUNNEL; rank_score=0.563636; liquidity_score=0.000000; diversification_score=0.666667; cooldown_score=1.000000; existing_position_penalty=0.333333; sector_cap_status=SOURCE_BLOCKED_SECTOR_UNAVAILABLE; matching_policy=EXACT_CANDIDATE_ID_ONLY_NO_SYMBOL_DATE_PRICE_TIME_FALLBACK
T601-3,decision-78e9ad2558c74673,decision-78e9ad2558c74673,MSFT,2026-05-27T16:53:22.501770Z,0.563636,0.0,0.666667,1.0,0.333333,0.763637,REJECTED,ENTRY_OR_SOURCE_BLOCKED_BY_FUNNEL,ENTRY_OR_SOURCE_BLOCKED_BY_FUNNEL,,SOURCE_BLOCKED_SECTOR_UNAVAILABLE,SOURCE_BLOCKED_NO_LIQUIDITY_FIELD,390,7251.9385,0.25,0.5,INELIGIBLE_UNKNOWN,STRATEGY_FILTER_NOT_MET NO_ENTRY,0,0,,,2026-05-27T16:53:21.004693Z:MSFT,0,REJECTED: ENTRY_OR_SOURCE_BLOCKED_BY_FUNNEL; source=ENTRY_OR_SOURCE_BLOCKED_BY_FUNNEL; rank_score=0.563636; liquidity_score=0.000000; diversification_score=0.666667; cooldown_score=1.000000; existing_position_penalty=0.333333; sector_cap_status=SOURCE_BLOCKED_SECTOR_UNAVAILABLE; matching_policy=EXACT_CANDIDATE_ID_ONLY_NO_SYMBOL_DATE_PRICE_TIME_FALLBACK
T601-3,decision-2c65c95e2fe945d1,decision-2c65c95e2fe945d1,MSFT,2026-05-27T16:55:02.914220Z,0.563636,0.0,0.666667,1.0,0.333333,0.763637,REJECTED,ENTRY_OR_SOURCE_BLOCKED_BY_FUNNEL,ENTRY_OR_SOURCE_BLOCKED_BY_FUNNEL,,SOURCE_BLOCKED_SECTOR_UNAVAILABLE,SOURCE_BLOCKED_NO_LIQUIDITY_FIELD,390,7253.6121,0.25,0.5,INELIGIBLE_UNKNOWN,STRATEGY_FILTER_NOT_MET NO_ENTRY,0,0,,,2026-05-27T16:55:01.355617Z:MSFT,0,REJECTED: ENTRY_OR_SOURCE_BLOCKED_BY_FUNNEL; source=ENTRY_OR_SOURCE_BLOCKED_BY_FUNNEL; rank_score=0.563636; liquidity_score=0.000000; diversification_score=0.666667; cooldown_score=1.000000; existing_position_penalty=0.333333; sector_cap_status=SOURCE_BLOCKED_SECTOR_UNAVAILABLE; matching_policy=EXACT_CANDIDATE_ID_ONLY_NO_SYMBOL_DATE_PRICE_TIME_FALLBACK
T601-3,decision-0ee40e19c45d4ed7,decision-0ee40e19c45d4ed7,AMZN,2026-05-27T16:58:30.830161Z,0.531818,0.0,0.0,1.0,1.0,0.431818,REJECTED,SAME_SYMBOL_CAP_0.25,ELIGIBLE_FROM_FUNNEL,,SOURCE_BLOCKED_SECTOR_UNAVAILABLE,SOURCE_BLOCKED_NO_LIQUIDITY_FIELD,390,8735.2771,0.25,0.5,ELIGIBLE,,0,0,,,2026-05-27T16:58:29.327193Z:AMZN,0,REJECTED: SAME_SYMBOL_CAP_0.25; source=ELIGIBLE_FROM_FUNNEL; rank_score=0.531818; liquidity_score=0.000000; diversification_score=0.000000; cooldown_score=1.000000; existing_position_penalty=1.000000; sector_cap_status=SOURCE_BLOCKED_SECTOR_UNAVAILABLE; matching_policy=EXACT_CANDIDATE_ID_ONLY_NO_SYMBOL_DATE_PRICE_TIME_FALLBACK
T601-3,decision-049266cc92684684,decision-049266cc92684684,AMZN,2026-05-27T17:00:12.119253Z,0.531818,0.0,0.0,1.0,1.0,0.431818,REJECTED,SAME_SYMBOL_CAP_0.25,ELIGIBLE_FROM_FUNNEL,,SOURCE_BLOCKED_SECTOR_UNAVAILABLE,SOURCE_BLOCKED_NO_LIQUIDITY_FIELD,390,8736.9652,0.25,0.5,ELIGIBLE,,0,0,,,2026-05-27T17:00:10.686718Z:AMZN,0,REJECTED: SAME_SYMBOL_CAP_0.25; source=ELIGIBLE_FROM_FUNNEL; rank_score=0.531818; liquidity_score=0.000000; diversification_score=0.000000; cooldown_score=1.000000; existing_position_penalty=1.000000; sector_cap_status=SOURCE_BLOCKED_SECTOR_UNAVAILABLE; matching_policy=EXACT_CANDIDATE_ID_ONLY_NO_SYMBOL_DATE_PRICE_TIME_FALLBACK
T601-3,decision-5c21c53cd683429e,decision-5c21c53cd683429e,AMZN,2026-05-27T17:03:39.470437Z,0.531818,0.0,0.0,1.0,1.0,0.431818,REJECTED,SAME_SYMBOL_CAP_0.25,ELIGIBLE_FROM_FUNNEL,,SOURCE_BLOCKED_SECTOR_UNAVAILABLE,SOURCE_BLOCKED_NO_LIQUIDITY_FIELD,390,8740.4211,0.25,0.5,ELIGIBLE,,0,0,,,2026-05-27T17:03:38.011927Z:AMZN,0,REJECTED: SAME_SYMBOL_CAP_0.25; source=ELIGIBLE_FROM_FUNNEL; rank_score=0.531818; liquidity_score=0.000000; diversification_score=0.000000; cooldown_score=1.000000; existing_position_penalty=1.000000; sector_cap_status=SOURCE_BLOCKED_SECTOR_UNAVAILABLE; matching_policy=EXACT_CANDIDATE_ID_ONLY_NO_SYMBOL_DATE_PRICE_TIME_FALLBACK
T601-3,decision-d227c33b5f284802,decision-d227c33b5f284802,AMZN,2026-05-27T17:05:20.394912Z,0.531818,0.0,0.0,1.0,1.0,0.431818,REJECTED,SAME_SYMBOL_CAP_0.25,ELIGIBLE_FROM_FUNNEL,,SOURCE_BLOCKED_SECTOR_UNAVAILABLE,SOURCE_BLOCKED_NO_LIQUIDITY_FIELD,390,8742.1031,0.25,0.5,ELIGIBLE,,0,0,,,2026-05-27T17:05:19.016100Z:AMZN,0,REJECTED: SAME_SYMBOL_CAP_0.25; source=ELIGIBLE_FROM_FUNNEL; rank_score=0.531818; liquidity_score=0.000000; diversification_score=0.000000; cooldown_score=1.000000; existing_position_penalty=1.000000; sector_cap_status=SOURCE_BLOCKED_SECTOR_UNAVAILABLE; matching_policy=EXACT_CANDIDATE_ID_ONLY_NO_SYMBOL_DATE_PRICE_TIME_FALLBACK
T601-3,decision-bd032be044e040e3,decision-bd032be044e040e3,AMZN,2026-05-27T17:08:48.643021Z,0.531818,0.0,0.0,1.0,1.0,0.431818,REJECTED,SAME_SYMBOL_CAP_0.25,ELIGIBLE_FROM_FUNNEL,,SOURCE_BLOCKED_SECTOR_UNAVAILABLE,SOURCE_BLOCKED_NO_LIQUIDITY_FIELD,390,8745.5739,0.25,0.5,ELIGIBLE,,0,0,,,2026-05-27T17:08:47.144575Z:AMZN,0,REJECTED: SAME_SYMBOL_CAP_0.25; source=ELIGIBLE_FROM_FUNNEL; rank_score=0.531818; liquidity_score=0.000000; diversification_score=0.000000; cooldown_score=1.000000; existing_position_penalty=1.000000; sector_cap_status=SOURCE_BLOCKED_SECTOR_UNAVAILABLE; matching_policy=EXACT_CANDIDATE_ID_ONLY_NO_SYMBOL_DATE_PRICE_TIME_FALLBACK
T601-3,decision-8ef9f4ab17cd4161,decision-8ef9f4ab17cd4161,MSFT,2026-05-27T17:10:29.374912Z,0.563636,0.0,0.666667,1.0,0.333333,0.763637,REJECTED,ENTRY_OR_SOURCE_BLOCKED_BY_FUNNEL,ENTRY_OR_SOURCE_BLOCKED_BY_FUNNEL,,SOURCE_BLOCKED_SECTOR_UNAVAILABLE,SOURCE_BLOCKED_NO_LIQUIDITY_FIELD,390,7269.0531,0.25,0.5,INELIGIBLE_UNKNOWN,STRATEGY_FILTER_NOT_MET NO_ENTRY,0,0,,,2026-05-27T17:10:27.928450Z:MSFT,0,REJECTED: ENTRY_OR_SOURCE_BLOCKED_BY_FUNNEL; source=ENTRY_OR_SOURCE_BLOCKED_BY_FUNNEL; rank_score=0.563636; liquidity_score=0.000000; diversification_score=0.666667; cooldown_score=1.000000; existing_position_penalty=0.333333; sector_cap_status=SOURCE_BLOCKED_SECTOR_UNAVAILABLE; matching_policy=EXACT_CANDIDATE_ID_ONLY_NO_SYMBOL_DATE_PRICE_TIME_FALLBACK
T601-3,decision-139e3ed388ef48c4,decision-139e3ed388ef48c4,MSFT,2026-05-27T17:13:58.879752Z,0.563636,0.0,0.666667,1.0,0.333333,0.763637,REJECTED,ENTRY_OR_SOURCE_BLOCKED_BY_FUNNEL,ENTRY_OR_SOURCE_BLOCKED_BY_FUNNEL,,SOURCE_BLOCKED_SECTOR_UNAVAILABLE,SOURCE_BLOCKED_NO_LIQUIDITY_FIELD,390,7272.5448,0.25,0.5,INELIGIBLE_UNKNOWN,STRATEGY_FILTER_NOT_MET NO_ENTRY,0,0,,,2026-05-27T17:13:57.384643Z:MSFT,0,REJECTED: ENTRY_OR_SOURCE_BLOCKED_BY_FUNNEL; source=ENTRY_OR_SOURCE_BLOCKED_BY_FUNNEL; rank_score=0.563636; liquidity_score=0.000000; diversification_score=0.666667; cooldown_score=1.000000; existing_position_penalty=0.333333; sector_cap_status=SOURCE_BLOCKED_SECTOR_UNAVAILABLE; matching_policy=EXACT_CANDIDATE_ID_ONLY_NO_SYMBOL_DATE_PRICE_TIME_FALLBACK
T601-3,decision-abde7405e65d42e3,decision-abde7405e65d42e3,MSFT,2026-05-27T17:15:38.212142Z,0.563636,0.0,0.666667,1.0,0.333333,0.763637,REJECTED,ENTRY_OR_SOURCE_BLOCKED_BY_FUNNEL,ENTRY_OR_SOURCE_BLOCKED_BY_FUNNEL,,SOURCE_BLOCKED_SECTOR_UNAVAILABLE,SOURCE_BLOCKED_NO_LIQUIDITY_FIELD,390,7274.2004,0.25,0.5,INELIGIBLE_UNKNOWN,STRATEGY_FILTER_NOT_MET NO_ENTRY,0,0,,,2026-05-27T17:15:36.635325Z:MSFT,0,REJECTED: ENTRY_OR_SOURCE_BLOCKED_BY_FUNNEL; source=ENTRY_OR_SOURCE_BLOCKED_BY_FUNNEL; rank_score=0.563636; liquidity_score=0.000000; diversification_score=0.666667; cooldown_score=1.000000; existing_position_penalty=0.333333; sector_cap_status=SOURCE_BLOCKED_SECTOR_UNAVAILABLE; matching_policy=EXACT_CANDIDATE_ID_ONLY_NO_SYMBOL_DATE_PRICE_TIME_FALLBACK
T601-3,decision-00cc13f0c7954dbc,decision-00cc13f0c7954dbc,MSFT,2026-05-27T17:19:07.834155Z,0.563636,0.0,0.666667,1.0,0.333333,0.763637,REJECTED,ENTRY_OR_SOURCE_BLOCKED_BY_FUNNEL,ENTRY_OR_SOURCE_BLOCKED_BY_FUNNEL,,SOURCE_BLOCKED_SECTOR_UNAVAILABLE,SOURCE_BLOCKED_NO_LIQUIDITY_FIELD,390,7277.6941,0.25,0.5,INELIGIBLE_UNKNOWN,STRATEGY_FILTER_NOT_MET NO_ENTRY,0,0,,,2026-05-27T17:19:06.374269Z:MSFT,0,REJECTED: ENTRY_OR_SOURCE_BLOCKED_BY_FUNNEL; source=ENTRY_OR_SOURCE_BLOCKED_BY_FUNNEL; rank_score=0.563636; liquidity_score=0.000000; diversification_score=0.666667; cooldown_score=1.000000; existing_position_penalty=0.333333; sector_cap_status=SOURCE_BLOCKED_SECTOR_UNAVAILABLE; matching_policy=EXACT_CANDIDATE_ID_ONLY_NO_SYMBOL_DATE_PRICE_TIME_FALLBACK
T601-3,decision-31f72d11daf14b92,decision-31f72d11daf14b92,MSFT,2026-05-27T17:20:46.948201Z,0.563636,0.0,0.666667,1.0,0.333333,0.763637,REJECTED,ENTRY_OR_SOURCE_BLOCKED_BY_FUNNEL,ENTRY_OR_SOURCE_BLOCKED_BY_FUNNEL,,SOURCE_BLOCKED_SECTOR_UNAVAILABLE,SOURCE_BLOCKED_NO_LIQUIDITY_FIELD,390,7279.346,0.25,0.5,INELIGIBLE_UNKNOWN,STRATEGY_FILTER_NOT_MET NO_ENTRY,0,0,,,2026-05-27T17:20:45.474126Z:MSFT,0,REJECTED: ENTRY_OR_SOURCE_BLOCKED_BY_FUNNEL; source=ENTRY_OR_SOURCE_BLOCKED_BY_FUNNEL; rank_score=0.563636; liquidity_score=0.000000; diversification_score=0.666667; cooldown_score=1.000000; existing_position_penalty=0.333333; sector_cap_status=SOURCE_BLOCKED_SECTOR_UNAVAILABLE; matching_policy=EXACT_CANDIDATE_ID_ONLY_NO_SYMBOL_DATE_PRICE_TIME_FALLBACK
T601-3,decision-1513957bc5f54319,decision-1513957bc5f54319,MSFT,2026-05-27T17:24:16.940217Z,0.563636,0.0,0.666667,1.0,0.333333,0.763637,REJECTED,ENTRY_OR_SOURCE_BLOCKED_BY_FUNNEL,ENTRY_OR_SOURCE_BLOCKED_BY_FUNNEL,,SOURCE_BLOCKED_SECTOR_UNAVAILABLE,SOURCE_BLOCKED_NO_LIQUIDITY_FIELD,390,7282.8458,0.25,0.5,INELIGIBLE_UNKNOWN,STRATEGY_FILTER_NOT_MET NO_ENTRY,0,0,,,2026-05-27T17:24:15.426802Z:MSFT,0,REJECTED: ENTRY_OR_SOURCE_BLOCKED_BY_FUNNEL; source=ENTRY_OR_SOURCE_BLOCKED_BY_FUNNEL; rank_score=0.563636; liquidity_score=0.000000; diversification_score=0.666667; cooldown_score=1.000000; existing_position_penalty=0.333333; sector_cap_status=SOURCE_BLOCKED_SECTOR_UNAVAILABLE; matching_policy=EXACT_CANDIDATE_ID_ONLY_NO_SYMBOL_DATE_PRICE_TIME_FALLBACK
T601-3,decision-e161f7e0618a4bc2,decision-e161f7e0618a4bc2,MSFT,2026-05-27T17:25:55.787815Z,0.563636,0.0,0.666667,1.0,0.333333,0.763637,REJECTED,ENTRY_OR_SOURCE_BLOCKED_BY_FUNNEL,ENTRY_OR_SOURCE_BLOCKED_BY_FUNNEL,,SOURCE_BLOCKED_SECTOR_UNAVAILABLE,SOURCE_BLOCKED_NO_LIQUIDITY_FIELD,390,7284.4933,0.25,0.5,INELIGIBLE_UNKNOWN,STRATEGY_FILTER_NOT_MET NO_ENTRY,0,0,,,2026-05-27T17:25:54.240369Z:MSFT,0,REJECTED: ENTRY_OR_SOURCE_BLOCKED_BY_FUNNEL; source=ENTRY_OR_SOURCE_BLOCKED_BY_FUNNEL; rank_score=0.563636; liquidity_score=0.000000; diversification_score=0.666667; cooldown_score=1.000000; existing_position_penalty=0.333333; sector_cap_status=SOURCE_BLOCKED_SECTOR_UNAVAILABLE; matching_policy=EXACT_CANDIDATE_ID_ONLY_NO_SYMBOL_DATE_PRICE_TIME_FALLBACK
T601-3,decision-0a0101005c6b4c00,decision-0a0101005c6b4c00,MSFT,2026-05-27T17:29:25.636600Z,0.563636,0.0,0.666667,1.0,0.333333,0.763637,REJECTED,ENTRY_OR_SOURCE_BLOCKED_BY_FUNNEL,ENTRY_OR_SOURCE_BLOCKED_BY_FUNNEL,,SOURCE_BLOCKED_SECTOR_UNAVAILABLE,SOURCE_BLOCKED_NO_LIQUIDITY_FIELD,390,7287.9908,0.25,0.5,INELIGIBLE_UNKNOWN,STRATEGY_FILTER_NOT_MET NO_ENTRY,0,0,,,2026-05-27T17:29:24.106369Z:MSFT,0,REJECTED: ENTRY_OR_SOURCE_BLOCKED_BY_FUNNEL; source=ENTRY_OR_SOURCE_BLOCKED_BY_FUNNEL; rank_score=0.563636; liquidity_score=0.000000; diversification_score=0.666667; cooldown_score=1.000000; existing_position_penalty=0.333333; sector_cap_status=SOURCE_BLOCKED_SECTOR_UNAVAILABLE; matching_policy=EXACT_CANDIDATE_ID_ONLY_NO_SYMBOL_DATE_PRICE_TIME_FALLBACK
T601-3,decision-7967708228074000,decision-7967708228074000,MSFT,2026-05-27T17:31:05.774275Z,0.563636,0.0,0.666667,1.0,0.333333,0.763637,REJECTED,ENTRY_OR_SOURCE_BLOCKED_BY_FUNNEL,ENTRY_OR_SOURCE_BLOCKED_BY_FUNNEL,,SOURCE_BLOCKED_SECTOR_UNAVAILABLE,SOURCE_BLOCKED_NO_LIQUIDITY_FIELD,390,7289.6597,0.25,0.5,INELIGIBLE_UNKNOWN,STRATEGY_FILTER_NOT_MET NO_ENTRY,0,0,,,2026-05-27T17:31:04.294381Z:MSFT,0,REJECTED: ENTRY_OR_SOURCE_BLOCKED_BY_FUNNEL; source=ENTRY_OR_SOURCE_BLOCKED_BY_FUNNEL; rank_score=0.563636; liquidity_score=0.000000; diversification_score=0.666667; cooldown_score=1.000000; existing_position_penalty=0.333333; sector_cap_status=SOURCE_BLOCKED_SECTOR_UNAVAILABLE; matching_policy=EXACT_CANDIDATE_ID_ONLY_NO_SYMBOL_DATE_PRICE_TIME_FALLBACK
T601-3,decision-ba27adcca8904686,decision-ba27adcca8904686,MSFT,2026-05-27T17:34:34.464594Z,0.563636,0.0,0.666667,1.0,0.333333,0.763637,REJECTED,ENTRY_OR_SOURCE_BLOCKED_BY_FUNNEL,ENTRY_OR_SOURCE_BLOCKED_BY_FUNNEL,,SOURCE_BLOCKED_SECTOR_UNAVAILABLE,SOURCE_BLOCKED_NO_LIQUIDITY_FIELD,390,7293.1379,0.25,0.5,INELIGIBLE_UNKNOWN,STRATEGY_FILTER_NOT_MET NO_ENTRY,0,0,,,2026-05-27T17:34:33.057837Z:MSFT,0,REJECTED: ENTRY_OR_SOURCE_BLOCKED_BY_FUNNEL; source=ENTRY_OR_SOURCE_BLOCKED_BY_FUNNEL; rank_score=0.563636; liquidity_score=0.000000; diversification_score=0.666667; cooldown_score=1.000000; existing_position_penalty=0.333333; sector_cap_status=SOURCE_BLOCKED_SECTOR_UNAVAILABLE; matching_policy=EXACT_CANDIDATE_ID_ONLY_NO_SYMBOL_DATE_PRICE_TIME_FALLBACK
T601-3,decision-3346bdd08dcf4e1d,decision-3346bdd08dcf4e1d,MSFT,2026-05-27T17:36:14.992451Z,0.563636,0.0,0.666667,1.0,0.333333,0.763637,REJECTED,ENTRY_OR_SOURCE_BLOCKED_BY_FUNNEL,ENTRY_OR_SOURCE_BLOCKED_BY_FUNNEL,,SOURCE_BLOCKED_SECTOR_UNAVAILABLE,SOURCE_BLOCKED_NO_LIQUIDITY_FIELD,390,7294.8134,0.25,0.5,INELIGIBLE_UNKNOWN,STRATEGY_FILTER_NOT_MET NO_ENTRY,0,0,,,2026-05-27T17:36:13.503256Z:MSFT,0,REJECTED: ENTRY_OR_SOURCE_BLOCKED_BY_FUNNEL; source=ENTRY_OR_SOURCE_BLOCKED_BY_FUNNEL; rank_score=0.563636; liquidity_score=0.000000; diversification_score=0.666667; cooldown_score=1.000000; existing_position_penalty=0.333333; sector_cap_status=SOURCE_BLOCKED_SECTOR_UNAVAILABLE; matching_policy=EXACT_CANDIDATE_ID_ONLY_NO_SYMBOL_DATE_PRICE_TIME_FALLBACK
T601-3,decision-7ee994061589498f,decision-7ee994061589498f,MSFT,2026-05-27T17:39:44.244927Z,0.563636,0.0,0.666667,1.0,0.333333,0.763637,REJECTED,ENTRY_OR_SOURCE_BLOCKED_BY_FUNNEL,ENTRY_OR_SOURCE_BLOCKED_BY_FUNNEL,,SOURCE_BLOCKED_SECTOR_UNAVAILABLE,SOURCE_BLOCKED_NO_LIQUIDITY_FIELD,390,7298.3009,0.25,0.5,INELIGIBLE_UNKNOWN,STRATEGY_FILTER_NOT_MET NO_ENTRY,0,0,,,2026-05-27T17:39:42.658918Z:MSFT,0,REJECTED: ENTRY_OR_SOURCE_BLOCKED_BY_FUNNEL; source=ENTRY_OR_SOURCE_BLOCKED_BY_FUNNEL; rank_score=0.563636; liquidity_score=0.000000; diversification_score=0.666667; cooldown_score=1.000000; existing_position_penalty=0.333333; sector_cap_status=SOURCE_BLOCKED_SECTOR_UNAVAILABLE; matching_policy=EXACT_CANDIDATE_ID_ONLY_NO_SYMBOL_DATE_PRICE_TIME_FALLBACK
T601-3,decision-74734d1459b04d41,decision-74734d1459b04d41,MSFT,2026-05-27T17:41:23.824073Z,0.563636,0.0,0.666667,1.0,0.333333,0.763637,REJECTED,ENTRY_OR_SOURCE_BLOCKED_BY_FUNNEL,ENTRY_OR_SOURCE_BLOCKED_BY_FUNNEL,,SOURCE_BLOCKED_SECTOR_UNAVAILABLE,SOURCE_BLOCKED_NO_LIQUIDITY_FIELD,390,7299.9606,0.25,0.5,INELIGIBLE_UNKNOWN,STRATEGY_FILTER_NOT_MET NO_ENTRY,0,0,,,2026-05-27T17:41:22.362292Z:MSFT,0,REJECTED: ENTRY_OR_SOURCE_BLOCKED_BY_FUNNEL; source=ENTRY_OR_SOURCE_BLOCKED_BY_FUNNEL; rank_score=0.563636; liquidity_score=0.000000; diversification_score=0.666667; cooldown_score=1.000000; existing_position_penalty=0.333333; sector_cap_status=SOURCE_BLOCKED_SECTOR_UNAVAILABLE; matching_policy=EXACT_CANDIDATE_ID_ONLY_NO_SYMBOL_DATE_PRICE_TIME_FALLBACK
T601-3,decision-981cd5ea1ef1468e,decision-981cd5ea1ef1468e,MSFT,2026-05-27T17:44:53.102429Z,0.563636,0.0,0.666667,1.0,0.333333,0.763637,REJECTED,ENTRY_OR_SOURCE_BLOCKED_BY_FUNNEL,ENTRY_OR_SOURCE_BLOCKED_BY_FUNNEL,,SOURCE_BLOCKED_SECTOR_UNAVAILABLE,SOURCE_BLOCKED_NO_LIQUIDITY_FIELD,390,7303.4486,0.25,0.5,INELIGIBLE_UNKNOWN,STRATEGY_FILTER_NOT_MET NO_ENTRY,0,0,,,2026-05-27T17:44:51.494051Z:MSFT,0,REJECTED: ENTRY_OR_SOURCE_BLOCKED_BY_FUNNEL; source=ENTRY_OR_SOURCE_BLOCKED_BY_FUNNEL; rank_score=0.563636; liquidity_score=0.000000; diversification_score=0.666667; cooldown_score=1.000000; existing_position_penalty=0.333333; sector_cap_status=SOURCE_BLOCKED_SECTOR_UNAVAILABLE; matching_policy=EXACT_CANDIDATE_ID_ONLY_NO_SYMBOL_DATE_PRICE_TIME_FALLBACK
T601-3,decision-ae004c8b14ff48a5,decision-ae004c8b14ff48a5,MSFT,2026-05-27T17:46:33.013999Z,0.563636,0.0,0.666667,1.0,0.333333,0.763637,REJECTED,ENTRY_OR_SOURCE_BLOCKED_BY_FUNNEL,ENTRY_OR_SOURCE_BLOCKED_BY_FUNNEL,,SOURCE_BLOCKED_SECTOR_UNAVAILABLE,SOURCE_BLOCKED_NO_LIQUIDITY_FIELD,390,7305.1137,0.25,0.5,INELIGIBLE_UNKNOWN,STRATEGY_FILTER_NOT_MET NO_ENTRY,0,0,,,2026-05-27T17:46:31.532071Z:MSFT,0,REJECTED: ENTRY_OR_SOURCE_BLOCKED_BY_FUNNEL; source=ENTRY_OR_SOURCE_BLOCKED_BY_FUNNEL; rank_score=0.563636; liquidity_score=0.000000; diversification_score=0.666667; cooldown_score=1.000000; existing_position_penalty=0.333333; sector_cap_status=SOURCE_BLOCKED_SECTOR_UNAVAILABLE; matching_policy=EXACT_CANDIDATE_ID_ONLY_NO_SYMBOL_DATE_PRICE_TIME_FALLBACK
T601-3,decision-844aa4d3a1ba4c75,decision-844aa4d3a1ba4c75,MSFT,2026-05-27T17:50:02.061020Z,0.563636,0.0,0.666667,1.0,0.333333,0.763637,REJECTED,ENTRY_OR_SOURCE_BLOCKED_BY_FUNNEL,ENTRY_OR_SOURCE_BLOCKED_BY_FUNNEL,,SOURCE_BLOCKED_SECTOR_UNAVAILABLE,SOURCE_BLOCKED_NO_LIQUIDITY_FIELD,390,7308.5979,0.25,0.5,INELIGIBLE_UNKNOWN,STRATEGY_FILTER_NOT_MET NO_ENTRY,0,0,,,2026-05-27T17:50:00.551062Z:MSFT,0,REJECTED: ENTRY_OR_SOURCE_BLOCKED_BY_FUNNEL; source=ENTRY_OR_SOURCE_BLOCKED_BY_FUNNEL; rank_score=0.563636; liquidity_score=0.000000; diversification_score=0.666667; cooldown_score=1.000000; existing_position_penalty=0.333333; sector_cap_status=SOURCE_BLOCKED_SECTOR_UNAVAILABLE; matching_policy=EXACT_CANDIDATE_ID_ONLY_NO_SYMBOL_DATE_PRICE_TIME_FALLBACK
T601-3,decision-fc0a94ec73b64891,decision-fc0a94ec73b64891,MSFT,2026-05-27T17:51:41.665085Z,0.563636,0.0,0.666667,1.0,0.333333,0.763637,REJECTED,ENTRY_OR_SOURCE_BLOCKED_BY_FUNNEL,ENTRY_OR_SOURCE_BLOCKED_BY_FUNNEL,,SOURCE_BLOCKED_SECTOR_UNAVAILABLE,SOURCE_BLOCKED_NO_LIQUIDITY_FIELD,390,7310.2579,0.25,0.5,INELIGIBLE_UNKNOWN,STRATEGY_FILTER_NOT_MET NO_ENTRY,0,0,,,2026-05-27T17:51:40.247326Z:MSFT,0,REJECTED: ENTRY_OR_SOURCE_BLOCKED_BY_FUNNEL; source=ENTRY_OR_SOURCE_BLOCKED_BY_FUNNEL; rank_score=0.563636; liquidity_score=0.000000; diversification_score=0.666667; cooldown_score=1.000000; existing_position_penalty=0.333333; sector_cap_status=SOURCE_BLOCKED_SECTOR_UNAVAILABLE; matching_policy=EXACT_CANDIDATE_ID_ONLY_NO_SYMBOL_DATE_PRICE_TIME_FALLBACK
T601-3,decision-610198d3490b4bf7,decision-610198d3490b4bf7,MSFT,2026-05-27T17:55:10.594444Z,0.563636,0.0,0.666667,1.0,0.333333,0.763637,REJECTED,ENTRY_OR_SOURCE_BLOCKED_BY_FUNNEL,ENTRY_OR_SOURCE_BLOCKED_BY_FUNNEL,,SOURCE_BLOCKED_SECTOR_UNAVAILABLE,SOURCE_BLOCKED_NO_LIQUIDITY_FIELD,390,7313.7401,0.25,0.5,INELIGIBLE_UNKNOWN,STRATEGY_FILTER_NOT_MET NO_ENTRY,0,0,,,2026-05-27T17:55:09.150956Z:MSFT,0,REJECTED: ENTRY_OR_SOURCE_BLOCKED_BY_FUNNEL; source=ENTRY_OR_SOURCE_BLOCKED_BY_FUNNEL; rank_score=0.563636; liquidity_score=0.000000; diversification_score=0.666667; cooldown_score=1.000000; existing_position_penalty=0.333333; sector_cap_status=SOURCE_BLOCKED_SECTOR_UNAVAILABLE; matching_policy=EXACT_CANDIDATE_ID_ONLY_NO_SYMBOL_DATE_PRICE_TIME_FALLBACK
T601-3,decision-9cd39043f189424e,decision-9cd39043f189424e,MSFT,2026-05-27T17:56:51.592089Z,0.563636,0.0,0.666667,1.0,0.333333,0.763637,REJECTED,ENTRY_OR_SOURCE_BLOCKED_BY_FUNNEL,ENTRY_OR_SOURCE_BLOCKED_BY_FUNNEL,,SOURCE_BLOCKED_SECTOR_UNAVAILABLE,SOURCE_BLOCKED_NO_LIQUIDITY_FIELD,390,7315.4234,0.25,0.5,INELIGIBLE_UNKNOWN,STRATEGY_FILTER_NOT_MET NO_ENTRY,0,0,,,2026-05-27T17:56:50.183023Z:MSFT,0,REJECTED: ENTRY_OR_SOURCE_BLOCKED_BY_FUNNEL; source=ENTRY_OR_SOURCE_BLOCKED_BY_FUNNEL; rank_score=0.563636; liquidity_score=0.000000; diversification_score=0.666667; cooldown_score=1.000000; existing_position_penalty=0.333333; sector_cap_status=SOURCE_BLOCKED_SECTOR_UNAVAILABLE; matching_policy=EXACT_CANDIDATE_ID_ONLY_NO_SYMBOL_DATE_PRICE_TIME_FALLBACK
T601-3,decision-d81981a3fc0e4893,decision-d81981a3fc0e4893,MSFT,2026-05-27T18:00:19.964629Z,0.563636,0.0,0.666667,1.0,0.333333,0.763637,REJECTED,ENTRY_OR_SOURCE_BLOCKED_BY_FUNNEL,ENTRY_OR_SOURCE_BLOCKED_BY_FUNNEL,,SOURCE_BLOCKED_SECTOR_UNAVAILABLE,SOURCE_BLOCKED_NO_LIQUIDITY_FIELD,390,7318.8963,0.25,0.5,INELIGIBLE_UNKNOWN,STRATEGY_FILTER_NOT_MET NO_ENTRY,0,0,,,2026-05-27T18:00:18.352052Z:MSFT,0,REJECTED: ENTRY_OR_SOURCE_BLOCKED_BY_FUNNEL; source=ENTRY_OR_SOURCE_BLOCKED_BY_FUNNEL; rank_score=0.563636; liquidity_score=0.000000; diversification_score=0.666667; cooldown_score=1.000000; existing_position_penalty=0.333333; sector_cap_status=SOURCE_BLOCKED_SECTOR_UNAVAILABLE; matching_policy=EXACT_CANDIDATE_ID_ONLY_NO_SYMBOL_DATE_PRICE_TIME_FALLBACK
T601-3,decision-d897eac5fea84c1e,decision-d897eac5fea84c1e,MSFT,2026-05-27T18:02:00.533725Z,0.563636,0.0,0.666667,1.0,0.333333,0.763637,REJECTED,ENTRY_OR_SOURCE_BLOCKED_BY_FUNNEL,ENTRY_OR_SOURCE_BLOCKED_BY_FUNNEL,,SOURCE_BLOCKED_SECTOR_UNAVAILABLE,SOURCE_BLOCKED_NO_LIQUIDITY_FIELD,390,7320.5724,0.25,0.5,INELIGIBLE_UNKNOWN,STRATEGY_FILTER_NOT_MET NO_ENTRY,0,0,,,2026-05-27T18:01:58.992121Z:MSFT,0,REJECTED: ENTRY_OR_SOURCE_BLOCKED_BY_FUNNEL; source=ENTRY_OR_SOURCE_BLOCKED_BY_FUNNEL; rank_score=0.563636; liquidity_score=0.000000; diversification_score=0.666667; cooldown_score=1.000000; existing_position_penalty=0.333333; sector_cap_status=SOURCE_BLOCKED_SECTOR_UNAVAILABLE; matching_policy=EXACT_CANDIDATE_ID_ONLY_NO_SYMBOL_DATE_PRICE_TIME_FALLBACK
T601-3,decision-868761ac75594b2a,decision-868761ac75594b2a,MSFT,2026-05-27T18:05:30.946206Z,0.563636,0.0,0.666667,1.0,0.333333,0.763637,REJECTED,ENTRY_OR_SOURCE_BLOCKED_BY_FUNNEL,ENTRY_OR_SOURCE_BLOCKED_BY_FUNNEL,,SOURCE_BLOCKED_SECTOR_UNAVAILABLE,SOURCE_BLOCKED_NO_LIQUIDITY_FIELD,390,7324.0793,0.25,0.5,INELIGIBLE_UNKNOWN,STRATEGY_FILTER_NOT_MET NO_ENTRY,0,0,,,2026-05-27T18:05:29.415536Z:MSFT,0,REJECTED: ENTRY_OR_SOURCE_BLOCKED_BY_FUNNEL; source=ENTRY_OR_SOURCE_BLOCKED_BY_FUNNEL; rank_score=0.563636; liquidity_score=0.000000; diversification_score=0.666667; cooldown_score=1.000000; existing_position_penalty=0.333333; sector_cap_status=SOURCE_BLOCKED_SECTOR_UNAVAILABLE; matching_policy=EXACT_CANDIDATE_ID_ONLY_NO_SYMBOL_DATE_PRICE_TIME_FALLBACK
T601-3,decision-272300595ef34432,decision-272300595ef34432,MSFT,2026-05-27T18:07:09.822205Z,0.563636,0.0,0.666667,1.0,0.333333,0.763637,REJECTED,ENTRY_OR_SOURCE_BLOCKED_BY_FUNNEL,ENTRY_OR_SOURCE_BLOCKED_BY_FUNNEL,,SOURCE_BLOCKED_SECTOR_UNAVAILABLE,SOURCE_BLOCKED_NO_LIQUIDITY_FIELD,390,7325.7272,0.25,0.5,INELIGIBLE_UNKNOWN,STRATEGY_FILTER_NOT_MET NO_ENTRY,0,0,,,2026-05-27T18:07:08.363590Z:MSFT,0,REJECTED: ENTRY_OR_SOURCE_BLOCKED_BY_FUNNEL; source=ENTRY_OR_SOURCE_BLOCKED_BY_FUNNEL; rank_score=0.563636; liquidity_score=0.000000; diversification_score=0.666667; cooldown_score=1.000000; existing_position_penalty=0.333333; sector_cap_status=SOURCE_BLOCKED_SECTOR_UNAVAILABLE; matching_policy=EXACT_CANDIDATE_ID_ONLY_NO_SYMBOL_DATE_PRICE_TIME_FALLBACK
T601-3,decision-3ec0f5ca786a452c,decision-3ec0f5ca786a452c,MSFT,2026-05-27T18:10:39.494673Z,0.563636,0.0,0.666667,1.0,0.333333,0.763637,REJECTED,ENTRY_OR_SOURCE_BLOCKED_BY_FUNNEL,ENTRY_OR_SOURCE_BLOCKED_BY_FUNNEL,,SOURCE_BLOCKED_SECTOR_UNAVAILABLE,SOURCE_BLOCKED_NO_LIQUIDITY_FIELD,390,7329.2218,0.25,0.5,INELIGIBLE_UNKNOWN,STRATEGY_FILTER_NOT_MET NO_ENTRY,0,0,,,2026-05-27T18:10:38.039381Z:MSFT,0,REJECTED: ENTRY_OR_SOURCE_BLOCKED_BY_FUNNEL; source=ENTRY_OR_SOURCE_BLOCKED_BY_FUNNEL; rank_score=0.563636; liquidity_score=0.000000; diversification_score=0.666667; cooldown_score=1.000000; existing_position_penalty=0.333333; sector_cap_status=SOURCE_BLOCKED_SECTOR_UNAVAILABLE; matching_policy=EXACT_CANDIDATE_ID_ONLY_NO_SYMBOL_DATE_PRICE_TIME_FALLBACK
T601-3,decision-e73a1b1e48a34e20,decision-e73a1b1e48a34e20,AMD,2026-05-27T18:12:19.027218Z,0.522727,0.0,0.0,1.0,1.0,0.422727,REJECTED,SAME_SYMBOL_CAP_0.25,ELIGIBLE_FROM_FUNNEL,,SOURCE_BLOCKED_SECTOR_UNAVAILABLE,SOURCE_BLOCKED_NO_LIQUIDITY_FIELD,390,8650.4701,0.25,0.5,ELIGIBLE,,0,0,,,2026-05-27T18:12:17.554897Z:AMD,0,REJECTED: SAME_SYMBOL_CAP_0.25; source=ELIGIBLE_FROM_FUNNEL; rank_score=0.522727; liquidity_score=0.000000; diversification_score=0.000000; cooldown_score=1.000000; existing_position_penalty=1.000000; sector_cap_status=SOURCE_BLOCKED_SECTOR_UNAVAILABLE; matching_policy=EXACT_CANDIDATE_ID_ONLY_NO_SYMBOL_DATE_PRICE_TIME_FALLBACK
T601-3,decision-11fd27d426e446ca,decision-11fd27d426e446ca,AMD,2026-05-27T18:15:48.740213Z,0.522727,0.0,0.0,1.0,1.0,0.422727,REJECTED,SAME_SYMBOL_CAP_0.25,ELIGIBLE_FROM_FUNNEL,,SOURCE_BLOCKED_SECTOR_UNAVAILABLE,SOURCE_BLOCKED_NO_LIQUIDITY_FIELD,390,8653.9653,0.25,0.5,ELIGIBLE,,0,0,,,2026-05-27T18:15:47.191052Z:AMD,0,REJECTED: SAME_SYMBOL_CAP_0.25; source=ELIGIBLE_FROM_FUNNEL; rank_score=0.522727; liquidity_score=0.000000; diversification_score=0.000000; cooldown_score=1.000000; existing_position_penalty=1.000000; sector_cap_status=SOURCE_BLOCKED_SECTOR_UNAVAILABLE; matching_policy=EXACT_CANDIDATE_ID_ONLY_NO_SYMBOL_DATE_PRICE_TIME_FALLBACK
T601-3,decision-56ede4698c694e75,decision-56ede4698c694e75,AMD,2026-05-27T18:17:27.851885Z,0.522727,0.0,0.0,1.0,1.0,0.422727,REJECTED,SAME_SYMBOL_CAP_0.25,ELIGIBLE_FROM_FUNNEL,,SOURCE_BLOCKED_SECTOR_UNAVAILABLE,SOURCE_BLOCKED_NO_LIQUIDITY_FIELD,390,8655.6172,0.25,0.5,ELIGIBLE,,0,0,,,2026-05-27T18:17:26.333804Z:AMD,0,REJECTED: SAME_SYMBOL_CAP_0.25; source=ELIGIBLE_FROM_FUNNEL; rank_score=0.522727; liquidity_score=0.000000; diversification_score=0.000000; cooldown_score=1.000000; existing_position_penalty=1.000000; sector_cap_status=SOURCE_BLOCKED_SECTOR_UNAVAILABLE; matching_policy=EXACT_CANDIDATE_ID_ONLY_NO_SYMBOL_DATE_PRICE_TIME_FALLBACK
T601-3,decision-c7afb340fa2048bc,decision-c7afb340fa2048bc,AMD,2026-05-27T18:20:57.891335Z,0.522727,0.0,0.0,1.0,1.0,0.422727,REJECTED,SAME_SYMBOL_CAP_0.25,ELIGIBLE_FROM_FUNNEL,,SOURCE_BLOCKED_SECTOR_UNAVAILABLE,SOURCE_BLOCKED_NO_LIQUIDITY_FIELD,390,8659.1178,0.25,0.5,ELIGIBLE,,0,0,,,2026-05-27T18:20:56.405279Z:AMD,0,REJECTED: SAME_SYMBOL_CAP_0.25; source=ELIGIBLE_FROM_FUNNEL; rank_score=0.522727; liquidity_score=0.000000; diversification_score=0.000000; cooldown_score=1.000000; existing_position_penalty=1.000000; sector_cap_status=SOURCE_BLOCKED_SECTOR_UNAVAILABLE; matching_policy=EXACT_CANDIDATE_ID_ONLY_NO_SYMBOL_DATE_PRICE_TIME_FALLBACK
T601-3,decision-e323277d0d214ec6,decision-e323277d0d214ec6,AMD,2026-05-27T18:22:37.439322Z,0.522727,0.0,0.0,1.0,1.0,0.422727,REJECTED,SAME_SYMBOL_CAP_0.25,ELIGIBLE_FROM_FUNNEL,,SOURCE_BLOCKED_SECTOR_UNAVAILABLE,SOURCE_BLOCKED_NO_LIQUIDITY_FIELD,390,8660.777,0.25,0.5,ELIGIBLE,,0,0,,,2026-05-27T18:22:35.879488Z:AMD,0,REJECTED: SAME_SYMBOL_CAP_0.25; source=ELIGIBLE_FROM_FUNNEL; rank_score=0.522727; liquidity_score=0.000000; diversification_score=0.000000; cooldown_score=1.000000; existing_position_penalty=1.000000; sector_cap_status=SOURCE_BLOCKED_SECTOR_UNAVAILABLE; matching_policy=EXACT_CANDIDATE_ID_ONLY_NO_SYMBOL_DATE_PRICE_TIME_FALLBACK
T601-3,decision-5572ffc2a3dc476e,decision-5572ffc2a3dc476e,AMD,2026-05-27T18:26:07.106412Z,0.522727,0.0,0.0,1.0,1.0,0.422727,REJECTED,SAME_SYMBOL_CAP_0.25,ELIGIBLE_FROM_FUNNEL,,SOURCE_BLOCKED_SECTOR_UNAVAILABLE,SOURCE_BLOCKED_NO_LIQUIDITY_FIELD,390,8664.2714,0.25,0.5,ELIGIBLE,,0,0,,,2026-05-27T18:26:05.645477Z:AMD,0,REJECTED: SAME_SYMBOL_CAP_0.25; source=ELIGIBLE_FROM_FUNNEL; rank_score=0.522727; liquidity_score=0.000000; diversification_score=0.000000; cooldown_score=1.000000; existing_position_penalty=1.000000; sector_cap_status=SOURCE_BLOCKED_SECTOR_UNAVAILABLE; matching_policy=EXACT_CANDIDATE_ID_ONLY_NO_SYMBOL_DATE_PRICE_TIME_FALLBACK
T601-3,decision-825b7836b9b34176,decision-825b7836b9b34176,AMD,2026-05-27T18:27:46.769116Z,0.522727,0.0,0.0,1.0,1.0,0.422727,REJECTED,SAME_SYMBOL_CAP_0.25,ELIGIBLE_FROM_FUNNEL,,SOURCE_BLOCKED_SECTOR_UNAVAILABLE,SOURCE_BLOCKED_NO_LIQUIDITY_FIELD,390,8665.9325,0.25,0.5,ELIGIBLE,,0,0,,,2026-05-27T18:27:45.277077Z:AMD,0,REJECTED: SAME_SYMBOL_CAP_0.25; source=ELIGIBLE_FROM_FUNNEL; rank_score=0.522727; liquidity_score=0.000000; diversification_score=0.000000; cooldown_score=1.000000; existing_position_penalty=1.000000; sector_cap_status=SOURCE_BLOCKED_SECTOR_UNAVAILABLE; matching_policy=EXACT_CANDIDATE_ID_ONLY_NO_SYMBOL_DATE_PRICE_TIME_FALLBACK
T601-3,decision-7818e32d1b3c4799,decision-7818e32d1b3c4799,AMD,2026-05-27T18:31:15.870272Z,0.522727,0.0,0.0,1.0,1.0,0.422727,REJECTED,SAME_SYMBOL_CAP_0.25,ELIGIBLE_FROM_FUNNEL,,SOURCE_BLOCKED_SECTOR_UNAVAILABLE,SOURCE_BLOCKED_NO_LIQUIDITY_FIELD,390,8669.4175,0.25,0.5,ELIGIBLE,,0,0,,,2026-05-27T18:31:14.401697Z:AMD,0,REJECTED: SAME_SYMBOL_CAP_0.25; source=ELIGIBLE_FROM_FUNNEL; rank_score=0.522727; liquidity_score=0.000000; diversification_score=0.000000; cooldown_score=1.000000; existing_position_penalty=1.000000; sector_cap_status=SOURCE_BLOCKED_SECTOR_UNAVAILABLE; matching_policy=EXACT_CANDIDATE_ID_ONLY_NO_SYMBOL_DATE_PRICE_TIME_FALLBACK
T601-3,decision-6d8fc2ed16b04823,decision-6d8fc2ed16b04823,AMD,2026-05-27T18:32:55.927779Z,0.522727,0.0,0.0,1.0,1.0,0.422727,REJECTED,SAME_SYMBOL_CAP_0.25,ELIGIBLE_FROM_FUNNEL,,SOURCE_BLOCKED_SECTOR_UNAVAILABLE,SOURCE_BLOCKED_NO_LIQUIDITY_FIELD,390,8671.0851,0.25,0.5,ELIGIBLE,,0,0,,,2026-05-27T18:32:54.470868Z:AMD,0,REJECTED: SAME_SYMBOL_CAP_0.25; source=ELIGIBLE_FROM_FUNNEL; rank_score=0.522727; liquidity_score=0.000000; diversification_score=0.000000; cooldown_score=1.000000; existing_position_penalty=1.000000; sector_cap_status=SOURCE_BLOCKED_SECTOR_UNAVAILABLE; matching_policy=EXACT_CANDIDATE_ID_ONLY_NO_SYMBOL_DATE_PRICE_TIME_FALLBACK
T601-3,decision-2fe7a8f9979c4748,decision-2fe7a8f9979c4748,AMD,2026-05-27T18:36:25.072167Z,0.522727,0.0,0.0,1.0,1.0,0.422727,REJECTED,SAME_SYMBOL_CAP_0.25,ELIGIBLE_FROM_FUNNEL,,SOURCE_BLOCKED_SECTOR_UNAVAILABLE,SOURCE_BLOCKED_NO_LIQUIDITY_FIELD,390,8674.5709,0.25,0.5,ELIGIBLE,,0,0,,,2026-05-27T18:36:23.615185Z:AMD,0,REJECTED: SAME_SYMBOL_CAP_0.25; source=ELIGIBLE_FROM_FUNNEL; rank_score=0.522727; liquidity_score=0.000000; diversification_score=0.000000; cooldown_score=1.000000; existing_position_penalty=1.000000; sector_cap_status=SOURCE_BLOCKED_SECTOR_UNAVAILABLE; matching_policy=EXACT_CANDIDATE_ID_ONLY_NO_SYMBOL_DATE_PRICE_TIME_FALLBACK
T601-3,decision-231800328845475b,decision-231800328845475b,AMD,2026-05-27T18:38:04.785403Z,0.522727,0.0,0.0,1.0,1.0,0.422727,REJECTED,SAME_SYMBOL_CAP_0.25,ELIGIBLE_FROM_FUNNEL,,SOURCE_BLOCKED_SECTOR_UNAVAILABLE,SOURCE_BLOCKED_NO_LIQUIDITY_FIELD,390,8676.2327,0.25,0.5,ELIGIBLE,,0,0,,,2026-05-27T18:38:03.284405Z:AMD,0,REJECTED: SAME_SYMBOL_CAP_0.25; source=ELIGIBLE_FROM_FUNNEL; rank_score=0.522727; liquidity_score=0.000000; diversification_score=0.000000; cooldown_score=1.000000; existing_position_penalty=1.000000; sector_cap_status=SOURCE_BLOCKED_SECTOR_UNAVAILABLE; matching_policy=EXACT_CANDIDATE_ID_ONLY_NO_SYMBOL_DATE_PRICE_TIME_FALLBACK
T601-3,decision-a4eb9b6aed854ef7,decision-a4eb9b6aed854ef7,AMD,2026-05-27T18:41:33.486907Z,0.522727,0.0,0.0,1.0,1.0,0.422727,REJECTED,SAME_SYMBOL_CAP_0.25,ELIGIBLE_FROM_FUNNEL,,SOURCE_BLOCKED_SECTOR_UNAVAILABLE,SOURCE_BLOCKED_NO_LIQUIDITY_FIELD,390,8679.7111,0.25,0.5,ELIGIBLE,,0,0,,,2026-05-27T18:41:32.014000Z:AMD,0,REJECTED: SAME_SYMBOL_CAP_0.25; source=ELIGIBLE_FROM_FUNNEL; rank_score=0.522727; liquidity_score=0.000000; diversification_score=0.000000; cooldown_score=1.000000; existing_position_penalty=1.000000; sector_cap_status=SOURCE_BLOCKED_SECTOR_UNAVAILABLE; matching_policy=EXACT_CANDIDATE_ID_ONLY_NO_SYMBOL_DATE_PRICE_TIME_FALLBACK
T601-3,decision-fd2d46d7c134403a,decision-fd2d46d7c134403a,AMD,2026-05-27T18:43:13.715488Z,0.522727,0.0,0.0,1.0,1.0,0.422727,REJECTED,SAME_SYMBOL_CAP_0.25,ELIGIBLE_FROM_FUNNEL,,SOURCE_BLOCKED_SECTOR_UNAVAILABLE,SOURCE_BLOCKED_NO_LIQUIDITY_FIELD,390,8681.3816,0.25,0.5,ELIGIBLE,,0,0,,,2026-05-27T18:43:12.147417Z:AMD,0,REJECTED: SAME_SYMBOL_CAP_0.25; source=ELIGIBLE_FROM_FUNNEL; rank_score=0.522727; liquidity_score=0.000000; diversification_score=0.000000; cooldown_score=1.000000; existing_position_penalty=1.000000; sector_cap_status=SOURCE_BLOCKED_SECTOR_UNAVAILABLE; matching_policy=EXACT_CANDIDATE_ID_ONLY_NO_SYMBOL_DATE_PRICE_TIME_FALLBACK
T601-3,decision-c66edc46bffa4978,decision-c66edc46bffa4978,AMD,2026-05-27T18:46:42.201261Z,0.522727,0.0,0.0,1.0,1.0,0.422727,REJECTED,SAME_SYMBOL_CAP_0.25,ELIGIBLE_FROM_FUNNEL,,SOURCE_BLOCKED_SECTOR_UNAVAILABLE,SOURCE_BLOCKED_NO_LIQUIDITY_FIELD,390,8684.8563,0.25,0.5,ELIGIBLE,,0,0,,,2026-05-27T18:46:40.765081Z:AMD,0,REJECTED: SAME_SYMBOL_CAP_0.25; source=ELIGIBLE_FROM_FUNNEL; rank_score=0.522727; liquidity_score=0.000000; diversification_score=0.000000; cooldown_score=1.000000; existing_position_penalty=1.000000; sector_cap_status=SOURCE_BLOCKED_SECTOR_UNAVAILABLE; matching_policy=EXACT_CANDIDATE_ID_ONLY_NO_SYMBOL_DATE_PRICE_TIME_FALLBACK
T601-3,decision-0bb40d8e9c8843bf,decision-0bb40d8e9c8843bf,AMD,2026-05-27T18:48:27.816360Z,0.522727,0.0,0.0,1.0,1.0,0.422727,REJECTED,SAME_SYMBOL_CAP_0.25,ELIGIBLE_FROM_FUNNEL,,SOURCE_BLOCKED_SECTOR_UNAVAILABLE,SOURCE_BLOCKED_NO_LIQUIDITY_FIELD,390,8686.6166,0.25,0.5,ELIGIBLE,,0,0,,,2026-05-27T18:48:26.222620Z:AMD,0,REJECTED: SAME_SYMBOL_CAP_0.25; source=ELIGIBLE_FROM_FUNNEL; rank_score=0.522727; liquidity_score=0.000000; diversification_score=0.000000; cooldown_score=1.000000; existing_position_penalty=1.000000; sector_cap_status=SOURCE_BLOCKED_SECTOR_UNAVAILABLE; matching_policy=EXACT_CANDIDATE_ID_ONLY_NO_SYMBOL_DATE_PRICE_TIME_FALLBACK
T601-3,decision-4b0eec23ed91433b,decision-4b0eec23ed91433b,MSFT,2026-05-27T18:51:50.869917Z,0.563636,0.0,0.666667,1.0,0.333333,0.763637,REJECTED,ENTRY_OR_SOURCE_BLOCKED_BY_FUNNEL,ENTRY_OR_SOURCE_BLOCKED_BY_FUNNEL,,SOURCE_BLOCKED_SECTOR_UNAVAILABLE,SOURCE_BLOCKED_NO_LIQUIDITY_FIELD,390,7370.4113,0.25,0.5,INELIGIBLE_UNKNOWN,STRATEGY_FILTER_NOT_MET NO_ENTRY,0,0,,,2026-05-27T18:51:49.305770Z:MSFT,0,REJECTED: ENTRY_OR_SOURCE_BLOCKED_BY_FUNNEL; source=ENTRY_OR_SOURCE_BLOCKED_BY_FUNNEL; rank_score=0.563636; liquidity_score=0.000000; diversification_score=0.666667; cooldown_score=1.000000; existing_position_penalty=0.333333; sector_cap_status=SOURCE_BLOCKED_SECTOR_UNAVAILABLE; matching_policy=EXACT_CANDIDATE_ID_ONLY_NO_SYMBOL_DATE_PRICE_TIME_FALLBACK
T601-3,decision-55ca83452fcf4679,decision-55ca83452fcf4679,MSFT,2026-05-27T18:53:36.642662Z,0.563636,0.0,0.666667,1.0,0.333333,0.763637,REJECTED,ENTRY_OR_SOURCE_BLOCKED_BY_FUNNEL,ENTRY_OR_SOURCE_BLOCKED_BY_FUNNEL,,SOURCE_BLOCKED_SECTOR_UNAVAILABLE,SOURCE_BLOCKED_NO_LIQUIDITY_FIELD,390,7372.1742,0.25,0.5,INELIGIBLE_UNKNOWN,STRATEGY_FILTER_NOT_MET NO_ENTRY,0,0,,,2026-05-27T18:53:35.062320Z:MSFT,0,REJECTED: ENTRY_OR_SOURCE_BLOCKED_BY_FUNNEL; source=ENTRY_OR_SOURCE_BLOCKED_BY_FUNNEL; rank_score=0.563636; liquidity_score=0.000000; diversification_score=0.666667; cooldown_score=1.000000; existing_position_penalty=0.333333; sector_cap_status=SOURCE_BLOCKED_SECTOR_UNAVAILABLE; matching_policy=EXACT_CANDIDATE_ID_ONLY_NO_SYMBOL_DATE_PRICE_TIME_FALLBACK
T601-3,decision-289d9d6a96614c38,decision-289d9d6a96614c38,MSFT,2026-05-27T18:56:59.671966Z,0.563636,0.0,0.666667,1.0,0.333333,0.763637,REJECTED,ENTRY_OR_SOURCE_BLOCKED_BY_FUNNEL,ENTRY_OR_SOURCE_BLOCKED_BY_FUNNEL,,SOURCE_BLOCKED_SECTOR_UNAVAILABLE,SOURCE_BLOCKED_NO_LIQUIDITY_FIELD,390,7375.558,0.25,0.5,INELIGIBLE_UNKNOWN,STRATEGY_FILTER_NOT_MET NO_ENTRY,0,0,,,2026-05-27T18:56:58.164429Z:MSFT,0,REJECTED: ENTRY_OR_SOURCE_BLOCKED_BY_FUNNEL; source=ENTRY_OR_SOURCE_BLOCKED_BY_FUNNEL; rank_score=0.563636; liquidity_score=0.000000; diversification_score=0.666667; cooldown_score=1.000000; existing_position_penalty=0.333333; sector_cap_status=SOURCE_BLOCKED_SECTOR_UNAVAILABLE; matching_policy=EXACT_CANDIDATE_ID_ONLY_NO_SYMBOL_DATE_PRICE_TIME_FALLBACK
T601-3,decision-318d1fe40a6a44e5,decision-318d1fe40a6a44e5,MSFT,2026-05-27T18:58:46.194007Z,0.563636,0.0,0.666667,1.0,0.333333,0.763637,REJECTED,ENTRY_OR_SOURCE_BLOCKED_BY_FUNNEL,ENTRY_OR_SOURCE_BLOCKED_BY_FUNNEL,,SOURCE_BLOCKED_SECTOR_UNAVAILABLE,SOURCE_BLOCKED_NO_LIQUIDITY_FIELD,390,7377.3334,0.25,0.5,INELIGIBLE_UNKNOWN,STRATEGY_FILTER_NOT_MET NO_ENTRY,0,0,,,2026-05-27T18:58:44.545856Z:MSFT,0,REJECTED: ENTRY_OR_SOURCE_BLOCKED_BY_FUNNEL; source=ENTRY_OR_SOURCE_BLOCKED_BY_FUNNEL; rank_score=0.563636; liquidity_score=0.000000; diversification_score=0.666667; cooldown_score=1.000000; existing_position_penalty=0.333333; sector_cap_status=SOURCE_BLOCKED_SECTOR_UNAVAILABLE; matching_policy=EXACT_CANDIDATE_ID_ONLY_NO_SYMBOL_DATE_PRICE_TIME_FALLBACK
T601-3,decision-1b6f4d4b4f364404,decision-1b6f4d4b4f364404,MSFT,2026-05-27T19:02:09.518200Z,0.563636,0.0,0.666667,1.0,0.333333,0.763637,REJECTED,ENTRY_OR_SOURCE_BLOCKED_BY_FUNNEL,ENTRY_OR_SOURCE_BLOCKED_BY_FUNNEL,,SOURCE_BLOCKED_SECTOR_UNAVAILABLE,SOURCE_BLOCKED_NO_LIQUIDITY_FIELD,390,7380.7221,0.25,0.5,INELIGIBLE_UNKNOWN,STRATEGY_FILTER_NOT_MET NO_ENTRY,0,0,,,2026-05-27T19:02:08.147169Z:MSFT,0,REJECTED: ENTRY_OR_SOURCE_BLOCKED_BY_FUNNEL; source=ENTRY_OR_SOURCE_BLOCKED_BY_FUNNEL; rank_score=0.563636; liquidity_score=0.000000; diversification_score=0.666667; cooldown_score=1.000000; existing_position_penalty=0.333333; sector_cap_status=SOURCE_BLOCKED_SECTOR_UNAVAILABLE; matching_policy=EXACT_CANDIDATE_ID_ONLY_NO_SYMBOL_DATE_PRICE_TIME_FALLBACK
T601-3,decision-335293e846304eea,decision-335293e846304eea,AMZN,2026-05-27T19:03:54.604296Z,0.531818,0.0,0.0,1.0,1.0,0.431818,REJECTED,SAME_SYMBOL_CAP_0.25,ELIGIBLE_FROM_FUNNEL,,SOURCE_BLOCKED_SECTOR_UNAVAILABLE,SOURCE_BLOCKED_NO_LIQUIDITY_FIELD,390,8860.6733,0.25,0.5,ELIGIBLE,,0,0,,,2026-05-27T19:03:53.127243Z:AMZN,0,REJECTED: SAME_SYMBOL_CAP_0.25; source=ELIGIBLE_FROM_FUNNEL; rank_score=0.531818; liquidity_score=0.000000; diversification_score=0.000000; cooldown_score=1.000000; existing_position_penalty=1.000000; sector_cap_status=SOURCE_BLOCKED_SECTOR_UNAVAILABLE; matching_policy=EXACT_CANDIDATE_ID_ONLY_NO_SYMBOL_DATE_PRICE_TIME_FALLBACK
T601-3,decision-7072b8b7c2e04dde,decision-7072b8b7c2e04dde,MSFT,2026-05-27T19:07:18.293676Z,0.563636,0.0,0.666667,1.0,0.333333,0.763637,REJECTED,ENTRY_OR_SOURCE_BLOCKED_BY_FUNNEL,ENTRY_OR_SOURCE_BLOCKED_BY_FUNNEL,,SOURCE_BLOCKED_SECTOR_UNAVAILABLE,SOURCE_BLOCKED_NO_LIQUIDITY_FIELD,390,7385.8684,0.25,0.5,INELIGIBLE_UNKNOWN,STRATEGY_FILTER_NOT_MET NO_ENTRY,0,0,,,2026-05-27T19:07:16.834476Z:MSFT,0,REJECTED: ENTRY_OR_SOURCE_BLOCKED_BY_FUNNEL; source=ENTRY_OR_SOURCE_BLOCKED_BY_FUNNEL; rank_score=0.563636; liquidity_score=0.000000; diversification_score=0.666667; cooldown_score=1.000000; existing_position_penalty=0.333333; sector_cap_status=SOURCE_BLOCKED_SECTOR_UNAVAILABLE; matching_policy=EXACT_CANDIDATE_ID_ONLY_NO_SYMBOL_DATE_PRICE_TIME_FALLBACK
T601-3,decision-dd2283ce2f2045dc,decision-dd2283ce2f2045dc,MSFT,2026-05-27T19:09:03.489369Z,0.563636,0.0,0.666667,1.0,0.333333,0.763637,REJECTED,ENTRY_OR_SOURCE_BLOCKED_BY_FUNNEL,ENTRY_OR_SOURCE_BLOCKED_BY_FUNNEL,,SOURCE_BLOCKED_SECTOR_UNAVAILABLE,SOURCE_BLOCKED_NO_LIQUIDITY_FIELD,390,7387.6217,0.25,0.5,INELIGIBLE_UNKNOWN,STRATEGY_FILTER_NOT_MET NO_ENTRY,0,0,,,2026-05-27T19:09:02.002498Z:MSFT,0,REJECTED: ENTRY_OR_SOURCE_BLOCKED_BY_FUNNEL; source=ENTRY_OR_SOURCE_BLOCKED_BY_FUNNEL; rank_score=0.563636; liquidity_score=0.000000; diversification_score=0.666667; cooldown_score=1.000000; existing_position_penalty=0.333333; sector_cap_status=SOURCE_BLOCKED_SECTOR_UNAVAILABLE; matching_policy=EXACT_CANDIDATE_ID_ONLY_NO_SYMBOL_DATE_PRICE_TIME_FALLBACK
T601-3,decision-be49b2933b7a48ff,decision-be49b2933b7a48ff,MSFT,2026-05-27T19:12:27.581984Z,0.563636,0.0,0.666667,1.0,0.333333,0.763637,REJECTED,ENTRY_OR_SOURCE_BLOCKED_BY_FUNNEL,ENTRY_OR_SOURCE_BLOCKED_BY_FUNNEL,,SOURCE_BLOCKED_SECTOR_UNAVAILABLE,SOURCE_BLOCKED_NO_LIQUIDITY_FIELD,390,7391.0232,0.25,0.5,INELIGIBLE_UNKNOWN,STRATEGY_FILTER_NOT_MET NO_ENTRY,0,0,,,2026-05-27T19:12:26.030169Z:MSFT,0,REJECTED: ENTRY_OR_SOURCE_BLOCKED_BY_FUNNEL; source=ENTRY_OR_SOURCE_BLOCKED_BY_FUNNEL; rank_score=0.563636; liquidity_score=0.000000; diversification_score=0.666667; cooldown_score=1.000000; existing_position_penalty=0.333333; sector_cap_status=SOURCE_BLOCKED_SECTOR_UNAVAILABLE; matching_policy=EXACT_CANDIDATE_ID_ONLY_NO_SYMBOL_DATE_PRICE_TIME_FALLBACK
T601-3,decision-2f248654ca7f4b32,decision-2f248654ca7f4b32,MSFT,2026-05-27T19:14:12.215492Z,0.563636,0.0,0.666667,1.0,0.333333,0.763637,REJECTED,ENTRY_OR_SOURCE_BLOCKED_BY_FUNNEL,ENTRY_OR_SOURCE_BLOCKED_BY_FUNNEL,,SOURCE_BLOCKED_SECTOR_UNAVAILABLE,SOURCE_BLOCKED_NO_LIQUIDITY_FIELD,390,7392.7671,0.25,0.5,INELIGIBLE_UNKNOWN,STRATEGY_FILTER_NOT_MET NO_ENTRY,0,0,,,2026-05-27T19:14:10.709590Z:MSFT,0,REJECTED: ENTRY_OR_SOURCE_BLOCKED_BY_FUNNEL; source=ENTRY_OR_SOURCE_BLOCKED_BY_FUNNEL; rank_score=0.563636; liquidity_score=0.000000; diversification_score=0.666667; cooldown_score=1.000000; existing_position_penalty=0.333333; sector_cap_status=SOURCE_BLOCKED_SECTOR_UNAVAILABLE; matching_policy=EXACT_CANDIDATE_ID_ONLY_NO_SYMBOL_DATE_PRICE_TIME_FALLBACK
T601-3,decision-730c177480b64391,decision-730c177480b64391,MSFT,2026-05-27T19:17:36.869187Z,0.563636,0.0,0.666667,1.0,0.333333,0.763637,REJECTED,ENTRY_OR_SOURCE_BLOCKED_BY_FUNNEL,ENTRY_OR_SOURCE_BLOCKED_BY_FUNNEL,,SOURCE_BLOCKED_SECTOR_UNAVAILABLE,SOURCE_BLOCKED_NO_LIQUIDITY_FIELD,390,7396.178,0.25,0.5,INELIGIBLE_UNKNOWN,STRATEGY_FILTER_NOT_MET NO_ENTRY,0,0,,,2026-05-27T19:17:35.282831Z:MSFT,0,REJECTED: ENTRY_OR_SOURCE_BLOCKED_BY_FUNNEL; source=ENTRY_OR_SOURCE_BLOCKED_BY_FUNNEL; rank_score=0.563636; liquidity_score=0.000000; diversification_score=0.666667; cooldown_score=1.000000; existing_position_penalty=0.333333; sector_cap_status=SOURCE_BLOCKED_SECTOR_UNAVAILABLE; matching_policy=EXACT_CANDIDATE_ID_ONLY_NO_SYMBOL_DATE_PRICE_TIME_FALLBACK
T601-3,decision-27e4b7a160c64a72,decision-27e4b7a160c64a72,MSFT,2026-05-27T19:19:20.652675Z,0.563636,0.0,0.666667,1.0,0.333333,0.763637,REJECTED,ENTRY_OR_SOURCE_BLOCKED_BY_FUNNEL,ENTRY_OR_SOURCE_BLOCKED_BY_FUNNEL,,SOURCE_BLOCKED_SECTOR_UNAVAILABLE,SOURCE_BLOCKED_NO_LIQUIDITY_FIELD,390,7397.9077,0.25,0.5,INELIGIBLE_UNKNOWN,STRATEGY_FILTER_NOT_MET NO_ENTRY,0,0,,,2026-05-27T19:19:19.214347Z:MSFT,0,REJECTED: ENTRY_OR_SOURCE_BLOCKED_BY_FUNNEL; source=ENTRY_OR_SOURCE_BLOCKED_BY_FUNNEL; rank_score=0.563636; liquidity_score=0.000000; diversification_score=0.666667; cooldown_score=1.000000; existing_position_penalty=0.333333; sector_cap_status=SOURCE_BLOCKED_SECTOR_UNAVAILABLE; matching_policy=EXACT_CANDIDATE_ID_ONLY_NO_SYMBOL_DATE_PRICE_TIME_FALLBACK
T601-3,decision-f1a241352c524d24,decision-f1a241352c524d24,MSFT,2026-05-27T19:22:45.663306Z,0.563636,0.0,0.666667,1.0,0.333333,0.763637,REJECTED,ENTRY_OR_SOURCE_BLOCKED_BY_FUNNEL,ENTRY_OR_SOURCE_BLOCKED_BY_FUNNEL,,SOURCE_BLOCKED_SECTOR_UNAVAILABLE,SOURCE_BLOCKED_NO_LIQUIDITY_FIELD,390,7401.3246,0.25,0.5,INELIGIBLE_UNKNOWN,STRATEGY_FILTER_NOT_MET NO_ENTRY,0,0,,,2026-05-27T19:22:44.157179Z:MSFT,0,REJECTED: ENTRY_OR_SOURCE_BLOCKED_BY_FUNNEL; source=ENTRY_OR_SOURCE_BLOCKED_BY_FUNNEL; rank_score=0.563636; liquidity_score=0.000000; diversification_score=0.666667; cooldown_score=1.000000; existing_position_penalty=0.333333; sector_cap_status=SOURCE_BLOCKED_SECTOR_UNAVAILABLE; matching_policy=EXACT_CANDIDATE_ID_ONLY_NO_SYMBOL_DATE_PRICE_TIME_FALLBACK
T601-3,decision-b749a83d9c2c481c,decision-b749a83d9c2c481c,MSFT,2026-05-27T19:24:29.471769Z,0.563636,0.0,0.666667,1.0,0.333333,0.763637,REJECTED,ENTRY_OR_SOURCE_BLOCKED_BY_FUNNEL,ENTRY_OR_SOURCE_BLOCKED_BY_FUNNEL,,SOURCE_BLOCKED_SECTOR_UNAVAILABLE,SOURCE_BLOCKED_NO_LIQUIDITY_FIELD,390,7403.0547,0.25,0.5,INELIGIBLE_UNKNOWN,STRATEGY_FILTER_NOT_MET NO_ENTRY,0,0,,,2026-05-27T19:24:28.024748Z:MSFT,0,REJECTED: ENTRY_OR_SOURCE_BLOCKED_BY_FUNNEL; source=ENTRY_OR_SOURCE_BLOCKED_BY_FUNNEL; rank_score=0.563636; liquidity_score=0.000000; diversification_score=0.666667; cooldown_score=1.000000; existing_position_penalty=0.333333; sector_cap_status=SOURCE_BLOCKED_SECTOR_UNAVAILABLE; matching_policy=EXACT_CANDIDATE_ID_ONLY_NO_SYMBOL_DATE_PRICE_TIME_FALLBACK
T601-3,decision-11296db54d174374,decision-11296db54d174374,MSFT,2026-05-27T19:27:54.878472Z,0.563636,0.0,0.666667,1.0,0.333333,0.763637,REJECTED,ENTRY_OR_SOURCE_BLOCKED_BY_FUNNEL,ENTRY_OR_SOURCE_BLOCKED_BY_FUNNEL,,SOURCE_BLOCKED_SECTOR_UNAVAILABLE,SOURCE_BLOCKED_NO_LIQUIDITY_FIELD,390,7406.4782,0.25,0.5,INELIGIBLE_UNKNOWN,STRATEGY_FILTER_NOT_MET NO_ENTRY,0,0,,,2026-05-27T19:27:53.441479Z:MSFT,0,REJECTED: ENTRY_OR_SOURCE_BLOCKED_BY_FUNNEL; source=ENTRY_OR_SOURCE_BLOCKED_BY_FUNNEL; rank_score=0.563636; liquidity_score=0.000000; diversification_score=0.666667; cooldown_score=1.000000; existing_position_penalty=0.333333; sector_cap_status=SOURCE_BLOCKED_SECTOR_UNAVAILABLE; matching_policy=EXACT_CANDIDATE_ID_ONLY_NO_SYMBOL_DATE_PRICE_TIME_FALLBACK
T601-3,decision-44b2974a1db9445e,decision-44b2974a1db9445e,MSFT,2026-05-27T19:29:38.990802Z,0.563636,0.0,0.666667,1.0,0.333333,0.763637,REJECTED,ENTRY_OR_SOURCE_BLOCKED_BY_FUNNEL,ENTRY_OR_SOURCE_BLOCKED_BY_FUNNEL,,SOURCE_BLOCKED_SECTOR_UNAVAILABLE,SOURCE_BLOCKED_NO_LIQUIDITY_FIELD,390,7408.2134,0.25,0.5,INELIGIBLE_UNKNOWN,STRATEGY_FILTER_NOT_MET NO_ENTRY,0,0,,,2026-05-27T19:29:37.481333Z:MSFT,0,REJECTED: ENTRY_OR_SOURCE_BLOCKED_BY_FUNNEL; source=ENTRY_OR_SOURCE_BLOCKED_BY_FUNNEL; rank_score=0.563636; liquidity_score=0.000000; diversification_score=0.666667; cooldown_score=1.000000; existing_position_penalty=0.333333; sector_cap_status=SOURCE_BLOCKED_SECTOR_UNAVAILABLE; matching_policy=EXACT_CANDIDATE_ID_ONLY_NO_SYMBOL_DATE_PRICE_TIME_FALLBACK
T601-3,decision-14bc098f29d34537,decision-14bc098f29d34537,MSFT,2026-05-27T19:33:03.730260Z,0.563636,0.0,0.666667,1.0,0.333333,0.763637,REJECTED,ENTRY_OR_SOURCE_BLOCKED_BY_FUNNEL,ENTRY_OR_SOURCE_BLOCKED_BY_FUNNEL,,SOURCE_BLOCKED_SECTOR_UNAVAILABLE,SOURCE_BLOCKED_NO_LIQUIDITY_FIELD,390,7411.6257,0.25,0.5,INELIGIBLE_UNKNOWN,STRATEGY_FILTER_NOT_MET NO_ENTRY,0,0,,,2026-05-27T19:33:02.225280Z:MSFT,0,REJECTED: ENTRY_OR_SOURCE_BLOCKED_BY_FUNNEL; source=ENTRY_OR_SOURCE_BLOCKED_BY_FUNNEL; rank_score=0.563636; liquidity_score=0.000000; diversification_score=0.666667; cooldown_score=1.000000; existing_position_penalty=0.333333; sector_cap_status=SOURCE_BLOCKED_SECTOR_UNAVAILABLE; matching_policy=EXACT_CANDIDATE_ID_ONLY_NO_SYMBOL_DATE_PRICE_TIME_FALLBACK
T601-3,decision-b42e0fab55ea4cbf,decision-b42e0fab55ea4cbf,MSFT,2026-05-27T19:34:48.009646Z,0.563636,0.0,0.666667,1.0,0.333333,0.763637,REJECTED,ENTRY_OR_SOURCE_BLOCKED_BY_FUNNEL,ENTRY_OR_SOURCE_BLOCKED_BY_FUNNEL,,SOURCE_BLOCKED_SECTOR_UNAVAILABLE,SOURCE_BLOCKED_NO_LIQUIDITY_FIELD,390,7413.3637,0.25,0.5,INELIGIBLE_UNKNOWN,STRATEGY_FILTER_NOT_MET NO_ENTRY,0,0,,,2026-05-27T19:34:46.429079Z:MSFT,0,REJECTED: ENTRY_OR_SOURCE_BLOCKED_BY_FUNNEL; source=ENTRY_OR_SOURCE_BLOCKED_BY_FUNNEL; rank_score=0.563636; liquidity_score=0.000000; diversification_score=0.666667; cooldown_score=1.000000; existing_position_penalty=0.333333; sector_cap_status=SOURCE_BLOCKED_SECTOR_UNAVAILABLE; matching_policy=EXACT_CANDIDATE_ID_ONLY_NO_SYMBOL_DATE_PRICE_TIME_FALLBACK
T601-3,decision-416ffdca7b5c4e33,decision-416ffdca7b5c4e33,MSFT,2026-05-27T19:38:13.421598Z,0.563636,0.0,0.666667,1.0,0.333333,0.763637,REJECTED,ENTRY_OR_SOURCE_BLOCKED_BY_FUNNEL,ENTRY_OR_SOURCE_BLOCKED_BY_FUNNEL,,SOURCE_BLOCKED_SECTOR_UNAVAILABLE,SOURCE_BLOCKED_NO_LIQUIDITY_FIELD,390,7416.7872,0.25,0.5,INELIGIBLE_UNKNOWN,STRATEGY_FILTER_NOT_MET NO_ENTRY,0,0,,,2026-05-27T19:38:12.017866Z:MSFT,0,REJECTED: ENTRY_OR_SOURCE_BLOCKED_BY_FUNNEL; source=ENTRY_OR_SOURCE_BLOCKED_BY_FUNNEL; rank_score=0.563636; liquidity_score=0.000000; diversification_score=0.666667; cooldown_score=1.000000; existing_position_penalty=0.333333; sector_cap_status=SOURCE_BLOCKED_SECTOR_UNAVAILABLE; matching_policy=EXACT_CANDIDATE_ID_ONLY_NO_SYMBOL_DATE_PRICE_TIME_FALLBACK
T601-3,decision-d77f54abcd924a07,decision-d77f54abcd924a07,MSFT,2026-05-27T19:39:57.063354Z,0.563636,0.0,0.666667,1.0,0.333333,0.763637,REJECTED,ENTRY_OR_SOURCE_BLOCKED_BY_FUNNEL,ENTRY_OR_SOURCE_BLOCKED_BY_FUNNEL,,SOURCE_BLOCKED_SECTOR_UNAVAILABLE,SOURCE_BLOCKED_NO_LIQUIDITY_FIELD,390,7418.5146,0.25,0.5,INELIGIBLE_UNKNOWN,STRATEGY_FILTER_NOT_MET NO_ENTRY,0,0,,,2026-05-27T19:39:55.462657Z:MSFT,0,REJECTED: ENTRY_OR_SOURCE_BLOCKED_BY_FUNNEL; source=ENTRY_OR_SOURCE_BLOCKED_BY_FUNNEL; rank_score=0.563636; liquidity_score=0.000000; diversification_score=0.666667; cooldown_score=1.000000; existing_position_penalty=0.333333; sector_cap_status=SOURCE_BLOCKED_SECTOR_UNAVAILABLE; matching_policy=EXACT_CANDIDATE_ID_ONLY_NO_SYMBOL_DATE_PRICE_TIME_FALLBACK
T601-3,decision-91690d350a184095,decision-91690d350a184095,MSFT,2026-05-27T19:43:22.569982Z,0.563636,0.0,0.666667,1.0,0.333333,0.763637,REJECTED,ENTRY_OR_SOURCE_BLOCKED_BY_FUNNEL,ENTRY_OR_SOURCE_BLOCKED_BY_FUNNEL,,SOURCE_BLOCKED_SECTOR_UNAVAILABLE,SOURCE_BLOCKED_NO_LIQUIDITY_FIELD,390,7421.9397,0.25,0.5,INELIGIBLE_UNKNOWN,STRATEGY_FILTER_NOT_MET NO_ENTRY,0,0,,,2026-05-27T19:43:21.121747Z:MSFT,0,REJECTED: ENTRY_OR_SOURCE_BLOCKED_BY_FUNNEL; source=ENTRY_OR_SOURCE_BLOCKED_BY_FUNNEL; rank_score=0.563636; liquidity_score=0.000000; diversification_score=0.666667; cooldown_score=1.000000; existing_position_penalty=0.333333; sector_cap_status=SOURCE_BLOCKED_SECTOR_UNAVAILABLE; matching_policy=EXACT_CANDIDATE_ID_ONLY_NO_SYMBOL_DATE_PRICE_TIME_FALLBACK
T601-3,decision-11ec132a56e84a39,decision-11ec132a56e84a39,MSFT,2026-05-27T19:45:06.093215Z,0.563636,0.0,0.666667,1.0,0.333333,0.763637,REJECTED,ENTRY_OR_SOURCE_BLOCKED_BY_FUNNEL,ENTRY_OR_SOURCE_BLOCKED_BY_FUNNEL,,SOURCE_BLOCKED_SECTOR_UNAVAILABLE,SOURCE_BLOCKED_NO_LIQUIDITY_FIELD,390,7423.6651,0.25,0.5,INELIGIBLE_UNKNOWN,STRATEGY_FILTER_NOT_MET NO_ENTRY,0,0,,,2026-05-27T19:45:04.549508Z:MSFT,0,REJECTED: ENTRY_OR_SOURCE_BLOCKED_BY_FUNNEL; source=ENTRY_OR_SOURCE_BLOCKED_BY_FUNNEL; rank_score=0.563636; liquidity_score=0.000000; diversification_score=0.666667; cooldown_score=1.000000; existing_position_penalty=0.333333; sector_cap_status=SOURCE_BLOCKED_SECTOR_UNAVAILABLE; matching_policy=EXACT_CANDIDATE_ID_ONLY_NO_SYMBOL_DATE_PRICE_TIME_FALLBACK
T601-3,decision-8e1049f8cb094bbc,decision-8e1049f8cb094bbc,MSFT,2026-05-27T19:48:31.856855Z,0.563636,0.0,0.666667,1.0,0.333333,0.763637,REJECTED,ENTRY_OR_SOURCE_BLOCKED_BY_FUNNEL,ENTRY_OR_SOURCE_BLOCKED_BY_FUNNEL,,SOURCE_BLOCKED_SECTOR_UNAVAILABLE,SOURCE_BLOCKED_NO_LIQUIDITY_FIELD,390,7427.0945,0.25,0.5,INELIGIBLE_UNKNOWN,STRATEGY_FILTER_NOT_MET NO_ENTRY,0,0,,,2026-05-27T19:48:30.340931Z:MSFT,0,REJECTED: ENTRY_OR_SOURCE_BLOCKED_BY_FUNNEL; source=ENTRY_OR_SOURCE_BLOCKED_BY_FUNNEL; rank_score=0.563636; liquidity_score=0.000000; diversification_score=0.666667; cooldown_score=1.000000; existing_position_penalty=0.333333; sector_cap_status=SOURCE_BLOCKED_SECTOR_UNAVAILABLE; matching_policy=EXACT_CANDIDATE_ID_ONLY_NO_SYMBOL_DATE_PRICE_TIME_FALLBACK
T601-3,decision-70cdf2c48e8d4382,decision-70cdf2c48e8d4382,MSFT,2026-05-28T15:04:02.802098Z,0.563636,0.0,0.666667,1.0,0.333333,0.763637,REJECTED,ENTRY_OR_SOURCE_BLOCKED_BY_FUNNEL,ENTRY_OR_SOURCE_BLOCKED_BY_FUNNEL,,SOURCE_BLOCKED_SECTOR_UNAVAILABLE,SOURCE_BLOCKED_NO_LIQUIDITY_FIELD,390,8582.6102,0.25,0.5,INELIGIBLE_UNKNOWN,STRATEGY_FILTER_NOT_MET NO_ENTRY,0,0,,,2026-05-28T15:04:00.965033Z:MSFT,0,REJECTED: ENTRY_OR_SOURCE_BLOCKED_BY_FUNNEL; source=ENTRY_OR_SOURCE_BLOCKED_BY_FUNNEL; rank_score=0.563636; liquidity_score=0.000000; diversification_score=0.666667; cooldown_score=1.000000; existing_position_penalty=0.333333; sector_cap_status=SOURCE_BLOCKED_SECTOR_UNAVAILABLE; matching_policy=EXACT_CANDIDATE_ID_ONLY_NO_SYMBOL_DATE_PRICE_TIME_FALLBACK
T601-3,decision-58c4376bba404179,decision-58c4376bba404179,MSFT,2026-05-28T15:05:48.134232Z,0.563636,0.0,0.666667,1.0,0.333333,0.763637,REJECTED,ENTRY_OR_SOURCE_BLOCKED_BY_FUNNEL,ENTRY_OR_SOURCE_BLOCKED_BY_FUNNEL,,SOURCE_BLOCKED_SECTOR_UNAVAILABLE,SOURCE_BLOCKED_NO_LIQUIDITY_FIELD,390,8584.3657,0.25,0.5,INELIGIBLE_UNKNOWN,STRATEGY_FILTER_NOT_MET NO_ENTRY,0,0,,,2026-05-28T15:05:46.388977Z:MSFT,0,REJECTED: ENTRY_OR_SOURCE_BLOCKED_BY_FUNNEL; source=ENTRY_OR_SOURCE_BLOCKED_BY_FUNNEL; rank_score=0.563636; liquidity_score=0.000000; diversification_score=0.666667; cooldown_score=1.000000; existing_position_penalty=0.333333; sector_cap_status=SOURCE_BLOCKED_SECTOR_UNAVAILABLE; matching_policy=EXACT_CANDIDATE_ID_ONLY_NO_SYMBOL_DATE_PRICE_TIME_FALLBACK
T601-3,decision-da3e79afba3f4c94,decision-da3e79afba3f4c94,MSFT,2026-05-28T15:09:11.559287Z,0.563636,0.0,0.666667,1.0,0.333333,0.763637,REJECTED,ENTRY_OR_SOURCE_BLOCKED_BY_FUNNEL,ENTRY_OR_SOURCE_BLOCKED_BY_FUNNEL,,SOURCE_BLOCKED_SECTOR_UNAVAILABLE,SOURCE_BLOCKED_NO_LIQUIDITY_FIELD,390,8587.7562,0.25,0.5,INELIGIBLE_UNKNOWN,STRATEGY_FILTER_NOT_MET NO_ENTRY,0,0,,,2026-05-28T15:09:09.909120Z:MSFT,0,REJECTED: ENTRY_OR_SOURCE_BLOCKED_BY_FUNNEL; source=ENTRY_OR_SOURCE_BLOCKED_BY_FUNNEL; rank_score=0.563636; liquidity_score=0.000000; diversification_score=0.666667; cooldown_score=1.000000; existing_position_penalty=0.333333; sector_cap_status=SOURCE_BLOCKED_SECTOR_UNAVAILABLE; matching_policy=EXACT_CANDIDATE_ID_ONLY_NO_SYMBOL_DATE_PRICE_TIME_FALLBACK
T601-3,decision-a280a6a3716b43ed,decision-a280a6a3716b43ed,MSFT,2026-05-28T15:10:57.675319Z,0.563636,0.0,0.666667,1.0,0.333333,0.763637,REJECTED,ENTRY_OR_SOURCE_BLOCKED_BY_FUNNEL,ENTRY_OR_SOURCE_BLOCKED_BY_FUNNEL,,SOURCE_BLOCKED_SECTOR_UNAVAILABLE,SOURCE_BLOCKED_NO_LIQUIDITY_FIELD,390,8589.5248,0.25,0.5,INELIGIBLE_UNKNOWN,STRATEGY_FILTER_NOT_MET NO_ENTRY,0,0,,,2026-05-28T15:10:56.046157Z:MSFT,0,REJECTED: ENTRY_OR_SOURCE_BLOCKED_BY_FUNNEL; source=ENTRY_OR_SOURCE_BLOCKED_BY_FUNNEL; rank_score=0.563636; liquidity_score=0.000000; diversification_score=0.666667; cooldown_score=1.000000; existing_position_penalty=0.333333; sector_cap_status=SOURCE_BLOCKED_SECTOR_UNAVAILABLE; matching_policy=EXACT_CANDIDATE_ID_ONLY_NO_SYMBOL_DATE_PRICE_TIME_FALLBACK
T601-3,decision-108246c464d243a0,decision-108246c464d243a0,MSFT,2026-05-28T15:14:20.633017Z,0.563636,0.0,0.666667,1.0,0.333333,0.763637,REJECTED,ENTRY_OR_SOURCE_BLOCKED_BY_FUNNEL,ENTRY_OR_SOURCE_BLOCKED_BY_FUNNEL,,SOURCE_BLOCKED_SECTOR_UNAVAILABLE,SOURCE_BLOCKED_NO_LIQUIDITY_FIELD,390,8592.9074,0.25,0.5,INELIGIBLE_UNKNOWN,STRATEGY_FILTER_NOT_MET NO_ENTRY,0,0,,,2026-05-28T15:14:19.126036Z:MSFT,0,REJECTED: ENTRY_OR_SOURCE_BLOCKED_BY_FUNNEL; source=ENTRY_OR_SOURCE_BLOCKED_BY_FUNNEL; rank_score=0.563636; liquidity_score=0.000000; diversification_score=0.666667; cooldown_score=1.000000; existing_position_penalty=0.333333; sector_cap_status=SOURCE_BLOCKED_SECTOR_UNAVAILABLE; matching_policy=EXACT_CANDIDATE_ID_ONLY_NO_SYMBOL_DATE_PRICE_TIME_FALLBACK
T601-3,decision-27d01110e4e44cbf,decision-27d01110e4e44cbf,MSFT,2026-05-28T15:16:11.056095Z,0.563636,0.0,0.666667,1.0,0.333333,0.763637,REJECTED,ENTRY_OR_SOURCE_BLOCKED_BY_FUNNEL,ENTRY_OR_SOURCE_BLOCKED_BY_FUNNEL,,SOURCE_BLOCKED_SECTOR_UNAVAILABLE,SOURCE_BLOCKED_NO_LIQUIDITY_FIELD,390,8594.7478,0.25,0.5,INELIGIBLE_UNKNOWN,STRATEGY_FILTER_NOT_MET NO_ENTRY,0,0,,,2026-05-28T15:16:09.502123Z:MSFT,0,REJECTED: ENTRY_OR_SOURCE_BLOCKED_BY_FUNNEL; source=ENTRY_OR_SOURCE_BLOCKED_BY_FUNNEL; rank_score=0.563636; liquidity_score=0.000000; diversification_score=0.666667; cooldown_score=1.000000; existing_position_penalty=0.333333; sector_cap_status=SOURCE_BLOCKED_SECTOR_UNAVAILABLE; matching_policy=EXACT_CANDIDATE_ID_ONLY_NO_SYMBOL_DATE_PRICE_TIME_FALLBACK
T601-3,decision-681376349dba4ec9,decision-681376349dba4ec9,MSFT,2026-05-28T15:19:29.381306Z,0.563636,0.0,0.666667,1.0,0.333333,0.763637,REJECTED,ENTRY_OR_SOURCE_BLOCKED_BY_FUNNEL,ENTRY_OR_SOURCE_BLOCKED_BY_FUNNEL,,SOURCE_BLOCKED_SECTOR_UNAVAILABLE,SOURCE_BLOCKED_NO_LIQUIDITY_FIELD,390,8598.0532,0.25,0.5,INELIGIBLE_UNKNOWN,STRATEGY_FILTER_NOT_MET NO_ENTRY,0,0,,,2026-05-28T15:19:27.833833Z:MSFT,0,REJECTED: ENTRY_OR_SOURCE_BLOCKED_BY_FUNNEL; source=ENTRY_OR_SOURCE_BLOCKED_BY_FUNNEL; rank_score=0.563636; liquidity_score=0.000000; diversification_score=0.666667; cooldown_score=1.000000; existing_position_penalty=0.333333; sector_cap_status=SOURCE_BLOCKED_SECTOR_UNAVAILABLE; matching_policy=EXACT_CANDIDATE_ID_ONLY_NO_SYMBOL_DATE_PRICE_TIME_FALLBACK
T601-3,decision-5d96f24875aa4aa2,decision-5d96f24875aa4aa2,AMD,2026-05-28T15:21:20.897346Z,0.522727,0.0,0.0,1.0,1.0,0.422727,REJECTED,SAME_SYMBOL_CAP_0.25,ELIGIBLE_FROM_FUNNEL,,SOURCE_BLOCKED_SECTOR_UNAVAILABLE,SOURCE_BLOCKED_NO_LIQUIDITY_FIELD,390,9919.5013,0.25,0.5,ELIGIBLE,,1,1,37813.0,0000037813:2026-05-28T15:29:49.906891Z:ORDER_STATUS,2026-05-28T15:21:19.353631Z:AMD,0,REJECTED: SAME_SYMBOL_CAP_0.25; source=ELIGIBLE_FROM_FUNNEL; rank_score=0.522727; liquidity_score=0.000000; diversification_score=0.000000; cooldown_score=1.000000; existing_position_penalty=1.000000; sector_cap_status=SOURCE_BLOCKED_SECTOR_UNAVAILABLE; matching_policy=EXACT_CANDIDATE_ID_ONLY_NO_SYMBOL_DATE_PRICE_TIME_FALLBACK
T601-3,decision-3efea168404d4aa5,decision-3efea168404d4aa5,AMD,2026-05-28T15:24:39.280201Z,0.522727,0.0,0.0,1.0,1.0,0.422727,REJECTED,SAME_SYMBOL_CAP_0.25,ELIGIBLE_FROM_FUNNEL,,SOURCE_BLOCKED_SECTOR_UNAVAILABLE,SOURCE_BLOCKED_NO_LIQUIDITY_FIELD,390,9922.8077,0.25,0.5,ELIGIBLE,,0,0,,,2026-05-28T15:24:37.725308Z:AMD,0,REJECTED: SAME_SYMBOL_CAP_0.25; source=ELIGIBLE_FROM_FUNNEL; rank_score=0.522727; liquidity_score=0.000000; diversification_score=0.000000; cooldown_score=1.000000; existing_position_penalty=1.000000; sector_cap_status=SOURCE_BLOCKED_SECTOR_UNAVAILABLE; matching_policy=EXACT_CANDIDATE_ID_ONLY_NO_SYMBOL_DATE_PRICE_TIME_FALLBACK
T601-3,decision-02adc543ca6e47f3,decision-02adc543ca6e47f3,AMD,2026-05-28T15:26:33.226435Z,0.522727,0.0,0.0,1.0,1.0,0.422727,REJECTED,SAME_SYMBOL_CAP_0.25,ELIGIBLE_FROM_FUNNEL,,SOURCE_BLOCKED_SECTOR_UNAVAILABLE,SOURCE_BLOCKED_NO_LIQUIDITY_FIELD,390,9924.7068,0.25,0.5,ELIGIBLE,,0,0,,,2026-05-28T15:26:31.738191Z:AMD,0,REJECTED: SAME_SYMBOL_CAP_0.25; source=ELIGIBLE_FROM_FUNNEL; rank_score=0.522727; liquidity_score=0.000000; diversification_score=0.000000; cooldown_score=1.000000; existing_position_penalty=1.000000; sector_cap_status=SOURCE_BLOCKED_SECTOR_UNAVAILABLE; matching_policy=EXACT_CANDIDATE_ID_ONLY_NO_SYMBOL_DATE_PRICE_TIME_FALLBACK
T601-3,decision-699c44856c844c50,decision-699c44856c844c50,AMD,2026-05-28T15:29:48.268822Z,0.522727,0.0,0.0,1.0,1.0,0.422727,REJECTED,SAME_SYMBOL_CAP_0.25,ELIGIBLE_FROM_FUNNEL,,SOURCE_BLOCKED_SECTOR_UNAVAILABLE,SOURCE_BLOCKED_NO_LIQUIDITY_FIELD,390,9927.9575,0.25,0.5,ELIGIBLE,,1,1,37867.0,0000037867:2026-05-28T15:45:25.130959Z:ORDER_STATUS,2026-05-28T15:29:46.777645Z:AMD,0,REJECTED: SAME_SYMBOL_CAP_0.25; source=ELIGIBLE_FROM_FUNNEL; rank_score=0.522727; liquidity_score=0.000000; diversification_score=0.000000; cooldown_score=1.000000; existing_position_penalty=1.000000; sector_cap_status=SOURCE_BLOCKED_SECTOR_UNAVAILABLE; matching_policy=EXACT_CANDIDATE_ID_ONLY_NO_SYMBOL_DATE_PRICE_TIME_FALLBACK
T601-3,decision-7108626dcc864038,decision-7108626dcc864038,AMD,2026-05-28T15:31:42.298501Z,0.522727,0.0,0.0,1.0,1.0,0.422727,REJECTED,SAME_SYMBOL_CAP_0.25,ELIGIBLE_FROM_FUNNEL,,SOURCE_BLOCKED_SECTOR_UNAVAILABLE,SOURCE_BLOCKED_NO_LIQUIDITY_FIELD,390,9929.858,0.25,0.5,ELIGIBLE,,0,0,,,2026-05-28T15:31:40.740546Z:AMD,0,REJECTED: SAME_SYMBOL_CAP_0.25; source=ELIGIBLE_FROM_FUNNEL; rank_score=0.522727; liquidity_score=0.000000; diversification_score=0.000000; cooldown_score=1.000000; existing_position_penalty=1.000000; sector_cap_status=SOURCE_BLOCKED_SECTOR_UNAVAILABLE; matching_policy=EXACT_CANDIDATE_ID_ONLY_NO_SYMBOL_DATE_PRICE_TIME_FALLBACK
T601-3,decision-7e7776b8d9604a1d,decision-7e7776b8d9604a1d,AMD,2026-05-28T15:35:00.993841Z,0.522727,0.0,0.0,1.0,1.0,0.422727,REJECTED,SAME_SYMBOL_CAP_0.25,ELIGIBLE_FROM_FUNNEL,,SOURCE_BLOCKED_SECTOR_UNAVAILABLE,SOURCE_BLOCKED_NO_LIQUIDITY_FIELD,390,9933.1695,0.25,0.5,ELIGIBLE,,0,0,,,2026-05-28T15:34:59.472736Z:AMD,0,REJECTED: SAME_SYMBOL_CAP_0.25; source=ELIGIBLE_FROM_FUNNEL; rank_score=0.522727; liquidity_score=0.000000; diversification_score=0.000000; cooldown_score=1.000000; existing_position_penalty=1.000000; sector_cap_status=SOURCE_BLOCKED_SECTOR_UNAVAILABLE; matching_policy=EXACT_CANDIDATE_ID_ONLY_NO_SYMBOL_DATE_PRICE_TIME_FALLBACK
T601-3,decision-09aa594400f041ed,decision-09aa594400f041ed,MSFT,2026-05-28T15:36:51.639934Z,0.563636,0.0,0.666667,1.0,0.333333,0.763637,REJECTED,ENTRY_OR_SOURCE_BLOCKED_BY_FUNNEL,ENTRY_OR_SOURCE_BLOCKED_BY_FUNNEL,,SOURCE_BLOCKED_SECTOR_UNAVAILABLE,SOURCE_BLOCKED_NO_LIQUIDITY_FIELD,390,8615.4242,0.25,0.5,INELIGIBLE_UNKNOWN,STRATEGY_FILTER_NOT_MET NO_ENTRY,0,0,,,2026-05-28T15:36:50.143826Z:MSFT,0,REJECTED: ENTRY_OR_SOURCE_BLOCKED_BY_FUNNEL; source=ENTRY_OR_SOURCE_BLOCKED_BY_FUNNEL; rank_score=0.563636; liquidity_score=0.000000; diversification_score=0.666667; cooldown_score=1.000000; existing_position_penalty=0.333333; sector_cap_status=SOURCE_BLOCKED_SECTOR_UNAVAILABLE; matching_policy=EXACT_CANDIDATE_ID_ONLY_NO_SYMBOL_DATE_PRICE_TIME_FALLBACK
T601-3,decision-91dd1387bd35407a,decision-91dd1387bd35407a,MSFT,2026-05-28T15:40:12.300803Z,0.563636,0.0,0.666667,1.0,0.333333,0.763637,REJECTED,ENTRY_OR_SOURCE_BLOCKED_BY_FUNNEL,ENTRY_OR_SOURCE_BLOCKED_BY_FUNNEL,,SOURCE_BLOCKED_SECTOR_UNAVAILABLE,SOURCE_BLOCKED_NO_LIQUIDITY_FIELD,390,8618.7685,0.25,0.5,INELIGIBLE_UNKNOWN,STRATEGY_FILTER_NOT_MET NO_ENTRY,0,0,,,2026-05-28T15:40:10.706567Z:MSFT,0,REJECTED: ENTRY_OR_SOURCE_BLOCKED_BY_FUNNEL; source=ENTRY_OR_SOURCE_BLOCKED_BY_FUNNEL; rank_score=0.563636; liquidity_score=0.000000; diversification_score=0.666667; cooldown_score=1.000000; existing_position_penalty=0.333333; sector_cap_status=SOURCE_BLOCKED_SECTOR_UNAVAILABLE; matching_policy=EXACT_CANDIDATE_ID_ONLY_NO_SYMBOL_DATE_PRICE_TIME_FALLBACK
T601-3,decision-ec9bb045c82542d4,decision-ec9bb045c82542d4,MSFT,2026-05-28T15:42:02.656389Z,0.563636,0.0,0.666667,1.0,0.333333,0.763637,REJECTED,ENTRY_OR_SOURCE_BLOCKED_BY_FUNNEL,ENTRY_OR_SOURCE_BLOCKED_BY_FUNNEL,,SOURCE_BLOCKED_SECTOR_UNAVAILABLE,SOURCE_BLOCKED_NO_LIQUIDITY_FIELD,390,8620.6078,0.25,0.5,INELIGIBLE_UNKNOWN,STRATEGY_FILTER_NOT_MET NO_ENTRY,0,0,,,2026-05-28T15:42:01.144930Z:MSFT,0,REJECTED: ENTRY_OR_SOURCE_BLOCKED_BY_FUNNEL; source=ENTRY_OR_SOURCE_BLOCKED_BY_FUNNEL; rank_score=0.563636; liquidity_score=0.000000; diversification_score=0.666667; cooldown_score=1.000000; existing_position_penalty=0.333333; sector_cap_status=SOURCE_BLOCKED_SECTOR_UNAVAILABLE; matching_policy=EXACT_CANDIDATE_ID_ONLY_NO_SYMBOL_DATE_PRICE_TIME_FALLBACK
T601-3,decision-d9c6341e64604f36,decision-d9c6341e64604f36,MSFT,2026-05-28T15:45:22.542623Z,0.563636,0.0,0.666667,1.0,0.333333,0.763637,REJECTED,ENTRY_OR_SOURCE_BLOCKED_BY_FUNNEL,ENTRY_OR_SOURCE_BLOCKED_BY_FUNNEL,,SOURCE_BLOCKED_SECTOR_UNAVAILABLE,SOURCE_BLOCKED_NO_LIQUIDITY_FIELD,390,8623.9392,0.25,0.5,INELIGIBLE_UNKNOWN,STRATEGY_FILTER_NOT_MET NO_ENTRY,0,0,,,2026-05-28T15:45:21.061148Z:MSFT,0,REJECTED: ENTRY_OR_SOURCE_BLOCKED_BY_FUNNEL; source=ENTRY_OR_SOURCE_BLOCKED_BY_FUNNEL; rank_score=0.563636; liquidity_score=0.000000; diversification_score=0.666667; cooldown_score=1.000000; existing_position_penalty=0.333333; sector_cap_status=SOURCE_BLOCKED_SECTOR_UNAVAILABLE; matching_policy=EXACT_CANDIDATE_ID_ONLY_NO_SYMBOL_DATE_PRICE_TIME_FALLBACK
T601-3,decision-bc914498511d4594,decision-bc914498511d4594,MSFT,2026-05-28T15:47:12.270861Z,0.563636,0.0,0.666667,1.0,0.333333,0.763637,REJECTED,ENTRY_OR_SOURCE_BLOCKED_BY_FUNNEL,ENTRY_OR_SOURCE_BLOCKED_BY_FUNNEL,,SOURCE_BLOCKED_SECTOR_UNAVAILABLE,SOURCE_BLOCKED_NO_LIQUIDITY_FIELD,390,8625.768,0.25,0.5,INELIGIBLE_UNKNOWN,STRATEGY_FILTER_NOT_MET NO_ENTRY,0,0,,,2026-05-28T15:47:10.727236Z:MSFT,0,REJECTED: ENTRY_OR_SOURCE_BLOCKED_BY_FUNNEL; source=ENTRY_OR_SOURCE_BLOCKED_BY_FUNNEL; rank_score=0.563636; liquidity_score=0.000000; diversification_score=0.666667; cooldown_score=1.000000; existing_position_penalty=0.333333; sector_cap_status=SOURCE_BLOCKED_SECTOR_UNAVAILABLE; matching_policy=EXACT_CANDIDATE_ID_ONLY_NO_SYMBOL_DATE_PRICE_TIME_FALLBACK
T601-3,decision-21b5f5e7d2274d40,decision-21b5f5e7d2274d40,MSFT,2026-05-28T15:50:34.242818Z,0.563636,0.0,0.666667,1.0,0.333333,0.763637,REJECTED,ENTRY_OR_SOURCE_BLOCKED_BY_FUNNEL,ENTRY_OR_SOURCE_BLOCKED_BY_FUNNEL,,SOURCE_BLOCKED_SECTOR_UNAVAILABLE,SOURCE_BLOCKED_NO_LIQUIDITY_FIELD,390,8629.1342,0.25,0.5,INELIGIBLE_UNKNOWN,STRATEGY_FILTER_NOT_MET NO_ENTRY,0,0,,,2026-05-28T15:50:32.731054Z:MSFT,0,REJECTED: ENTRY_OR_SOURCE_BLOCKED_BY_FUNNEL; source=ENTRY_OR_SOURCE_BLOCKED_BY_FUNNEL; rank_score=0.563636; liquidity_score=0.000000; diversification_score=0.666667; cooldown_score=1.000000; existing_position_penalty=0.333333; sector_cap_status=SOURCE_BLOCKED_SECTOR_UNAVAILABLE; matching_policy=EXACT_CANDIDATE_ID_ONLY_NO_SYMBOL_DATE_PRICE_TIME_FALLBACK
T601-3,decision-f0ef0ab69fe346fe,decision-f0ef0ab69fe346fe,MSFT,2026-05-28T15:52:22.363892Z,0.563636,0.0,0.666667,1.0,0.333333,0.763637,REJECTED,ENTRY_OR_SOURCE_BLOCKED_BY_FUNNEL,ENTRY_OR_SOURCE_BLOCKED_BY_FUNNEL,,SOURCE_BLOCKED_SECTOR_UNAVAILABLE,SOURCE_BLOCKED_NO_LIQUIDITY_FIELD,390,8630.9362,0.25,0.5,INELIGIBLE_UNKNOWN,STRATEGY_FILTER_NOT_MET NO_ENTRY,0,0,,,2026-05-28T15:52:20.838320Z:MSFT,0,REJECTED: ENTRY_OR_SOURCE_BLOCKED_BY_FUNNEL; source=ENTRY_OR_SOURCE_BLOCKED_BY_FUNNEL; rank_score=0.563636; liquidity_score=0.000000; diversification_score=0.666667; cooldown_score=1.000000; existing_position_penalty=0.333333; sector_cap_status=SOURCE_BLOCKED_SECTOR_UNAVAILABLE; matching_policy=EXACT_CANDIDATE_ID_ONLY_NO_SYMBOL_DATE_PRICE_TIME_FALLBACK
T601-3,decision-fba1838cca9944fd,decision-fba1838cca9944fd,MSFT,2026-05-28T15:55:42.888135Z,0.563636,0.0,0.666667,1.0,0.333333,0.763637,REJECTED,ENTRY_OR_SOURCE_BLOCKED_BY_FUNNEL,ENTRY_OR_SOURCE_BLOCKED_BY_FUNNEL,,SOURCE_BLOCKED_SECTOR_UNAVAILABLE,SOURCE_BLOCKED_NO_LIQUIDITY_FIELD,390,8634.2783,0.25,0.5,INELIGIBLE_UNKNOWN,STRATEGY_FILTER_NOT_MET NO_ENTRY,0,0,,,2026-05-28T15:55:41.361050Z:MSFT,0,REJECTED: ENTRY_OR_SOURCE_BLOCKED_BY_FUNNEL; source=ENTRY_OR_SOURCE_BLOCKED_BY_FUNNEL; rank_score=0.563636; liquidity_score=0.000000; diversification_score=0.666667; cooldown_score=1.000000; existing_position_penalty=0.333333; sector_cap_status=SOURCE_BLOCKED_SECTOR_UNAVAILABLE; matching_policy=EXACT_CANDIDATE_ID_ONLY_NO_SYMBOL_DATE_PRICE_TIME_FALLBACK
T601-3,decision-25118e29118a40a1,decision-25118e29118a40a1,MSFT,2026-05-28T15:57:31.418131Z,0.563636,0.0,0.666667,1.0,0.333333,0.763637,REJECTED,ENTRY_OR_SOURCE_BLOCKED_BY_FUNNEL,ENTRY_OR_SOURCE_BLOCKED_BY_FUNNEL,,SOURCE_BLOCKED_SECTOR_UNAVAILABLE,SOURCE_BLOCKED_NO_LIQUIDITY_FIELD,390,8636.0871,0.25,0.5,INELIGIBLE_UNKNOWN,STRATEGY_FILTER_NOT_MET NO_ENTRY,0,0,,,2026-05-28T15:57:29.844903Z:MSFT,0,REJECTED: ENTRY_OR_SOURCE_BLOCKED_BY_FUNNEL; source=ENTRY_OR_SOURCE_BLOCKED_BY_FUNNEL; rank_score=0.563636; liquidity_score=0.000000; diversification_score=0.666667; cooldown_score=1.000000; existing_position_penalty=0.333333; sector_cap_status=SOURCE_BLOCKED_SECTOR_UNAVAILABLE; matching_policy=EXACT_CANDIDATE_ID_ONLY_NO_SYMBOL_DATE_PRICE_TIME_FALLBACK
T601-3,decision-369b21b28b634ce0,decision-369b21b28b634ce0,MSFT,2026-05-28T16:00:52.226294Z,0.563636,0.0,0.666667,1.0,0.333333,0.763637,REJECTED,ENTRY_OR_SOURCE_BLOCKED_BY_FUNNEL,ENTRY_OR_SOURCE_BLOCKED_BY_FUNNEL,,SOURCE_BLOCKED_SECTOR_UNAVAILABLE,SOURCE_BLOCKED_NO_LIQUIDITY_FIELD,390,8639.4339,0.25,0.5,INELIGIBLE_UNKNOWN,STRATEGY_FILTER_NOT_MET NO_ENTRY,0,0,,,2026-05-28T16:00:50.724480Z:MSFT,0,REJECTED: ENTRY_OR_SOURCE_BLOCKED_BY_FUNNEL; source=ENTRY_OR_SOURCE_BLOCKED_BY_FUNNEL; rank_score=0.563636; liquidity_score=0.000000; diversification_score=0.666667; cooldown_score=1.000000; existing_position_penalty=0.333333; sector_cap_status=SOURCE_BLOCKED_SECTOR_UNAVAILABLE; matching_policy=EXACT_CANDIDATE_ID_ONLY_NO_SYMBOL_DATE_PRICE_TIME_FALLBACK
T601-3,decision-f8ac35fccc9b4d7a,decision-f8ac35fccc9b4d7a,MSFT,2026-05-28T16:02:40.061967Z,0.563636,0.0,0.666667,1.0,0.333333,0.763637,REJECTED,ENTRY_OR_SOURCE_BLOCKED_BY_FUNNEL,ENTRY_OR_SOURCE_BLOCKED_BY_FUNNEL,,SOURCE_BLOCKED_SECTOR_UNAVAILABLE,SOURCE_BLOCKED_NO_LIQUIDITY_FIELD,390,8641.2312,0.25,0.5,INELIGIBLE_UNKNOWN,STRATEGY_FILTER_NOT_MET NO_ENTRY,0,0,,,2026-05-28T16:02:38.537148Z:MSFT,0,REJECTED: ENTRY_OR_SOURCE_BLOCKED_BY_FUNNEL; source=ENTRY_OR_SOURCE_BLOCKED_BY_FUNNEL; rank_score=0.563636; liquidity_score=0.000000; diversification_score=0.666667; cooldown_score=1.000000; existing_position_penalty=0.333333; sector_cap_status=SOURCE_BLOCKED_SECTOR_UNAVAILABLE; matching_policy=EXACT_CANDIDATE_ID_ONLY_NO_SYMBOL_DATE_PRICE_TIME_FALLBACK
T601-3,decision-9dac4dd9ea3b4f9a,decision-9dac4dd9ea3b4f9a,MSFT,2026-05-28T16:06:00.823575Z,0.563636,0.0,0.666667,1.0,0.333333,0.763637,REJECTED,ENTRY_OR_SOURCE_BLOCKED_BY_FUNNEL,ENTRY_OR_SOURCE_BLOCKED_BY_FUNNEL,,SOURCE_BLOCKED_SECTOR_UNAVAILABLE,SOURCE_BLOCKED_NO_LIQUIDITY_FIELD,390,8644.5772,0.25,0.5,INELIGIBLE_UNKNOWN,STRATEGY_FILTER_NOT_MET NO_ENTRY,0,0,,,2026-05-28T16:05:59.314701Z:MSFT,0,REJECTED: ENTRY_OR_SOURCE_BLOCKED_BY_FUNNEL; source=ENTRY_OR_SOURCE_BLOCKED_BY_FUNNEL; rank_score=0.563636; liquidity_score=0.000000; diversification_score=0.666667; cooldown_score=1.000000; existing_position_penalty=0.333333; sector_cap_status=SOURCE_BLOCKED_SECTOR_UNAVAILABLE; matching_policy=EXACT_CANDIDATE_ID_ONLY_NO_SYMBOL_DATE_PRICE_TIME_FALLBACK
T601-3,decision-b5b5ef35097f4698,decision-b5b5ef35097f4698,MSFT,2026-05-28T16:07:50.064381Z,0.563636,0.0,0.666667,1.0,0.333333,0.763637,REJECTED,ENTRY_OR_SOURCE_BLOCKED_BY_FUNNEL,ENTRY_OR_SOURCE_BLOCKED_BY_FUNNEL,,SOURCE_BLOCKED_SECTOR_UNAVAILABLE,SOURCE_BLOCKED_NO_LIQUIDITY_FIELD,390,8646.3979,0.25,0.5,INELIGIBLE_UNKNOWN,STRATEGY_FILTER_NOT_MET NO_ENTRY,0,0,,,2026-05-28T16:07:48.498141Z:MSFT,0,REJECTED: ENTRY_OR_SOURCE_BLOCKED_BY_FUNNEL; source=ENTRY_OR_SOURCE_BLOCKED_BY_FUNNEL; rank_score=0.563636; liquidity_score=0.000000; diversification_score=0.666667; cooldown_score=1.000000; existing_position_penalty=0.333333; sector_cap_status=SOURCE_BLOCKED_SECTOR_UNAVAILABLE; matching_policy=EXACT_CANDIDATE_ID_ONLY_NO_SYMBOL_DATE_PRICE_TIME_FALLBACK
T601-3,decision-5251cbb5475a4229,decision-5251cbb5475a4229,MSFT,2026-05-28T16:11:10.705278Z,0.563636,0.0,0.666667,1.0,0.333333,0.763637,REJECTED,ENTRY_OR_SOURCE_BLOCKED_BY_FUNNEL,ENTRY_OR_SOURCE_BLOCKED_BY_FUNNEL,,SOURCE_BLOCKED_SECTOR_UNAVAILABLE,SOURCE_BLOCKED_NO_LIQUIDITY_FIELD,390,8649.7419,0.25,0.5,INELIGIBLE_UNKNOWN,STRATEGY_FILTER_NOT_MET NO_ENTRY,0,0,,,2026-05-28T16:11:09.148421Z:MSFT,0,REJECTED: ENTRY_OR_SOURCE_BLOCKED_BY_FUNNEL; source=ENTRY_OR_SOURCE_BLOCKED_BY_FUNNEL; rank_score=0.563636; liquidity_score=0.000000; diversification_score=0.666667; cooldown_score=1.000000; existing_position_penalty=0.333333; sector_cap_status=SOURCE_BLOCKED_SECTOR_UNAVAILABLE; matching_policy=EXACT_CANDIDATE_ID_ONLY_NO_SYMBOL_DATE_PRICE_TIME_FALLBACK
T601-3,decision-dbba4215ee0a4d3a,decision-dbba4215ee0a4d3a,MSFT,2026-05-28T16:12:58.597818Z,0.563636,0.0,0.666667,1.0,0.333333,0.763637,REJECTED,ENTRY_OR_SOURCE_BLOCKED_BY_FUNNEL,ENTRY_OR_SOURCE_BLOCKED_BY_FUNNEL,,SOURCE_BLOCKED_SECTOR_UNAVAILABLE,SOURCE_BLOCKED_NO_LIQUIDITY_FIELD,390,8651.5401,0.25,0.5,INELIGIBLE_UNKNOWN,STRATEGY_FILTER_NOT_MET NO_ENTRY,0,0,,,2026-05-28T16:12:57.152970Z:MSFT,0,REJECTED: ENTRY_OR_SOURCE_BLOCKED_BY_FUNNEL; source=ENTRY_OR_SOURCE_BLOCKED_BY_FUNNEL; rank_score=0.563636; liquidity_score=0.000000; diversification_score=0.666667; cooldown_score=1.000000; existing_position_penalty=0.333333; sector_cap_status=SOURCE_BLOCKED_SECTOR_UNAVAILABLE; matching_policy=EXACT_CANDIDATE_ID_ONLY_NO_SYMBOL_DATE_PRICE_TIME_FALLBACK
T601-3,decision-35a22f6df085496e,decision-35a22f6df085496e,MSFT,2026-05-28T16:16:19.557484Z,0.563636,0.0,0.666667,1.0,0.333333,0.763637,REJECTED,ENTRY_OR_SOURCE_BLOCKED_BY_FUNNEL,ENTRY_OR_SOURCE_BLOCKED_BY_FUNNEL,,SOURCE_BLOCKED_SECTOR_UNAVAILABLE,SOURCE_BLOCKED_NO_LIQUIDITY_FIELD,390,8654.8895,0.25,0.5,INELIGIBLE_UNKNOWN,STRATEGY_FILTER_NOT_MET NO_ENTRY,0,0,,,2026-05-28T16:16:18.062765Z:MSFT,0,REJECTED: ENTRY_OR_SOURCE_BLOCKED_BY_FUNNEL; source=ENTRY_OR_SOURCE_BLOCKED_BY_FUNNEL; rank_score=0.563636; liquidity_score=0.000000; diversification_score=0.666667; cooldown_score=1.000000; existing_position_penalty=0.333333; sector_cap_status=SOURCE_BLOCKED_SECTOR_UNAVAILABLE; matching_policy=EXACT_CANDIDATE_ID_ONLY_NO_SYMBOL_DATE_PRICE_TIME_FALLBACK
T601-3,decision-241c4d90c47f4bbf,decision-241c4d90c47f4bbf,MSFT,2026-05-28T16:18:07.223920Z,0.563636,0.0,0.666667,1.0,0.333333,0.763637,REJECTED,ENTRY_OR_SOURCE_BLOCKED_BY_FUNNEL,ENTRY_OR_SOURCE_BLOCKED_BY_FUNNEL,,SOURCE_BLOCKED_SECTOR_UNAVAILABLE,SOURCE_BLOCKED_NO_LIQUIDITY_FIELD,390,8656.6839,0.25,0.5,INELIGIBLE_UNKNOWN,STRATEGY_FILTER_NOT_MET NO_ENTRY,0,0,,,2026-05-28T16:18:05.628847Z:MSFT,0,REJECTED: ENTRY_OR_SOURCE_BLOCKED_BY_FUNNEL; source=ENTRY_OR_SOURCE_BLOCKED_BY_FUNNEL; rank_score=0.563636; liquidity_score=0.000000; diversification_score=0.666667; cooldown_score=1.000000; existing_position_penalty=0.333333; sector_cap_status=SOURCE_BLOCKED_SECTOR_UNAVAILABLE; matching_policy=EXACT_CANDIDATE_ID_ONLY_NO_SYMBOL_DATE_PRICE_TIME_FALLBACK
T601-3,decision-5eb809503cea486a,decision-5eb809503cea486a,MSFT,2026-05-28T16:21:28.915815Z,0.563636,0.0,0.666667,1.0,0.333333,0.763637,REJECTED,ENTRY_OR_SOURCE_BLOCKED_BY_FUNNEL,ENTRY_OR_SOURCE_BLOCKED_BY_FUNNEL,,SOURCE_BLOCKED_SECTOR_UNAVAILABLE,SOURCE_BLOCKED_NO_LIQUIDITY_FIELD,390,8660.0454,0.25,0.5,INELIGIBLE_UNKNOWN,STRATEGY_FILTER_NOT_MET NO_ENTRY,0,0,,,2026-05-28T16:21:27.416687Z:MSFT,0,REJECTED: ENTRY_OR_SOURCE_BLOCKED_BY_FUNNEL; source=ENTRY_OR_SOURCE_BLOCKED_BY_FUNNEL; rank_score=0.563636; liquidity_score=0.000000; diversification_score=0.666667; cooldown_score=1.000000; existing_position_penalty=0.333333; sector_cap_status=SOURCE_BLOCKED_SECTOR_UNAVAILABLE; matching_policy=EXACT_CANDIDATE_ID_ONLY_NO_SYMBOL_DATE_PRICE_TIME_FALLBACK
T601-3,decision-4780a8382e3543c7,decision-4780a8382e3543c7,MSFT,2026-05-28T16:23:16.271251Z,0.563636,0.0,0.666667,1.0,0.333333,0.763637,SELECTED,PASSED_RANK_LIQUIDITY_DIVERSIFICATION_COOLDOWN_POSITION_CONTROLS,ELIGIBLE_FROM_FUNNEL,,SOURCE_BLOCKED_SECTOR_UNAVAILABLE,SOURCE_BLOCKED_NO_LIQUIDITY_FIELD,390,8661.8347,0.25,0.5,ELIGIBLE,,1,1,38238.0,0000038238:2026-05-28T16:26:38.843723Z:ORDER_STATUS,2026-05-28T16:23:14.775572Z:MSFT,0,SELECTED: PASSED_RANK_LIQUIDITY_DIVERSIFICATION_COOLDOWN_POSITION_CONTROLS; source=ELIGIBLE_FROM_FUNNEL; rank_score=0.563636; liquidity_score=0.000000; diversification_score=0.666667; cooldown_score=1.000000; existing_position_penalty=0.333333; sector_cap_status=SOURCE_BLOCKED_SECTOR_UNAVAILABLE; matching_policy=EXACT_CANDIDATE_ID_ONLY_NO_SYMBOL_DATE_PRICE_TIME_FALLBACK
T601-3,decision-9a8896b5f88b480b,decision-9a8896b5f88b480b,MSFT,2026-05-28T16:26:37.824656Z,0.563636,0.0,0.333333,0.0,0.666667,0.513636,REJECTED,SYMBOL_COOLDOWN_ACTIVE_390_MINUTES,ELIGIBLE_FROM_FUNNEL,,SOURCE_BLOCKED_SECTOR_UNAVAILABLE,SOURCE_BLOCKED_NO_LIQUIDITY_FIELD,390,3.3592,0.25,0.5,ELIGIBLE,,0,0,,,2026-05-28T16:26:36.326144Z:MSFT,0,REJECTED: SYMBOL_COOLDOWN_ACTIVE_390_MINUTES; source=ELIGIBLE_FROM_FUNNEL; rank_score=0.563636; liquidity_score=0.000000; diversification_score=0.333333; cooldown_score=0.000000; existing_position_penalty=0.666667; sector_cap_status=SOURCE_BLOCKED_SECTOR_UNAVAILABLE; matching_policy=EXACT_CANDIDATE_ID_ONLY_NO_SYMBOL_DATE_PRICE_TIME_FALLBACK
T601-3,decision-8cc1a1a7ced0400b,decision-8cc1a1a7ced0400b,MSFT,2026-05-28T16:28:25.983494Z,0.563636,0.0,0.333333,0.0,0.666667,0.513636,REJECTED,SYMBOL_COOLDOWN_ACTIVE_390_MINUTES,ELIGIBLE_FROM_FUNNEL,,SOURCE_BLOCKED_SECTOR_UNAVAILABLE,SOURCE_BLOCKED_NO_LIQUIDITY_FIELD,390,5.1619,0.25,0.5,ELIGIBLE,,0,0,,,2026-05-28T16:28:24.529994Z:MSFT,0,REJECTED: SYMBOL_COOLDOWN_ACTIVE_390_MINUTES; source=ELIGIBLE_FROM_FUNNEL; rank_score=0.563636; liquidity_score=0.000000; diversification_score=0.333333; cooldown_score=0.000000; existing_position_penalty=0.666667; sector_cap_status=SOURCE_BLOCKED_SECTOR_UNAVAILABLE; matching_policy=EXACT_CANDIDATE_ID_ONLY_NO_SYMBOL_DATE_PRICE_TIME_FALLBACK
T601-3,decision-30c6aa5d354143b6,decision-30c6aa5d354143b6,MSFT,2026-05-28T16:31:47.668483Z,0.563636,0.0,0.333333,0.0,0.666667,0.513636,REJECTED,SYMBOL_COOLDOWN_ACTIVE_390_MINUTES,ELIGIBLE_FROM_FUNNEL,,SOURCE_BLOCKED_SECTOR_UNAVAILABLE,SOURCE_BLOCKED_NO_LIQUIDITY_FIELD,390,8.5233,0.25,0.5,ELIGIBLE,,0,0,,,2026-05-28T16:31:46.245552Z:MSFT,0,REJECTED: SYMBOL_COOLDOWN_ACTIVE_390_MINUTES; source=ELIGIBLE_FROM_FUNNEL; rank_score=0.563636; liquidity_score=0.000000; diversification_score=0.333333; cooldown_score=0.000000; existing_position_penalty=0.666667; sector_cap_status=SOURCE_BLOCKED_SECTOR_UNAVAILABLE; matching_policy=EXACT_CANDIDATE_ID_ONLY_NO_SYMBOL_DATE_PRICE_TIME_FALLBACK
T601-3,decision-7a09dcf01a284778,decision-7a09dcf01a284778,MSFT,2026-05-28T16:33:35.114946Z,0.563636,0.0,0.333333,0.0,0.666667,0.513636,REJECTED,SYMBOL_COOLDOWN_ACTIVE_390_MINUTES,ELIGIBLE_FROM_FUNNEL,,SOURCE_BLOCKED_SECTOR_UNAVAILABLE,SOURCE_BLOCKED_NO_LIQUIDITY_FIELD,390,10.3141,0.25,0.5,ELIGIBLE,,0,0,,,2026-05-28T16:33:33.517701Z:MSFT,0,REJECTED: SYMBOL_COOLDOWN_ACTIVE_390_MINUTES; source=ELIGIBLE_FROM_FUNNEL; rank_score=0.563636; liquidity_score=0.000000; diversification_score=0.333333; cooldown_score=0.000000; existing_position_penalty=0.666667; sector_cap_status=SOURCE_BLOCKED_SECTOR_UNAVAILABLE; matching_policy=EXACT_CANDIDATE_ID_ONLY_NO_SYMBOL_DATE_PRICE_TIME_FALLBACK
T601-3,decision-8df58f9fe6bd40d0,decision-8df58f9fe6bd40d0,MSFT,2026-05-28T16:36:59.560598Z,0.563636,0.0,0.333333,0.0,0.666667,0.513636,REJECTED,ENTRY_OR_SOURCE_BLOCKED_BY_FUNNEL,ENTRY_OR_SOURCE_BLOCKED_BY_FUNNEL,,SOURCE_BLOCKED_SECTOR_UNAVAILABLE,SOURCE_BLOCKED_NO_LIQUIDITY_FIELD,390,13.7215,0.25,0.5,INELIGIBLE_UNKNOWN,STRATEGY_FILTER_NOT_MET NO_ENTRY,0,0,,,2026-05-28T16:36:58.010109Z:MSFT,0,REJECTED: ENTRY_OR_SOURCE_BLOCKED_BY_FUNNEL; source=ENTRY_OR_SOURCE_BLOCKED_BY_FUNNEL; rank_score=0.563636; liquidity_score=0.000000; diversification_score=0.333333; cooldown_score=0.000000; existing_position_penalty=0.666667; sector_cap_status=SOURCE_BLOCKED_SECTOR_UNAVAILABLE; matching_policy=EXACT_CANDIDATE_ID_ONLY_NO_SYMBOL_DATE_PRICE_TIME_FALLBACK
T601-3,decision-4049af353d1842a0,decision-4049af353d1842a0,MSFT,2026-05-28T16:38:44.291459Z,0.563636,0.0,0.333333,0.0,0.666667,0.513636,REJECTED,ENTRY_OR_SOURCE_BLOCKED_BY_FUNNEL,ENTRY_OR_SOURCE_BLOCKED_BY_FUNNEL,,SOURCE_BLOCKED_SECTOR_UNAVAILABLE,SOURCE_BLOCKED_NO_LIQUIDITY_FIELD,390,15.467,0.25,0.5,INELIGIBLE_UNKNOWN,STRATEGY_FILTER_NOT_MET NO_ENTRY,0,0,,,2026-05-28T16:38:42.768479Z:MSFT,0,REJECTED: ENTRY_OR_SOURCE_BLOCKED_BY_FUNNEL; source=ENTRY_OR_SOURCE_BLOCKED_BY_FUNNEL; rank_score=0.563636; liquidity_score=0.000000; diversification_score=0.333333; cooldown_score=0.000000; existing_position_penalty=0.666667; sector_cap_status=SOURCE_BLOCKED_SECTOR_UNAVAILABLE; matching_policy=EXACT_CANDIDATE_ID_ONLY_NO_SYMBOL_DATE_PRICE_TIME_FALLBACK
T601-3,decision-1e8b7eaa7f1d4624,decision-1e8b7eaa7f1d4624,MSFT,2026-05-28T16:42:08.025697Z,0.563636,0.0,0.333333,0.0,0.666667,0.513636,REJECTED,SYMBOL_COOLDOWN_ACTIVE_390_MINUTES,ELIGIBLE_FROM_FUNNEL,,SOURCE_BLOCKED_SECTOR_UNAVAILABLE,SOURCE_BLOCKED_NO_LIQUIDITY_FIELD,390,18.8626,0.25,0.5,ELIGIBLE,,0,0,,,2026-05-28T16:42:06.516054Z:MSFT,0,REJECTED: SYMBOL_COOLDOWN_ACTIVE_390_MINUTES; source=ELIGIBLE_FROM_FUNNEL; rank_score=0.563636; liquidity_score=0.000000; diversification_score=0.333333; cooldown_score=0.000000; existing_position_penalty=0.666667; sector_cap_status=SOURCE_BLOCKED_SECTOR_UNAVAILABLE; matching_policy=EXACT_CANDIDATE_ID_ONLY_NO_SYMBOL_DATE_PRICE_TIME_FALLBACK
T601-3,decision-eefb25cc715f48c0,decision-eefb25cc715f48c0,MSFT,2026-05-28T16:43:53.864939Z,0.563636,0.0,0.333333,0.0,0.666667,0.513636,REJECTED,SYMBOL_COOLDOWN_ACTIVE_390_MINUTES,ELIGIBLE_FROM_FUNNEL,,SOURCE_BLOCKED_SECTOR_UNAVAILABLE,SOURCE_BLOCKED_NO_LIQUIDITY_FIELD,390,20.6266,0.25,0.5,ELIGIBLE,,0,0,,,2026-05-28T16:43:52.227867Z:MSFT,0,REJECTED: SYMBOL_COOLDOWN_ACTIVE_390_MINUTES; source=ELIGIBLE_FROM_FUNNEL; rank_score=0.563636; liquidity_score=0.000000; diversification_score=0.333333; cooldown_score=0.000000; existing_position_penalty=0.666667; sector_cap_status=SOURCE_BLOCKED_SECTOR_UNAVAILABLE; matching_policy=EXACT_CANDIDATE_ID_ONLY_NO_SYMBOL_DATE_PRICE_TIME_FALLBACK
T601-3,decision-211ce6489d1f4e3f,decision-211ce6489d1f4e3f,MSFT,2026-05-28T16:47:16.512366Z,0.563636,0.0,0.333333,0.0,0.666667,0.513636,REJECTED,SYMBOL_COOLDOWN_ACTIVE_390_MINUTES,ELIGIBLE_FROM_FUNNEL,,SOURCE_BLOCKED_SECTOR_UNAVAILABLE,SOURCE_BLOCKED_NO_LIQUIDITY_FIELD,390,24.004,0.25,0.5,ELIGIBLE,,0,0,,,2026-05-28T16:47:15.023778Z:MSFT,0,REJECTED: SYMBOL_COOLDOWN_ACTIVE_390_MINUTES; source=ELIGIBLE_FROM_FUNNEL; rank_score=0.563636; liquidity_score=0.000000; diversification_score=0.333333; cooldown_score=0.000000; existing_position_penalty=0.666667; sector_cap_status=SOURCE_BLOCKED_SECTOR_UNAVAILABLE; matching_policy=EXACT_CANDIDATE_ID_ONLY_NO_SYMBOL_DATE_PRICE_TIME_FALLBACK
T601-3,decision-c486cb6dc4034007,decision-c486cb6dc4034007,MSFT,2026-05-28T16:49:02.534572Z,0.563636,0.0,0.333333,0.0,0.666667,0.513636,REJECTED,SYMBOL_COOLDOWN_ACTIVE_390_MINUTES,ELIGIBLE_FROM_FUNNEL,,SOURCE_BLOCKED_SECTOR_UNAVAILABLE,SOURCE_BLOCKED_NO_LIQUIDITY_FIELD,390,25.7711,0.25,0.5,ELIGIBLE,,0,0,,,2026-05-28T16:49:00.975787Z:MSFT,0,REJECTED: SYMBOL_COOLDOWN_ACTIVE_390_MINUTES; source=ELIGIBLE_FROM_FUNNEL; rank_score=0.563636; liquidity_score=0.000000; diversification_score=0.333333; cooldown_score=0.000000; existing_position_penalty=0.666667; sector_cap_status=SOURCE_BLOCKED_SECTOR_UNAVAILABLE; matching_policy=EXACT_CANDIDATE_ID_ONLY_NO_SYMBOL_DATE_PRICE_TIME_FALLBACK
T601-3,decision-86fbff71252745f4,decision-86fbff71252745f4,MSFT,2026-05-28T16:52:25.770235Z,0.563636,0.0,0.333333,0.0,0.666667,0.513636,REJECTED,ENTRY_OR_SOURCE_BLOCKED_BY_FUNNEL,ENTRY_OR_SOURCE_BLOCKED_BY_FUNNEL,,SOURCE_BLOCKED_SECTOR_UNAVAILABLE,SOURCE_BLOCKED_NO_LIQUIDITY_FIELD,390,29.1583,0.25,0.5,INELIGIBLE_UNKNOWN,STRATEGY_FILTER_NOT_MET NO_ENTRY,0,0,,,2026-05-28T16:52:24.311543Z:MSFT,0,REJECTED: ENTRY_OR_SOURCE_BLOCKED_BY_FUNNEL; source=ENTRY_OR_SOURCE_BLOCKED_BY_FUNNEL; rank_score=0.563636; liquidity_score=0.000000; diversification_score=0.333333; cooldown_score=0.000000; existing_position_penalty=0.666667; sector_cap_status=SOURCE_BLOCKED_SECTOR_UNAVAILABLE; matching_policy=EXACT_CANDIDATE_ID_ONLY_NO_SYMBOL_DATE_PRICE_TIME_FALLBACK
T601-3,decision-8f7fd781947a4dc5,decision-8f7fd781947a4dc5,MSFT,2026-05-28T16:54:12.149137Z,0.563636,0.0,0.333333,0.0,0.666667,0.513636,REJECTED,ENTRY_OR_SOURCE_BLOCKED_BY_FUNNEL,ENTRY_OR_SOURCE_BLOCKED_BY_FUNNEL,,SOURCE_BLOCKED_SECTOR_UNAVAILABLE,SOURCE_BLOCKED_NO_LIQUIDITY_FIELD,390,30.9313,0.25,0.5,INELIGIBLE_UNKNOWN,STRATEGY_FILTER_NOT_MET NO_ENTRY,0,0,,,2026-05-28T16:54:10.608536Z:MSFT,0,REJECTED: ENTRY_OR_SOURCE_BLOCKED_BY_FUNNEL; source=ENTRY_OR_SOURCE_BLOCKED_BY_FUNNEL; rank_score=0.563636; liquidity_score=0.000000; diversification_score=0.333333; cooldown_score=0.000000; existing_position_penalty=0.666667; sector_cap_status=SOURCE_BLOCKED_SECTOR_UNAVAILABLE; matching_policy=EXACT_CANDIDATE_ID_ONLY_NO_SYMBOL_DATE_PRICE_TIME_FALLBACK
T601-3,decision-4ebd930ebc474d50,decision-4ebd930ebc474d50,MSFT,2026-05-28T16:57:36.263250Z,0.563636,0.0,0.333333,0.0,0.666667,0.513636,REJECTED,ENTRY_OR_SOURCE_BLOCKED_BY_FUNNEL,ENTRY_OR_SOURCE_BLOCKED_BY_FUNNEL,,SOURCE_BLOCKED_SECTOR_UNAVAILABLE,SOURCE_BLOCKED_NO_LIQUIDITY_FIELD,390,34.3332,0.25,0.5,INELIGIBLE_UNKNOWN,STRATEGY_FILTER_NOT_MET NO_ENTRY,0,0,,,2026-05-28T16:57:34.732475Z:MSFT,0,REJECTED: ENTRY_OR_SOURCE_BLOCKED_BY_FUNNEL; source=ENTRY_OR_SOURCE_BLOCKED_BY_FUNNEL; rank_score=0.563636; liquidity_score=0.000000; diversification_score=0.333333; cooldown_score=0.000000; existing_position_penalty=0.666667; sector_cap_status=SOURCE_BLOCKED_SECTOR_UNAVAILABLE; matching_policy=EXACT_CANDIDATE_ID_ONLY_NO_SYMBOL_DATE_PRICE_TIME_FALLBACK
T601-3,decision-db317c0b51bd4dfa,decision-db317c0b51bd4dfa,AMD,2026-05-28T16:59:21.171201Z,0.522727,0.0,0.0,1.0,1.0,0.422727,REJECTED,SAME_SYMBOL_CAP_0.25,ELIGIBLE_FROM_FUNNEL,,SOURCE_BLOCKED_SECTOR_UNAVAILABLE,SOURCE_BLOCKED_NO_LIQUIDITY_FIELD,390,10017.5058,0.25,0.5,ELIGIBLE,,0,0,,,2026-05-28T16:59:19.627243Z:AMD,0,REJECTED: SAME_SYMBOL_CAP_0.25; source=ELIGIBLE_FROM_FUNNEL; rank_score=0.522727; liquidity_score=0.000000; diversification_score=0.000000; cooldown_score=1.000000; existing_position_penalty=1.000000; sector_cap_status=SOURCE_BLOCKED_SECTOR_UNAVAILABLE; matching_policy=EXACT_CANDIDATE_ID_ONLY_NO_SYMBOL_DATE_PRICE_TIME_FALLBACK
T601-3,decision-e5a7b8aa28294ff4,decision-e5a7b8aa28294ff4,AMD,2026-05-28T17:02:45.526478Z,0.522727,0.0,0.0,1.0,1.0,0.422727,REJECTED,SAME_SYMBOL_CAP_0.25,ELIGIBLE_FROM_FUNNEL,,SOURCE_BLOCKED_SECTOR_UNAVAILABLE,SOURCE_BLOCKED_NO_LIQUIDITY_FIELD,390,10020.9118,0.25,0.5,ELIGIBLE,,0,0,,,2026-05-28T17:02:44.026397Z:AMD,0,REJECTED: SAME_SYMBOL_CAP_0.25; source=ELIGIBLE_FROM_FUNNEL; rank_score=0.522727; liquidity_score=0.000000; diversification_score=0.000000; cooldown_score=1.000000; existing_position_penalty=1.000000; sector_cap_status=SOURCE_BLOCKED_SECTOR_UNAVAILABLE; matching_policy=EXACT_CANDIDATE_ID_ONLY_NO_SYMBOL_DATE_PRICE_TIME_FALLBACK
T601-3,decision-277225d26893474d,decision-277225d26893474d,MSFT,2026-05-28T17:04:30.172963Z,0.563636,0.0,0.333333,0.0,0.666667,0.513636,REJECTED,ENTRY_OR_SOURCE_BLOCKED_BY_FUNNEL,ENTRY_OR_SOURCE_BLOCKED_BY_FUNNEL,,SOURCE_BLOCKED_SECTOR_UNAVAILABLE,SOURCE_BLOCKED_NO_LIQUIDITY_FIELD,390,41.2317,0.25,0.5,INELIGIBLE_UNKNOWN,STRATEGY_FILTER_NOT_MET NO_ENTRY,0,0,,,2026-05-28T17:04:28.692713Z:MSFT,0,REJECTED: ENTRY_OR_SOURCE_BLOCKED_BY_FUNNEL; source=ENTRY_OR_SOURCE_BLOCKED_BY_FUNNEL; rank_score=0.563636; liquidity_score=0.000000; diversification_score=0.333333; cooldown_score=0.000000; existing_position_penalty=0.666667; sector_cap_status=SOURCE_BLOCKED_SECTOR_UNAVAILABLE; matching_policy=EXACT_CANDIDATE_ID_ONLY_NO_SYMBOL_DATE_PRICE_TIME_FALLBACK
T601-3,decision-ca067f2a6f804194,decision-ca067f2a6f804194,MSFT,2026-05-28T17:07:54.411711Z,0.563636,0.0,0.333333,0.0,0.666667,0.513636,REJECTED,ENTRY_OR_SOURCE_BLOCKED_BY_FUNNEL,ENTRY_OR_SOURCE_BLOCKED_BY_FUNNEL,,SOURCE_BLOCKED_SECTOR_UNAVAILABLE,SOURCE_BLOCKED_NO_LIQUIDITY_FIELD,390,44.6357,0.25,0.5,INELIGIBLE_UNKNOWN,STRATEGY_FILTER_NOT_MET NO_ENTRY,0,0,,,2026-05-28T17:07:52.922371Z:MSFT,0,REJECTED: ENTRY_OR_SOURCE_BLOCKED_BY_FUNNEL; source=ENTRY_OR_SOURCE_BLOCKED_BY_FUNNEL; rank_score=0.563636; liquidity_score=0.000000; diversification_score=0.333333; cooldown_score=0.000000; existing_position_penalty=0.666667; sector_cap_status=SOURCE_BLOCKED_SECTOR_UNAVAILABLE; matching_policy=EXACT_CANDIDATE_ID_ONLY_NO_SYMBOL_DATE_PRICE_TIME_FALLBACK
T601-3,decision-2ae56bea40194792,decision-2ae56bea40194792,MSFT,2026-05-28T17:09:39.237405Z,0.563636,0.0,0.333333,0.0,0.666667,0.513636,REJECTED,ENTRY_OR_SOURCE_BLOCKED_BY_FUNNEL,ENTRY_OR_SOURCE_BLOCKED_BY_FUNNEL,,SOURCE_BLOCKED_SECTOR_UNAVAILABLE,SOURCE_BLOCKED_NO_LIQUIDITY_FIELD,390,46.3828,0.25,0.5,INELIGIBLE_UNKNOWN,STRATEGY_FILTER_NOT_MET NO_ENTRY,0,0,,,2026-05-28T17:09:37.794529Z:MSFT,0,REJECTED: ENTRY_OR_SOURCE_BLOCKED_BY_FUNNEL; source=ENTRY_OR_SOURCE_BLOCKED_BY_FUNNEL; rank_score=0.563636; liquidity_score=0.000000; diversification_score=0.333333; cooldown_score=0.000000; existing_position_penalty=0.666667; sector_cap_status=SOURCE_BLOCKED_SECTOR_UNAVAILABLE; matching_policy=EXACT_CANDIDATE_ID_ONLY_NO_SYMBOL_DATE_PRICE_TIME_FALLBACK
T601-3,decision-3a733af423dc4630,decision-3a733af423dc4630,MSFT,2026-05-28T17:13:03.215714Z,0.563636,0.0,0.333333,0.0,0.666667,0.513636,REJECTED,ENTRY_OR_SOURCE_BLOCKED_BY_FUNNEL,ENTRY_OR_SOURCE_BLOCKED_BY_FUNNEL,,SOURCE_BLOCKED_SECTOR_UNAVAILABLE,SOURCE_BLOCKED_NO_LIQUIDITY_FIELD,390,49.7824,0.25,0.5,INELIGIBLE_UNKNOWN,STRATEGY_FILTER_NOT_MET NO_ENTRY,0,0,,,2026-05-28T17:13:01.813153Z:MSFT,0,REJECTED: ENTRY_OR_SOURCE_BLOCKED_BY_FUNNEL; source=ENTRY_OR_SOURCE_BLOCKED_BY_FUNNEL; rank_score=0.563636; liquidity_score=0.000000; diversification_score=0.333333; cooldown_score=0.000000; existing_position_penalty=0.666667; sector_cap_status=SOURCE_BLOCKED_SECTOR_UNAVAILABLE; matching_policy=EXACT_CANDIDATE_ID_ONLY_NO_SYMBOL_DATE_PRICE_TIME_FALLBACK
T601-3,decision-b02e2511e6534c53,decision-b02e2511e6534c53,MSFT,2026-05-28T17:14:48.340998Z,0.563636,0.0,0.333333,0.0,0.666667,0.513636,REJECTED,ENTRY_OR_SOURCE_BLOCKED_BY_FUNNEL,ENTRY_OR_SOURCE_BLOCKED_BY_FUNNEL,,SOURCE_BLOCKED_SECTOR_UNAVAILABLE,SOURCE_BLOCKED_NO_LIQUIDITY_FIELD,390,51.5345,0.25,0.5,INELIGIBLE_UNKNOWN,STRATEGY_FILTER_NOT_MET NO_ENTRY,0,0,,,2026-05-28T17:14:46.928088Z:MSFT,0,REJECTED: ENTRY_OR_SOURCE_BLOCKED_BY_FUNNEL; source=ENTRY_OR_SOURCE_BLOCKED_BY_FUNNEL; rank_score=0.563636; liquidity_score=0.000000; diversification_score=0.333333; cooldown_score=0.000000; existing_position_penalty=0.666667; sector_cap_status=SOURCE_BLOCKED_SECTOR_UNAVAILABLE; matching_policy=EXACT_CANDIDATE_ID_ONLY_NO_SYMBOL_DATE_PRICE_TIME_FALLBACK
T601-3,decision-384b786aaa68431a,decision-384b786aaa68431a,MSFT,2026-05-28T17:18:12.770151Z,0.563636,0.0,0.333333,0.0,0.666667,0.513636,REJECTED,ENTRY_OR_SOURCE_BLOCKED_BY_FUNNEL,ENTRY_OR_SOURCE_BLOCKED_BY_FUNNEL,,SOURCE_BLOCKED_SECTOR_UNAVAILABLE,SOURCE_BLOCKED_NO_LIQUIDITY_FIELD,390,54.9416,0.25,0.5,INELIGIBLE_UNKNOWN,STRATEGY_FILTER_NOT_MET NO_ENTRY,0,0,,,2026-05-28T17:18:11.228683Z:MSFT,0,REJECTED: ENTRY_OR_SOURCE_BLOCKED_BY_FUNNEL; source=ENTRY_OR_SOURCE_BLOCKED_BY_FUNNEL; rank_score=0.563636; liquidity_score=0.000000; diversification_score=0.333333; cooldown_score=0.000000; existing_position_penalty=0.666667; sector_cap_status=SOURCE_BLOCKED_SECTOR_UNAVAILABLE; matching_policy=EXACT_CANDIDATE_ID_ONLY_NO_SYMBOL_DATE_PRICE_TIME_FALLBACK
T601-3,decision-8d3a4c9b3f964fc2,decision-8d3a4c9b3f964fc2,MSFT,2026-05-28T17:19:57.985754Z,0.563636,0.0,0.333333,0.0,0.666667,0.513636,REJECTED,ENTRY_OR_SOURCE_BLOCKED_BY_FUNNEL,ENTRY_OR_SOURCE_BLOCKED_BY_FUNNEL,,SOURCE_BLOCKED_SECTOR_UNAVAILABLE,SOURCE_BLOCKED_NO_LIQUIDITY_FIELD,390,56.6952,0.25,0.5,INELIGIBLE_UNKNOWN,STRATEGY_FILTER_NOT_MET NO_ENTRY,0,0,,,2026-05-28T17:19:56.356661Z:MSFT,0,REJECTED: ENTRY_OR_SOURCE_BLOCKED_BY_FUNNEL; source=ENTRY_OR_SOURCE_BLOCKED_BY_FUNNEL; rank_score=0.563636; liquidity_score=0.000000; diversification_score=0.333333; cooldown_score=0.000000; existing_position_penalty=0.666667; sector_cap_status=SOURCE_BLOCKED_SECTOR_UNAVAILABLE; matching_policy=EXACT_CANDIDATE_ID_ONLY_NO_SYMBOL_DATE_PRICE_TIME_FALLBACK
T601-3,decision-05852633de3e4432,decision-05852633de3e4432,MSFT,2026-05-28T17:23:21.732161Z,0.563636,0.0,0.333333,0.0,0.666667,0.513636,REJECTED,ENTRY_OR_SOURCE_BLOCKED_BY_FUNNEL,ENTRY_OR_SOURCE_BLOCKED_BY_FUNNEL,,SOURCE_BLOCKED_SECTOR_UNAVAILABLE,SOURCE_BLOCKED_NO_LIQUIDITY_FIELD,390,60.091,0.25,0.5,INELIGIBLE_UNKNOWN,STRATEGY_FILTER_NOT_MET NO_ENTRY,0,0,,,2026-05-28T17:23:20.192293Z:MSFT,0,REJECTED: ENTRY_OR_SOURCE_BLOCKED_BY_FUNNEL; source=ENTRY_OR_SOURCE_BLOCKED_BY_FUNNEL; rank_score=0.563636; liquidity_score=0.000000; diversification_score=0.333333; cooldown_score=0.000000; existing_position_penalty=0.666667; sector_cap_status=SOURCE_BLOCKED_SECTOR_UNAVAILABLE; matching_policy=EXACT_CANDIDATE_ID_ONLY_NO_SYMBOL_DATE_PRICE_TIME_FALLBACK
T601-3,decision-908b3437704240c8,decision-908b3437704240c8,MSFT,2026-05-28T17:25:07.119434Z,0.563636,0.0,0.333333,0.0,0.666667,0.513636,REJECTED,ENTRY_OR_SOURCE_BLOCKED_BY_FUNNEL,ENTRY_OR_SOURCE_BLOCKED_BY_FUNNEL,,SOURCE_BLOCKED_SECTOR_UNAVAILABLE,SOURCE_BLOCKED_NO_LIQUIDITY_FIELD,390,61.8475,0.25,0.5,INELIGIBLE_UNKNOWN,STRATEGY_FILTER_NOT_MET NO_ENTRY,0,0,,,2026-05-28T17:25:05.533769Z:MSFT,0,REJECTED: ENTRY_OR_SOURCE_BLOCKED_BY_FUNNEL; source=ENTRY_OR_SOURCE_BLOCKED_BY_FUNNEL; rank_score=0.563636; liquidity_score=0.000000; diversification_score=0.333333; cooldown_score=0.000000; existing_position_penalty=0.666667; sector_cap_status=SOURCE_BLOCKED_SECTOR_UNAVAILABLE; matching_policy=EXACT_CANDIDATE_ID_ONLY_NO_SYMBOL_DATE_PRICE_TIME_FALLBACK
T601-3,decision-438d8cf05f844297,decision-438d8cf05f844297,MSFT,2026-05-28T17:28:30.777536Z,0.563636,0.0,0.333333,0.0,0.666667,0.513636,REJECTED,ENTRY_OR_SOURCE_BLOCKED_BY_FUNNEL,ENTRY_OR_SOURCE_BLOCKED_BY_FUNNEL,,SOURCE_BLOCKED_SECTOR_UNAVAILABLE,SOURCE_BLOCKED_NO_LIQUIDITY_FIELD,390,65.2418,0.25,0.5,INELIGIBLE_UNKNOWN,STRATEGY_FILTER_NOT_MET NO_ENTRY,0,0,,,2026-05-28T17:28:29.274661Z:MSFT,0,REJECTED: ENTRY_OR_SOURCE_BLOCKED_BY_FUNNEL; source=ENTRY_OR_SOURCE_BLOCKED_BY_FUNNEL; rank_score=0.563636; liquidity_score=0.000000; diversification_score=0.333333; cooldown_score=0.000000; existing_position_penalty=0.666667; sector_cap_status=SOURCE_BLOCKED_SECTOR_UNAVAILABLE; matching_policy=EXACT_CANDIDATE_ID_ONLY_NO_SYMBOL_DATE_PRICE_TIME_FALLBACK
T601-3,decision-5ba04a55622e446a,decision-5ba04a55622e446a,MSFT,2026-05-28T17:30:15.852981Z,0.563636,0.0,0.333333,0.0,0.666667,0.513636,REJECTED,ENTRY_OR_SOURCE_BLOCKED_BY_FUNNEL,ENTRY_OR_SOURCE_BLOCKED_BY_FUNNEL,,SOURCE_BLOCKED_SECTOR_UNAVAILABLE,SOURCE_BLOCKED_NO_LIQUIDITY_FIELD,390,66.993,0.25,0.5,INELIGIBLE_UNKNOWN,STRATEGY_FILTER_NOT_MET NO_ENTRY,0,0,,,2026-05-28T17:30:14.302768Z:MSFT,0,REJECTED: ENTRY_OR_SOURCE_BLOCKED_BY_FUNNEL; source=ENTRY_OR_SOURCE_BLOCKED_BY_FUNNEL; rank_score=0.563636; liquidity_score=0.000000; diversification_score=0.333333; cooldown_score=0.000000; existing_position_penalty=0.666667; sector_cap_status=SOURCE_BLOCKED_SECTOR_UNAVAILABLE; matching_policy=EXACT_CANDIDATE_ID_ONLY_NO_SYMBOL_DATE_PRICE_TIME_FALLBACK
T601-3,decision-4d279cd464aa4327,decision-4d279cd464aa4327,MSFT,2026-05-28T17:33:39.299134Z,0.563636,0.0,0.333333,0.0,0.666667,0.513636,REJECTED,ENTRY_OR_SOURCE_BLOCKED_BY_FUNNEL,ENTRY_OR_SOURCE_BLOCKED_BY_FUNNEL,,SOURCE_BLOCKED_SECTOR_UNAVAILABLE,SOURCE_BLOCKED_NO_LIQUIDITY_FIELD,390,70.3838,0.25,0.5,INELIGIBLE_UNKNOWN,STRATEGY_FILTER_NOT_MET NO_ENTRY,0,0,,,2026-05-28T17:33:37.834005Z:MSFT,0,REJECTED: ENTRY_OR_SOURCE_BLOCKED_BY_FUNNEL; source=ENTRY_OR_SOURCE_BLOCKED_BY_FUNNEL; rank_score=0.563636; liquidity_score=0.000000; diversification_score=0.333333; cooldown_score=0.000000; existing_position_penalty=0.666667; sector_cap_status=SOURCE_BLOCKED_SECTOR_UNAVAILABLE; matching_policy=EXACT_CANDIDATE_ID_ONLY_NO_SYMBOL_DATE_PRICE_TIME_FALLBACK
T601-3,decision-e74426a0bd004ff5,decision-e74426a0bd004ff5,MSFT,2026-05-28T17:35:24.359639Z,0.563636,0.0,0.333333,0.0,0.666667,0.513636,REJECTED,SYMBOL_COOLDOWN_ACTIVE_390_MINUTES,ELIGIBLE_FROM_FUNNEL,,SOURCE_BLOCKED_SECTOR_UNAVAILABLE,SOURCE_BLOCKED_NO_LIQUIDITY_FIELD,390,72.1348,0.25,0.5,ELIGIBLE,,0,0,,,2026-05-28T17:35:22.941157Z:MSFT,0,REJECTED: SYMBOL_COOLDOWN_ACTIVE_390_MINUTES; source=ELIGIBLE_FROM_FUNNEL; rank_score=0.563636; liquidity_score=0.000000; diversification_score=0.333333; cooldown_score=0.000000; existing_position_penalty=0.666667; sector_cap_status=SOURCE_BLOCKED_SECTOR_UNAVAILABLE; matching_policy=EXACT_CANDIDATE_ID_ONLY_NO_SYMBOL_DATE_PRICE_TIME_FALLBACK
T601-3,decision-1cd551c2fc79489c,decision-1cd551c2fc79489c,MSFT,2026-05-28T17:38:48.547558Z,0.563636,0.0,0.333333,0.0,0.666667,0.513636,REJECTED,SYMBOL_COOLDOWN_ACTIVE_390_MINUTES,ELIGIBLE_FROM_FUNNEL,,SOURCE_BLOCKED_SECTOR_UNAVAILABLE,SOURCE_BLOCKED_NO_LIQUIDITY_FIELD,390,75.5379,0.25,0.5,ELIGIBLE,,0,0,,,2026-05-28T17:38:47.059858Z:MSFT,0,REJECTED: SYMBOL_COOLDOWN_ACTIVE_390_MINUTES; source=ELIGIBLE_FROM_FUNNEL; rank_score=0.563636; liquidity_score=0.000000; diversification_score=0.333333; cooldown_score=0.000000; existing_position_penalty=0.666667; sector_cap_status=SOURCE_BLOCKED_SECTOR_UNAVAILABLE; matching_policy=EXACT_CANDIDATE_ID_ONLY_NO_SYMBOL_DATE_PRICE_TIME_FALLBACK
T601-3,decision-98308855ffa34825,decision-98308855ffa34825,MSFT,2026-05-28T17:40:34.001887Z,0.563636,0.0,0.333333,0.0,0.666667,0.513636,REJECTED,SYMBOL_COOLDOWN_ACTIVE_390_MINUTES,ELIGIBLE_FROM_FUNNEL,,SOURCE_BLOCKED_SECTOR_UNAVAILABLE,SOURCE_BLOCKED_NO_LIQUIDITY_FIELD,390,77.2955,0.25,0.5,ELIGIBLE,,0,0,,,2026-05-28T17:40:32.407434Z:MSFT,0,REJECTED: SYMBOL_COOLDOWN_ACTIVE_390_MINUTES; source=ELIGIBLE_FROM_FUNNEL; rank_score=0.563636; liquidity_score=0.000000; diversification_score=0.333333; cooldown_score=0.000000; existing_position_penalty=0.666667; sector_cap_status=SOURCE_BLOCKED_SECTOR_UNAVAILABLE; matching_policy=EXACT_CANDIDATE_ID_ONLY_NO_SYMBOL_DATE_PRICE_TIME_FALLBACK
T601-3,decision-db257138eb0e4e47,decision-db257138eb0e4e47,MSFT,2026-05-28T17:44:00.092009Z,0.563636,0.0,0.333333,0.0,0.666667,0.513636,REJECTED,SYMBOL_COOLDOWN_ACTIVE_390_MINUTES,ELIGIBLE_FROM_FUNNEL,,SOURCE_BLOCKED_SECTOR_UNAVAILABLE,SOURCE_BLOCKED_NO_LIQUIDITY_FIELD,390,80.7303,0.25,0.5,ELIGIBLE,,0,0,,,2026-05-28T17:43:58.424382Z:MSFT,0,REJECTED: SYMBOL_COOLDOWN_ACTIVE_390_MINUTES; source=ELIGIBLE_FROM_FUNNEL; rank_score=0.563636; liquidity_score=0.000000; diversification_score=0.333333; cooldown_score=0.000000; existing_position_penalty=0.666667; sector_cap_status=SOURCE_BLOCKED_SECTOR_UNAVAILABLE; matching_policy=EXACT_CANDIDATE_ID_ONLY_NO_SYMBOL_DATE_PRICE_TIME_FALLBACK
T601-3,decision-8e2ac2ad65ce4966,decision-8e2ac2ad65ce4966,MSFT,2026-05-28T17:45:43.125943Z,0.563636,0.0,0.333333,0.0,0.666667,0.513636,REJECTED,SYMBOL_COOLDOWN_ACTIVE_390_MINUTES,ELIGIBLE_FROM_FUNNEL,,SOURCE_BLOCKED_SECTOR_UNAVAILABLE,SOURCE_BLOCKED_NO_LIQUIDITY_FIELD,390,82.4476,0.25,0.5,ELIGIBLE,,0,0,,,2026-05-28T17:45:41.609619Z:MSFT,0,REJECTED: SYMBOL_COOLDOWN_ACTIVE_390_MINUTES; source=ELIGIBLE_FROM_FUNNEL; rank_score=0.563636; liquidity_score=0.000000; diversification_score=0.333333; cooldown_score=0.000000; existing_position_penalty=0.666667; sector_cap_status=SOURCE_BLOCKED_SECTOR_UNAVAILABLE; matching_policy=EXACT_CANDIDATE_ID_ONLY_NO_SYMBOL_DATE_PRICE_TIME_FALLBACK
T601-3,decision-ef9a340fcae54032,decision-ef9a340fcae54032,MSFT,2026-05-28T17:49:09.303509Z,0.563636,0.0,0.333333,0.0,0.666667,0.513636,REJECTED,SYMBOL_COOLDOWN_ACTIVE_390_MINUTES,ELIGIBLE_FROM_FUNNEL,,SOURCE_BLOCKED_SECTOR_UNAVAILABLE,SOURCE_BLOCKED_NO_LIQUIDITY_FIELD,390,85.8839,0.25,0.5,ELIGIBLE,,0,0,,,2026-05-28T17:49:07.698669Z:MSFT,0,REJECTED: SYMBOL_COOLDOWN_ACTIVE_390_MINUTES; source=ELIGIBLE_FROM_FUNNEL; rank_score=0.563636; liquidity_score=0.000000; diversification_score=0.333333; cooldown_score=0.000000; existing_position_penalty=0.666667; sector_cap_status=SOURCE_BLOCKED_SECTOR_UNAVAILABLE; matching_policy=EXACT_CANDIDATE_ID_ONLY_NO_SYMBOL_DATE_PRICE_TIME_FALLBACK
T601-3,decision-47024de70f7f4791,decision-47024de70f7f4791,MSFT,2026-05-28T17:50:52.053490Z,0.563636,0.0,0.333333,0.0,0.666667,0.513636,REJECTED,SYMBOL_COOLDOWN_ACTIVE_390_MINUTES,ELIGIBLE_FROM_FUNNEL,,SOURCE_BLOCKED_SECTOR_UNAVAILABLE,SOURCE_BLOCKED_NO_LIQUIDITY_FIELD,390,87.5964,0.25,0.5,ELIGIBLE,,0,0,,,2026-05-28T17:50:50.511340Z:MSFT,0,REJECTED: SYMBOL_COOLDOWN_ACTIVE_390_MINUTES; source=ELIGIBLE_FROM_FUNNEL; rank_score=0.563636; liquidity_score=0.000000; diversification_score=0.333333; cooldown_score=0.000000; existing_position_penalty=0.666667; sector_cap_status=SOURCE_BLOCKED_SECTOR_UNAVAILABLE; matching_policy=EXACT_CANDIDATE_ID_ONLY_NO_SYMBOL_DATE_PRICE_TIME_FALLBACK
T601-3,decision-0a8391dcbfe9445d,decision-0a8391dcbfe9445d,MSFT,2026-05-28T17:54:17.978671Z,0.563636,0.0,0.333333,0.0,0.666667,0.513636,REJECTED,SYMBOL_COOLDOWN_ACTIVE_390_MINUTES,ELIGIBLE_FROM_FUNNEL,,SOURCE_BLOCKED_SECTOR_UNAVAILABLE,SOURCE_BLOCKED_NO_LIQUIDITY_FIELD,390,91.0285,0.25,0.5,ELIGIBLE,,0,0,,,2026-05-28T17:54:16.414584Z:MSFT,0,REJECTED: SYMBOL_COOLDOWN_ACTIVE_390_MINUTES; source=ELIGIBLE_FROM_FUNNEL; rank_score=0.563636; liquidity_score=0.000000; diversification_score=0.333333; cooldown_score=0.000000; existing_position_penalty=0.666667; sector_cap_status=SOURCE_BLOCKED_SECTOR_UNAVAILABLE; matching_policy=EXACT_CANDIDATE_ID_ONLY_NO_SYMBOL_DATE_PRICE_TIME_FALLBACK
T601-3,decision-aff79797ea934d7e,decision-aff79797ea934d7e,MSFT,2026-05-28T17:56:01.171030Z,0.563636,0.0,0.333333,0.0,0.666667,0.513636,REJECTED,SYMBOL_COOLDOWN_ACTIVE_390_MINUTES,ELIGIBLE_FROM_FUNNEL,,SOURCE_BLOCKED_SECTOR_UNAVAILABLE,SOURCE_BLOCKED_NO_LIQUIDITY_FIELD,390,92.7483,0.25,0.5,ELIGIBLE,,0,0,,,2026-05-28T17:55:59.606266Z:MSFT,0,REJECTED: SYMBOL_COOLDOWN_ACTIVE_390_MINUTES; source=ELIGIBLE_FROM_FUNNEL; rank_score=0.563636; liquidity_score=0.000000; diversification_score=0.333333; cooldown_score=0.000000; existing_position_penalty=0.666667; sector_cap_status=SOURCE_BLOCKED_SECTOR_UNAVAILABLE; matching_policy=EXACT_CANDIDATE_ID_ONLY_NO_SYMBOL_DATE_PRICE_TIME_FALLBACK
T601-3,decision-8d01d4c9e1a54a7e,decision-8d01d4c9e1a54a7e,MSFT,2026-05-28T17:59:26.933635Z,0.563636,0.0,0.333333,0.0,0.666667,0.513636,REJECTED,SYMBOL_COOLDOWN_ACTIVE_390_MINUTES,ELIGIBLE_FROM_FUNNEL,,SOURCE_BLOCKED_SECTOR_UNAVAILABLE,SOURCE_BLOCKED_NO_LIQUIDITY_FIELD,390,96.1777,0.25,0.5,ELIGIBLE,,0,0,,,2026-05-28T17:59:25.505103Z:MSFT,0,REJECTED: SYMBOL_COOLDOWN_ACTIVE_390_MINUTES; source=ELIGIBLE_FROM_FUNNEL; rank_score=0.563636; liquidity_score=0.000000; diversification_score=0.333333; cooldown_score=0.000000; existing_position_penalty=0.666667; sector_cap_status=SOURCE_BLOCKED_SECTOR_UNAVAILABLE; matching_policy=EXACT_CANDIDATE_ID_ONLY_NO_SYMBOL_DATE_PRICE_TIME_FALLBACK
T601-3,decision-2b9ede0918aa4e75,decision-2b9ede0918aa4e75,MSFT,2026-05-28T18:01:10.810433Z,0.563636,0.0,0.333333,0.0,0.666667,0.513636,REJECTED,SYMBOL_COOLDOWN_ACTIVE_390_MINUTES,ELIGIBLE_FROM_FUNNEL,,SOURCE_BLOCKED_SECTOR_UNAVAILABLE,SOURCE_BLOCKED_NO_LIQUIDITY_FIELD,390,97.909,0.25,0.5,ELIGIBLE,,0,0,,,2026-05-28T18:01:09.268320Z:MSFT,0,REJECTED: SYMBOL_COOLDOWN_ACTIVE_390_MINUTES; source=ELIGIBLE_FROM_FUNNEL; rank_score=0.563636; liquidity_score=0.000000; diversification_score=0.333333; cooldown_score=0.000000; existing_position_penalty=0.666667; sector_cap_status=SOURCE_BLOCKED_SECTOR_UNAVAILABLE; matching_policy=EXACT_CANDIDATE_ID_ONLY_NO_SYMBOL_DATE_PRICE_TIME_FALLBACK
T601-3,decision-ed06f398f41c41d1,decision-ed06f398f41c41d1,MSFT,2026-05-28T18:04:35.940638Z,0.563636,0.0,0.333333,0.0,0.666667,0.513636,REJECTED,SYMBOL_COOLDOWN_ACTIVE_390_MINUTES,ELIGIBLE_FROM_FUNNEL,,SOURCE_BLOCKED_SECTOR_UNAVAILABLE,SOURCE_BLOCKED_NO_LIQUIDITY_FIELD,390,101.3278,0.25,0.5,ELIGIBLE,,0,0,,,2026-05-28T18:04:34.475121Z:MSFT,0,REJECTED: SYMBOL_COOLDOWN_ACTIVE_390_MINUTES; source=ELIGIBLE_FROM_FUNNEL; rank_score=0.563636; liquidity_score=0.000000; diversification_score=0.333333; cooldown_score=0.000000; existing_position_penalty=0.666667; sector_cap_status=SOURCE_BLOCKED_SECTOR_UNAVAILABLE; matching_policy=EXACT_CANDIDATE_ID_ONLY_NO_SYMBOL_DATE_PRICE_TIME_FALLBACK
T601-3,decision-35e4bdd5886a45eb,decision-35e4bdd5886a45eb,MSFT,2026-05-28T18:06:21.777003Z,0.563636,0.0,0.333333,0.0,0.666667,0.513636,REJECTED,SYMBOL_COOLDOWN_ACTIVE_390_MINUTES,ELIGIBLE_FROM_FUNNEL,,SOURCE_BLOCKED_SECTOR_UNAVAILABLE,SOURCE_BLOCKED_NO_LIQUIDITY_FIELD,390,103.0918,0.25,0.5,ELIGIBLE,,0,0,,,2026-05-28T18:06:20.264811Z:MSFT,0,REJECTED: SYMBOL_COOLDOWN_ACTIVE_390_MINUTES; source=ELIGIBLE_FROM_FUNNEL; rank_score=0.563636; liquidity_score=0.000000; diversification_score=0.333333; cooldown_score=0.000000; existing_position_penalty=0.666667; sector_cap_status=SOURCE_BLOCKED_SECTOR_UNAVAILABLE; matching_policy=EXACT_CANDIDATE_ID_ONLY_NO_SYMBOL_DATE_PRICE_TIME_FALLBACK
T601-3,decision-568bc461e30f471b,decision-568bc461e30f471b,MSFT,2026-05-28T18:09:44.840714Z,0.563636,0.0,0.333333,0.0,0.666667,0.513636,REJECTED,SYMBOL_COOLDOWN_ACTIVE_390_MINUTES,ELIGIBLE_FROM_FUNNEL,,SOURCE_BLOCKED_SECTOR_UNAVAILABLE,SOURCE_BLOCKED_NO_LIQUIDITY_FIELD,390,106.4762,0.25,0.5,ELIGIBLE,,0,0,,,2026-05-28T18:09:43.351826Z:MSFT,0,REJECTED: SYMBOL_COOLDOWN_ACTIVE_390_MINUTES; source=ELIGIBLE_FROM_FUNNEL; rank_score=0.563636; liquidity_score=0.000000; diversification_score=0.333333; cooldown_score=0.000000; existing_position_penalty=0.666667; sector_cap_status=SOURCE_BLOCKED_SECTOR_UNAVAILABLE; matching_policy=EXACT_CANDIDATE_ID_ONLY_NO_SYMBOL_DATE_PRICE_TIME_FALLBACK
T601-3,decision-b288d2f0a9f24f1a,decision-b288d2f0a9f24f1a,MSFT,2026-05-28T18:11:30.924622Z,0.563636,0.0,0.333333,0.0,0.666667,0.513636,REJECTED,SYMBOL_COOLDOWN_ACTIVE_390_MINUTES,ELIGIBLE_FROM_FUNNEL,,SOURCE_BLOCKED_SECTOR_UNAVAILABLE,SOURCE_BLOCKED_NO_LIQUIDITY_FIELD,390,108.2442,0.25,0.5,ELIGIBLE,,0,0,,,2026-05-28T18:11:29.413008Z:MSFT,0,REJECTED: SYMBOL_COOLDOWN_ACTIVE_390_MINUTES; source=ELIGIBLE_FROM_FUNNEL; rank_score=0.563636; liquidity_score=0.000000; diversification_score=0.333333; cooldown_score=0.000000; existing_position_penalty=0.666667; sector_cap_status=SOURCE_BLOCKED_SECTOR_UNAVAILABLE; matching_policy=EXACT_CANDIDATE_ID_ONLY_NO_SYMBOL_DATE_PRICE_TIME_FALLBACK
T601-3,decision-d6079cc19bed4aaa,decision-d6079cc19bed4aaa,MSFT,2026-05-28T18:14:53.871083Z,0.563636,0.0,0.333333,0.0,0.666667,0.513636,REJECTED,SYMBOL_COOLDOWN_ACTIVE_390_MINUTES,ELIGIBLE_FROM_FUNNEL,,SOURCE_BLOCKED_SECTOR_UNAVAILABLE,SOURCE_BLOCKED_NO_LIQUIDITY_FIELD,390,111.6267,0.25,0.5,ELIGIBLE,,0,0,,,2026-05-28T18:14:52.376114Z:MSFT,0,REJECTED: SYMBOL_COOLDOWN_ACTIVE_390_MINUTES; source=ELIGIBLE_FROM_FUNNEL; rank_score=0.563636; liquidity_score=0.000000; diversification_score=0.333333; cooldown_score=0.000000; existing_position_penalty=0.666667; sector_cap_status=SOURCE_BLOCKED_SECTOR_UNAVAILABLE; matching_policy=EXACT_CANDIDATE_ID_ONLY_NO_SYMBOL_DATE_PRICE_TIME_FALLBACK
T601-3,decision-566e971dbe314042,decision-566e971dbe314042,MSFT,2026-05-28T18:16:39.737792Z,0.563636,0.0,0.333333,0.0,0.666667,0.513636,REJECTED,SYMBOL_COOLDOWN_ACTIVE_390_MINUTES,ELIGIBLE_FROM_FUNNEL,,SOURCE_BLOCKED_SECTOR_UNAVAILABLE,SOURCE_BLOCKED_NO_LIQUIDITY_FIELD,390,113.3911,0.25,0.5,ELIGIBLE,,0,0,,,2026-05-28T18:16:38.139057Z:MSFT,0,REJECTED: SYMBOL_COOLDOWN_ACTIVE_390_MINUTES; source=ELIGIBLE_FROM_FUNNEL; rank_score=0.563636; liquidity_score=0.000000; diversification_score=0.333333; cooldown_score=0.000000; existing_position_penalty=0.666667; sector_cap_status=SOURCE_BLOCKED_SECTOR_UNAVAILABLE; matching_policy=EXACT_CANDIDATE_ID_ONLY_NO_SYMBOL_DATE_PRICE_TIME_FALLBACK
T601-3,decision-433367001b9b4e04,decision-433367001b9b4e04,MSFT,2026-05-28T18:20:02.522317Z,0.563636,0.0,0.333333,0.0,0.666667,0.513636,REJECTED,ENTRY_OR_SOURCE_BLOCKED_BY_FUNNEL,ENTRY_OR_SOURCE_BLOCKED_BY_FUNNEL,,SOURCE_BLOCKED_SECTOR_UNAVAILABLE,SOURCE_BLOCKED_NO_LIQUIDITY_FIELD,390,116.7709,0.25,0.5,INELIGIBLE_UNKNOWN,STRATEGY_FILTER_NOT_MET NO_ENTRY,0,0,,,2026-05-28T18:20:01.054161Z:MSFT,0,REJECTED: ENTRY_OR_SOURCE_BLOCKED_BY_FUNNEL; source=ENTRY_OR_SOURCE_BLOCKED_BY_FUNNEL; rank_score=0.563636; liquidity_score=0.000000; diversification_score=0.333333; cooldown_score=0.000000; existing_position_penalty=0.666667; sector_cap_status=SOURCE_BLOCKED_SECTOR_UNAVAILABLE; matching_policy=EXACT_CANDIDATE_ID_ONLY_NO_SYMBOL_DATE_PRICE_TIME_FALLBACK
T601-3,decision-ab2c97cb6676490c,decision-ab2c97cb6676490c,MSFT,2026-05-28T18:21:48.939412Z,0.563636,0.0,0.333333,0.0,0.666667,0.513636,REJECTED,ENTRY_OR_SOURCE_BLOCKED_BY_FUNNEL,ENTRY_OR_SOURCE_BLOCKED_BY_FUNNEL,,SOURCE_BLOCKED_SECTOR_UNAVAILABLE,SOURCE_BLOCKED_NO_LIQUIDITY_FIELD,390,118.5445,0.25,0.5,INELIGIBLE_UNKNOWN,STRATEGY_FILTER_NOT_MET NO_ENTRY,0,0,,,2026-05-28T18:21:47.414024Z:MSFT,0,REJECTED: ENTRY_OR_SOURCE_BLOCKED_BY_FUNNEL; source=ENTRY_OR_SOURCE_BLOCKED_BY_FUNNEL; rank_score=0.563636; liquidity_score=0.000000; diversification_score=0.333333; cooldown_score=0.000000; existing_position_penalty=0.666667; sector_cap_status=SOURCE_BLOCKED_SECTOR_UNAVAILABLE; matching_policy=EXACT_CANDIDATE_ID_ONLY_NO_SYMBOL_DATE_PRICE_TIME_FALLBACK
T601-3,decision-252b2c26198042b8,decision-252b2c26198042b8,MSFT,2026-05-28T18:25:11.924209Z,0.563636,0.0,0.333333,0.0,0.666667,0.513636,REJECTED,ENTRY_OR_SOURCE_BLOCKED_BY_FUNNEL,ENTRY_OR_SOURCE_BLOCKED_BY_FUNNEL,,SOURCE_BLOCKED_SECTOR_UNAVAILABLE,SOURCE_BLOCKED_NO_LIQUIDITY_FIELD,390,121.9275,0.25,0.5,INELIGIBLE_UNKNOWN,STRATEGY_FILTER_NOT_MET NO_ENTRY,0,0,,,2026-05-28T18:25:10.423526Z:MSFT,0,REJECTED: ENTRY_OR_SOURCE_BLOCKED_BY_FUNNEL; source=ENTRY_OR_SOURCE_BLOCKED_BY_FUNNEL; rank_score=0.563636; liquidity_score=0.000000; diversification_score=0.333333; cooldown_score=0.000000; existing_position_penalty=0.666667; sector_cap_status=SOURCE_BLOCKED_SECTOR_UNAVAILABLE; matching_policy=EXACT_CANDIDATE_ID_ONLY_NO_SYMBOL_DATE_PRICE_TIME_FALLBACK
T601-3,decision-5d7c8321ddc24adf,decision-5d7c8321ddc24adf,MSFT,2026-05-28T18:26:58.108869Z,0.563636,0.0,0.333333,0.0,0.666667,0.513636,REJECTED,ENTRY_OR_SOURCE_BLOCKED_BY_FUNNEL,ENTRY_OR_SOURCE_BLOCKED_BY_FUNNEL,,SOURCE_BLOCKED_SECTOR_UNAVAILABLE,SOURCE_BLOCKED_NO_LIQUIDITY_FIELD,390,123.6973,0.25,0.5,INELIGIBLE_UNKNOWN,STRATEGY_FILTER_NOT_MET NO_ENTRY,0,0,,,2026-05-28T18:26:56.570680Z:MSFT,0,REJECTED: ENTRY_OR_SOURCE_BLOCKED_BY_FUNNEL; source=ENTRY_OR_SOURCE_BLOCKED_BY_FUNNEL; rank_score=0.563636; liquidity_score=0.000000; diversification_score=0.333333; cooldown_score=0.000000; existing_position_penalty=0.666667; sector_cap_status=SOURCE_BLOCKED_SECTOR_UNAVAILABLE; matching_policy=EXACT_CANDIDATE_ID_ONLY_NO_SYMBOL_DATE_PRICE_TIME_FALLBACK
T601-3,decision-538e01abe36b4df0,decision-538e01abe36b4df0,MSFT,2026-05-28T18:30:20.850442Z,0.563636,0.0,0.333333,0.0,0.666667,0.513636,REJECTED,ENTRY_OR_SOURCE_BLOCKED_BY_FUNNEL,ENTRY_OR_SOURCE_BLOCKED_BY_FUNNEL,,SOURCE_BLOCKED_SECTOR_UNAVAILABLE,SOURCE_BLOCKED_NO_LIQUIDITY_FIELD,390,127.0763,0.25,0.5,INELIGIBLE_UNKNOWN,STRATEGY_FILTER_NOT_MET NO_ENTRY,0,0,,,2026-05-28T18:30:19.372477Z:MSFT,0,REJECTED: ENTRY_OR_SOURCE_BLOCKED_BY_FUNNEL; source=ENTRY_OR_SOURCE_BLOCKED_BY_FUNNEL; rank_score=0.563636; liquidity_score=0.000000; diversification_score=0.333333; cooldown_score=0.000000; existing_position_penalty=0.666667; sector_cap_status=SOURCE_BLOCKED_SECTOR_UNAVAILABLE; matching_policy=EXACT_CANDIDATE_ID_ONLY_NO_SYMBOL_DATE_PRICE_TIME_FALLBACK
T601-3,decision-abfbad4a7d744963,decision-abfbad4a7d744963,MSFT,2026-05-28T18:32:07.702339Z,0.563636,0.0,0.333333,0.0,0.666667,0.513636,REJECTED,ENTRY_OR_SOURCE_BLOCKED_BY_FUNNEL,ENTRY_OR_SOURCE_BLOCKED_BY_FUNNEL,,SOURCE_BLOCKED_SECTOR_UNAVAILABLE,SOURCE_BLOCKED_NO_LIQUIDITY_FIELD,390,128.8572,0.25,0.5,INELIGIBLE_UNKNOWN,STRATEGY_FILTER_NOT_MET NO_ENTRY,0,0,,,2026-05-28T18:32:06.109698Z:MSFT,0,REJECTED: ENTRY_OR_SOURCE_BLOCKED_BY_FUNNEL; source=ENTRY_OR_SOURCE_BLOCKED_BY_FUNNEL; rank_score=0.563636; liquidity_score=0.000000; diversification_score=0.333333; cooldown_score=0.000000; existing_position_penalty=0.666667; sector_cap_status=SOURCE_BLOCKED_SECTOR_UNAVAILABLE; matching_policy=EXACT_CANDIDATE_ID_ONLY_NO_SYMBOL_DATE_PRICE_TIME_FALLBACK
T601-3,decision-41787629072e4e21,decision-41787629072e4e21,MSFT,2026-05-28T18:35:29.396331Z,0.563636,0.0,0.333333,0.0,0.666667,0.513636,REJECTED,ENTRY_OR_SOURCE_BLOCKED_BY_FUNNEL,ENTRY_OR_SOURCE_BLOCKED_BY_FUNNEL,,SOURCE_BLOCKED_SECTOR_UNAVAILABLE,SOURCE_BLOCKED_NO_LIQUIDITY_FIELD,390,132.2188,0.25,0.5,INELIGIBLE_UNKNOWN,STRATEGY_FILTER_NOT_MET NO_ENTRY,0,0,,,2026-05-28T18:35:27.904285Z:MSFT,0,REJECTED: ENTRY_OR_SOURCE_BLOCKED_BY_FUNNEL; source=ENTRY_OR_SOURCE_BLOCKED_BY_FUNNEL; rank_score=0.563636; liquidity_score=0.000000; diversification_score=0.333333; cooldown_score=0.000000; existing_position_penalty=0.666667; sector_cap_status=SOURCE_BLOCKED_SECTOR_UNAVAILABLE; matching_policy=EXACT_CANDIDATE_ID_ONLY_NO_SYMBOL_DATE_PRICE_TIME_FALLBACK
T601-3,decision-6ea404fe1ba84a2f,decision-6ea404fe1ba84a2f,MSFT,2026-05-28T18:37:16.416244Z,0.563636,0.0,0.333333,0.0,0.666667,0.513636,REJECTED,ENTRY_OR_SOURCE_BLOCKED_BY_FUNNEL,ENTRY_OR_SOURCE_BLOCKED_BY_FUNNEL,,SOURCE_BLOCKED_SECTOR_UNAVAILABLE,SOURCE_BLOCKED_NO_LIQUIDITY_FIELD,390,134.0024,0.25,0.5,INELIGIBLE_UNKNOWN,STRATEGY_FILTER_NOT_MET NO_ENTRY,0,0,,,2026-05-28T18:37:14.917458Z:MSFT,0,REJECTED: ENTRY_OR_SOURCE_BLOCKED_BY_FUNNEL; source=ENTRY_OR_SOURCE_BLOCKED_BY_FUNNEL; rank_score=0.563636; liquidity_score=0.000000; diversification_score=0.333333; cooldown_score=0.000000; existing_position_penalty=0.666667; sector_cap_status=SOURCE_BLOCKED_SECTOR_UNAVAILABLE; matching_policy=EXACT_CANDIDATE_ID_ONLY_NO_SYMBOL_DATE_PRICE_TIME_FALLBACK
T601-3,decision-35dbdf9223eb4800,decision-35dbdf9223eb4800,MSFT,2026-05-28T18:40:38.427429Z,0.563636,0.0,0.333333,0.0,0.666667,0.513636,REJECTED,ENTRY_OR_SOURCE_BLOCKED_BY_FUNNEL,ENTRY_OR_SOURCE_BLOCKED_BY_FUNNEL,,SOURCE_BLOCKED_SECTOR_UNAVAILABLE,SOURCE_BLOCKED_NO_LIQUIDITY_FIELD,390,137.3693,0.25,0.5,INELIGIBLE_UNKNOWN,STRATEGY_FILTER_NOT_MET NO_ENTRY,0,0,,,2026-05-28T18:40:36.905700Z:MSFT,0,REJECTED: ENTRY_OR_SOURCE_BLOCKED_BY_FUNNEL; source=ENTRY_OR_SOURCE_BLOCKED_BY_FUNNEL; rank_score=0.563636; liquidity_score=0.000000; diversification_score=0.333333; cooldown_score=0.000000; existing_position_penalty=0.666667; sector_cap_status=SOURCE_BLOCKED_SECTOR_UNAVAILABLE; matching_policy=EXACT_CANDIDATE_ID_ONLY_NO_SYMBOL_DATE_PRICE_TIME_FALLBACK
T601-3,decision-46067b6cd52d419b,decision-46067b6cd52d419b,MSFT,2026-05-28T18:42:25.431924Z,0.563636,0.0,0.333333,0.0,0.666667,0.513636,REJECTED,ENTRY_OR_SOURCE_BLOCKED_BY_FUNNEL,ENTRY_OR_SOURCE_BLOCKED_BY_FUNNEL,,SOURCE_BLOCKED_SECTOR_UNAVAILABLE,SOURCE_BLOCKED_NO_LIQUIDITY_FIELD,390,139.1527,0.25,0.5,INELIGIBLE_UNKNOWN,STRATEGY_FILTER_NOT_MET NO_ENTRY,0,0,,,2026-05-28T18:42:23.987374Z:MSFT,0,REJECTED: ENTRY_OR_SOURCE_BLOCKED_BY_FUNNEL; source=ENTRY_OR_SOURCE_BLOCKED_BY_FUNNEL; rank_score=0.563636; liquidity_score=0.000000; diversification_score=0.333333; cooldown_score=0.000000; existing_position_penalty=0.666667; sector_cap_status=SOURCE_BLOCKED_SECTOR_UNAVAILABLE; matching_policy=EXACT_CANDIDATE_ID_ONLY_NO_SYMBOL_DATE_PRICE_TIME_FALLBACK
T601-3,decision-5e6fac74a038416f,decision-5e6fac74a038416f,AMZN,2026-05-28T18:45:48.024591Z,0.531818,0.0,0.0,1.0,1.0,0.431818,REJECTED,SAME_SYMBOL_CAP_0.25,ELIGIBLE_FROM_FUNNEL,,SOURCE_BLOCKED_SECTOR_UNAVAILABLE,SOURCE_BLOCKED_NO_LIQUIDITY_FIELD,390,10282.5636,0.25,0.5,ELIGIBLE,,0,0,,,2026-05-28T18:45:46.476725Z:AMZN,0,REJECTED: SAME_SYMBOL_CAP_0.25; source=ELIGIBLE_FROM_FUNNEL; rank_score=0.531818; liquidity_score=0.000000; diversification_score=0.000000; cooldown_score=1.000000; existing_position_penalty=1.000000; sector_cap_status=SOURCE_BLOCKED_SECTOR_UNAVAILABLE; matching_policy=EXACT_CANDIDATE_ID_ONLY_NO_SYMBOL_DATE_PRICE_TIME_FALLBACK
T601-3,decision-35aaa5330ba04da4,decision-35aaa5330ba04da4,AMZN,2026-05-28T18:47:37.272450Z,0.531818,0.0,0.0,1.0,1.0,0.431818,REJECTED,SAME_SYMBOL_CAP_0.25,ELIGIBLE_FROM_FUNNEL,,SOURCE_BLOCKED_SECTOR_UNAVAILABLE,SOURCE_BLOCKED_NO_LIQUIDITY_FIELD,390,10284.3844,0.25,0.5,ELIGIBLE,,0,0,,,2026-05-28T18:47:35.668477Z:AMZN,0,REJECTED: SAME_SYMBOL_CAP_0.25; source=ELIGIBLE_FROM_FUNNEL; rank_score=0.531818; liquidity_score=0.000000; diversification_score=0.000000; cooldown_score=1.000000; existing_position_penalty=1.000000; sector_cap_status=SOURCE_BLOCKED_SECTOR_UNAVAILABLE; matching_policy=EXACT_CANDIDATE_ID_ONLY_NO_SYMBOL_DATE_PRICE_TIME_FALLBACK
T601-3,decision-9dc34e5aea0d4766,decision-9dc34e5aea0d4766,AMZN,2026-05-28T18:50:56.861035Z,0.531818,0.0,0.0,1.0,1.0,0.431818,REJECTED,SAME_SYMBOL_CAP_0.25,ELIGIBLE_FROM_FUNNEL,,SOURCE_BLOCKED_SECTOR_UNAVAILABLE,SOURCE_BLOCKED_NO_LIQUIDITY_FIELD,390,10287.7109,0.25,0.5,ELIGIBLE,,0,0,,,2026-05-28T18:50:55.367191Z:AMZN,0,REJECTED: SAME_SYMBOL_CAP_0.25; source=ELIGIBLE_FROM_FUNNEL; rank_score=0.531818; liquidity_score=0.000000; diversification_score=0.000000; cooldown_score=1.000000; existing_position_penalty=1.000000; sector_cap_status=SOURCE_BLOCKED_SECTOR_UNAVAILABLE; matching_policy=EXACT_CANDIDATE_ID_ONLY_NO_SYMBOL_DATE_PRICE_TIME_FALLBACK
T601-3,decision-37b241fb93d741ab,decision-37b241fb93d741ab,AMZN,2026-05-28T18:52:46.893396Z,0.531818,0.0,0.0,1.0,1.0,0.431818,REJECTED,SAME_SYMBOL_CAP_0.25,ELIGIBLE_FROM_FUNNEL,,SOURCE_BLOCKED_SECTOR_UNAVAILABLE,SOURCE_BLOCKED_NO_LIQUIDITY_FIELD,390,10289.5448,0.25,0.5,ELIGIBLE,,0,0,,,2026-05-28T18:52:45.466233Z:AMZN,0,REJECTED: SAME_SYMBOL_CAP_0.25; source=ELIGIBLE_FROM_FUNNEL; rank_score=0.531818; liquidity_score=0.000000; diversification_score=0.000000; cooldown_score=1.000000; existing_position_penalty=1.000000; sector_cap_status=SOURCE_BLOCKED_SECTOR_UNAVAILABLE; matching_policy=EXACT_CANDIDATE_ID_ONLY_NO_SYMBOL_DATE_PRICE_TIME_FALLBACK
T601-3,decision-867b6dc4ad464ad8,decision-867b6dc4ad464ad8,AMZN,2026-05-28T18:56:06.320469Z,0.531818,0.0,0.0,1.0,1.0,0.431818,REJECTED,SAME_SYMBOL_CAP_0.25,ELIGIBLE_FROM_FUNNEL,,SOURCE_BLOCKED_SECTOR_UNAVAILABLE,SOURCE_BLOCKED_NO_LIQUIDITY_FIELD,390,10292.8686,0.25,0.5,ELIGIBLE,,0,0,,,2026-05-28T18:56:04.889762Z:AMZN,0,REJECTED: SAME_SYMBOL_CAP_0.25; source=ELIGIBLE_FROM_FUNNEL; rank_score=0.531818; liquidity_score=0.000000; diversification_score=0.000000; cooldown_score=1.000000; existing_position_penalty=1.000000; sector_cap_status=SOURCE_BLOCKED_SECTOR_UNAVAILABLE; matching_policy=EXACT_CANDIDATE_ID_ONLY_NO_SYMBOL_DATE_PRICE_TIME_FALLBACK
T601-3,decision-25c64bb56d17401e,decision-25c64bb56d17401e,AMZN,2026-05-28T18:57:56.596570Z,0.531818,0.0,0.0,1.0,1.0,0.431818,REJECTED,SAME_SYMBOL_CAP_0.25,ELIGIBLE_FROM_FUNNEL,,SOURCE_BLOCKED_SECTOR_UNAVAILABLE,SOURCE_BLOCKED_NO_LIQUIDITY_FIELD,390,10294.7065,0.25,0.5,ELIGIBLE,,0,0,,,2026-05-28T18:57:55.009531Z:AMZN,0,REJECTED: SAME_SYMBOL_CAP_0.25; source=ELIGIBLE_FROM_FUNNEL; rank_score=0.531818; liquidity_score=0.000000; diversification_score=0.000000; cooldown_score=1.000000; existing_position_penalty=1.000000; sector_cap_status=SOURCE_BLOCKED_SECTOR_UNAVAILABLE; matching_policy=EXACT_CANDIDATE_ID_ONLY_NO_SYMBOL_DATE_PRICE_TIME_FALLBACK
T601-3,decision-5267f1100deb4172,decision-5267f1100deb4172,AMZN,2026-05-28T19:01:16.192189Z,0.531818,0.0,0.0,1.0,1.0,0.431818,REJECTED,SAME_SYMBOL_CAP_0.25,ELIGIBLE_FROM_FUNNEL,,SOURCE_BLOCKED_SECTOR_UNAVAILABLE,SOURCE_BLOCKED_NO_LIQUIDITY_FIELD,390,10298.0331,0.25,0.5,ELIGIBLE,,0,0,,,2026-05-28T19:01:14.679107Z:AMZN,0,REJECTED: SAME_SYMBOL_CAP_0.25; source=ELIGIBLE_FROM_FUNNEL; rank_score=0.531818; liquidity_score=0.000000; diversification_score=0.000000; cooldown_score=1.000000; existing_position_penalty=1.000000; sector_cap_status=SOURCE_BLOCKED_SECTOR_UNAVAILABLE; matching_policy=EXACT_CANDIDATE_ID_ONLY_NO_SYMBOL_DATE_PRICE_TIME_FALLBACK
T601-3,decision-38e173931c004cab,decision-38e173931c004cab,AMZN,2026-05-28T19:03:05.973890Z,0.531818,0.0,0.0,1.0,1.0,0.431818,REJECTED,SAME_SYMBOL_CAP_0.25,ELIGIBLE_FROM_FUNNEL,,SOURCE_BLOCKED_SECTOR_UNAVAILABLE,SOURCE_BLOCKED_NO_LIQUIDITY_FIELD,390,10299.8628,0.25,0.5,ELIGIBLE,,0,0,,,2026-05-28T19:03:04.451102Z:AMZN,0,REJECTED: SAME_SYMBOL_CAP_0.25; source=ELIGIBLE_FROM_FUNNEL; rank_score=0.531818; liquidity_score=0.000000; diversification_score=0.000000; cooldown_score=1.000000; existing_position_penalty=1.000000; sector_cap_status=SOURCE_BLOCKED_SECTOR_UNAVAILABLE; matching_policy=EXACT_CANDIDATE_ID_ONLY_NO_SYMBOL_DATE_PRICE_TIME_FALLBACK
T601-3,decision-b9ea7b7746ad4555,decision-b9ea7b7746ad4555,AMZN,2026-05-28T19:06:24.880814Z,0.531818,0.0,0.0,1.0,1.0,0.431818,REJECTED,SAME_SYMBOL_CAP_0.25,ELIGIBLE_FROM_FUNNEL,,SOURCE_BLOCKED_SECTOR_UNAVAILABLE,SOURCE_BLOCKED_NO_LIQUIDITY_FIELD,390,10303.1779,0.25,0.5,ELIGIBLE,,0,0,,,2026-05-28T19:06:23.386249Z:AMZN,0,REJECTED: SAME_SYMBOL_CAP_0.25; source=ELIGIBLE_FROM_FUNNEL; rank_score=0.531818; liquidity_score=0.000000; diversification_score=0.000000; cooldown_score=1.000000; existing_position_penalty=1.000000; sector_cap_status=SOURCE_BLOCKED_SECTOR_UNAVAILABLE; matching_policy=EXACT_CANDIDATE_ID_ONLY_NO_SYMBOL_DATE_PRICE_TIME_FALLBACK
T601-3,decision-bfd36d99537e4f9f,decision-bfd36d99537e4f9f,AMZN,2026-05-28T19:08:14.852049Z,0.531818,0.0,0.0,1.0,1.0,0.431818,REJECTED,SAME_SYMBOL_CAP_0.25,ELIGIBLE_FROM_FUNNEL,,SOURCE_BLOCKED_SECTOR_UNAVAILABLE,SOURCE_BLOCKED_NO_LIQUIDITY_FIELD,390,10305.0108,0.25,0.5,ELIGIBLE,,0,0,,,2026-05-28T19:08:13.259026Z:AMZN,0,REJECTED: SAME_SYMBOL_CAP_0.25; source=ELIGIBLE_FROM_FUNNEL; rank_score=0.531818; liquidity_score=0.000000; diversification_score=0.000000; cooldown_score=1.000000; existing_position_penalty=1.000000; sector_cap_status=SOURCE_BLOCKED_SECTOR_UNAVAILABLE; matching_policy=EXACT_CANDIDATE_ID_ONLY_NO_SYMBOL_DATE_PRICE_TIME_FALLBACK
T601-3,decision-58f29a308a1a4bfa,decision-58f29a308a1a4bfa,AMZN,2026-05-28T19:11:34.461546Z,0.531818,0.0,0.0,1.0,1.0,0.431818,REJECTED,SAME_SYMBOL_CAP_0.25,ELIGIBLE_FROM_FUNNEL,,SOURCE_BLOCKED_SECTOR_UNAVAILABLE,SOURCE_BLOCKED_NO_LIQUIDITY_FIELD,390,10308.3376,0.25,0.5,ELIGIBLE,,0,0,,,2026-05-28T19:11:32.957033Z:AMZN,0,REJECTED: SAME_SYMBOL_CAP_0.25; source=ELIGIBLE_FROM_FUNNEL; rank_score=0.531818; liquidity_score=0.000000; diversification_score=0.000000; cooldown_score=1.000000; existing_position_penalty=1.000000; sector_cap_status=SOURCE_BLOCKED_SECTOR_UNAVAILABLE; matching_policy=EXACT_CANDIDATE_ID_ONLY_NO_SYMBOL_DATE_PRICE_TIME_FALLBACK
T601-3,decision-1f8c4bb95d604e45,decision-1f8c4bb95d604e45,AMZN,2026-05-28T19:13:24.052129Z,0.531818,0.0,0.0,1.0,1.0,0.431818,REJECTED,SAME_SYMBOL_CAP_0.25,ELIGIBLE_FROM_FUNNEL,,SOURCE_BLOCKED_SECTOR_UNAVAILABLE,SOURCE_BLOCKED_NO_LIQUIDITY_FIELD,390,10310.1641,0.25,0.5,ELIGIBLE,,0,0,,,2026-05-28T19:13:22.445651Z:AMZN,0,REJECTED: SAME_SYMBOL_CAP_0.25; source=ELIGIBLE_FROM_FUNNEL; rank_score=0.531818; liquidity_score=0.000000; diversification_score=0.000000; cooldown_score=1.000000; existing_position_penalty=1.000000; sector_cap_status=SOURCE_BLOCKED_SECTOR_UNAVAILABLE; matching_policy=EXACT_CANDIDATE_ID_ONLY_NO_SYMBOL_DATE_PRICE_TIME_FALLBACK
T601-3,decision-98d07fc1b665433d,decision-98d07fc1b665433d,MSFT,2026-05-28T19:16:43.924868Z,0.563636,0.0,0.333333,0.0,0.666667,0.513636,REJECTED,ENTRY_OR_SOURCE_BLOCKED_BY_FUNNEL,ENTRY_OR_SOURCE_BLOCKED_BY_FUNNEL,,SOURCE_BLOCKED_SECTOR_UNAVAILABLE,SOURCE_BLOCKED_NO_LIQUIDITY_FIELD,390,173.4609,0.25,0.5,INELIGIBLE_UNKNOWN,STRATEGY_FILTER_NOT_MET NO_ENTRY,0,0,,,2026-05-28T19:16:42.432717Z:MSFT,0,REJECTED: ENTRY_OR_SOURCE_BLOCKED_BY_FUNNEL; source=ENTRY_OR_SOURCE_BLOCKED_BY_FUNNEL; rank_score=0.563636; liquidity_score=0.000000; diversification_score=0.333333; cooldown_score=0.000000; existing_position_penalty=0.666667; sector_cap_status=SOURCE_BLOCKED_SECTOR_UNAVAILABLE; matching_policy=EXACT_CANDIDATE_ID_ONLY_NO_SYMBOL_DATE_PRICE_TIME_FALLBACK
T601-3,decision-a190bfee7df34ef7,decision-a190bfee7df34ef7,MSFT,2026-05-28T19:18:32.811808Z,0.563636,0.0,0.333333,0.0,0.666667,0.513636,REJECTED,ENTRY_OR_SOURCE_BLOCKED_BY_FUNNEL,ENTRY_OR_SOURCE_BLOCKED_BY_FUNNEL,,SOURCE_BLOCKED_SECTOR_UNAVAILABLE,SOURCE_BLOCKED_NO_LIQUIDITY_FIELD,390,175.2757,0.25,0.5,INELIGIBLE_UNKNOWN,STRATEGY_FILTER_NOT_MET NO_ENTRY,0,0,,,2026-05-28T19:18:31.357411Z:MSFT,0,REJECTED: ENTRY_OR_SOURCE_BLOCKED_BY_FUNNEL; source=ENTRY_OR_SOURCE_BLOCKED_BY_FUNNEL; rank_score=0.563636; liquidity_score=0.000000; diversification_score=0.333333; cooldown_score=0.000000; existing_position_penalty=0.666667; sector_cap_status=SOURCE_BLOCKED_SECTOR_UNAVAILABLE; matching_policy=EXACT_CANDIDATE_ID_ONLY_NO_SYMBOL_DATE_PRICE_TIME_FALLBACK
T601-3,decision-fdd3f1df148d43bb,decision-fdd3f1df148d43bb,MSFT,2026-05-28T19:21:52.873709Z,0.563636,0.0,0.333333,0.0,0.666667,0.513636,REJECTED,ENTRY_OR_SOURCE_BLOCKED_BY_FUNNEL,ENTRY_OR_SOURCE_BLOCKED_BY_FUNNEL,,SOURCE_BLOCKED_SECTOR_UNAVAILABLE,SOURCE_BLOCKED_NO_LIQUIDITY_FIELD,390,178.61,0.25,0.5,INELIGIBLE_UNKNOWN,STRATEGY_FILTER_NOT_MET NO_ENTRY,0,0,,,2026-05-28T19:21:51.373655Z:MSFT,0,REJECTED: ENTRY_OR_SOURCE_BLOCKED_BY_FUNNEL; source=ENTRY_OR_SOURCE_BLOCKED_BY_FUNNEL; rank_score=0.563636; liquidity_score=0.000000; diversification_score=0.333333; cooldown_score=0.000000; existing_position_penalty=0.666667; sector_cap_status=SOURCE_BLOCKED_SECTOR_UNAVAILABLE; matching_policy=EXACT_CANDIDATE_ID_ONLY_NO_SYMBOL_DATE_PRICE_TIME_FALLBACK
T601-3,decision-ac9ab049e9e141e6,decision-ac9ab049e9e141e6,MSFT,2026-05-28T19:23:46.540392Z,0.563636,0.0,0.333333,0.0,0.666667,0.513636,REJECTED,ENTRY_OR_SOURCE_BLOCKED_BY_FUNNEL,ENTRY_OR_SOURCE_BLOCKED_BY_FUNNEL,,SOURCE_BLOCKED_SECTOR_UNAVAILABLE,SOURCE_BLOCKED_NO_LIQUIDITY_FIELD,390,180.5045,0.25,0.5,INELIGIBLE_UNKNOWN,STRATEGY_FILTER_NOT_MET NO_ENTRY,0,0,,,2026-05-28T19:23:44.955008Z:MSFT,0,REJECTED: ENTRY_OR_SOURCE_BLOCKED_BY_FUNNEL; source=ENTRY_OR_SOURCE_BLOCKED_BY_FUNNEL; rank_score=0.563636; liquidity_score=0.000000; diversification_score=0.333333; cooldown_score=0.000000; existing_position_penalty=0.666667; sector_cap_status=SOURCE_BLOCKED_SECTOR_UNAVAILABLE; matching_policy=EXACT_CANDIDATE_ID_ONLY_NO_SYMBOL_DATE_PRICE_TIME_FALLBACK
T601-3,decision-4e772f814d9446a0,decision-4e772f814d9446a0,MSFT,2026-05-28T19:27:01.856017Z,0.563636,0.0,0.333333,0.0,0.666667,0.513636,REJECTED,ENTRY_OR_SOURCE_BLOCKED_BY_FUNNEL,ENTRY_OR_SOURCE_BLOCKED_BY_FUNNEL,,SOURCE_BLOCKED_SECTOR_UNAVAILABLE,SOURCE_BLOCKED_NO_LIQUIDITY_FIELD,390,183.7597,0.25,0.5,INELIGIBLE_UNKNOWN,STRATEGY_FILTER_NOT_MET NO_ENTRY,0,0,,,2026-05-28T19:27:00.280174Z:MSFT,0,REJECTED: ENTRY_OR_SOURCE_BLOCKED_BY_FUNNEL; source=ENTRY_OR_SOURCE_BLOCKED_BY_FUNNEL; rank_score=0.563636; liquidity_score=0.000000; diversification_score=0.333333; cooldown_score=0.000000; existing_position_penalty=0.666667; sector_cap_status=SOURCE_BLOCKED_SECTOR_UNAVAILABLE; matching_policy=EXACT_CANDIDATE_ID_ONLY_NO_SYMBOL_DATE_PRICE_TIME_FALLBACK
T601-3,decision-423aaeb29b604530,decision-423aaeb29b604530,MSFT,2026-05-28T19:28:55.722217Z,0.563636,0.0,0.333333,0.0,0.666667,0.513636,REJECTED,ENTRY_OR_SOURCE_BLOCKED_BY_FUNNEL,ENTRY_OR_SOURCE_BLOCKED_BY_FUNNEL,,SOURCE_BLOCKED_SECTOR_UNAVAILABLE,SOURCE_BLOCKED_NO_LIQUIDITY_FIELD,390,185.6575,0.25,0.5,INELIGIBLE_UNKNOWN,STRATEGY_FILTER_NOT_MET NO_ENTRY,0,0,,,2026-05-28T19:28:54.093472Z:MSFT,0,REJECTED: ENTRY_OR_SOURCE_BLOCKED_BY_FUNNEL; source=ENTRY_OR_SOURCE_BLOCKED_BY_FUNNEL; rank_score=0.563636; liquidity_score=0.000000; diversification_score=0.333333; cooldown_score=0.000000; existing_position_penalty=0.666667; sector_cap_status=SOURCE_BLOCKED_SECTOR_UNAVAILABLE; matching_policy=EXACT_CANDIDATE_ID_ONLY_NO_SYMBOL_DATE_PRICE_TIME_FALLBACK
T601-3,decision-518c01b35e904fea,decision-518c01b35e904fea,MSFT,2026-05-28T19:32:10.787837Z,0.563636,0.0,0.333333,0.0,0.666667,0.513636,REJECTED,ENTRY_OR_SOURCE_BLOCKED_BY_FUNNEL,ENTRY_OR_SOURCE_BLOCKED_BY_FUNNEL,,SOURCE_BLOCKED_SECTOR_UNAVAILABLE,SOURCE_BLOCKED_NO_LIQUIDITY_FIELD,390,188.9086,0.25,0.5,INELIGIBLE_UNKNOWN,STRATEGY_FILTER_NOT_MET NO_ENTRY,0,0,,,2026-05-28T19:32:09.310796Z:MSFT,0,REJECTED: ENTRY_OR_SOURCE_BLOCKED_BY_FUNNEL; source=ENTRY_OR_SOURCE_BLOCKED_BY_FUNNEL; rank_score=0.563636; liquidity_score=0.000000; diversification_score=0.333333; cooldown_score=0.000000; existing_position_penalty=0.666667; sector_cap_status=SOURCE_BLOCKED_SECTOR_UNAVAILABLE; matching_policy=EXACT_CANDIDATE_ID_ONLY_NO_SYMBOL_DATE_PRICE_TIME_FALLBACK
T601-3,decision-d0edd32ee8bf4cb2,decision-d0edd32ee8bf4cb2,MSFT,2026-05-28T19:34:04.772852Z,0.563636,0.0,0.333333,0.0,0.666667,0.513636,REJECTED,ENTRY_OR_SOURCE_BLOCKED_BY_FUNNEL,ENTRY_OR_SOURCE_BLOCKED_BY_FUNNEL,,SOURCE_BLOCKED_SECTOR_UNAVAILABLE,SOURCE_BLOCKED_NO_LIQUIDITY_FIELD,390,190.8084,0.25,0.5,INELIGIBLE_UNKNOWN,STRATEGY_FILTER_NOT_MET NO_ENTRY,0,0,,,2026-05-28T19:34:03.321680Z:MSFT,0,REJECTED: ENTRY_OR_SOURCE_BLOCKED_BY_FUNNEL; source=ENTRY_OR_SOURCE_BLOCKED_BY_FUNNEL; rank_score=0.563636; liquidity_score=0.000000; diversification_score=0.333333; cooldown_score=0.000000; existing_position_penalty=0.666667; sector_cap_status=SOURCE_BLOCKED_SECTOR_UNAVAILABLE; matching_policy=EXACT_CANDIDATE_ID_ONLY_NO_SYMBOL_DATE_PRICE_TIME_FALLBACK
T601-3,decision-d5dd57f593124059,decision-d5dd57f593124059,MSFT,2026-05-28T19:37:19.934474Z,0.563636,0.0,0.333333,0.0,0.666667,0.513636,REJECTED,ENTRY_OR_SOURCE_BLOCKED_BY_FUNNEL,ENTRY_OR_SOURCE_BLOCKED_BY_FUNNEL,,SOURCE_BLOCKED_SECTOR_UNAVAILABLE,SOURCE_BLOCKED_NO_LIQUIDITY_FIELD,390,194.0611,0.25,0.5,INELIGIBLE_UNKNOWN,STRATEGY_FILTER_NOT_MET NO_ENTRY,0,0,,,2026-05-28T19:37:18.404390Z:MSFT,0,REJECTED: ENTRY_OR_SOURCE_BLOCKED_BY_FUNNEL; source=ENTRY_OR_SOURCE_BLOCKED_BY_FUNNEL; rank_score=0.563636; liquidity_score=0.000000; diversification_score=0.333333; cooldown_score=0.000000; existing_position_penalty=0.666667; sector_cap_status=SOURCE_BLOCKED_SECTOR_UNAVAILABLE; matching_policy=EXACT_CANDIDATE_ID_ONLY_NO_SYMBOL_DATE_PRICE_TIME_FALLBACK
T601-3,decision-4b2b643815c74cb5,decision-4b2b643815c74cb5,AMZN,2026-05-28T19:39:14.009377Z,0.531818,0.0,0.0,1.0,1.0,0.431818,REJECTED,SAME_SYMBOL_CAP_0.25,ELIGIBLE_FROM_FUNNEL,,SOURCE_BLOCKED_SECTOR_UNAVAILABLE,SOURCE_BLOCKED_NO_LIQUIDITY_FIELD,390,10335.9967,0.25,0.5,ELIGIBLE,,0,0,,,2026-05-28T19:39:12.450026Z:AMZN,0,REJECTED: SAME_SYMBOL_CAP_0.25; source=ELIGIBLE_FROM_FUNNEL; rank_score=0.531818; liquidity_score=0.000000; diversification_score=0.000000; cooldown_score=1.000000; existing_position_penalty=1.000000; sector_cap_status=SOURCE_BLOCKED_SECTOR_UNAVAILABLE; matching_policy=EXACT_CANDIDATE_ID_ONLY_NO_SYMBOL_DATE_PRICE_TIME_FALLBACK
T601-3,decision-1dcbf6ecba554a00,decision-1dcbf6ecba554a00,AMZN,2026-05-28T19:42:29.458374Z,0.531818,0.0,0.0,1.0,1.0,0.431818,REJECTED,SAME_SYMBOL_CAP_0.25,ELIGIBLE_FROM_FUNNEL,,SOURCE_BLOCKED_SECTOR_UNAVAILABLE,SOURCE_BLOCKED_NO_LIQUIDITY_FIELD,390,10339.2542,0.25,0.5,ELIGIBLE,,0,0,,,2026-05-28T19:42:27.912760Z:AMZN,0,REJECTED: SAME_SYMBOL_CAP_0.25; source=ELIGIBLE_FROM_FUNNEL; rank_score=0.531818; liquidity_score=0.000000; diversification_score=0.000000; cooldown_score=1.000000; existing_position_penalty=1.000000; sector_cap_status=SOURCE_BLOCKED_SECTOR_UNAVAILABLE; matching_policy=EXACT_CANDIDATE_ID_ONLY_NO_SYMBOL_DATE_PRICE_TIME_FALLBACK
T601-3,decision-aa4449ce68e94ac2,decision-aa4449ce68e94ac2,AMZN,2026-05-28T19:44:23.963564Z,0.531818,0.0,0.0,1.0,1.0,0.431818,REJECTED,SAME_SYMBOL_CAP_0.25,ELIGIBLE_FROM_FUNNEL,,SOURCE_BLOCKED_SECTOR_UNAVAILABLE,SOURCE_BLOCKED_NO_LIQUIDITY_FIELD,390,10341.1626,0.25,0.5,ELIGIBLE,,0,0,,,2026-05-28T19:44:22.439431Z:AMZN,0,REJECTED: SAME_SYMBOL_CAP_0.25; source=ELIGIBLE_FROM_FUNNEL; rank_score=0.531818; liquidity_score=0.000000; diversification_score=0.000000; cooldown_score=1.000000; existing_position_penalty=1.000000; sector_cap_status=SOURCE_BLOCKED_SECTOR_UNAVAILABLE; matching_policy=EXACT_CANDIDATE_ID_ONLY_NO_SYMBOL_DATE_PRICE_TIME_FALLBACK
T601-3,decision-d775d92116e64943,decision-d775d92116e64943,MSFT,2026-05-28T19:47:39.527508Z,0.563636,0.0,0.333333,0.0,0.666667,0.513636,REJECTED,ENTRY_OR_SOURCE_BLOCKED_BY_FUNNEL,ENTRY_OR_SOURCE_BLOCKED_BY_FUNNEL,,SOURCE_BLOCKED_SECTOR_UNAVAILABLE,SOURCE_BLOCKED_NO_LIQUIDITY_FIELD,390,204.3876,0.25,0.5,INELIGIBLE_UNKNOWN,STRATEGY_FILTER_NOT_MET NO_ENTRY,0,0,,,2026-05-28T19:47:37.920658Z:MSFT,0,REJECTED: ENTRY_OR_SOURCE_BLOCKED_BY_FUNNEL; source=ENTRY_OR_SOURCE_BLOCKED_BY_FUNNEL; rank_score=0.563636; liquidity_score=0.000000; diversification_score=0.333333; cooldown_score=0.000000; existing_position_penalty=0.666667; sector_cap_status=SOURCE_BLOCKED_SECTOR_UNAVAILABLE; matching_policy=EXACT_CANDIDATE_ID_ONLY_NO_SYMBOL_DATE_PRICE_TIME_FALLBACK
T601-3,decision-6378baeb308947bf,decision-6378baeb308947bf,MSFT,2026-05-28T19:49:32.711516Z,0.563636,0.0,0.333333,0.0,0.666667,0.513636,REJECTED,ENTRY_OR_SOURCE_BLOCKED_BY_FUNNEL,ENTRY_OR_SOURCE_BLOCKED_BY_FUNNEL,,SOURCE_BLOCKED_SECTOR_UNAVAILABLE,SOURCE_BLOCKED_NO_LIQUIDITY_FIELD,390,206.274,0.25,0.5,INELIGIBLE_UNKNOWN,STRATEGY_FILTER_NOT_MET NO_ENTRY,0,0,,,2026-05-28T19:49:31.086094Z:MSFT,0,REJECTED: ENTRY_OR_SOURCE_BLOCKED_BY_FUNNEL; source=ENTRY_OR_SOURCE_BLOCKED_BY_FUNNEL; rank_score=0.563636; liquidity_score=0.000000; diversification_score=0.333333; cooldown_score=0.000000; existing_position_penalty=0.666667; sector_cap_status=SOURCE_BLOCKED_SECTOR_UNAVAILABLE; matching_policy=EXACT_CANDIDATE_ID_ONLY_NO_SYMBOL_DATE_PRICE_TIME_FALLBACK
T601-3,decision-140dd24cab8442b0,decision-140dd24cab8442b0,MSFT,2026-05-29T15:02:33.794340Z,0.563636,0.0,0.333333,1.0,0.666667,0.613636,SELECTED,PASSED_RANK_LIQUIDITY_DIVERSIFICATION_COOLDOWN_POSITION_CONTROLS,ELIGIBLE_FROM_FUNNEL,,SOURCE_BLOCKED_SECTOR_UNAVAILABLE,SOURCE_BLOCKED_NO_LIQUIDITY_FIELD,390,1359.2921,0.25,0.5,ELIGIBLE,,1,1,35543.0,0000035543:2026-05-29T15:02:37.826798Z:ORDER_STATUS,2026-05-29T15:02:31.906503Z:MSFT,0,SELECTED: PASSED_RANK_LIQUIDITY_DIVERSIFICATION_COOLDOWN_POSITION_CONTROLS; source=ELIGIBLE_FROM_FUNNEL; rank_score=0.563636; liquidity_score=0.000000; diversification_score=0.333333; cooldown_score=1.000000; existing_position_penalty=0.666667; sector_cap_status=SOURCE_BLOCKED_SECTOR_UNAVAILABLE; matching_policy=EXACT_CANDIDATE_ID_ONLY_NO_SYMBOL_DATE_PRICE_TIME_FALLBACK
T601-3,decision-049a12794cc84c3b,decision-049a12794cc84c3b,MSFT,2026-05-29T15:05:47.863535Z,0.563636,0.0,0.0,0.0,1.0,0.363636,REJECTED,ENTRY_OR_SOURCE_BLOCKED_BY_FUNNEL,ENTRY_OR_SOURCE_BLOCKED_BY_FUNNEL,,SOURCE_BLOCKED_SECTOR_UNAVAILABLE,SOURCE_BLOCKED_NO_LIQUIDITY_FIELD,390,3.2345,0.25,0.5,INELIGIBLE_UNKNOWN,STRATEGY_FILTER_NOT_MET NO_ENTRY,0,0,,,2026-05-29T15:05:46.239594Z:MSFT,0,REJECTED: ENTRY_OR_SOURCE_BLOCKED_BY_FUNNEL; source=ENTRY_OR_SOURCE_BLOCKED_BY_FUNNEL; rank_score=0.563636; liquidity_score=0.000000; diversification_score=0.000000; cooldown_score=0.000000; existing_position_penalty=1.000000; sector_cap_status=SOURCE_BLOCKED_SECTOR_UNAVAILABLE; matching_policy=EXACT_CANDIDATE_ID_ONLY_NO_SYMBOL_DATE_PRICE_TIME_FALLBACK
T601-3,decision-094e6eef460d4329,decision-094e6eef460d4329,MSFT,2026-05-29T15:07:46.945749Z,0.563636,0.0,0.0,0.0,1.0,0.363636,REJECTED,ENTRY_OR_SOURCE_BLOCKED_BY_FUNNEL,ENTRY_OR_SOURCE_BLOCKED_BY_FUNNEL,,SOURCE_BLOCKED_SECTOR_UNAVAILABLE,SOURCE_BLOCKED_NO_LIQUIDITY_FIELD,390,5.2192,0.25,0.5,INELIGIBLE_UNKNOWN,STRATEGY_FILTER_NOT_MET NO_ENTRY,0,0,,,2026-05-29T15:07:45.179670Z:MSFT,0,REJECTED: ENTRY_OR_SOURCE_BLOCKED_BY_FUNNEL; source=ENTRY_OR_SOURCE_BLOCKED_BY_FUNNEL; rank_score=0.563636; liquidity_score=0.000000; diversification_score=0.000000; cooldown_score=0.000000; existing_position_penalty=1.000000; sector_cap_status=SOURCE_BLOCKED_SECTOR_UNAVAILABLE; matching_policy=EXACT_CANDIDATE_ID_ONLY_NO_SYMBOL_DATE_PRICE_TIME_FALLBACK
T601-3,decision-e1757a9ae9fd474b,decision-e1757a9ae9fd474b,MSFT,2026-06-01T13:35:06.080752Z,0.563636,0.0,0.0,1.0,1.0,0.463636,REJECTED,PORTFOLIO_FULL,ELIGIBLE_FROM_FUNNEL,,SOURCE_BLOCKED_SECTOR_UNAVAILABLE,SOURCE_BLOCKED_NO_LIQUIDITY_FIELD,390,4232.5381,0.25,0.5,ELIGIBLE,,1,1,36992.0,0000036992:2026-06-01T13:40:18.046208Z:ORDER_STATUS,2026-06-01T13:35:04.160161Z:MSFT,0,REJECTED: PORTFOLIO_FULL; source=ELIGIBLE_FROM_FUNNEL; rank_score=0.563636; liquidity_score=0.000000; diversification_score=0.000000; cooldown_score=1.000000; existing_position_penalty=1.000000; sector_cap_status=SOURCE_BLOCKED_SECTOR_UNAVAILABLE; matching_policy=EXACT_CANDIDATE_ID_ONLY_NO_SYMBOL_DATE_PRICE_TIME_FALLBACK
T601-3,decision-5a31d43b2af3496e,decision-5a31d43b2af3496e,MSFT,2026-06-01T13:39:06.674400Z,0.563636,0.0,0.0,1.0,1.0,0.463636,REJECTED,PORTFOLIO_FULL,ELIGIBLE_FROM_FUNNEL,,SOURCE_BLOCKED_SECTOR_UNAVAILABLE,SOURCE_BLOCKED_NO_LIQUIDITY_FIELD,390,4236.548,0.25,0.5,ELIGIBLE,,0,0,,,2026-06-01T13:39:05.082480Z:MSFT,0,REJECTED: PORTFOLIO_FULL; source=ELIGIBLE_FROM_FUNNEL; rank_score=0.563636; liquidity_score=0.000000; diversification_score=0.000000; cooldown_score=1.000000; existing_position_penalty=1.000000; sector_cap_status=SOURCE_BLOCKED_SECTOR_UNAVAILABLE; matching_policy=EXACT_CANDIDATE_ID_ONLY_NO_SYMBOL_DATE_PRICE_TIME_FALLBACK
T601-3,decision-e65dd273686c4ab8,decision-e65dd273686c4ab8,MSFT,2026-06-01T13:40:16.273815Z,0.563636,0.0,0.0,1.0,1.0,0.463636,REJECTED,ENTRY_OR_SOURCE_BLOCKED_BY_FUNNEL,ENTRY_OR_SOURCE_BLOCKED_BY_FUNNEL,,SOURCE_BLOCKED_SECTOR_UNAVAILABLE,SOURCE_BLOCKED_NO_LIQUIDITY_FIELD,390,4237.708,0.25,0.5,INELIGIBLE_UNKNOWN,STRATEGY_FILTER_NOT_MET NO_ENTRY,0,0,,,2026-06-01T13:40:14.791839Z:MSFT,0,REJECTED: ENTRY_OR_SOURCE_BLOCKED_BY_FUNNEL; source=ENTRY_OR_SOURCE_BLOCKED_BY_FUNNEL; rank_score=0.563636; liquidity_score=0.000000; diversification_score=0.000000; cooldown_score=1.000000; existing_position_penalty=1.000000; sector_cap_status=SOURCE_BLOCKED_SECTOR_UNAVAILABLE; matching_policy=EXACT_CANDIDATE_ID_ONLY_NO_SYMBOL_DATE_PRICE_TIME_FALLBACK
T601-3,decision-ca4624ac3b674d0c,decision-ca4624ac3b674d0c,MSFT,2026-06-01T13:44:15.742092Z,0.563636,0.0,0.0,1.0,1.0,0.463636,REJECTED,ENTRY_OR_SOURCE_BLOCKED_BY_FUNNEL,ENTRY_OR_SOURCE_BLOCKED_BY_FUNNEL,,SOURCE_BLOCKED_SECTOR_UNAVAILABLE,SOURCE_BLOCKED_NO_LIQUIDITY_FIELD,390,4241.6991,0.25,0.5,INELIGIBLE_UNKNOWN,STRATEGY_FILTER_NOT_MET NO_ENTRY,0,0,,,2026-06-01T13:44:14.209577Z:MSFT,0,REJECTED: ENTRY_OR_SOURCE_BLOCKED_BY_FUNNEL; source=ENTRY_OR_SOURCE_BLOCKED_BY_FUNNEL; rank_score=0.563636; liquidity_score=0.000000; diversification_score=0.000000; cooldown_score=1.000000; existing_position_penalty=1.000000; sector_cap_status=SOURCE_BLOCKED_SECTOR_UNAVAILABLE; matching_policy=EXACT_CANDIDATE_ID_ONLY_NO_SYMBOL_DATE_PRICE_TIME_FALLBACK
T601-3,decision-0547d6443d124892,decision-0547d6443d124892,MSFT,2026-06-01T13:45:26.583768Z,0.563636,0.0,0.0,1.0,1.0,0.463636,REJECTED,ENTRY_OR_SOURCE_BLOCKED_BY_FUNNEL,ENTRY_OR_SOURCE_BLOCKED_BY_FUNNEL,,SOURCE_BLOCKED_SECTOR_UNAVAILABLE,SOURCE_BLOCKED_NO_LIQUIDITY_FIELD,390,4242.8798,0.25,0.5,INELIGIBLE_UNKNOWN,STRATEGY_FILTER_NOT_MET NO_ENTRY,0,0,,,2026-06-01T13:45:25.078544Z:MSFT,0,REJECTED: ENTRY_OR_SOURCE_BLOCKED_BY_FUNNEL; source=ENTRY_OR_SOURCE_BLOCKED_BY_FUNNEL; rank_score=0.563636; liquidity_score=0.000000; diversification_score=0.000000; cooldown_score=1.000000; existing_position_penalty=1.000000; sector_cap_status=SOURCE_BLOCKED_SECTOR_UNAVAILABLE; matching_policy=EXACT_CANDIDATE_ID_ONLY_NO_SYMBOL_DATE_PRICE_TIME_FALLBACK
T601-3,decision-05419ff29dee4684,decision-05419ff29dee4684,MSFT,2026-06-01T13:49:25.558339Z,0.563636,0.0,0.0,1.0,1.0,0.463636,REJECTED,ENTRY_OR_SOURCE_BLOCKED_BY_FUNNEL,ENTRY_OR_SOURCE_BLOCKED_BY_FUNNEL,,SOURCE_BLOCKED_SECTOR_UNAVAILABLE,SOURCE_BLOCKED_NO_LIQUIDITY_FIELD,390,4246.8627,0.25,0.5,INELIGIBLE_UNKNOWN,STRATEGY_FILTER_NOT_MET NO_ENTRY,0,0,,,2026-06-01T13:49:24.059520Z:MSFT,0,REJECTED: ENTRY_OR_SOURCE_BLOCKED_BY_FUNNEL; source=ENTRY_OR_SOURCE_BLOCKED_BY_FUNNEL; rank_score=0.563636; liquidity_score=0.000000; diversification_score=0.000000; cooldown_score=1.000000; existing_position_penalty=1.000000; sector_cap_status=SOURCE_BLOCKED_SECTOR_UNAVAILABLE; matching_policy=EXACT_CANDIDATE_ID_ONLY_NO_SYMBOL_DATE_PRICE_TIME_FALLBACK
T601-3,decision-bcf3a9850bed479d,decision-bcf3a9850bed479d,MSFT,2026-06-01T13:50:34.362176Z,0.563636,0.0,0.0,1.0,1.0,0.463636,REJECTED,ENTRY_OR_SOURCE_BLOCKED_BY_FUNNEL,ENTRY_OR_SOURCE_BLOCKED_BY_FUNNEL,,SOURCE_BLOCKED_SECTOR_UNAVAILABLE,SOURCE_BLOCKED_NO_LIQUIDITY_FIELD,390,4248.0095,0.25,0.5,INELIGIBLE_UNKNOWN,STRATEGY_FILTER_NOT_MET NO_ENTRY,0,0,,,2026-06-01T13:50:32.924201Z:MSFT,0,REJECTED: ENTRY_OR_SOURCE_BLOCKED_BY_FUNNEL; source=ENTRY_OR_SOURCE_BLOCKED_BY_FUNNEL; rank_score=0.563636; liquidity_score=0.000000; diversification_score=0.000000; cooldown_score=1.000000; existing_position_penalty=1.000000; sector_cap_status=SOURCE_BLOCKED_SECTOR_UNAVAILABLE; matching_policy=EXACT_CANDIDATE_ID_ONLY_NO_SYMBOL_DATE_PRICE_TIME_FALLBACK
T601-3,decision-cc387791b0df45e8,decision-cc387791b0df45e8,MSFT,2026-06-01T13:54:34.362628Z,0.563636,0.0,0.0,1.0,1.0,0.463636,REJECTED,ENTRY_OR_SOURCE_BLOCKED_BY_FUNNEL,ENTRY_OR_SOURCE_BLOCKED_BY_FUNNEL,,SOURCE_BLOCKED_SECTOR_UNAVAILABLE,SOURCE_BLOCKED_NO_LIQUIDITY_FIELD,390,4252.0095,0.25,0.5,INELIGIBLE_UNKNOWN,STRATEGY_FILTER_NOT_MET NO_ENTRY,0,0,,,2026-06-01T13:54:32.749129Z:MSFT,0,REJECTED: ENTRY_OR_SOURCE_BLOCKED_BY_FUNNEL; source=ENTRY_OR_SOURCE_BLOCKED_BY_FUNNEL; rank_score=0.563636; liquidity_score=0.000000; diversification_score=0.000000; cooldown_score=1.000000; existing_position_penalty=1.000000; sector_cap_status=SOURCE_BLOCKED_SECTOR_UNAVAILABLE; matching_policy=EXACT_CANDIDATE_ID_ONLY_NO_SYMBOL_DATE_PRICE_TIME_FALLBACK
T601-3,decision-2126219275d84c37,decision-2126219275d84c37,MSFT,2026-06-01T13:55:42.248611Z,0.563636,0.0,0.0,1.0,1.0,0.463636,REJECTED,PORTFOLIO_FULL,ELIGIBLE_FROM_FUNNEL,,SOURCE_BLOCKED_SECTOR_UNAVAILABLE,SOURCE_BLOCKED_NO_LIQUIDITY_FIELD,390,4253.1409,0.25,0.5,ELIGIBLE,,1,1,37419.0,0000037419:2026-06-01T14:00:53.410442Z:ORDER_STATUS,2026-06-01T13:55:40.817465Z:MSFT,0,REJECTED: PORTFOLIO_FULL; source=ELIGIBLE_FROM_FUNNEL; rank_score=0.563636; liquidity_score=0.000000; diversification_score=0.000000; cooldown_score=1.000000; existing_position_penalty=1.000000; sector_cap_status=SOURCE_BLOCKED_SECTOR_UNAVAILABLE; matching_policy=EXACT_CANDIDATE_ID_ONLY_NO_SYMBOL_DATE_PRICE_TIME_FALLBACK
T601-3,decision-6d23c6e946a8454c,decision-6d23c6e946a8454c,MSFT,2026-06-01T13:59:43.043984Z,0.563636,0.0,0.0,1.0,1.0,0.463636,REJECTED,PORTFOLIO_FULL,ELIGIBLE_FROM_FUNNEL,,SOURCE_BLOCKED_SECTOR_UNAVAILABLE,SOURCE_BLOCKED_NO_LIQUIDITY_FIELD,390,4257.1542,0.25,0.5,ELIGIBLE,,0,0,,,2026-06-01T13:59:41.492255Z:MSFT,0,REJECTED: PORTFOLIO_FULL; source=ELIGIBLE_FROM_FUNNEL; rank_score=0.563636; liquidity_score=0.000000; diversification_score=0.000000; cooldown_score=1.000000; existing_position_penalty=1.000000; sector_cap_status=SOURCE_BLOCKED_SECTOR_UNAVAILABLE; matching_policy=EXACT_CANDIDATE_ID_ONLY_NO_SYMBOL_DATE_PRICE_TIME_FALLBACK
T601-3,decision-9e9c9fde75d9474f,decision-9e9c9fde75d9474f,MSFT,2026-06-01T14:00:53.058888Z,0.563636,0.0,0.0,1.0,1.0,0.463636,REJECTED,PORTFOLIO_FULL,ELIGIBLE_FROM_FUNNEL,,SOURCE_BLOCKED_SECTOR_UNAVAILABLE,SOURCE_BLOCKED_NO_LIQUIDITY_FIELD,390,4258.3211,0.25,0.5,ELIGIBLE,,1,1,37482.0,0000037482:2026-06-01T14:00:56.633692Z:ORDER_STATUS,2026-06-01T14:00:51.660996Z:MSFT,0,REJECTED: PORTFOLIO_FULL; source=ELIGIBLE_FROM_FUNNEL; rank_score=0.563636; liquidity_score=0.000000; diversification_score=0.000000; cooldown_score=1.000000; existing_position_penalty=1.000000; sector_cap_status=SOURCE_BLOCKED_SECTOR_UNAVAILABLE; matching_policy=EXACT_CANDIDATE_ID_ONLY_NO_SYMBOL_DATE_PRICE_TIME_FALLBACK
T601-3,decision-de3714ee63ac42d5,decision-de3714ee63ac42d5,MSFT,2026-06-01T14:04:52.490548Z,0.563636,0.0,0.0,1.0,1.0,0.463636,REJECTED,PORTFOLIO_FULL,ELIGIBLE_FROM_FUNNEL,,SOURCE_BLOCKED_SECTOR_UNAVAILABLE,SOURCE_BLOCKED_NO_LIQUIDITY_FIELD,390,4262.3116,0.25,0.5,ELIGIBLE,,0,0,,,2026-06-01T14:04:50.952785Z:MSFT,0,REJECTED: PORTFOLIO_FULL; source=ELIGIBLE_FROM_FUNNEL; rank_score=0.563636; liquidity_score=0.000000; diversification_score=0.000000; cooldown_score=1.000000; existing_position_penalty=1.000000; sector_cap_status=SOURCE_BLOCKED_SECTOR_UNAVAILABLE; matching_policy=EXACT_CANDIDATE_ID_ONLY_NO_SYMBOL_DATE_PRICE_TIME_FALLBACK
T601-3,decision-db8ffac474b24e87,decision-db8ffac474b24e87,MSFT,2026-06-01T14:06:04.323131Z,0.563636,0.0,0.0,1.0,1.0,0.463636,REJECTED,ENTRY_OR_SOURCE_BLOCKED_BY_FUNNEL,ENTRY_OR_SOURCE_BLOCKED_BY_FUNNEL,,SOURCE_BLOCKED_SECTOR_UNAVAILABLE,SOURCE_BLOCKED_NO_LIQUIDITY_FIELD,390,4263.5088,0.25,0.5,INELIGIBLE_UNKNOWN,STRATEGY_FILTER_NOT_MET NO_ENTRY,0,0,,,2026-06-01T14:06:02.862368Z:MSFT,0,REJECTED: ENTRY_OR_SOURCE_BLOCKED_BY_FUNNEL; source=ENTRY_OR_SOURCE_BLOCKED_BY_FUNNEL; rank_score=0.563636; liquidity_score=0.000000; diversification_score=0.000000; cooldown_score=1.000000; existing_position_penalty=1.000000; sector_cap_status=SOURCE_BLOCKED_SECTOR_UNAVAILABLE; matching_policy=EXACT_CANDIDATE_ID_ONLY_NO_SYMBOL_DATE_PRICE_TIME_FALLBACK
T601-3,decision-6676b2c3e4f1431d,decision-6676b2c3e4f1431d,MSFT,2026-06-01T14:10:01.424375Z,0.563636,0.0,0.0,1.0,1.0,0.463636,REJECTED,ENTRY_OR_SOURCE_BLOCKED_BY_FUNNEL,ENTRY_OR_SOURCE_BLOCKED_BY_FUNNEL,,SOURCE_BLOCKED_SECTOR_UNAVAILABLE,SOURCE_BLOCKED_NO_LIQUIDITY_FIELD,390,4267.4605,0.25,0.5,INELIGIBLE_UNKNOWN,STRATEGY_FILTER_NOT_MET NO_ENTRY,0,0,,,2026-06-01T14:09:59.876260Z:MSFT,0,REJECTED: ENTRY_OR_SOURCE_BLOCKED_BY_FUNNEL; source=ENTRY_OR_SOURCE_BLOCKED_BY_FUNNEL; rank_score=0.563636; liquidity_score=0.000000; diversification_score=0.000000; cooldown_score=1.000000; existing_position_penalty=1.000000; sector_cap_status=SOURCE_BLOCKED_SECTOR_UNAVAILABLE; matching_policy=EXACT_CANDIDATE_ID_ONLY_NO_SYMBOL_DATE_PRICE_TIME_FALLBACK
T601-3,decision-4fea6a4efd6343bd,decision-4fea6a4efd6343bd,MSFT,2026-06-01T14:11:12.390958Z,0.563636,0.0,0.0,1.0,1.0,0.463636,REJECTED,ENTRY_OR_SOURCE_BLOCKED_BY_FUNNEL,ENTRY_OR_SOURCE_BLOCKED_BY_FUNNEL,,SOURCE_BLOCKED_SECTOR_UNAVAILABLE,SOURCE_BLOCKED_NO_LIQUIDITY_FIELD,390,4268.6433,0.25,0.5,INELIGIBLE_UNKNOWN,STRATEGY_FILTER_NOT_MET NO_ENTRY,0,0,,,2026-06-01T14:11:10.903926Z:MSFT,0,REJECTED: ENTRY_OR_SOURCE_BLOCKED_BY_FUNNEL; source=ENTRY_OR_SOURCE_BLOCKED_BY_FUNNEL; rank_score=0.563636; liquidity_score=0.000000; diversification_score=0.000000; cooldown_score=1.000000; existing_position_penalty=1.000000; sector_cap_status=SOURCE_BLOCKED_SECTOR_UNAVAILABLE; matching_policy=EXACT_CANDIDATE_ID_ONLY_NO_SYMBOL_DATE_PRICE_TIME_FALLBACK
T601-3,decision-c5e4cc474c8542e3,decision-c5e4cc474c8542e3,MSFT,2026-06-01T14:15:13.710692Z,0.563636,0.0,0.0,1.0,1.0,0.463636,REJECTED,ENTRY_OR_SOURCE_BLOCKED_BY_FUNNEL,ENTRY_OR_SOURCE_BLOCKED_BY_FUNNEL,,SOURCE_BLOCKED_SECTOR_UNAVAILABLE,SOURCE_BLOCKED_NO_LIQUIDITY_FIELD,390,4272.6653,0.25,0.5,INELIGIBLE_UNKNOWN,STRATEGY_FILTER_NOT_MET NO_ENTRY,0,0,,,2026-06-01T14:15:12.165108Z:MSFT,0,REJECTED: ENTRY_OR_SOURCE_BLOCKED_BY_FUNNEL; source=ENTRY_OR_SOURCE_BLOCKED_BY_FUNNEL; rank_score=0.563636; liquidity_score=0.000000; diversification_score=0.000000; cooldown_score=1.000000; existing_position_penalty=1.000000; sector_cap_status=SOURCE_BLOCKED_SECTOR_UNAVAILABLE; matching_policy=EXACT_CANDIDATE_ID_ONLY_NO_SYMBOL_DATE_PRICE_TIME_FALLBACK
T601-3,decision-9978c06a245f4c5a,decision-9978c06a245f4c5a,MSFT,2026-06-01T14:16:23.153360Z,0.563636,0.0,0.0,1.0,1.0,0.463636,REJECTED,ENTRY_OR_SOURCE_BLOCKED_BY_FUNNEL,ENTRY_OR_SOURCE_BLOCKED_BY_FUNNEL,,SOURCE_BLOCKED_SECTOR_UNAVAILABLE,SOURCE_BLOCKED_NO_LIQUIDITY_FIELD,390,4273.8227,0.25,0.5,INELIGIBLE_UNKNOWN,STRATEGY_FILTER_NOT_MET NO_ENTRY,0,0,,,2026-06-01T14:16:21.693006Z:MSFT,0,REJECTED: ENTRY_OR_SOURCE_BLOCKED_BY_FUNNEL; source=ENTRY_OR_SOURCE_BLOCKED_BY_FUNNEL; rank_score=0.563636; liquidity_score=0.000000; diversification_score=0.000000; cooldown_score=1.000000; existing_position_penalty=1.000000; sector_cap_status=SOURCE_BLOCKED_SECTOR_UNAVAILABLE; matching_policy=EXACT_CANDIDATE_ID_ONLY_NO_SYMBOL_DATE_PRICE_TIME_FALLBACK
T601-3,decision-8fb9ca93a1924214,decision-8fb9ca93a1924214,MSFT,2026-06-01T14:20:24.902241Z,0.563636,0.0,0.0,1.0,1.0,0.463636,REJECTED,ENTRY_OR_SOURCE_BLOCKED_BY_FUNNEL,ENTRY_OR_SOURCE_BLOCKED_BY_FUNNEL,,SOURCE_BLOCKED_SECTOR_UNAVAILABLE,SOURCE_BLOCKED_NO_LIQUIDITY_FIELD,390,4277.8518,0.25,0.5,INELIGIBLE_UNKNOWN,STRATEGY_FILTER_NOT_MET NO_ENTRY,0,0,,,2026-06-01T14:20:23.357837Z:MSFT,0,REJECTED: ENTRY_OR_SOURCE_BLOCKED_BY_FUNNEL; source=ENTRY_OR_SOURCE_BLOCKED_BY_FUNNEL; rank_score=0.563636; liquidity_score=0.000000; diversification_score=0.000000; cooldown_score=1.000000; existing_position_penalty=1.000000; sector_cap_status=SOURCE_BLOCKED_SECTOR_UNAVAILABLE; matching_policy=EXACT_CANDIDATE_ID_ONLY_NO_SYMBOL_DATE_PRICE_TIME_FALLBACK
T601-3,decision-b67d98b235c948ba,decision-b67d98b235c948ba,MSFT,2026-06-01T14:21:31.102688Z,0.563636,0.0,0.0,1.0,1.0,0.463636,REJECTED,ENTRY_OR_SOURCE_BLOCKED_BY_FUNNEL,ENTRY_OR_SOURCE_BLOCKED_BY_FUNNEL,,SOURCE_BLOCKED_SECTOR_UNAVAILABLE,SOURCE_BLOCKED_NO_LIQUIDITY_FIELD,390,4278.9551,0.25,0.5,INELIGIBLE_UNKNOWN,STRATEGY_FILTER_NOT_MET NO_ENTRY,0,0,,,2026-06-01T14:21:29.612091Z:MSFT,0,REJECTED: ENTRY_OR_SOURCE_BLOCKED_BY_FUNNEL; source=ENTRY_OR_SOURCE_BLOCKED_BY_FUNNEL; rank_score=0.563636; liquidity_score=0.000000; diversification_score=0.000000; cooldown_score=1.000000; existing_position_penalty=1.000000; sector_cap_status=SOURCE_BLOCKED_SECTOR_UNAVAILABLE; matching_policy=EXACT_CANDIDATE_ID_ONLY_NO_SYMBOL_DATE_PRICE_TIME_FALLBACK
T601-3,decision-1a6f69b82d964b54,decision-1a6f69b82d964b54,MSFT,2026-06-01T14:25:34.316507Z,0.563636,0.0,0.0,1.0,1.0,0.463636,REJECTED,ENTRY_OR_SOURCE_BLOCKED_BY_FUNNEL,ENTRY_OR_SOURCE_BLOCKED_BY_FUNNEL,,SOURCE_BLOCKED_SECTOR_UNAVAILABLE,SOURCE_BLOCKED_NO_LIQUIDITY_FIELD,390,4283.0087,0.25,0.5,INELIGIBLE_UNKNOWN,STRATEGY_FILTER_NOT_MET NO_ENTRY,0,0,,,2026-06-01T14:25:32.740766Z:MSFT,0,REJECTED: ENTRY_OR_SOURCE_BLOCKED_BY_FUNNEL; source=ENTRY_OR_SOURCE_BLOCKED_BY_FUNNEL; rank_score=0.563636; liquidity_score=0.000000; diversification_score=0.000000; cooldown_score=1.000000; existing_position_penalty=1.000000; sector_cap_status=SOURCE_BLOCKED_SECTOR_UNAVAILABLE; matching_policy=EXACT_CANDIDATE_ID_ONLY_NO_SYMBOL_DATE_PRICE_TIME_FALLBACK
T601-3,decision-4f2a5ed214ea4cc5,decision-4f2a5ed214ea4cc5,MSFT,2026-06-01T14:26:39.045799Z,0.563636,0.0,0.0,1.0,1.0,0.463636,REJECTED,ENTRY_OR_SOURCE_BLOCKED_BY_FUNNEL,ENTRY_OR_SOURCE_BLOCKED_BY_FUNNEL,,SOURCE_BLOCKED_SECTOR_UNAVAILABLE,SOURCE_BLOCKED_NO_LIQUIDITY_FIELD,390,4284.0875,0.25,0.5,INELIGIBLE_UNKNOWN,STRATEGY_FILTER_NOT_MET NO_ENTRY,0,0,,,2026-06-01T14:26:37.572802Z:MSFT,0,REJECTED: ENTRY_OR_SOURCE_BLOCKED_BY_FUNNEL; source=ENTRY_OR_SOURCE_BLOCKED_BY_FUNNEL; rank_score=0.563636; liquidity_score=0.000000; diversification_score=0.000000; cooldown_score=1.000000; existing_position_penalty=1.000000; sector_cap_status=SOURCE_BLOCKED_SECTOR_UNAVAILABLE; matching_policy=EXACT_CANDIDATE_ID_ONLY_NO_SYMBOL_DATE_PRICE_TIME_FALLBACK
T601-3,decision-5d0d6e08fc0d4328,decision-5d0d6e08fc0d4328,MSFT,2026-06-01T14:30:46.373796Z,0.563636,0.0,0.0,1.0,1.0,0.463636,REJECTED,ENTRY_OR_SOURCE_BLOCKED_BY_FUNNEL,ENTRY_OR_SOURCE_BLOCKED_BY_FUNNEL,,SOURCE_BLOCKED_SECTOR_UNAVAILABLE,SOURCE_BLOCKED_NO_LIQUIDITY_FIELD,390,4288.2097,0.25,0.5,INELIGIBLE_UNKNOWN,STRATEGY_FILTER_NOT_MET NO_ENTRY,0,0,,,2026-06-01T14:30:41.803871Z:MSFT,0,REJECTED: ENTRY_OR_SOURCE_BLOCKED_BY_FUNNEL; source=ENTRY_OR_SOURCE_BLOCKED_BY_FUNNEL; rank_score=0.563636; liquidity_score=0.000000; diversification_score=0.000000; cooldown_score=1.000000; existing_position_penalty=1.000000; sector_cap_status=SOURCE_BLOCKED_SECTOR_UNAVAILABLE; matching_policy=EXACT_CANDIDATE_ID_ONLY_NO_SYMBOL_DATE_PRICE_TIME_FALLBACK
T601-3,decision-121f1274fef7442c,decision-121f1274fef7442c,MSFT,2026-06-01T14:31:46.981137Z,0.563636,0.0,0.0,1.0,1.0,0.463636,REJECTED,ENTRY_OR_SOURCE_BLOCKED_BY_FUNNEL,ENTRY_OR_SOURCE_BLOCKED_BY_FUNNEL,,SOURCE_BLOCKED_SECTOR_UNAVAILABLE,SOURCE_BLOCKED_NO_LIQUIDITY_FIELD,390,4289.2198,0.25,0.5,INELIGIBLE_UNKNOWN,STRATEGY_FILTER_NOT_MET NO_ENTRY,0,0,,,2026-06-01T14:31:45.455030Z:MSFT,0,REJECTED: ENTRY_OR_SOURCE_BLOCKED_BY_FUNNEL; source=ENTRY_OR_SOURCE_BLOCKED_BY_FUNNEL; rank_score=0.563636; liquidity_score=0.000000; diversification_score=0.000000; cooldown_score=1.000000; existing_position_penalty=1.000000; sector_cap_status=SOURCE_BLOCKED_SECTOR_UNAVAILABLE; matching_policy=EXACT_CANDIDATE_ID_ONLY_NO_SYMBOL_DATE_PRICE_TIME_FALLBACK
T601-3,decision-0c9c0d47a2914d6c,decision-0c9c0d47a2914d6c,MSFT,2026-06-01T14:35:55.104010Z,0.563636,0.0,0.0,1.0,1.0,0.463636,REJECTED,ENTRY_OR_SOURCE_BLOCKED_BY_FUNNEL,ENTRY_OR_SOURCE_BLOCKED_BY_FUNNEL,,SOURCE_BLOCKED_SECTOR_UNAVAILABLE,SOURCE_BLOCKED_NO_LIQUIDITY_FIELD,390,4293.3552,0.25,0.5,INELIGIBLE_UNKNOWN,STRATEGY_FILTER_NOT_MET NO_ENTRY,0,0,,,2026-06-01T14:35:53.554851Z:MSFT,0,REJECTED: ENTRY_OR_SOURCE_BLOCKED_BY_FUNNEL; source=ENTRY_OR_SOURCE_BLOCKED_BY_FUNNEL; rank_score=0.563636; liquidity_score=0.000000; diversification_score=0.000000; cooldown_score=1.000000; existing_position_penalty=1.000000; sector_cap_status=SOURCE_BLOCKED_SECTOR_UNAVAILABLE; matching_policy=EXACT_CANDIDATE_ID_ONLY_NO_SYMBOL_DATE_PRICE_TIME_FALLBACK
T601-3,decision-9a9eaee484d44f44,decision-9a9eaee484d44f44,MSFT,2026-06-01T14:36:54.876955Z,0.563636,0.0,0.0,1.0,1.0,0.463636,REJECTED,ENTRY_OR_SOURCE_BLOCKED_BY_FUNNEL,ENTRY_OR_SOURCE_BLOCKED_BY_FUNNEL,,SOURCE_BLOCKED_SECTOR_UNAVAILABLE,SOURCE_BLOCKED_NO_LIQUIDITY_FIELD,390,4294.3514,0.25,0.5,INELIGIBLE_UNKNOWN,STRATEGY_FILTER_NOT_MET NO_ENTRY,0,0,,,2026-06-01T14:36:53.438411Z:MSFT,0,REJECTED: ENTRY_OR_SOURCE_BLOCKED_BY_FUNNEL; source=ENTRY_OR_SOURCE_BLOCKED_BY_FUNNEL; rank_score=0.563636; liquidity_score=0.000000; diversification_score=0.000000; cooldown_score=1.000000; existing_position_penalty=1.000000; sector_cap_status=SOURCE_BLOCKED_SECTOR_UNAVAILABLE; matching_policy=EXACT_CANDIDATE_ID_ONLY_NO_SYMBOL_DATE_PRICE_TIME_FALLBACK
T601-3,decision-baf8adb35f454bf2,decision-baf8adb35f454bf2,MSFT,2026-06-01T14:41:03.922388Z,0.563636,0.0,0.0,1.0,1.0,0.463636,REJECTED,ENTRY_OR_SOURCE_BLOCKED_BY_FUNNEL,ENTRY_OR_SOURCE_BLOCKED_BY_FUNNEL,,SOURCE_BLOCKED_SECTOR_UNAVAILABLE,SOURCE_BLOCKED_NO_LIQUIDITY_FIELD,390,4298.5021,0.25,0.5,INELIGIBLE_UNKNOWN,STRATEGY_FILTER_NOT_MET NO_ENTRY,0,0,,,2026-06-01T14:41:02.418102Z:MSFT,0,REJECTED: ENTRY_OR_SOURCE_BLOCKED_BY_FUNNEL; source=ENTRY_OR_SOURCE_BLOCKED_BY_FUNNEL; rank_score=0.563636; liquidity_score=0.000000; diversification_score=0.000000; cooldown_score=1.000000; existing_position_penalty=1.000000; sector_cap_status=SOURCE_BLOCKED_SECTOR_UNAVAILABLE; matching_policy=EXACT_CANDIDATE_ID_ONLY_NO_SYMBOL_DATE_PRICE_TIME_FALLBACK
T601-3,decision-be39896f253f4b18,decision-be39896f253f4b18,MSFT,2026-06-01T14:42:02.683533Z,0.563636,0.0,0.0,1.0,1.0,0.463636,REJECTED,ENTRY_OR_SOURCE_BLOCKED_BY_FUNNEL,ENTRY_OR_SOURCE_BLOCKED_BY_FUNNEL,,SOURCE_BLOCKED_SECTOR_UNAVAILABLE,SOURCE_BLOCKED_NO_LIQUIDITY_FIELD,390,4299.4815,0.25,0.5,INELIGIBLE_UNKNOWN,STRATEGY_FILTER_NOT_MET NO_ENTRY,0,0,,,2026-06-01T14:42:01.214146Z:MSFT,0,REJECTED: ENTRY_OR_SOURCE_BLOCKED_BY_FUNNEL; source=ENTRY_OR_SOURCE_BLOCKED_BY_FUNNEL; rank_score=0.563636; liquidity_score=0.000000; diversification_score=0.000000; cooldown_score=1.000000; existing_position_penalty=1.000000; sector_cap_status=SOURCE_BLOCKED_SECTOR_UNAVAILABLE; matching_policy=EXACT_CANDIDATE_ID_ONLY_NO_SYMBOL_DATE_PRICE_TIME_FALLBACK
T601-3,decision-79ac3daab7854964,decision-79ac3daab7854964,MSFT,2026-06-01T14:46:12.928453Z,0.563636,0.0,0.0,1.0,1.0,0.463636,REJECTED,ENTRY_OR_SOURCE_BLOCKED_BY_FUNNEL,ENTRY_OR_SOURCE_BLOCKED_BY_FUNNEL,,SOURCE_BLOCKED_SECTOR_UNAVAILABLE,SOURCE_BLOCKED_NO_LIQUIDITY_FIELD,390,4303.6522,0.25,0.5,INELIGIBLE_UNKNOWN,STRATEGY_FILTER_NOT_MET NO_ENTRY,0,0,,,2026-06-01T14:46:11.475565Z:MSFT,0,REJECTED: ENTRY_OR_SOURCE_BLOCKED_BY_FUNNEL; source=ENTRY_OR_SOURCE_BLOCKED_BY_FUNNEL; rank_score=0.563636; liquidity_score=0.000000; diversification_score=0.000000; cooldown_score=1.000000; existing_position_penalty=1.000000; sector_cap_status=SOURCE_BLOCKED_SECTOR_UNAVAILABLE; matching_policy=EXACT_CANDIDATE_ID_ONLY_NO_SYMBOL_DATE_PRICE_TIME_FALLBACK
T601-3,decision-38f7c8553dd4446c,decision-38f7c8553dd4446c,MSFT,2026-06-01T14:47:10.657225Z,0.563636,0.0,0.0,1.0,1.0,0.463636,REJECTED,ENTRY_OR_SOURCE_BLOCKED_BY_FUNNEL,ENTRY_OR_SOURCE_BLOCKED_BY_FUNNEL,,SOURCE_BLOCKED_SECTOR_UNAVAILABLE,SOURCE_BLOCKED_NO_LIQUIDITY_FIELD,390,4304.6144,0.25,0.5,INELIGIBLE_UNKNOWN,STRATEGY_FILTER_NOT_MET NO_ENTRY,0,0,,,2026-06-01T14:47:09.183555Z:MSFT,0,REJECTED: ENTRY_OR_SOURCE_BLOCKED_BY_FUNNEL; source=ENTRY_OR_SOURCE_BLOCKED_BY_FUNNEL; rank_score=0.563636; liquidity_score=0.000000; diversification_score=0.000000; cooldown_score=1.000000; existing_position_penalty=1.000000; sector_cap_status=SOURCE_BLOCKED_SECTOR_UNAVAILABLE; matching_policy=EXACT_CANDIDATE_ID_ONLY_NO_SYMBOL_DATE_PRICE_TIME_FALLBACK
T601-3,decision-163bb08594cb4743,decision-163bb08594cb4743,MSFT,2026-06-01T14:51:22.290082Z,0.563636,0.0,0.0,1.0,1.0,0.463636,REJECTED,ENTRY_OR_SOURCE_BLOCKED_BY_FUNNEL,ENTRY_OR_SOURCE_BLOCKED_BY_FUNNEL,,SOURCE_BLOCKED_SECTOR_UNAVAILABLE,SOURCE_BLOCKED_NO_LIQUIDITY_FIELD,390,4308.8083,0.25,0.5,INELIGIBLE_UNKNOWN,STRATEGY_FILTER_NOT_MET NO_ENTRY,0,0,,,2026-06-01T14:51:20.739190Z:MSFT,0,REJECTED: ENTRY_OR_SOURCE_BLOCKED_BY_FUNNEL; source=ENTRY_OR_SOURCE_BLOCKED_BY_FUNNEL; rank_score=0.563636; liquidity_score=0.000000; diversification_score=0.000000; cooldown_score=1.000000; existing_position_penalty=1.000000; sector_cap_status=SOURCE_BLOCKED_SECTOR_UNAVAILABLE; matching_policy=EXACT_CANDIDATE_ID_ONLY_NO_SYMBOL_DATE_PRICE_TIME_FALLBACK
T601-3,decision-de7443f932d04909,decision-de7443f932d04909,MSFT,2026-06-01T14:52:19.196830Z,0.563636,0.0,0.0,1.0,1.0,0.463636,REJECTED,ENTRY_OR_SOURCE_BLOCKED_BY_FUNNEL,ENTRY_OR_SOURCE_BLOCKED_BY_FUNNEL,,SOURCE_BLOCKED_SECTOR_UNAVAILABLE,SOURCE_BLOCKED_NO_LIQUIDITY_FIELD,390,4309.7567,0.25,0.5,INELIGIBLE_UNKNOWN,STRATEGY_FILTER_NOT_MET NO_ENTRY,0,0,,,2026-06-01T14:52:17.619348Z:MSFT,0,REJECTED: ENTRY_OR_SOURCE_BLOCKED_BY_FUNNEL; source=ENTRY_OR_SOURCE_BLOCKED_BY_FUNNEL; rank_score=0.563636; liquidity_score=0.000000; diversification_score=0.000000; cooldown_score=1.000000; existing_position_penalty=1.000000; sector_cap_status=SOURCE_BLOCKED_SECTOR_UNAVAILABLE; matching_policy=EXACT_CANDIDATE_ID_ONLY_NO_SYMBOL_DATE_PRICE_TIME_FALLBACK
T601-3,decision-9671f1f2b15a4af8,decision-9671f1f2b15a4af8,MSFT,2026-06-01T14:56:31.019368Z,0.563636,0.0,0.0,1.0,1.0,0.463636,REJECTED,ENTRY_OR_SOURCE_BLOCKED_BY_FUNNEL,ENTRY_OR_SOURCE_BLOCKED_BY_FUNNEL,,SOURCE_BLOCKED_SECTOR_UNAVAILABLE,SOURCE_BLOCKED_NO_LIQUIDITY_FIELD,390,4313.9538,0.25,0.5,INELIGIBLE_UNKNOWN,STRATEGY_FILTER_NOT_MET NO_ENTRY,0,0,,,2026-06-01T14:56:29.493032Z:MSFT,0,REJECTED: ENTRY_OR_SOURCE_BLOCKED_BY_FUNNEL; source=ENTRY_OR_SOURCE_BLOCKED_BY_FUNNEL; rank_score=0.563636; liquidity_score=0.000000; diversification_score=0.000000; cooldown_score=1.000000; existing_position_penalty=1.000000; sector_cap_status=SOURCE_BLOCKED_SECTOR_UNAVAILABLE; matching_policy=EXACT_CANDIDATE_ID_ONLY_NO_SYMBOL_DATE_PRICE_TIME_FALLBACK
T601-3,decision-6f11d909a1534bb9,decision-6f11d909a1534bb9,MSFT,2026-06-01T14:57:27.046143Z,0.563636,0.0,0.0,1.0,1.0,0.463636,REJECTED,ENTRY_OR_SOURCE_BLOCKED_BY_FUNNEL,ENTRY_OR_SOURCE_BLOCKED_BY_FUNNEL,,SOURCE_BLOCKED_SECTOR_UNAVAILABLE,SOURCE_BLOCKED_NO_LIQUIDITY_FIELD,390,4314.8875,0.25,0.5,INELIGIBLE_UNKNOWN,STRATEGY_FILTER_NOT_MET NO_ENTRY,0,0,,,2026-06-01T14:57:25.588300Z:MSFT,0,REJECTED: ENTRY_OR_SOURCE_BLOCKED_BY_FUNNEL; source=ENTRY_OR_SOURCE_BLOCKED_BY_FUNNEL; rank_score=0.563636; liquidity_score=0.000000; diversification_score=0.000000; cooldown_score=1.000000; existing_position_penalty=1.000000; sector_cap_status=SOURCE_BLOCKED_SECTOR_UNAVAILABLE; matching_policy=EXACT_CANDIDATE_ID_ONLY_NO_SYMBOL_DATE_PRICE_TIME_FALLBACK
T601-3,decision-07fa3c494a574329,decision-07fa3c494a574329,MSFT,2026-06-01T15:01:39.827146Z,0.563636,0.0,0.0,1.0,1.0,0.463636,REJECTED,ENTRY_OR_SOURCE_BLOCKED_BY_FUNNEL,ENTRY_OR_SOURCE_BLOCKED_BY_FUNNEL,,SOURCE_BLOCKED_SECTOR_UNAVAILABLE,SOURCE_BLOCKED_NO_LIQUIDITY_FIELD,390,4319.1005,0.25,0.5,INELIGIBLE_UNKNOWN,STRATEGY_FILTER_NOT_MET NO_ENTRY,0,0,,,2026-06-01T15:01:38.335419Z:MSFT,0,REJECTED: ENTRY_OR_SOURCE_BLOCKED_BY_FUNNEL; source=ENTRY_OR_SOURCE_BLOCKED_BY_FUNNEL; rank_score=0.563636; liquidity_score=0.000000; diversification_score=0.000000; cooldown_score=1.000000; existing_position_penalty=1.000000; sector_cap_status=SOURCE_BLOCKED_SECTOR_UNAVAILABLE; matching_policy=EXACT_CANDIDATE_ID_ONLY_NO_SYMBOL_DATE_PRICE_TIME_FALLBACK
T601-3,decision-e29d8229fc3041dd,decision-e29d8229fc3041dd,MSFT,2026-06-01T15:02:34.918179Z,0.563636,0.0,0.0,1.0,1.0,0.463636,REJECTED,ENTRY_OR_SOURCE_BLOCKED_BY_FUNNEL,ENTRY_OR_SOURCE_BLOCKED_BY_FUNNEL,,SOURCE_BLOCKED_SECTOR_UNAVAILABLE,SOURCE_BLOCKED_NO_LIQUIDITY_FIELD,390,4320.0187,0.25,0.5,INELIGIBLE_UNKNOWN,STRATEGY_FILTER_NOT_MET NO_ENTRY,0,0,,,2026-06-01T15:02:33.458440Z:MSFT,0,REJECTED: ENTRY_OR_SOURCE_BLOCKED_BY_FUNNEL; source=ENTRY_OR_SOURCE_BLOCKED_BY_FUNNEL; rank_score=0.563636; liquidity_score=0.000000; diversification_score=0.000000; cooldown_score=1.000000; existing_position_penalty=1.000000; sector_cap_status=SOURCE_BLOCKED_SECTOR_UNAVAILABLE; matching_policy=EXACT_CANDIDATE_ID_ONLY_NO_SYMBOL_DATE_PRICE_TIME_FALLBACK
T601-3,decision-d152ecf6781d4c8e,decision-d152ecf6781d4c8e,MSFT,2026-06-01T15:06:50.361324Z,0.563636,0.0,0.0,1.0,1.0,0.463636,REJECTED,ENTRY_OR_SOURCE_BLOCKED_BY_FUNNEL,ENTRY_OR_SOURCE_BLOCKED_BY_FUNNEL,,SOURCE_BLOCKED_SECTOR_UNAVAILABLE,SOURCE_BLOCKED_NO_LIQUIDITY_FIELD,390,4324.2761,0.25,0.5,INELIGIBLE_UNKNOWN,STRATEGY_FILTER_NOT_MET NO_ENTRY,0,0,,,2026-06-01T15:06:48.782395Z:MSFT,0,REJECTED: ENTRY_OR_SOURCE_BLOCKED_BY_FUNNEL; source=ENTRY_OR_SOURCE_BLOCKED_BY_FUNNEL; rank_score=0.563636; liquidity_score=0.000000; diversification_score=0.000000; cooldown_score=1.000000; existing_position_penalty=1.000000; sector_cap_status=SOURCE_BLOCKED_SECTOR_UNAVAILABLE; matching_policy=EXACT_CANDIDATE_ID_ONLY_NO_SYMBOL_DATE_PRICE_TIME_FALLBACK
T601-3,decision-657e3fb96c3346df,decision-657e3fb96c3346df,MSFT,2026-06-01T15:07:43.309142Z,0.563636,0.0,0.0,1.0,1.0,0.463636,REJECTED,ENTRY_OR_SOURCE_BLOCKED_BY_FUNNEL,ENTRY_OR_SOURCE_BLOCKED_BY_FUNNEL,,SOURCE_BLOCKED_SECTOR_UNAVAILABLE,SOURCE_BLOCKED_NO_LIQUIDITY_FIELD,390,4325.1586,0.25,0.5,INELIGIBLE_UNKNOWN,STRATEGY_FILTER_NOT_MET NO_ENTRY,0,0,,,2026-06-01T15:07:41.760559Z:MSFT,0,REJECTED: ENTRY_OR_SOURCE_BLOCKED_BY_FUNNEL; source=ENTRY_OR_SOURCE_BLOCKED_BY_FUNNEL; rank_score=0.563636; liquidity_score=0.000000; diversification_score=0.000000; cooldown_score=1.000000; existing_position_penalty=1.000000; sector_cap_status=SOURCE_BLOCKED_SECTOR_UNAVAILABLE; matching_policy=EXACT_CANDIDATE_ID_ONLY_NO_SYMBOL_DATE_PRICE_TIME_FALLBACK
T601-3,decision-50b8e3cea6274e4e,decision-50b8e3cea6274e4e,MSFT,2026-06-01T15:12:00.193567Z,0.563636,0.0,0.0,1.0,1.0,0.463636,REJECTED,ENTRY_OR_SOURCE_BLOCKED_BY_FUNNEL,ENTRY_OR_SOURCE_BLOCKED_BY_FUNNEL,,SOURCE_BLOCKED_SECTOR_UNAVAILABLE,SOURCE_BLOCKED_NO_LIQUIDITY_FIELD,390,4329.44,0.25,0.5,INELIGIBLE_UNKNOWN,STRATEGY_FILTER_NOT_MET NO_ENTRY,0,0,,,2026-06-01T15:11:58.578404Z:MSFT,0,REJECTED: ENTRY_OR_SOURCE_BLOCKED_BY_FUNNEL; source=ENTRY_OR_SOURCE_BLOCKED_BY_FUNNEL; rank_score=0.563636; liquidity_score=0.000000; diversification_score=0.000000; cooldown_score=1.000000; existing_position_penalty=1.000000; sector_cap_status=SOURCE_BLOCKED_SECTOR_UNAVAILABLE; matching_policy=EXACT_CANDIDATE_ID_ONLY_NO_SYMBOL_DATE_PRICE_TIME_FALLBACK
T601-3,decision-485b08aa6d8b4ba9,decision-485b08aa6d8b4ba9,MSFT,2026-06-01T15:12:51.557203Z,0.563636,0.0,0.0,1.0,1.0,0.463636,REJECTED,ENTRY_OR_SOURCE_BLOCKED_BY_FUNNEL,ENTRY_OR_SOURCE_BLOCKED_BY_FUNNEL,,SOURCE_BLOCKED_SECTOR_UNAVAILABLE,SOURCE_BLOCKED_NO_LIQUIDITY_FIELD,390,4330.296,0.25,0.5,INELIGIBLE_UNKNOWN,STRATEGY_FILTER_NOT_MET NO_ENTRY,0,0,,,2026-06-01T15:12:50.116053Z:MSFT,0,REJECTED: ENTRY_OR_SOURCE_BLOCKED_BY_FUNNEL; source=ENTRY_OR_SOURCE_BLOCKED_BY_FUNNEL; rank_score=0.563636; liquidity_score=0.000000; diversification_score=0.000000; cooldown_score=1.000000; existing_position_penalty=1.000000; sector_cap_status=SOURCE_BLOCKED_SECTOR_UNAVAILABLE; matching_policy=EXACT_CANDIDATE_ID_ONLY_NO_SYMBOL_DATE_PRICE_TIME_FALLBACK
T601-3,decision-6e80d4098cac47de,decision-6e80d4098cac47de,MSFT,2026-06-01T15:17:09.571099Z,0.563636,0.0,0.0,1.0,1.0,0.463636,REJECTED,ENTRY_OR_SOURCE_BLOCKED_BY_FUNNEL,ENTRY_OR_SOURCE_BLOCKED_BY_FUNNEL,,SOURCE_BLOCKED_SECTOR_UNAVAILABLE,SOURCE_BLOCKED_NO_LIQUIDITY_FIELD,390,4334.5963,0.25,0.5,INELIGIBLE_UNKNOWN,STRATEGY_FILTER_NOT_MET NO_ENTRY,0,0,,,2026-06-01T15:17:08.119041Z:MSFT,0,REJECTED: ENTRY_OR_SOURCE_BLOCKED_BY_FUNNEL; source=ENTRY_OR_SOURCE_BLOCKED_BY_FUNNEL; rank_score=0.563636; liquidity_score=0.000000; diversification_score=0.000000; cooldown_score=1.000000; existing_position_penalty=1.000000; sector_cap_status=SOURCE_BLOCKED_SECTOR_UNAVAILABLE; matching_policy=EXACT_CANDIDATE_ID_ONLY_NO_SYMBOL_DATE_PRICE_TIME_FALLBACK
T601-3,decision-163628623c4e4283,decision-163628623c4e4283,MSFT,2026-06-01T15:18:00.216430Z,0.563636,0.0,0.0,1.0,1.0,0.463636,REJECTED,ENTRY_OR_SOURCE_BLOCKED_BY_FUNNEL,ENTRY_OR_SOURCE_BLOCKED_BY_FUNNEL,,SOURCE_BLOCKED_SECTOR_UNAVAILABLE,SOURCE_BLOCKED_NO_LIQUIDITY_FIELD,390,4335.4404,0.25,0.5,INELIGIBLE_UNKNOWN,STRATEGY_FILTER_NOT_MET NO_ENTRY,0,0,,,2026-06-01T15:17:58.776971Z:MSFT,0,REJECTED: ENTRY_OR_SOURCE_BLOCKED_BY_FUNNEL; source=ENTRY_OR_SOURCE_BLOCKED_BY_FUNNEL; rank_score=0.563636; liquidity_score=0.000000; diversification_score=0.000000; cooldown_score=1.000000; existing_position_penalty=1.000000; sector_cap_status=SOURCE_BLOCKED_SECTOR_UNAVAILABLE; matching_policy=EXACT_CANDIDATE_ID_ONLY_NO_SYMBOL_DATE_PRICE_TIME_FALLBACK
T601-3,decision-2b508ce9706440bd,decision-2b508ce9706440bd,MSFT,2026-06-01T15:22:19.575492Z,0.563636,0.0,0.0,1.0,1.0,0.463636,REJECTED,ENTRY_OR_SOURCE_BLOCKED_BY_FUNNEL,ENTRY_OR_SOURCE_BLOCKED_BY_FUNNEL,,SOURCE_BLOCKED_SECTOR_UNAVAILABLE,SOURCE_BLOCKED_NO_LIQUIDITY_FIELD,390,4339.763,0.25,0.5,INELIGIBLE_UNKNOWN,STRATEGY_FILTER_NOT_MET NO_ENTRY,0,0,,,2026-06-01T15:22:18.102384Z:MSFT,0,REJECTED: ENTRY_OR_SOURCE_BLOCKED_BY_FUNNEL; source=ENTRY_OR_SOURCE_BLOCKED_BY_FUNNEL; rank_score=0.563636; liquidity_score=0.000000; diversification_score=0.000000; cooldown_score=1.000000; existing_position_penalty=1.000000; sector_cap_status=SOURCE_BLOCKED_SECTOR_UNAVAILABLE; matching_policy=EXACT_CANDIDATE_ID_ONLY_NO_SYMBOL_DATE_PRICE_TIME_FALLBACK
T601-3,decision-910da88f59494b51,decision-910da88f59494b51,MSFT,2026-06-01T15:23:08.139466Z,0.563636,0.0,0.0,1.0,1.0,0.463636,REJECTED,ENTRY_OR_SOURCE_BLOCKED_BY_FUNNEL,ENTRY_OR_SOURCE_BLOCKED_BY_FUNNEL,,SOURCE_BLOCKED_SECTOR_UNAVAILABLE,SOURCE_BLOCKED_NO_LIQUIDITY_FIELD,390,4340.5724,0.25,0.5,INELIGIBLE_UNKNOWN,STRATEGY_FILTER_NOT_MET NO_ENTRY,0,0,,,2026-06-01T15:23:06.676892Z:MSFT,0,REJECTED: ENTRY_OR_SOURCE_BLOCKED_BY_FUNNEL; source=ENTRY_OR_SOURCE_BLOCKED_BY_FUNNEL; rank_score=0.563636; liquidity_score=0.000000; diversification_score=0.000000; cooldown_score=1.000000; existing_position_penalty=1.000000; sector_cap_status=SOURCE_BLOCKED_SECTOR_UNAVAILABLE; matching_policy=EXACT_CANDIDATE_ID_ONLY_NO_SYMBOL_DATE_PRICE_TIME_FALLBACK
T601-3,decision-d31c1ef2539c451d,decision-d31c1ef2539c451d,MSFT,2026-06-01T15:27:29.244150Z,0.563636,0.0,0.0,1.0,1.0,0.463636,REJECTED,ENTRY_OR_SOURCE_BLOCKED_BY_FUNNEL,ENTRY_OR_SOURCE_BLOCKED_BY_FUNNEL,,SOURCE_BLOCKED_SECTOR_UNAVAILABLE,SOURCE_BLOCKED_NO_LIQUIDITY_FIELD,390,4344.9242,0.25,0.5,INELIGIBLE_UNKNOWN,STRATEGY_FILTER_NOT_MET NO_ENTRY,0,0,,,2026-06-01T15:27:27.674232Z:MSFT,0,REJECTED: ENTRY_OR_SOURCE_BLOCKED_BY_FUNNEL; source=ENTRY_OR_SOURCE_BLOCKED_BY_FUNNEL; rank_score=0.563636; liquidity_score=0.000000; diversification_score=0.000000; cooldown_score=1.000000; existing_position_penalty=1.000000; sector_cap_status=SOURCE_BLOCKED_SECTOR_UNAVAILABLE; matching_policy=EXACT_CANDIDATE_ID_ONLY_NO_SYMBOL_DATE_PRICE_TIME_FALLBACK
T601-3,decision-7a0bdf5f746f47d9,decision-7a0bdf5f746f47d9,MSFT,2026-06-01T15:28:16.122675Z,0.563636,0.0,0.0,1.0,1.0,0.463636,REJECTED,ENTRY_OR_SOURCE_BLOCKED_BY_FUNNEL,ENTRY_OR_SOURCE_BLOCKED_BY_FUNNEL,,SOURCE_BLOCKED_SECTOR_UNAVAILABLE,SOURCE_BLOCKED_NO_LIQUIDITY_FIELD,390,4345.7055,0.25,0.5,INELIGIBLE_UNKNOWN,STRATEGY_FILTER_NOT_MET NO_ENTRY,0,0,,,2026-06-01T15:28:14.628337Z:MSFT,0,REJECTED: ENTRY_OR_SOURCE_BLOCKED_BY_FUNNEL; source=ENTRY_OR_SOURCE_BLOCKED_BY_FUNNEL; rank_score=0.563636; liquidity_score=0.000000; diversification_score=0.000000; cooldown_score=1.000000; existing_position_penalty=1.000000; sector_cap_status=SOURCE_BLOCKED_SECTOR_UNAVAILABLE; matching_policy=EXACT_CANDIDATE_ID_ONLY_NO_SYMBOL_DATE_PRICE_TIME_FALLBACK
T601-3,decision-365a0cb3b1b445ca,decision-365a0cb3b1b445ca,MSFT,2026-06-01T15:32:40.335374Z,0.563636,0.0,0.0,1.0,1.0,0.463636,REJECTED,ENTRY_OR_SOURCE_BLOCKED_BY_FUNNEL,ENTRY_OR_SOURCE_BLOCKED_BY_FUNNEL,,SOURCE_BLOCKED_SECTOR_UNAVAILABLE,SOURCE_BLOCKED_NO_LIQUIDITY_FIELD,390,4350.109,0.25,0.5,INELIGIBLE_UNKNOWN,STRATEGY_FILTER_NOT_MET NO_ENTRY,0,0,,,2026-06-01T15:32:38.652113Z:MSFT,0,REJECTED: ENTRY_OR_SOURCE_BLOCKED_BY_FUNNEL; source=ENTRY_OR_SOURCE_BLOCKED_BY_FUNNEL; rank_score=0.563636; liquidity_score=0.000000; diversification_score=0.000000; cooldown_score=1.000000; existing_position_penalty=1.000000; sector_cap_status=SOURCE_BLOCKED_SECTOR_UNAVAILABLE; matching_policy=EXACT_CANDIDATE_ID_ONLY_NO_SYMBOL_DATE_PRICE_TIME_FALLBACK
T601-3,decision-3a400fe4b36244e6,decision-3a400fe4b36244e6,MSFT,2026-06-01T15:33:27.063848Z,0.563636,0.0,0.0,1.0,1.0,0.463636,REJECTED,ENTRY_OR_SOURCE_BLOCKED_BY_FUNNEL,ENTRY_OR_SOURCE_BLOCKED_BY_FUNNEL,,SOURCE_BLOCKED_SECTOR_UNAVAILABLE,SOURCE_BLOCKED_NO_LIQUIDITY_FIELD,390,4350.8878,0.25,0.5,INELIGIBLE_UNKNOWN,STRATEGY_FILTER_NOT_MET NO_ENTRY,0,0,,,2026-06-01T15:33:25.500335Z:MSFT,0,REJECTED: ENTRY_OR_SOURCE_BLOCKED_BY_FUNNEL; source=ENTRY_OR_SOURCE_BLOCKED_BY_FUNNEL; rank_score=0.563636; liquidity_score=0.000000; diversification_score=0.000000; cooldown_score=1.000000; existing_position_penalty=1.000000; sector_cap_status=SOURCE_BLOCKED_SECTOR_UNAVAILABLE; matching_policy=EXACT_CANDIDATE_ID_ONLY_NO_SYMBOL_DATE_PRICE_TIME_FALLBACK
T601-3,decision-96f05d59c9b74949,decision-96f05d59c9b74949,MSFT,2026-06-01T15:37:50.602734Z,0.563636,0.0,0.0,1.0,1.0,0.463636,REJECTED,ENTRY_OR_SOURCE_BLOCKED_BY_FUNNEL,ENTRY_OR_SOURCE_BLOCKED_BY_FUNNEL,,SOURCE_BLOCKED_SECTOR_UNAVAILABLE,SOURCE_BLOCKED_NO_LIQUIDITY_FIELD,390,4355.2801,0.25,0.5,INELIGIBLE_UNKNOWN,STRATEGY_FILTER_NOT_MET NO_ENTRY,0,0,,,2026-06-01T15:37:49.087717Z:MSFT,0,REJECTED: ENTRY_OR_SOURCE_BLOCKED_BY_FUNNEL; source=ENTRY_OR_SOURCE_BLOCKED_BY_FUNNEL; rank_score=0.563636; liquidity_score=0.000000; diversification_score=0.000000; cooldown_score=1.000000; existing_position_penalty=1.000000; sector_cap_status=SOURCE_BLOCKED_SECTOR_UNAVAILABLE; matching_policy=EXACT_CANDIDATE_ID_ONLY_NO_SYMBOL_DATE_PRICE_TIME_FALLBACK
T601-3,decision-e463d60518b943bd,decision-e463d60518b943bd,MSFT,2026-06-01T15:38:35.539096Z,0.563636,0.0,0.0,1.0,1.0,0.463636,REJECTED,ENTRY_OR_SOURCE_BLOCKED_BY_FUNNEL,ENTRY_OR_SOURCE_BLOCKED_BY_FUNNEL,,SOURCE_BLOCKED_SECTOR_UNAVAILABLE,SOURCE_BLOCKED_NO_LIQUIDITY_FIELD,390,4356.0291,0.25,0.5,INELIGIBLE_UNKNOWN,STRATEGY_FILTER_NOT_MET NO_ENTRY,0,0,,,2026-06-01T15:38:34.004931Z:MSFT,0,REJECTED: ENTRY_OR_SOURCE_BLOCKED_BY_FUNNEL; source=ENTRY_OR_SOURCE_BLOCKED_BY_FUNNEL; rank_score=0.563636; liquidity_score=0.000000; diversification_score=0.000000; cooldown_score=1.000000; existing_position_penalty=1.000000; sector_cap_status=SOURCE_BLOCKED_SECTOR_UNAVAILABLE; matching_policy=EXACT_CANDIDATE_ID_ONLY_NO_SYMBOL_DATE_PRICE_TIME_FALLBACK
T601-3,decision-013278e80acf4228,decision-013278e80acf4228,MSFT,2026-06-01T15:42:59.655764Z,0.563636,0.0,0.0,1.0,1.0,0.463636,REJECTED,ENTRY_OR_SOURCE_BLOCKED_BY_FUNNEL,ENTRY_OR_SOURCE_BLOCKED_BY_FUNNEL,,SOURCE_BLOCKED_SECTOR_UNAVAILABLE,SOURCE_BLOCKED_NO_LIQUIDITY_FIELD,390,4360.431,0.25,0.5,INELIGIBLE_UNKNOWN,STRATEGY_FILTER_NOT_MET NO_ENTRY,0,0,,,2026-06-01T15:42:58.081995Z:MSFT,0,REJECTED: ENTRY_OR_SOURCE_BLOCKED_BY_FUNNEL; source=ENTRY_OR_SOURCE_BLOCKED_BY_FUNNEL; rank_score=0.563636; liquidity_score=0.000000; diversification_score=0.000000; cooldown_score=1.000000; existing_position_penalty=1.000000; sector_cap_status=SOURCE_BLOCKED_SECTOR_UNAVAILABLE; matching_policy=EXACT_CANDIDATE_ID_ONLY_NO_SYMBOL_DATE_PRICE_TIME_FALLBACK
T601-3,decision-f5a66d8826c94635,decision-f5a66d8826c94635,MSFT,2026-06-01T15:43:44.571153Z,0.563636,0.0,0.0,1.0,1.0,0.463636,REJECTED,ENTRY_OR_SOURCE_BLOCKED_BY_FUNNEL,ENTRY_OR_SOURCE_BLOCKED_BY_FUNNEL,,SOURCE_BLOCKED_SECTOR_UNAVAILABLE,SOURCE_BLOCKED_NO_LIQUIDITY_FIELD,390,4361.1796,0.25,0.5,INELIGIBLE_UNKNOWN,STRATEGY_FILTER_NOT_MET NO_ENTRY,0,0,,,2026-06-01T15:43:43.064749Z:MSFT,0,REJECTED: ENTRY_OR_SOURCE_BLOCKED_BY_FUNNEL; source=ENTRY_OR_SOURCE_BLOCKED_BY_FUNNEL; rank_score=0.563636; liquidity_score=0.000000; diversification_score=0.000000; cooldown_score=1.000000; existing_position_penalty=1.000000; sector_cap_status=SOURCE_BLOCKED_SECTOR_UNAVAILABLE; matching_policy=EXACT_CANDIDATE_ID_ONLY_NO_SYMBOL_DATE_PRICE_TIME_FALLBACK
T601-3,decision-1c66a82575c6403b,decision-1c66a82575c6403b,MSFT,2026-06-01T15:48:09.673370Z,0.563636,0.0,0.0,1.0,1.0,0.463636,REJECTED,ENTRY_OR_SOURCE_BLOCKED_BY_FUNNEL,ENTRY_OR_SOURCE_BLOCKED_BY_FUNNEL,,SOURCE_BLOCKED_SECTOR_UNAVAILABLE,SOURCE_BLOCKED_NO_LIQUIDITY_FIELD,390,4365.598,0.25,0.5,INELIGIBLE_UNKNOWN,STRATEGY_FILTER_NOT_MET NO_ENTRY,0,0,,,2026-06-01T15:48:08.031449Z:MSFT,0,REJECTED: ENTRY_OR_SOURCE_BLOCKED_BY_FUNNEL; source=ENTRY_OR_SOURCE_BLOCKED_BY_FUNNEL; rank_score=0.563636; liquidity_score=0.000000; diversification_score=0.000000; cooldown_score=1.000000; existing_position_penalty=1.000000; sector_cap_status=SOURCE_BLOCKED_SECTOR_UNAVAILABLE; matching_policy=EXACT_CANDIDATE_ID_ONLY_NO_SYMBOL_DATE_PRICE_TIME_FALLBACK
T601-3,decision-6b8c969c05c74080,decision-6b8c969c05c74080,MSFT,2026-06-01T15:48:52.838929Z,0.563636,0.0,0.0,1.0,1.0,0.463636,REJECTED,ENTRY_OR_SOURCE_BLOCKED_BY_FUNNEL,ENTRY_OR_SOURCE_BLOCKED_BY_FUNNEL,,SOURCE_BLOCKED_SECTOR_UNAVAILABLE,SOURCE_BLOCKED_NO_LIQUIDITY_FIELD,390,4366.3174,0.25,0.5,INELIGIBLE_UNKNOWN,STRATEGY_FILTER_NOT_MET NO_ENTRY,0,0,,,2026-06-01T15:48:51.253878Z:MSFT,0,REJECTED: ENTRY_OR_SOURCE_BLOCKED_BY_FUNNEL; source=ENTRY_OR_SOURCE_BLOCKED_BY_FUNNEL; rank_score=0.563636; liquidity_score=0.000000; diversification_score=0.000000; cooldown_score=1.000000; existing_position_penalty=1.000000; sector_cap_status=SOURCE_BLOCKED_SECTOR_UNAVAILABLE; matching_policy=EXACT_CANDIDATE_ID_ONLY_NO_SYMBOL_DATE_PRICE_TIME_FALLBACK
T601-3,decision-990cafde48e14e51,decision-990cafde48e14e51,MSFT,2026-06-01T15:53:18.386342Z,0.563636,0.0,0.0,1.0,1.0,0.463636,REJECTED,ENTRY_OR_SOURCE_BLOCKED_BY_FUNNEL,ENTRY_OR_SOURCE_BLOCKED_BY_FUNNEL,,SOURCE_BLOCKED_SECTOR_UNAVAILABLE,SOURCE_BLOCKED_NO_LIQUIDITY_FIELD,390,4370.7432,0.25,0.5,INELIGIBLE_UNKNOWN,STRATEGY_FILTER_NOT_MET NO_ENTRY,0,0,,,2026-06-01T15:53:16.883919Z:MSFT,0,REJECTED: ENTRY_OR_SOURCE_BLOCKED_BY_FUNNEL; source=ENTRY_OR_SOURCE_BLOCKED_BY_FUNNEL; rank_score=0.563636; liquidity_score=0.000000; diversification_score=0.000000; cooldown_score=1.000000; existing_position_penalty=1.000000; sector_cap_status=SOURCE_BLOCKED_SECTOR_UNAVAILABLE; matching_policy=EXACT_CANDIDATE_ID_ONLY_NO_SYMBOL_DATE_PRICE_TIME_FALLBACK
T601-3,decision-44352b93936c4c38,decision-44352b93936c4c38,MSFT,2026-06-01T15:54:00.870236Z,0.563636,0.0,0.0,1.0,1.0,0.463636,REJECTED,ENTRY_OR_SOURCE_BLOCKED_BY_FUNNEL,ENTRY_OR_SOURCE_BLOCKED_BY_FUNNEL,,SOURCE_BLOCKED_SECTOR_UNAVAILABLE,SOURCE_BLOCKED_NO_LIQUIDITY_FIELD,390,4371.4513,0.25,0.5,INELIGIBLE_UNKNOWN,STRATEGY_FILTER_NOT_MET NO_ENTRY,0,0,,,2026-06-01T15:53:59.450599Z:MSFT,0,REJECTED: ENTRY_OR_SOURCE_BLOCKED_BY_FUNNEL; source=ENTRY_OR_SOURCE_BLOCKED_BY_FUNNEL; rank_score=0.563636; liquidity_score=0.000000; diversification_score=0.000000; cooldown_score=1.000000; existing_position_penalty=1.000000; sector_cap_status=SOURCE_BLOCKED_SECTOR_UNAVAILABLE; matching_policy=EXACT_CANDIDATE_ID_ONLY_NO_SYMBOL_DATE_PRICE_TIME_FALLBACK
T601-3,decision-405202c625234d99,decision-405202c625234d99,MSFT,2026-06-01T15:58:28.518508Z,0.563636,0.0,0.0,1.0,1.0,0.463636,REJECTED,ENTRY_OR_SOURCE_BLOCKED_BY_FUNNEL,ENTRY_OR_SOURCE_BLOCKED_BY_FUNNEL,,SOURCE_BLOCKED_SECTOR_UNAVAILABLE,SOURCE_BLOCKED_NO_LIQUIDITY_FIELD,390,4375.9121,0.25,0.5,INELIGIBLE_UNKNOWN,STRATEGY_FILTER_NOT_MET NO_ENTRY,0,0,,,2026-06-01T15:58:26.960499Z:MSFT,0,REJECTED: ENTRY_OR_SOURCE_BLOCKED_BY_FUNNEL; source=ENTRY_OR_SOURCE_BLOCKED_BY_FUNNEL; rank_score=0.563636; liquidity_score=0.000000; diversification_score=0.000000; cooldown_score=1.000000; existing_position_penalty=1.000000; sector_cap_status=SOURCE_BLOCKED_SECTOR_UNAVAILABLE; matching_policy=EXACT_CANDIDATE_ID_ONLY_NO_SYMBOL_DATE_PRICE_TIME_FALLBACK
T601-3,decision-d2866ea90a0b4407,decision-d2866ea90a0b4407,MSFT,2026-06-01T15:59:09.754256Z,0.563636,0.0,0.0,1.0,1.0,0.463636,REJECTED,ENTRY_OR_SOURCE_BLOCKED_BY_FUNNEL,ENTRY_OR_SOURCE_BLOCKED_BY_FUNNEL,,SOURCE_BLOCKED_SECTOR_UNAVAILABLE,SOURCE_BLOCKED_NO_LIQUIDITY_FIELD,390,4376.5993,0.25,0.5,INELIGIBLE_UNKNOWN,STRATEGY_FILTER_NOT_MET NO_ENTRY,0,0,,,2026-06-01T15:59:08.296858Z:MSFT,0,REJECTED: ENTRY_OR_SOURCE_BLOCKED_BY_FUNNEL; source=ENTRY_OR_SOURCE_BLOCKED_BY_FUNNEL; rank_score=0.563636; liquidity_score=0.000000; diversification_score=0.000000; cooldown_score=1.000000; existing_position_penalty=1.000000; sector_cap_status=SOURCE_BLOCKED_SECTOR_UNAVAILABLE; matching_policy=EXACT_CANDIDATE_ID_ONLY_NO_SYMBOL_DATE_PRICE_TIME_FALLBACK
T601-3,decision-75c0f08e10df4c08,decision-75c0f08e10df4c08,MSFT,2026-06-01T16:03:37.768617Z,0.563636,0.0,0.0,1.0,1.0,0.463636,REJECTED,ENTRY_OR_SOURCE_BLOCKED_BY_FUNNEL,ENTRY_OR_SOURCE_BLOCKED_BY_FUNNEL,,SOURCE_BLOCKED_SECTOR_UNAVAILABLE,SOURCE_BLOCKED_NO_LIQUIDITY_FIELD,390,4381.0662,0.25,0.5,INELIGIBLE_UNKNOWN,STRATEGY_FILTER_NOT_MET NO_ENTRY,0,0,,,2026-06-01T16:03:36.278632Z:MSFT,0,REJECTED: ENTRY_OR_SOURCE_BLOCKED_BY_FUNNEL; source=ENTRY_OR_SOURCE_BLOCKED_BY_FUNNEL; rank_score=0.563636; liquidity_score=0.000000; diversification_score=0.000000; cooldown_score=1.000000; existing_position_penalty=1.000000; sector_cap_status=SOURCE_BLOCKED_SECTOR_UNAVAILABLE; matching_policy=EXACT_CANDIDATE_ID_ONLY_NO_SYMBOL_DATE_PRICE_TIME_FALLBACK
T601-3,decision-037ec4198bb2453a,decision-037ec4198bb2453a,MSFT,2026-06-01T16:04:17.914036Z,0.563636,0.0,0.0,1.0,1.0,0.463636,REJECTED,ENTRY_OR_SOURCE_BLOCKED_BY_FUNNEL,ENTRY_OR_SOURCE_BLOCKED_BY_FUNNEL,,SOURCE_BLOCKED_SECTOR_UNAVAILABLE,SOURCE_BLOCKED_NO_LIQUIDITY_FIELD,390,4381.7353,0.25,0.5,INELIGIBLE_UNKNOWN,STRATEGY_FILTER_NOT_MET NO_ENTRY,0,0,,,2026-06-01T16:04:16.360811Z:MSFT,0,REJECTED: ENTRY_OR_SOURCE_BLOCKED_BY_FUNNEL; source=ENTRY_OR_SOURCE_BLOCKED_BY_FUNNEL; rank_score=0.563636; liquidity_score=0.000000; diversification_score=0.000000; cooldown_score=1.000000; existing_position_penalty=1.000000; sector_cap_status=SOURCE_BLOCKED_SECTOR_UNAVAILABLE; matching_policy=EXACT_CANDIDATE_ID_ONLY_NO_SYMBOL_DATE_PRICE_TIME_FALLBACK
T601-3,decision-8c6df4ff608342c3,decision-8c6df4ff608342c3,MSFT,2026-06-01T16:09:02.507832Z,0.563636,0.0,0.0,1.0,1.0,0.463636,REJECTED,ENTRY_OR_SOURCE_BLOCKED_BY_FUNNEL,ENTRY_OR_SOURCE_BLOCKED_BY_FUNNEL,,SOURCE_BLOCKED_SECTOR_UNAVAILABLE,SOURCE_BLOCKED_NO_LIQUIDITY_FIELD,390,4386.4786,0.25,0.5,INELIGIBLE_UNKNOWN,STRATEGY_FILTER_NOT_MET NO_ENTRY,0,0,,,2026-06-01T16:08:45.967340Z:MSFT,0,REJECTED: ENTRY_OR_SOURCE_BLOCKED_BY_FUNNEL; source=ENTRY_OR_SOURCE_BLOCKED_BY_FUNNEL; rank_score=0.563636; liquidity_score=0.000000; diversification_score=0.000000; cooldown_score=1.000000; existing_position_penalty=1.000000; sector_cap_status=SOURCE_BLOCKED_SECTOR_UNAVAILABLE; matching_policy=EXACT_CANDIDATE_ID_ONLY_NO_SYMBOL_DATE_PRICE_TIME_FALLBACK
T601-3,decision-bf89ec51c55a4e0e,decision-bf89ec51c55a4e0e,MSFT,2026-06-01T16:09:27.176188Z,0.563636,0.0,0.0,1.0,1.0,0.463636,REJECTED,ENTRY_OR_SOURCE_BLOCKED_BY_FUNNEL,ENTRY_OR_SOURCE_BLOCKED_BY_FUNNEL,,SOURCE_BLOCKED_SECTOR_UNAVAILABLE,SOURCE_BLOCKED_NO_LIQUIDITY_FIELD,390,4386.8897,0.25,0.5,INELIGIBLE_UNKNOWN,STRATEGY_FILTER_NOT_MET NO_ENTRY,0,0,,,2026-06-01T16:09:25.640361Z:MSFT,0,REJECTED: ENTRY_OR_SOURCE_BLOCKED_BY_FUNNEL; source=ENTRY_OR_SOURCE_BLOCKED_BY_FUNNEL; rank_score=0.563636; liquidity_score=0.000000; diversification_score=0.000000; cooldown_score=1.000000; existing_position_penalty=1.000000; sector_cap_status=SOURCE_BLOCKED_SECTOR_UNAVAILABLE; matching_policy=EXACT_CANDIDATE_ID_ONLY_NO_SYMBOL_DATE_PRICE_TIME_FALLBACK
T601-3,decision-6e8081120b574cce,decision-6e8081120b574cce,MSFT,2026-06-01T16:14:13.067817Z,0.563636,0.0,0.0,1.0,1.0,0.463636,REJECTED,ENTRY_OR_SOURCE_BLOCKED_BY_FUNNEL,ENTRY_OR_SOURCE_BLOCKED_BY_FUNNEL,,SOURCE_BLOCKED_SECTOR_UNAVAILABLE,SOURCE_BLOCKED_NO_LIQUIDITY_FIELD,390,4391.6546,0.25,0.5,INELIGIBLE_UNKNOWN,STRATEGY_FILTER_NOT_MET NO_ENTRY,0,0,,,2026-06-01T16:14:11.546915Z:MSFT,0,REJECTED: ENTRY_OR_SOURCE_BLOCKED_BY_FUNNEL; source=ENTRY_OR_SOURCE_BLOCKED_BY_FUNNEL; rank_score=0.563636; liquidity_score=0.000000; diversification_score=0.000000; cooldown_score=1.000000; existing_position_penalty=1.000000; sector_cap_status=SOURCE_BLOCKED_SECTOR_UNAVAILABLE; matching_policy=EXACT_CANDIDATE_ID_ONLY_NO_SYMBOL_DATE_PRICE_TIME_FALLBACK
T601-3,decision-20fb67d67109428c,decision-20fb67d67109428c,MSFT,2026-06-01T16:14:35.456901Z,0.563636,0.0,0.0,1.0,1.0,0.463636,REJECTED,ENTRY_OR_SOURCE_BLOCKED_BY_FUNNEL,ENTRY_OR_SOURCE_BLOCKED_BY_FUNNEL,,SOURCE_BLOCKED_SECTOR_UNAVAILABLE,SOURCE_BLOCKED_NO_LIQUIDITY_FIELD,390,4392.0277,0.25,0.5,INELIGIBLE_UNKNOWN,STRATEGY_FILTER_NOT_MET NO_ENTRY,0,0,,,2026-06-01T16:14:33.876734Z:MSFT,0,REJECTED: ENTRY_OR_SOURCE_BLOCKED_BY_FUNNEL; source=ENTRY_OR_SOURCE_BLOCKED_BY_FUNNEL; rank_score=0.563636; liquidity_score=0.000000; diversification_score=0.000000; cooldown_score=1.000000; existing_position_penalty=1.000000; sector_cap_status=SOURCE_BLOCKED_SECTOR_UNAVAILABLE; matching_policy=EXACT_CANDIDATE_ID_ONLY_NO_SYMBOL_DATE_PRICE_TIME_FALLBACK
T601-3,decision-8f12427c8cbb4099,decision-8f12427c8cbb4099,MSFT,2026-06-01T16:19:25.093715Z,0.563636,0.0,0.0,1.0,1.0,0.463636,REJECTED,ENTRY_OR_SOURCE_BLOCKED_BY_FUNNEL,ENTRY_OR_SOURCE_BLOCKED_BY_FUNNEL,,SOURCE_BLOCKED_SECTOR_UNAVAILABLE,SOURCE_BLOCKED_NO_LIQUIDITY_FIELD,390,4396.855,0.25,0.5,INELIGIBLE_UNKNOWN,STRATEGY_FILTER_NOT_MET NO_ENTRY,0,0,,,2026-06-01T16:19:22.717192Z:MSFT,0,REJECTED: ENTRY_OR_SOURCE_BLOCKED_BY_FUNNEL; source=ENTRY_OR_SOURCE_BLOCKED_BY_FUNNEL; rank_score=0.563636; liquidity_score=0.000000; diversification_score=0.000000; cooldown_score=1.000000; existing_position_penalty=1.000000; sector_cap_status=SOURCE_BLOCKED_SECTOR_UNAVAILABLE; matching_policy=EXACT_CANDIDATE_ID_ONLY_NO_SYMBOL_DATE_PRICE_TIME_FALLBACK
T601-3,decision-767eecfcd0bc4d88,decision-767eecfcd0bc4d88,MSFT,2026-06-01T16:19:44.470499Z,0.563636,0.0,0.0,1.0,1.0,0.463636,REJECTED,ENTRY_OR_SOURCE_BLOCKED_BY_FUNNEL,ENTRY_OR_SOURCE_BLOCKED_BY_FUNNEL,,SOURCE_BLOCKED_SECTOR_UNAVAILABLE,SOURCE_BLOCKED_NO_LIQUIDITY_FIELD,390,4397.1779,0.25,0.5,INELIGIBLE_UNKNOWN,STRATEGY_FILTER_NOT_MET NO_ENTRY,0,0,,,2026-06-01T16:19:42.897898Z:MSFT,0,REJECTED: ENTRY_OR_SOURCE_BLOCKED_BY_FUNNEL; source=ENTRY_OR_SOURCE_BLOCKED_BY_FUNNEL; rank_score=0.563636; liquidity_score=0.000000; diversification_score=0.000000; cooldown_score=1.000000; existing_position_penalty=1.000000; sector_cap_status=SOURCE_BLOCKED_SECTOR_UNAVAILABLE; matching_policy=EXACT_CANDIDATE_ID_ONLY_NO_SYMBOL_DATE_PRICE_TIME_FALLBACK
T601-3,decision-9fa7cfb14b074908,decision-9fa7cfb14b074908,MSFT,2026-06-01T16:24:37.265366Z,0.563636,0.0,0.0,1.0,1.0,0.463636,REJECTED,ENTRY_OR_SOURCE_BLOCKED_BY_FUNNEL,ENTRY_OR_SOURCE_BLOCKED_BY_FUNNEL,,SOURCE_BLOCKED_SECTOR_UNAVAILABLE,SOURCE_BLOCKED_NO_LIQUIDITY_FIELD,390,4402.0579,0.25,0.5,INELIGIBLE_UNKNOWN,STRATEGY_FILTER_NOT_MET NO_ENTRY,0,0,,,2026-06-01T16:24:35.769245Z:MSFT,0,REJECTED: ENTRY_OR_SOURCE_BLOCKED_BY_FUNNEL; source=ENTRY_OR_SOURCE_BLOCKED_BY_FUNNEL; rank_score=0.563636; liquidity_score=0.000000; diversification_score=0.000000; cooldown_score=1.000000; existing_position_penalty=1.000000; sector_cap_status=SOURCE_BLOCKED_SECTOR_UNAVAILABLE; matching_policy=EXACT_CANDIDATE_ID_ONLY_NO_SYMBOL_DATE_PRICE_TIME_FALLBACK
T601-3,decision-f8ff534ae2e845c6,decision-f8ff534ae2e845c6,MSFT,2026-06-01T16:24:52.952020Z,0.563636,0.0,0.0,1.0,1.0,0.463636,REJECTED,ENTRY_OR_SOURCE_BLOCKED_BY_FUNNEL,ENTRY_OR_SOURCE_BLOCKED_BY_FUNNEL,,SOURCE_BLOCKED_SECTOR_UNAVAILABLE,SOURCE_BLOCKED_NO_LIQUIDITY_FIELD,390,4402.3193,0.25,0.5,INELIGIBLE_UNKNOWN,STRATEGY_FILTER_NOT_MET NO_ENTRY,0,0,,,2026-06-01T16:24:51.442427Z:MSFT,0,REJECTED: ENTRY_OR_SOURCE_BLOCKED_BY_FUNNEL; source=ENTRY_OR_SOURCE_BLOCKED_BY_FUNNEL; rank_score=0.563636; liquidity_score=0.000000; diversification_score=0.000000; cooldown_score=1.000000; existing_position_penalty=1.000000; sector_cap_status=SOURCE_BLOCKED_SECTOR_UNAVAILABLE; matching_policy=EXACT_CANDIDATE_ID_ONLY_NO_SYMBOL_DATE_PRICE_TIME_FALLBACK
T601-3,decision-abd64f93e7e64b2b,decision-abd64f93e7e64b2b,MSFT,2026-06-01T16:29:48.540372Z,0.563636,0.0,0.0,1.0,1.0,0.463636,REJECTED,ENTRY_OR_SOURCE_BLOCKED_BY_FUNNEL,ENTRY_OR_SOURCE_BLOCKED_BY_FUNNEL,,SOURCE_BLOCKED_SECTOR_UNAVAILABLE,SOURCE_BLOCKED_NO_LIQUIDITY_FIELD,390,4407.2458,0.25,0.5,INELIGIBLE_UNKNOWN,STRATEGY_FILTER_NOT_MET NO_ENTRY,0,0,,,2026-06-01T16:29:47.020960Z:MSFT,0,REJECTED: ENTRY_OR_SOURCE_BLOCKED_BY_FUNNEL; source=ENTRY_OR_SOURCE_BLOCKED_BY_FUNNEL; rank_score=0.563636; liquidity_score=0.000000; diversification_score=0.000000; cooldown_score=1.000000; existing_position_penalty=1.000000; sector_cap_status=SOURCE_BLOCKED_SECTOR_UNAVAILABLE; matching_policy=EXACT_CANDIDATE_ID_ONLY_NO_SYMBOL_DATE_PRICE_TIME_FALLBACK
T601-3,decision-8222ccaa8aaf4bfd,decision-8222ccaa8aaf4bfd,MSFT,2026-06-01T16:30:02.457635Z,0.563636,0.0,0.0,1.0,1.0,0.463636,REJECTED,ENTRY_OR_SOURCE_BLOCKED_BY_FUNNEL,ENTRY_OR_SOURCE_BLOCKED_BY_FUNNEL,,SOURCE_BLOCKED_SECTOR_UNAVAILABLE,SOURCE_BLOCKED_NO_LIQUIDITY_FIELD,390,4407.4777,0.25,0.5,INELIGIBLE_UNKNOWN,STRATEGY_FILTER_NOT_MET NO_ENTRY,0,0,,,2026-06-01T16:30:00.906203Z:MSFT,0,REJECTED: ENTRY_OR_SOURCE_BLOCKED_BY_FUNNEL; source=ENTRY_OR_SOURCE_BLOCKED_BY_FUNNEL; rank_score=0.563636; liquidity_score=0.000000; diversification_score=0.000000; cooldown_score=1.000000; existing_position_penalty=1.000000; sector_cap_status=SOURCE_BLOCKED_SECTOR_UNAVAILABLE; matching_policy=EXACT_CANDIDATE_ID_ONLY_NO_SYMBOL_DATE_PRICE_TIME_FALLBACK
T601-3,decision-c536ee10f4654446,decision-c536ee10f4654446,MSFT,2026-06-01T16:34:57.876368Z,0.563636,0.0,0.0,1.0,1.0,0.463636,REJECTED,ENTRY_OR_SOURCE_BLOCKED_BY_FUNNEL,ENTRY_OR_SOURCE_BLOCKED_BY_FUNNEL,,SOURCE_BLOCKED_SECTOR_UNAVAILABLE,SOURCE_BLOCKED_NO_LIQUIDITY_FIELD,390,4412.4014,0.25,0.5,INELIGIBLE_UNKNOWN,STRATEGY_FILTER_NOT_MET NO_ENTRY,0,0,,,2026-06-01T16:34:56.319706Z:MSFT,0,REJECTED: ENTRY_OR_SOURCE_BLOCKED_BY_FUNNEL; source=ENTRY_OR_SOURCE_BLOCKED_BY_FUNNEL; rank_score=0.563636; liquidity_score=0.000000; diversification_score=0.000000; cooldown_score=1.000000; existing_position_penalty=1.000000; sector_cap_status=SOURCE_BLOCKED_SECTOR_UNAVAILABLE; matching_policy=EXACT_CANDIDATE_ID_ONLY_NO_SYMBOL_DATE_PRICE_TIME_FALLBACK
T601-3,decision-ec69ea970d2e4779,decision-ec69ea970d2e4779,AMZN,2026-06-01T16:35:11.912451Z,0.531818,0.0,0.0,1.0,1.0,0.431818,REJECTED,ENTRY_OR_SOURCE_BLOCKED_BY_FUNNEL,ENTRY_OR_SOURCE_BLOCKED_BY_FUNNEL,,SOURCE_BLOCKED_SECTOR_UNAVAILABLE,SOURCE_BLOCKED_NO_LIQUIDITY_FIELD,390,15911.9618,0.25,0.5,INELIGIBLE_UNKNOWN,STRATEGY_FILTER_NOT_MET NO_ENTRY,0,0,,,2026-06-01T16:35:10.444006Z:AMZN,0,REJECTED: ENTRY_OR_SOURCE_BLOCKED_BY_FUNNEL; source=ENTRY_OR_SOURCE_BLOCKED_BY_FUNNEL; rank_score=0.531818; liquidity_score=0.000000; diversification_score=0.000000; cooldown_score=1.000000; existing_position_penalty=1.000000; sector_cap_status=SOURCE_BLOCKED_SECTOR_UNAVAILABLE; matching_policy=EXACT_CANDIDATE_ID_ONLY_NO_SYMBOL_DATE_PRICE_TIME_FALLBACK
T601-3,decision-881ee5cd0b6f4fd3,decision-881ee5cd0b6f4fd3,MSFT,2026-06-01T16:40:06.743169Z,0.563636,0.0,0.0,1.0,1.0,0.463636,REJECTED,ENTRY_OR_SOURCE_BLOCKED_BY_FUNNEL,ENTRY_OR_SOURCE_BLOCKED_BY_FUNNEL,,SOURCE_BLOCKED_SECTOR_UNAVAILABLE,SOURCE_BLOCKED_NO_LIQUIDITY_FIELD,390,4417.5491,0.25,0.5,INELIGIBLE_UNKNOWN,STRATEGY_FILTER_NOT_MET NO_ENTRY,0,0,,,2026-06-01T16:40:05.219759Z:MSFT,0,REJECTED: ENTRY_OR_SOURCE_BLOCKED_BY_FUNNEL; source=ENTRY_OR_SOURCE_BLOCKED_BY_FUNNEL; rank_score=0.563636; liquidity_score=0.000000; diversification_score=0.000000; cooldown_score=1.000000; existing_position_penalty=1.000000; sector_cap_status=SOURCE_BLOCKED_SECTOR_UNAVAILABLE; matching_policy=EXACT_CANDIDATE_ID_ONLY_NO_SYMBOL_DATE_PRICE_TIME_FALLBACK
T601-3,decision-64ce0feff3b64371,decision-64ce0feff3b64371,MSFT,2026-06-01T16:40:20.477777Z,0.563636,0.0,0.0,1.0,1.0,0.463636,REJECTED,ENTRY_OR_SOURCE_BLOCKED_BY_FUNNEL,ENTRY_OR_SOURCE_BLOCKED_BY_FUNNEL,,SOURCE_BLOCKED_SECTOR_UNAVAILABLE,SOURCE_BLOCKED_NO_LIQUIDITY_FIELD,390,4417.7781,0.25,0.5,INELIGIBLE_UNKNOWN,STRATEGY_FILTER_NOT_MET NO_ENTRY,0,0,,,2026-06-01T16:40:18.905462Z:MSFT,0,REJECTED: ENTRY_OR_SOURCE_BLOCKED_BY_FUNNEL; source=ENTRY_OR_SOURCE_BLOCKED_BY_FUNNEL; rank_score=0.563636; liquidity_score=0.000000; diversification_score=0.000000; cooldown_score=1.000000; existing_position_penalty=1.000000; sector_cap_status=SOURCE_BLOCKED_SECTOR_UNAVAILABLE; matching_policy=EXACT_CANDIDATE_ID_ONLY_NO_SYMBOL_DATE_PRICE_TIME_FALLBACK
T601-3,decision-279ce92836ea4e98,decision-279ce92836ea4e98,MSFT,2026-06-01T16:45:18.211509Z,0.563636,0.0,0.0,1.0,1.0,0.463636,REJECTED,ENTRY_OR_SOURCE_BLOCKED_BY_FUNNEL,ENTRY_OR_SOURCE_BLOCKED_BY_FUNNEL,,SOURCE_BLOCKED_SECTOR_UNAVAILABLE,SOURCE_BLOCKED_NO_LIQUIDITY_FIELD,390,4422.7403,0.25,0.5,INELIGIBLE_UNKNOWN,STRATEGY_FILTER_NOT_MET NO_ENTRY,0,0,,,2026-06-01T16:45:16.657786Z:MSFT,0,REJECTED: ENTRY_OR_SOURCE_BLOCKED_BY_FUNNEL; source=ENTRY_OR_SOURCE_BLOCKED_BY_FUNNEL; rank_score=0.563636; liquidity_score=0.000000; diversification_score=0.000000; cooldown_score=1.000000; existing_position_penalty=1.000000; sector_cap_status=SOURCE_BLOCKED_SECTOR_UNAVAILABLE; matching_policy=EXACT_CANDIDATE_ID_ONLY_NO_SYMBOL_DATE_PRICE_TIME_FALLBACK
T601-3,decision-5bc9c86c24264d47,decision-5bc9c86c24264d47,MSFT,2026-06-01T16:45:29.455084Z,0.563636,0.0,0.0,1.0,1.0,0.463636,REJECTED,ENTRY_OR_SOURCE_BLOCKED_BY_FUNNEL,ENTRY_OR_SOURCE_BLOCKED_BY_FUNNEL,,SOURCE_BLOCKED_SECTOR_UNAVAILABLE,SOURCE_BLOCKED_NO_LIQUIDITY_FIELD,390,4422.9277,0.25,0.5,INELIGIBLE_UNKNOWN,STRATEGY_FILTER_NOT_MET NO_ENTRY,0,0,,,2026-06-01T16:45:27.931551Z:MSFT,0,REJECTED: ENTRY_OR_SOURCE_BLOCKED_BY_FUNNEL; source=ENTRY_OR_SOURCE_BLOCKED_BY_FUNNEL; rank_score=0.563636; liquidity_score=0.000000; diversification_score=0.000000; cooldown_score=1.000000; existing_position_penalty=1.000000; sector_cap_status=SOURCE_BLOCKED_SECTOR_UNAVAILABLE; matching_policy=EXACT_CANDIDATE_ID_ONLY_NO_SYMBOL_DATE_PRICE_TIME_FALLBACK
T601-3,decision-2e0b24e33ecd469e,decision-2e0b24e33ecd469e,MSFT,2026-06-01T16:50:27.464277Z,0.563636,0.0,0.0,1.0,1.0,0.463636,REJECTED,ENTRY_OR_SOURCE_BLOCKED_BY_FUNNEL,ENTRY_OR_SOURCE_BLOCKED_BY_FUNNEL,,SOURCE_BLOCKED_SECTOR_UNAVAILABLE,SOURCE_BLOCKED_NO_LIQUIDITY_FIELD,390,4427.8945,0.25,0.5,INELIGIBLE_UNKNOWN,STRATEGY_FILTER_NOT_MET NO_ENTRY,0,0,,,2026-06-01T16:50:25.958400Z:MSFT,0,REJECTED: ENTRY_OR_SOURCE_BLOCKED_BY_FUNNEL; source=ENTRY_OR_SOURCE_BLOCKED_BY_FUNNEL; rank_score=0.563636; liquidity_score=0.000000; diversification_score=0.000000; cooldown_score=1.000000; existing_position_penalty=1.000000; sector_cap_status=SOURCE_BLOCKED_SECTOR_UNAVAILABLE; matching_policy=EXACT_CANDIDATE_ID_ONLY_NO_SYMBOL_DATE_PRICE_TIME_FALLBACK
T601-3,decision-4c90d02891d94220,decision-4c90d02891d94220,MSFT,2026-06-01T16:50:38.089499Z,0.563636,0.0,0.0,1.0,1.0,0.463636,REJECTED,ENTRY_OR_SOURCE_BLOCKED_BY_FUNNEL,ENTRY_OR_SOURCE_BLOCKED_BY_FUNNEL,,SOURCE_BLOCKED_SECTOR_UNAVAILABLE,SOURCE_BLOCKED_NO_LIQUIDITY_FIELD,390,4428.0716,0.25,0.5,INELIGIBLE_UNKNOWN,STRATEGY_FILTER_NOT_MET NO_ENTRY,0,0,,,2026-06-01T16:50:36.436473Z:MSFT,0,REJECTED: ENTRY_OR_SOURCE_BLOCKED_BY_FUNNEL; source=ENTRY_OR_SOURCE_BLOCKED_BY_FUNNEL; rank_score=0.563636; liquidity_score=0.000000; diversification_score=0.000000; cooldown_score=1.000000; existing_position_penalty=1.000000; sector_cap_status=SOURCE_BLOCKED_SECTOR_UNAVAILABLE; matching_policy=EXACT_CANDIDATE_ID_ONLY_NO_SYMBOL_DATE_PRICE_TIME_FALLBACK
T601-3,decision-56722ecfda8a449e,decision-56722ecfda8a449e,MSFT,2026-06-01T16:55:37.288412Z,0.563636,0.0,0.0,1.0,1.0,0.463636,REJECTED,ENTRY_OR_SOURCE_BLOCKED_BY_FUNNEL,ENTRY_OR_SOURCE_BLOCKED_BY_FUNNEL,,SOURCE_BLOCKED_SECTOR_UNAVAILABLE,SOURCE_BLOCKED_NO_LIQUIDITY_FIELD,390,4433.0582,0.25,0.5,INELIGIBLE_UNKNOWN,STRATEGY_FILTER_NOT_MET NO_ENTRY,0,0,,,2026-06-01T16:55:35.795545Z:MSFT,0,REJECTED: ENTRY_OR_SOURCE_BLOCKED_BY_FUNNEL; source=ENTRY_OR_SOURCE_BLOCKED_BY_FUNNEL; rank_score=0.563636; liquidity_score=0.000000; diversification_score=0.000000; cooldown_score=1.000000; existing_position_penalty=1.000000; sector_cap_status=SOURCE_BLOCKED_SECTOR_UNAVAILABLE; matching_policy=EXACT_CANDIDATE_ID_ONLY_NO_SYMBOL_DATE_PRICE_TIME_FALLBACK
T601-3,decision-ca6d9fe360e848b4,decision-ca6d9fe360e848b4,MSFT,2026-06-01T16:55:46.428818Z,0.563636,0.0,0.0,1.0,1.0,0.463636,REJECTED,ENTRY_OR_SOURCE_BLOCKED_BY_FUNNEL,ENTRY_OR_SOURCE_BLOCKED_BY_FUNNEL,,SOURCE_BLOCKED_SECTOR_UNAVAILABLE,SOURCE_BLOCKED_NO_LIQUIDITY_FIELD,390,4433.2106,0.25,0.5,INELIGIBLE_UNKNOWN,STRATEGY_FILTER_NOT_MET NO_ENTRY,0,0,,,2026-06-01T16:55:44.894834Z:MSFT,0,REJECTED: ENTRY_OR_SOURCE_BLOCKED_BY_FUNNEL; source=ENTRY_OR_SOURCE_BLOCKED_BY_FUNNEL; rank_score=0.563636; liquidity_score=0.000000; diversification_score=0.000000; cooldown_score=1.000000; existing_position_penalty=1.000000; sector_cap_status=SOURCE_BLOCKED_SECTOR_UNAVAILABLE; matching_policy=EXACT_CANDIDATE_ID_ONLY_NO_SYMBOL_DATE_PRICE_TIME_FALLBACK
T601-3,decision-47f04ac945a24a58,decision-47f04ac945a24a58,MSFT,2026-06-01T17:00:46.675820Z,0.563636,0.0,0.0,1.0,1.0,0.463636,REJECTED,ENTRY_OR_SOURCE_BLOCKED_BY_FUNNEL,ENTRY_OR_SOURCE_BLOCKED_BY_FUNNEL,,SOURCE_BLOCKED_SECTOR_UNAVAILABLE,SOURCE_BLOCKED_NO_LIQUIDITY_FIELD,390,4438.2147,0.25,0.5,INELIGIBLE_UNKNOWN,STRATEGY_FILTER_NOT_MET NO_ENTRY,0,0,,,2026-06-01T17:00:45.076748Z:MSFT,0,REJECTED: ENTRY_OR_SOURCE_BLOCKED_BY_FUNNEL; source=ENTRY_OR_SOURCE_BLOCKED_BY_FUNNEL; rank_score=0.563636; liquidity_score=0.000000; diversification_score=0.000000; cooldown_score=1.000000; existing_position_penalty=1.000000; sector_cap_status=SOURCE_BLOCKED_SECTOR_UNAVAILABLE; matching_policy=EXACT_CANDIDATE_ID_ONLY_NO_SYMBOL_DATE_PRICE_TIME_FALLBACK
T601-3,decision-0fd97771d9914e01,decision-0fd97771d9914e01,MSFT,2026-06-01T17:05:56.608214Z,0.563636,0.0,0.0,1.0,1.0,0.463636,REJECTED,ENTRY_OR_SOURCE_BLOCKED_BY_FUNNEL,ENTRY_OR_SOURCE_BLOCKED_BY_FUNNEL,,SOURCE_BLOCKED_SECTOR_UNAVAILABLE,SOURCE_BLOCKED_NO_LIQUIDITY_FIELD,390,4443.3802,0.25,0.5,INELIGIBLE_UNKNOWN,STRATEGY_FILTER_NOT_MET NO_ENTRY,0,0,,,2026-06-01T17:05:55.076586Z:MSFT,0,REJECTED: ENTRY_OR_SOURCE_BLOCKED_BY_FUNNEL; source=ENTRY_OR_SOURCE_BLOCKED_BY_FUNNEL; rank_score=0.563636; liquidity_score=0.000000; diversification_score=0.000000; cooldown_score=1.000000; existing_position_penalty=1.000000; sector_cap_status=SOURCE_BLOCKED_SECTOR_UNAVAILABLE; matching_policy=EXACT_CANDIDATE_ID_ONLY_NO_SYMBOL_DATE_PRICE_TIME_FALLBACK
T601-3,decision-6fa0f76274fa4f88,decision-6fa0f76274fa4f88,MSFT,2026-06-01T17:11:06.047571Z,0.563636,0.0,0.0,1.0,1.0,0.463636,REJECTED,ENTRY_OR_SOURCE_BLOCKED_BY_FUNNEL,ENTRY_OR_SOURCE_BLOCKED_BY_FUNNEL,,SOURCE_BLOCKED_SECTOR_UNAVAILABLE,SOURCE_BLOCKED_NO_LIQUIDITY_FIELD,390,4448.5376,0.25,0.5,INELIGIBLE_UNKNOWN,STRATEGY_FILTER_NOT_MET NO_ENTRY,0,0,,,2026-06-01T17:11:04.478577Z:MSFT,0,REJECTED: ENTRY_OR_SOURCE_BLOCKED_BY_FUNNEL; source=ENTRY_OR_SOURCE_BLOCKED_BY_FUNNEL; rank_score=0.563636; liquidity_score=0.000000; diversification_score=0.000000; cooldown_score=1.000000; existing_position_penalty=1.000000; sector_cap_status=SOURCE_BLOCKED_SECTOR_UNAVAILABLE; matching_policy=EXACT_CANDIDATE_ID_ONLY_NO_SYMBOL_DATE_PRICE_TIME_FALLBACK
T601-3,decision-826a2d40df97414e,decision-826a2d40df97414e,MSFT,2026-06-01T17:16:15.887715Z,0.563636,0.0,0.0,1.0,1.0,0.463636,REJECTED,ENTRY_OR_SOURCE_BLOCKED_BY_FUNNEL,ENTRY_OR_SOURCE_BLOCKED_BY_FUNNEL,,SOURCE_BLOCKED_SECTOR_UNAVAILABLE,SOURCE_BLOCKED_NO_LIQUIDITY_FIELD,390,4453.7016,0.25,0.5,INELIGIBLE_UNKNOWN,STRATEGY_FILTER_NOT_MET NO_ENTRY,0,0,,,2026-06-01T17:16:14.342988Z:MSFT,0,REJECTED: ENTRY_OR_SOURCE_BLOCKED_BY_FUNNEL; source=ENTRY_OR_SOURCE_BLOCKED_BY_FUNNEL; rank_score=0.563636; liquidity_score=0.000000; diversification_score=0.000000; cooldown_score=1.000000; existing_position_penalty=1.000000; sector_cap_status=SOURCE_BLOCKED_SECTOR_UNAVAILABLE; matching_policy=EXACT_CANDIDATE_ID_ONLY_NO_SYMBOL_DATE_PRICE_TIME_FALLBACK
T601-3,decision-48acc3b6d60e4a91,decision-48acc3b6d60e4a91,MSFT,2026-06-01T17:21:25.885394Z,0.563636,0.0,0.0,1.0,1.0,0.463636,REJECTED,ENTRY_OR_SOURCE_BLOCKED_BY_FUNNEL,ENTRY_OR_SOURCE_BLOCKED_BY_FUNNEL,,SOURCE_BLOCKED_SECTOR_UNAVAILABLE,SOURCE_BLOCKED_NO_LIQUIDITY_FIELD,390,4458.8682,0.25,0.5,INELIGIBLE_UNKNOWN,STRATEGY_FILTER_NOT_MET NO_ENTRY,0,0,,,2026-06-01T17:21:24.328335Z:MSFT,0,REJECTED: ENTRY_OR_SOURCE_BLOCKED_BY_FUNNEL; source=ENTRY_OR_SOURCE_BLOCKED_BY_FUNNEL; rank_score=0.563636; liquidity_score=0.000000; diversification_score=0.000000; cooldown_score=1.000000; existing_position_penalty=1.000000; sector_cap_status=SOURCE_BLOCKED_SECTOR_UNAVAILABLE; matching_policy=EXACT_CANDIDATE_ID_ONLY_NO_SYMBOL_DATE_PRICE_TIME_FALLBACK
T601-3,decision-a8e290dbc89a45e9,decision-a8e290dbc89a45e9,MSFT,2026-06-01T17:26:35.797225Z,0.563636,0.0,0.0,1.0,1.0,0.463636,REJECTED,ENTRY_OR_SOURCE_BLOCKED_BY_FUNNEL,ENTRY_OR_SOURCE_BLOCKED_BY_FUNNEL,,SOURCE_BLOCKED_SECTOR_UNAVAILABLE,SOURCE_BLOCKED_NO_LIQUIDITY_FIELD,390,4464.0334,0.25,0.5,INELIGIBLE_UNKNOWN,STRATEGY_FILTER_NOT_MET NO_ENTRY,0,0,,,2026-06-01T17:26:34.220330Z:MSFT,0,REJECTED: ENTRY_OR_SOURCE_BLOCKED_BY_FUNNEL; source=ENTRY_OR_SOURCE_BLOCKED_BY_FUNNEL; rank_score=0.563636; liquidity_score=0.000000; diversification_score=0.000000; cooldown_score=1.000000; existing_position_penalty=1.000000; sector_cap_status=SOURCE_BLOCKED_SECTOR_UNAVAILABLE; matching_policy=EXACT_CANDIDATE_ID_ONLY_NO_SYMBOL_DATE_PRICE_TIME_FALLBACK
T601-3,decision-87c535cae8e040af,decision-87c535cae8e040af,MSFT,2026-06-01T17:31:46.033284Z,0.563636,0.0,0.0,1.0,1.0,0.463636,REJECTED,ENTRY_OR_SOURCE_BLOCKED_BY_FUNNEL,ENTRY_OR_SOURCE_BLOCKED_BY_FUNNEL,,SOURCE_BLOCKED_SECTOR_UNAVAILABLE,SOURCE_BLOCKED_NO_LIQUIDITY_FIELD,390,4469.204,0.25,0.5,INELIGIBLE_UNKNOWN,STRATEGY_FILTER_NOT_MET NO_ENTRY,0,0,,,2026-06-01T17:31:44.538910Z:MSFT,0,REJECTED: ENTRY_OR_SOURCE_BLOCKED_BY_FUNNEL; source=ENTRY_OR_SOURCE_BLOCKED_BY_FUNNEL; rank_score=0.563636; liquidity_score=0.000000; diversification_score=0.000000; cooldown_score=1.000000; existing_position_penalty=1.000000; sector_cap_status=SOURCE_BLOCKED_SECTOR_UNAVAILABLE; matching_policy=EXACT_CANDIDATE_ID_ONLY_NO_SYMBOL_DATE_PRICE_TIME_FALLBACK
T601-3,decision-338e5c2a42fb4917,decision-338e5c2a42fb4917,MSFT,2026-06-01T17:36:55.539440Z,0.563636,0.0,0.0,1.0,1.0,0.463636,REJECTED,ENTRY_OR_SOURCE_BLOCKED_BY_FUNNEL,ENTRY_OR_SOURCE_BLOCKED_BY_FUNNEL,,SOURCE_BLOCKED_SECTOR_UNAVAILABLE,SOURCE_BLOCKED_NO_LIQUIDITY_FIELD,390,4474.3624,0.25,0.5,INELIGIBLE_UNKNOWN,STRATEGY_FILTER_NOT_MET NO_ENTRY,0,0,,,2026-06-01T17:36:54.033647Z:MSFT,0,REJECTED: ENTRY_OR_SOURCE_BLOCKED_BY_FUNNEL; source=ENTRY_OR_SOURCE_BLOCKED_BY_FUNNEL; rank_score=0.563636; liquidity_score=0.000000; diversification_score=0.000000; cooldown_score=1.000000; existing_position_penalty=1.000000; sector_cap_status=SOURCE_BLOCKED_SECTOR_UNAVAILABLE; matching_policy=EXACT_CANDIDATE_ID_ONLY_NO_SYMBOL_DATE_PRICE_TIME_FALLBACK
T601-3,decision-8dbe056ed28d4cfd,decision-8dbe056ed28d4cfd,MSFT,2026-06-01T17:42:06.559985Z,0.563636,0.0,0.0,1.0,1.0,0.463636,REJECTED,ENTRY_OR_SOURCE_BLOCKED_BY_FUNNEL,ENTRY_OR_SOURCE_BLOCKED_BY_FUNNEL,,SOURCE_BLOCKED_SECTOR_UNAVAILABLE,SOURCE_BLOCKED_NO_LIQUIDITY_FIELD,390,4479.5461,0.25,0.5,INELIGIBLE_UNKNOWN,STRATEGY_FILTER_NOT_MET NO_ENTRY,0,0,,,2026-06-01T17:42:05.050453Z:MSFT,0,REJECTED: ENTRY_OR_SOURCE_BLOCKED_BY_FUNNEL; source=ENTRY_OR_SOURCE_BLOCKED_BY_FUNNEL; rank_score=0.563636; liquidity_score=0.000000; diversification_score=0.000000; cooldown_score=1.000000; existing_position_penalty=1.000000; sector_cap_status=SOURCE_BLOCKED_SECTOR_UNAVAILABLE; matching_policy=EXACT_CANDIDATE_ID_ONLY_NO_SYMBOL_DATE_PRICE_TIME_FALLBACK
T601-3,decision-354bc4f4ea174385,decision-354bc4f4ea174385,MSFT,2026-06-01T17:47:18.259323Z,0.563636,0.0,0.0,1.0,1.0,0.463636,REJECTED,ENTRY_OR_SOURCE_BLOCKED_BY_FUNNEL,ENTRY_OR_SOURCE_BLOCKED_BY_FUNNEL,,SOURCE_BLOCKED_SECTOR_UNAVAILABLE,SOURCE_BLOCKED_NO_LIQUIDITY_FIELD,390,4484.7411,0.25,0.5,INELIGIBLE_UNKNOWN,STRATEGY_FILTER_NOT_MET NO_ENTRY,0,0,,,2026-06-01T17:47:16.783611Z:MSFT,0,REJECTED: ENTRY_OR_SOURCE_BLOCKED_BY_FUNNEL; source=ENTRY_OR_SOURCE_BLOCKED_BY_FUNNEL; rank_score=0.563636; liquidity_score=0.000000; diversification_score=0.000000; cooldown_score=1.000000; existing_position_penalty=1.000000; sector_cap_status=SOURCE_BLOCKED_SECTOR_UNAVAILABLE; matching_policy=EXACT_CANDIDATE_ID_ONLY_NO_SYMBOL_DATE_PRICE_TIME_FALLBACK
T601-3,decision-63fbf6bba117484d,decision-63fbf6bba117484d,MSFT,2026-06-01T17:52:28.052937Z,0.563636,0.0,0.0,1.0,1.0,0.463636,REJECTED,ENTRY_OR_SOURCE_BLOCKED_BY_FUNNEL,ENTRY_OR_SOURCE_BLOCKED_BY_FUNNEL,,SOURCE_BLOCKED_SECTOR_UNAVAILABLE,SOURCE_BLOCKED_NO_LIQUIDITY_FIELD,390,4489.9043,0.25,0.5,INELIGIBLE_UNKNOWN,STRATEGY_FILTER_NOT_MET NO_ENTRY,0,0,,,2026-06-01T17:52:26.488164Z:MSFT,0,REJECTED: ENTRY_OR_SOURCE_BLOCKED_BY_FUNNEL; source=ENTRY_OR_SOURCE_BLOCKED_BY_FUNNEL; rank_score=0.563636; liquidity_score=0.000000; diversification_score=0.000000; cooldown_score=1.000000; existing_position_penalty=1.000000; sector_cap_status=SOURCE_BLOCKED_SECTOR_UNAVAILABLE; matching_policy=EXACT_CANDIDATE_ID_ONLY_NO_SYMBOL_DATE_PRICE_TIME_FALLBACK
T601-3,decision-fbd60bfb0eb94e43,decision-fbd60bfb0eb94e43,MSFT,2026-06-01T17:57:41.341122Z,0.563636,0.0,0.0,1.0,1.0,0.463636,REJECTED,ENTRY_OR_SOURCE_BLOCKED_BY_FUNNEL,ENTRY_OR_SOURCE_BLOCKED_BY_FUNNEL,,SOURCE_BLOCKED_SECTOR_UNAVAILABLE,SOURCE_BLOCKED_NO_LIQUIDITY_FIELD,390,4495.1258,0.25,0.5,INELIGIBLE_UNKNOWN,STRATEGY_FILTER_NOT_MET NO_ENTRY,0,0,,,2026-06-01T17:57:39.743846Z:MSFT,0,REJECTED: ENTRY_OR_SOURCE_BLOCKED_BY_FUNNEL; source=ENTRY_OR_SOURCE_BLOCKED_BY_FUNNEL; rank_score=0.563636; liquidity_score=0.000000; diversification_score=0.000000; cooldown_score=1.000000; existing_position_penalty=1.000000; sector_cap_status=SOURCE_BLOCKED_SECTOR_UNAVAILABLE; matching_policy=EXACT_CANDIDATE_ID_ONLY_NO_SYMBOL_DATE_PRICE_TIME_FALLBACK
T601-3,decision-148268007ad8449b,decision-148268007ad8449b,MSFT,2026-06-01T18:02:51.331599Z,0.563636,0.0,0.0,1.0,1.0,0.463636,REJECTED,ENTRY_OR_SOURCE_BLOCKED_BY_FUNNEL,ENTRY_OR_SOURCE_BLOCKED_BY_FUNNEL,,SOURCE_BLOCKED_SECTOR_UNAVAILABLE,SOURCE_BLOCKED_NO_LIQUIDITY_FIELD,390,4500.2923,0.25,0.5,INELIGIBLE_UNKNOWN,STRATEGY_FILTER_NOT_MET NO_ENTRY,0,0,,,2026-06-01T18:02:49.882147Z:MSFT,0,REJECTED: ENTRY_OR_SOURCE_BLOCKED_BY_FUNNEL; source=ENTRY_OR_SOURCE_BLOCKED_BY_FUNNEL; rank_score=0.563636; liquidity_score=0.000000; diversification_score=0.000000; cooldown_score=1.000000; existing_position_penalty=1.000000; sector_cap_status=SOURCE_BLOCKED_SECTOR_UNAVAILABLE; matching_policy=EXACT_CANDIDATE_ID_ONLY_NO_SYMBOL_DATE_PRICE_TIME_FALLBACK
T601-3,decision-9244df43d6f34850,decision-9244df43d6f34850,MSFT,2026-06-01T18:08:00.697856Z,0.563636,0.0,0.0,1.0,1.0,0.463636,REJECTED,ENTRY_OR_SOURCE_BLOCKED_BY_FUNNEL,ENTRY_OR_SOURCE_BLOCKED_BY_FUNNEL,,SOURCE_BLOCKED_SECTOR_UNAVAILABLE,SOURCE_BLOCKED_NO_LIQUIDITY_FIELD,390,4505.4484,0.25,0.5,INELIGIBLE_UNKNOWN,STRATEGY_FILTER_NOT_MET NO_ENTRY,0,0,,,2026-06-01T18:07:59.167979Z:MSFT,0,REJECTED: ENTRY_OR_SOURCE_BLOCKED_BY_FUNNEL; source=ENTRY_OR_SOURCE_BLOCKED_BY_FUNNEL; rank_score=0.563636; liquidity_score=0.000000; diversification_score=0.000000; cooldown_score=1.000000; existing_position_penalty=1.000000; sector_cap_status=SOURCE_BLOCKED_SECTOR_UNAVAILABLE; matching_policy=EXACT_CANDIDATE_ID_ONLY_NO_SYMBOL_DATE_PRICE_TIME_FALLBACK
T601-3,decision-1244099ce1da424a,decision-1244099ce1da424a,MSFT,2026-06-01T18:13:10.107430Z,0.563636,0.0,0.0,1.0,1.0,0.463636,REJECTED,ENTRY_OR_SOURCE_BLOCKED_BY_FUNNEL,ENTRY_OR_SOURCE_BLOCKED_BY_FUNNEL,,SOURCE_BLOCKED_SECTOR_UNAVAILABLE,SOURCE_BLOCKED_NO_LIQUIDITY_FIELD,390,4510.6052,0.25,0.5,INELIGIBLE_UNKNOWN,STRATEGY_FILTER_NOT_MET NO_ENTRY,0,0,,,2026-06-01T18:13:08.585330Z:MSFT,0,REJECTED: ENTRY_OR_SOURCE_BLOCKED_BY_FUNNEL; source=ENTRY_OR_SOURCE_BLOCKED_BY_FUNNEL; rank_score=0.563636; liquidity_score=0.000000; diversification_score=0.000000; cooldown_score=1.000000; existing_position_penalty=1.000000; sector_cap_status=SOURCE_BLOCKED_SECTOR_UNAVAILABLE; matching_policy=EXACT_CANDIDATE_ID_ONLY_NO_SYMBOL_DATE_PRICE_TIME_FALLBACK
T601-3,decision-cee3d0c4b8e946ca,decision-cee3d0c4b8e946ca,MSFT,2026-06-01T18:18:20.482186Z,0.563636,0.0,0.0,1.0,1.0,0.463636,REJECTED,ENTRY_OR_SOURCE_BLOCKED_BY_FUNNEL,ENTRY_OR_SOURCE_BLOCKED_BY_FUNNEL,,SOURCE_BLOCKED_SECTOR_UNAVAILABLE,SOURCE_BLOCKED_NO_LIQUIDITY_FIELD,390,4515.7781,0.25,0.5,INELIGIBLE_UNKNOWN,STRATEGY_FILTER_NOT_MET NO_ENTRY,0,0,,,2026-06-01T18:18:18.955911Z:MSFT,0,REJECTED: ENTRY_OR_SOURCE_BLOCKED_BY_FUNNEL; source=ENTRY_OR_SOURCE_BLOCKED_BY_FUNNEL; rank_score=0.563636; liquidity_score=0.000000; diversification_score=0.000000; cooldown_score=1.000000; existing_position_penalty=1.000000; sector_cap_status=SOURCE_BLOCKED_SECTOR_UNAVAILABLE; matching_policy=EXACT_CANDIDATE_ID_ONLY_NO_SYMBOL_DATE_PRICE_TIME_FALLBACK
T601-3,decision-1ea8bb36d4804cdd,decision-1ea8bb36d4804cdd,MSFT,2026-06-01T18:23:30.640708Z,0.563636,0.0,0.0,1.0,1.0,0.463636,REJECTED,ENTRY_OR_SOURCE_BLOCKED_BY_FUNNEL,ENTRY_OR_SOURCE_BLOCKED_BY_FUNNEL,,SOURCE_BLOCKED_SECTOR_UNAVAILABLE,SOURCE_BLOCKED_NO_LIQUIDITY_FIELD,390,4520.9474,0.25,0.5,INELIGIBLE_UNKNOWN,STRATEGY_FILTER_NOT_MET NO_ENTRY,0,0,,,2026-06-01T18:23:29.114221Z:MSFT,0,REJECTED: ENTRY_OR_SOURCE_BLOCKED_BY_FUNNEL; source=ENTRY_OR_SOURCE_BLOCKED_BY_FUNNEL; rank_score=0.563636; liquidity_score=0.000000; diversification_score=0.000000; cooldown_score=1.000000; existing_position_penalty=1.000000; sector_cap_status=SOURCE_BLOCKED_SECTOR_UNAVAILABLE; matching_policy=EXACT_CANDIDATE_ID_ONLY_NO_SYMBOL_DATE_PRICE_TIME_FALLBACK
T601-3,decision-a19d01e801854c06,decision-a19d01e801854c06,MSFT,2026-06-01T18:28:40.580911Z,0.563636,0.0,0.0,1.0,1.0,0.463636,REJECTED,ENTRY_OR_SOURCE_BLOCKED_BY_FUNNEL,ENTRY_OR_SOURCE_BLOCKED_BY_FUNNEL,,SOURCE_BLOCKED_SECTOR_UNAVAILABLE,SOURCE_BLOCKED_NO_LIQUIDITY_FIELD,390,4526.1131,0.25,0.5,INELIGIBLE_UNKNOWN,STRATEGY_FILTER_NOT_MET NO_ENTRY,0,0,,,2026-06-01T18:28:39.040667Z:MSFT,0,REJECTED: ENTRY_OR_SOURCE_BLOCKED_BY_FUNNEL; source=ENTRY_OR_SOURCE_BLOCKED_BY_FUNNEL; rank_score=0.563636; liquidity_score=0.000000; diversification_score=0.000000; cooldown_score=1.000000; existing_position_penalty=1.000000; sector_cap_status=SOURCE_BLOCKED_SECTOR_UNAVAILABLE; matching_policy=EXACT_CANDIDATE_ID_ONLY_NO_SYMBOL_DATE_PRICE_TIME_FALLBACK
T601-3,decision-8c1d9195d6a34790,decision-8c1d9195d6a34790,MSFT,2026-06-01T18:33:51.080278Z,0.563636,0.0,0.0,1.0,1.0,0.463636,REJECTED,ENTRY_OR_SOURCE_BLOCKED_BY_FUNNEL,ENTRY_OR_SOURCE_BLOCKED_BY_FUNNEL,,SOURCE_BLOCKED_SECTOR_UNAVAILABLE,SOURCE_BLOCKED_NO_LIQUIDITY_FIELD,390,4531.2881,0.25,0.5,INELIGIBLE_UNKNOWN,STRATEGY_FILTER_NOT_MET NO_ENTRY,0,0,,,2026-06-01T18:33:49.562643Z:MSFT,0,REJECTED: ENTRY_OR_SOURCE_BLOCKED_BY_FUNNEL; source=ENTRY_OR_SOURCE_BLOCKED_BY_FUNNEL; rank_score=0.563636; liquidity_score=0.000000; diversification_score=0.000000; cooldown_score=1.000000; existing_position_penalty=1.000000; sector_cap_status=SOURCE_BLOCKED_SECTOR_UNAVAILABLE; matching_policy=EXACT_CANDIDATE_ID_ONLY_NO_SYMBOL_DATE_PRICE_TIME_FALLBACK
T601-3,decision-9c8cf760b70f406f,decision-9c8cf760b70f406f,MSFT,2026-06-01T18:39:00.887599Z,0.563636,0.0,0.0,1.0,1.0,0.463636,REJECTED,ENTRY_OR_SOURCE_BLOCKED_BY_FUNNEL,ENTRY_OR_SOURCE_BLOCKED_BY_FUNNEL,,SOURCE_BLOCKED_SECTOR_UNAVAILABLE,SOURCE_BLOCKED_NO_LIQUIDITY_FIELD,390,4536.4516,0.25,0.5,INELIGIBLE_UNKNOWN,STRATEGY_FILTER_NOT_MET NO_ENTRY,0,0,,,2026-06-01T18:38:59.317717Z:MSFT,0,REJECTED: ENTRY_OR_SOURCE_BLOCKED_BY_FUNNEL; source=ENTRY_OR_SOURCE_BLOCKED_BY_FUNNEL; rank_score=0.563636; liquidity_score=0.000000; diversification_score=0.000000; cooldown_score=1.000000; existing_position_penalty=1.000000; sector_cap_status=SOURCE_BLOCKED_SECTOR_UNAVAILABLE; matching_policy=EXACT_CANDIDATE_ID_ONLY_NO_SYMBOL_DATE_PRICE_TIME_FALLBACK
T601-3,decision-2dd5077cf1084ff1,decision-2dd5077cf1084ff1,MSFT,2026-06-01T18:44:11.671001Z,0.563636,0.0,0.0,1.0,1.0,0.463636,REJECTED,ENTRY_OR_SOURCE_BLOCKED_BY_FUNNEL,ENTRY_OR_SOURCE_BLOCKED_BY_FUNNEL,,SOURCE_BLOCKED_SECTOR_UNAVAILABLE,SOURCE_BLOCKED_NO_LIQUIDITY_FIELD,390,4541.6313,0.25,0.5,INELIGIBLE_UNKNOWN,STRATEGY_FILTER_NOT_MET NO_ENTRY,0,0,,,2026-06-01T18:44:10.112334Z:MSFT,0,REJECTED: ENTRY_OR_SOURCE_BLOCKED_BY_FUNNEL; source=ENTRY_OR_SOURCE_BLOCKED_BY_FUNNEL; rank_score=0.563636; liquidity_score=0.000000; diversification_score=0.000000; cooldown_score=1.000000; existing_position_penalty=1.000000; sector_cap_status=SOURCE_BLOCKED_SECTOR_UNAVAILABLE; matching_policy=EXACT_CANDIDATE_ID_ONLY_NO_SYMBOL_DATE_PRICE_TIME_FALLBACK
T601-3,decision-df8081d0d8ae4859,decision-df8081d0d8ae4859,MSFT,2026-06-01T18:49:22.257024Z,0.563636,0.0,0.0,1.0,1.0,0.463636,REJECTED,ENTRY_OR_SOURCE_BLOCKED_BY_FUNNEL,ENTRY_OR_SOURCE_BLOCKED_BY_FUNNEL,,SOURCE_BLOCKED_SECTOR_UNAVAILABLE,SOURCE_BLOCKED_NO_LIQUIDITY_FIELD,390,4546.8077,0.25,0.5,INELIGIBLE_UNKNOWN,STRATEGY_FILTER_NOT_MET NO_ENTRY,0,0,,,2026-06-01T18:49:20.767337Z:MSFT,0,REJECTED: ENTRY_OR_SOURCE_BLOCKED_BY_FUNNEL; source=ENTRY_OR_SOURCE_BLOCKED_BY_FUNNEL; rank_score=0.563636; liquidity_score=0.000000; diversification_score=0.000000; cooldown_score=1.000000; existing_position_penalty=1.000000; sector_cap_status=SOURCE_BLOCKED_SECTOR_UNAVAILABLE; matching_policy=EXACT_CANDIDATE_ID_ONLY_NO_SYMBOL_DATE_PRICE_TIME_FALLBACK
T601-3,decision-72972f3b0dd84a50,decision-72972f3b0dd84a50,MSFT,2026-06-01T18:54:31.793863Z,0.563636,0.0,0.0,1.0,1.0,0.463636,REJECTED,ENTRY_OR_SOURCE_BLOCKED_BY_FUNNEL,ENTRY_OR_SOURCE_BLOCKED_BY_FUNNEL,,SOURCE_BLOCKED_SECTOR_UNAVAILABLE,SOURCE_BLOCKED_NO_LIQUIDITY_FIELD,390,4551.9667,0.25,0.5,INELIGIBLE_UNKNOWN,STRATEGY_FILTER_NOT_MET NO_ENTRY,0,0,,,2026-06-01T18:54:30.240608Z:MSFT,0,REJECTED: ENTRY_OR_SOURCE_BLOCKED_BY_FUNNEL; source=ENTRY_OR_SOURCE_BLOCKED_BY_FUNNEL; rank_score=0.563636; liquidity_score=0.000000; diversification_score=0.000000; cooldown_score=1.000000; existing_position_penalty=1.000000; sector_cap_status=SOURCE_BLOCKED_SECTOR_UNAVAILABLE; matching_policy=EXACT_CANDIDATE_ID_ONLY_NO_SYMBOL_DATE_PRICE_TIME_FALLBACK
T601-3,decision-bdb7aefa3a194913,decision-bdb7aefa3a194913,MSFT,2026-06-01T18:59:42.593893Z,0.563636,0.0,0.0,1.0,1.0,0.463636,REJECTED,ENTRY_OR_SOURCE_BLOCKED_BY_FUNNEL,ENTRY_OR_SOURCE_BLOCKED_BY_FUNNEL,,SOURCE_BLOCKED_SECTOR_UNAVAILABLE,SOURCE_BLOCKED_NO_LIQUIDITY_FIELD,390,4557.1467,0.25,0.5,INELIGIBLE_UNKNOWN,STRATEGY_FILTER_NOT_MET NO_ENTRY,0,0,,,2026-06-01T18:59:41.035628Z:MSFT,0,REJECTED: ENTRY_OR_SOURCE_BLOCKED_BY_FUNNEL; source=ENTRY_OR_SOURCE_BLOCKED_BY_FUNNEL; rank_score=0.563636; liquidity_score=0.000000; diversification_score=0.000000; cooldown_score=1.000000; existing_position_penalty=1.000000; sector_cap_status=SOURCE_BLOCKED_SECTOR_UNAVAILABLE; matching_policy=EXACT_CANDIDATE_ID_ONLY_NO_SYMBOL_DATE_PRICE_TIME_FALLBACK
T601-3,decision-e063c4f73b054eb0,decision-e063c4f73b054eb0,MSFT,2026-06-01T19:04:51.610180Z,0.563636,0.0,0.0,1.0,1.0,0.463636,REJECTED,ENTRY_OR_SOURCE_BLOCKED_BY_FUNNEL,ENTRY_OR_SOURCE_BLOCKED_BY_FUNNEL,,SOURCE_BLOCKED_SECTOR_UNAVAILABLE,SOURCE_BLOCKED_NO_LIQUIDITY_FIELD,390,4562.2969,0.25,0.5,INELIGIBLE_UNKNOWN,STRATEGY_FILTER_NOT_MET NO_ENTRY,0,0,,,2026-06-01T19:04:50.093022Z:MSFT,0,REJECTED: ENTRY_OR_SOURCE_BLOCKED_BY_FUNNEL; source=ENTRY_OR_SOURCE_BLOCKED_BY_FUNNEL; rank_score=0.563636; liquidity_score=0.000000; diversification_score=0.000000; cooldown_score=1.000000; existing_position_penalty=1.000000; sector_cap_status=SOURCE_BLOCKED_SECTOR_UNAVAILABLE; matching_policy=EXACT_CANDIDATE_ID_ONLY_NO_SYMBOL_DATE_PRICE_TIME_FALLBACK
T601-3,decision-dacb344277dd4a00,decision-dacb344277dd4a00,MSFT,2026-06-01T19:10:01.655937Z,0.563636,0.0,0.0,1.0,1.0,0.463636,REJECTED,ENTRY_OR_SOURCE_BLOCKED_BY_FUNNEL,ENTRY_OR_SOURCE_BLOCKED_BY_FUNNEL,,SOURCE_BLOCKED_SECTOR_UNAVAILABLE,SOURCE_BLOCKED_NO_LIQUIDITY_FIELD,390,4567.4644,0.25,0.5,INELIGIBLE_UNKNOWN,STRATEGY_FILTER_NOT_MET NO_ENTRY,0,0,,,2026-06-01T19:10:00.123274Z:MSFT,0,REJECTED: ENTRY_OR_SOURCE_BLOCKED_BY_FUNNEL; source=ENTRY_OR_SOURCE_BLOCKED_BY_FUNNEL; rank_score=0.563636; liquidity_score=0.000000; diversification_score=0.000000; cooldown_score=1.000000; existing_position_penalty=1.000000; sector_cap_status=SOURCE_BLOCKED_SECTOR_UNAVAILABLE; matching_policy=EXACT_CANDIDATE_ID_ONLY_NO_SYMBOL_DATE_PRICE_TIME_FALLBACK
T601-3,decision-7a842f2e23e34e99,decision-7a842f2e23e34e99,MSFT,2026-06-01T19:15:11.086341Z,0.563636,0.0,0.0,1.0,1.0,0.463636,REJECTED,ENTRY_OR_SOURCE_BLOCKED_BY_FUNNEL,ENTRY_OR_SOURCE_BLOCKED_BY_FUNNEL,,SOURCE_BLOCKED_SECTOR_UNAVAILABLE,SOURCE_BLOCKED_NO_LIQUIDITY_FIELD,390,4572.6215,0.25,0.5,INELIGIBLE_UNKNOWN,STRATEGY_FILTER_NOT_MET NO_ENTRY,0,0,,,2026-06-01T19:15:09.609469Z:MSFT,0,REJECTED: ENTRY_OR_SOURCE_BLOCKED_BY_FUNNEL; source=ENTRY_OR_SOURCE_BLOCKED_BY_FUNNEL; rank_score=0.563636; liquidity_score=0.000000; diversification_score=0.000000; cooldown_score=1.000000; existing_position_penalty=1.000000; sector_cap_status=SOURCE_BLOCKED_SECTOR_UNAVAILABLE; matching_policy=EXACT_CANDIDATE_ID_ONLY_NO_SYMBOL_DATE_PRICE_TIME_FALLBACK
T601-3,decision-3229677cdfd64a71,decision-3229677cdfd64a71,MSFT,2026-06-01T19:20:21.155867Z,0.563636,0.0,0.0,1.0,1.0,0.463636,REJECTED,ENTRY_OR_SOURCE_BLOCKED_BY_FUNNEL,ENTRY_OR_SOURCE_BLOCKED_BY_FUNNEL,,SOURCE_BLOCKED_SECTOR_UNAVAILABLE,SOURCE_BLOCKED_NO_LIQUIDITY_FIELD,390,4577.7894,0.25,0.5,INELIGIBLE_UNKNOWN,STRATEGY_FILTER_NOT_MET NO_ENTRY,0,0,,,2026-06-01T19:20:19.544352Z:MSFT,0,REJECTED: ENTRY_OR_SOURCE_BLOCKED_BY_FUNNEL; source=ENTRY_OR_SOURCE_BLOCKED_BY_FUNNEL; rank_score=0.563636; liquidity_score=0.000000; diversification_score=0.000000; cooldown_score=1.000000; existing_position_penalty=1.000000; sector_cap_status=SOURCE_BLOCKED_SECTOR_UNAVAILABLE; matching_policy=EXACT_CANDIDATE_ID_ONLY_NO_SYMBOL_DATE_PRICE_TIME_FALLBACK
T601-3,decision-dae211c8170642b9,decision-dae211c8170642b9,MSFT,2026-06-01T19:25:30.876176Z,0.563636,0.0,0.0,1.0,1.0,0.463636,REJECTED,ENTRY_OR_SOURCE_BLOCKED_BY_FUNNEL,ENTRY_OR_SOURCE_BLOCKED_BY_FUNNEL,,SOURCE_BLOCKED_SECTOR_UNAVAILABLE,SOURCE_BLOCKED_NO_LIQUIDITY_FIELD,390,4582.9514,0.25,0.5,INELIGIBLE_UNKNOWN,STRATEGY_FILTER_NOT_MET NO_ENTRY,0,0,,,2026-06-01T19:25:29.376570Z:MSFT,0,REJECTED: ENTRY_OR_SOURCE_BLOCKED_BY_FUNNEL; source=ENTRY_OR_SOURCE_BLOCKED_BY_FUNNEL; rank_score=0.563636; liquidity_score=0.000000; diversification_score=0.000000; cooldown_score=1.000000; existing_position_penalty=1.000000; sector_cap_status=SOURCE_BLOCKED_SECTOR_UNAVAILABLE; matching_policy=EXACT_CANDIDATE_ID_ONLY_NO_SYMBOL_DATE_PRICE_TIME_FALLBACK
T601-3,decision-22af2fb74c174c7e,decision-22af2fb74c174c7e,MSFT,2026-06-01T19:30:40.228249Z,0.563636,0.0,0.0,1.0,1.0,0.463636,REJECTED,ENTRY_OR_SOURCE_BLOCKED_BY_FUNNEL,ENTRY_OR_SOURCE_BLOCKED_BY_FUNNEL,,SOURCE_BLOCKED_SECTOR_UNAVAILABLE,SOURCE_BLOCKED_NO_LIQUIDITY_FIELD,390,4588.1072,0.25,0.5,INELIGIBLE_UNKNOWN,STRATEGY_FILTER_NOT_MET NO_ENTRY,0,0,,,2026-06-01T19:30:38.691934Z:MSFT,0,REJECTED: ENTRY_OR_SOURCE_BLOCKED_BY_FUNNEL; source=ENTRY_OR_SOURCE_BLOCKED_BY_FUNNEL; rank_score=0.563636; liquidity_score=0.000000; diversification_score=0.000000; cooldown_score=1.000000; existing_position_penalty=1.000000; sector_cap_status=SOURCE_BLOCKED_SECTOR_UNAVAILABLE; matching_policy=EXACT_CANDIDATE_ID_ONLY_NO_SYMBOL_DATE_PRICE_TIME_FALLBACK
T601-3,decision-9f5e8c4af6104fee,decision-9f5e8c4af6104fee,MSFT,2026-06-01T19:35:50.461629Z,0.563636,0.0,0.0,1.0,1.0,0.463636,REJECTED,ENTRY_OR_SOURCE_BLOCKED_BY_FUNNEL,ENTRY_OR_SOURCE_BLOCKED_BY_FUNNEL,,SOURCE_BLOCKED_SECTOR_UNAVAILABLE,SOURCE_BLOCKED_NO_LIQUIDITY_FIELD,390,4593.2778,0.25,0.5,INELIGIBLE_UNKNOWN,STRATEGY_FILTER_NOT_MET NO_ENTRY,0,0,,,2026-06-01T19:35:48.835500Z:MSFT,0,REJECTED: ENTRY_OR_SOURCE_BLOCKED_BY_FUNNEL; source=ENTRY_OR_SOURCE_BLOCKED_BY_FUNNEL; rank_score=0.563636; liquidity_score=0.000000; diversification_score=0.000000; cooldown_score=1.000000; existing_position_penalty=1.000000; sector_cap_status=SOURCE_BLOCKED_SECTOR_UNAVAILABLE; matching_policy=EXACT_CANDIDATE_ID_ONLY_NO_SYMBOL_DATE_PRICE_TIME_FALLBACK
T601-3,decision-c6468b46c97e4262,decision-c6468b46c97e4262,MSFT,2026-06-01T19:41:00.439738Z,0.563636,0.0,0.0,1.0,1.0,0.463636,REJECTED,ENTRY_OR_SOURCE_BLOCKED_BY_FUNNEL,ENTRY_OR_SOURCE_BLOCKED_BY_FUNNEL,,SOURCE_BLOCKED_SECTOR_UNAVAILABLE,SOURCE_BLOCKED_NO_LIQUIDITY_FIELD,390,4598.4441,0.25,0.5,INELIGIBLE_UNKNOWN,STRATEGY_FILTER_NOT_MET NO_ENTRY,0,0,,,2026-06-01T19:40:58.903513Z:MSFT,0,REJECTED: ENTRY_OR_SOURCE_BLOCKED_BY_FUNNEL; source=ENTRY_OR_SOURCE_BLOCKED_BY_FUNNEL; rank_score=0.563636; liquidity_score=0.000000; diversification_score=0.000000; cooldown_score=1.000000; existing_position_penalty=1.000000; sector_cap_status=SOURCE_BLOCKED_SECTOR_UNAVAILABLE; matching_policy=EXACT_CANDIDATE_ID_ONLY_NO_SYMBOL_DATE_PRICE_TIME_FALLBACK
T601-3,decision-534758dc957f40a7,decision-534758dc957f40a7,MSFT,2026-06-01T19:46:10.418875Z,0.563636,0.0,0.0,1.0,1.0,0.463636,REJECTED,ENTRY_OR_SOURCE_BLOCKED_BY_FUNNEL,ENTRY_OR_SOURCE_BLOCKED_BY_FUNNEL,,SOURCE_BLOCKED_SECTOR_UNAVAILABLE,SOURCE_BLOCKED_NO_LIQUIDITY_FIELD,390,4603.6104,0.25,0.5,INELIGIBLE_UNKNOWN,STRATEGY_FILTER_NOT_MET NO_ENTRY,0,0,,,2026-06-01T19:46:08.937044Z:MSFT,0,REJECTED: ENTRY_OR_SOURCE_BLOCKED_BY_FUNNEL; source=ENTRY_OR_SOURCE_BLOCKED_BY_FUNNEL; rank_score=0.563636; liquidity_score=0.000000; diversification_score=0.000000; cooldown_score=1.000000; existing_position_penalty=1.000000; sector_cap_status=SOURCE_BLOCKED_SECTOR_UNAVAILABLE; matching_policy=EXACT_CANDIDATE_ID_ONLY_NO_SYMBOL_DATE_PRICE_TIME_FALLBACK
T601-3,decision-1f290629649f4cd4,decision-1f290629649f4cd4,MSFT,2026-06-02T12:39:44.441851Z,0.563636,0.0,0.0,1.0,1.0,0.463636,REJECTED,ENTRY_OR_SOURCE_BLOCKED_BY_FUNNEL,ENTRY_OR_SOURCE_BLOCKED_BY_FUNNEL,,SOURCE_BLOCKED_SECTOR_UNAVAILABLE,SOURCE_BLOCKED_NO_LIQUIDITY_FIELD,390,5617.1775,0.25,0.5,INELIGIBLE_UNKNOWN,STRATEGY_FILTER_NOT_MET NO_ENTRY,0,0,,,2026-06-01T19:46:08.937044Z:MSFT,0,REJECTED: ENTRY_OR_SOURCE_BLOCKED_BY_FUNNEL; source=ENTRY_OR_SOURCE_BLOCKED_BY_FUNNEL; rank_score=0.563636; liquidity_score=0.000000; diversification_score=0.000000; cooldown_score=1.000000; existing_position_penalty=1.000000; sector_cap_status=SOURCE_BLOCKED_SECTOR_UNAVAILABLE; matching_policy=EXACT_CANDIDATE_ID_ONLY_NO_SYMBOL_DATE_PRICE_TIME_FALLBACK
T601-3,decision-2b599dc07d494387,decision-2b599dc07d494387,GOOGL,2026-06-02T12:49:40.016974Z,0.325,0.0,1.0,1.0,0.0,0.675,REJECTED,PORTFOLIO_FULL,PORTFOLIO_RECONSIDERATION_FROM_SKIP_REASON,,SOURCE_BLOCKED_SECTOR_UNAVAILABLE,SOURCE_BLOCKED_NO_LIQUIDITY_FIELD,390,,0.25,0.5,INELIGIBLE_UNKNOWN,NOT_SELECTED_FOR_PORTFOLIO NOT_SELECTED_BY_PORTFOLIO,0,0,,,2026-06-02T12:49:18.662770Z:GOOGL,0,REJECTED: PORTFOLIO_FULL; source=PORTFOLIO_RECONSIDERATION_FROM_SKIP_REASON; rank_score=0.325000; liquidity_score=0.000000; diversification_score=1.000000; cooldown_score=1.000000; existing_position_penalty=0.000000; sector_cap_status=SOURCE_BLOCKED_SECTOR_UNAVAILABLE; matching_policy=EXACT_CANDIDATE_ID_ONLY_NO_SYMBOL_DATE_PRICE_TIME_FALLBACK
T601-3,decision-3485738c0b4d415e,decision-3485738c0b4d415e,AMD,2026-06-02T12:52:58.169002Z,0.5,0.0,0.0,1.0,1.0,0.4,REJECTED,ENTRY_OR_SOURCE_BLOCKED_BY_FUNNEL,ENTRY_OR_SOURCE_BLOCKED_BY_FUNNEL,,SOURCE_BLOCKED_SECTOR_UNAVAILABLE,SOURCE_BLOCKED_NO_LIQUIDITY_FIELD,390,16971.1225,0.25,0.5,INELIGIBLE_UNKNOWN,STRATEGY_FILTER_NOT_MET NO_ENTRY,0,0,,,2026-06-02T12:52:49.681556Z:AMD,0,REJECTED: ENTRY_OR_SOURCE_BLOCKED_BY_FUNNEL; source=ENTRY_OR_SOURCE_BLOCKED_BY_FUNNEL; rank_score=0.500000; liquidity_score=0.000000; diversification_score=0.000000; cooldown_score=1.000000; existing_position_penalty=1.000000; sector_cap_status=SOURCE_BLOCKED_SECTOR_UNAVAILABLE; matching_policy=EXACT_CANDIDATE_ID_ONLY_NO_SYMBOL_DATE_PRICE_TIME_FALLBACK
T601-3,decision-27389bf76cae4dff,decision-27389bf76cae4dff,AMD,2026-06-02T13:04:13.076058Z,0.5,0.0,0.0,1.0,1.0,0.4,REJECTED,ENTRY_OR_SOURCE_BLOCKED_BY_FUNNEL,ENTRY_OR_SOURCE_BLOCKED_BY_FUNNEL,,SOURCE_BLOCKED_SECTOR_UNAVAILABLE,SOURCE_BLOCKED_NO_LIQUIDITY_FIELD,390,16982.3709,0.25,0.5,INELIGIBLE_UNKNOWN,STRATEGY_FILTER_NOT_MET NO_ENTRY,0,0,,,2026-06-02T13:04:00.851670Z:AMD,0,REJECTED: ENTRY_OR_SOURCE_BLOCKED_BY_FUNNEL; source=ENTRY_OR_SOURCE_BLOCKED_BY_FUNNEL; rank_score=0.500000; liquidity_score=0.000000; diversification_score=0.000000; cooldown_score=1.000000; existing_position_penalty=1.000000; sector_cap_status=SOURCE_BLOCKED_SECTOR_UNAVAILABLE; matching_policy=EXACT_CANDIDATE_ID_ONLY_NO_SYMBOL_DATE_PRICE_TIME_FALLBACK
T601-3,decision-1783bceb818f428c,decision-1783bceb818f428c,NVDA,2026-06-02T13:35:31.766993Z,0.4375,0.0,0.0,1.0,1.0,0.3375,REJECTED,PORTFOLIO_FULL,PORTFOLIO_RECONSIDERATION_FROM_SKIP_REASON,,SOURCE_BLOCKED_SECTOR_UNAVAILABLE,SOURCE_BLOCKED_NO_LIQUIDITY_FIELD,390,9993.2245,0.25,0.5,INELIGIBLE_UNKNOWN,NOT_SELECTED_FOR_PORTFOLIO NOT_SELECTED_BY_PORTFOLIO,0,0,,,2026-06-02T13:35:20.341672Z:NVDA,0,REJECTED: PORTFOLIO_FULL; source=PORTFOLIO_RECONSIDERATION_FROM_SKIP_REASON; rank_score=0.437500; liquidity_score=0.000000; diversification_score=0.000000; cooldown_score=1.000000; existing_position_penalty=1.000000; sector_cap_status=SOURCE_BLOCKED_SECTOR_UNAVAILABLE; matching_policy=EXACT_CANDIDATE_ID_ONLY_NO_SYMBOL_DATE_PRICE_TIME_FALLBACK
T601-3,decision-ae441b2bf9b84e94,decision-ae441b2bf9b84e94,AMD,2026-06-02T13:36:44.441372Z,0.5,0.0,0.0,1.0,1.0,0.4,REJECTED,ENTRY_OR_SOURCE_BLOCKED_BY_FUNNEL,ENTRY_OR_SOURCE_BLOCKED_BY_FUNNEL,,SOURCE_BLOCKED_SECTOR_UNAVAILABLE,SOURCE_BLOCKED_NO_LIQUIDITY_FIELD,390,17014.8937,0.25,0.5,INELIGIBLE_UNKNOWN,STRATEGY_FILTER_NOT_MET NO_ENTRY,0,0,,,2026-06-02T13:36:33.981242Z:AMD,0,REJECTED: ENTRY_OR_SOURCE_BLOCKED_BY_FUNNEL; source=ENTRY_OR_SOURCE_BLOCKED_BY_FUNNEL; rank_score=0.500000; liquidity_score=0.000000; diversification_score=0.000000; cooldown_score=1.000000; existing_position_penalty=1.000000; sector_cap_status=SOURCE_BLOCKED_SECTOR_UNAVAILABLE; matching_policy=EXACT_CANDIDATE_ID_ONLY_NO_SYMBOL_DATE_PRICE_TIME_FALLBACK
T601-3,decision-f231522436fa4cfe,decision-f231522436fa4cfe,AMD,2026-06-02T13:40:52.170368Z,0.5,0.0,0.0,1.0,1.0,0.4,REJECTED,ENTRY_OR_SOURCE_BLOCKED_BY_FUNNEL,ENTRY_OR_SOURCE_BLOCKED_BY_FUNNEL,,SOURCE_BLOCKED_SECTOR_UNAVAILABLE,SOURCE_BLOCKED_NO_LIQUIDITY_FIELD,390,17019.0225,0.25,0.5,INELIGIBLE_UNKNOWN,STRATEGY_FILTER_NOT_MET NO_ENTRY,0,0,,,2026-06-02T13:40:41.239728Z:AMD,0,REJECTED: ENTRY_OR_SOURCE_BLOCKED_BY_FUNNEL; source=ENTRY_OR_SOURCE_BLOCKED_BY_FUNNEL; rank_score=0.500000; liquidity_score=0.000000; diversification_score=0.000000; cooldown_score=1.000000; existing_position_penalty=1.000000; sector_cap_status=SOURCE_BLOCKED_SECTOR_UNAVAILABLE; matching_policy=EXACT_CANDIDATE_ID_ONLY_NO_SYMBOL_DATE_PRICE_TIME_FALLBACK
T601-3,decision-efaf6fcf26fd46ac,decision-efaf6fcf26fd46ac,AMD,2026-06-02T13:42:04.550391Z,0.5,0.0,0.0,1.0,1.0,0.4,REJECTED,ENTRY_OR_SOURCE_BLOCKED_BY_FUNNEL,ENTRY_OR_SOURCE_BLOCKED_BY_FUNNEL,,SOURCE_BLOCKED_SECTOR_UNAVAILABLE,SOURCE_BLOCKED_NO_LIQUIDITY_FIELD,390,17020.2288,0.25,0.5,INELIGIBLE_UNKNOWN,STRATEGY_FILTER_NOT_MET NO_ENTRY,0,0,,,2026-06-02T13:41:54.083045Z:AMD,0,REJECTED: ENTRY_OR_SOURCE_BLOCKED_BY_FUNNEL; source=ENTRY_OR_SOURCE_BLOCKED_BY_FUNNEL; rank_score=0.500000; liquidity_score=0.000000; diversification_score=0.000000; cooldown_score=1.000000; existing_position_penalty=1.000000; sector_cap_status=SOURCE_BLOCKED_SECTOR_UNAVAILABLE; matching_policy=EXACT_CANDIDATE_ID_ONLY_NO_SYMBOL_DATE_PRICE_TIME_FALLBACK
T601-3,decision-4bc1f6f76bc841a4,decision-4bc1f6f76bc841a4,AMD,2026-06-02T13:46:10.265870Z,0.5,0.0,0.0,1.0,1.0,0.4,REJECTED,ENTRY_OR_SOURCE_BLOCKED_BY_FUNNEL,ENTRY_OR_SOURCE_BLOCKED_BY_FUNNEL,,SOURCE_BLOCKED_SECTOR_UNAVAILABLE,SOURCE_BLOCKED_NO_LIQUIDITY_FIELD,390,17024.3241,0.25,0.5,INELIGIBLE_UNKNOWN,STRATEGY_FILTER_NOT_MET NO_ENTRY,0,0,,,2026-06-02T13:45:59.821356Z:AMD,0,REJECTED: ENTRY_OR_SOURCE_BLOCKED_BY_FUNNEL; source=ENTRY_OR_SOURCE_BLOCKED_BY_FUNNEL; rank_score=0.500000; liquidity_score=0.000000; diversification_score=0.000000; cooldown_score=1.000000; existing_position_penalty=1.000000; sector_cap_status=SOURCE_BLOCKED_SECTOR_UNAVAILABLE; matching_policy=EXACT_CANDIDATE_ID_ONLY_NO_SYMBOL_DATE_PRICE_TIME_FALLBACK
T601-3,decision-98fadd388be74815,decision-98fadd388be74815,AMD,2026-06-02T13:47:26.759759Z,0.5,0.0,0.0,1.0,1.0,0.4,REJECTED,ENTRY_OR_SOURCE_BLOCKED_BY_FUNNEL,ENTRY_OR_SOURCE_BLOCKED_BY_FUNNEL,,SOURCE_BLOCKED_SECTOR_UNAVAILABLE,SOURCE_BLOCKED_NO_LIQUIDITY_FIELD,390,17025.599,0.25,0.5,INELIGIBLE_UNKNOWN,STRATEGY_FILTER_NOT_MET NO_ENTRY,0,0,,,2026-06-02T13:47:16.283184Z:AMD,0,REJECTED: ENTRY_OR_SOURCE_BLOCKED_BY_FUNNEL; source=ENTRY_OR_SOURCE_BLOCKED_BY_FUNNEL; rank_score=0.500000; liquidity_score=0.000000; diversification_score=0.000000; cooldown_score=1.000000; existing_position_penalty=1.000000; sector_cap_status=SOURCE_BLOCKED_SECTOR_UNAVAILABLE; matching_policy=EXACT_CANDIDATE_ID_ONLY_NO_SYMBOL_DATE_PRICE_TIME_FALLBACK
T601-3,decision-adce0a9fd3b54dd4,decision-adce0a9fd3b54dd4,AMD,2026-06-02T13:51:42.092398Z,0.5,0.0,0.0,1.0,1.0,0.4,REJECTED,ENTRY_OR_SOURCE_BLOCKED_BY_FUNNEL,ENTRY_OR_SOURCE_BLOCKED_BY_FUNNEL,,SOURCE_BLOCKED_SECTOR_UNAVAILABLE,SOURCE_BLOCKED_NO_LIQUIDITY_FIELD,390,17029.8545,0.25,0.5,INELIGIBLE_UNKNOWN,STRATEGY_FILTER_NOT_MET NO_ENTRY,0,0,,,2026-06-02T13:51:20.604848Z:AMD,0,REJECTED: ENTRY_OR_SOURCE_BLOCKED_BY_FUNNEL; source=ENTRY_OR_SOURCE_BLOCKED_BY_FUNNEL; rank_score=0.500000; liquidity_score=0.000000; diversification_score=0.000000; cooldown_score=1.000000; existing_position_penalty=1.000000; sector_cap_status=SOURCE_BLOCKED_SECTOR_UNAVAILABLE; matching_policy=EXACT_CANDIDATE_ID_ONLY_NO_SYMBOL_DATE_PRICE_TIME_FALLBACK
T601-3,decision-5559ecb0d4ac4cf1,decision-5559ecb0d4ac4cf1,AMD,2026-06-02T13:52:45.927539Z,0.5,0.0,0.0,1.0,1.0,0.4,REJECTED,ENTRY_OR_SOURCE_BLOCKED_BY_FUNNEL,ENTRY_OR_SOURCE_BLOCKED_BY_FUNNEL,,SOURCE_BLOCKED_SECTOR_UNAVAILABLE,SOURCE_BLOCKED_NO_LIQUIDITY_FIELD,390,17030.9184,0.25,0.5,INELIGIBLE_UNKNOWN,STRATEGY_FILTER_NOT_MET NO_ENTRY,0,0,,,2026-06-02T13:52:35.659919Z:AMD,0,REJECTED: ENTRY_OR_SOURCE_BLOCKED_BY_FUNNEL; source=ENTRY_OR_SOURCE_BLOCKED_BY_FUNNEL; rank_score=0.500000; liquidity_score=0.000000; diversification_score=0.000000; cooldown_score=1.000000; existing_position_penalty=1.000000; sector_cap_status=SOURCE_BLOCKED_SECTOR_UNAVAILABLE; matching_policy=EXACT_CANDIDATE_ID_ONLY_NO_SYMBOL_DATE_PRICE_TIME_FALLBACK
T601-3,decision-7f9f6c392c9f41e9,decision-7f9f6c392c9f41e9,AMD,2026-06-02T13:57:07.805862Z,0.5,0.0,0.0,1.0,1.0,0.4,REJECTED,ENTRY_OR_SOURCE_BLOCKED_BY_FUNNEL,ENTRY_OR_SOURCE_BLOCKED_BY_FUNNEL,,SOURCE_BLOCKED_SECTOR_UNAVAILABLE,SOURCE_BLOCKED_NO_LIQUIDITY_FIELD,390,17035.2831,0.25,0.5,INELIGIBLE_UNKNOWN,STRATEGY_FILTER_NOT_MET NO_ENTRY,0,0,,,2026-06-02T13:56:57.250622Z:AMD,0,REJECTED: ENTRY_OR_SOURCE_BLOCKED_BY_FUNNEL; source=ENTRY_OR_SOURCE_BLOCKED_BY_FUNNEL; rank_score=0.500000; liquidity_score=0.000000; diversification_score=0.000000; cooldown_score=1.000000; existing_position_penalty=1.000000; sector_cap_status=SOURCE_BLOCKED_SECTOR_UNAVAILABLE; matching_policy=EXACT_CANDIDATE_ID_ONLY_NO_SYMBOL_DATE_PRICE_TIME_FALLBACK
T601-3,decision-914317cc6ed74704,decision-914317cc6ed74704,AMD,2026-06-02T13:58:04.620940Z,0.5,0.0,0.0,1.0,1.0,0.4,REJECTED,ENTRY_OR_SOURCE_BLOCKED_BY_FUNNEL,ENTRY_OR_SOURCE_BLOCKED_BY_FUNNEL,,SOURCE_BLOCKED_SECTOR_UNAVAILABLE,SOURCE_BLOCKED_NO_LIQUIDITY_FIELD,390,17036.23,0.25,0.5,INELIGIBLE_UNKNOWN,STRATEGY_FILTER_NOT_MET NO_ENTRY,0,0,,,2026-06-02T13:57:54.155511Z:AMD,0,REJECTED: ENTRY_OR_SOURCE_BLOCKED_BY_FUNNEL; source=ENTRY_OR_SOURCE_BLOCKED_BY_FUNNEL; rank_score=0.500000; liquidity_score=0.000000; diversification_score=0.000000; cooldown_score=1.000000; existing_position_penalty=1.000000; sector_cap_status=SOURCE_BLOCKED_SECTOR_UNAVAILABLE; matching_policy=EXACT_CANDIDATE_ID_ONLY_NO_SYMBOL_DATE_PRICE_TIME_FALLBACK
T601-3,decision-4c67cb029109476d,decision-4c67cb029109476d,AMD,2026-06-02T14:02:28.012228Z,0.5,0.0,0.0,1.0,1.0,0.4,REJECTED,ENTRY_OR_SOURCE_BLOCKED_BY_FUNNEL,ENTRY_OR_SOURCE_BLOCKED_BY_FUNNEL,,SOURCE_BLOCKED_SECTOR_UNAVAILABLE,SOURCE_BLOCKED_NO_LIQUIDITY_FIELD,390,17040.6199,0.25,0.5,INELIGIBLE_UNKNOWN,STRATEGY_FILTER_NOT_MET NO_ENTRY,0,0,,,2026-06-02T14:02:17.263193Z:AMD,0,REJECTED: ENTRY_OR_SOURCE_BLOCKED_BY_FUNNEL; source=ENTRY_OR_SOURCE_BLOCKED_BY_FUNNEL; rank_score=0.500000; liquidity_score=0.000000; diversification_score=0.000000; cooldown_score=1.000000; existing_position_penalty=1.000000; sector_cap_status=SOURCE_BLOCKED_SECTOR_UNAVAILABLE; matching_policy=EXACT_CANDIDATE_ID_ONLY_NO_SYMBOL_DATE_PRICE_TIME_FALLBACK
T601-3,decision-ac8f979226274825,decision-ac8f979226274825,AMD,2026-06-02T14:03:23.585779Z,0.5,0.0,0.0,1.0,1.0,0.4,REJECTED,ENTRY_OR_SOURCE_BLOCKED_BY_FUNNEL,ENTRY_OR_SOURCE_BLOCKED_BY_FUNNEL,,SOURCE_BLOCKED_SECTOR_UNAVAILABLE,SOURCE_BLOCKED_NO_LIQUIDITY_FIELD,390,17041.5461,0.25,0.5,INELIGIBLE_UNKNOWN,STRATEGY_FILTER_NOT_MET NO_ENTRY,0,0,,,2026-06-02T14:03:13.119758Z:AMD,0,REJECTED: ENTRY_OR_SOURCE_BLOCKED_BY_FUNNEL; source=ENTRY_OR_SOURCE_BLOCKED_BY_FUNNEL; rank_score=0.500000; liquidity_score=0.000000; diversification_score=0.000000; cooldown_score=1.000000; existing_position_penalty=1.000000; sector_cap_status=SOURCE_BLOCKED_SECTOR_UNAVAILABLE; matching_policy=EXACT_CANDIDATE_ID_ONLY_NO_SYMBOL_DATE_PRICE_TIME_FALLBACK
T601-3,decision-77cc2c47abe344f0,decision-77cc2c47abe344f0,AMD,2026-06-02T14:07:46.553448Z,0.5,0.0,0.0,1.0,1.0,0.4,REJECTED,ENTRY_OR_SOURCE_BLOCKED_BY_FUNNEL,ENTRY_OR_SOURCE_BLOCKED_BY_FUNNEL,,SOURCE_BLOCKED_SECTOR_UNAVAILABLE,SOURCE_BLOCKED_NO_LIQUIDITY_FIELD,390,17045.9289,0.25,0.5,INELIGIBLE_UNKNOWN,STRATEGY_FILTER_NOT_MET NO_ENTRY,0,0,,,2026-06-02T14:07:35.716254Z:AMD,0,REJECTED: ENTRY_OR_SOURCE_BLOCKED_BY_FUNNEL; source=ENTRY_OR_SOURCE_BLOCKED_BY_FUNNEL; rank_score=0.500000; liquidity_score=0.000000; diversification_score=0.000000; cooldown_score=1.000000; existing_position_penalty=1.000000; sector_cap_status=SOURCE_BLOCKED_SECTOR_UNAVAILABLE; matching_policy=EXACT_CANDIDATE_ID_ONLY_NO_SYMBOL_DATE_PRICE_TIME_FALLBACK
T601-3,decision-c7144e4668564a97,decision-c7144e4668564a97,AMD,2026-06-02T14:08:41.635400Z,0.5,0.0,0.0,1.0,1.0,0.4,REJECTED,ENTRY_OR_SOURCE_BLOCKED_BY_FUNNEL,ENTRY_OR_SOURCE_BLOCKED_BY_FUNNEL,,SOURCE_BLOCKED_SECTOR_UNAVAILABLE,SOURCE_BLOCKED_NO_LIQUIDITY_FIELD,390,17046.8469,0.25,0.5,INELIGIBLE_UNKNOWN,STRATEGY_FILTER_NOT_MET NO_ENTRY,0,0,,,2026-06-02T14:08:31.477239Z:AMD,0,REJECTED: ENTRY_OR_SOURCE_BLOCKED_BY_FUNNEL; source=ENTRY_OR_SOURCE_BLOCKED_BY_FUNNEL; rank_score=0.500000; liquidity_score=0.000000; diversification_score=0.000000; cooldown_score=1.000000; existing_position_penalty=1.000000; sector_cap_status=SOURCE_BLOCKED_SECTOR_UNAVAILABLE; matching_policy=EXACT_CANDIDATE_ID_ONLY_NO_SYMBOL_DATE_PRICE_TIME_FALLBACK
T601-3,decision-525bbb99ce1545d3,decision-525bbb99ce1545d3,AMD,2026-06-02T14:13:04.170448Z,0.5,0.0,0.0,1.0,1.0,0.4,REJECTED,ENTRY_OR_SOURCE_BLOCKED_BY_FUNNEL,ENTRY_OR_SOURCE_BLOCKED_BY_FUNNEL,,SOURCE_BLOCKED_SECTOR_UNAVAILABLE,SOURCE_BLOCKED_NO_LIQUIDITY_FIELD,390,17051.2225,0.25,0.5,INELIGIBLE_UNKNOWN,STRATEGY_FILTER_NOT_MET NO_ENTRY,0,0,,,2026-06-02T14:12:53.548494Z:AMD,0,REJECTED: ENTRY_OR_SOURCE_BLOCKED_BY_FUNNEL; source=ENTRY_OR_SOURCE_BLOCKED_BY_FUNNEL; rank_score=0.500000; liquidity_score=0.000000; diversification_score=0.000000; cooldown_score=1.000000; existing_position_penalty=1.000000; sector_cap_status=SOURCE_BLOCKED_SECTOR_UNAVAILABLE; matching_policy=EXACT_CANDIDATE_ID_ONLY_NO_SYMBOL_DATE_PRICE_TIME_FALLBACK
T601-3,decision-e530d0e65e7b4681,decision-e530d0e65e7b4681,AMD,2026-06-02T14:13:59.693243Z,0.5,0.0,0.0,1.0,1.0,0.4,REJECTED,ENTRY_OR_SOURCE_BLOCKED_BY_FUNNEL,ENTRY_OR_SOURCE_BLOCKED_BY_FUNNEL,,SOURCE_BLOCKED_SECTOR_UNAVAILABLE,SOURCE_BLOCKED_NO_LIQUIDITY_FIELD,390,17052.1479,0.25,0.5,INELIGIBLE_UNKNOWN,STRATEGY_FILTER_NOT_MET NO_ENTRY,0,0,,,2026-06-02T14:13:49.497531Z:AMD,0,REJECTED: ENTRY_OR_SOURCE_BLOCKED_BY_FUNNEL; source=ENTRY_OR_SOURCE_BLOCKED_BY_FUNNEL; rank_score=0.500000; liquidity_score=0.000000; diversification_score=0.000000; cooldown_score=1.000000; existing_position_penalty=1.000000; sector_cap_status=SOURCE_BLOCKED_SECTOR_UNAVAILABLE; matching_policy=EXACT_CANDIDATE_ID_ONLY_NO_SYMBOL_DATE_PRICE_TIME_FALLBACK
T601-3,decision-97d7a44d31614529,decision-97d7a44d31614529,AMD,2026-06-02T14:18:22.671848Z,0.5,0.0,0.0,1.0,1.0,0.4,REJECTED,ENTRY_OR_SOURCE_BLOCKED_BY_FUNNEL,ENTRY_OR_SOURCE_BLOCKED_BY_FUNNEL,,SOURCE_BLOCKED_SECTOR_UNAVAILABLE,SOURCE_BLOCKED_NO_LIQUIDITY_FIELD,390,17056.5308,0.25,0.5,INELIGIBLE_UNKNOWN,STRATEGY_FILTER_NOT_MET NO_ENTRY,0,0,,,2026-06-02T14:18:11.236265Z:AMD,0,REJECTED: ENTRY_OR_SOURCE_BLOCKED_BY_FUNNEL; source=ENTRY_OR_SOURCE_BLOCKED_BY_FUNNEL; rank_score=0.500000; liquidity_score=0.000000; diversification_score=0.000000; cooldown_score=1.000000; existing_position_penalty=1.000000; sector_cap_status=SOURCE_BLOCKED_SECTOR_UNAVAILABLE; matching_policy=EXACT_CANDIDATE_ID_ONLY_NO_SYMBOL_DATE_PRICE_TIME_FALLBACK
T601-3,decision-d51c35b5c5584137,decision-d51c35b5c5584137,AMD,2026-06-02T14:19:17.798643Z,0.5,0.0,0.0,1.0,1.0,0.4,REJECTED,ENTRY_OR_SOURCE_BLOCKED_BY_FUNNEL,ENTRY_OR_SOURCE_BLOCKED_BY_FUNNEL,,SOURCE_BLOCKED_SECTOR_UNAVAILABLE,SOURCE_BLOCKED_NO_LIQUIDITY_FIELD,390,17057.4496,0.25,0.5,INELIGIBLE_UNKNOWN,STRATEGY_FILTER_NOT_MET NO_ENTRY,0,0,,,2026-06-02T14:19:07.767716Z:AMD,0,REJECTED: ENTRY_OR_SOURCE_BLOCKED_BY_FUNNEL; source=ENTRY_OR_SOURCE_BLOCKED_BY_FUNNEL; rank_score=0.500000; liquidity_score=0.000000; diversification_score=0.000000; cooldown_score=1.000000; existing_position_penalty=1.000000; sector_cap_status=SOURCE_BLOCKED_SECTOR_UNAVAILABLE; matching_policy=EXACT_CANDIDATE_ID_ONLY_NO_SYMBOL_DATE_PRICE_TIME_FALLBACK
T601-3,decision-07be07e9990c438b,decision-07be07e9990c438b,AMD,2026-06-02T14:23:41.000050Z,0.5,0.0,0.0,1.0,1.0,0.4,REJECTED,ENTRY_OR_SOURCE_BLOCKED_BY_FUNNEL,ENTRY_OR_SOURCE_BLOCKED_BY_FUNNEL,,SOURCE_BLOCKED_SECTOR_UNAVAILABLE,SOURCE_BLOCKED_NO_LIQUIDITY_FIELD,390,17061.8363,0.25,0.5,INELIGIBLE_UNKNOWN,STRATEGY_FILTER_NOT_MET NO_ENTRY,0,0,,,2026-06-02T14:23:30.316611Z:AMD,0,REJECTED: ENTRY_OR_SOURCE_BLOCKED_BY_FUNNEL; source=ENTRY_OR_SOURCE_BLOCKED_BY_FUNNEL; rank_score=0.500000; liquidity_score=0.000000; diversification_score=0.000000; cooldown_score=1.000000; existing_position_penalty=1.000000; sector_cap_status=SOURCE_BLOCKED_SECTOR_UNAVAILABLE; matching_policy=EXACT_CANDIDATE_ID_ONLY_NO_SYMBOL_DATE_PRICE_TIME_FALLBACK
T601-3,decision-4bf9eff5bbbd417f,decision-4bf9eff5bbbd417f,AMD,2026-06-02T14:24:36.291881Z,0.5,0.0,0.0,1.0,1.0,0.4,REJECTED,ENTRY_OR_SOURCE_BLOCKED_BY_FUNNEL,ENTRY_OR_SOURCE_BLOCKED_BY_FUNNEL,,SOURCE_BLOCKED_SECTOR_UNAVAILABLE,SOURCE_BLOCKED_NO_LIQUIDITY_FIELD,390,17062.7578,0.25,0.5,INELIGIBLE_UNKNOWN,STRATEGY_FILTER_NOT_MET NO_ENTRY,0,0,,,2026-06-02T14:24:26.083201Z:AMD,0,REJECTED: ENTRY_OR_SOURCE_BLOCKED_BY_FUNNEL; source=ENTRY_OR_SOURCE_BLOCKED_BY_FUNNEL; rank_score=0.500000; liquidity_score=0.000000; diversification_score=0.000000; cooldown_score=1.000000; existing_position_penalty=1.000000; sector_cap_status=SOURCE_BLOCKED_SECTOR_UNAVAILABLE; matching_policy=EXACT_CANDIDATE_ID_ONLY_NO_SYMBOL_DATE_PRICE_TIME_FALLBACK
T601-3,decision-a09ec933215b457a,decision-a09ec933215b457a,AMD,2026-06-02T14:28:58.825701Z,0.5,0.0,0.0,1.0,1.0,0.4,REJECTED,ENTRY_OR_SOURCE_BLOCKED_BY_FUNNEL,ENTRY_OR_SOURCE_BLOCKED_BY_FUNNEL,,SOURCE_BLOCKED_SECTOR_UNAVAILABLE,SOURCE_BLOCKED_NO_LIQUIDITY_FIELD,390,17067.1334,0.25,0.5,INELIGIBLE_UNKNOWN,STRATEGY_FILTER_NOT_MET NO_ENTRY,0,0,,,2026-06-02T14:28:48.381863Z:AMD,0,REJECTED: ENTRY_OR_SOURCE_BLOCKED_BY_FUNNEL; source=ENTRY_OR_SOURCE_BLOCKED_BY_FUNNEL; rank_score=0.500000; liquidity_score=0.000000; diversification_score=0.000000; cooldown_score=1.000000; existing_position_penalty=1.000000; sector_cap_status=SOURCE_BLOCKED_SECTOR_UNAVAILABLE; matching_policy=EXACT_CANDIDATE_ID_ONLY_NO_SYMBOL_DATE_PRICE_TIME_FALLBACK
T601-3,decision-c6757158d94c4a4c,decision-c6757158d94c4a4c,AMD,2026-06-02T14:29:54.595582Z,0.5,0.0,0.0,1.0,1.0,0.4,REJECTED,ENTRY_OR_SOURCE_BLOCKED_BY_FUNNEL,ENTRY_OR_SOURCE_BLOCKED_BY_FUNNEL,,SOURCE_BLOCKED_SECTOR_UNAVAILABLE,SOURCE_BLOCKED_NO_LIQUIDITY_FIELD,390,17068.0629,0.25,0.5,INELIGIBLE_UNKNOWN,STRATEGY_FILTER_NOT_MET NO_ENTRY,0,0,,,2026-06-02T14:29:44.249538Z:AMD,0,REJECTED: ENTRY_OR_SOURCE_BLOCKED_BY_FUNNEL; source=ENTRY_OR_SOURCE_BLOCKED_BY_FUNNEL; rank_score=0.500000; liquidity_score=0.000000; diversification_score=0.000000; cooldown_score=1.000000; existing_position_penalty=1.000000; sector_cap_status=SOURCE_BLOCKED_SECTOR_UNAVAILABLE; matching_policy=EXACT_CANDIDATE_ID_ONLY_NO_SYMBOL_DATE_PRICE_TIME_FALLBACK
T601-3,decision-3e42cbe0ae4448e0,decision-3e42cbe0ae4448e0,AMD,2026-06-02T14:34:16.583159Z,0.5,0.0,0.0,1.0,1.0,0.4,REJECTED,ENTRY_OR_SOURCE_BLOCKED_BY_FUNNEL,ENTRY_OR_SOURCE_BLOCKED_BY_FUNNEL,,SOURCE_BLOCKED_SECTOR_UNAVAILABLE,SOURCE_BLOCKED_NO_LIQUIDITY_FIELD,390,17072.4294,0.25,0.5,INELIGIBLE_UNKNOWN,STRATEGY_FILTER_NOT_MET NO_ENTRY,0,0,,,2026-06-02T14:34:05.772882Z:AMD,0,REJECTED: ENTRY_OR_SOURCE_BLOCKED_BY_FUNNEL; source=ENTRY_OR_SOURCE_BLOCKED_BY_FUNNEL; rank_score=0.500000; liquidity_score=0.000000; diversification_score=0.000000; cooldown_score=1.000000; existing_position_penalty=1.000000; sector_cap_status=SOURCE_BLOCKED_SECTOR_UNAVAILABLE; matching_policy=EXACT_CANDIDATE_ID_ONLY_NO_SYMBOL_DATE_PRICE_TIME_FALLBACK
T601-3,decision-6460fac244f74edd,decision-6460fac244f74edd,AMD,2026-06-02T14:35:12.943440Z,0.5,0.0,0.0,1.0,1.0,0.4,REJECTED,ENTRY_OR_SOURCE_BLOCKED_BY_FUNNEL,ENTRY_OR_SOURCE_BLOCKED_BY_FUNNEL,,SOURCE_BLOCKED_SECTOR_UNAVAILABLE,SOURCE_BLOCKED_NO_LIQUIDITY_FIELD,390,17073.3687,0.25,0.5,INELIGIBLE_UNKNOWN,STRATEGY_FILTER_NOT_MET NO_ENTRY,0,0,,,2026-06-02T14:35:02.624907Z:AMD,0,REJECTED: ENTRY_OR_SOURCE_BLOCKED_BY_FUNNEL; source=ENTRY_OR_SOURCE_BLOCKED_BY_FUNNEL; rank_score=0.500000; liquidity_score=0.000000; diversification_score=0.000000; cooldown_score=1.000000; existing_position_penalty=1.000000; sector_cap_status=SOURCE_BLOCKED_SECTOR_UNAVAILABLE; matching_policy=EXACT_CANDIDATE_ID_ONLY_NO_SYMBOL_DATE_PRICE_TIME_FALLBACK
T601-3,decision-fa2b3eebcdfe4681,decision-fa2b3eebcdfe4681,AMD,2026-06-02T14:39:35.497070Z,0.5,0.0,0.0,1.0,1.0,0.4,REJECTED,ENTRY_OR_SOURCE_BLOCKED_BY_FUNNEL,ENTRY_OR_SOURCE_BLOCKED_BY_FUNNEL,,SOURCE_BLOCKED_SECTOR_UNAVAILABLE,SOURCE_BLOCKED_NO_LIQUIDITY_FIELD,390,17077.7446,0.25,0.5,INELIGIBLE_UNKNOWN,STRATEGY_FILTER_NOT_MET NO_ENTRY,0,0,,,2026-06-02T14:39:25.034214Z:AMD,0,REJECTED: ENTRY_OR_SOURCE_BLOCKED_BY_FUNNEL; source=ENTRY_OR_SOURCE_BLOCKED_BY_FUNNEL; rank_score=0.500000; liquidity_score=0.000000; diversification_score=0.000000; cooldown_score=1.000000; existing_position_penalty=1.000000; sector_cap_status=SOURCE_BLOCKED_SECTOR_UNAVAILABLE; matching_policy=EXACT_CANDIDATE_ID_ONLY_NO_SYMBOL_DATE_PRICE_TIME_FALLBACK
T601-3,decision-b01e229e8c004455,decision-b01e229e8c004455,AMD,2026-06-02T14:40:33.059681Z,0.5,0.0,0.0,1.0,1.0,0.4,REJECTED,ENTRY_OR_SOURCE_BLOCKED_BY_FUNNEL,ENTRY_OR_SOURCE_BLOCKED_BY_FUNNEL,,SOURCE_BLOCKED_SECTOR_UNAVAILABLE,SOURCE_BLOCKED_NO_LIQUIDITY_FIELD,390,17078.704,0.25,0.5,INELIGIBLE_UNKNOWN,STRATEGY_FILTER_NOT_MET NO_ENTRY,0,0,,,2026-06-02T14:40:22.574881Z:AMD,0,REJECTED: ENTRY_OR_SOURCE_BLOCKED_BY_FUNNEL; source=ENTRY_OR_SOURCE_BLOCKED_BY_FUNNEL; rank_score=0.500000; liquidity_score=0.000000; diversification_score=0.000000; cooldown_score=1.000000; existing_position_penalty=1.000000; sector_cap_status=SOURCE_BLOCKED_SECTOR_UNAVAILABLE; matching_policy=EXACT_CANDIDATE_ID_ONLY_NO_SYMBOL_DATE_PRICE_TIME_FALLBACK
T601-3,decision-455a02703c424c83,decision-455a02703c424c83,AMD,2026-06-02T14:44:53.479590Z,0.5,0.0,0.0,1.0,1.0,0.4,REJECTED,ENTRY_OR_SOURCE_BLOCKED_BY_FUNNEL,ENTRY_OR_SOURCE_BLOCKED_BY_FUNNEL,,SOURCE_BLOCKED_SECTOR_UNAVAILABLE,SOURCE_BLOCKED_NO_LIQUIDITY_FIELD,390,17083.0443,0.25,0.5,INELIGIBLE_UNKNOWN,STRATEGY_FILTER_NOT_MET NO_ENTRY,0,0,,,2026-06-02T14:44:42.449092Z:AMD,0,REJECTED: ENTRY_OR_SOURCE_BLOCKED_BY_FUNNEL; source=ENTRY_OR_SOURCE_BLOCKED_BY_FUNNEL; rank_score=0.500000; liquidity_score=0.000000; diversification_score=0.000000; cooldown_score=1.000000; existing_position_penalty=1.000000; sector_cap_status=SOURCE_BLOCKED_SECTOR_UNAVAILABLE; matching_policy=EXACT_CANDIDATE_ID_ONLY_NO_SYMBOL_DATE_PRICE_TIME_FALLBACK
T601-3,decision-97457c0dfbb04b0a,decision-97457c0dfbb04b0a,AMD,2026-06-02T14:45:52.163455Z,0.5,0.0,0.0,1.0,1.0,0.4,REJECTED,ENTRY_OR_SOURCE_BLOCKED_BY_FUNNEL,ENTRY_OR_SOURCE_BLOCKED_BY_FUNNEL,,SOURCE_BLOCKED_SECTOR_UNAVAILABLE,SOURCE_BLOCKED_NO_LIQUIDITY_FIELD,390,17084.0224,0.25,0.5,INELIGIBLE_UNKNOWN,STRATEGY_FILTER_NOT_MET NO_ENTRY,0,0,,,2026-06-02T14:45:40.880903Z:AMD,0,REJECTED: ENTRY_OR_SOURCE_BLOCKED_BY_FUNNEL; source=ENTRY_OR_SOURCE_BLOCKED_BY_FUNNEL; rank_score=0.500000; liquidity_score=0.000000; diversification_score=0.000000; cooldown_score=1.000000; existing_position_penalty=1.000000; sector_cap_status=SOURCE_BLOCKED_SECTOR_UNAVAILABLE; matching_policy=EXACT_CANDIDATE_ID_ONLY_NO_SYMBOL_DATE_PRICE_TIME_FALLBACK
T601-3,decision-15128a6b035c4d59,decision-15128a6b035c4d59,AMD,2026-06-02T14:50:11.281420Z,0.5,0.0,0.0,1.0,1.0,0.4,REJECTED,ENTRY_OR_SOURCE_BLOCKED_BY_FUNNEL,ENTRY_OR_SOURCE_BLOCKED_BY_FUNNEL,,SOURCE_BLOCKED_SECTOR_UNAVAILABLE,SOURCE_BLOCKED_NO_LIQUIDITY_FIELD,390,17088.341,0.25,0.5,INELIGIBLE_UNKNOWN,STRATEGY_FILTER_NOT_MET NO_ENTRY,0,0,,,2026-06-02T14:50:00.488348Z:AMD,0,REJECTED: ENTRY_OR_SOURCE_BLOCKED_BY_FUNNEL; source=ENTRY_OR_SOURCE_BLOCKED_BY_FUNNEL; rank_score=0.500000; liquidity_score=0.000000; diversification_score=0.000000; cooldown_score=1.000000; existing_position_penalty=1.000000; sector_cap_status=SOURCE_BLOCKED_SECTOR_UNAVAILABLE; matching_policy=EXACT_CANDIDATE_ID_ONLY_NO_SYMBOL_DATE_PRICE_TIME_FALLBACK
T601-3,decision-3fc38baf84804e88,decision-3fc38baf84804e88,AMD,2026-06-02T14:51:10.803579Z,0.5,0.0,0.0,1.0,1.0,0.4,REJECTED,ENTRY_OR_SOURCE_BLOCKED_BY_FUNNEL,ENTRY_OR_SOURCE_BLOCKED_BY_FUNNEL,,SOURCE_BLOCKED_SECTOR_UNAVAILABLE,SOURCE_BLOCKED_NO_LIQUIDITY_FIELD,390,17089.333,0.25,0.5,INELIGIBLE_UNKNOWN,STRATEGY_FILTER_NOT_MET NO_ENTRY,0,0,,,2026-06-02T14:51:00.463233Z:AMD,0,REJECTED: ENTRY_OR_SOURCE_BLOCKED_BY_FUNNEL; source=ENTRY_OR_SOURCE_BLOCKED_BY_FUNNEL; rank_score=0.500000; liquidity_score=0.000000; diversification_score=0.000000; cooldown_score=1.000000; existing_position_penalty=1.000000; sector_cap_status=SOURCE_BLOCKED_SECTOR_UNAVAILABLE; matching_policy=EXACT_CANDIDATE_ID_ONLY_NO_SYMBOL_DATE_PRICE_TIME_FALLBACK
T601-3,decision-641942f618f047ad,decision-641942f618f047ad,AMD,2026-06-02T14:55:29.613909Z,0.5,0.0,0.0,1.0,1.0,0.4,REJECTED,ENTRY_OR_SOURCE_BLOCKED_BY_FUNNEL,ENTRY_OR_SOURCE_BLOCKED_BY_FUNNEL,,SOURCE_BLOCKED_SECTOR_UNAVAILABLE,SOURCE_BLOCKED_NO_LIQUIDITY_FIELD,390,17093.6465,0.25,0.5,INELIGIBLE_UNKNOWN,STRATEGY_FILTER_NOT_MET NO_ENTRY,0,0,,,2026-06-02T14:55:19.129552Z:AMD,0,REJECTED: ENTRY_OR_SOURCE_BLOCKED_BY_FUNNEL; source=ENTRY_OR_SOURCE_BLOCKED_BY_FUNNEL; rank_score=0.500000; liquidity_score=0.000000; diversification_score=0.000000; cooldown_score=1.000000; existing_position_penalty=1.000000; sector_cap_status=SOURCE_BLOCKED_SECTOR_UNAVAILABLE; matching_policy=EXACT_CANDIDATE_ID_ONLY_NO_SYMBOL_DATE_PRICE_TIME_FALLBACK
T601-3,decision-cde8201efc484e5b,decision-cde8201efc484e5b,AMD,2026-06-02T14:56:31.377109Z,0.5,0.0,0.0,1.0,1.0,0.4,REJECTED,ENTRY_OR_SOURCE_BLOCKED_BY_FUNNEL,ENTRY_OR_SOURCE_BLOCKED_BY_FUNNEL,,SOURCE_BLOCKED_SECTOR_UNAVAILABLE,SOURCE_BLOCKED_NO_LIQUIDITY_FIELD,390,17094.6759,0.25,0.5,INELIGIBLE_UNKNOWN,STRATEGY_FILTER_NOT_MET NO_ENTRY,0,0,,,2026-06-02T14:56:21.107932Z:AMD,0,REJECTED: ENTRY_OR_SOURCE_BLOCKED_BY_FUNNEL; source=ENTRY_OR_SOURCE_BLOCKED_BY_FUNNEL; rank_score=0.500000; liquidity_score=0.000000; diversification_score=0.000000; cooldown_score=1.000000; existing_position_penalty=1.000000; sector_cap_status=SOURCE_BLOCKED_SECTOR_UNAVAILABLE; matching_policy=EXACT_CANDIDATE_ID_ONLY_NO_SYMBOL_DATE_PRICE_TIME_FALLBACK
T601-3,decision-d523113dfad0409f,decision-d523113dfad0409f,AMD,2026-06-02T15:00:48.079067Z,0.5,0.0,0.0,1.0,1.0,0.4,REJECTED,ENTRY_OR_SOURCE_BLOCKED_BY_FUNNEL,ENTRY_OR_SOURCE_BLOCKED_BY_FUNNEL,,SOURCE_BLOCKED_SECTOR_UNAVAILABLE,SOURCE_BLOCKED_NO_LIQUIDITY_FIELD,390,17098.9543,0.25,0.5,INELIGIBLE_UNKNOWN,STRATEGY_FILTER_NOT_MET NO_ENTRY,0,0,,,2026-06-02T15:00:37.451476Z:AMD,0,REJECTED: ENTRY_OR_SOURCE_BLOCKED_BY_FUNNEL; source=ENTRY_OR_SOURCE_BLOCKED_BY_FUNNEL; rank_score=0.500000; liquidity_score=0.000000; diversification_score=0.000000; cooldown_score=1.000000; existing_position_penalty=1.000000; sector_cap_status=SOURCE_BLOCKED_SECTOR_UNAVAILABLE; matching_policy=EXACT_CANDIDATE_ID_ONLY_NO_SYMBOL_DATE_PRICE_TIME_FALLBACK
T601-3,decision-67084f61c9624b91,decision-67084f61c9624b91,AMD,2026-06-02T15:01:49.507561Z,0.5,0.0,0.0,1.0,1.0,0.4,REJECTED,ENTRY_OR_SOURCE_BLOCKED_BY_FUNNEL,ENTRY_OR_SOURCE_BLOCKED_BY_FUNNEL,,SOURCE_BLOCKED_SECTOR_UNAVAILABLE,SOURCE_BLOCKED_NO_LIQUIDITY_FIELD,390,17099.9781,0.25,0.5,INELIGIBLE_UNKNOWN,STRATEGY_FILTER_NOT_MET NO_ENTRY,0,0,,,2026-06-02T15:01:39.240584Z:AMD,0,REJECTED: ENTRY_OR_SOURCE_BLOCKED_BY_FUNNEL; source=ENTRY_OR_SOURCE_BLOCKED_BY_FUNNEL; rank_score=0.500000; liquidity_score=0.000000; diversification_score=0.000000; cooldown_score=1.000000; existing_position_penalty=1.000000; sector_cap_status=SOURCE_BLOCKED_SECTOR_UNAVAILABLE; matching_policy=EXACT_CANDIDATE_ID_ONLY_NO_SYMBOL_DATE_PRICE_TIME_FALLBACK
T601-3,decision-43cf3d8303bf4c29,decision-43cf3d8303bf4c29,AMD,2026-06-02T15:06:07.169468Z,0.5,0.0,0.0,1.0,1.0,0.4,REJECTED,ENTRY_OR_SOURCE_BLOCKED_BY_FUNNEL,ENTRY_OR_SOURCE_BLOCKED_BY_FUNNEL,,SOURCE_BLOCKED_SECTOR_UNAVAILABLE,SOURCE_BLOCKED_NO_LIQUIDITY_FIELD,390,17104.2725,0.25,0.5,INELIGIBLE_UNKNOWN,STRATEGY_FILTER_NOT_MET NO_ENTRY,0,0,,,2026-06-02T15:05:56.491112Z:AMD,0,REJECTED: ENTRY_OR_SOURCE_BLOCKED_BY_FUNNEL; source=ENTRY_OR_SOURCE_BLOCKED_BY_FUNNEL; rank_score=0.500000; liquidity_score=0.000000; diversification_score=0.000000; cooldown_score=1.000000; existing_position_penalty=1.000000; sector_cap_status=SOURCE_BLOCKED_SECTOR_UNAVAILABLE; matching_policy=EXACT_CANDIDATE_ID_ONLY_NO_SYMBOL_DATE_PRICE_TIME_FALLBACK
T601-3,decision-11c6412c278f48e7,decision-11c6412c278f48e7,AMD,2026-06-02T15:07:08.361064Z,0.5,0.0,0.0,1.0,1.0,0.4,REJECTED,ENTRY_OR_SOURCE_BLOCKED_BY_FUNNEL,ENTRY_OR_SOURCE_BLOCKED_BY_FUNNEL,,SOURCE_BLOCKED_SECTOR_UNAVAILABLE,SOURCE_BLOCKED_NO_LIQUIDITY_FIELD,390,17105.2923,0.25,0.5,INELIGIBLE_UNKNOWN,STRATEGY_FILTER_NOT_MET NO_ENTRY,0,0,,,2026-06-02T15:06:58.123196Z:AMD,0,REJECTED: ENTRY_OR_SOURCE_BLOCKED_BY_FUNNEL; source=ENTRY_OR_SOURCE_BLOCKED_BY_FUNNEL; rank_score=0.500000; liquidity_score=0.000000; diversification_score=0.000000; cooldown_score=1.000000; existing_position_penalty=1.000000; sector_cap_status=SOURCE_BLOCKED_SECTOR_UNAVAILABLE; matching_policy=EXACT_CANDIDATE_ID_ONLY_NO_SYMBOL_DATE_PRICE_TIME_FALLBACK
T601-3,decision-2ce42f58244841b8,decision-2ce42f58244841b8,AMD,2026-06-02T15:11:26.011224Z,0.5,0.0,0.0,1.0,1.0,0.4,REJECTED,ENTRY_OR_SOURCE_BLOCKED_BY_FUNNEL,ENTRY_OR_SOURCE_BLOCKED_BY_FUNNEL,,SOURCE_BLOCKED_SECTOR_UNAVAILABLE,SOURCE_BLOCKED_NO_LIQUIDITY_FIELD,390,17109.5865,0.25,0.5,INELIGIBLE_UNKNOWN,STRATEGY_FILTER_NOT_MET NO_ENTRY,0,0,,,2026-06-02T15:11:15.080988Z:AMD,0,REJECTED: ENTRY_OR_SOURCE_BLOCKED_BY_FUNNEL; source=ENTRY_OR_SOURCE_BLOCKED_BY_FUNNEL; rank_score=0.500000; liquidity_score=0.000000; diversification_score=0.000000; cooldown_score=1.000000; existing_position_penalty=1.000000; sector_cap_status=SOURCE_BLOCKED_SECTOR_UNAVAILABLE; matching_policy=EXACT_CANDIDATE_ID_ONLY_NO_SYMBOL_DATE_PRICE_TIME_FALLBACK
T601-3,decision-efd0dd0da5a64f92,decision-efd0dd0da5a64f92,AMD,2026-06-02T15:12:28.376107Z,0.5,0.0,0.0,1.0,1.0,0.4,REJECTED,ENTRY_OR_SOURCE_BLOCKED_BY_FUNNEL,ENTRY_OR_SOURCE_BLOCKED_BY_FUNNEL,,SOURCE_BLOCKED_SECTOR_UNAVAILABLE,SOURCE_BLOCKED_NO_LIQUIDITY_FIELD,390,17110.6259,0.25,0.5,INELIGIBLE_UNKNOWN,STRATEGY_FILTER_NOT_MET NO_ENTRY,0,0,,,2026-06-02T15:12:17.456698Z:AMD,0,REJECTED: ENTRY_OR_SOURCE_BLOCKED_BY_FUNNEL; source=ENTRY_OR_SOURCE_BLOCKED_BY_FUNNEL; rank_score=0.500000; liquidity_score=0.000000; diversification_score=0.000000; cooldown_score=1.000000; existing_position_penalty=1.000000; sector_cap_status=SOURCE_BLOCKED_SECTOR_UNAVAILABLE; matching_policy=EXACT_CANDIDATE_ID_ONLY_NO_SYMBOL_DATE_PRICE_TIME_FALLBACK
T601-3,decision-f01f9f3a93d940db,decision-f01f9f3a93d940db,AMD,2026-06-02T15:16:45.009125Z,0.5,0.0,0.0,1.0,1.0,0.4,REJECTED,ENTRY_OR_SOURCE_BLOCKED_BY_FUNNEL,ENTRY_OR_SOURCE_BLOCKED_BY_FUNNEL,,SOURCE_BLOCKED_SECTOR_UNAVAILABLE,SOURCE_BLOCKED_NO_LIQUIDITY_FIELD,390,17114.9031,0.25,0.5,INELIGIBLE_UNKNOWN,STRATEGY_FILTER_NOT_MET NO_ENTRY,0,0,,,2026-06-02T15:16:34.446337Z:AMD,0,REJECTED: ENTRY_OR_SOURCE_BLOCKED_BY_FUNNEL; source=ENTRY_OR_SOURCE_BLOCKED_BY_FUNNEL; rank_score=0.500000; liquidity_score=0.000000; diversification_score=0.000000; cooldown_score=1.000000; existing_position_penalty=1.000000; sector_cap_status=SOURCE_BLOCKED_SECTOR_UNAVAILABLE; matching_policy=EXACT_CANDIDATE_ID_ONLY_NO_SYMBOL_DATE_PRICE_TIME_FALLBACK
T601-3,decision-4c9648ac07ba4e69,decision-4c9648ac07ba4e69,AMD,2026-06-02T15:17:47.237902Z,0.5,0.0,0.0,1.0,1.0,0.4,REJECTED,ENTRY_OR_SOURCE_BLOCKED_BY_FUNNEL,ENTRY_OR_SOURCE_BLOCKED_BY_FUNNEL,,SOURCE_BLOCKED_SECTOR_UNAVAILABLE,SOURCE_BLOCKED_NO_LIQUIDITY_FIELD,390,17115.9403,0.25,0.5,INELIGIBLE_UNKNOWN,STRATEGY_FILTER_NOT_MET NO_ENTRY,0,0,,,2026-06-02T15:17:36.883093Z:AMD,0,REJECTED: ENTRY_OR_SOURCE_BLOCKED_BY_FUNNEL; source=ENTRY_OR_SOURCE_BLOCKED_BY_FUNNEL; rank_score=0.500000; liquidity_score=0.000000; diversification_score=0.000000; cooldown_score=1.000000; existing_position_penalty=1.000000; sector_cap_status=SOURCE_BLOCKED_SECTOR_UNAVAILABLE; matching_policy=EXACT_CANDIDATE_ID_ONLY_NO_SYMBOL_DATE_PRICE_TIME_FALLBACK
T601-3,decision-c6f31c489b904777,decision-c6f31c489b904777,AMD,2026-06-02T15:22:02.809852Z,0.5,0.0,0.0,1.0,1.0,0.4,REJECTED,ENTRY_OR_SOURCE_BLOCKED_BY_FUNNEL,ENTRY_OR_SOURCE_BLOCKED_BY_FUNNEL,,SOURCE_BLOCKED_SECTOR_UNAVAILABLE,SOURCE_BLOCKED_NO_LIQUIDITY_FIELD,390,17120.1998,0.25,0.5,INELIGIBLE_UNKNOWN,STRATEGY_FILTER_NOT_MET NO_ENTRY,0,0,,,2026-06-02T15:21:52.375463Z:AMD,0,REJECTED: ENTRY_OR_SOURCE_BLOCKED_BY_FUNNEL; source=ENTRY_OR_SOURCE_BLOCKED_BY_FUNNEL; rank_score=0.500000; liquidity_score=0.000000; diversification_score=0.000000; cooldown_score=1.000000; existing_position_penalty=1.000000; sector_cap_status=SOURCE_BLOCKED_SECTOR_UNAVAILABLE; matching_policy=EXACT_CANDIDATE_ID_ONLY_NO_SYMBOL_DATE_PRICE_TIME_FALLBACK
T601-3,decision-bef56b7bffb94972,decision-bef56b7bffb94972,AMD,2026-06-02T15:23:05.529266Z,0.5,0.0,0.0,1.0,1.0,0.4,REJECTED,ENTRY_OR_SOURCE_BLOCKED_BY_FUNNEL,ENTRY_OR_SOURCE_BLOCKED_BY_FUNNEL,,SOURCE_BLOCKED_SECTOR_UNAVAILABLE,SOURCE_BLOCKED_NO_LIQUIDITY_FIELD,390,17121.2451,0.25,0.5,INELIGIBLE_UNKNOWN,STRATEGY_FILTER_NOT_MET NO_ENTRY,0,0,,,2026-06-02T15:22:55.346618Z:AMD,0,REJECTED: ENTRY_OR_SOURCE_BLOCKED_BY_FUNNEL; source=ENTRY_OR_SOURCE_BLOCKED_BY_FUNNEL; rank_score=0.500000; liquidity_score=0.000000; diversification_score=0.000000; cooldown_score=1.000000; existing_position_penalty=1.000000; sector_cap_status=SOURCE_BLOCKED_SECTOR_UNAVAILABLE; matching_policy=EXACT_CANDIDATE_ID_ONLY_NO_SYMBOL_DATE_PRICE_TIME_FALLBACK
T601-3,decision-f8eea78817974f7a,decision-f8eea78817974f7a,AMD,2026-06-02T15:27:21.524169Z,0.5,0.0,0.0,1.0,1.0,0.4,REJECTED,ENTRY_OR_SOURCE_BLOCKED_BY_FUNNEL,ENTRY_OR_SOURCE_BLOCKED_BY_FUNNEL,,SOURCE_BLOCKED_SECTOR_UNAVAILABLE,SOURCE_BLOCKED_NO_LIQUIDITY_FIELD,390,17125.5117,0.25,0.5,INELIGIBLE_UNKNOWN,STRATEGY_FILTER_NOT_MET NO_ENTRY,0,0,,,2026-06-02T15:27:10.529680Z:AMD,0,REJECTED: ENTRY_OR_SOURCE_BLOCKED_BY_FUNNEL; source=ENTRY_OR_SOURCE_BLOCKED_BY_FUNNEL; rank_score=0.500000; liquidity_score=0.000000; diversification_score=0.000000; cooldown_score=1.000000; existing_position_penalty=1.000000; sector_cap_status=SOURCE_BLOCKED_SECTOR_UNAVAILABLE; matching_policy=EXACT_CANDIDATE_ID_ONLY_NO_SYMBOL_DATE_PRICE_TIME_FALLBACK
T601-3,decision-742cef0a7bce40a6,decision-742cef0a7bce40a6,AMD,2026-06-02T15:28:25.469052Z,0.5,0.0,0.0,1.0,1.0,0.4,REJECTED,ENTRY_OR_SOURCE_BLOCKED_BY_FUNNEL,ENTRY_OR_SOURCE_BLOCKED_BY_FUNNEL,,SOURCE_BLOCKED_SECTOR_UNAVAILABLE,SOURCE_BLOCKED_NO_LIQUIDITY_FIELD,390,17126.5775,0.25,0.5,INELIGIBLE_UNKNOWN,STRATEGY_FILTER_NOT_MET NO_ENTRY,0,0,,,2026-06-02T15:28:15.041551Z:AMD,0,REJECTED: ENTRY_OR_SOURCE_BLOCKED_BY_FUNNEL; source=ENTRY_OR_SOURCE_BLOCKED_BY_FUNNEL; rank_score=0.500000; liquidity_score=0.000000; diversification_score=0.000000; cooldown_score=1.000000; existing_position_penalty=1.000000; sector_cap_status=SOURCE_BLOCKED_SECTOR_UNAVAILABLE; matching_policy=EXACT_CANDIDATE_ID_ONLY_NO_SYMBOL_DATE_PRICE_TIME_FALLBACK
T601-3,decision-4d3e8a8fc1c24e23,decision-4d3e8a8fc1c24e23,AMD,2026-06-02T15:32:39.483873Z,0.5,0.0,0.0,1.0,1.0,0.4,REJECTED,ENTRY_OR_SOURCE_BLOCKED_BY_FUNNEL,ENTRY_OR_SOURCE_BLOCKED_BY_FUNNEL,,SOURCE_BLOCKED_SECTOR_UNAVAILABLE,SOURCE_BLOCKED_NO_LIQUIDITY_FIELD,390,17130.811,0.25,0.5,INELIGIBLE_UNKNOWN,STRATEGY_FILTER_NOT_MET NO_ENTRY,0,0,,,2026-06-02T15:32:29.150889Z:AMD,0,REJECTED: ENTRY_OR_SOURCE_BLOCKED_BY_FUNNEL; source=ENTRY_OR_SOURCE_BLOCKED_BY_FUNNEL; rank_score=0.500000; liquidity_score=0.000000; diversification_score=0.000000; cooldown_score=1.000000; existing_position_penalty=1.000000; sector_cap_status=SOURCE_BLOCKED_SECTOR_UNAVAILABLE; matching_policy=EXACT_CANDIDATE_ID_ONLY_NO_SYMBOL_DATE_PRICE_TIME_FALLBACK
T601-3,decision-66c312a6d37147b8,decision-66c312a6d37147b8,AMD,2026-06-02T15:33:45.355588Z,0.5,0.0,0.0,1.0,1.0,0.4,REJECTED,ENTRY_OR_SOURCE_BLOCKED_BY_FUNNEL,ENTRY_OR_SOURCE_BLOCKED_BY_FUNNEL,,SOURCE_BLOCKED_SECTOR_UNAVAILABLE,SOURCE_BLOCKED_NO_LIQUIDITY_FIELD,390,17131.9089,0.25,0.5,INELIGIBLE_UNKNOWN,STRATEGY_FILTER_NOT_MET NO_ENTRY,0,0,,,2026-06-02T15:33:35.151824Z:AMD,0,REJECTED: ENTRY_OR_SOURCE_BLOCKED_BY_FUNNEL; source=ENTRY_OR_SOURCE_BLOCKED_BY_FUNNEL; rank_score=0.500000; liquidity_score=0.000000; diversification_score=0.000000; cooldown_score=1.000000; existing_position_penalty=1.000000; sector_cap_status=SOURCE_BLOCKED_SECTOR_UNAVAILABLE; matching_policy=EXACT_CANDIDATE_ID_ONLY_NO_SYMBOL_DATE_PRICE_TIME_FALLBACK
T601-3,decision-6c1286a0026d4fb2,decision-6c1286a0026d4fb2,AMD,2026-06-02T15:38:00.245827Z,0.5,0.0,0.0,1.0,1.0,0.4,REJECTED,ENTRY_OR_SOURCE_BLOCKED_BY_FUNNEL,ENTRY_OR_SOURCE_BLOCKED_BY_FUNNEL,,SOURCE_BLOCKED_SECTOR_UNAVAILABLE,SOURCE_BLOCKED_NO_LIQUIDITY_FIELD,390,17136.1571,0.25,0.5,INELIGIBLE_UNKNOWN,STRATEGY_FILTER_NOT_MET NO_ENTRY,0,0,,,2026-06-02T15:37:49.471110Z:AMD,0,REJECTED: ENTRY_OR_SOURCE_BLOCKED_BY_FUNNEL; source=ENTRY_OR_SOURCE_BLOCKED_BY_FUNNEL; rank_score=0.500000; liquidity_score=0.000000; diversification_score=0.000000; cooldown_score=1.000000; existing_position_penalty=1.000000; sector_cap_status=SOURCE_BLOCKED_SECTOR_UNAVAILABLE; matching_policy=EXACT_CANDIDATE_ID_ONLY_NO_SYMBOL_DATE_PRICE_TIME_FALLBACK
T601-3,decision-d4c337a1b9074e2d,decision-d4c337a1b9074e2d,AMD,2026-06-02T15:39:04.657907Z,0.5,0.0,0.0,1.0,1.0,0.4,REJECTED,ENTRY_OR_SOURCE_BLOCKED_BY_FUNNEL,ENTRY_OR_SOURCE_BLOCKED_BY_FUNNEL,,SOURCE_BLOCKED_SECTOR_UNAVAILABLE,SOURCE_BLOCKED_NO_LIQUIDITY_FIELD,390,17137.2306,0.25,0.5,INELIGIBLE_UNKNOWN,STRATEGY_FILTER_NOT_MET NO_ENTRY,0,0,,,2026-06-02T15:38:54.172318Z:AMD,0,REJECTED: ENTRY_OR_SOURCE_BLOCKED_BY_FUNNEL; source=ENTRY_OR_SOURCE_BLOCKED_BY_FUNNEL; rank_score=0.500000; liquidity_score=0.000000; diversification_score=0.000000; cooldown_score=1.000000; existing_position_penalty=1.000000; sector_cap_status=SOURCE_BLOCKED_SECTOR_UNAVAILABLE; matching_policy=EXACT_CANDIDATE_ID_ONLY_NO_SYMBOL_DATE_PRICE_TIME_FALLBACK
T601-3,decision-ba8ab604c26f4014,decision-ba8ab604c26f4014,AMD,2026-06-02T15:43:18.998076Z,0.5,0.0,0.0,1.0,1.0,0.4,REJECTED,ENTRY_OR_SOURCE_BLOCKED_BY_FUNNEL,ENTRY_OR_SOURCE_BLOCKED_BY_FUNNEL,,SOURCE_BLOCKED_SECTOR_UNAVAILABLE,SOURCE_BLOCKED_NO_LIQUIDITY_FIELD,390,17141.4696,0.25,0.5,INELIGIBLE_UNKNOWN,STRATEGY_FILTER_NOT_MET NO_ENTRY,0,0,,,2026-06-02T15:43:07.985437Z:AMD,0,REJECTED: ENTRY_OR_SOURCE_BLOCKED_BY_FUNNEL; source=ENTRY_OR_SOURCE_BLOCKED_BY_FUNNEL; rank_score=0.500000; liquidity_score=0.000000; diversification_score=0.000000; cooldown_score=1.000000; existing_position_penalty=1.000000; sector_cap_status=SOURCE_BLOCKED_SECTOR_UNAVAILABLE; matching_policy=EXACT_CANDIDATE_ID_ONLY_NO_SYMBOL_DATE_PRICE_TIME_FALLBACK
T601-3,decision-81da66d11dba4450,decision-81da66d11dba4450,AMD,2026-06-02T15:44:28.612725Z,0.5,0.0,0.0,1.0,1.0,0.4,REJECTED,ENTRY_OR_SOURCE_BLOCKED_BY_FUNNEL,ENTRY_OR_SOURCE_BLOCKED_BY_FUNNEL,,SOURCE_BLOCKED_SECTOR_UNAVAILABLE,SOURCE_BLOCKED_NO_LIQUIDITY_FIELD,390,17142.6299,0.25,0.5,INELIGIBLE_UNKNOWN,STRATEGY_FILTER_NOT_MET NO_ENTRY,0,0,,,2026-06-02T15:44:13.948819Z:AMD,0,REJECTED: ENTRY_OR_SOURCE_BLOCKED_BY_FUNNEL; source=ENTRY_OR_SOURCE_BLOCKED_BY_FUNNEL; rank_score=0.500000; liquidity_score=0.000000; diversification_score=0.000000; cooldown_score=1.000000; existing_position_penalty=1.000000; sector_cap_status=SOURCE_BLOCKED_SECTOR_UNAVAILABLE; matching_policy=EXACT_CANDIDATE_ID_ONLY_NO_SYMBOL_DATE_PRICE_TIME_FALLBACK
T601-3,decision-0b16189c07de43c2,decision-0b16189c07de43c2,AMD,2026-06-02T15:48:42.876240Z,0.5,0.0,0.0,1.0,1.0,0.4,REJECTED,ENTRY_OR_SOURCE_BLOCKED_BY_FUNNEL,ENTRY_OR_SOURCE_BLOCKED_BY_FUNNEL,,SOURCE_BLOCKED_SECTOR_UNAVAILABLE,SOURCE_BLOCKED_NO_LIQUIDITY_FIELD,390,17146.8676,0.25,0.5,INELIGIBLE_UNKNOWN,STRATEGY_FILTER_NOT_MET NO_ENTRY,0,0,,,2026-06-02T15:48:30.256339Z:AMD,0,REJECTED: ENTRY_OR_SOURCE_BLOCKED_BY_FUNNEL; source=ENTRY_OR_SOURCE_BLOCKED_BY_FUNNEL; rank_score=0.500000; liquidity_score=0.000000; diversification_score=0.000000; cooldown_score=1.000000; existing_position_penalty=1.000000; sector_cap_status=SOURCE_BLOCKED_SECTOR_UNAVAILABLE; matching_policy=EXACT_CANDIDATE_ID_ONLY_NO_SYMBOL_DATE_PRICE_TIME_FALLBACK
T601-3,decision-82841309fe014167,decision-82841309fe014167,AMD,2026-06-02T15:49:55.519300Z,0.5,0.0,0.0,1.0,1.0,0.4,REJECTED,ENTRY_OR_SOURCE_BLOCKED_BY_FUNNEL,ENTRY_OR_SOURCE_BLOCKED_BY_FUNNEL,,SOURCE_BLOCKED_SECTOR_UNAVAILABLE,SOURCE_BLOCKED_NO_LIQUIDITY_FIELD,390,17148.0783,0.25,0.5,INELIGIBLE_UNKNOWN,STRATEGY_FILTER_NOT_MET NO_ENTRY,0,0,,,2026-06-02T15:49:42.107389Z:AMD,0,REJECTED: ENTRY_OR_SOURCE_BLOCKED_BY_FUNNEL; source=ENTRY_OR_SOURCE_BLOCKED_BY_FUNNEL; rank_score=0.500000; liquidity_score=0.000000; diversification_score=0.000000; cooldown_score=1.000000; existing_position_penalty=1.000000; sector_cap_status=SOURCE_BLOCKED_SECTOR_UNAVAILABLE; matching_policy=EXACT_CANDIDATE_ID_ONLY_NO_SYMBOL_DATE_PRICE_TIME_FALLBACK
T601-3,decision-4df6d1d84e794d07,decision-4df6d1d84e794d07,AMD,2026-06-02T15:54:23.026116Z,0.5,0.0,0.0,1.0,1.0,0.4,REJECTED,ENTRY_OR_SOURCE_BLOCKED_BY_FUNNEL,ENTRY_OR_SOURCE_BLOCKED_BY_FUNNEL,,SOURCE_BLOCKED_SECTOR_UNAVAILABLE,SOURCE_BLOCKED_NO_LIQUIDITY_FIELD,390,17152.5367,0.25,0.5,INELIGIBLE_UNKNOWN,STRATEGY_FILTER_NOT_MET NO_ENTRY,0,0,,,2026-06-02T15:54:00.490361Z:AMD,0,REJECTED: ENTRY_OR_SOURCE_BLOCKED_BY_FUNNEL; source=ENTRY_OR_SOURCE_BLOCKED_BY_FUNNEL; rank_score=0.500000; liquidity_score=0.000000; diversification_score=0.000000; cooldown_score=1.000000; existing_position_penalty=1.000000; sector_cap_status=SOURCE_BLOCKED_SECTOR_UNAVAILABLE; matching_policy=EXACT_CANDIDATE_ID_ONLY_NO_SYMBOL_DATE_PRICE_TIME_FALLBACK
T601-3,decision-8d72fd8a1bf94b41,decision-8d72fd8a1bf94b41,AMD,2026-06-02T15:55:17.999318Z,0.5,0.0,0.0,1.0,1.0,0.4,REJECTED,ENTRY_OR_SOURCE_BLOCKED_BY_FUNNEL,ENTRY_OR_SOURCE_BLOCKED_BY_FUNNEL,,SOURCE_BLOCKED_SECTOR_UNAVAILABLE,SOURCE_BLOCKED_NO_LIQUIDITY_FIELD,390,17153.453,0.25,0.5,INELIGIBLE_UNKNOWN,STRATEGY_FILTER_NOT_MET NO_ENTRY,0,0,,,2026-06-02T15:55:07.575641Z:AMD,0,REJECTED: ENTRY_OR_SOURCE_BLOCKED_BY_FUNNEL; source=ENTRY_OR_SOURCE_BLOCKED_BY_FUNNEL; rank_score=0.500000; liquidity_score=0.000000; diversification_score=0.000000; cooldown_score=1.000000; existing_position_penalty=1.000000; sector_cap_status=SOURCE_BLOCKED_SECTOR_UNAVAILABLE; matching_policy=EXACT_CANDIDATE_ID_ONLY_NO_SYMBOL_DATE_PRICE_TIME_FALLBACK
T601-3,decision-cc48dfcff9e7411e,decision-cc48dfcff9e7411e,AMD,2026-06-02T16:00:31.583708Z,0.5,0.0,0.0,1.0,1.0,0.4,REJECTED,ENTRY_OR_SOURCE_BLOCKED_BY_FUNNEL,ENTRY_OR_SOURCE_BLOCKED_BY_FUNNEL,,SOURCE_BLOCKED_SECTOR_UNAVAILABLE,SOURCE_BLOCKED_NO_LIQUIDITY_FIELD,390,17158.6794,0.25,0.5,INELIGIBLE_UNKNOWN,STRATEGY_FILTER_NOT_MET NO_ENTRY,0,0,,,2026-06-02T15:59:47.506573Z:AMD,0,REJECTED: ENTRY_OR_SOURCE_BLOCKED_BY_FUNNEL; source=ENTRY_OR_SOURCE_BLOCKED_BY_FUNNEL; rank_score=0.500000; liquidity_score=0.000000; diversification_score=0.000000; cooldown_score=1.000000; existing_position_penalty=1.000000; sector_cap_status=SOURCE_BLOCKED_SECTOR_UNAVAILABLE; matching_policy=EXACT_CANDIDATE_ID_ONLY_NO_SYMBOL_DATE_PRICE_TIME_FALLBACK
T601-3,decision-b436bf8534b24cdc,decision-b436bf8534b24cdc,AMD,2026-06-02T16:06:30.458332Z,0.5,0.0,0.0,1.0,1.0,0.4,REJECTED,ENTRY_OR_SOURCE_BLOCKED_BY_FUNNEL,ENTRY_OR_SOURCE_BLOCKED_BY_FUNNEL,,SOURCE_BLOCKED_SECTOR_UNAVAILABLE,SOURCE_BLOCKED_NO_LIQUIDITY_FIELD,390,17164.6606,0.25,0.5,INELIGIBLE_UNKNOWN,STRATEGY_FILTER_NOT_MET NO_ENTRY,0,0,,,2026-06-02T16:06:00.836018Z:AMD,0,REJECTED: ENTRY_OR_SOURCE_BLOCKED_BY_FUNNEL; source=ENTRY_OR_SOURCE_BLOCKED_BY_FUNNEL; rank_score=0.500000; liquidity_score=0.000000; diversification_score=0.000000; cooldown_score=1.000000; existing_position_penalty=1.000000; sector_cap_status=SOURCE_BLOCKED_SECTOR_UNAVAILABLE; matching_policy=EXACT_CANDIDATE_ID_ONLY_NO_SYMBOL_DATE_PRICE_TIME_FALLBACK
T601-3,decision-179582e491184903,decision-179582e491184903,AMD,2026-06-02T16:12:40.140511Z,0.5,0.0,0.0,1.0,1.0,0.4,REJECTED,ENTRY_OR_SOURCE_BLOCKED_BY_FUNNEL,ENTRY_OR_SOURCE_BLOCKED_BY_FUNNEL,,SOURCE_BLOCKED_SECTOR_UNAVAILABLE,SOURCE_BLOCKED_NO_LIQUIDITY_FIELD,390,17170.822,0.25,0.5,INELIGIBLE_UNKNOWN,STRATEGY_FILTER_NOT_MET NO_ENTRY,0,0,,,2026-06-02T16:12:02.987011Z:AMD,0,REJECTED: ENTRY_OR_SOURCE_BLOCKED_BY_FUNNEL; source=ENTRY_OR_SOURCE_BLOCKED_BY_FUNNEL; rank_score=0.500000; liquidity_score=0.000000; diversification_score=0.000000; cooldown_score=1.000000; existing_position_penalty=1.000000; sector_cap_status=SOURCE_BLOCKED_SECTOR_UNAVAILABLE; matching_policy=EXACT_CANDIDATE_ID_ONLY_NO_SYMBOL_DATE_PRICE_TIME_FALLBACK
T601-3,decision-aecc9a78ed1a48a1,decision-aecc9a78ed1a48a1,AMD,2026-06-02T16:18:29.934893Z,0.5,0.0,0.0,1.0,1.0,0.4,REJECTED,ENTRY_OR_SOURCE_BLOCKED_BY_FUNNEL,ENTRY_OR_SOURCE_BLOCKED_BY_FUNNEL,,SOURCE_BLOCKED_SECTOR_UNAVAILABLE,SOURCE_BLOCKED_NO_LIQUIDITY_FIELD,390,17176.6519,0.25,0.5,INELIGIBLE_UNKNOWN,STRATEGY_FILTER_NOT_MET NO_ENTRY,0,0,,,2026-06-02T16:18:13.106351Z:AMD,0,REJECTED: ENTRY_OR_SOURCE_BLOCKED_BY_FUNNEL; source=ENTRY_OR_SOURCE_BLOCKED_BY_FUNNEL; rank_score=0.500000; liquidity_score=0.000000; diversification_score=0.000000; cooldown_score=1.000000; existing_position_penalty=1.000000; sector_cap_status=SOURCE_BLOCKED_SECTOR_UNAVAILABLE; matching_policy=EXACT_CANDIDATE_ID_ONLY_NO_SYMBOL_DATE_PRICE_TIME_FALLBACK
T601-3,decision-76c787d3eec045d6,decision-76c787d3eec045d6,AMD,2026-06-02T16:23:56.644583Z,0.5,0.0,0.0,1.0,1.0,0.4,REJECTED,ENTRY_OR_SOURCE_BLOCKED_BY_FUNNEL,ENTRY_OR_SOURCE_BLOCKED_BY_FUNNEL,,SOURCE_BLOCKED_SECTOR_UNAVAILABLE,SOURCE_BLOCKED_NO_LIQUIDITY_FIELD,390,17182.0971,0.25,0.5,INELIGIBLE_UNKNOWN,STRATEGY_FILTER_NOT_MET NO_ENTRY,0,0,,,2026-06-02T16:23:45.867240Z:AMD,0,REJECTED: ENTRY_OR_SOURCE_BLOCKED_BY_FUNNEL; source=ENTRY_OR_SOURCE_BLOCKED_BY_FUNNEL; rank_score=0.500000; liquidity_score=0.000000; diversification_score=0.000000; cooldown_score=1.000000; existing_position_penalty=1.000000; sector_cap_status=SOURCE_BLOCKED_SECTOR_UNAVAILABLE; matching_policy=EXACT_CANDIDATE_ID_ONLY_NO_SYMBOL_DATE_PRICE_TIME_FALLBACK
T601-3,decision-eea49af1ae2c4542,decision-eea49af1ae2c4542,AMD,2026-06-02T16:29:57.978265Z,0.5,0.0,0.0,1.0,1.0,0.4,REJECTED,ENTRY_OR_SOURCE_BLOCKED_BY_FUNNEL,ENTRY_OR_SOURCE_BLOCKED_BY_FUNNEL,,SOURCE_BLOCKED_SECTOR_UNAVAILABLE,SOURCE_BLOCKED_NO_LIQUIDITY_FIELD,390,17188.1193,0.25,0.5,INELIGIBLE_UNKNOWN,STRATEGY_FILTER_NOT_MET NO_ENTRY,0,0,,,2026-06-02T16:29:24.767208Z:AMD,0,REJECTED: ENTRY_OR_SOURCE_BLOCKED_BY_FUNNEL; source=ENTRY_OR_SOURCE_BLOCKED_BY_FUNNEL; rank_score=0.500000; liquidity_score=0.000000; diversification_score=0.000000; cooldown_score=1.000000; existing_position_penalty=1.000000; sector_cap_status=SOURCE_BLOCKED_SECTOR_UNAVAILABLE; matching_policy=EXACT_CANDIDATE_ID_ONLY_NO_SYMBOL_DATE_PRICE_TIME_FALLBACK
T601-3,decision-00d04c52c2e848dc,decision-00d04c52c2e848dc,AMD,2026-06-02T16:35:22.844105Z,0.5,0.0,0.0,1.0,1.0,0.4,REJECTED,ENTRY_OR_SOURCE_BLOCKED_BY_FUNNEL,ENTRY_OR_SOURCE_BLOCKED_BY_FUNNEL,,SOURCE_BLOCKED_SECTOR_UNAVAILABLE,SOURCE_BLOCKED_NO_LIQUIDITY_FIELD,390,17193.5337,0.25,0.5,INELIGIBLE_UNKNOWN,STRATEGY_FILTER_NOT_MET NO_ENTRY,0,0,,,2026-06-02T16:35:09.988211Z:AMD,0,REJECTED: ENTRY_OR_SOURCE_BLOCKED_BY_FUNNEL; source=ENTRY_OR_SOURCE_BLOCKED_BY_FUNNEL; rank_score=0.500000; liquidity_score=0.000000; diversification_score=0.000000; cooldown_score=1.000000; existing_position_penalty=1.000000; sector_cap_status=SOURCE_BLOCKED_SECTOR_UNAVAILABLE; matching_policy=EXACT_CANDIDATE_ID_ONLY_NO_SYMBOL_DATE_PRICE_TIME_FALLBACK
T601-3,decision-0ade75940ac14105,decision-0ade75940ac14105,AMD,2026-06-02T16:40:54.798642Z,0.5,0.0,0.0,1.0,1.0,0.4,REJECTED,ENTRY_OR_SOURCE_BLOCKED_BY_FUNNEL,ENTRY_OR_SOURCE_BLOCKED_BY_FUNNEL,,SOURCE_BLOCKED_SECTOR_UNAVAILABLE,SOURCE_BLOCKED_NO_LIQUIDITY_FIELD,390,17199.0663,0.25,0.5,INELIGIBLE_UNKNOWN,STRATEGY_FILTER_NOT_MET NO_ENTRY,0,0,,,2026-06-02T16:40:33.888582Z:AMD,0,REJECTED: ENTRY_OR_SOURCE_BLOCKED_BY_FUNNEL; source=ENTRY_OR_SOURCE_BLOCKED_BY_FUNNEL; rank_score=0.500000; liquidity_score=0.000000; diversification_score=0.000000; cooldown_score=1.000000; existing_position_penalty=1.000000; sector_cap_status=SOURCE_BLOCKED_SECTOR_UNAVAILABLE; matching_policy=EXACT_CANDIDATE_ID_ONLY_NO_SYMBOL_DATE_PRICE_TIME_FALLBACK
T601-3,decision-f1defe7f50e54c19,decision-f1defe7f50e54c19,AMD,2026-06-02T16:46:17.067548Z,0.5,0.0,0.0,1.0,1.0,0.4,REJECTED,ENTRY_OR_SOURCE_BLOCKED_BY_FUNNEL,ENTRY_OR_SOURCE_BLOCKED_BY_FUNNEL,,SOURCE_BLOCKED_SECTOR_UNAVAILABLE,SOURCE_BLOCKED_NO_LIQUIDITY_FIELD,390,17204.4374,0.25,0.5,INELIGIBLE_UNKNOWN,STRATEGY_FILTER_NOT_MET NO_ENTRY,0,0,,,2026-06-02T16:46:05.450685Z:AMD,0,REJECTED: ENTRY_OR_SOURCE_BLOCKED_BY_FUNNEL; source=ENTRY_OR_SOURCE_BLOCKED_BY_FUNNEL; rank_score=0.500000; liquidity_score=0.000000; diversification_score=0.000000; cooldown_score=1.000000; existing_position_penalty=1.000000; sector_cap_status=SOURCE_BLOCKED_SECTOR_UNAVAILABLE; matching_policy=EXACT_CANDIDATE_ID_ONLY_NO_SYMBOL_DATE_PRICE_TIME_FALLBACK
T601-3,decision-f037dc54d1c24536,decision-f037dc54d1c24536,AMD,2026-06-02T16:51:37.800203Z,0.5,0.0,0.0,1.0,1.0,0.4,REJECTED,ENTRY_OR_SOURCE_BLOCKED_BY_FUNNEL,ENTRY_OR_SOURCE_BLOCKED_BY_FUNNEL,,SOURCE_BLOCKED_SECTOR_UNAVAILABLE,SOURCE_BLOCKED_NO_LIQUIDITY_FIELD,390,17209.783,0.25,0.5,INELIGIBLE_UNKNOWN,STRATEGY_FILTER_NOT_MET NO_ENTRY,0,0,,,2026-06-02T16:51:26.163161Z:AMD,0,REJECTED: ENTRY_OR_SOURCE_BLOCKED_BY_FUNNEL; source=ENTRY_OR_SOURCE_BLOCKED_BY_FUNNEL; rank_score=0.500000; liquidity_score=0.000000; diversification_score=0.000000; cooldown_score=1.000000; existing_position_penalty=1.000000; sector_cap_status=SOURCE_BLOCKED_SECTOR_UNAVAILABLE; matching_policy=EXACT_CANDIDATE_ID_ONLY_NO_SYMBOL_DATE_PRICE_TIME_FALLBACK
T601-3,decision-fd4e0504c0d5475b,decision-fd4e0504c0d5475b,AMD,2026-06-02T16:57:01.657114Z,0.5,0.0,0.0,1.0,1.0,0.4,REJECTED,ENTRY_OR_SOURCE_BLOCKED_BY_FUNNEL,ENTRY_OR_SOURCE_BLOCKED_BY_FUNNEL,,SOURCE_BLOCKED_SECTOR_UNAVAILABLE,SOURCE_BLOCKED_NO_LIQUIDITY_FIELD,390,17215.1806,0.25,0.5,INELIGIBLE_UNKNOWN,STRATEGY_FILTER_NOT_MET NO_ENTRY,0,0,,,2026-06-02T16:56:48.341265Z:AMD,0,REJECTED: ENTRY_OR_SOURCE_BLOCKED_BY_FUNNEL; source=ENTRY_OR_SOURCE_BLOCKED_BY_FUNNEL; rank_score=0.500000; liquidity_score=0.000000; diversification_score=0.000000; cooldown_score=1.000000; existing_position_penalty=1.000000; sector_cap_status=SOURCE_BLOCKED_SECTOR_UNAVAILABLE; matching_policy=EXACT_CANDIDATE_ID_ONLY_NO_SYMBOL_DATE_PRICE_TIME_FALLBACK
T601-3,decision-914ff919be1e45fb,decision-914ff919be1e45fb,AMD,2026-06-02T17:02:24.541372Z,0.5,0.0,0.0,1.0,1.0,0.4,REJECTED,ENTRY_OR_SOURCE_BLOCKED_BY_FUNNEL,ENTRY_OR_SOURCE_BLOCKED_BY_FUNNEL,,SOURCE_BLOCKED_SECTOR_UNAVAILABLE,SOURCE_BLOCKED_NO_LIQUIDITY_FIELD,390,17220.562,0.25,0.5,INELIGIBLE_UNKNOWN,STRATEGY_FILTER_NOT_MET NO_ENTRY,0,0,,,2026-06-02T17:02:09.519103Z:AMD,0,REJECTED: ENTRY_OR_SOURCE_BLOCKED_BY_FUNNEL; source=ENTRY_OR_SOURCE_BLOCKED_BY_FUNNEL; rank_score=0.500000; liquidity_score=0.000000; diversification_score=0.000000; cooldown_score=1.000000; existing_position_penalty=1.000000; sector_cap_status=SOURCE_BLOCKED_SECTOR_UNAVAILABLE; matching_policy=EXACT_CANDIDATE_ID_ONLY_NO_SYMBOL_DATE_PRICE_TIME_FALLBACK
T601-3,decision-c1af732ed96b4fd0,decision-c1af732ed96b4fd0,AMD,2026-06-02T17:07:55.229366Z,0.5,0.0,0.0,1.0,1.0,0.4,REJECTED,ENTRY_OR_SOURCE_BLOCKED_BY_FUNNEL,ENTRY_OR_SOURCE_BLOCKED_BY_FUNNEL,,SOURCE_BLOCKED_SECTOR_UNAVAILABLE,SOURCE_BLOCKED_NO_LIQUIDITY_FIELD,390,17226.0735,0.25,0.5,INELIGIBLE_UNKNOWN,STRATEGY_FILTER_NOT_MET NO_ENTRY,0,0,,,2026-06-02T17:07:44.491903Z:AMD,0,REJECTED: ENTRY_OR_SOURCE_BLOCKED_BY_FUNNEL; source=ENTRY_OR_SOURCE_BLOCKED_BY_FUNNEL; rank_score=0.500000; liquidity_score=0.000000; diversification_score=0.000000; cooldown_score=1.000000; existing_position_penalty=1.000000; sector_cap_status=SOURCE_BLOCKED_SECTOR_UNAVAILABLE; matching_policy=EXACT_CANDIDATE_ID_ONLY_NO_SYMBOL_DATE_PRICE_TIME_FALLBACK
T601-3,decision-c4385c72f6e84d15,decision-c4385c72f6e84d15,AMD,2026-06-02T17:13:15.901974Z,0.5,0.0,0.0,1.0,1.0,0.4,REJECTED,ENTRY_OR_SOURCE_BLOCKED_BY_FUNNEL,ENTRY_OR_SOURCE_BLOCKED_BY_FUNNEL,,SOURCE_BLOCKED_SECTOR_UNAVAILABLE,SOURCE_BLOCKED_NO_LIQUIDITY_FIELD,390,17231.418,0.25,0.5,INELIGIBLE_UNKNOWN,STRATEGY_FILTER_NOT_MET NO_ENTRY,0,0,,,2026-06-02T17:13:04.383771Z:AMD,0,REJECTED: ENTRY_OR_SOURCE_BLOCKED_BY_FUNNEL; source=ENTRY_OR_SOURCE_BLOCKED_BY_FUNNEL; rank_score=0.500000; liquidity_score=0.000000; diversification_score=0.000000; cooldown_score=1.000000; existing_position_penalty=1.000000; sector_cap_status=SOURCE_BLOCKED_SECTOR_UNAVAILABLE; matching_policy=EXACT_CANDIDATE_ID_ONLY_NO_SYMBOL_DATE_PRICE_TIME_FALLBACK
T601-3,decision-471622bd10f9488e,decision-471622bd10f9488e,AMD,2026-06-02T17:18:38.657100Z,0.5,0.0,0.0,1.0,1.0,0.4,REJECTED,ENTRY_OR_SOURCE_BLOCKED_BY_FUNNEL,ENTRY_OR_SOURCE_BLOCKED_BY_FUNNEL,,SOURCE_BLOCKED_SECTOR_UNAVAILABLE,SOURCE_BLOCKED_NO_LIQUIDITY_FIELD,390,17236.7973,0.25,0.5,INELIGIBLE_UNKNOWN,STRATEGY_FILTER_NOT_MET NO_ENTRY,0,0,,,2026-06-02T17:18:23.906703Z:AMD,0,REJECTED: ENTRY_OR_SOURCE_BLOCKED_BY_FUNNEL; source=ENTRY_OR_SOURCE_BLOCKED_BY_FUNNEL; rank_score=0.500000; liquidity_score=0.000000; diversification_score=0.000000; cooldown_score=1.000000; existing_position_penalty=1.000000; sector_cap_status=SOURCE_BLOCKED_SECTOR_UNAVAILABLE; matching_policy=EXACT_CANDIDATE_ID_ONLY_NO_SYMBOL_DATE_PRICE_TIME_FALLBACK
T601-3,decision-6ed8d9cb7f5347e2,decision-6ed8d9cb7f5347e2,AMD,2026-06-02T17:23:56.872431Z,0.5,0.0,0.0,1.0,1.0,0.4,REJECTED,ENTRY_OR_SOURCE_BLOCKED_BY_FUNNEL,ENTRY_OR_SOURCE_BLOCKED_BY_FUNNEL,,SOURCE_BLOCKED_SECTOR_UNAVAILABLE,SOURCE_BLOCKED_NO_LIQUIDITY_FIELD,390,17242.1009,0.25,0.5,INELIGIBLE_UNKNOWN,STRATEGY_FILTER_NOT_MET NO_ENTRY,0,0,,,2026-06-02T17:23:46.062725Z:AMD,0,REJECTED: ENTRY_OR_SOURCE_BLOCKED_BY_FUNNEL; source=ENTRY_OR_SOURCE_BLOCKED_BY_FUNNEL; rank_score=0.500000; liquidity_score=0.000000; diversification_score=0.000000; cooldown_score=1.000000; existing_position_penalty=1.000000; sector_cap_status=SOURCE_BLOCKED_SECTOR_UNAVAILABLE; matching_policy=EXACT_CANDIDATE_ID_ONLY_NO_SYMBOL_DATE_PRICE_TIME_FALLBACK
T601-3,decision-4f4038a927bd4433,decision-4f4038a927bd4433,AMD,2026-06-02T17:29:21.596918Z,0.5,0.0,0.0,1.0,1.0,0.4,REJECTED,ENTRY_OR_SOURCE_BLOCKED_BY_FUNNEL,ENTRY_OR_SOURCE_BLOCKED_BY_FUNNEL,,SOURCE_BLOCKED_SECTOR_UNAVAILABLE,SOURCE_BLOCKED_NO_LIQUIDITY_FIELD,390,17247.5129,0.25,0.5,INELIGIBLE_UNKNOWN,STRATEGY_FILTER_NOT_MET NO_ENTRY,0,0,,,2026-06-02T17:29:05.580263Z:AMD,0,REJECTED: ENTRY_OR_SOURCE_BLOCKED_BY_FUNNEL; source=ENTRY_OR_SOURCE_BLOCKED_BY_FUNNEL; rank_score=0.500000; liquidity_score=0.000000; diversification_score=0.000000; cooldown_score=1.000000; existing_position_penalty=1.000000; sector_cap_status=SOURCE_BLOCKED_SECTOR_UNAVAILABLE; matching_policy=EXACT_CANDIDATE_ID_ONLY_NO_SYMBOL_DATE_PRICE_TIME_FALLBACK
T601-3,decision-9bcd45307cb5407c,decision-9bcd45307cb5407c,AMD,2026-06-02T17:34:44.661098Z,0.5,0.0,0.0,1.0,1.0,0.4,REJECTED,ENTRY_OR_SOURCE_BLOCKED_BY_FUNNEL,ENTRY_OR_SOURCE_BLOCKED_BY_FUNNEL,,SOURCE_BLOCKED_SECTOR_UNAVAILABLE,SOURCE_BLOCKED_NO_LIQUIDITY_FIELD,390,17252.8973,0.25,0.5,INELIGIBLE_UNKNOWN,STRATEGY_FILTER_NOT_MET NO_ENTRY,0,0,,,2026-06-02T17:34:30.156867Z:AMD,0,REJECTED: ENTRY_OR_SOURCE_BLOCKED_BY_FUNNEL; source=ENTRY_OR_SOURCE_BLOCKED_BY_FUNNEL; rank_score=0.500000; liquidity_score=0.000000; diversification_score=0.000000; cooldown_score=1.000000; existing_position_penalty=1.000000; sector_cap_status=SOURCE_BLOCKED_SECTOR_UNAVAILABLE; matching_policy=EXACT_CANDIDATE_ID_ONLY_NO_SYMBOL_DATE_PRICE_TIME_FALLBACK
T601-3,decision-f3a44008c8f94489,decision-f3a44008c8f94489,AMD,2026-06-02T17:40:22.043158Z,0.5,0.0,0.0,1.0,1.0,0.4,REJECTED,ENTRY_OR_SOURCE_BLOCKED_BY_FUNNEL,ENTRY_OR_SOURCE_BLOCKED_BY_FUNNEL,,SOURCE_BLOCKED_SECTOR_UNAVAILABLE,SOURCE_BLOCKED_NO_LIQUIDITY_FIELD,390,17258.5204,0.25,0.5,INELIGIBLE_UNKNOWN,STRATEGY_FILTER_NOT_MET NO_ENTRY,0,0,,,2026-06-02T17:40:00.408163Z:AMD,0,REJECTED: ENTRY_OR_SOURCE_BLOCKED_BY_FUNNEL; source=ENTRY_OR_SOURCE_BLOCKED_BY_FUNNEL; rank_score=0.500000; liquidity_score=0.000000; diversification_score=0.000000; cooldown_score=1.000000; existing_position_penalty=1.000000; sector_cap_status=SOURCE_BLOCKED_SECTOR_UNAVAILABLE; matching_policy=EXACT_CANDIDATE_ID_ONLY_NO_SYMBOL_DATE_PRICE_TIME_FALLBACK
T601-3,decision-e2037731a525473f,decision-e2037731a525473f,AMD,2026-06-02T17:45:52.223669Z,0.5,0.0,0.0,1.0,1.0,0.4,REJECTED,ENTRY_OR_SOURCE_BLOCKED_BY_FUNNEL,ENTRY_OR_SOURCE_BLOCKED_BY_FUNNEL,,SOURCE_BLOCKED_SECTOR_UNAVAILABLE,SOURCE_BLOCKED_NO_LIQUIDITY_FIELD,390,17264.0234,0.25,0.5,INELIGIBLE_UNKNOWN,STRATEGY_FILTER_NOT_MET NO_ENTRY,0,0,,,2026-06-02T17:45:39.599118Z:AMD,0,REJECTED: ENTRY_OR_SOURCE_BLOCKED_BY_FUNNEL; source=ENTRY_OR_SOURCE_BLOCKED_BY_FUNNEL; rank_score=0.500000; liquidity_score=0.000000; diversification_score=0.000000; cooldown_score=1.000000; existing_position_penalty=1.000000; sector_cap_status=SOURCE_BLOCKED_SECTOR_UNAVAILABLE; matching_policy=EXACT_CANDIDATE_ID_ONLY_NO_SYMBOL_DATE_PRICE_TIME_FALLBACK
T601-3,decision-0bc24bb9ec4747f4,decision-0bc24bb9ec4747f4,AMD,2026-06-02T17:51:14.980879Z,0.5,0.0,0.0,1.0,1.0,0.4,REJECTED,ENTRY_OR_SOURCE_BLOCKED_BY_FUNNEL,ENTRY_OR_SOURCE_BLOCKED_BY_FUNNEL,,SOURCE_BLOCKED_SECTOR_UNAVAILABLE,SOURCE_BLOCKED_NO_LIQUIDITY_FIELD,390,17269.4027,0.25,0.5,INELIGIBLE_UNKNOWN,STRATEGY_FILTER_NOT_MET NO_ENTRY,0,0,,,2026-06-02T17:51:01.991025Z:AMD,0,REJECTED: ENTRY_OR_SOURCE_BLOCKED_BY_FUNNEL; source=ENTRY_OR_SOURCE_BLOCKED_BY_FUNNEL; rank_score=0.500000; liquidity_score=0.000000; diversification_score=0.000000; cooldown_score=1.000000; existing_position_penalty=1.000000; sector_cap_status=SOURCE_BLOCKED_SECTOR_UNAVAILABLE; matching_policy=EXACT_CANDIDATE_ID_ONLY_NO_SYMBOL_DATE_PRICE_TIME_FALLBACK
T601-3,decision-f6eae2ff81e64afa,decision-f6eae2ff81e64afa,AMD,2026-06-02T17:56:48.079704Z,0.5,0.0,0.0,1.0,1.0,0.4,REJECTED,ENTRY_OR_SOURCE_BLOCKED_BY_FUNNEL,ENTRY_OR_SOURCE_BLOCKED_BY_FUNNEL,,SOURCE_BLOCKED_SECTOR_UNAVAILABLE,SOURCE_BLOCKED_NO_LIQUIDITY_FIELD,390,17274.9543,0.25,0.5,INELIGIBLE_UNKNOWN,STRATEGY_FILTER_NOT_MET NO_ENTRY,0,0,,,2026-06-02T17:56:32.527268Z:AMD,0,REJECTED: ENTRY_OR_SOURCE_BLOCKED_BY_FUNNEL; source=ENTRY_OR_SOURCE_BLOCKED_BY_FUNNEL; rank_score=0.500000; liquidity_score=0.000000; diversification_score=0.000000; cooldown_score=1.000000; existing_position_penalty=1.000000; sector_cap_status=SOURCE_BLOCKED_SECTOR_UNAVAILABLE; matching_policy=EXACT_CANDIDATE_ID_ONLY_NO_SYMBOL_DATE_PRICE_TIME_FALLBACK
T601-3,decision-df421bdd36d5498e,decision-df421bdd36d5498e,AMD,2026-06-02T18:04:13.865561Z,0.5,0.0,0.0,1.0,1.0,0.4,REJECTED,ENTRY_OR_SOURCE_BLOCKED_BY_FUNNEL,ENTRY_OR_SOURCE_BLOCKED_BY_FUNNEL,,SOURCE_BLOCKED_SECTOR_UNAVAILABLE,SOURCE_BLOCKED_NO_LIQUIDITY_FIELD,390,17282.3841,0.25,0.5,INELIGIBLE_UNKNOWN,STRATEGY_FILTER_NOT_MET NO_ENTRY,0,0,,,2026-06-02T18:02:08.755601Z:AMD,0,REJECTED: ENTRY_OR_SOURCE_BLOCKED_BY_FUNNEL; source=ENTRY_OR_SOURCE_BLOCKED_BY_FUNNEL; rank_score=0.500000; liquidity_score=0.000000; diversification_score=0.000000; cooldown_score=1.000000; existing_position_penalty=1.000000; sector_cap_status=SOURCE_BLOCKED_SECTOR_UNAVAILABLE; matching_policy=EXACT_CANDIDATE_ID_ONLY_NO_SYMBOL_DATE_PRICE_TIME_FALLBACK
T601-3,decision-d8ce682ae7944bfb,decision-d8ce682ae7944bfb,AMD,2026-06-02T18:09:53.153146Z,0.5,0.0,0.0,1.0,1.0,0.4,REJECTED,ENTRY_OR_SOURCE_BLOCKED_BY_FUNNEL,ENTRY_OR_SOURCE_BLOCKED_BY_FUNNEL,,SOURCE_BLOCKED_SECTOR_UNAVAILABLE,SOURCE_BLOCKED_NO_LIQUIDITY_FIELD,390,17288.0389,0.25,0.5,INELIGIBLE_UNKNOWN,STRATEGY_FILTER_NOT_MET NO_ENTRY,0,0,,,2026-06-02T18:09:38.792315Z:AMD,0,REJECTED: ENTRY_OR_SOURCE_BLOCKED_BY_FUNNEL; source=ENTRY_OR_SOURCE_BLOCKED_BY_FUNNEL; rank_score=0.500000; liquidity_score=0.000000; diversification_score=0.000000; cooldown_score=1.000000; existing_position_penalty=1.000000; sector_cap_status=SOURCE_BLOCKED_SECTOR_UNAVAILABLE; matching_policy=EXACT_CANDIDATE_ID_ONLY_NO_SYMBOL_DATE_PRICE_TIME_FALLBACK
T601-3,decision-8549727c57344c87,decision-8549727c57344c87,AMD,2026-06-02T18:15:52.965546Z,0.5,0.0,0.0,1.0,1.0,0.4,REJECTED,ENTRY_OR_SOURCE_BLOCKED_BY_FUNNEL,ENTRY_OR_SOURCE_BLOCKED_BY_FUNNEL,,SOURCE_BLOCKED_SECTOR_UNAVAILABLE,SOURCE_BLOCKED_NO_LIQUIDITY_FIELD,390,17294.0357,0.25,0.5,INELIGIBLE_UNKNOWN,STRATEGY_FILTER_NOT_MET NO_ENTRY,0,0,,,2026-06-02T18:15:07.931105Z:AMD,0,REJECTED: ENTRY_OR_SOURCE_BLOCKED_BY_FUNNEL; source=ENTRY_OR_SOURCE_BLOCKED_BY_FUNNEL; rank_score=0.500000; liquidity_score=0.000000; diversification_score=0.000000; cooldown_score=1.000000; existing_position_penalty=1.000000; sector_cap_status=SOURCE_BLOCKED_SECTOR_UNAVAILABLE; matching_policy=EXACT_CANDIDATE_ID_ONLY_NO_SYMBOL_DATE_PRICE_TIME_FALLBACK
T601-3,decision-ae567b32632049ff,decision-ae567b32632049ff,AMD,2026-06-02T18:21:35.573412Z,0.5,0.0,0.0,1.0,1.0,0.4,REJECTED,ENTRY_OR_SOURCE_BLOCKED_BY_FUNNEL,ENTRY_OR_SOURCE_BLOCKED_BY_FUNNEL,,SOURCE_BLOCKED_SECTOR_UNAVAILABLE,SOURCE_BLOCKED_NO_LIQUIDITY_FIELD,390,17299.7459,0.25,0.5,INELIGIBLE_UNKNOWN,STRATEGY_FILTER_NOT_MET NO_ENTRY,0,0,,,2026-06-02T18:21:16.629465Z:AMD,0,REJECTED: ENTRY_OR_SOURCE_BLOCKED_BY_FUNNEL; source=ENTRY_OR_SOURCE_BLOCKED_BY_FUNNEL; rank_score=0.500000; liquidity_score=0.000000; diversification_score=0.000000; cooldown_score=1.000000; existing_position_penalty=1.000000; sector_cap_status=SOURCE_BLOCKED_SECTOR_UNAVAILABLE; matching_policy=EXACT_CANDIDATE_ID_ONLY_NO_SYMBOL_DATE_PRICE_TIME_FALLBACK
T601-3,decision-c46fd330aa624035,decision-c46fd330aa624035,AMD,2026-06-02T18:30:00.083845Z,0.5,0.0,0.0,1.0,1.0,0.4,REJECTED,ENTRY_OR_SOURCE_BLOCKED_BY_FUNNEL,ENTRY_OR_SOURCE_BLOCKED_BY_FUNNEL,,SOURCE_BLOCKED_SECTOR_UNAVAILABLE,SOURCE_BLOCKED_NO_LIQUIDITY_FIELD,390,17308.1544,0.25,0.5,INELIGIBLE_UNKNOWN,STRATEGY_FILTER_NOT_MET NO_ENTRY,0,0,,,2026-06-02T18:27:16.235374Z:AMD,0,REJECTED: ENTRY_OR_SOURCE_BLOCKED_BY_FUNNEL; source=ENTRY_OR_SOURCE_BLOCKED_BY_FUNNEL; rank_score=0.500000; liquidity_score=0.000000; diversification_score=0.000000; cooldown_score=1.000000; existing_position_penalty=1.000000; sector_cap_status=SOURCE_BLOCKED_SECTOR_UNAVAILABLE; matching_policy=EXACT_CANDIDATE_ID_ONLY_NO_SYMBOL_DATE_PRICE_TIME_FALLBACK
T601-3,decision-59466e894ad84e1f,decision-59466e894ad84e1f,AMD,2026-06-02T18:35:46.406330Z,0.5,0.0,0.0,1.0,1.0,0.4,REJECTED,ENTRY_OR_SOURCE_BLOCKED_BY_FUNNEL,ENTRY_OR_SOURCE_BLOCKED_BY_FUNNEL,,SOURCE_BLOCKED_SECTOR_UNAVAILABLE,SOURCE_BLOCKED_NO_LIQUIDITY_FIELD,390,17313.9264,0.25,0.5,INELIGIBLE_UNKNOWN,STRATEGY_FILTER_NOT_MET NO_ENTRY,0,0,,,2026-06-02T18:35:28.890486Z:AMD,0,REJECTED: ENTRY_OR_SOURCE_BLOCKED_BY_FUNNEL; source=ENTRY_OR_SOURCE_BLOCKED_BY_FUNNEL; rank_score=0.500000; liquidity_score=0.000000; diversification_score=0.000000; cooldown_score=1.000000; existing_position_penalty=1.000000; sector_cap_status=SOURCE_BLOCKED_SECTOR_UNAVAILABLE; matching_policy=EXACT_CANDIDATE_ID_ONLY_NO_SYMBOL_DATE_PRICE_TIME_FALLBACK
T601-3,decision-e9b5512495504862,decision-e9b5512495504862,AMD,2026-06-02T18:41:29.262349Z,0.5,0.0,0.0,1.0,1.0,0.4,REJECTED,ENTRY_OR_SOURCE_BLOCKED_BY_FUNNEL,ENTRY_OR_SOURCE_BLOCKED_BY_FUNNEL,,SOURCE_BLOCKED_SECTOR_UNAVAILABLE,SOURCE_BLOCKED_NO_LIQUIDITY_FIELD,390,17319.6407,0.25,0.5,INELIGIBLE_UNKNOWN,STRATEGY_FILTER_NOT_MET NO_ENTRY,0,0,,,2026-06-02T18:41:12.552503Z:AMD,0,REJECTED: ENTRY_OR_SOURCE_BLOCKED_BY_FUNNEL; source=ENTRY_OR_SOURCE_BLOCKED_BY_FUNNEL; rank_score=0.500000; liquidity_score=0.000000; diversification_score=0.000000; cooldown_score=1.000000; existing_position_penalty=1.000000; sector_cap_status=SOURCE_BLOCKED_SECTOR_UNAVAILABLE; matching_policy=EXACT_CANDIDATE_ID_ONLY_NO_SYMBOL_DATE_PRICE_TIME_FALLBACK
T601-3,decision-83f90c78e7354827,decision-83f90c78e7354827,AMD,2026-06-02T18:47:21.882209Z,0.5,0.0,0.0,1.0,1.0,0.4,REJECTED,ENTRY_OR_SOURCE_BLOCKED_BY_FUNNEL,ENTRY_OR_SOURCE_BLOCKED_BY_FUNNEL,,SOURCE_BLOCKED_SECTOR_UNAVAILABLE,SOURCE_BLOCKED_NO_LIQUIDITY_FIELD,390,17325.5177,0.25,0.5,INELIGIBLE_UNKNOWN,STRATEGY_FILTER_NOT_MET NO_ENTRY,0,0,,,2026-06-02T18:46:48.048688Z:AMD,0,REJECTED: ENTRY_OR_SOURCE_BLOCKED_BY_FUNNEL; source=ENTRY_OR_SOURCE_BLOCKED_BY_FUNNEL; rank_score=0.500000; liquidity_score=0.000000; diversification_score=0.000000; cooldown_score=1.000000; existing_position_penalty=1.000000; sector_cap_status=SOURCE_BLOCKED_SECTOR_UNAVAILABLE; matching_policy=EXACT_CANDIDATE_ID_ONLY_NO_SYMBOL_DATE_PRICE_TIME_FALLBACK
T601-3,decision-3c4f441aaa734859,decision-3c4f441aaa734859,AMD,2026-06-02T18:52:59.071179Z,0.5,0.0,0.0,1.0,1.0,0.4,REJECTED,ENTRY_OR_SOURCE_BLOCKED_BY_FUNNEL,ENTRY_OR_SOURCE_BLOCKED_BY_FUNNEL,,SOURCE_BLOCKED_SECTOR_UNAVAILABLE,SOURCE_BLOCKED_NO_LIQUIDITY_FIELD,390,17331.1375,0.25,0.5,INELIGIBLE_UNKNOWN,STRATEGY_FILTER_NOT_MET NO_ENTRY,0,0,,,2026-06-02T18:52:35.137381Z:AMD,0,REJECTED: ENTRY_OR_SOURCE_BLOCKED_BY_FUNNEL; source=ENTRY_OR_SOURCE_BLOCKED_BY_FUNNEL; rank_score=0.500000; liquidity_score=0.000000; diversification_score=0.000000; cooldown_score=1.000000; existing_position_penalty=1.000000; sector_cap_status=SOURCE_BLOCKED_SECTOR_UNAVAILABLE; matching_policy=EXACT_CANDIDATE_ID_ONLY_NO_SYMBOL_DATE_PRICE_TIME_FALLBACK
T601-3,decision-e8db468d4f9746e9,decision-e8db468d4f9746e9,AMD,2026-06-02T18:58:26.554481Z,0.5,0.0,0.0,1.0,1.0,0.4,REJECTED,ENTRY_OR_SOURCE_BLOCKED_BY_FUNNEL,ENTRY_OR_SOURCE_BLOCKED_BY_FUNNEL,,SOURCE_BLOCKED_SECTOR_UNAVAILABLE,SOURCE_BLOCKED_NO_LIQUIDITY_FIELD,390,17336.5956,0.25,0.5,INELIGIBLE_UNKNOWN,STRATEGY_FILTER_NOT_MET NO_ENTRY,0,0,,,2026-06-02T18:58:16.160561Z:AMD,0,REJECTED: ENTRY_OR_SOURCE_BLOCKED_BY_FUNNEL; source=ENTRY_OR_SOURCE_BLOCKED_BY_FUNNEL; rank_score=0.500000; liquidity_score=0.000000; diversification_score=0.000000; cooldown_score=1.000000; existing_position_penalty=1.000000; sector_cap_status=SOURCE_BLOCKED_SECTOR_UNAVAILABLE; matching_policy=EXACT_CANDIDATE_ID_ONLY_NO_SYMBOL_DATE_PRICE_TIME_FALLBACK
T601-3,decision-fb2b729fc2ed4570,decision-fb2b729fc2ed4570,MSFT,2026-06-02T19:03:45.487308Z,0.49375,0.0,0.0,1.0,1.0,0.39375,REJECTED,ENTRY_OR_SOURCE_BLOCKED_BY_FUNNEL,ENTRY_OR_SOURCE_BLOCKED_BY_FUNNEL,,SOURCE_BLOCKED_SECTOR_UNAVAILABLE,SOURCE_BLOCKED_NO_LIQUIDITY_FIELD,390,6001.1949,0.25,0.5,INELIGIBLE_UNKNOWN,STRATEGY_FILTER_NOT_MET NO_ENTRY,0,0,,,2026-06-02T19:03:34.512747Z:MSFT,0,REJECTED: ENTRY_OR_SOURCE_BLOCKED_BY_FUNNEL; source=ENTRY_OR_SOURCE_BLOCKED_BY_FUNNEL; rank_score=0.493750; liquidity_score=0.000000; diversification_score=0.000000; cooldown_score=1.000000; existing_position_penalty=1.000000; sector_cap_status=SOURCE_BLOCKED_SECTOR_UNAVAILABLE; matching_policy=EXACT_CANDIDATE_ID_ONLY_NO_SYMBOL_DATE_PRICE_TIME_FALLBACK
T601-3,decision-8c60a96fa993414a,decision-8c60a96fa993414a,AMZN,2026-06-02T19:09:05.586728Z,0.49375,0.0,0.0,1.0,1.0,0.39375,REJECTED,ENTRY_OR_SOURCE_BLOCKED_BY_FUNNEL,ENTRY_OR_SOURCE_BLOCKED_BY_FUNNEL,,SOURCE_BLOCKED_SECTOR_UNAVAILABLE,SOURCE_BLOCKED_NO_LIQUIDITY_FIELD,390,17505.8563,0.25,0.5,INELIGIBLE_UNKNOWN,STRATEGY_FILTER_NOT_MET NO_ENTRY,0,0,,,2026-06-02T19:08:54.798242Z:AMZN,0,REJECTED: ENTRY_OR_SOURCE_BLOCKED_BY_FUNNEL; source=ENTRY_OR_SOURCE_BLOCKED_BY_FUNNEL; rank_score=0.493750; liquidity_score=0.000000; diversification_score=0.000000; cooldown_score=1.000000; existing_position_penalty=1.000000; sector_cap_status=SOURCE_BLOCKED_SECTOR_UNAVAILABLE; matching_policy=EXACT_CANDIDATE_ID_ONLY_NO_SYMBOL_DATE_PRICE_TIME_FALLBACK
T601-3,decision-6269ce23bce749ea,decision-6269ce23bce749ea,AMD,2026-06-02T19:14:27.056258Z,0.5,0.0,0.0,1.0,1.0,0.4,REJECTED,PORTFOLIO_FULL,ELIGIBLE_FROM_FUNNEL,,SOURCE_BLOCKED_SECTOR_UNAVAILABLE,SOURCE_BLOCKED_NO_LIQUIDITY_FIELD,390,17352.6039,0.25,0.5,ELIGIBLE,,1,1,40987.0,0000040987:2026-06-02T19:19:52.069833Z:ORDER_STATUS,2026-06-02T19:14:15.625147Z:AMD,0,REJECTED: PORTFOLIO_FULL; source=ELIGIBLE_FROM_FUNNEL; rank_score=0.500000; liquidity_score=0.000000; diversification_score=0.000000; cooldown_score=1.000000; existing_position_penalty=1.000000; sector_cap_status=SOURCE_BLOCKED_SECTOR_UNAVAILABLE; matching_policy=EXACT_CANDIDATE_ID_ONLY_NO_SYMBOL_DATE_PRICE_TIME_FALLBACK
T601-3,decision-b4d006ec535f4689,decision-b4d006ec535f4689,AMD,2026-06-02T19:19:50.448348Z,0.5,0.0,0.0,1.0,1.0,0.4,REJECTED,PORTFOLIO_FULL,ELIGIBLE_FROM_FUNNEL,,SOURCE_BLOCKED_SECTOR_UNAVAILABLE,SOURCE_BLOCKED_NO_LIQUIDITY_FIELD,390,17357.9938,0.25,0.5,ELIGIBLE,,1,1,41006.0,0000041006:2026-06-02T19:30:35.956316Z:ORDER_STATUS,2026-06-02T19:19:39.584871Z:AMD,0,REJECTED: PORTFOLIO_FULL; source=ELIGIBLE_FROM_FUNNEL; rank_score=0.500000; liquidity_score=0.000000; diversification_score=0.000000; cooldown_score=1.000000; existing_position_penalty=1.000000; sector_cap_status=SOURCE_BLOCKED_SECTOR_UNAVAILABLE; matching_policy=EXACT_CANDIDATE_ID_ONLY_NO_SYMBOL_DATE_PRICE_TIME_FALLBACK
T601-3,decision-7260f6771fb840c1,decision-7260f6771fb840c1,AMZN,2026-06-02T19:25:13.914487Z,0.49375,0.0,0.0,1.0,1.0,0.39375,REJECTED,ENTRY_OR_SOURCE_BLOCKED_BY_FUNNEL,ENTRY_OR_SOURCE_BLOCKED_BY_FUNNEL,,SOURCE_BLOCKED_SECTOR_UNAVAILABLE,SOURCE_BLOCKED_NO_LIQUIDITY_FIELD,390,17521.9951,0.25,0.5,INELIGIBLE_UNKNOWN,STRATEGY_FILTER_NOT_MET NO_ENTRY,0,0,,,2026-06-02T19:25:03.046103Z:AMZN,0,REJECTED: ENTRY_OR_SOURCE_BLOCKED_BY_FUNNEL; source=ENTRY_OR_SOURCE_BLOCKED_BY_FUNNEL; rank_score=0.493750; liquidity_score=0.000000; diversification_score=0.000000; cooldown_score=1.000000; existing_position_penalty=1.000000; sector_cap_status=SOURCE_BLOCKED_SECTOR_UNAVAILABLE; matching_policy=EXACT_CANDIDATE_ID_ONLY_NO_SYMBOL_DATE_PRICE_TIME_FALLBACK
T601-3,decision-c08b0005becb40e0,decision-c08b0005becb40e0,AMZN,2026-06-02T19:30:34.629248Z,0.49375,0.0,0.0,1.0,1.0,0.39375,REJECTED,ENTRY_OR_SOURCE_BLOCKED_BY_FUNNEL,ENTRY_OR_SOURCE_BLOCKED_BY_FUNNEL,,SOURCE_BLOCKED_SECTOR_UNAVAILABLE,SOURCE_BLOCKED_NO_LIQUIDITY_FIELD,390,17527.3404,0.25,0.5,INELIGIBLE_UNKNOWN,STRATEGY_FILTER_NOT_MET NO_ENTRY,0,0,,,2026-06-02T19:30:23.898853Z:AMZN,0,REJECTED: ENTRY_OR_SOURCE_BLOCKED_BY_FUNNEL; source=ENTRY_OR_SOURCE_BLOCKED_BY_FUNNEL; rank_score=0.493750; liquidity_score=0.000000; diversification_score=0.000000; cooldown_score=1.000000; existing_position_penalty=1.000000; sector_cap_status=SOURCE_BLOCKED_SECTOR_UNAVAILABLE; matching_policy=EXACT_CANDIDATE_ID_ONLY_NO_SYMBOL_DATE_PRICE_TIME_FALLBACK
T601-3,decision-9aa51c81825548ea,decision-9aa51c81825548ea,AMD,2026-06-02T19:35:56.598191Z,0.5,0.0,0.0,1.0,1.0,0.4,REJECTED,ENTRY_OR_SOURCE_BLOCKED_BY_FUNNEL,ENTRY_OR_SOURCE_BLOCKED_BY_FUNNEL,,SOURCE_BLOCKED_SECTOR_UNAVAILABLE,SOURCE_BLOCKED_NO_LIQUIDITY_FIELD,390,17374.0963,0.25,0.5,INELIGIBLE_UNKNOWN,STRATEGY_FILTER_NOT_MET NO_ENTRY,0,0,,,2026-06-02T19:35:44.994949Z:AMD,0,REJECTED: ENTRY_OR_SOURCE_BLOCKED_BY_FUNNEL; source=ENTRY_OR_SOURCE_BLOCKED_BY_FUNNEL; rank_score=0.500000; liquidity_score=0.000000; diversification_score=0.000000; cooldown_score=1.000000; existing_position_penalty=1.000000; sector_cap_status=SOURCE_BLOCKED_SECTOR_UNAVAILABLE; matching_policy=EXACT_CANDIDATE_ID_ONLY_NO_SYMBOL_DATE_PRICE_TIME_FALLBACK
T601-3,decision-55b6560c78804291,decision-55b6560c78804291,AMD,2026-06-02T19:41:15.387484Z,0.5,0.0,0.0,1.0,1.0,0.4,REJECTED,ENTRY_OR_SOURCE_BLOCKED_BY_FUNNEL,ENTRY_OR_SOURCE_BLOCKED_BY_FUNNEL,,SOURCE_BLOCKED_SECTOR_UNAVAILABLE,SOURCE_BLOCKED_NO_LIQUIDITY_FIELD,390,17379.4094,0.25,0.5,INELIGIBLE_UNKNOWN,STRATEGY_FILTER_NOT_MET NO_ENTRY,0,0,,,2026-06-02T19:41:04.152486Z:AMD,0,REJECTED: ENTRY_OR_SOURCE_BLOCKED_BY_FUNNEL; source=ENTRY_OR_SOURCE_BLOCKED_BY_FUNNEL; rank_score=0.500000; liquidity_score=0.000000; diversification_score=0.000000; cooldown_score=1.000000; existing_position_penalty=1.000000; sector_cap_status=SOURCE_BLOCKED_SECTOR_UNAVAILABLE; matching_policy=EXACT_CANDIDATE_ID_ONLY_NO_SYMBOL_DATE_PRICE_TIME_FALLBACK
T601-3,decision-8abaf6c6664649bf,decision-8abaf6c6664649bf,AMD,2026-06-02T19:46:36.746710Z,0.5,0.0,0.0,1.0,1.0,0.4,REJECTED,ENTRY_OR_SOURCE_BLOCKED_BY_FUNNEL,ENTRY_OR_SOURCE_BLOCKED_BY_FUNNEL,,SOURCE_BLOCKED_SECTOR_UNAVAILABLE,SOURCE_BLOCKED_NO_LIQUIDITY_FIELD,390,17384.7654,0.25,0.5,INELIGIBLE_UNKNOWN,STRATEGY_FILTER_NOT_MET NO_ENTRY,0,0,,,2026-06-02T19:46:25.518476Z:AMD,0,REJECTED: ENTRY_OR_SOURCE_BLOCKED_BY_FUNNEL; source=ENTRY_OR_SOURCE_BLOCKED_BY_FUNNEL; rank_score=0.500000; liquidity_score=0.000000; diversification_score=0.000000; cooldown_score=1.000000; existing_position_penalty=1.000000; sector_cap_status=SOURCE_BLOCKED_SECTOR_UNAVAILABLE; matching_policy=EXACT_CANDIDATE_ID_ONLY_NO_SYMBOL_DATE_PRICE_TIME_FALLBACK
T601-3,decision-ff92ce1ffe184470,decision-ff92ce1ffe184470,AMD,2026-06-03T05:01:33.274767Z,0.5,0.0,0.0,1.0,1.0,0.4,REJECTED,PORTFOLIO_FULL,ELIGIBLE_FROM_FUNNEL,,SOURCE_BLOCKED_SECTOR_UNAVAILABLE,SOURCE_BLOCKED_NO_LIQUIDITY_FIELD,390,17939.7076,0.25,0.5,ELIGIBLE,,0,0,,,2026-06-03T05:00:58.875329Z:AMD,0,REJECTED: PORTFOLIO_FULL; source=ELIGIBLE_FROM_FUNNEL; rank_score=0.500000; liquidity_score=0.000000; diversification_score=0.000000; cooldown_score=1.000000; existing_position_penalty=1.000000; sector_cap_status=SOURCE_BLOCKED_SECTOR_UNAVAILABLE; matching_policy=EXACT_CANDIDATE_ID_ONLY_NO_SYMBOL_DATE_PRICE_TIME_FALLBACK
T601-3,decision-39ec7e95d96d4ae1,decision-39ec7e95d96d4ae1,AMD,2026-06-03T05:03:55.130381Z,0.5,0.0,0.0,1.0,1.0,0.4,REJECTED,PORTFOLIO_FULL,ELIGIBLE_FROM_FUNNEL,,SOURCE_BLOCKED_SECTOR_UNAVAILABLE,SOURCE_BLOCKED_NO_LIQUIDITY_FIELD,390,17942.0718,0.25,0.5,ELIGIBLE,,0,0,,,2026-06-03T05:03:43.491454Z:AMD,0,REJECTED: PORTFOLIO_FULL; source=ELIGIBLE_FROM_FUNNEL; rank_score=0.500000; liquidity_score=0.000000; diversification_score=0.000000; cooldown_score=1.000000; existing_position_penalty=1.000000; sector_cap_status=SOURCE_BLOCKED_SECTOR_UNAVAILABLE; matching_policy=EXACT_CANDIDATE_ID_ONLY_NO_SYMBOL_DATE_PRICE_TIME_FALLBACK
T601-3,decision-1d32169632cb496c,decision-1d32169632cb496c,AMD,2026-06-03T05:56:40.723936Z,0.5,0.0,0.0,1.0,1.0,0.4,REJECTED,PORTFOLIO_FULL,ELIGIBLE_FROM_FUNNEL,,SOURCE_BLOCKED_SECTOR_UNAVAILABLE,SOURCE_BLOCKED_NO_LIQUIDITY_FIELD,390,17994.8317,0.25,0.5,ELIGIBLE,,0,0,,,2026-06-03T05:55:36.115218Z:AMD,0,REJECTED: PORTFOLIO_FULL; source=ELIGIBLE_FROM_FUNNEL; rank_score=0.500000; liquidity_score=0.000000; diversification_score=0.000000; cooldown_score=1.000000; existing_position_penalty=1.000000; sector_cap_status=SOURCE_BLOCKED_SECTOR_UNAVAILABLE; matching_policy=EXACT_CANDIDATE_ID_ONLY_NO_SYMBOL_DATE_PRICE_TIME_FALLBACK
