path,top_dir,suffix,size_bytes,class,recommendation,delete_risk,reason
docs/obsidian/Codex Obsidian Workflow.md,docs,.md,6927,NAVIGATION_LAYER,ARCHIVE_REVIEW,MEDIUM,Human navigation layer excluded from default Codex scope.
docs/obsidian/README.md,docs,.md,3661,NAVIGATION_LAYER,ARCHIVE_REVIEW,MEDIUM,Human navigation layer excluded from default Codex scope.
docs/obsidian/Vault Home.md,docs,.md,2680,NAVIGATION_LAYER,ARCHIVE_REVIEW,MEDIUM,Human navigation layer excluded from default Codex scope.
docs/obsidian/boards/Research Cockpit.canvas,docs,.canvas,8228,NAVIGATION_LAYER,ARCHIVE_REVIEW,MEDIUM,Human navigation layer excluded from default Codex scope.
docs/obsidian/mocs/Operating System Map.md,docs,.md,1299,NAVIGATION_LAYER,ARCHIVE_REVIEW,MEDIUM,Human navigation layer excluded from default Codex scope.
docs/obsidian/mocs/Quant Research Map.md,docs,.md,1728,NAVIGATION_LAYER,ARCHIVE_REVIEW,MEDIUM,Human navigation layer excluded from default Codex scope.
docs/obsidian/templates/task-note-template.md,docs,.md,716,NAVIGATION_LAYER,ARCHIVE_REVIEW,MEDIUM,Human navigation layer excluded from default Codex scope.
docs/reports/A006_generated_cache_delete_pass/deletion_log.csv,docs,.csv,144299,HISTORICAL_REPORT,KEEP_OR_ARCHIVE_REVIEW,MEDIUM,Historical report evidence; exclude from default read scope.
docs/reports/A006_generated_cache_delete_pass/directory_cleanup_log.csv,docs,.csv,4285,HISTORICAL_REPORT,KEEP_OR_ARCHIVE_REVIEW,MEDIUM,Historical report evidence; exclude from default read scope.
docs/reports/A006_generated_cache_delete_pass/generated_cache_delete_report.md,docs,.md,5083,HISTORICAL_REPORT,KEEP_OR_ARCHIVE_REVIEW,MEDIUM,Historical report evidence; exclude from default read scope.
docs/reports/A006_generated_cache_delete_pass/post_validation_cache_cleanup_log.csv,docs,.csv,1131,HISTORICAL_REPORT,KEEP_OR_ARCHIVE_REVIEW,MEDIUM,Historical report evidence; exclude from default read scope.
docs/reports/A007_dvc_lfs_artifact_management/dvc_add_retry_log.csv,docs,.csv,5133,HISTORICAL_REPORT,KEEP_OR_ARCHIVE_REVIEW,MEDIUM,Historical report evidence; exclude from default read scope.
docs/reports/A007_dvc_lfs_artifact_management/dvc_excluded_git_tracked.csv,docs,.csv,98,HISTORICAL_REPORT,KEEP_OR_ARCHIVE_REVIEW,MEDIUM,Historical report evidence; exclude from default read scope.
docs/reports/A007_dvc_lfs_artifact_management/dvc_lfs_artifact_management_report.md,docs,.md,4233,HISTORICAL_REPORT,KEEP_OR_ARCHIVE_REVIEW,MEDIUM,Historical report evidence; exclude from default read scope.
docs/reports/A007_dvc_lfs_artifact_management/dvc_targets.csv,docs,.csv,6889,HISTORICAL_REPORT,KEEP_OR_ARCHIVE_REVIEW,MEDIUM,Historical report evidence; exclude from default read scope.
docs/reports/A007_dvc_lfs_artifact_management/dvc_tracking_status.csv,docs,.csv,6308,HISTORICAL_REPORT,KEEP_OR_ARCHIVE_REVIEW,MEDIUM,Historical report evidence; exclude from default read scope.
docs/reports/A007_dvc_lfs_artifact_management/execution_summary.csv,docs,.csv,253,HISTORICAL_REPORT,KEEP_OR_ARCHIVE_REVIEW,MEDIUM,Historical report evidence; exclude from default read scope.
docs/reports/A007_dvc_lfs_artifact_management/large_payload_move_log.csv,docs,.csv,3242,HISTORICAL_REPORT,KEEP_OR_ARCHIVE_REVIEW,MEDIUM,Historical report evidence; exclude from default read scope.
docs/reports/A007_dvc_lfs_artifact_management/large_payload_tracking_plan.csv,docs,.csv,10430,HISTORICAL_REPORT,KEEP_OR_ARCHIVE_REVIEW,MEDIUM,Historical report evidence; exclude from default read scope.
docs/reports/A007_dvc_lfs_artifact_management/post_cleanup_inventory/archive_review_candidates.csv,docs,.csv,457382,HISTORICAL_REPORT,KEEP_OR_ARCHIVE_REVIEW,MEDIUM,Historical report evidence; exclude from default read scope.
docs/reports/A007_dvc_lfs_artifact_management/post_cleanup_inventory/classification_summary.csv,docs,.csv,681,HISTORICAL_REPORT,KEEP_OR_ARCHIVE_REVIEW,MEDIUM,Historical report evidence; exclude from default read scope.
docs/reports/A007_dvc_lfs_artifact_management/post_cleanup_inventory/delete_safe_candidates.csv,docs,.csv,72,HISTORICAL_REPORT,KEEP_OR_ARCHIVE_REVIEW,MEDIUM,Historical report evidence; exclude from default read scope.
docs/reports/A007_dvc_lfs_artifact_management/post_cleanup_inventory/file_inventory.csv,docs,.csv,2248757,HISTORICAL_REPORT,KEEP_OR_ARCHIVE_REVIEW,MEDIUM,Historical report evidence; exclude from default read scope.
docs/reports/A007_dvc_lfs_artifact_management/post_cleanup_inventory/needs_review_candidates.csv,docs,.csv,27963,HISTORICAL_REPORT,KEEP_OR_ARCHIVE_REVIEW,MEDIUM,Historical report evidence; exclude from default read scope.
docs/reports/A007_dvc_lfs_artifact_management/post_cleanup_inventory/protected_keep_files.csv,docs,.csv,1763556,HISTORICAL_REPORT,KEEP_OR_ARCHIVE_REVIEW,MEDIUM,Historical report evidence; exclude from default read scope.
docs/reports/A007_dvc_lfs_artifact_management/post_cleanup_inventory/top_dir_summary.csv,docs,.csv,709,HISTORICAL_REPORT,KEEP_OR_ARCHIVE_REVIEW,MEDIUM,Historical report evidence; exclude from default read scope.
docs/reports/A007_dvc_lfs_artifact_management/reference_update_log.csv,docs,.csv,2122,HISTORICAL_REPORT,KEEP_OR_ARCHIVE_REVIEW,MEDIUM,Historical report evidence; exclude from default read scope.
docs/reports/A008_path_by_path_owner_review/cleanup_execution_log.csv,docs,.csv,390170,HISTORICAL_REPORT,KEEP_OR_ARCHIVE_REVIEW,MEDIUM,Historical report evidence; exclude from default read scope.
docs/reports/A008_path_by_path_owner_review/owner_review_decision_matrix.csv,docs,.csv,483322,HISTORICAL_REPORT,KEEP_OR_ARCHIVE_REVIEW,MEDIUM,Historical report evidence; exclude from default read scope.
docs/reports/A008_path_by_path_owner_review/path_by_path_owner_review_report.md,docs,.md,3658,HISTORICAL_REPORT,KEEP_OR_ARCHIVE_REVIEW,MEDIUM,Historical report evidence; exclude from default read scope.
docs/reports/A010_artifact_guardrails/artifact_guardrails_report.md,docs,.md,1112,HISTORICAL_REPORT,KEEP_OR_ARCHIVE_REVIEW,MEDIUM,Historical report evidence; exclude from default read scope.
docs/reports/architecture_normalization_report.md,docs,.md,4596,HISTORICAL_REPORT,KEEP_OR_ARCHIVE_REVIEW,MEDIUM,Historical report evidence; exclude from default read scope.
docs/reports/backtest_strategy_status_2026-05-02.md,docs,.md,4010,HISTORICAL_REPORT,KEEP_OR_ARCHIVE_REVIEW,MEDIUM,Historical report evidence; exclude from default read scope.
docs/reports/daily_feedback_2026-05-21/daily_feedback_2026-05-21.md,docs,.md,10076,HISTORICAL_REPORT,KEEP_OR_ARCHIVE_REVIEW,MEDIUM,Historical report evidence; exclude from default read scope.
docs/reports/daily_feedback_2026-05-23/daily_feedback_2026-05-23.md,docs,.md,10689,HISTORICAL_REPORT,KEEP_OR_ARCHIVE_REVIEW,MEDIUM,Historical report evidence; exclude from default read scope.
docs/reports/daily_feedback_2026-05-24/daily_feedback_2026-05-24.md,docs,.md,11177,HISTORICAL_REPORT,KEEP_OR_ARCHIVE_REVIEW,MEDIUM,Historical report evidence; exclude from default read scope.
docs/reports/daily_feedback_2026-05-25/daily_feedback_2026-05-25.md,docs,.md,12383,HISTORICAL_REPORT,KEEP_OR_ARCHIVE_REVIEW,MEDIUM,Historical report evidence; exclude from default read scope.
docs/reports/daily_feedback_2026-05-25/slack_report_2026-05-25.md,docs,.md,3473,HISTORICAL_REPORT,KEEP_OR_ARCHIVE_REVIEW,MEDIUM,Historical report evidence; exclude from default read scope.
docs/reports/daily_feedback_2026-05-27/daily_feedback_2026-05-27.md,docs,.md,10161,HISTORICAL_REPORT,KEEP_OR_ARCHIVE_REVIEW,MEDIUM,Historical report evidence; exclude from default read scope.
docs/reports/daily_feedback_2026-05-27/slack_report_2026-05-27.md,docs,.md,1882,HISTORICAL_REPORT,KEEP_OR_ARCHIVE_REVIEW,MEDIUM,Historical report evidence; exclude from default read scope.
docs/reports/daily_feedback_2026-05-28/daily_feedback_2026-05-28.md,docs,.md,11467,HISTORICAL_REPORT,KEEP_OR_ARCHIVE_REVIEW,MEDIUM,Historical report evidence; exclude from default read scope.
docs/reports/daily_feedback_2026-05-28/slack_report_2026-05-28.md,docs,.md,2126,HISTORICAL_REPORT,KEEP_OR_ARCHIVE_REVIEW,MEDIUM,Historical report evidence; exclude from default read scope.
docs/reports/daily_feedback_2026-06-02/daily_feedback_2026-06-02.md,docs,.md,9923,HISTORICAL_REPORT,KEEP_OR_ARCHIVE_REVIEW,MEDIUM,Historical report evidence; exclude from default read scope.
docs/reports/daily_feedback_2026-06-02/slack_report_2026-06-02.md,docs,.md,2134,HISTORICAL_REPORT,KEEP_OR_ARCHIVE_REVIEW,MEDIUM,Historical report evidence; exclude from default read scope.
docs/reports/daily_feedback_2026-06-03/daily_feedback_2026-06-03.md,docs,.md,10854,HISTORICAL_REPORT,KEEP_OR_ARCHIVE_REVIEW,MEDIUM,Historical report evidence; exclude from default read scope.
docs/reports/daily_feedback_2026-06-03/slack_report_2026-06-03.md,docs,.md,1914,HISTORICAL_REPORT,KEEP_OR_ARCHIVE_REVIEW,MEDIUM,Historical report evidence; exclude from default read scope.
docs/reports/daily_feedback_2026-06-04/daily_feedback_2026-06-04.md,docs,.md,11027,HISTORICAL_REPORT,KEEP_OR_ARCHIVE_REVIEW,MEDIUM,Historical report evidence; exclude from default read scope.
docs/reports/daily_feedback_2026-06-04/slack_report_2026-06-04.md,docs,.md,2017,HISTORICAL_REPORT,KEEP_OR_ARCHIVE_REVIEW,MEDIUM,Historical report evidence; exclude from default read scope.
docs/reports/daily_feedback_team_summary_2026-06-02/daily_feedback_team_summary_2026-06-02.md,docs,.md,9204,HISTORICAL_REPORT,KEEP_OR_ARCHIVE_REVIEW,MEDIUM,Historical report evidence; exclude from default read scope.
docs/reports/ops/task_log_2026-04-24.md,docs,.md,7279,HISTORICAL_REPORT,KEEP_OR_ARCHIVE_REVIEW,MEDIUM,Historical report evidence; exclude from default read scope.
docs/reports/ops/task_log_2026-04-25.md,docs,.md,4741,HISTORICAL_REPORT,KEEP_OR_ARCHIVE_REVIEW,MEDIUM,Historical report evidence; exclude from default read scope.
docs/reports/pilot_kpi_gate.md,docs,.md,2249,HISTORICAL_REPORT,KEEP_OR_ARCHIVE_REVIEW,MEDIUM,Historical report evidence; exclude from default read scope.
docs/reports/task_066b/task_066B_final_validation_time_stop_only.json,docs,.json,13444,HISTORICAL_REPORT,KEEP_OR_ARCHIVE_REVIEW,MEDIUM,Historical report evidence; exclude from default read scope.
docs/reports/task_066b/task_066B_final_validation_time_stop_only.md,docs,.md,2828,HISTORICAL_REPORT,KEEP_OR_ARCHIVE_REVIEW,MEDIUM,Historical report evidence; exclude from default read scope.
docs/reports/task_066b/task_066_final_validation_limited_chase.md,docs,.md,2452,HISTORICAL_REPORT,KEEP_OR_ARCHIVE_REVIEW,MEDIUM,Historical report evidence; exclude from default read scope.
docs/reports/task_067/task_067_stop_loss_structure.json,docs,.json,7516,HISTORICAL_REPORT,KEEP_OR_ARCHIVE_REVIEW,MEDIUM,Historical report evidence; exclude from default read scope.
docs/reports/task_067/task_067_stop_loss_structure.md,docs,.md,3610,HISTORICAL_REPORT,KEEP_OR_ARCHIVE_REVIEW,MEDIUM,Historical report evidence; exclude from default read scope.
docs/reports/task_068/task_068_risk_model_layer.json,docs,.json,5037,HISTORICAL_REPORT,KEEP_OR_ARCHIVE_REVIEW,MEDIUM,Historical report evidence; exclude from default read scope.
docs/reports/task_068/task_068_risk_model_layer.md,docs,.md,2895,HISTORICAL_REPORT,KEEP_OR_ARCHIVE_REVIEW,MEDIUM,Historical report evidence; exclude from default read scope.
docs/reports/task_068b/task_068B_risk_grid.json,docs,.json,156249,HISTORICAL_REPORT,KEEP_OR_ARCHIVE_REVIEW,MEDIUM,Historical report evidence; exclude from default read scope.
docs/reports/task_068b/task_068B_risk_grid.md,docs,.md,831,HISTORICAL_REPORT,KEEP_OR_ARCHIVE_REVIEW,MEDIUM,Historical report evidence; exclude from default read scope.
docs/reports/task_076/task_076_minimal_regime_entry_gate.json,docs,.json,53431,HISTORICAL_REPORT,KEEP_OR_ARCHIVE_REVIEW,MEDIUM,Historical report evidence; exclude from default read scope.
docs/reports/task_076/task_076_minimal_regime_entry_gate.md,docs,.md,3893,HISTORICAL_REPORT,KEEP_OR_ARCHIVE_REVIEW,MEDIUM,Historical report evidence; exclude from default read scope.
docs/reports/task_076/task_076_review.json,docs,.json,1991,HISTORICAL_REPORT,KEEP_OR_ARCHIVE_REVIEW,MEDIUM,Historical report evidence; exclude from default read scope.
docs/reports/task_076/task_076_review.md,docs,.md,602,HISTORICAL_REPORT,KEEP_OR_ARCHIVE_REVIEW,MEDIUM,Historical report evidence; exclude from default read scope.
docs/reports/task_077/task_077_gate_revalidation.json,docs,.json,4628,HISTORICAL_REPORT,KEEP_OR_ARCHIVE_REVIEW,MEDIUM,Historical report evidence; exclude from default read scope.
docs/reports/task_077/task_077_gate_revalidation.md,docs,.md,1059,HISTORICAL_REPORT,KEEP_OR_ARCHIVE_REVIEW,MEDIUM,Historical report evidence; exclude from default read scope.
docs/reports/task_078/task_078_regime_decomposition.json,docs,.json,2984,HISTORICAL_REPORT,KEEP_OR_ARCHIVE_REVIEW,MEDIUM,Historical report evidence; exclude from default read scope.
docs/reports/task_078/task_078_regime_decomposition.md,docs,.md,1022,HISTORICAL_REPORT,KEEP_OR_ARCHIVE_REVIEW,MEDIUM,Historical report evidence; exclude from default read scope.
docs/reports/task_080/task_080_paper_one_shot.json,docs,.json,5095,HISTORICAL_REPORT,KEEP_OR_ARCHIVE_REVIEW,MEDIUM,Historical report evidence; exclude from default read scope.
docs/reports/task_080/task_080_paper_one_shot.md,docs,.md,1507,HISTORICAL_REPORT,KEEP_OR_ARCHIVE_REVIEW,MEDIUM,Historical report evidence; exclude from default read scope.
docs/reports/task_081/task_081_paper_eod_review.json,docs,.json,608,HISTORICAL_REPORT,KEEP_OR_ARCHIVE_REVIEW,MEDIUM,Historical report evidence; exclude from default read scope.
docs/reports/task_081/task_081_paper_eod_review.md,docs,.md,572,HISTORICAL_REPORT,KEEP_OR_ARCHIVE_REVIEW,MEDIUM,Historical report evidence; exclude from default read scope.
docs/reports/task_082R/task_082R_architecture.json,docs,.json,9635,HISTORICAL_REPORT,KEEP_OR_ARCHIVE_REVIEW,MEDIUM,Historical report evidence; exclude from default read scope.
docs/reports/task_082R/task_082R_architecture.md,docs,.md,2276,HISTORICAL_REPORT,KEEP_OR_ARCHIVE_REVIEW,MEDIUM,Historical report evidence; exclude from default read scope.
docs/reports/task_083/task_083_portfolio_validation.json,docs,.json,15797,HISTORICAL_REPORT,KEEP_OR_ARCHIVE_REVIEW,MEDIUM,Historical report evidence; exclude from default read scope.
docs/reports/task_083/task_083_portfolio_validation.md,docs,.md,5928,HISTORICAL_REPORT,KEEP_OR_ARCHIVE_REVIEW,MEDIUM,Historical report evidence; exclude from default read scope.
docs/reports/task_084/task_084_strategy_lock.json,docs,.json,4948,HISTORICAL_REPORT,KEEP_OR_ARCHIVE_REVIEW,MEDIUM,Historical report evidence; exclude from default read scope.
docs/reports/task_084/task_084_strategy_lock.md,docs,.md,2446,HISTORICAL_REPORT,KEEP_OR_ARCHIVE_REVIEW,MEDIUM,Historical report evidence; exclude from default read scope.
docs/reports/task_085/task_085_paper_pilot.json,docs,.json,4145,HISTORICAL_REPORT,KEEP_OR_ARCHIVE_REVIEW,MEDIUM,Historical report evidence; exclude from default read scope.
docs/reports/task_085/task_085_paper_pilot.md,docs,.md,1637,HISTORICAL_REPORT,KEEP_OR_ARCHIVE_REVIEW,MEDIUM,Historical report evidence; exclude from default read scope.
docs/reports/task_086/task_086_risk_guard_lock.md,docs,.md,2167,HISTORICAL_REPORT,KEEP_OR_ARCHIVE_REVIEW,MEDIUM,Historical report evidence; exclude from default read scope.
docs/reports/task_086/task_086_sample_plan.md,docs,.md,2317,HISTORICAL_REPORT,KEEP_OR_ARCHIVE_REVIEW,MEDIUM,Historical report evidence; exclude from default read scope.
docs/reports/task_087/runs/20260424_134208_pilot_run.json,docs,.json,1685,HISTORICAL_REPORT,KEEP_OR_ARCHIVE_REVIEW,MEDIUM,Historical report evidence; exclude from default read scope.
docs/reports/task_087/runs/20260424_134208_pilot_run.md,docs,.md,782,HISTORICAL_REPORT,KEEP_OR_ARCHIVE_REVIEW,MEDIUM,Historical report evidence; exclude from default read scope.
docs/reports/task_087/runs/20260424_135722_pilot_run.json,docs,.json,1713,HISTORICAL_REPORT,KEEP_OR_ARCHIVE_REVIEW,MEDIUM,Historical report evidence; exclude from default read scope.
docs/reports/task_087/runs/20260424_135722_pilot_run.md,docs,.md,792,HISTORICAL_REPORT,KEEP_OR_ARCHIVE_REVIEW,MEDIUM,Historical report evidence; exclude from default read scope.
docs/reports/task_087/runs/20260424_154706_pilot_run.json,docs,.json,2008,HISTORICAL_REPORT,KEEP_OR_ARCHIVE_REVIEW,MEDIUM,Historical report evidence; exclude from default read scope.
docs/reports/task_087/runs/20260424_154706_pilot_run.md,docs,.md,860,HISTORICAL_REPORT,KEEP_OR_ARCHIVE_REVIEW,MEDIUM,Historical report evidence; exclude from default read scope.
docs/reports/task_087/runs/20260424_154725_pilot_run.json,docs,.json,2008,HISTORICAL_REPORT,KEEP_OR_ARCHIVE_REVIEW,MEDIUM,Historical report evidence; exclude from default read scope.
docs/reports/task_087/runs/20260424_154725_pilot_run.md,docs,.md,860,HISTORICAL_REPORT,KEEP_OR_ARCHIVE_REVIEW,MEDIUM,Historical report evidence; exclude from default read scope.
docs/reports/task_087/runs/20260424_155221_pilot_run.json,docs,.json,2096,HISTORICAL_REPORT,KEEP_OR_ARCHIVE_REVIEW,MEDIUM,Historical report evidence; exclude from default read scope.
docs/reports/task_087/runs/20260424_155221_pilot_run.md,docs,.md,860,HISTORICAL_REPORT,KEEP_OR_ARCHIVE_REVIEW,MEDIUM,Historical report evidence; exclude from default read scope.
docs/reports/task_087/runs/20260424_155924_pilot_run.json,docs,.json,2096,HISTORICAL_REPORT,KEEP_OR_ARCHIVE_REVIEW,MEDIUM,Historical report evidence; exclude from default read scope.
docs/reports/task_087/runs/20260424_155924_pilot_run.md,docs,.md,860,HISTORICAL_REPORT,KEEP_OR_ARCHIVE_REVIEW,MEDIUM,Historical report evidence; exclude from default read scope.
docs/reports/task_087/runs/20260424_160239_pilot_run.json,docs,.json,1888,HISTORICAL_REPORT,KEEP_OR_ARCHIVE_REVIEW,MEDIUM,Historical report evidence; exclude from default read scope.
docs/reports/task_087/runs/20260424_160239_pilot_run.md,docs,.md,870,HISTORICAL_REPORT,KEEP_OR_ARCHIVE_REVIEW,MEDIUM,Historical report evidence; exclude from default read scope.
docs/reports/task_087/runs/20260424_160523_pilot_run.json,docs,.json,2096,HISTORICAL_REPORT,KEEP_OR_ARCHIVE_REVIEW,MEDIUM,Historical report evidence; exclude from default read scope.
docs/reports/task_087/runs/20260424_160523_pilot_run.md,docs,.md,860,HISTORICAL_REPORT,KEEP_OR_ARCHIVE_REVIEW,MEDIUM,Historical report evidence; exclude from default read scope.
docs/reports/task_087/runs/20260424_160724_pilot_run.json,docs,.json,2096,HISTORICAL_REPORT,KEEP_OR_ARCHIVE_REVIEW,MEDIUM,Historical report evidence; exclude from default read scope.
docs/reports/task_087/runs/20260424_160724_pilot_run.md,docs,.md,860,HISTORICAL_REPORT,KEEP_OR_ARCHIVE_REVIEW,MEDIUM,Historical report evidence; exclude from default read scope.
docs/reports/task_087/runs/20260424_162925_pilot_run.json,docs,.json,2096,HISTORICAL_REPORT,KEEP_OR_ARCHIVE_REVIEW,MEDIUM,Historical report evidence; exclude from default read scope.
docs/reports/task_087/runs/20260424_162925_pilot_run.md,docs,.md,860,HISTORICAL_REPORT,KEEP_OR_ARCHIVE_REVIEW,MEDIUM,Historical report evidence; exclude from default read scope.
docs/reports/task_087/runs/20260424_163000_pilot_run.json,docs,.json,2096,HISTORICAL_REPORT,KEEP_OR_ARCHIVE_REVIEW,MEDIUM,Historical report evidence; exclude from default read scope.
docs/reports/task_087/runs/20260424_163000_pilot_run.md,docs,.md,860,HISTORICAL_REPORT,KEEP_OR_ARCHIVE_REVIEW,MEDIUM,Historical report evidence; exclude from default read scope.
docs/reports/task_087/runs/20260424_163128_pilot_run.json,docs,.json,2096,HISTORICAL_REPORT,KEEP_OR_ARCHIVE_REVIEW,MEDIUM,Historical report evidence; exclude from default read scope.
docs/reports/task_087/runs/20260424_163128_pilot_run.md,docs,.md,860,HISTORICAL_REPORT,KEEP_OR_ARCHIVE_REVIEW,MEDIUM,Historical report evidence; exclude from default read scope.
docs/reports/task_087/runs/20260424_163139_pilot_run.json,docs,.json,2096,HISTORICAL_REPORT,KEEP_OR_ARCHIVE_REVIEW,MEDIUM,Historical report evidence; exclude from default read scope.
docs/reports/task_087/runs/20260424_163139_pilot_run.md,docs,.md,860,HISTORICAL_REPORT,KEEP_OR_ARCHIVE_REVIEW,MEDIUM,Historical report evidence; exclude from default read scope.
docs/reports/task_087/runs/20260424_163227_pilot_run.json,docs,.json,2096,HISTORICAL_REPORT,KEEP_OR_ARCHIVE_REVIEW,MEDIUM,Historical report evidence; exclude from default read scope.
docs/reports/task_087/runs/20260424_163227_pilot_run.md,docs,.md,860,HISTORICAL_REPORT,KEEP_OR_ARCHIVE_REVIEW,MEDIUM,Historical report evidence; exclude from default read scope.
docs/reports/task_087/runs/20260424_163432_pilot_run.json,docs,.json,2096,HISTORICAL_REPORT,KEEP_OR_ARCHIVE_REVIEW,MEDIUM,Historical report evidence; exclude from default read scope.
docs/reports/task_087/runs/20260424_163432_pilot_run.md,docs,.md,860,HISTORICAL_REPORT,KEEP_OR_ARCHIVE_REVIEW,MEDIUM,Historical report evidence; exclude from default read scope.
docs/reports/task_087/runs/20260424_163637_pilot_run.json,docs,.json,2096,HISTORICAL_REPORT,KEEP_OR_ARCHIVE_REVIEW,MEDIUM,Historical report evidence; exclude from default read scope.
docs/reports/task_087/runs/20260424_163637_pilot_run.md,docs,.md,860,HISTORICAL_REPORT,KEEP_OR_ARCHIVE_REVIEW,MEDIUM,Historical report evidence; exclude from default read scope.
docs/reports/task_087/runs/20260424_163842_pilot_run.json,docs,.json,2096,HISTORICAL_REPORT,KEEP_OR_ARCHIVE_REVIEW,MEDIUM,Historical report evidence; exclude from default read scope.
docs/reports/task_087/runs/20260424_163842_pilot_run.md,docs,.md,860,HISTORICAL_REPORT,KEEP_OR_ARCHIVE_REVIEW,MEDIUM,Historical report evidence; exclude from default read scope.
docs/reports/task_087/runs/20260424_163906_pilot_run.json,docs,.json,2096,HISTORICAL_REPORT,KEEP_OR_ARCHIVE_REVIEW,MEDIUM,Historical report evidence; exclude from default read scope.
docs/reports/task_087/runs/20260424_163906_pilot_run.md,docs,.md,860,HISTORICAL_REPORT,KEEP_OR_ARCHIVE_REVIEW,MEDIUM,Historical report evidence; exclude from default read scope.
docs/reports/task_087/runs/20260424_164011_pilot_run.json,docs,.json,2096,HISTORICAL_REPORT,KEEP_OR_ARCHIVE_REVIEW,MEDIUM,Historical report evidence; exclude from default read scope.
docs/reports/task_087/runs/20260424_164011_pilot_run.md,docs,.md,860,HISTORICAL_REPORT,KEEP_OR_ARCHIVE_REVIEW,MEDIUM,Historical report evidence; exclude from default read scope.
docs/reports/task_087/runs/20260424_164116_pilot_run.json,docs,.json,2096,HISTORICAL_REPORT,KEEP_OR_ARCHIVE_REVIEW,MEDIUM,Historical report evidence; exclude from default read scope.
docs/reports/task_087/runs/20260424_164116_pilot_run.md,docs,.md,860,HISTORICAL_REPORT,KEEP_OR_ARCHIVE_REVIEW,MEDIUM,Historical report evidence; exclude from default read scope.
docs/reports/task_087/runs/20260424_164222_pilot_run.json,docs,.json,2096,HISTORICAL_REPORT,KEEP_OR_ARCHIVE_REVIEW,MEDIUM,Historical report evidence; exclude from default read scope.
docs/reports/task_087/runs/20260424_164222_pilot_run.md,docs,.md,860,HISTORICAL_REPORT,KEEP_OR_ARCHIVE_REVIEW,MEDIUM,Historical report evidence; exclude from default read scope.
docs/reports/task_087/runs/20260424_164326_pilot_run.json,docs,.json,2096,HISTORICAL_REPORT,KEEP_OR_ARCHIVE_REVIEW,MEDIUM,Historical report evidence; exclude from default read scope.
docs/reports/task_087/runs/20260424_164326_pilot_run.md,docs,.md,860,HISTORICAL_REPORT,KEEP_OR_ARCHIVE_REVIEW,MEDIUM,Historical report evidence; exclude from default read scope.
docs/reports/task_087/runs/20260424_164432_pilot_run.json,docs,.json,2096,HISTORICAL_REPORT,KEEP_OR_ARCHIVE_REVIEW,MEDIUM,Historical report evidence; exclude from default read scope.
docs/reports/task_087/runs/20260424_164432_pilot_run.md,docs,.md,860,HISTORICAL_REPORT,KEEP_OR_ARCHIVE_REVIEW,MEDIUM,Historical report evidence; exclude from default read scope.
docs/reports/task_087/runs/20260424_164537_pilot_run.json,docs,.json,2096,HISTORICAL_REPORT,KEEP_OR_ARCHIVE_REVIEW,MEDIUM,Historical report evidence; exclude from default read scope.
docs/reports/task_087/runs/20260424_164537_pilot_run.md,docs,.md,860,HISTORICAL_REPORT,KEEP_OR_ARCHIVE_REVIEW,MEDIUM,Historical report evidence; exclude from default read scope.
docs/reports/task_087/runs/20260424_164710_pilot_run.json,docs,.json,2096,HISTORICAL_REPORT,KEEP_OR_ARCHIVE_REVIEW,MEDIUM,Historical report evidence; exclude from default read scope.
docs/reports/task_087/runs/20260424_164710_pilot_run.md,docs,.md,860,HISTORICAL_REPORT,KEEP_OR_ARCHIVE_REVIEW,MEDIUM,Historical report evidence; exclude from default read scope.
docs/reports/task_087/runs/20260424_164816_pilot_run.json,docs,.json,2096,HISTORICAL_REPORT,KEEP_OR_ARCHIVE_REVIEW,MEDIUM,Historical report evidence; exclude from default read scope.
docs/reports/task_087/runs/20260424_164816_pilot_run.md,docs,.md,860,HISTORICAL_REPORT,KEEP_OR_ARCHIVE_REVIEW,MEDIUM,Historical report evidence; exclude from default read scope.
docs/reports/task_087/runs/20260424_164922_pilot_run.json,docs,.json,2096,HISTORICAL_REPORT,KEEP_OR_ARCHIVE_REVIEW,MEDIUM,Historical report evidence; exclude from default read scope.
docs/reports/task_087/runs/20260424_164922_pilot_run.md,docs,.md,860,HISTORICAL_REPORT,KEEP_OR_ARCHIVE_REVIEW,MEDIUM,Historical report evidence; exclude from default read scope.
docs/reports/task_087/runs/20260424_165027_pilot_run.json,docs,.json,2096,HISTORICAL_REPORT,KEEP_OR_ARCHIVE_REVIEW,MEDIUM,Historical report evidence; exclude from default read scope.
docs/reports/task_087/runs/20260424_165027_pilot_run.md,docs,.md,860,HISTORICAL_REPORT,KEEP_OR_ARCHIVE_REVIEW,MEDIUM,Historical report evidence; exclude from default read scope.
docs/reports/task_087/runs/20260424_165133_pilot_run.json,docs,.json,2096,HISTORICAL_REPORT,KEEP_OR_ARCHIVE_REVIEW,MEDIUM,Historical report evidence; exclude from default read scope.
docs/reports/task_087/runs/20260424_165133_pilot_run.md,docs,.md,860,HISTORICAL_REPORT,KEEP_OR_ARCHIVE_REVIEW,MEDIUM,Historical report evidence; exclude from default read scope.
docs/reports/task_087/runs/20260424_165238_pilot_run.json,docs,.json,2096,HISTORICAL_REPORT,KEEP_OR_ARCHIVE_REVIEW,MEDIUM,Historical report evidence; exclude from default read scope.
docs/reports/task_087/runs/20260424_165238_pilot_run.md,docs,.md,860,HISTORICAL_REPORT,KEEP_OR_ARCHIVE_REVIEW,MEDIUM,Historical report evidence; exclude from default read scope.
docs/reports/task_087/runs/20260424_165345_pilot_run.json,docs,.json,2096,HISTORICAL_REPORT,KEEP_OR_ARCHIVE_REVIEW,MEDIUM,Historical report evidence; exclude from default read scope.
docs/reports/task_087/runs/20260424_165345_pilot_run.md,docs,.md,860,HISTORICAL_REPORT,KEEP_OR_ARCHIVE_REVIEW,MEDIUM,Historical report evidence; exclude from default read scope.
docs/reports/task_087/runs/20260424_165451_pilot_run.json,docs,.json,1899,HISTORICAL_REPORT,KEEP_OR_ARCHIVE_REVIEW,MEDIUM,Historical report evidence; exclude from default read scope.
docs/reports/task_087/runs/20260424_165451_pilot_run.md,docs,.md,881,HISTORICAL_REPORT,KEEP_OR_ARCHIVE_REVIEW,MEDIUM,Historical report evidence; exclude from default read scope.
docs/reports/task_087/runs/20260424_173938_pilot_run.json,docs,.json,1928,HISTORICAL_REPORT,KEEP_OR_ARCHIVE_REVIEW,MEDIUM,Historical report evidence; exclude from default read scope.
docs/reports/task_087/runs/20260424_173938_pilot_run.md,docs,.md,905,HISTORICAL_REPORT,KEEP_OR_ARCHIVE_REVIEW,MEDIUM,Historical report evidence; exclude from default read scope.
docs/reports/task_087/task_087_latest_run.json,docs,.json,1928,HISTORICAL_REPORT,KEEP_OR_ARCHIVE_REVIEW,MEDIUM,Historical report evidence; exclude from default read scope.
docs/reports/task_087/task_087_latest_run.md,docs,.md,905,HISTORICAL_REPORT,KEEP_OR_ARCHIVE_REVIEW,MEDIUM,Historical report evidence; exclude from default read scope.
docs/reports/task_088/task_088_evidence_summary.json,docs,.json,3906,HISTORICAL_REPORT,KEEP_OR_ARCHIVE_REVIEW,MEDIUM,Historical report evidence; exclude from default read scope.
docs/reports/task_088/task_088_evidence_summary.md,docs,.md,1410,HISTORICAL_REPORT,KEEP_OR_ARCHIVE_REVIEW,MEDIUM,Historical report evidence; exclude from default read scope.
docs/reports/task_089/task_089_market_signal_refresh.json,docs,.json,8211,HISTORICAL_REPORT,KEEP_OR_ARCHIVE_REVIEW,MEDIUM,Historical report evidence; exclude from default read scope.
docs/reports/task_089/task_089_market_signal_refresh.md,docs,.md,1157,HISTORICAL_REPORT,KEEP_OR_ARCHIVE_REVIEW,MEDIUM,Historical report evidence; exclude from default read scope.
docs/reports/task_089_op_validation.md,docs,.md,2292,HISTORICAL_REPORT,KEEP_OR_ARCHIVE_REVIEW,MEDIUM,Historical report evidence; exclude from default read scope.
docs/reports/task_091/task_091_broker_lifecycle.json,docs,.json,2724,HISTORICAL_REPORT,KEEP_OR_ARCHIVE_REVIEW,MEDIUM,Historical report evidence; exclude from default read scope.
docs/reports/task_091/task_091_broker_lifecycle.md,docs,.md,1155,HISTORICAL_REPORT,KEEP_OR_ARCHIVE_REVIEW,MEDIUM,Historical report evidence; exclude from default read scope.
docs/reports/task_091a/task_091a_controlled_lifecycle.json,docs,.json,1548,HISTORICAL_REPORT,KEEP_OR_ARCHIVE_REVIEW,MEDIUM,Historical report evidence; exclude from default read scope.
docs/reports/task_091a/task_091a_controlled_lifecycle.md,docs,.md,1605,HISTORICAL_REPORT,KEEP_OR_ARCHIVE_REVIEW,MEDIUM,Historical report evidence; exclude from default read scope.
docs/reports/task_092/task_092_signal_alignment.json,docs,.json,16647,HISTORICAL_REPORT,KEEP_OR_ARCHIVE_REVIEW,MEDIUM,Historical report evidence; exclude from default read scope.
docs/reports/task_092/task_092_signal_alignment.md,docs,.md,7542,HISTORICAL_REPORT,KEEP_OR_ARCHIVE_REVIEW,MEDIUM,Historical report evidence; exclude from default read scope.
docs/reports/task_093/task_093_capital_backtest.json,docs,.json,792955,HISTORICAL_REPORT,KEEP_OR_ARCHIVE_REVIEW,MEDIUM,Historical report evidence; exclude from default read scope.
docs/reports/task_093/task_093_capital_backtest.md,docs,.md,1690,HISTORICAL_REPORT,KEEP_OR_ARCHIVE_REVIEW,MEDIUM,Historical report evidence; exclude from default read scope.
docs/reports/task_093_review/task_093_review_failure_analysis.json,docs,.json,9992,HISTORICAL_REPORT,KEEP_OR_ARCHIVE_REVIEW,MEDIUM,Historical report evidence; exclude from default read scope.
docs/reports/task_093_review/task_093_review_failure_analysis.md,docs,.md,3512,HISTORICAL_REPORT,KEEP_OR_ARCHIVE_REVIEW,MEDIUM,Historical report evidence; exclude from default read scope.
docs/reports/task_094/task_094_risk_architecture.json,docs,.json,266504,HISTORICAL_REPORT,KEEP_OR_ARCHIVE_REVIEW,MEDIUM,Historical report evidence; exclude from default read scope.
docs/reports/task_094/task_094_risk_architecture.md,docs,.md,1242,HISTORICAL_REPORT,KEEP_OR_ARCHIVE_REVIEW,MEDIUM,Historical report evidence; exclude from default read scope.
docs/reports/task_094_review/task_094_review_component_attribution.json,docs,.json,4031,HISTORICAL_REPORT,KEEP_OR_ARCHIVE_REVIEW,MEDIUM,Historical report evidence; exclude from default read scope.
docs/reports/task_094_review/task_094_review_component_attribution.md,docs,.md,1751,HISTORICAL_REPORT,KEEP_OR_ARCHIVE_REVIEW,MEDIUM,Historical report evidence; exclude from default read scope.
docs/reports/task_095/task_095_risk_adoption.json,docs,.json,3941,HISTORICAL_REPORT,KEEP_OR_ARCHIVE_REVIEW,MEDIUM,Historical report evidence; exclude from default read scope.
docs/reports/task_095/task_095_risk_adoption.md,docs,.md,2686,HISTORICAL_REPORT,KEEP_OR_ARCHIVE_REVIEW,MEDIUM,Historical report evidence; exclude from default read scope.
docs/reports/task_096/task_096_revalidation.json,docs,.json,9150,HISTORICAL_REPORT,KEEP_OR_ARCHIVE_REVIEW,MEDIUM,Historical report evidence; exclude from default read scope.
docs/reports/task_096/task_096_revalidation.md,docs,.md,1155,HISTORICAL_REPORT,KEEP_OR_ARCHIVE_REVIEW,MEDIUM,Historical report evidence; exclude from default read scope.
docs/reports/task_096_5/task_096_5_sharpe_tuning.json,docs,.json,2068,HISTORICAL_REPORT,KEEP_OR_ARCHIVE_REVIEW,MEDIUM,Historical report evidence; exclude from default read scope.
docs/reports/task_096_5/task_096_5_sharpe_tuning.md,docs,.md,950,HISTORICAL_REPORT,KEEP_OR_ARCHIVE_REVIEW,MEDIUM,Historical report evidence; exclude from default read scope.
docs/reports/task_096_review/task_096_review_sharpe_gap.json,docs,.json,9133,HISTORICAL_REPORT,KEEP_OR_ARCHIVE_REVIEW,MEDIUM,Historical report evidence; exclude from default read scope.
docs/reports/task_096_review/task_096_review_sharpe_gap.md,docs,.md,6071,HISTORICAL_REPORT,KEEP_OR_ARCHIVE_REVIEW,MEDIUM,Historical report evidence; exclude from default read scope.
docs/reports/task_097/task_097_execution_density_capital_efficiency.json,docs,.json,4917,HISTORICAL_REPORT,KEEP_OR_ARCHIVE_REVIEW,MEDIUM,Historical report evidence; exclude from default read scope.
docs/reports/task_097/task_097_execution_density_capital_efficiency.md,docs,.md,4089,HISTORICAL_REPORT,KEEP_OR_ARCHIVE_REVIEW,MEDIUM,Historical report evidence; exclude from default read scope.
docs/reports/task_097_5/task_097_5_capital_deployment.json,docs,.json,3603,HISTORICAL_REPORT,KEEP_OR_ARCHIVE_REVIEW,MEDIUM,Historical report evidence; exclude from default read scope.
docs/reports/task_097_5/task_097_5_capital_deployment.md,docs,.md,1425,HISTORICAL_REPORT,KEEP_OR_ARCHIVE_REVIEW,MEDIUM,Historical report evidence; exclude from default read scope.
docs/reports/task_098/task_098_signal_density_diagnosis.json,docs,.json,2374,HISTORICAL_REPORT,KEEP_OR_ARCHIVE_REVIEW,MEDIUM,Historical report evidence; exclude from default read scope.
docs/reports/task_098/task_098_signal_density_diagnosis.md,docs,.md,1705,HISTORICAL_REPORT,KEEP_OR_ARCHIVE_REVIEW,MEDIUM,Historical report evidence; exclude from default read scope.
docs/reports/task_098_5/task_098_5_signal_funnel.json,docs,.json,25727,HISTORICAL_REPORT,KEEP_OR_ARCHIVE_REVIEW,MEDIUM,Historical report evidence; exclude from default read scope.
docs/reports/task_098_5/task_098_5_signal_funnel.md,docs,.md,2053,HISTORICAL_REPORT,KEEP_OR_ARCHIVE_REVIEW,MEDIUM,Historical report evidence; exclude from default read scope.
docs/reports/task_099/task_099_breakout_hypothesis_framework.md,docs,.md,8924,HISTORICAL_REPORT,KEEP_OR_ARCHIVE_REVIEW,MEDIUM,Historical report evidence; exclude from default read scope.
docs/reports/task_099/task_099_breakout_sensitivity_results.json,docs,.json,56250,HISTORICAL_REPORT,KEEP_OR_ARCHIVE_REVIEW,MEDIUM,Historical report evidence; exclude from default read scope.
docs/reports/task_099/task_099_breakout_sensitivity_results.md,docs,.md,1231,HISTORICAL_REPORT,KEEP_OR_ARCHIVE_REVIEW,MEDIUM,Historical report evidence; exclude from default read scope.
docs/reports/task_099/task_099_breakout_sensitivity_test_plan.json,docs,.json,4966,HISTORICAL_REPORT,KEEP_OR_ARCHIVE_REVIEW,MEDIUM,Historical report evidence; exclude from default read scope.
docs/reports/task_099/task_099_breakout_sensitivity_test_plan.md,docs,.md,7498,HISTORICAL_REPORT,KEEP_OR_ARCHIVE_REVIEW,MEDIUM,Historical report evidence; exclude from default read scope.
docs/reports/task_099/task_099_execution_notes.md,docs,.md,1771,HISTORICAL_REPORT,KEEP_OR_ARCHIVE_REVIEW,MEDIUM,Historical report evidence; exclude from default read scope.
docs/reports/task_099_review/task_099_review_breakout_decision.json,docs,.json,3008,HISTORICAL_REPORT,KEEP_OR_ARCHIVE_REVIEW,MEDIUM,Historical report evidence; exclude from default read scope.
docs/reports/task_099_review/task_099_review_breakout_decision.md,docs,.md,1571,HISTORICAL_REPORT,KEEP_OR_ARCHIVE_REVIEW,MEDIUM,Historical report evidence; exclude from default read scope.
docs/reports/task_100/_task_089_market_signal_refresh.json,docs,.json,8210,HISTORICAL_REPORT,KEEP_OR_ARCHIVE_REVIEW,MEDIUM,Historical report evidence; exclude from default read scope.
docs/reports/task_100/_task_089_market_signal_refresh.md,docs,.md,1157,HISTORICAL_REPORT,KEEP_OR_ARCHIVE_REVIEW,MEDIUM,Historical report evidence; exclude from default read scope.
docs/reports/task_100/_task_092_signal_alignment.json,docs,.json,16647,HISTORICAL_REPORT,KEEP_OR_ARCHIVE_REVIEW,MEDIUM,Historical report evidence; exclude from default read scope.
docs/reports/task_100/_task_092_signal_alignment.md,docs,.md,7542,HISTORICAL_REPORT,KEEP_OR_ARCHIVE_REVIEW,MEDIUM,Historical report evidence; exclude from default read scope.
docs/reports/task_100/_task_093_capital_backtest.json,docs,.json,840462,HISTORICAL_REPORT,KEEP_OR_ARCHIVE_REVIEW,MEDIUM,Historical report evidence; exclude from default read scope.
docs/reports/task_100/_task_093_capital_backtest.md,docs,.md,1690,HISTORICAL_REPORT,KEEP_OR_ARCHIVE_REVIEW,MEDIUM,Historical report evidence; exclude from default read scope.
docs/reports/task_100/_task_099_a_family.json,docs,.json,23797,HISTORICAL_REPORT,KEEP_OR_ARCHIVE_REVIEW,MEDIUM,Historical report evidence; exclude from default read scope.
docs/reports/task_100/_task_099_a_family.md,docs,.md,1498,HISTORICAL_REPORT,KEEP_OR_ARCHIVE_REVIEW,MEDIUM,Historical report evidence; exclude from default read scope.
docs/reports/task_100/task_100_full_revalidation.json,docs,.json,5216,HISTORICAL_REPORT,KEEP_OR_ARCHIVE_REVIEW,MEDIUM,Historical report evidence; exclude from default read scope.
docs/reports/task_100/task_100_full_revalidation.md,docs,.md,2513,HISTORICAL_REPORT,KEEP_OR_ARCHIVE_REVIEW,MEDIUM,Historical report evidence; exclude from default read scope.
docs/reports/task_101/task_101_crb_validation.json,docs,.json,1534,HISTORICAL_REPORT,KEEP_OR_ARCHIVE_REVIEW,MEDIUM,Historical report evidence; exclude from default read scope.
docs/reports/task_101/task_101_crb_validation.md,docs,.md,1087,HISTORICAL_REPORT,KEEP_OR_ARCHIVE_REVIEW,MEDIUM,Historical report evidence; exclude from default read scope.
docs/reports/task_101_rev/task_101_rev_bottleneck.json,docs,.json,3994,HISTORICAL_REPORT,KEEP_OR_ARCHIVE_REVIEW,MEDIUM,Historical report evidence; exclude from default read scope.
docs/reports/task_101_rev/task_101_rev_bottleneck.md,docs,.md,1835,HISTORICAL_REPORT,KEEP_OR_ARCHIVE_REVIEW,MEDIUM,Historical report evidence; exclude from default read scope.
docs/reports/task_102/task_102_range_pct_validation.json,docs,.json,1175,HISTORICAL_REPORT,KEEP_OR_ARCHIVE_REVIEW,MEDIUM,Historical report evidence; exclude from default read scope.
docs/reports/task_102/task_102_range_pct_validation.md,docs,.md,593,HISTORICAL_REPORT,KEEP_OR_ARCHIVE_REVIEW,MEDIUM,Historical report evidence; exclude from default read scope.
docs/reports/task_201/task_201_multi_entry_v1.json,docs,.json,970,HISTORICAL_REPORT,KEEP_OR_ARCHIVE_REVIEW,MEDIUM,Historical report evidence; exclude from default read scope.
docs/reports/task_201/task_201_multi_entry_v1.md,docs,.md,546,HISTORICAL_REPORT,KEEP_OR_ARCHIVE_REVIEW,MEDIUM,Historical report evidence; exclude from default read scope.
docs/reports/task_201_review/task_201_review_realism.json,docs,.json,1713,HISTORICAL_REPORT,KEEP_OR_ARCHIVE_REVIEW,MEDIUM,Historical report evidence; exclude from default read scope.
docs/reports/task_201_review/task_201_review_realism.md,docs,.md,1395,HISTORICAL_REPORT,KEEP_OR_ARCHIVE_REVIEW,MEDIUM,Historical report evidence; exclude from default read scope.
docs/reports/task_202/task_202_realistic_engine.json,docs,.json,113398,HISTORICAL_REPORT,KEEP_OR_ARCHIVE_REVIEW,MEDIUM,Historical report evidence; exclude from default read scope.
docs/reports/task_202/task_202_realistic_engine.md,docs,.md,926,HISTORICAL_REPORT,KEEP_OR_ARCHIVE_REVIEW,MEDIUM,Historical report evidence; exclude from default read scope.
docs/reports/task_203/task_203_capital_consistency.json,docs,.json,1229,HISTORICAL_REPORT,KEEP_OR_ARCHIVE_REVIEW,MEDIUM,Historical report evidence; exclude from default read scope.
docs/reports/task_203/task_203_capital_consistency.md,docs,.md,701,HISTORICAL_REPORT,KEEP_OR_ARCHIVE_REVIEW,MEDIUM,Historical report evidence; exclude from default read scope.
docs/reports/task_300/task_300_multi_strategy.json,docs,.json,1376,HISTORICAL_REPORT,KEEP_OR_ARCHIVE_REVIEW,MEDIUM,Historical report evidence; exclude from default read scope.
docs/reports/task_300/task_300_multi_strategy.md,docs,.md,1077,HISTORICAL_REPORT,KEEP_OR_ARCHIVE_REVIEW,MEDIUM,Historical report evidence; exclude from default read scope.
docs/reports/task_300/task_300_multi_strategy_with_leveraged.json,docs,.json,1371,HISTORICAL_REPORT,KEEP_OR_ARCHIVE_REVIEW,MEDIUM,Historical report evidence; exclude from default read scope.
docs/reports/task_300/task_300_multi_strategy_with_leveraged.md,docs,.md,1075,HISTORICAL_REPORT,KEEP_OR_ARCHIVE_REVIEW,MEDIUM,Historical report evidence; exclude from default read scope.
docs/reports/task_310/task_310_backtest_structure_audit.md,docs,.md,2226,HISTORICAL_REPORT,KEEP_OR_ARCHIVE_REVIEW,MEDIUM,Historical report evidence; exclude from default read scope.
docs/reports/task_311/task_311_tbl_strategy_spec.md,docs,.md,1896,HISTORICAL_REPORT,KEEP_OR_ARCHIVE_REVIEW,MEDIUM,Historical report evidence; exclude from default read scope.
docs/reports/task_312/task_312_lifecycle_state_machine_report.md,docs,.md,1189,HISTORICAL_REPORT,KEEP_OR_ARCHIVE_REVIEW,MEDIUM,Historical report evidence; exclude from default read scope.
docs/reports/task_313/task_313_execution_model_report.md,docs,.md,1043,HISTORICAL_REPORT,KEEP_OR_ARCHIVE_REVIEW,MEDIUM,Historical report evidence; exclude from default read scope.
docs/reports/task_314/task_314_tbl_backtest_result.json,docs,.json,1232,HISTORICAL_REPORT,KEEP_OR_ARCHIVE_REVIEW,MEDIUM,Historical report evidence; exclude from default read scope.
docs/reports/task_314/task_314_tbl_backtest_summary.md,docs,.md,1153,HISTORICAL_REPORT,KEEP_OR_ARCHIVE_REVIEW,MEDIUM,Historical report evidence; exclude from default read scope.
docs/reports/task_314/task_314_tbl_equity_curve.csv,docs,.csv,51066,HISTORICAL_REPORT,KEEP_OR_ARCHIVE_REVIEW,MEDIUM,Historical report evidence; exclude from default read scope.
docs/reports/task_314/task_314_tbl_trade_log.csv,docs,.csv,8159,HISTORICAL_REPORT,KEEP_OR_ARCHIVE_REVIEW,MEDIUM,Historical report evidence; exclude from default read scope.
docs/reports/task_315/task_315_strategy_comparison.json,docs,.json,5456,HISTORICAL_REPORT,KEEP_OR_ARCHIVE_REVIEW,MEDIUM,Historical report evidence; exclude from default read scope.
docs/reports/task_315/task_315_strategy_comparison.md,docs,.md,2210,HISTORICAL_REPORT,KEEP_OR_ARCHIVE_REVIEW,MEDIUM,Historical report evidence; exclude from default read scope.
docs/reports/task_316/task_316_tbl_robustness.json,docs,.json,680,HISTORICAL_REPORT,KEEP_OR_ARCHIVE_REVIEW,MEDIUM,Historical report evidence; exclude from default read scope.
docs/reports/task_316/task_316_tbl_robustness.md,docs,.md,1067,HISTORICAL_REPORT,KEEP_OR_ARCHIVE_REVIEW,MEDIUM,Historical report evidence; exclude from default read scope.
docs/reports/task_317/task_317_tbl_final_decision.md,docs,.md,1151,HISTORICAL_REPORT,KEEP_OR_ARCHIVE_REVIEW,MEDIUM,Historical report evidence; exclude from default read scope.
docs/reports/task_318/task_318_tbl_failure_attribution.md,docs,.md,5309,HISTORICAL_REPORT,KEEP_OR_ARCHIVE_REVIEW,MEDIUM,Historical report evidence; exclude from default read scope.
docs/reports/task_318/task_318_tbl_failure_attribution_metrics.json,docs,.json,2739,HISTORICAL_REPORT,KEEP_OR_ARCHIVE_REVIEW,MEDIUM,Historical report evidence; exclude from default read scope.
docs/reports/task_319/task_319_tbl_volume_sweep.csv,docs,.csv,1321,HISTORICAL_REPORT,KEEP_OR_ARCHIVE_REVIEW,MEDIUM,Historical report evidence; exclude from default read scope.
docs/reports/task_319/task_319_tbl_volume_sweep.json,docs,.json,4695,HISTORICAL_REPORT,KEEP_OR_ARCHIVE_REVIEW,MEDIUM,Historical report evidence; exclude from default read scope.
docs/reports/task_319/task_319_tbl_volume_sweep.md,docs,.md,1623,HISTORICAL_REPORT,KEEP_OR_ARCHIVE_REVIEW,MEDIUM,Historical report evidence; exclude from default read scope.
docs/reports/task_319_allsymbols_check/task_314_tbl_backtest_result.json,docs,.json,1272,HISTORICAL_REPORT,KEEP_OR_ARCHIVE_REVIEW,MEDIUM,Historical report evidence; exclude from default read scope.
docs/reports/task_319_allsymbols_check/task_314_tbl_backtest_summary.md,docs,.md,1161,HISTORICAL_REPORT,KEEP_OR_ARCHIVE_REVIEW,MEDIUM,Historical report evidence; exclude from default read scope.
docs/reports/task_319_allsymbols_check/task_314_tbl_equity_curve.csv,docs,.csv,50604,HISTORICAL_REPORT,KEEP_OR_ARCHIVE_REVIEW,MEDIUM,Historical report evidence; exclude from default read scope.
docs/reports/task_319_allsymbols_check/task_314_tbl_trade_log.csv,docs,.csv,12992,HISTORICAL_REPORT,KEEP_OR_ARCHIVE_REVIEW,MEDIUM,Historical report evidence; exclude from default read scope.
docs/reports/task_319_single/task_314_tbl_backtest_result.json,docs,.json,1263,HISTORICAL_REPORT,KEEP_OR_ARCHIVE_REVIEW,MEDIUM,Historical report evidence; exclude from default read scope.
docs/reports/task_319_single/task_314_tbl_backtest_summary.md,docs,.md,1153,HISTORICAL_REPORT,KEEP_OR_ARCHIVE_REVIEW,MEDIUM,Historical report evidence; exclude from default read scope.
docs/reports/task_319_single/task_314_tbl_equity_curve.csv,docs,.csv,51066,HISTORICAL_REPORT,KEEP_OR_ARCHIVE_REVIEW,MEDIUM,Historical report evidence; exclude from default read scope.
docs/reports/task_319_single/task_314_tbl_trade_log.csv,docs,.csv,8159,HISTORICAL_REPORT,KEEP_OR_ARCHIVE_REVIEW,MEDIUM,Historical report evidence; exclude from default read scope.
docs/reports/task_319_small/task_319_tbl_volume_sweep.csv,docs,.csv,372,HISTORICAL_REPORT,KEEP_OR_ARCHIVE_REVIEW,MEDIUM,Historical report evidence; exclude from default read scope.
docs/reports/task_319_small/task_319_tbl_volume_sweep.json,docs,.json,1106,HISTORICAL_REPORT,KEEP_OR_ARCHIVE_REVIEW,MEDIUM,Historical report evidence; exclude from default read scope.
docs/reports/task_319_small/task_319_tbl_volume_sweep.md,docs,.md,806,HISTORICAL_REPORT,KEEP_OR_ARCHIVE_REVIEW,MEDIUM,Historical report evidence; exclude from default read scope.
docs/reports/task_319_small_parallel/task_319_tbl_volume_sweep.csv,docs,.csv,372,HISTORICAL_REPORT,KEEP_OR_ARCHIVE_REVIEW,MEDIUM,Historical report evidence; exclude from default read scope.
docs/reports/task_319_small_parallel/task_319_tbl_volume_sweep.json,docs,.json,1106,HISTORICAL_REPORT,KEEP_OR_ARCHIVE_REVIEW,MEDIUM,Historical report evidence; exclude from default read scope.
docs/reports/task_319_small_parallel/task_319_tbl_volume_sweep.md,docs,.md,806,HISTORICAL_REPORT,KEEP_OR_ARCHIVE_REVIEW,MEDIUM,Historical report evidence; exclude from default read scope.
docs/reports/task_320/task_320_tbl_edge_validation.csv,docs,.csv,1822,HISTORICAL_REPORT,KEEP_OR_ARCHIVE_REVIEW,MEDIUM,Historical report evidence; exclude from default read scope.
docs/reports/task_320/task_320_tbl_edge_validation.json,docs,.json,5414,HISTORICAL_REPORT,KEEP_OR_ARCHIVE_REVIEW,MEDIUM,Historical report evidence; exclude from default read scope.
docs/reports/task_320/task_320_tbl_edge_validation.md,docs,.md,2251,HISTORICAL_REPORT,KEEP_OR_ARCHIVE_REVIEW,MEDIUM,Historical report evidence; exclude from default read scope.
docs/reports/task_320_baseline_check/task_314_tbl_backtest_result.json,docs,.json,6221,HISTORICAL_REPORT,KEEP_OR_ARCHIVE_REVIEW,MEDIUM,Historical report evidence; exclude from default read scope.
docs/reports/task_320_baseline_check/task_314_tbl_backtest_summary.md,docs,.md,1161,HISTORICAL_REPORT,KEEP_OR_ARCHIVE_REVIEW,MEDIUM,Historical report evidence; exclude from default read scope.
docs/reports/task_320_baseline_check/task_314_tbl_equity_curve.csv,docs,.csv,50604,HISTORICAL_REPORT,KEEP_OR_ARCHIVE_REVIEW,MEDIUM,Historical report evidence; exclude from default read scope.
docs/reports/task_320_baseline_check/task_314_tbl_trade_log.csv,docs,.csv,16124,HISTORICAL_REPORT,KEEP_OR_ARCHIVE_REVIEW,MEDIUM,Historical report evidence; exclude from default read scope.
docs/reports/task_321/task_320_tbl_edge_validation.csv,docs,.csv,1822,HISTORICAL_REPORT,KEEP_OR_ARCHIVE_REVIEW,MEDIUM,Historical report evidence; exclude from default read scope.
docs/reports/task_321/task_320_tbl_edge_validation.json,docs,.json,5414,HISTORICAL_REPORT,KEEP_OR_ARCHIVE_REVIEW,MEDIUM,Historical report evidence; exclude from default read scope.
docs/reports/task_321/task_320_tbl_edge_validation.md,docs,.md,2251,HISTORICAL_REPORT,KEEP_OR_ARCHIVE_REVIEW,MEDIUM,Historical report evidence; exclude from default read scope.
docs/reports/task_321_stock_only/task_320_tbl_edge_validation.csv,docs,.csv,1814,HISTORICAL_REPORT,KEEP_OR_ARCHIVE_REVIEW,MEDIUM,Historical report evidence; exclude from default read scope.
docs/reports/task_321_stock_only/task_320_tbl_edge_validation.json,docs,.json,5406,HISTORICAL_REPORT,KEEP_OR_ARCHIVE_REVIEW,MEDIUM,Historical report evidence; exclude from default read scope.
docs/reports/task_321_stock_only/task_320_tbl_edge_validation.md,docs,.md,2243,HISTORICAL_REPORT,KEEP_OR_ARCHIVE_REVIEW,MEDIUM,Historical report evidence; exclude from default read scope.
docs/reports/task_322_structural_breakout/diagnostics_by_exit_reason.csv,docs,.csv,32810,HISTORICAL_REPORT,KEEP_OR_ARCHIVE_REVIEW,MEDIUM,Historical report evidence; exclude from default read scope.
docs/reports/task_322_structural_breakout/diagnostics_by_symbol.csv,docs,.csv,170943,HISTORICAL_REPORT,KEEP_OR_ARCHIVE_REVIEW,MEDIUM,Historical report evidence; exclude from default read scope.
docs/reports/task_322_structural_breakout/rejection_report.csv,docs,.csv,126622,HISTORICAL_REPORT,KEEP_OR_ARCHIVE_REVIEW,MEDIUM,Historical report evidence; exclude from default read scope.
docs/reports/task_322_structural_breakout/summary_matrix.csv,docs,.csv,37953,HISTORICAL_REPORT,KEEP_OR_ARCHIVE_REVIEW,MEDIUM,Historical report evidence; exclude from default read scope.
docs/reports/task_322_structural_breakout/summary_matrix.md,docs,.md,4792,HISTORICAL_REPORT,KEEP_OR_ARCHIVE_REVIEW,MEDIUM,Historical report evidence; exclude from default read scope.
docs/reports/task_322_structural_breakout/task_322_structural_breakout_report.md,docs,.md,117,HISTORICAL_REPORT,KEEP_OR_ARCHIVE_REVIEW,MEDIUM,Historical report evidence; exclude from default read scope.
docs/reports/task_322_structural_breakout/trade_log.csv,docs,.csv,3086342,HISTORICAL_REPORT,KEEP_OR_ARCHIVE_REVIEW,MEDIUM,Historical report evidence; exclude from default read scope.
docs/reports/task_322_structural_breakout_quick/diagnostics_by_exit_reason.csv,docs,.csv,1446,HISTORICAL_REPORT,KEEP_OR_ARCHIVE_REVIEW,MEDIUM,Historical report evidence; exclude from default read scope.
docs/reports/task_322_structural_breakout_quick/diagnostics_by_symbol.csv,docs,.csv,9332,HISTORICAL_REPORT,KEEP_OR_ARCHIVE_REVIEW,MEDIUM,Historical report evidence; exclude from default read scope.
docs/reports/task_322_structural_breakout_quick/rejection_report.csv,docs,.csv,5624,HISTORICAL_REPORT,KEEP_OR_ARCHIVE_REVIEW,MEDIUM,Historical report evidence; exclude from default read scope.
docs/reports/task_322_structural_breakout_quick/summary_matrix.csv,docs,.csv,2048,HISTORICAL_REPORT,KEEP_OR_ARCHIVE_REVIEW,MEDIUM,Historical report evidence; exclude from default read scope.
docs/reports/task_322_structural_breakout_quick/summary_matrix.md,docs,.md,1116,HISTORICAL_REPORT,KEEP_OR_ARCHIVE_REVIEW,MEDIUM,Historical report evidence; exclude from default read scope.
docs/reports/task_322_structural_breakout_quick/task_322_structural_breakout_report.md,docs,.md,113,HISTORICAL_REPORT,KEEP_OR_ARCHIVE_REVIEW,MEDIUM,Historical report evidence; exclude from default read scope.
docs/reports/task_322_structural_breakout_quick/trade_log.csv,docs,.csv,229974,HISTORICAL_REPORT,KEEP_OR_ARCHIVE_REVIEW,MEDIUM,Historical report evidence; exclude from default read scope.
docs/reports/task_323_best_combo_evaluation/selected_combo_rankings.csv,docs,.csv,2435,HISTORICAL_REPORT,KEEP_OR_ARCHIVE_REVIEW,MEDIUM,Historical report evidence; exclude from default read scope.
docs/reports/task_323_best_combo_evaluation/selected_exclusion_impact.csv,docs,.csv,1335,HISTORICAL_REPORT,KEEP_OR_ARCHIVE_REVIEW,MEDIUM,Historical report evidence; exclude from default read scope.
docs/reports/task_323_best_combo_evaluation/selected_fill_diagnostics.csv,docs,.csv,922,HISTORICAL_REPORT,KEEP_OR_ARCHIVE_REVIEW,MEDIUM,Historical report evidence; exclude from default read scope.
docs/reports/task_323_best_combo_evaluation/selected_neighborhood_stability.csv,docs,.csv,11092,HISTORICAL_REPORT,KEEP_OR_ARCHIVE_REVIEW,MEDIUM,Historical report evidence; exclude from default read scope.
docs/reports/task_323_best_combo_evaluation/selected_overlap_support.csv,docs,.csv,837,HISTORICAL_REPORT,KEEP_OR_ARCHIVE_REVIEW,MEDIUM,Historical report evidence; exclude from default read scope.
docs/reports/task_323_best_combo_evaluation/selected_recent_6m_cross_sectional_concentration.csv,docs,.csv,6444,HISTORICAL_REPORT,KEEP_OR_ARCHIVE_REVIEW,MEDIUM,Historical report evidence; exclude from default read scope.
docs/reports/task_323_best_combo_evaluation/selected_recent_6m_cross_sectional_predictive_layer.csv,docs,.csv,1187,HISTORICAL_REPORT,KEEP_OR_ARCHIVE_REVIEW,MEDIUM,Historical report evidence; exclude from default read scope.
docs/reports/task_323_best_combo_evaluation/selected_recent_6m_dual_map_trade_frame.csv,docs,.csv,88383,HISTORICAL_REPORT,KEEP_OR_ARCHIVE_REVIEW,MEDIUM,Historical report evidence; exclude from default read scope.
docs/reports/task_323_best_combo_evaluation/selected_recent_6m_entry_timing_analysis.csv,docs,.csv,14768,HISTORICAL_REPORT,KEEP_OR_ARCHIVE_REVIEW,MEDIUM,Historical report evidence; exclude from default read scope.
docs/reports/task_323_best_combo_evaluation/selected_recent_6m_feature_reduction.csv,docs,.csv,579,HISTORICAL_REPORT,KEEP_OR_ARCHIVE_REVIEW,MEDIUM,Historical report evidence; exclude from default read scope.
docs/reports/task_323_best_combo_evaluation/selected_recent_6m_final_decision_system.csv,docs,.csv,1038,HISTORICAL_REPORT,KEEP_OR_ARCHIVE_REVIEW,MEDIUM,Historical report evidence; exclude from default read scope.
docs/reports/task_323_best_combo_evaluation/selected_recent_6m_loser_distribution.csv,docs,.csv,3456,HISTORICAL_REPORT,KEEP_OR_ARCHIVE_REVIEW,MEDIUM,Historical report evidence; exclude from default read scope.
docs/reports/task_323_best_combo_evaluation/selected_recent_6m_loss_by_entry_type.csv,docs,.csv,1378,HISTORICAL_REPORT,KEEP_OR_ARCHIVE_REVIEW,MEDIUM,Historical report evidence; exclude from default read scope.
docs/reports/task_323_best_combo_evaluation/selected_recent_6m_loss_by_month.csv,docs,.csv,3339,HISTORICAL_REPORT,KEEP_OR_ARCHIVE_REVIEW,MEDIUM,Historical report evidence; exclude from default read scope.
docs/reports/task_323_best_combo_evaluation/selected_recent_6m_loss_by_regime.csv,docs,.csv,1330,HISTORICAL_REPORT,KEEP_OR_ARCHIVE_REVIEW,MEDIUM,Historical report evidence; exclude from default read scope.
docs/reports/task_323_best_combo_evaluation/selected_recent_6m_loss_by_regime_detail.csv,docs,.csv,1800,HISTORICAL_REPORT,KEEP_OR_ARCHIVE_REVIEW,MEDIUM,Historical report evidence; exclude from default read scope.
docs/reports/task_323_best_combo_evaluation/selected_recent_6m_loss_by_symbol.csv,docs,.csv,6027,HISTORICAL_REPORT,KEEP_OR_ARCHIVE_REVIEW,MEDIUM,Historical report evidence; exclude from default read scope.
docs/reports/task_323_best_combo_evaluation/selected_recent_6m_loss_feature_bins.csv,docs,.csv,10994,HISTORICAL_REPORT,KEEP_OR_ARCHIVE_REVIEW,MEDIUM,Historical report evidence; exclude from default read scope.
docs/reports/task_323_best_combo_evaluation/selected_recent_6m_loss_feature_summary.csv,docs,.csv,6168,HISTORICAL_REPORT,KEEP_OR_ARCHIVE_REVIEW,MEDIUM,Historical report evidence; exclude from default read scope.
docs/reports/task_323_best_combo_evaluation/selected_recent_6m_loss_trade_anatomy.csv,docs,.csv,20428,HISTORICAL_REPORT,KEEP_OR_ARCHIVE_REVIEW,MEDIUM,Historical report evidence; exclude from default read scope.
docs/reports/task_323_best_combo_evaluation/selected_recent_6m_metrics.csv,docs,.csv,707,HISTORICAL_REPORT,KEEP_OR_ARCHIVE_REVIEW,MEDIUM,Historical report evidence; exclude from default read scope.
docs/reports/task_323_best_combo_evaluation/selected_recent_6m_outcome_group_summary.csv,docs,.csv,268,HISTORICAL_REPORT,KEEP_OR_ARCHIVE_REVIEW,MEDIUM,Historical report evidence; exclude from default read scope.
docs/reports/task_323_best_combo_evaluation/selected_recent_6m_post_entry_validation.csv,docs,.csv,557,HISTORICAL_REPORT,KEEP_OR_ARCHIVE_REVIEW,MEDIUM,Historical report evidence; exclude from default read scope.
docs/reports/task_323_best_combo_evaluation/selected_recent_6m_regime_performance.csv,docs,.csv,352,HISTORICAL_REPORT,KEEP_OR_ARCHIVE_REVIEW,MEDIUM,Historical report evidence; exclude from default read scope.
docs/reports/task_323_best_combo_evaluation/selected_recent_6m_regime_reclustered.csv,docs,.csv,20779,HISTORICAL_REPORT,KEEP_OR_ARCHIVE_REVIEW,MEDIUM,Historical report evidence; exclude from default read scope.
docs/reports/task_323_best_combo_evaluation/selected_recent_6m_regime_sector_matrix.csv,docs,.csv,559,HISTORICAL_REPORT,KEEP_OR_ARCHIVE_REVIEW,MEDIUM,Historical report evidence; exclude from default read scope.
docs/reports/task_323_best_combo_evaluation/selected_recent_6m_regime_state_table.csv,docs,.csv,726,HISTORICAL_REPORT,KEEP_OR_ARCHIVE_REVIEW,MEDIUM,Historical report evidence; exclude from default read scope.
docs/reports/task_323_best_combo_evaluation/selected_recent_6m_rule_candidates.csv,docs,.csv,1416,HISTORICAL_REPORT,KEEP_OR_ARCHIVE_REVIEW,MEDIUM,Historical report evidence; exclude from default read scope.
docs/reports/task_323_best_combo_evaluation/selected_recent_6m_trade_failure_analysis.csv,docs,.csv,63165,HISTORICAL_REPORT,KEEP_OR_ARCHIVE_REVIEW,MEDIUM,Historical report evidence; exclude from default read scope.
docs/reports/task_323_best_combo_evaluation/selected_recent_6m_winner_vs_loser_comparison.csv,docs,.csv,16737,HISTORICAL_REPORT,KEEP_OR_ARCHIVE_REVIEW,MEDIUM,Historical report evidence; exclude from default read scope.
docs/reports/task_323_best_combo_evaluation/selected_recent_6m_worst_decile_analysis.csv,docs,.csv,2358,HISTORICAL_REPORT,KEEP_OR_ARCHIVE_REVIEW,MEDIUM,Historical report evidence; exclude from default read scope.
docs/reports/task_323_best_combo_evaluation/selected_same_bar_comparison.csv,docs,.csv,2171,HISTORICAL_REPORT,KEEP_OR_ARCHIVE_REVIEW,MEDIUM,Historical report evidence; exclude from default read scope.
docs/reports/task_323_best_combo_evaluation/selected_symbol_contributions.csv,docs,.csv,6718,HISTORICAL_REPORT,KEEP_OR_ARCHIVE_REVIEW,MEDIUM,Historical report evidence; exclude from default read scope.
docs/reports/task_323_best_combo_evaluation/selected_top3_oos_anchored.csv,docs,.csv,934,HISTORICAL_REPORT,KEEP_OR_ARCHIVE_REVIEW,MEDIUM,Historical report evidence; exclude from default read scope.
docs/reports/task_323_best_combo_evaluation/selected_top3_oos_rolling.csv,docs,.csv,24558,HISTORICAL_REPORT,KEEP_OR_ARCHIVE_REVIEW,MEDIUM,Historical report evidence; exclude from default read scope.
docs/reports/task_323_best_combo_evaluation/selected_top3_oos_walk_forward.csv,docs,.csv,5530,HISTORICAL_REPORT,KEEP_OR_ARCHIVE_REVIEW,MEDIUM,Historical report evidence; exclude from default read scope.
docs/reports/task_323_best_combo_evaluation/selected_top3_sharpe_reliability.csv,docs,.csv,746,HISTORICAL_REPORT,KEEP_OR_ARCHIVE_REVIEW,MEDIUM,Historical report evidence; exclude from default read scope.
docs/reports/task_323_best_combo_evaluation/task_323_best_combo_evaluation.md,docs,.md,5495,HISTORICAL_REPORT,KEEP_OR_ARCHIVE_REVIEW,MEDIUM,Historical report evidence; exclude from default read scope.
docs/reports/task_323_structural_breakout_audit/all_scenarios_ranked.csv,docs,.csv,79774,HISTORICAL_REPORT,KEEP_OR_ARCHIVE_REVIEW,MEDIUM,Historical report evidence; exclude from default read scope.
docs/reports/task_323_structural_breakout_audit/in_sample_ranked.csv,docs,.csv,79052,HISTORICAL_REPORT,KEEP_OR_ARCHIVE_REVIEW,MEDIUM,Historical report evidence; exclude from default read scope.
docs/reports/task_323_structural_breakout_audit/liquidity_sensitivity.csv,docs,.csv,858,HISTORICAL_REPORT,KEEP_OR_ARCHIVE_REVIEW,MEDIUM,Historical report evidence; exclude from default read scope.
docs/reports/task_323_structural_breakout_audit/out_of_sample_ranked.csv,docs,.csv,79582,HISTORICAL_REPORT,KEEP_OR_ARCHIVE_REVIEW,MEDIUM,Historical report evidence; exclude from default read scope.
docs/reports/task_323_structural_breakout_audit/parameter_cluster_summary.csv,docs,.csv,697,HISTORICAL_REPORT,KEEP_OR_ARCHIVE_REVIEW,MEDIUM,Historical report evidence; exclude from default read scope.
docs/reports/task_323_structural_breakout_audit/same_bar_stop_comparison.csv,docs,.csv,724,HISTORICAL_REPORT,KEEP_OR_ARCHIVE_REVIEW,MEDIUM,Historical report evidence; exclude from default read scope.
docs/reports/task_323_structural_breakout_audit/task_323_structural_breakout_audit.md,docs,.md,1398,HISTORICAL_REPORT,KEEP_OR_ARCHIVE_REVIEW,MEDIUM,Historical report evidence; exclude from default read scope.
docs/reports/task_323_structural_breakout_audit/top20_fill_assumption_audit.csv,docs,.csv,3523,HISTORICAL_REPORT,KEEP_OR_ARCHIVE_REVIEW,MEDIUM,Historical report evidence; exclude from default read scope.
docs/reports/task_323_structural_breakout_audit/top20_summary.csv,docs,.csv,7965,HISTORICAL_REPORT,KEEP_OR_ARCHIVE_REVIEW,MEDIUM,Historical report evidence; exclude from default read scope.
docs/reports/task_323_structural_breakout_audit/top20_symbol_contribution.csv,docs,.csv,45886,HISTORICAL_REPORT,KEEP_OR_ARCHIVE_REVIEW,MEDIUM,Historical report evidence; exclude from default read scope.
docs/reports/task_323_structural_breakout_audit/top20_symbol_exclusion_impact.csv,docs,.csv,8056,HISTORICAL_REPORT,KEEP_OR_ARCHIVE_REVIEW,MEDIUM,Historical report evidence; exclude from default read scope.
docs/reports/task_323_structural_breakout_audit/top20_trade_overlap_matrix.csv,docs,.csv,8446,HISTORICAL_REPORT,KEEP_OR_ARCHIVE_REVIEW,MEDIUM,Historical report evidence; exclude from default read scope.
docs/reports/task_323_structural_breakout_audit/walk_forward_summary.csv,docs,.csv,653,HISTORICAL_REPORT,KEEP_OR_ARCHIVE_REVIEW,MEDIUM,Historical report evidence; exclude from default read scope.
docs/reports/task_324_exit_size_rule_integration/task_324_baseline_vs_exit_size_summary.csv,docs,.csv,1108,HISTORICAL_REPORT,KEEP_OR_ARCHIVE_REVIEW,MEDIUM,Historical report evidence; exclude from default read scope.
docs/reports/task_324_exit_size_rule_integration/task_324_exit_size_rule_integration.md,docs,.md,4818,HISTORICAL_REPORT,KEEP_OR_ARCHIVE_REVIEW,MEDIUM,Historical report evidence; exclude from default read scope.
docs/reports/task_324_exit_size_rule_integration/task_324_full_period_comparison.csv,docs,.csv,1325,HISTORICAL_REPORT,KEEP_OR_ARCHIVE_REVIEW,MEDIUM,Historical report evidence; exclude from default read scope.
docs/reports/task_324_exit_size_rule_integration/task_324_oos_comparison.csv,docs,.csv,1315,HISTORICAL_REPORT,KEEP_OR_ARCHIVE_REVIEW,MEDIUM,Historical report evidence; exclude from default read scope.
docs/reports/task_324_exit_size_rule_integration/task_324_regime_comparison.csv,docs,.csv,10336,HISTORICAL_REPORT,KEEP_OR_ARCHIVE_REVIEW,MEDIUM,Historical report evidence; exclude from default read scope.
docs/reports/task_324_exit_size_rule_integration/task_324_robustness_check.csv,docs,.csv,93217,HISTORICAL_REPORT,KEEP_OR_ARCHIVE_REVIEW,MEDIUM,Historical report evidence; exclude from default read scope.
docs/reports/task_324_exit_size_rule_integration/task_324_rule_trigger_log.csv,docs,.csv,803967,HISTORICAL_REPORT,KEEP_OR_ARCHIVE_REVIEW,MEDIUM,Historical report evidence; exclude from default read scope.
docs/reports/task_324_exit_size_rule_integration/task_324_scenario_comparison.csv,docs,.csv,50512,HISTORICAL_REPORT,KEEP_OR_ARCHIVE_REVIEW,MEDIUM,Historical report evidence; exclude from default read scope.
docs/reports/task_324_exit_size_rule_integration/task_324_sector_comparison.csv,docs,.csv,8395,HISTORICAL_REPORT,KEEP_OR_ARCHIVE_REVIEW,MEDIUM,Historical report evidence; exclude from default read scope.
docs/reports/task_324_exit_size_rule_integration/task_324_trade_level_delta.csv,docs,.csv,3405659,HISTORICAL_REPORT,KEEP_OR_ARCHIVE_REVIEW,MEDIUM,Historical report evidence; exclude from default read scope.
docs/reports/task_325_regime_entry_rebuild/task_325_entry_quality_features.csv,docs,.csv,1792,HISTORICAL_REPORT,KEEP_OR_ARCHIVE_REVIEW,MEDIUM,Historical report evidence; exclude from default read scope.
docs/reports/task_325_regime_entry_rebuild/task_325_entry_separation_layer.csv,docs,.csv,632,HISTORICAL_REPORT,KEEP_OR_ARCHIVE_REVIEW,MEDIUM,Historical report evidence; exclude from default read scope.
docs/reports/task_325_regime_entry_rebuild/task_325_entry_success_failure_comparison.csv,docs,.csv,14957,HISTORICAL_REPORT,KEEP_OR_ARCHIVE_REVIEW,MEDIUM,Historical report evidence; exclude from default read scope.
docs/reports/task_325_regime_entry_rebuild/task_325_full_period_comparison.csv,docs,.csv,1131,HISTORICAL_REPORT,KEEP_OR_ARCHIVE_REVIEW,MEDIUM,Historical report evidence; exclude from default read scope.
docs/reports/task_325_regime_entry_rebuild/task_325_integrated_filter_summary.csv,docs,.csv,2254,HISTORICAL_REPORT,KEEP_OR_ARCHIVE_REVIEW,MEDIUM,Historical report evidence; exclude from default read scope.
docs/reports/task_325_regime_entry_rebuild/task_325_oos_comparison.csv,docs,.csv,1183,HISTORICAL_REPORT,KEEP_OR_ARCHIVE_REVIEW,MEDIUM,Historical report evidence; exclude from default read scope.
docs/reports/task_325_regime_entry_rebuild/task_325_regime_entry_matrix.csv,docs,.csv,869,HISTORICAL_REPORT,KEEP_OR_ARCHIVE_REVIEW,MEDIUM,Historical report evidence; exclude from default read scope.
docs/reports/task_325_regime_entry_rebuild/task_325_regime_entry_rebuild.md,docs,.md,9791,HISTORICAL_REPORT,KEEP_OR_ARCHIVE_REVIEW,MEDIUM,Historical report evidence; exclude from default read scope.
docs/reports/task_325_regime_entry_rebuild/task_325_regime_rebuild.csv,docs,.csv,1240,HISTORICAL_REPORT,KEEP_OR_ARCHIVE_REVIEW,MEDIUM,Historical report evidence; exclude from default read scope.
docs/reports/task_325_regime_entry_rebuild/task_325_regime_sector_entry_matrix.csv,docs,.csv,1140,HISTORICAL_REPORT,KEEP_OR_ARCHIVE_REVIEW,MEDIUM,Historical report evidence; exclude from default read scope.
docs/reports/task_325_regime_entry_rebuild/task_325_regime_trade_distribution.csv,docs,.csv,1370,HISTORICAL_REPORT,KEEP_OR_ARCHIVE_REVIEW,MEDIUM,Historical report evidence; exclude from default read scope.
docs/reports/task_325_regime_entry_rebuild/task_325_regime_transition_diagnostics.csv,docs,.csv,1283,HISTORICAL_REPORT,KEEP_OR_ARCHIVE_REVIEW,MEDIUM,Historical report evidence; exclude from default read scope.
docs/reports/task_325_regime_entry_rebuild/task_325_robustness_check.csv,docs,.csv,2939,HISTORICAL_REPORT,KEEP_OR_ARCHIVE_REVIEW,MEDIUM,Historical report evidence; exclude from default read scope.
docs/reports/task_325_regime_entry_rebuild/task_325_trade_filter_log.csv,docs,.csv,2170999,HISTORICAL_REPORT,KEEP_OR_ARCHIVE_REVIEW,MEDIUM,Historical report evidence; exclude from default read scope.
docs/reports/task_326_regime_conditioned_entry_map/task_326_feature_regime_direction.csv,docs,.csv,5479,HISTORICAL_REPORT,KEEP_OR_ARCHIVE_REVIEW,MEDIUM,Historical report evidence; exclude from default read scope.
docs/reports/task_326_regime_conditioned_entry_map/task_326_full_period_comparison.csv,docs,.csv,755,HISTORICAL_REPORT,KEEP_OR_ARCHIVE_REVIEW,MEDIUM,Historical report evidence; exclude from default read scope.
docs/reports/task_326_regime_conditioned_entry_map/task_326_oos_comparison.csv,docs,.csv,805,HISTORICAL_REPORT,KEEP_OR_ARCHIVE_REVIEW,MEDIUM,Historical report evidence; exclude from default read scope.
docs/reports/task_326_regime_conditioned_entry_map/task_326_regime_archetype_map.csv,docs,.csv,2461,HISTORICAL_REPORT,KEEP_OR_ARCHIVE_REVIEW,MEDIUM,Historical report evidence; exclude from default read scope.
docs/reports/task_326_regime_conditioned_entry_map/task_326_regime_conditioned_entry_map.md,docs,.md,9532,HISTORICAL_REPORT,KEEP_OR_ARCHIVE_REVIEW,MEDIUM,Historical report evidence; exclude from default read scope.
docs/reports/task_326_regime_conditioned_entry_map/task_326_regime_conditioned_rules.csv,docs,.csv,2314,HISTORICAL_REPORT,KEEP_OR_ARCHIVE_REVIEW,MEDIUM,Historical report evidence; exclude from default read scope.
docs/reports/task_326_regime_conditioned_entry_map/task_326_regime_feature_interaction.csv,docs,.csv,16010,HISTORICAL_REPORT,KEEP_OR_ARCHIVE_REVIEW,MEDIUM,Historical report evidence; exclude from default read scope.
docs/reports/task_326_regime_conditioned_entry_map/task_326_robustness.csv,docs,.csv,1779,HISTORICAL_REPORT,KEEP_OR_ARCHIVE_REVIEW,MEDIUM,Historical report evidence; exclude from default read scope.
docs/reports/task_326_regime_conditioned_entry_map/task_326_summary.csv,docs,.csv,1374,HISTORICAL_REPORT,KEEP_OR_ARCHIVE_REVIEW,MEDIUM,Historical report evidence; exclude from default read scope.
docs/reports/task_326_regime_conditioned_entry_map/task_326_trade_level_delta.csv,docs,.csv,1365633,HISTORICAL_REPORT,KEEP_OR_ARCHIVE_REVIEW,MEDIUM,Historical report evidence; exclude from default read scope.
docs/reports/task_327_path_conditioned_entry/task_327_archetype_path_matrix.csv,docs,.csv,1118,HISTORICAL_REPORT,KEEP_OR_ARCHIVE_REVIEW,MEDIUM,Historical report evidence; exclude from default read scope.
docs/reports/task_327_path_conditioned_entry/task_327_calibration_metrics.csv,docs,.csv,1160,HISTORICAL_REPORT,KEEP_OR_ARCHIVE_REVIEW,MEDIUM,Historical report evidence; exclude from default read scope.
docs/reports/task_327_path_conditioned_entry/task_327_feature_regime_path_mapping.csv,docs,.csv,32081,HISTORICAL_REPORT,KEEP_OR_ARCHIVE_REVIEW,MEDIUM,Historical report evidence; exclude from default read scope.
docs/reports/task_327_path_conditioned_entry/task_327_full_period_comparison.csv,docs,.csv,981,HISTORICAL_REPORT,KEEP_OR_ARCHIVE_REVIEW,MEDIUM,Historical report evidence; exclude from default read scope.
docs/reports/task_327_path_conditioned_entry/task_327_joint_feature_path_mapping.csv,docs,.csv,24024,HISTORICAL_REPORT,KEEP_OR_ARCHIVE_REVIEW,MEDIUM,Historical report evidence; exclude from default read scope.
docs/reports/task_327_path_conditioned_entry/task_327_oos_comparison.csv,docs,.csv,940,HISTORICAL_REPORT,KEEP_OR_ARCHIVE_REVIEW,MEDIUM,Historical report evidence; exclude from default read scope.
docs/reports/task_327_path_conditioned_entry/task_327_path_conditioned_entry.md,docs,.md,8504,HISTORICAL_REPORT,KEEP_OR_ARCHIVE_REVIEW,MEDIUM,Historical report evidence; exclude from default read scope.
docs/reports/task_327_path_conditioned_entry/task_327_path_label_diagnostics.csv,docs,.csv,3912,HISTORICAL_REPORT,KEEP_OR_ARCHIVE_REVIEW,MEDIUM,Historical report evidence; exclude from default read scope.
docs/reports/task_327_path_conditioned_entry/task_327_path_prediction_metrics.csv,docs,.csv,3327,HISTORICAL_REPORT,KEEP_OR_ARCHIVE_REVIEW,MEDIUM,Historical report evidence; exclude from default read scope.
docs/reports/task_327_path_conditioned_entry/task_327_regime_path_matrix.csv,docs,.csv,1134,HISTORICAL_REPORT,KEEP_OR_ARCHIVE_REVIEW,MEDIUM,Historical report evidence; exclude from default read scope.
docs/reports/task_327_path_conditioned_entry/task_327_robustness.csv,docs,.csv,2304,HISTORICAL_REPORT,KEEP_OR_ARCHIVE_REVIEW,MEDIUM,Historical report evidence; exclude from default read scope.
docs/reports/task_327_path_conditioned_entry/task_327_summary.csv,docs,.csv,1735,HISTORICAL_REPORT,KEEP_OR_ARCHIVE_REVIEW,MEDIUM,Historical report evidence; exclude from default read scope.
docs/reports/task_327_path_conditioned_entry/task_327_trade_level_delta.csv,docs,.csv,1385175,HISTORICAL_REPORT,KEEP_OR_ARCHIVE_REVIEW,MEDIUM,Historical report evidence; exclude from default read scope.
docs/reports/task_327_path_conditioned_entry/task_327_trade_path_labels.csv,docs,.csv,4646426,HISTORICAL_REPORT,KEEP_OR_ARCHIVE_REVIEW,MEDIUM,Historical report evidence; exclude from default read scope.
docs/reports/task_328_regime_failure_diagnosis/task_328_diagnostic_backtest_summary.csv,docs,.csv,3521,HISTORICAL_REPORT,KEEP_OR_ARCHIVE_REVIEW,MEDIUM,Historical report evidence; exclude from default read scope.
docs/reports/task_328_regime_failure_diagnosis/task_328_failure_mode_attribution.csv,docs,.csv,1454,HISTORICAL_REPORT,KEEP_OR_ARCHIVE_REVIEW,MEDIUM,Historical report evidence; exclude from default read scope.
docs/reports/task_328_regime_failure_diagnosis/task_328_regime_archetype_stability.csv,docs,.csv,12348,HISTORICAL_REPORT,KEEP_OR_ARCHIVE_REVIEW,MEDIUM,Historical report evidence; exclude from default read scope.
docs/reports/task_328_regime_failure_diagnosis/task_328_regime_drift.csv,docs,.csv,662,HISTORICAL_REPORT,KEEP_OR_ARCHIVE_REVIEW,MEDIUM,Historical report evidence; exclude from default read scope.
docs/reports/task_328_regime_failure_diagnosis/task_328_regime_entry_linkage_diagnosis.csv,docs,.csv,771,HISTORICAL_REPORT,KEEP_OR_ARCHIVE_REVIEW,MEDIUM,Historical report evidence; exclude from default read scope.
docs/reports/task_328_regime_failure_diagnosis/task_328_regime_failure_diagnosis.md,docs,.md,3148,HISTORICAL_REPORT,KEEP_OR_ARCHIVE_REVIEW,MEDIUM,Historical report evidence; exclude from default read scope.
docs/reports/task_328_regime_failure_diagnosis/task_328_regime_internal_heterogeneity.csv,docs,.csv,1723,HISTORICAL_REPORT,KEEP_OR_ARCHIVE_REVIEW,MEDIUM,Historical report evidence; exclude from default read scope.
docs/reports/task_328_regime_failure_diagnosis/task_328_regime_outcome_separation.csv,docs,.csv,2023,HISTORICAL_REPORT,KEEP_OR_ARCHIVE_REVIEW,MEDIUM,Historical report evidence; exclude from default read scope.
docs/reports/task_328_regime_failure_diagnosis/task_328_root_cause_ranking.csv,docs,.csv,560,HISTORICAL_REPORT,KEEP_OR_ARCHIVE_REVIEW,MEDIUM,Historical report evidence; exclude from default read scope.
docs/reports/task_329_state_model_redesign/task_329_breakout_state_model_redesign.md,docs,.md,2284,HISTORICAL_REPORT,KEEP_OR_ARCHIVE_REVIEW,MEDIUM,Historical report evidence; exclude from default read scope.
docs/reports/task_329_state_model_redesign/task_329_state_archetype_stability.csv,docs,.csv,20449,HISTORICAL_REPORT,KEEP_OR_ARCHIVE_REVIEW,MEDIUM,Historical report evidence; exclude from default read scope.
docs/reports/task_329_state_model_redesign/task_329_state_axes.csv,docs,.csv,1114,HISTORICAL_REPORT,KEEP_OR_ARCHIVE_REVIEW,MEDIUM,Historical report evidence; exclude from default read scope.
docs/reports/task_329_state_model_redesign/task_329_state_internal_homogeneity.csv,docs,.csv,7204,HISTORICAL_REPORT,KEEP_OR_ARCHIVE_REVIEW,MEDIUM,Historical report evidence; exclude from default read scope.
docs/reports/task_329_state_model_redesign/task_329_state_model_comparison.csv,docs,.csv,276,HISTORICAL_REPORT,KEEP_OR_ARCHIVE_REVIEW,MEDIUM,Historical report evidence; exclude from default read scope.
docs/reports/task_329_state_model_redesign/task_329_state_model_decision.csv,docs,.csv,335,HISTORICAL_REPORT,KEEP_OR_ARCHIVE_REVIEW,MEDIUM,Historical report evidence; exclude from default read scope.
docs/reports/task_329_state_model_redesign/task_329_state_oos_retention.csv,docs,.csv,2111,HISTORICAL_REPORT,KEEP_OR_ARCHIVE_REVIEW,MEDIUM,Historical report evidence; exclude from default read scope.
docs/reports/task_329_state_model_redesign/task_329_state_path_matrix.csv,docs,.csv,5542,HISTORICAL_REPORT,KEEP_OR_ARCHIVE_REVIEW,MEDIUM,Historical report evidence; exclude from default read scope.
docs/reports/task_330_state_model_stabilization/task_330_missing_axis_value.csv,docs,.csv,418,HISTORICAL_REPORT,KEEP_OR_ARCHIVE_REVIEW,MEDIUM,Historical report evidence; exclude from default read scope.
docs/reports/task_330_state_model_stabilization/task_330_refined_state_model_comparison.csv,docs,.csv,738,HISTORICAL_REPORT,KEEP_OR_ARCHIVE_REVIEW,MEDIUM,Historical report evidence; exclude from default read scope.
docs/reports/task_330_state_model_stabilization/task_330_state_granularity_tradeoff.csv,docs,.csv,670,HISTORICAL_REPORT,KEEP_OR_ARCHIVE_REVIEW,MEDIUM,Historical report evidence; exclude from default read scope.
docs/reports/task_330_state_model_stabilization/task_330_state_linkage_instability.csv,docs,.csv,5750,HISTORICAL_REPORT,KEEP_OR_ARCHIVE_REVIEW,MEDIUM,Historical report evidence; exclude from default read scope.
docs/reports/task_330_state_model_stabilization/task_330_state_model_stabilization.md,docs,.md,2251,HISTORICAL_REPORT,KEEP_OR_ARCHIVE_REVIEW,MEDIUM,Historical report evidence; exclude from default read scope.
docs/reports/task_330_state_model_stabilization/task_330_state_revision_proposals.csv,docs,.csv,564,HISTORICAL_REPORT,KEEP_OR_ARCHIVE_REVIEW,MEDIUM,Historical report evidence; exclude from default read scope.
docs/reports/task_330_state_model_stabilization/task_330_state_stabilization_decision.csv,docs,.csv,254,HISTORICAL_REPORT,KEEP_OR_ARCHIVE_REVIEW,MEDIUM,Historical report evidence; exclude from default read scope.
docs/reports/task_330_state_model_stabilization/task_330_strong_trend_decomposition.csv,docs,.csv,1630,HISTORICAL_REPORT,KEEP_OR_ARCHIVE_REVIEW,MEDIUM,Historical report evidence; exclude from default read scope.
docs/reports/task_330_state_model_stabilization/task_330_vulnerable_state_buckets.csv,docs,.csv,6166,HISTORICAL_REPORT,KEEP_OR_ARCHIVE_REVIEW,MEDIUM,Historical report evidence; exclude from default read scope.
docs/reports/task_331_local_state_stabilization/task_331_local_revision_plan.csv,docs,.csv,5533,HISTORICAL_REPORT,KEEP_OR_ARCHIVE_REVIEW,MEDIUM,Historical report evidence; exclude from default read scope.
docs/reports/task_331_local_state_stabilization/task_331_local_stabilization_comparison.csv,docs,.csv,734,HISTORICAL_REPORT,KEEP_OR_ARCHIVE_REVIEW,MEDIUM,Historical report evidence; exclude from default read scope.
docs/reports/task_331_local_state_stabilization/task_331_local_stabilization_decision.csv,docs,.csv,164,HISTORICAL_REPORT,KEEP_OR_ARCHIVE_REVIEW,MEDIUM,Historical report evidence; exclude from default read scope.
docs/reports/task_331_local_state_stabilization/task_331_local_state_stabilization.md,docs,.md,7864,HISTORICAL_REPORT,KEEP_OR_ARCHIVE_REVIEW,MEDIUM,Historical report evidence; exclude from default read scope.
docs/reports/task_331_local_state_stabilization/task_331_secondary_noise_conditioning.csv,docs,.csv,452,HISTORICAL_REPORT,KEEP_OR_ARCHIVE_REVIEW,MEDIUM,Historical report evidence; exclude from default read scope.
docs/reports/task_331_local_state_stabilization/task_331_sparse_state_merge_analysis.csv,docs,.csv,3760,HISTORICAL_REPORT,KEEP_OR_ARCHIVE_REVIEW,MEDIUM,Historical report evidence; exclude from default read scope.
docs/reports/task_331_local_state_stabilization/task_331_vulnerable_bucket_split_analysis.csv,docs,.csv,2859,HISTORICAL_REPORT,KEEP_OR_ARCHIVE_REVIEW,MEDIUM,Historical report evidence; exclude from default read scope.
docs/reports/task_332_state_space_realignment/task_332_axis_definition.csv,docs,.csv,973,HISTORICAL_REPORT,KEEP_OR_ARCHIVE_REVIEW,MEDIUM,Historical report evidence; exclude from default read scope.
docs/reports/task_332_state_space_realignment/task_332_axis_dependency_matrix.csv,docs,.csv,2249,HISTORICAL_REPORT,KEEP_OR_ARCHIVE_REVIEW,MEDIUM,Historical report evidence; exclude from default read scope.
docs/reports/task_332_state_space_realignment/task_332_final_recommendation.md,docs,.md,4029,HISTORICAL_REPORT,KEEP_OR_ARCHIVE_REVIEW,MEDIUM,Historical report evidence; exclude from default read scope.
docs/reports/task_332_state_space_realignment/task_332_state_behavior_validation.csv,docs,.csv,21902,HISTORICAL_REPORT,KEEP_OR_ARCHIVE_REVIEW,MEDIUM,Historical report evidence; exclude from default read scope.
docs/reports/task_332_state_space_realignment/task_332_state_candidates.csv,docs,.csv,5935,HISTORICAL_REPORT,KEEP_OR_ARCHIVE_REVIEW,MEDIUM,Historical report evidence; exclude from default read scope.
docs/reports/task_332_state_space_realignment/task_332_state_model_evaluation.csv,docs,.csv,724,HISTORICAL_REPORT,KEEP_OR_ARCHIVE_REVIEW,MEDIUM,Historical report evidence; exclude from default read scope.
docs/reports/task_332_state_space_realignment/task_332_state_transition_matrix.csv,docs,.csv,190934,HISTORICAL_REPORT,KEEP_OR_ARCHIVE_REVIEW,MEDIUM,Historical report evidence; exclude from default read scope.
docs/reports/task_333_behavior_clustered_state_model/task_333_behavior_cluster_confusion_matrix.csv,docs,.csv,46810,HISTORICAL_REPORT,KEEP_OR_ARCHIVE_REVIEW,MEDIUM,Historical report evidence; exclude from default read scope.
docs/reports/task_333_behavior_clustered_state_model/task_333_behavior_cluster_diagnostics.csv,docs,.csv,3899,HISTORICAL_REPORT,KEEP_OR_ARCHIVE_REVIEW,MEDIUM,Historical report evidence; exclude from default read scope.
docs/reports/task_333_behavior_clustered_state_model/task_333_behavior_cluster_labels.csv,docs,.csv,882,HISTORICAL_REPORT,KEEP_OR_ARCHIVE_REVIEW,MEDIUM,Historical report evidence; exclude from default read scope.
docs/reports/task_333_behavior_clustered_state_model/task_333_behavior_cluster_prediction_metrics.csv,docs,.csv,1276,HISTORICAL_REPORT,KEEP_OR_ARCHIVE_REVIEW,MEDIUM,Historical report evidence; exclude from default read scope.
docs/reports/task_333_behavior_clustered_state_model/task_333_behavior_clustered_state_model.md,docs,.md,4324,HISTORICAL_REPORT,KEEP_OR_ARCHIVE_REVIEW,MEDIUM,Historical report evidence; exclude from default read scope.
docs/reports/task_333_behavior_clustered_state_model/task_333_behavior_vs_axis_state_comparison.csv,docs,.csv,372,HISTORICAL_REPORT,KEEP_OR_ARCHIVE_REVIEW,MEDIUM,Historical report evidence; exclude from default read scope.
docs/reports/task_333_behavior_clustered_state_model/task_333_cluster_model_candidates.csv,docs,.csv,1289,HISTORICAL_REPORT,KEEP_OR_ARCHIVE_REVIEW,MEDIUM,Historical report evidence; exclude from default read scope.
docs/reports/task_333_behavior_clustered_state_model/task_333_diagnostic_action_test.csv,docs,.csv,1322,HISTORICAL_REPORT,KEEP_OR_ARCHIVE_REVIEW,MEDIUM,Historical report evidence; exclude from default read scope.
docs/reports/task_333_behavior_clustered_state_model/task_333_feature_to_behavior_cluster_mapping.csv,docs,.csv,8974,HISTORICAL_REPORT,KEEP_OR_ARCHIVE_REVIEW,MEDIUM,Historical report evidence; exclude from default read scope.
docs/reports/task_333_behavior_clustered_state_model/task_333_selected_behavior_clusters.csv,docs,.csv,4736598,HISTORICAL_REPORT,KEEP_OR_ARCHIVE_REVIEW,MEDIUM,Historical report evidence; exclude from default read scope.
docs/reports/task_333_behavior_clustered_state_model/task_333_state_to_behavior_cluster_mapping.csv,docs,.csv,7481,HISTORICAL_REPORT,KEEP_OR_ARCHIVE_REVIEW,MEDIUM,Historical report evidence; exclude from default read scope.
docs/reports/task_333_behavior_clustered_state_model/task_333_trade_level_cluster_delta.csv,docs,.csv,4428652,HISTORICAL_REPORT,KEEP_OR_ARCHIVE_REVIEW,MEDIUM,Historical report evidence; exclude from default read scope.
docs/reports/task_334_behavior_state_monetization/task_334_behavior_state_monetization.md,docs,.md,6882,HISTORICAL_REPORT,KEEP_OR_ARCHIVE_REVIEW,MEDIUM,Historical report evidence; exclude from default read scope.
docs/reports/task_334_behavior_state_monetization/task_334_cluster_truth_stability.csv,docs,.csv,1098,HISTORICAL_REPORT,KEEP_OR_ARCHIVE_REVIEW,MEDIUM,Historical report evidence; exclude from default read scope.
docs/reports/task_334_behavior_state_monetization/task_334_economic_action_diagnostic.csv,docs,.csv,479,HISTORICAL_REPORT,KEEP_OR_ARCHIVE_REVIEW,MEDIUM,Historical report evidence; exclude from default read scope.
docs/reports/task_334_behavior_state_monetization/task_334_expanded_family_candidate_metrics.csv,docs,.csv,1217,HISTORICAL_REPORT,KEEP_OR_ARCHIVE_REVIEW,MEDIUM,Historical report evidence; exclude from default read scope.
docs/reports/task_334_behavior_state_monetization/task_334_feature_family_incremental_lift.csv,docs,.csv,533,HISTORICAL_REPORT,KEEP_OR_ARCHIVE_REVIEW,MEDIUM,Historical report evidence; exclude from default read scope.
docs/reports/task_334_behavior_state_monetization/task_334_predictability_ceiling.csv,docs,.csv,1988,HISTORICAL_REPORT,KEEP_OR_ARCHIVE_REVIEW,MEDIUM,Historical report evidence; exclude from default read scope.
docs/reports/task_334_behavior_state_monetization/task_334_production_candidate_selection.csv,docs,.csv,302,HISTORICAL_REPORT,KEEP_OR_ARCHIVE_REVIEW,MEDIUM,Historical report evidence; exclude from default read scope.
docs/reports/task_334_behavior_state_monetization/task_334_single_feature_ceiling.csv,docs,.csv,5715,HISTORICAL_REPORT,KEEP_OR_ARCHIVE_REVIEW,MEDIUM,Historical report evidence; exclude from default read scope.
docs/reports/task_334_behavior_state_monetization/task_334_symbol_sector_holdout.csv,docs,.csv,835,HISTORICAL_REPORT,KEEP_OR_ARCHIVE_REVIEW,MEDIUM,Historical report evidence; exclude from default read scope.
docs/reports/task_334_behavior_state_monetization/task_334_target_design_comparison.csv,docs,.csv,239,HISTORICAL_REPORT,KEEP_OR_ARCHIVE_REVIEW,MEDIUM,Historical report evidence; exclude from default read scope.
docs/reports/task_334_behavior_state_monetization/task_334_trade_level_overlay_delta.csv,docs,.csv,1185797,HISTORICAL_REPORT,KEEP_OR_ARCHIVE_REVIEW,MEDIUM,Historical report evidence; exclude from default read scope.
docs/reports/task_335_information_layer_expansion/task_335_economic_action_test.csv,docs,.csv,445,HISTORICAL_REPORT,KEEP_OR_ARCHIVE_REVIEW,MEDIUM,Historical report evidence; exclude from default read scope.
docs/reports/task_335_information_layer_expansion/task_335_feature_family_ablation.csv,docs,.csv,45027,HISTORICAL_REPORT,KEEP_OR_ARCHIVE_REVIEW,MEDIUM,Historical report evidence; exclude from default read scope.
docs/reports/task_335_information_layer_expansion/task_335_feature_family_definitions.csv,docs,.csv,2787,HISTORICAL_REPORT,KEEP_OR_ARCHIVE_REVIEW,MEDIUM,Historical report evidence; exclude from default read scope.
docs/reports/task_335_information_layer_expansion/task_335_feature_to_behavior_mapping.csv,docs,.csv,66822,HISTORICAL_REPORT,KEEP_OR_ARCHIVE_REVIEW,MEDIUM,Historical report evidence; exclude from default read scope.
docs/reports/task_335_information_layer_expansion/task_335_final_decision.csv,docs,.csv,354,HISTORICAL_REPORT,KEEP_OR_ARCHIVE_REVIEW,MEDIUM,Historical report evidence; exclude from default read scope.
docs/reports/task_335_information_layer_expansion/task_335_holdout_results.csv,docs,.csv,4989,HISTORICAL_REPORT,KEEP_OR_ARCHIVE_REVIEW,MEDIUM,Historical report evidence; exclude from default read scope.
docs/reports/task_335_information_layer_expansion/task_335_information_layer_expansion.md,docs,.md,16585,HISTORICAL_REPORT,KEEP_OR_ARCHIVE_REVIEW,MEDIUM,Historical report evidence; exclude from default read scope.
docs/reports/task_335_information_layer_expansion/task_335_prediction_metrics.csv,docs,.csv,38605,HISTORICAL_REPORT,KEEP_OR_ARCHIVE_REVIEW,MEDIUM,Historical report evidence; exclude from default read scope.
docs/reports/task_335_information_layer_expansion/task_335_trade_level_delta.csv,docs,.csv,1169217,HISTORICAL_REPORT,KEEP_OR_ARCHIVE_REVIEW,MEDIUM,Historical report evidence; exclude from default read scope.
docs/reports/task_336_intraday_information/task_336_economic_action_test.csv,docs,.csv,2439,HISTORICAL_REPORT,KEEP_OR_ARCHIVE_REVIEW,MEDIUM,Historical report evidence; exclude from default read scope.
docs/reports/task_336_intraday_information/task_336_final_decision.csv,docs,.csv,224,HISTORICAL_REPORT,KEEP_OR_ARCHIVE_REVIEW,MEDIUM,Historical report evidence; exclude from default read scope.
docs/reports/task_336_intraday_information/task_336_holdout_results.csv,docs,.csv,16897,HISTORICAL_REPORT,KEEP_OR_ARCHIVE_REVIEW,MEDIUM,Historical report evidence; exclude from default read scope.
docs/reports/task_336_intraday_information/task_336_intraday_ablation.csv,docs,.csv,59545,HISTORICAL_REPORT,KEEP_OR_ARCHIVE_REVIEW,MEDIUM,Historical report evidence; exclude from default read scope.
docs/reports/task_336_intraday_information/task_336_intraday_feature_definitions.csv,docs,.csv,2317,HISTORICAL_REPORT,KEEP_OR_ARCHIVE_REVIEW,MEDIUM,Historical report evidence; exclude from default read scope.
docs/reports/task_336_intraday_information/task_336_intraday_information.md,docs,.md,13158,HISTORICAL_REPORT,KEEP_OR_ARCHIVE_REVIEW,MEDIUM,Historical report evidence; exclude from default read scope.
docs/reports/task_336_intraday_information/task_336_intraday_to_behavior_mapping.csv,docs,.csv,97,HISTORICAL_REPORT,KEEP_OR_ARCHIVE_REVIEW,MEDIUM,Historical report evidence; exclude from default read scope.
docs/reports/task_336_intraday_information/task_336_prediction_metrics.csv,docs,.csv,59545,HISTORICAL_REPORT,KEEP_OR_ARCHIVE_REVIEW,MEDIUM,Historical report evidence; exclude from default read scope.
docs/reports/task_336_intraday_information/task_336_trade_level_delta.csv,docs,.csv,176,HISTORICAL_REPORT,KEEP_OR_ARCHIVE_REVIEW,MEDIUM,Historical report evidence; exclude from default read scope.
docs/reports/task_337_historical_intraday_ingestion/task_337_historical_intraday_ingestion.md,docs,.md,2093,HISTORICAL_REPORT,KEEP_OR_ARCHIVE_REVIEW,MEDIUM,Historical report evidence; exclude from default read scope.
docs/reports/task_337_historical_intraday_ingestion/task_337_intraday_coverage_audit.csv,docs,.csv,18437,HISTORICAL_REPORT,KEEP_OR_ARCHIVE_REVIEW,MEDIUM,Historical report evidence; exclude from default read scope.
docs/reports/task_337_historical_intraday_ingestion/task_337_intraday_coverage_summary.csv,docs,.csv,141,HISTORICAL_REPORT,KEEP_OR_ARCHIVE_REVIEW,MEDIUM,Historical report evidence; exclude from default read scope.
docs/reports/task_337_historical_intraday_ingestion/task_337_provider_comparison.csv,docs,.csv,306,HISTORICAL_REPORT,KEEP_OR_ARCHIVE_REVIEW,MEDIUM,Historical report evidence; exclude from default read scope.
docs/reports/task_337_historical_intraday_ingestion/task_337_required_symbol_dates.csv,docs,.csv,260028,HISTORICAL_REPORT,KEEP_OR_ARCHIVE_REVIEW,MEDIUM,Historical report evidence; exclude from default read scope.
docs/reports/task_337_historical_intraday_ingestion/task_337_required_symbol_summary.csv,docs,.csv,504,HISTORICAL_REPORT,KEEP_OR_ARCHIVE_REVIEW,MEDIUM,Historical report evidence; exclude from default read scope.
docs/reports/task_338_intraday_evaluation_fix/task_338_economic_action_test_corrected.csv,docs,.csv,2850,HISTORICAL_REPORT,KEEP_OR_ARCHIVE_REVIEW,MEDIUM,Historical report evidence; exclude from default read scope.
docs/reports/task_338_intraday_evaluation_fix/task_338_final_decision_corrected.csv,docs,.csv,269,HISTORICAL_REPORT,KEEP_OR_ARCHIVE_REVIEW,MEDIUM,Historical report evidence; exclude from default read scope.
docs/reports/task_338_intraday_evaluation_fix/task_338_holdout_results_corrected.csv,docs,.csv,141990,HISTORICAL_REPORT,KEEP_OR_ARCHIVE_REVIEW,MEDIUM,Historical report evidence; exclude from default read scope.
docs/reports/task_338_intraday_evaluation_fix/task_338_intraday_evaluation_fix.md,docs,.md,13147,HISTORICAL_REPORT,KEEP_OR_ARCHIVE_REVIEW,MEDIUM,Historical report evidence; exclude from default read scope.
docs/reports/task_338_intraday_evaluation_fix/task_338_prediction_metrics_corrected.csv,docs,.csv,64560,HISTORICAL_REPORT,KEEP_OR_ARCHIVE_REVIEW,MEDIUM,Historical report evidence; exclude from default read scope.
docs/reports/task_338_intraday_evaluation_fix/task_338_split_coverage_summary.csv,docs,.csv,135,HISTORICAL_REPORT,KEEP_OR_ARCHIVE_REVIEW,MEDIUM,Historical report evidence; exclude from default read scope.
docs/reports/task_338_intraday_evaluation_fix/task_338_trade_coverage_flags.csv,docs,.csv,362129,HISTORICAL_REPORT,KEEP_OR_ARCHIVE_REVIEW,MEDIUM,Historical report evidence; exclude from default read scope.
docs/reports/task_338_intraday_evaluation_fix/task_338_trade_level_delta_corrected.csv,docs,.csv,162213,HISTORICAL_REPORT,KEEP_OR_ARCHIVE_REVIEW,MEDIUM,Historical report evidence; exclude from default read scope.
docs/reports/task_339_intraday_signal_strengthening/task_339_final_decision.csv,docs,.csv,180,HISTORICAL_REPORT,KEEP_OR_ARCHIVE_REVIEW,MEDIUM,Historical report evidence; exclude from default read scope.
docs/reports/task_339_intraday_signal_strengthening/task_339_holdout_results.csv,docs,.csv,183622,HISTORICAL_REPORT,KEEP_OR_ARCHIVE_REVIEW,MEDIUM,Historical report evidence; exclude from default read scope.
docs/reports/task_339_intraday_signal_strengthening/task_339_intraday_signal_strengthening.md,docs,.md,11180,HISTORICAL_REPORT,KEEP_OR_ARCHIVE_REVIEW,MEDIUM,Historical report evidence; exclude from default read scope.
docs/reports/task_339_intraday_signal_strengthening/task_339_subset_definitions.csv,docs,.csv,229433,HISTORICAL_REPORT,KEEP_OR_ARCHIVE_REVIEW,MEDIUM,Historical report evidence; exclude from default read scope.
docs/reports/task_339_intraday_signal_strengthening/task_339_subset_signal_strength.csv,docs,.csv,30737,HISTORICAL_REPORT,KEEP_OR_ARCHIVE_REVIEW,MEDIUM,Historical report evidence; exclude from default read scope.
docs/reports/task_339_intraday_signal_strengthening/task_339_subset_strategy_performance.csv,docs,.csv,4905,HISTORICAL_REPORT,KEEP_OR_ARCHIVE_REVIEW,MEDIUM,Historical report evidence; exclude from default read scope.
docs/reports/task_340_subset_validation/task_340_engine_integration_spec.csv,docs,.csv,627,HISTORICAL_REPORT,KEEP_OR_ARCHIVE_REVIEW,MEDIUM,Historical report evidence; exclude from default read scope.
docs/reports/task_340_subset_validation/task_340_execution_stress_test.csv,docs,.csv,784,HISTORICAL_REPORT,KEEP_OR_ARCHIVE_REVIEW,MEDIUM,Historical report evidence; exclude from default read scope.
docs/reports/task_340_subset_validation/task_340_final_decision.csv,docs,.csv,331,HISTORICAL_REPORT,KEEP_OR_ARCHIVE_REVIEW,MEDIUM,Historical report evidence; exclude from default read scope.
docs/reports/task_340_subset_validation/task_340_rolling_oos_validation.csv,docs,.csv,588,HISTORICAL_REPORT,KEEP_OR_ARCHIVE_REVIEW,MEDIUM,Historical report evidence; exclude from default read scope.
docs/reports/task_340_subset_validation/task_340_statistical_significance.csv,docs,.csv,409,HISTORICAL_REPORT,KEEP_OR_ARCHIVE_REVIEW,MEDIUM,Historical report evidence; exclude from default read scope.
docs/reports/task_340_subset_validation/task_340_subset_strategy_performance.csv,docs,.csv,339,HISTORICAL_REPORT,KEEP_OR_ARCHIVE_REVIEW,MEDIUM,Historical report evidence; exclude from default read scope.
docs/reports/task_340_subset_validation/task_340_subset_validation.md,docs,.md,6610,HISTORICAL_REPORT,KEEP_OR_ARCHIVE_REVIEW,MEDIUM,Historical report evidence; exclude from default read scope.
docs/reports/task_340_subset_validation/task_340_symbol_sector_breakdown.csv,docs,.csv,3060,HISTORICAL_REPORT,KEEP_OR_ARCHIVE_REVIEW,MEDIUM,Historical report evidence; exclude from default read scope.
docs/reports/task_341_subset_refinement/task_341_execution_stress.csv,docs,.csv,589,HISTORICAL_REPORT,KEEP_OR_ARCHIVE_REVIEW,MEDIUM,Historical report evidence; exclude from default read scope.
docs/reports/task_341_subset_refinement/task_341_final_decision.csv,docs,.csv,410,HISTORICAL_REPORT,KEEP_OR_ARCHIVE_REVIEW,MEDIUM,Historical report evidence; exclude from default read scope.
docs/reports/task_341_subset_refinement/task_341_refined_subset_validation.csv,docs,.csv,986,HISTORICAL_REPORT,KEEP_OR_ARCHIVE_REVIEW,MEDIUM,Historical report evidence; exclude from default read scope.
docs/reports/task_341_subset_refinement/task_341_refinement_candidates.csv,docs,.csv,1234,HISTORICAL_REPORT,KEEP_OR_ARCHIVE_REVIEW,MEDIUM,Historical report evidence; exclude from default read scope.
docs/reports/task_341_subset_refinement/task_341_regime_conditioning.csv,docs,.csv,291,HISTORICAL_REPORT,KEEP_OR_ARCHIVE_REVIEW,MEDIUM,Historical report evidence; exclude from default read scope.
docs/reports/task_341_subset_refinement/task_341_size_overlay_test.csv,docs,.csv,265,HISTORICAL_REPORT,KEEP_OR_ARCHIVE_REVIEW,MEDIUM,Historical report evidence; exclude from default read scope.
docs/reports/task_341_subset_refinement/task_341_subset_quality_decomposition.csv,docs,.csv,2338,HISTORICAL_REPORT,KEEP_OR_ARCHIVE_REVIEW,MEDIUM,Historical report evidence; exclude from default read scope.
docs/reports/task_341_subset_refinement/task_341_subset_refinement.md,docs,.md,1781,HISTORICAL_REPORT,KEEP_OR_ARCHIVE_REVIEW,MEDIUM,Historical report evidence; exclude from default read scope.
docs/reports/task_341_subset_refinement/task_341_window_comparison.csv,docs,.csv,2720,HISTORICAL_REPORT,KEEP_OR_ARCHIVE_REVIEW,MEDIUM,Historical report evidence; exclude from default read scope.
docs/reports/task_342_conditional_edge_integration/task_342_contribution_analysis.csv,docs,.csv,2772,HISTORICAL_REPORT,KEEP_OR_ARCHIVE_REVIEW,MEDIUM,Historical report evidence; exclude from default read scope.
docs/reports/task_342_conditional_edge_integration/task_342_execution_stress.csv,docs,.csv,4336,HISTORICAL_REPORT,KEEP_OR_ARCHIVE_REVIEW,MEDIUM,Historical report evidence; exclude from default read scope.
docs/reports/task_342_conditional_edge_integration/task_342_final_decision.csv,docs,.csv,433,HISTORICAL_REPORT,KEEP_OR_ARCHIVE_REVIEW,MEDIUM,Historical report evidence; exclude from default read scope.
docs/reports/task_342_conditional_edge_integration/task_342_integration_report.md,docs,.md,2572,HISTORICAL_REPORT,KEEP_OR_ARCHIVE_REVIEW,MEDIUM,Historical report evidence; exclude from default read scope.
docs/reports/task_342_conditional_edge_integration/task_342_oos_comparison.csv,docs,.csv,2680,HISTORICAL_REPORT,KEEP_OR_ARCHIVE_REVIEW,MEDIUM,Historical report evidence; exclude from default read scope.
docs/reports/task_342_conditional_edge_integration/task_342_portfolio_comparison.csv,docs,.csv,4362,HISTORICAL_REPORT,KEEP_OR_ARCHIVE_REVIEW,MEDIUM,Historical report evidence; exclude from default read scope.
docs/reports/task_342_conditional_edge_integration/task_342_risk_metrics.csv,docs,.csv,4046,HISTORICAL_REPORT,KEEP_OR_ARCHIVE_REVIEW,MEDIUM,Historical report evidence; exclude from default read scope.
docs/reports/task_342_conditional_edge_integration/task_342_rolling_oos.csv,docs,.csv,6623,HISTORICAL_REPORT,KEEP_OR_ARCHIVE_REVIEW,MEDIUM,Historical report evidence; exclude from default read scope.
docs/reports/task_343_pro_quant_development_roadmap/task_343_go_live_gates.csv,docs,.csv,602,HISTORICAL_REPORT,KEEP_OR_ARCHIVE_REVIEW,MEDIUM,Historical report evidence; exclude from default read scope.
docs/reports/task_343_pro_quant_development_roadmap/task_343_kill_criteria.csv,docs,.csv,882,HISTORICAL_REPORT,KEEP_OR_ARCHIVE_REVIEW,MEDIUM,Historical report evidence; exclude from default read scope.
docs/reports/task_343_pro_quant_development_roadmap/task_343_overlay_translation_options.csv,docs,.csv,750,HISTORICAL_REPORT,KEEP_OR_ARCHIVE_REVIEW,MEDIUM,Historical report evidence; exclude from default read scope.
docs/reports/task_343_pro_quant_development_roadmap/task_343_phase_roadmap.csv,docs,.csv,2262,HISTORICAL_REPORT,KEEP_OR_ARCHIVE_REVIEW,MEDIUM,Historical report evidence; exclude from default read scope.
docs/reports/task_343_pro_quant_development_roadmap/task_343_pro_quant_development_roadmap.md,docs,.md,6409,HISTORICAL_REPORT,KEEP_OR_ARCHIVE_REVIEW,MEDIUM,Historical report evidence; exclude from default read scope.
docs/reports/task_343_pro_quant_development_roadmap/task_343_research_track_priorities.csv,docs,.csv,1109,HISTORICAL_REPORT,KEEP_OR_ARCHIVE_REVIEW,MEDIUM,Historical report evidence; exclude from default read scope.
docs/reports/task_343_pro_quant_development_roadmap/task_343_shadow_monitoring_spec.csv,docs,.csv,881,HISTORICAL_REPORT,KEEP_OR_ARCHIVE_REVIEW,MEDIUM,Historical report evidence; exclude from default read scope.
docs/reports/task_343_pro_quant_development_roadmap/task_343_targeted_backfill_scope.csv,docs,.csv,855,HISTORICAL_REPORT,KEEP_OR_ARCHIVE_REVIEW,MEDIUM,Historical report evidence; exclude from default read scope.
docs/reports/task_344_intraday_evidence_expansion_audit/task_344_anchored_oos_reason_breakdown.csv,docs,.csv,157,HISTORICAL_REPORT,KEEP_OR_ARCHIVE_REVIEW,MEDIUM,Historical report evidence; exclude from default read scope.
docs/reports/task_344_intraday_evidence_expansion_audit/task_344_anchored_oos_uncovered_symbols.csv,docs,.csv,134,HISTORICAL_REPORT,KEEP_OR_ARCHIVE_REVIEW,MEDIUM,Historical report evidence; exclude from default read scope.
docs/reports/task_344_intraday_evidence_expansion_audit/task_344_evidence_expansion_decision.csv,docs,.csv,413,HISTORICAL_REPORT,KEEP_OR_ARCHIVE_REVIEW,MEDIUM,Historical report evidence; exclude from default read scope.
docs/reports/task_344_intraday_evidence_expansion_audit/task_344_intraday_evidence_expansion_audit.md,docs,.md,1258,HISTORICAL_REPORT,KEEP_OR_ARCHIVE_REVIEW,MEDIUM,Historical report evidence; exclude from default read scope.
docs/reports/task_344_intraday_evidence_expansion_audit/task_344_targeted_backfill_attempt_summary.csv,docs,.csv,133,HISTORICAL_REPORT,KEEP_OR_ARCHIVE_REVIEW,MEDIUM,Historical report evidence; exclude from default read scope.
docs/reports/task_345_intraday_coverage_alignment/task_345_breakout_timestamp_diagnostics.csv,docs,.csv,382218,HISTORICAL_REPORT,KEEP_OR_ARCHIVE_REVIEW,MEDIUM,Historical report evidence; exclude from default read scope.
docs/reports/task_345_intraday_coverage_alignment/task_345_coverage_failure_taxonomy.csv,docs,.csv,387,HISTORICAL_REPORT,KEEP_OR_ARCHIVE_REVIEW,MEDIUM,Historical report evidence; exclude from default read scope.
docs/reports/task_345_intraday_coverage_alignment/task_345_coverage_recovery_summary.csv,docs,.csv,670,HISTORICAL_REPORT,KEEP_OR_ARCHIVE_REVIEW,MEDIUM,Historical report evidence; exclude from default read scope.
docs/reports/task_345_intraday_coverage_alignment/task_345_final_decision.csv,docs,.csv,261,HISTORICAL_REPORT,KEEP_OR_ARCHIVE_REVIEW,MEDIUM,Historical report evidence; exclude from default read scope.
docs/reports/task_345_intraday_coverage_alignment/task_345_intraday_coverage_alignment.md,docs,.md,3012,HISTORICAL_REPORT,KEEP_OR_ARCHIVE_REVIEW,MEDIUM,Historical report evidence; exclude from default read scope.
docs/reports/task_345_intraday_coverage_alignment/task_345_recoverable_trade_candidates.csv,docs,.csv,423910,HISTORICAL_REPORT,KEEP_OR_ARCHIVE_REVIEW,MEDIUM,Historical report evidence; exclude from default read scope.
docs/reports/task_345_intraday_coverage_alignment/task_345_window_alignment_comparison.csv,docs,.csv,2175,HISTORICAL_REPORT,KEEP_OR_ARCHIVE_REVIEW,MEDIUM,Historical report evidence; exclude from default read scope.
docs/reports/task_346_coverage_corrected_revalidation/task_346_edge_reclassification.csv,docs,.csv,69,HISTORICAL_REPORT,KEEP_OR_ARCHIVE_REVIEW,MEDIUM,Historical report evidence; exclude from default read scope.
docs/reports/task_346_coverage_corrected_revalidation/task_346_failure_attribution.csv,docs,.csv,719,HISTORICAL_REPORT,KEEP_OR_ARCHIVE_REVIEW,MEDIUM,Historical report evidence; exclude from default read scope.
docs/reports/task_346_coverage_corrected_revalidation/task_346_final_decision.csv,docs,.csv,283,HISTORICAL_REPORT,KEEP_OR_ARCHIVE_REVIEW,MEDIUM,Historical report evidence; exclude from default read scope.
docs/reports/task_346_coverage_corrected_revalidation/task_346_revalidation_comparison.csv,docs,.csv,1866,HISTORICAL_REPORT,KEEP_OR_ARCHIVE_REVIEW,MEDIUM,Historical report evidence; exclude from default read scope.
docs/reports/task_346_coverage_corrected_revalidation/task_346_revalidation_report.md,docs,.md,3583,HISTORICAL_REPORT,KEEP_OR_ARCHIVE_REVIEW,MEDIUM,Historical report evidence; exclude from default read scope.
docs/reports/task_346_coverage_corrected_revalidation/task_346_subset_consistency.csv,docs,.csv,510,HISTORICAL_REPORT,KEEP_OR_ARCHIVE_REVIEW,MEDIUM,Historical report evidence; exclude from default read scope.
docs/reports/task_347_priority_overlay_translation/task_347_execution_stress.csv,docs,.csv,35264,HISTORICAL_REPORT,KEEP_OR_ARCHIVE_REVIEW,MEDIUM,Historical report evidence; exclude from default read scope.
docs/reports/task_347_priority_overlay_translation/task_347_final_decision.csv,docs,.csv,447,HISTORICAL_REPORT,KEEP_OR_ARCHIVE_REVIEW,MEDIUM,Historical report evidence; exclude from default read scope.
docs/reports/task_347_priority_overlay_translation/task_347_oos_comparison.csv,docs,.csv,20140,HISTORICAL_REPORT,KEEP_OR_ARCHIVE_REVIEW,MEDIUM,Historical report evidence; exclude from default read scope.
docs/reports/task_347_priority_overlay_translation/task_347_portfolio_comparison.csv,docs,.csv,36183,HISTORICAL_REPORT,KEEP_OR_ARCHIVE_REVIEW,MEDIUM,Historical report evidence; exclude from default read scope.
docs/reports/task_347_priority_overlay_translation/task_347_rolling_oos_validation.csv,docs,.csv,55978,HISTORICAL_REPORT,KEEP_OR_ARCHIVE_REVIEW,MEDIUM,Historical report evidence; exclude from default read scope.
docs/reports/task_347_priority_overlay_translation/task_347_sector_exposure.csv,docs,.csv,63665,HISTORICAL_REPORT,KEEP_OR_ARCHIVE_REVIEW,MEDIUM,Historical report evidence; exclude from default read scope.
docs/reports/task_347_priority_overlay_translation/task_347_slot_utilization.csv,docs,.csv,23459,HISTORICAL_REPORT,KEEP_OR_ARCHIVE_REVIEW,MEDIUM,Historical report evidence; exclude from default read scope.
docs/reports/task_347_priority_overlay_translation/task_347_translation_report.md,docs,.md,1045,HISTORICAL_REPORT,KEEP_OR_ARCHIVE_REVIEW,MEDIUM,Historical report evidence; exclude from default read scope.
docs/reports/task_348_tactical_breakout_sleeve/task_348_execution_quality_diagnostics.csv,docs,.csv,15316,HISTORICAL_REPORT,KEEP_OR_ARCHIVE_REVIEW,MEDIUM,Historical report evidence; exclude from default read scope.
docs/reports/task_348_tactical_breakout_sleeve/task_348_execution_quality_features.csv,docs,.csv,324906,HISTORICAL_REPORT,KEEP_OR_ARCHIVE_REVIEW,MEDIUM,Historical report evidence; exclude from default read scope.
docs/reports/task_348_tactical_breakout_sleeve/task_348_final_decision.csv,docs,.csv,339,HISTORICAL_REPORT,KEEP_OR_ARCHIVE_REVIEW,MEDIUM,Historical report evidence; exclude from default read scope.
docs/reports/task_348_tactical_breakout_sleeve/task_348_good_vs_bad_breakout_diagnostics.csv,docs,.csv,14359,HISTORICAL_REPORT,KEEP_OR_ARCHIVE_REVIEW,MEDIUM,Historical report evidence; exclude from default read scope.
docs/reports/task_348_tactical_breakout_sleeve/task_348_shadow_monitoring_spec.csv,docs,.csv,1424,HISTORICAL_REPORT,KEEP_OR_ARCHIVE_REVIEW,MEDIUM,Historical report evidence; exclude from default read scope.
docs/reports/task_348_tactical_breakout_sleeve/task_348_sleeve_capacity_concentration.csv,docs,.csv,551,HISTORICAL_REPORT,KEEP_OR_ARCHIVE_REVIEW,MEDIUM,Historical report evidence; exclude from default read scope.
docs/reports/task_348_tactical_breakout_sleeve/task_348_tactical_breakout_sleeve.md,docs,.md,1148,HISTORICAL_REPORT,KEEP_OR_ARCHIVE_REVIEW,MEDIUM,Historical report evidence; exclude from default read scope.
docs/reports/task_348_tactical_breakout_sleeve/task_348_tactical_sleeve_performance.csv,docs,.csv,1742,HISTORICAL_REPORT,KEEP_OR_ARCHIVE_REVIEW,MEDIUM,Historical report evidence; exclude from default read scope.
docs/reports/task_349_cross_regime_persistence/task_349_cross_regime_persistence.md,docs,.md,1440,HISTORICAL_REPORT,KEEP_OR_ARCHIVE_REVIEW,MEDIUM,Historical report evidence; exclude from default read scope.
docs/reports/task_349_cross_regime_persistence/task_349_failure_anatomy_breakdown.csv,docs,.csv,425,HISTORICAL_REPORT,KEEP_OR_ARCHIVE_REVIEW,MEDIUM,Historical report evidence; exclude from default read scope.
docs/reports/task_349_cross_regime_persistence/task_349_failure_microstructure_patterns.csv,docs,.csv,259,HISTORICAL_REPORT,KEEP_OR_ARCHIVE_REVIEW,MEDIUM,Historical report evidence; exclude from default read scope.
docs/reports/task_349_cross_regime_persistence/task_349_failure_timing_analysis.csv,docs,.csv,356,HISTORICAL_REPORT,KEEP_OR_ARCHIVE_REVIEW,MEDIUM,Historical report evidence; exclude from default read scope.
docs/reports/task_349_cross_regime_persistence/task_349_final_decision.csv,docs,.csv,264,HISTORICAL_REPORT,KEEP_OR_ARCHIVE_REVIEW,MEDIUM,Historical report evidence; exclude from default read scope.
docs/reports/task_349_cross_regime_persistence/task_349_market_phase_dependency.csv,docs,.csv,341,HISTORICAL_REPORT,KEEP_OR_ARCHIVE_REVIEW,MEDIUM,Historical report evidence; exclude from default read scope.
docs/reports/task_349_cross_regime_persistence/task_349_persistence_scorecard.csv,docs,.csv,176,HISTORICAL_REPORT,KEEP_OR_ARCHIVE_REVIEW,MEDIUM,Historical report evidence; exclude from default read scope.
docs/reports/task_349_cross_regime_persistence/task_349_regime_edge_decay.csv,docs,.csv,495,HISTORICAL_REPORT,KEEP_OR_ARCHIVE_REVIEW,MEDIUM,Historical report evidence; exclude from default read scope.
docs/reports/task_349_cross_regime_persistence/task_349_regime_persistence_matrix.csv,docs,.csv,2636,HISTORICAL_REPORT,KEEP_OR_ARCHIVE_REVIEW,MEDIUM,Historical report evidence; exclude from default read scope.
docs/reports/task_349_cross_regime_persistence/task_349_regime_transition_analysis.csv,docs,.csv,733,HISTORICAL_REPORT,KEEP_OR_ARCHIVE_REVIEW,MEDIUM,Historical report evidence; exclude from default read scope.
docs/reports/task_349_cross_regime_persistence/task_349_sector_beta_dependency.csv,docs,.csv,169,HISTORICAL_REPORT,KEEP_OR_ARCHIVE_REVIEW,MEDIUM,Historical report evidence; exclude from default read scope.
docs/reports/task_349_cross_regime_persistence/task_349_shadow_readiness.csv,docs,.csv,222,HISTORICAL_REPORT,KEEP_OR_ARCHIVE_REVIEW,MEDIUM,Historical report evidence; exclude from default read scope.
docs/reports/task_349_cross_regime_persistence/task_349_tactical_sleeve_viability.csv,docs,.csv,227,HISTORICAL_REPORT,KEEP_OR_ARCHIVE_REVIEW,MEDIUM,Historical report evidence; exclude from default read scope.
docs/reports/task_349_cross_regime_persistence/task_349_theme_concentration.csv,docs,.csv,325,HISTORICAL_REPORT,KEEP_OR_ARCHIVE_REVIEW,MEDIUM,Historical report evidence; exclude from default read scope.
docs/reports/task_350_alpha_family_viability/task_350_adaptive_suppression_effect.csv,docs,.csv,482,HISTORICAL_REPORT,KEEP_OR_ARCHIVE_REVIEW,MEDIUM,Historical report evidence; exclude from default read scope.
docs/reports/task_350_alpha_family_viability/task_350_alpha_family_viability.csv,docs,.csv,2902,HISTORICAL_REPORT,KEEP_OR_ARCHIVE_REVIEW,MEDIUM,Historical report evidence; exclude from default read scope.
docs/reports/task_350_alpha_family_viability/task_350_alpha_family_viability.md,docs,.md,3370,HISTORICAL_REPORT,KEEP_OR_ARCHIVE_REVIEW,MEDIUM,Historical report evidence; exclude from default read scope.
docs/reports/task_350_alpha_family_viability/task_350_alpha_identity_classification.csv,docs,.csv,641,HISTORICAL_REPORT,KEEP_OR_ARCHIVE_REVIEW,MEDIUM,Historical report evidence; exclude from default read scope.
docs/reports/task_350_alpha_family_viability/task_350_breakout_family_decay_analysis.csv,docs,.csv,1533,HISTORICAL_REPORT,KEEP_OR_ARCHIVE_REVIEW,MEDIUM,Historical report evidence; exclude from default read scope.
docs/reports/task_350_alpha_family_viability/task_350_cross_environment_persistence.csv,docs,.csv,433,HISTORICAL_REPORT,KEEP_OR_ARCHIVE_REVIEW,MEDIUM,Historical report evidence; exclude from default read scope.
docs/reports/task_350_alpha_family_viability/task_350_failure_contribution_ranking.csv,docs,.csv,556,HISTORICAL_REPORT,KEEP_OR_ARCHIVE_REVIEW,MEDIUM,Historical report evidence; exclude from default read scope.
docs/reports/task_350_alpha_family_viability/task_350_final_decision.csv,docs,.csv,294,HISTORICAL_REPORT,KEEP_OR_ARCHIVE_REVIEW,MEDIUM,Historical report evidence; exclude from default read scope.
docs/reports/task_350_alpha_family_viability/task_350_large_loss_clusters.csv,docs,.csv,18370,HISTORICAL_REPORT,KEEP_OR_ARCHIVE_REVIEW,MEDIUM,Historical report evidence; exclude from default read scope.
docs/reports/task_350_alpha_family_viability/task_350_loss_engine_decomposition.csv,docs,.csv,541,HISTORICAL_REPORT,KEEP_OR_ARCHIVE_REVIEW,MEDIUM,Historical report evidence; exclude from default read scope.
docs/reports/task_350_alpha_family_viability/task_350_monetization_interpretation.csv,docs,.csv,425,HISTORICAL_REPORT,KEEP_OR_ARCHIVE_REVIEW,MEDIUM,Historical report evidence; exclude from default read scope.
docs/reports/task_350_alpha_family_viability/task_350_static_vs_dynamic_filtering.csv,docs,.csv,521,HISTORICAL_REPORT,KEEP_OR_ARCHIVE_REVIEW,MEDIUM,Historical report evidence; exclude from default read scope.
docs/reports/task_351_continuation_regime_persistence/task_351_artifact_vs_structure.csv,docs,.csv,122,HISTORICAL_REPORT,KEEP_OR_ARCHIVE_REVIEW,MEDIUM,Historical report evidence; exclude from default read scope.
docs/reports/task_351_continuation_regime_persistence/task_351_continuation_regime_extraction.csv,docs,.csv,203,HISTORICAL_REPORT,KEEP_OR_ARCHIVE_REVIEW,MEDIUM,Historical report evidence; exclude from default read scope.
docs/reports/task_351_continuation_regime_persistence/task_351_continuation_regime_persistence.md,docs,.md,815,HISTORICAL_REPORT,KEEP_OR_ARCHIVE_REVIEW,MEDIUM,Historical report evidence; exclude from default read scope.
docs/reports/task_351_continuation_regime_persistence/task_351_convex_regime_candidates.csv,docs,.csv,5280,HISTORICAL_REPORT,KEEP_OR_ARCHIVE_REVIEW,MEDIUM,Historical report evidence; exclude from default read scope.
docs/reports/task_351_continuation_regime_persistence/task_351_final_decision.csv,docs,.csv,129,HISTORICAL_REPORT,KEEP_OR_ARCHIVE_REVIEW,MEDIUM,Historical report evidence; exclude from default read scope.
docs/reports/task_351_continuation_regime_persistence/task_351_offensive_alpha_viability.csv,docs,.csv,149,HISTORICAL_REPORT,KEEP_OR_ARCHIVE_REVIEW,MEDIUM,Historical report evidence; exclude from default read scope.
docs/reports/task_351_continuation_regime_persistence/task_351_positive_tail_persistence.csv,docs,.csv,109,HISTORICAL_REPORT,KEEP_OR_ARCHIVE_REVIEW,MEDIUM,Historical report evidence; exclude from default read scope.
docs/reports/task_351_continuation_regime_persistence/task_351_regime_persistence_audit.csv,docs,.csv,131,HISTORICAL_REPORT,KEEP_OR_ARCHIVE_REVIEW,MEDIUM,Historical report evidence; exclude from default read scope.
docs/reports/task_351_continuation_regime_persistence/task_351_rolling_regime_validation.csv,docs,.csv,91,HISTORICAL_REPORT,KEEP_OR_ARCHIVE_REVIEW,MEDIUM,Historical report evidence; exclude from default read scope.
docs/reports/task_351_continuation_regime_persistence/task_351_tactical_convexity_profile.csv,docs,.csv,103,HISTORICAL_REPORT,KEEP_OR_ARCHIVE_REVIEW,MEDIUM,Historical report evidence; exclude from default read scope.
docs/reports/task_351_continuation_regime_persistence/task_351_time_decay_analysis.csv,docs,.csv,78,HISTORICAL_REPORT,KEEP_OR_ARCHIVE_REVIEW,MEDIUM,Historical report evidence; exclude from default read scope.
docs/reports/task_352_continuation_regime_reframing/task_352_artifact_adjusted_regime_scores.csv,docs,.csv,6207,HISTORICAL_REPORT,KEEP_OR_ARCHIVE_REVIEW,MEDIUM,Historical report evidence; exclude from default read scope.
docs/reports/task_352_continuation_regime_reframing/task_352_continuation_regime_reframing.md,docs,.md,6135,HISTORICAL_REPORT,KEEP_OR_ARCHIVE_REVIEW,MEDIUM,Historical report evidence; exclude from default read scope.
docs/reports/task_352_continuation_regime_reframing/task_352_final_decision.csv,docs,.csv,395,HISTORICAL_REPORT,KEEP_OR_ARCHIVE_REVIEW,MEDIUM,Historical report evidence; exclude from default read scope.
docs/reports/task_352_continuation_regime_reframing/task_352_positive_vs_convex_vs_structural.csv,docs,.csv,4692,HISTORICAL_REPORT,KEEP_OR_ARCHIVE_REVIEW,MEDIUM,Historical report evidence; exclude from default read scope.
docs/reports/task_352_continuation_regime_reframing/task_352_relative_regime_ranking.csv,docs,.csv,11954,HISTORICAL_REPORT,KEEP_OR_ARCHIVE_REVIEW,MEDIUM,Historical report evidence; exclude from default read scope.
docs/reports/task_352_continuation_regime_reframing/task_352_rolling_regime_recheck.csv,docs,.csv,4593,HISTORICAL_REPORT,KEEP_OR_ARCHIVE_REVIEW,MEDIUM,Historical report evidence; exclude from default read scope.
docs/reports/task_352_continuation_regime_reframing/task_352_top_regime_utility.csv,docs,.csv,859,HISTORICAL_REPORT,KEEP_OR_ARCHIVE_REVIEW,MEDIUM,Historical report evidence; exclude from default read scope.
docs/reports/task_353_regime_continuation_sleeve/task_353_artifact_adjusted_sleeve.csv,docs,.csv,817,HISTORICAL_REPORT,KEEP_OR_ARCHIVE_REVIEW,MEDIUM,Historical report evidence; exclude from default read scope.
docs/reports/task_353_regime_continuation_sleeve/task_353_economic_utility_assessment.csv,docs,.csv,291,HISTORICAL_REPORT,KEEP_OR_ARCHIVE_REVIEW,MEDIUM,Historical report evidence; exclude from default read scope.
docs/reports/task_353_regime_continuation_sleeve/task_353_final_decision.csv,docs,.csv,610,HISTORICAL_REPORT,KEEP_OR_ARCHIVE_REVIEW,MEDIUM,Historical report evidence; exclude from default read scope.
docs/reports/task_353_regime_continuation_sleeve/task_353_offensive_sleeve_oos_validation.csv,docs,.csv,1441,HISTORICAL_REPORT,KEEP_OR_ARCHIVE_REVIEW,MEDIUM,Historical report evidence; exclude from default read scope.
docs/reports/task_353_regime_continuation_sleeve/task_353_regime_basket_comparison.csv,docs,.csv,972,HISTORICAL_REPORT,KEEP_OR_ARCHIVE_REVIEW,MEDIUM,Historical report evidence; exclude from default read scope.
docs/reports/task_353_regime_continuation_sleeve/task_353_regime_continuation_sleeve.md,docs,.md,7258,HISTORICAL_REPORT,KEEP_OR_ARCHIVE_REVIEW,MEDIUM,Historical report evidence; exclude from default read scope.
docs/reports/task_353_regime_continuation_sleeve/task_353_regime_participation_scorecard.csv,docs,.csv,440319,HISTORICAL_REPORT,KEEP_OR_ARCHIVE_REVIEW,MEDIUM,Historical report evidence; exclude from default read scope.
docs/reports/task_353_regime_continuation_sleeve/task_353_regime_sleeve_candidates.csv,docs,.csv,972,HISTORICAL_REPORT,KEEP_OR_ARCHIVE_REVIEW,MEDIUM,Historical report evidence; exclude from default read scope.
docs/reports/task_353_regime_continuation_sleeve/task_353_sizing_template_comparison.csv,docs,.csv,825,HISTORICAL_REPORT,KEEP_OR_ARCHIVE_REVIEW,MEDIUM,Historical report evidence; exclude from default read scope.
docs/reports/task_354_regime_sleeve_deployment/task_354_capital_allocator_comparison.csv,docs,.csv,152346,HISTORICAL_REPORT,KEEP_OR_ARCHIVE_REVIEW,MEDIUM,Historical report evidence; exclude from default read scope.
docs/reports/task_354_regime_sleeve_deployment/task_354_concurrent_signal_competition.csv,docs,.csv,81608,HISTORICAL_REPORT,KEEP_OR_ARCHIVE_REVIEW,MEDIUM,Historical report evidence; exclude from default read scope.
docs/reports/task_354_regime_sleeve_deployment/task_354_execution_realism_stress.csv,docs,.csv,2144,HISTORICAL_REPORT,KEEP_OR_ARCHIVE_REVIEW,MEDIUM,Historical report evidence; exclude from default read scope.
docs/reports/task_354_regime_sleeve_deployment/task_354_final_decision.csv,docs,.csv,525,HISTORICAL_REPORT,KEEP_OR_ARCHIVE_REVIEW,MEDIUM,Historical report evidence; exclude from default read scope.
docs/reports/task_354_regime_sleeve_deployment/task_354_live_decision_reconstruction.csv,docs,.csv,1813915,HISTORICAL_REPORT,KEEP_OR_ARCHIVE_REVIEW,MEDIUM,Historical report evidence; exclude from default read scope.
docs/reports/task_354_regime_sleeve_deployment/task_354_regime_sleeve_deployment.md,docs,.md,17282,HISTORICAL_REPORT,KEEP_OR_ARCHIVE_REVIEW,MEDIUM,Historical report evidence; exclude from default read scope.
docs/reports/task_354_regime_sleeve_deployment/task_354_shadow_pilot_readiness.csv,docs,.csv,353,HISTORICAL_REPORT,KEEP_OR_ARCHIVE_REVIEW,MEDIUM,Historical report evidence; exclude from default read scope.
docs/reports/task_354_regime_sleeve_deployment/task_354_sleeve_overlap_netting.csv,docs,.csv,399,HISTORICAL_REPORT,KEEP_OR_ARCHIVE_REVIEW,MEDIUM,Historical report evidence; exclude from default read scope.
docs/reports/task_355_anchored_oos_failure_uplift/task_355_anchored_oos_cluster_diagnostics.csv,docs,.csv,1645,HISTORICAL_REPORT,KEEP_OR_ARCHIVE_REVIEW,MEDIUM,Historical report evidence; exclude from default read scope.
docs/reports/task_355_anchored_oos_failure_uplift/task_355_anchored_oos_failure_uplift.md,docs,.md,8559,HISTORICAL_REPORT,KEEP_OR_ARCHIVE_REVIEW,MEDIUM,Historical report evidence; exclude from default read scope.
docs/reports/task_355_anchored_oos_failure_uplift/task_355_anchored_oos_loss_decomposition.csv,docs,.csv,1656,HISTORICAL_REPORT,KEEP_OR_ARCHIVE_REVIEW,MEDIUM,Historical report evidence; exclude from default read scope.
docs/reports/task_355_anchored_oos_failure_uplift/task_355_final_decision.csv,docs,.csv,402,HISTORICAL_REPORT,KEEP_OR_ARCHIVE_REVIEW,MEDIUM,Historical report evidence; exclude from default read scope.
docs/reports/task_355_anchored_oos_failure_uplift/task_355_uplift_candidate_comparison.csv,docs,.csv,3605,HISTORICAL_REPORT,KEEP_OR_ARCHIVE_REVIEW,MEDIUM,Historical report evidence; exclude from default read scope.
docs/reports/task_355_anchored_oos_failure_uplift/task_355_uplift_scorecard.csv,docs,.csv,893,HISTORICAL_REPORT,KEEP_OR_ARCHIVE_REVIEW,MEDIUM,Historical report evidence; exclude from default read scope.
docs/reports/task_356_event_shock_regime_audit/task_356_current_vs_russia_war_comparison.csv,docs,.csv,386,HISTORICAL_REPORT,KEEP_OR_ARCHIVE_REVIEW,MEDIUM,Historical report evidence; exclude from default read scope.
docs/reports/task_356_event_shock_regime_audit/task_356_event_episode_library.csv,docs,.csv,1745,HISTORICAL_REPORT,KEEP_OR_ARCHIVE_REVIEW,MEDIUM,Historical report evidence; exclude from default read scope.
docs/reports/task_356_event_shock_regime_audit/task_356_event_shock_regime_audit.md,docs,.md,10001,HISTORICAL_REPORT,KEEP_OR_ARCHIVE_REVIEW,MEDIUM,Historical report evidence; exclude from default read scope.
docs/reports/task_356_event_shock_regime_audit/task_356_final_decision.csv,docs,.csv,397,HISTORICAL_REPORT,KEEP_OR_ARCHIVE_REVIEW,MEDIUM,Historical report evidence; exclude from default read scope.
docs/reports/task_356_event_shock_regime_audit/task_356_shock_conditional_deployment.csv,docs,.csv,2907,HISTORICAL_REPORT,KEEP_OR_ARCHIVE_REVIEW,MEDIUM,Historical report evidence; exclude from default read scope.
docs/reports/task_356_event_shock_regime_audit/task_356_shock_family_comparison.csv,docs,.csv,1939,HISTORICAL_REPORT,KEEP_OR_ARCHIVE_REVIEW,MEDIUM,Historical report evidence; exclude from default read scope.
docs/reports/task_356_event_shock_regime_audit/task_356_shock_regime_similarity.csv,docs,.csv,682,HISTORICAL_REPORT,KEEP_OR_ARCHIVE_REVIEW,MEDIUM,Historical report evidence; exclude from default read scope.
docs/reports/task_357_endogenous_state_gated_allocator/task_357_allocator_framework_comparison.csv,docs,.csv,2305,HISTORICAL_REPORT,KEEP_OR_ARCHIVE_REVIEW,MEDIUM,Historical report evidence; exclude from default read scope.
docs/reports/task_357_endogenous_state_gated_allocator/task_357_endogenous_state_gated_allocator.md,docs,.md,7482,HISTORICAL_REPORT,KEEP_OR_ARCHIVE_REVIEW,MEDIUM,Historical report evidence; exclude from default read scope.
docs/reports/task_357_endogenous_state_gated_allocator/task_357_factor_netting_effect.csv,docs,.csv,461,HISTORICAL_REPORT,KEEP_OR_ARCHIVE_REVIEW,MEDIUM,Historical report evidence; exclude from default read scope.
docs/reports/task_357_endogenous_state_gated_allocator/task_357_failure_cluster_contribution.csv,docs,.csv,12599,HISTORICAL_REPORT,KEEP_OR_ARCHIVE_REVIEW,MEDIUM,Historical report evidence; exclude from default read scope.
docs/reports/task_357_endogenous_state_gated_allocator/task_357_final_decision.csv,docs,.csv,438,HISTORICAL_REPORT,KEEP_OR_ARCHIVE_REVIEW,MEDIUM,Historical report evidence; exclude from default read scope.
docs/reports/task_357_endogenous_state_gated_allocator/task_357_staged_execution_comparison.csv,docs,.csv,454,HISTORICAL_REPORT,KEEP_OR_ARCHIVE_REVIEW,MEDIUM,Historical report evidence; exclude from default read scope.
docs/reports/task_357_endogenous_state_gated_allocator/task_357_state_detector_diagnostics.csv,docs,.csv,773,HISTORICAL_REPORT,KEEP_OR_ARCHIVE_REVIEW,MEDIUM,Historical report evidence; exclude from default read scope.
docs/reports/task_358_state_gated_execution_refinement/task_358_failure_cluster_contribution.csv,docs,.csv,11262,HISTORICAL_REPORT,KEEP_OR_ARCHIVE_REVIEW,MEDIUM,Historical report evidence; exclude from default read scope.
docs/reports/task_358_state_gated_execution_refinement/task_358_final_decision.csv,docs,.csv,430,HISTORICAL_REPORT,KEEP_OR_ARCHIVE_REVIEW,MEDIUM,Historical report evidence; exclude from default read scope.
docs/reports/task_358_state_gated_execution_refinement/task_358_framework_comparison.csv,docs,.csv,2178,HISTORICAL_REPORT,KEEP_OR_ARCHIVE_REVIEW,MEDIUM,Historical report evidence; exclude from default read scope.
docs/reports/task_358_state_gated_execution_refinement/task_358_semis_budget_comparison.csv,docs,.csv,300,HISTORICAL_REPORT,KEEP_OR_ARCHIVE_REVIEW,MEDIUM,Historical report evidence; exclude from default read scope.
docs/reports/task_358_state_gated_execution_refinement/task_358_staged_execution_playbook.csv,docs,.csv,387,HISTORICAL_REPORT,KEEP_OR_ARCHIVE_REVIEW,MEDIUM,Historical report evidence; exclude from default read scope.
docs/reports/task_358_state_gated_execution_refinement/task_358_state_detector_refinement.csv,docs,.csv,773,HISTORICAL_REPORT,KEEP_OR_ARCHIVE_REVIEW,MEDIUM,Historical report evidence; exclude from default read scope.
docs/reports/task_358_state_gated_execution_refinement/task_358_state_gated_execution_refinement.md,docs,.md,7154,HISTORICAL_REPORT,KEEP_OR_ARCHIVE_REVIEW,MEDIUM,Historical report evidence; exclude from default read scope.
docs/reports/task_360_shadow_integration/task_360_shadow_decision_log.csv,docs,.csv,90230,HISTORICAL_REPORT,KEEP_OR_ARCHIVE_REVIEW,MEDIUM,Historical report evidence; exclude from default read scope.
docs/reports/task_360_shadow_integration/task_360_shadow_engine_summary.csv,docs,.csv,434,HISTORICAL_REPORT,KEEP_OR_ARCHIVE_REVIEW,MEDIUM,Historical report evidence; exclude from default read scope.
docs/reports/task_360_shadow_integration/task_360_shadow_factor_diagnostics.csv,docs,.csv,209,HISTORICAL_REPORT,KEEP_OR_ARCHIVE_REVIEW,MEDIUM,Historical report evidence; exclude from default read scope.
docs/reports/task_360_shadow_integration/task_360_shadow_integration.md,docs,.md,2667,HISTORICAL_REPORT,KEEP_OR_ARCHIVE_REVIEW,MEDIUM,Historical report evidence; exclude from default read scope.
docs/reports/task_360_shadow_integration/task_360_shadow_window_comparison.csv,docs,.csv,973,HISTORICAL_REPORT,KEEP_OR_ARCHIVE_REVIEW,MEDIUM,Historical report evidence; exclude from default read scope.
docs/reports/task_361_participation_quality/task_361_add_behavior_by_label.csv,docs,.csv,404,HISTORICAL_REPORT,KEEP_OR_ARCHIVE_REVIEW,MEDIUM,Historical report evidence; exclude from default read scope.
docs/reports/task_361_participation_quality/task_361_failure_window_comparison.csv,docs,.csv,858,HISTORICAL_REPORT,KEEP_OR_ARCHIVE_REVIEW,MEDIUM,Historical report evidence; exclude from default read scope.
docs/reports/task_361_participation_quality/task_361_label_pnl_comparison.csv,docs,.csv,406,HISTORICAL_REPORT,KEEP_OR_ARCHIVE_REVIEW,MEDIUM,Historical report evidence; exclude from default read scope.
docs/reports/task_361_participation_quality/task_361_participation_quality.md,docs,.md,3254,HISTORICAL_REPORT,KEEP_OR_ARCHIVE_REVIEW,MEDIUM,Historical report evidence; exclude from default read scope.
docs/reports/task_361_participation_quality/task_361_participation_quality_log.csv,docs,.csv,156866,HISTORICAL_REPORT,KEEP_OR_ARCHIVE_REVIEW,MEDIUM,Historical report evidence; exclude from default read scope.
docs/reports/task_361_participation_quality/task_361_quality_distribution.csv,docs,.csv,296,HISTORICAL_REPORT,KEEP_OR_ARCHIVE_REVIEW,MEDIUM,Historical report evidence; exclude from default read scope.
docs/reports/task_361_participation_quality/task_361_shadow_policy_comparison.csv,docs,.csv,238,HISTORICAL_REPORT,KEEP_OR_ARCHIVE_REVIEW,MEDIUM,Historical report evidence; exclude from default read scope.
docs/reports/task_362_healthy_expansion_aggressive_policy/task_362_activation_diagnostics.csv,docs,.csv,306,HISTORICAL_REPORT,KEEP_OR_ARCHIVE_REVIEW,MEDIUM,Historical report evidence; exclude from default read scope.
docs/reports/task_362_healthy_expansion_aggressive_policy/task_362_failure_window_comparison.csv,docs,.csv,401,HISTORICAL_REPORT,KEEP_OR_ARCHIVE_REVIEW,MEDIUM,Historical report evidence; exclude from default read scope.
docs/reports/task_362_healthy_expansion_aggressive_policy/task_362_healthy_aggressive_log.csv,docs,.csv,182950,HISTORICAL_REPORT,KEEP_OR_ARCHIVE_REVIEW,MEDIUM,Historical report evidence; exclude from default read scope.
docs/reports/task_362_healthy_expansion_aggressive_policy/task_362_healthy_expansion_aggressive_policy.md,docs,.md,2644,HISTORICAL_REPORT,KEEP_OR_ARCHIVE_REVIEW,MEDIUM,Historical report evidence; exclude from default read scope.
docs/reports/task_362_healthy_expansion_aggressive_policy/task_362_policy_comparison.csv,docs,.csv,309,HISTORICAL_REPORT,KEEP_OR_ARCHIVE_REVIEW,MEDIUM,Historical report evidence; exclude from default read scope.
docs/reports/task_362_healthy_expansion_aggressive_policy/task_362_quality_label_comparison.csv,docs,.csv,476,HISTORICAL_REPORT,KEEP_OR_ARCHIVE_REVIEW,MEDIUM,Historical report evidence; exclude from default read scope.
docs/reports/task_362_healthy_expansion_aggressive_policy/task_362_violation_checks.csv,docs,.csv,69,HISTORICAL_REPORT,KEEP_OR_ARCHIVE_REVIEW,MEDIUM,Historical report evidence; exclude from default read scope.
docs/reports/task_363_add_relay_lifecycle/task_363_add_relay_lifecycle.md,docs,.md,14229,HISTORICAL_REPORT,KEEP_OR_ARCHIVE_REVIEW,MEDIUM,Historical report evidence; exclude from default read scope.
docs/reports/task_363_add_relay_lifecycle/task_363_add_relay_summary.csv,docs,.csv,270,HISTORICAL_REPORT,KEEP_OR_ARCHIVE_REVIEW,MEDIUM,Historical report evidence; exclude from default read scope.
docs/reports/task_363_add_relay_lifecycle/task_363_blocking_reasons.csv,docs,.csv,36451,HISTORICAL_REPORT,KEEP_OR_ARCHIVE_REVIEW,MEDIUM,Historical report evidence; exclude from default read scope.
docs/reports/task_363_add_relay_lifecycle/task_363_gate_dropoff_summary.csv,docs,.csv,1196,HISTORICAL_REPORT,KEEP_OR_ARCHIVE_REVIEW,MEDIUM,Historical report evidence; exclude from default read scope.
docs/reports/task_363_add_relay_lifecycle/task_363_healthy_expansion_relay_trace.csv,docs,.csv,6601,HISTORICAL_REPORT,KEEP_OR_ARCHIVE_REVIEW,MEDIUM,Historical report evidence; exclude from default read scope.
docs/reports/task_363_add_relay_lifecycle/task_363_lifecycle_diagnostics.csv,docs,.csv,43083,HISTORICAL_REPORT,KEEP_OR_ARCHIVE_REVIEW,MEDIUM,Historical report evidence; exclude from default read scope.
docs/reports/task_363_add_relay_lifecycle/task_363_lifecycle_quality_summary.csv,docs,.csv,498,HISTORICAL_REPORT,KEEP_OR_ARCHIVE_REVIEW,MEDIUM,Historical report evidence; exclude from default read scope.
docs/reports/task_364_lifecycle_replay/task_364_add_activation.csv,docs,.csv,449,HISTORICAL_REPORT,KEEP_OR_ARCHIVE_REVIEW,MEDIUM,Historical report evidence; exclude from default read scope.
docs/reports/task_364_lifecycle_replay/task_364_compounding_diagnostics.csv,docs,.csv,344,HISTORICAL_REPORT,KEEP_OR_ARCHIVE_REVIEW,MEDIUM,Historical report evidence; exclude from default read scope.
docs/reports/task_364_lifecycle_replay/task_364_fragility_transition.csv,docs,.csv,135,HISTORICAL_REPORT,KEEP_OR_ARCHIVE_REVIEW,MEDIUM,Historical report evidence; exclude from default read scope.
docs/reports/task_364_lifecycle_replay/task_364_lifecycle_replay.md,docs,.md,7095,HISTORICAL_REPORT,KEEP_OR_ARCHIVE_REVIEW,MEDIUM,Historical report evidence; exclude from default read scope.
docs/reports/task_364_lifecycle_replay/task_364_lifecycle_summary.csv,docs,.csv,29974,HISTORICAL_REPORT,KEEP_OR_ARCHIVE_REVIEW,MEDIUM,Historical report evidence; exclude from default read scope.
docs/reports/task_364_lifecycle_replay/task_364_replay_state_distribution.csv,docs,.csv,95,HISTORICAL_REPORT,KEEP_OR_ARCHIVE_REVIEW,MEDIUM,Historical report evidence; exclude from default read scope.
docs/reports/task_364_lifecycle_replay/task_364_transition_matrix.csv,docs,.csv,87,HISTORICAL_REPORT,KEEP_OR_ARCHIVE_REVIEW,MEDIUM,Historical report evidence; exclude from default read scope.
docs/reports/task_365_event_lifecycle/task_365_chain_summary.csv,docs,.csv,22528,HISTORICAL_REPORT,KEEP_OR_ARCHIVE_REVIEW,MEDIUM,Historical report evidence; exclude from default read scope.
docs/reports/task_365_event_lifecycle/task_365_event_chains.csv,docs,.csv,42113,HISTORICAL_REPORT,KEEP_OR_ARCHIVE_REVIEW,MEDIUM,Historical report evidence; exclude from default read scope.
docs/reports/task_365_event_lifecycle/task_365_event_lifecycle.md,docs,.md,17210,HISTORICAL_REPORT,KEEP_OR_ARCHIVE_REVIEW,MEDIUM,Historical report evidence; exclude from default read scope.
docs/reports/task_365_event_lifecycle/task_365_event_transitions.csv,docs,.csv,13152,HISTORICAL_REPORT,KEEP_OR_ARCHIVE_REVIEW,MEDIUM,Historical report evidence; exclude from default read scope.
docs/reports/task_365_event_lifecycle/task_365_exit_reasons.csv,docs,.csv,52,HISTORICAL_REPORT,KEEP_OR_ARCHIVE_REVIEW,MEDIUM,Historical report evidence; exclude from default read scope.
docs/reports/task_365_event_lifecycle/task_365_quality_evolution.csv,docs,.csv,17588,HISTORICAL_REPORT,KEEP_OR_ARCHIVE_REVIEW,MEDIUM,Historical report evidence; exclude from default read scope.
docs/reports/task_365_event_lifecycle/task_365_size_evolution.csv,docs,.csv,18358,HISTORICAL_REPORT,KEEP_OR_ARCHIVE_REVIEW,MEDIUM,Historical report evidence; exclude from default read scope.
docs/reports/task_366_multi_event_dataset/task_366_event_timelines.csv,docs,.csv,32150,HISTORICAL_REPORT,KEEP_OR_ARCHIVE_REVIEW,MEDIUM,Historical report evidence; exclude from default read scope.
docs/reports/task_366_multi_event_dataset/task_366_exposure_evolution.csv,docs,.csv,94381,HISTORICAL_REPORT,KEEP_OR_ARCHIVE_REVIEW,MEDIUM,Historical report evidence; exclude from default read scope.
docs/reports/task_366_multi_event_dataset/task_366_intraday_event_summary.csv,docs,.csv,608,HISTORICAL_REPORT,KEEP_OR_ARCHIVE_REVIEW,MEDIUM,Historical report evidence; exclude from default read scope.
docs/reports/task_366_multi_event_dataset/task_366_multi_event_dataset.md,docs,.md,12357,HISTORICAL_REPORT,KEEP_OR_ARCHIVE_REVIEW,MEDIUM,Historical report evidence; exclude from default read scope.
docs/reports/task_366_multi_event_dataset/task_366_multi_event_replay_dataset.csv,docs,.csv,186907,HISTORICAL_REPORT,KEEP_OR_ARCHIVE_REVIEW,MEDIUM,Historical report evidence; exclude from default read scope.
docs/reports/task_366_multi_event_dataset/task_366_setup_identity_summary.csv,docs,.csv,182,HISTORICAL_REPORT,KEEP_OR_ARCHIVE_REVIEW,MEDIUM,Historical report evidence; exclude from default read scope.
docs/reports/task_367_source_truth_replay/task_367_continuation_depth.csv,docs,.csv,378,HISTORICAL_REPORT,KEEP_OR_ARCHIVE_REVIEW,MEDIUM,Historical report evidence; exclude from default read scope.
docs/reports/task_367_source_truth_replay/task_367_event_lineage.csv,docs,.csv,217431,HISTORICAL_REPORT,KEEP_OR_ARCHIVE_REVIEW,MEDIUM,Historical report evidence; exclude from default read scope.
docs/reports/task_367_source_truth_replay/task_367_replay_fidelity.csv,docs,.csv,410,HISTORICAL_REPORT,KEEP_OR_ARCHIVE_REVIEW,MEDIUM,Historical report evidence; exclude from default read scope.
docs/reports/task_367_source_truth_replay/task_367_source_truth_replay.md,docs,.md,21521,HISTORICAL_REPORT,KEEP_OR_ARCHIVE_REVIEW,MEDIUM,Historical report evidence; exclude from default read scope.
docs/reports/task_367_source_truth_replay/task_367_source_truth_replay_dataset.csv,docs,.csv,217431,HISTORICAL_REPORT,KEEP_OR_ARCHIVE_REVIEW,MEDIUM,Historical report evidence; exclude from default read scope.
docs/reports/task_368_source_truth_lineage/task_368_add_scale_evolution.csv,docs,.csv,92376,HISTORICAL_REPORT,KEEP_OR_ARCHIVE_REVIEW,MEDIUM,Historical report evidence; exclude from default read scope.
docs/reports/task_368_source_truth_lineage/task_368_lineage_confidence.csv,docs,.csv,17355,HISTORICAL_REPORT,KEEP_OR_ARCHIVE_REVIEW,MEDIUM,Historical report evidence; exclude from default read scope.
docs/reports/task_368_source_truth_lineage/task_368_lineage_summary.csv,docs,.csv,39351,HISTORICAL_REPORT,KEEP_OR_ARCHIVE_REVIEW,MEDIUM,Historical report evidence; exclude from default read scope.
docs/reports/task_368_source_truth_lineage/task_368_persistence_timeline.csv,docs,.csv,79085,HISTORICAL_REPORT,KEEP_OR_ARCHIVE_REVIEW,MEDIUM,Historical report evidence; exclude from default read scope.
docs/reports/task_368_source_truth_lineage/task_368_replay_fidelity.csv,docs,.csv,437,HISTORICAL_REPORT,KEEP_OR_ARCHIVE_REVIEW,MEDIUM,Historical report evidence; exclude from default read scope.
docs/reports/task_368_source_truth_lineage/task_368_source_truth_lineage.md,docs,.md,17902,HISTORICAL_REPORT,KEEP_OR_ARCHIVE_REVIEW,MEDIUM,Historical report evidence; exclude from default read scope.
docs/reports/task_369_event_capture/task_369_canonical_events.csv,docs,.csv,154819,HISTORICAL_REPORT,KEEP_OR_ARCHIVE_REVIEW,MEDIUM,Historical report evidence; exclude from default read scope.
docs/reports/task_369_event_capture/task_369_capture_fidelity.csv,docs,.csv,299,HISTORICAL_REPORT,KEEP_OR_ARCHIVE_REVIEW,MEDIUM,Historical report evidence; exclude from default read scope.
docs/reports/task_369_event_capture/task_369_event_capture.md,docs,.md,20471,HISTORICAL_REPORT,KEEP_OR_ARCHIVE_REVIEW,MEDIUM,Historical report evidence; exclude from default read scope.
docs/reports/task_369_event_capture/task_369_event_source_summary.csv,docs,.csv,142,HISTORICAL_REPORT,KEEP_OR_ARCHIVE_REVIEW,MEDIUM,Historical report evidence; exclude from default read scope.
docs/reports/task_369_event_capture/task_369_identity_origin_summary.csv,docs,.csv,152,HISTORICAL_REPORT,KEEP_OR_ARCHIVE_REVIEW,MEDIUM,Historical report evidence; exclude from default read scope.
docs/reports/task_369_event_capture/task_369_lifecycle_identity.csv,docs,.csv,36535,HISTORICAL_REPORT,KEEP_OR_ARCHIVE_REVIEW,MEDIUM,Historical report evidence; exclude from default read scope.
docs/reports/task_369_event_capture/task_369_lifecycle_snapshots.csv,docs,.csv,64205,HISTORICAL_REPORT,KEEP_OR_ARCHIVE_REVIEW,MEDIUM,Historical report evidence; exclude from default read scope.
docs/reports/task_370_source_time_capture/task_370_add_scale_summary.csv,docs,.csv,98,HISTORICAL_REPORT,KEEP_OR_ARCHIVE_REVIEW,MEDIUM,Historical report evidence; exclude from default read scope.
docs/reports/task_370_source_time_capture/task_370_capture_fidelity.csv,docs,.csv,279,HISTORICAL_REPORT,KEEP_OR_ARCHIVE_REVIEW,MEDIUM,Historical report evidence; exclude from default read scope.
docs/reports/task_370_source_time_capture/task_370_lifecycle_identity.csv,docs,.csv,2,HISTORICAL_REPORT,KEEP_OR_ARCHIVE_REVIEW,MEDIUM,Historical report evidence; exclude from default read scope.
docs/reports/task_370_source_time_capture/task_370_persistence_summary.csv,docs,.csv,131,HISTORICAL_REPORT,KEEP_OR_ARCHIVE_REVIEW,MEDIUM,Historical report evidence; exclude from default read scope.
docs/reports/task_370_source_time_capture/task_370_setup_summary.csv,docs,.csv,61,HISTORICAL_REPORT,KEEP_OR_ARCHIVE_REVIEW,MEDIUM,Historical report evidence; exclude from default read scope.
docs/reports/task_370_source_time_capture/task_370_source_event_dataset.csv,docs,.csv,2,HISTORICAL_REPORT,KEEP_OR_ARCHIVE_REVIEW,MEDIUM,Historical report evidence; exclude from default read scope.
docs/reports/task_370_source_time_capture/task_370_source_time_capture.md,docs,.md,854,HISTORICAL_REPORT,KEEP_OR_ARCHIVE_REVIEW,MEDIUM,Historical report evidence; exclude from default read scope.
docs/reports/task_371_source_time_capture/task_371_capture_coverage_gap.csv,docs,.csv,196,HISTORICAL_REPORT,KEEP_OR_ARCHIVE_REVIEW,MEDIUM,Historical report evidence; exclude from default read scope.
docs/reports/task_371_source_time_capture/task_371_capture_fidelity.csv,docs,.csv,338,HISTORICAL_REPORT,KEEP_OR_ARCHIVE_REVIEW,MEDIUM,Historical report evidence; exclude from default read scope.
docs/reports/task_371_source_time_capture/task_371_identifier_linkage.csv,docs,.csv,240,HISTORICAL_REPORT,KEEP_OR_ARCHIVE_REVIEW,MEDIUM,Historical report evidence; exclude from default read scope.
docs/reports/task_371_source_time_capture/task_371_lifecycle_completeness.csv,docs,.csv,726,HISTORICAL_REPORT,KEEP_OR_ARCHIVE_REVIEW,MEDIUM,Historical report evidence; exclude from default read scope.
docs/reports/task_371_source_time_capture/task_371_lifecycle_identity.csv,docs,.csv,1164,HISTORICAL_REPORT,KEEP_OR_ARCHIVE_REVIEW,MEDIUM,Historical report evidence; exclude from default read scope.
docs/reports/task_371_source_time_capture/task_371_recent_source_event_runs.csv,docs,.csv,479,HISTORICAL_REPORT,KEEP_OR_ARCHIVE_REVIEW,MEDIUM,Historical report evidence; exclude from default read scope.
docs/reports/task_371_source_time_capture/task_371_setup_summary.csv,docs,.csv,93,HISTORICAL_REPORT,KEEP_OR_ARCHIVE_REVIEW,MEDIUM,Historical report evidence; exclude from default read scope.
docs/reports/task_371_source_time_capture/task_371_source_event_dataset.csv,docs,.csv,7674,HISTORICAL_REPORT,KEEP_OR_ARCHIVE_REVIEW,MEDIUM,Historical report evidence; exclude from default read scope.
docs/reports/task_371_source_time_capture/task_371_source_time_capture.md,docs,.md,12325,HISTORICAL_REPORT,KEEP_OR_ARCHIVE_REVIEW,MEDIUM,Historical report evidence; exclude from default read scope.
docs/reports/task_372_historical_source_backfill/task_372_backfill_coverage_summary.csv,docs,.csv,381,HISTORICAL_REPORT,KEEP_OR_ARCHIVE_REVIEW,MEDIUM,Historical report evidence; exclude from default read scope.
docs/reports/task_372_historical_source_backfill/task_372_effect_summary.csv,docs,.csv,1833,HISTORICAL_REPORT,KEEP_OR_ARCHIVE_REVIEW,MEDIUM,Historical report evidence; exclude from default read scope.
docs/reports/task_372_historical_source_backfill/task_372_historical_lifecycle_identity.csv,docs,.csv,56284,HISTORICAL_REPORT,KEEP_OR_ARCHIVE_REVIEW,MEDIUM,Historical report evidence; exclude from default read scope.
docs/reports/task_372_historical_source_backfill/task_372_historical_setup_identity.csv,docs,.csv,42235,HISTORICAL_REPORT,KEEP_OR_ARCHIVE_REVIEW,MEDIUM,Historical report evidence; exclude from default read scope.
docs/reports/task_372_historical_source_backfill/task_372_historical_snapshot_dataset.csv,docs,.csv,225404,HISTORICAL_REPORT,KEEP_OR_ARCHIVE_REVIEW,MEDIUM,Historical report evidence; exclude from default read scope.
docs/reports/task_372_historical_source_backfill/task_372_historical_source_backfill.md,docs,.md,45680,HISTORICAL_REPORT,KEEP_OR_ARCHIVE_REVIEW,MEDIUM,Historical report evidence; exclude from default read scope.
docs/reports/task_372_historical_source_backfill/task_372_historical_source_event_dataset.csv,docs,.csv,341399,HISTORICAL_REPORT,KEEP_OR_ARCHIVE_REVIEW,MEDIUM,Historical report evidence; exclude from default read scope.
docs/reports/task_372_historical_source_backfill/task_372_lifecycle_backtest_panel.csv,docs,.csv,102855,HISTORICAL_REPORT,KEEP_OR_ARCHIVE_REVIEW,MEDIUM,Historical report evidence; exclude from default read scope.
docs/reports/task_372_historical_source_backfill/task_372_scope_comparison.csv,docs,.csv,316,HISTORICAL_REPORT,KEEP_OR_ARCHIVE_REVIEW,MEDIUM,Historical report evidence; exclude from default read scope.
docs/reports/task_373_definition_audit/definition_conservatism_audit.csv,docs,.csv,9969,HISTORICAL_REPORT,KEEP_OR_ARCHIVE_REVIEW,MEDIUM,Historical report evidence; exclude from default read scope.
docs/reports/task_373_definition_audit/definition_forward_vs_expost_matrix.csv,docs,.csv,4568,HISTORICAL_REPORT,KEEP_OR_ARCHIVE_REVIEW,MEDIUM,Historical report evidence; exclude from default read scope.
docs/reports/task_373_definition_audit/good_breakout_definition.csv,docs,.csv,3459,HISTORICAL_REPORT,KEEP_OR_ARCHIVE_REVIEW,MEDIUM,Historical report evidence; exclude from default read scope.
docs/reports/task_373_definition_audit/good_entry_definition.csv,docs,.csv,5738,HISTORICAL_REPORT,KEEP_OR_ARCHIVE_REVIEW,MEDIUM,Historical report evidence; exclude from default read scope.
docs/reports/task_373_definition_audit/good_flow_definition.csv,docs,.csv,3726,HISTORICAL_REPORT,KEEP_OR_ARCHIVE_REVIEW,MEDIUM,Historical report evidence; exclude from default read scope.
docs/reports/task_373_definition_audit/task_373_definition_audit.md,docs,.md,31488,HISTORICAL_REPORT,KEEP_OR_ARCHIVE_REVIEW,MEDIUM,Historical report evidence; exclude from default read scope.
docs/reports/task_374_forward_pure_breakout/breakout_purity_summary.csv,docs,.csv,1674,HISTORICAL_REPORT,KEEP_OR_ARCHIVE_REVIEW,MEDIUM,Historical report evidence; exclude from default read scope.
docs/reports/task_374_forward_pure_breakout/forward_breakout_bucket_audit.csv,docs,.csv,1073,HISTORICAL_REPORT,KEEP_OR_ARCHIVE_REVIEW,MEDIUM,Historical report evidence; exclude from default read scope.
docs/reports/task_374_forward_pure_breakout/forward_breakout_evaluation_panel.csv,docs,.csv,161694,HISTORICAL_REPORT,KEEP_OR_ARCHIVE_REVIEW,MEDIUM,Historical report evidence; exclude from default read scope.
docs/reports/task_374_forward_pure_breakout/forward_breakout_rulebook.csv,docs,.csv,1844,HISTORICAL_REPORT,KEEP_OR_ARCHIVE_REVIEW,MEDIUM,Historical report evidence; exclude from default read scope.
docs/reports/task_374_forward_pure_breakout/forward_only_feature_matrix.csv,docs,.csv,5420,HISTORICAL_REPORT,KEEP_OR_ARCHIVE_REVIEW,MEDIUM,Historical report evidence; exclude from default read scope.
docs/reports/task_374_forward_pure_breakout/forward_pure_breakout_candidates.csv,docs,.csv,127541,HISTORICAL_REPORT,KEEP_OR_ARCHIVE_REVIEW,MEDIUM,Historical report evidence; exclude from default read scope.
docs/reports/task_374_forward_pure_breakout/prediction_input_completeness.csv,docs,.csv,3727,HISTORICAL_REPORT,KEEP_OR_ARCHIVE_REVIEW,MEDIUM,Historical report evidence; exclude from default read scope.
docs/reports/task_374_forward_pure_breakout/prediction_leakage_audit.csv,docs,.csv,2332,HISTORICAL_REPORT,KEEP_OR_ARCHIVE_REVIEW,MEDIUM,Historical report evidence; exclude from default read scope.
docs/reports/task_374_forward_pure_breakout/prediction_vs_policy_overlap.csv,docs,.csv,219839,HISTORICAL_REPORT,KEEP_OR_ARCHIVE_REVIEW,MEDIUM,Historical report evidence; exclude from default read scope.
docs/reports/task_374_forward_pure_breakout/task_374_forward_pure_breakout.md,docs,.md,67099,HISTORICAL_REPORT,KEEP_OR_ARCHIVE_REVIEW,MEDIUM,Historical report evidence; exclude from default read scope.
docs/reports/task_374_forward_pure_breakout/task_375_interface_ready.csv,docs,.csv,500,HISTORICAL_REPORT,KEEP_OR_ARCHIVE_REVIEW,MEDIUM,Historical report evidence; exclude from default read scope.
docs/reports/task_375_forward_persistence/forward_persistence_evaluation_panel.csv,docs,.csv,176133,HISTORICAL_REPORT,KEEP_OR_ARCHIVE_REVIEW,MEDIUM,Historical report evidence; exclude from default read scope.
docs/reports/task_375_forward_persistence/forward_persistence_labels.csv,docs,.csv,53057,HISTORICAL_REPORT,KEEP_OR_ARCHIVE_REVIEW,MEDIUM,Historical report evidence; exclude from default read scope.
docs/reports/task_375_forward_persistence/forward_persistence_prediction_frame.csv,docs,.csv,142686,HISTORICAL_REPORT,KEEP_OR_ARCHIVE_REVIEW,MEDIUM,Historical report evidence; exclude from default read scope.
docs/reports/task_375_forward_persistence/forward_persistence_training_frame.csv,docs,.csv,156464,HISTORICAL_REPORT,KEEP_OR_ARCHIVE_REVIEW,MEDIUM,Historical report evidence; exclude from default read scope.
docs/reports/task_375_forward_persistence/persistence_leakage_audit.csv,docs,.csv,4176,HISTORICAL_REPORT,KEEP_OR_ARCHIVE_REVIEW,MEDIUM,Historical report evidence; exclude from default read scope.
docs/reports/task_375_forward_persistence/persistence_target_summary.csv,docs,.csv,634,HISTORICAL_REPORT,KEEP_OR_ARCHIVE_REVIEW,MEDIUM,Historical report evidence; exclude from default read scope.
docs/reports/task_375_forward_persistence/task_375_forward_persistence.md,docs,.md,34534,HISTORICAL_REPORT,KEEP_OR_ARCHIVE_REVIEW,MEDIUM,Historical report evidence; exclude from default read scope.
docs/reports/task_376_persistence_universe_rebuild/persistence_universe_bucket_audit.csv,docs,.csv,486,HISTORICAL_REPORT,KEEP_OR_ARCHIVE_REVIEW,MEDIUM,Historical report evidence; exclude from default read scope.
docs/reports/task_376_persistence_universe_rebuild/persistence_universe_decision.csv,docs,.csv,329,HISTORICAL_REPORT,KEEP_OR_ARCHIVE_REVIEW,MEDIUM,Historical report evidence; exclude from default read scope.
docs/reports/task_376_persistence_universe_rebuild/persistence_universe_evaluation_panel.csv,docs,.csv,204512,HISTORICAL_REPORT,KEEP_OR_ARCHIVE_REVIEW,MEDIUM,Historical report evidence; exclude from default read scope.
docs/reports/task_376_persistence_universe_rebuild/persistence_universe_leakage_audit.csv,docs,.csv,4652,HISTORICAL_REPORT,KEEP_OR_ARCHIVE_REVIEW,MEDIUM,Historical report evidence; exclude from default read scope.
docs/reports/task_376_persistence_universe_rebuild/persistence_universe_prediction_frame.csv,docs,.csv,157598,HISTORICAL_REPORT,KEEP_OR_ARCHIVE_REVIEW,MEDIUM,Historical report evidence; exclude from default read scope.
docs/reports/task_376_persistence_universe_rebuild/persistence_universe_sample_adequacy_audit.csv,docs,.csv,324,HISTORICAL_REPORT,KEEP_OR_ARCHIVE_REVIEW,MEDIUM,Historical report evidence; exclude from default read scope.
docs/reports/task_376_persistence_universe_rebuild/stateful_persistence_labels.csv,docs,.csv,66524,HISTORICAL_REPORT,KEEP_OR_ARCHIVE_REVIEW,MEDIUM,Historical report evidence; exclude from default read scope.
docs/reports/task_376_persistence_universe_rebuild/task_376_persistence_universe_rebuild.md,docs,.md,44679,HISTORICAL_REPORT,KEEP_OR_ARCHIVE_REVIEW,MEDIUM,Historical report evidence; exclude from default read scope.
docs/reports/task_377_lifecycle_coverage_expansion/task_377_anchored_oos_core_miss_audit.csv,docs,.csv,10997,HISTORICAL_REPORT,KEEP_OR_ARCHIVE_REVIEW,MEDIUM,Historical report evidence; exclude from default read scope.
docs/reports/task_377_lifecycle_coverage_expansion/task_377_coverage_gap_audit.csv,docs,.csv,41808,HISTORICAL_REPORT,KEEP_OR_ARCHIVE_REVIEW,MEDIUM,Historical report evidence; exclude from default read scope.
docs/reports/task_377_lifecycle_coverage_expansion/task_377_lifecycle_coverage_expansion.md,docs,.md,55590,HISTORICAL_REPORT,KEEP_OR_ARCHIVE_REVIEW,MEDIUM,Historical report evidence; exclude from default read scope.
docs/reports/task_377_lifecycle_coverage_expansion/task_377_recovery_priority_queue.csv,docs,.csv,46786,HISTORICAL_REPORT,KEEP_OR_ARCHIVE_REVIEW,MEDIUM,Historical report evidence; exclude from default read scope.
docs/reports/task_377_lifecycle_coverage_expansion/task_377_summary_decision.csv,docs,.csv,395,HISTORICAL_REPORT,KEEP_OR_ARCHIVE_REVIEW,MEDIUM,Historical report evidence; exclude from default read scope.
docs/reports/task_377_lifecycle_coverage_expansion/task_377_theme_leader_miss_audit.csv,docs,.csv,103831,HISTORICAL_REPORT,KEEP_OR_ARCHIVE_REVIEW,MEDIUM,Historical report evidence; exclude from default read scope.
docs/reports/task_378_lifecycle_recovery/anchored_oos_recovery_audit.csv,docs,.csv,13757,HISTORICAL_REPORT,KEEP_OR_ARCHIVE_REVIEW,MEDIUM,Historical report evidence; exclude from default read scope.
docs/reports/task_378_lifecycle_recovery/core_miss_root_cause_audit.csv,docs,.csv,12937,HISTORICAL_REPORT,KEEP_OR_ARCHIVE_REVIEW,MEDIUM,Historical report evidence; exclude from default read scope.
docs/reports/task_378_lifecycle_recovery/lifecycle_recovery_candidate_matches.csv,docs,.csv,71633,HISTORICAL_REPORT,KEEP_OR_ARCHIVE_REVIEW,MEDIUM,Historical report evidence; exclude from default read scope.
docs/reports/task_378_lifecycle_recovery/lifecycle_recovery_sample_adequacy.csv,docs,.csv,292,HISTORICAL_REPORT,KEEP_OR_ARCHIVE_REVIEW,MEDIUM,Historical report evidence; exclude from default read scope.
docs/reports/task_378_lifecycle_recovery/recovery_priority_status.csv,docs,.csv,51349,HISTORICAL_REPORT,KEEP_OR_ARCHIVE_REVIEW,MEDIUM,Historical report evidence; exclude from default read scope.
docs/reports/task_378_lifecycle_recovery/task_378_decision.csv,docs,.csv,415,HISTORICAL_REPORT,KEEP_OR_ARCHIVE_REVIEW,MEDIUM,Historical report evidence; exclude from default read scope.
docs/reports/task_378_lifecycle_recovery/task_378_lifecycle_recovery.md,docs,.md,91192,HISTORICAL_REPORT,KEEP_OR_ARCHIVE_REVIEW,MEDIUM,Historical report evidence; exclude from default read scope.
docs/reports/task_378_lifecycle_recovery/theme_leader_root_cause_audit.csv,docs,.csv,129750,HISTORICAL_REPORT,KEEP_OR_ARCHIVE_REVIEW,MEDIUM,Historical report evidence; exclude from default read scope.
docs/reports/task_379_lifecycle_identity_reconciliation/high_confidence_recovered_candidates.csv,docs,.csv,5952,HISTORICAL_REPORT,KEEP_OR_ARCHIVE_REVIEW,MEDIUM,Historical report evidence; exclude from default read scope.
docs/reports/task_379_lifecycle_identity_reconciliation/identity_confidence_audit.csv,docs,.csv,318,HISTORICAL_REPORT,KEEP_OR_ARCHIVE_REVIEW,MEDIUM,Historical report evidence; exclude from default read scope.
docs/reports/task_379_lifecycle_identity_reconciliation/identity_namespace_audit.csv,docs,.csv,244,HISTORICAL_REPORT,KEEP_OR_ARCHIVE_REVIEW,MEDIUM,Historical report evidence; exclude from default read scope.
docs/reports/task_379_lifecycle_identity_reconciliation/identity_reconciliation_candidates.csv,docs,.csv,104937,HISTORICAL_REPORT,KEEP_OR_ARCHIVE_REVIEW,MEDIUM,Historical report evidence; exclude from default read scope.
docs/reports/task_379_lifecycle_identity_reconciliation/low_confidence_reject_queue.csv,docs,.csv,83037,HISTORICAL_REPORT,KEEP_OR_ARCHIVE_REVIEW,MEDIUM,Historical report evidence; exclude from default read scope.
docs/reports/task_379_lifecycle_identity_reconciliation/medium_confidence_review_queue.csv,docs,.csv,18282,HISTORICAL_REPORT,KEEP_OR_ARCHIVE_REVIEW,MEDIUM,Historical report evidence; exclude from default read scope.
docs/reports/task_379_lifecycle_identity_reconciliation/p0_p1_identity_review_queue.csv,docs,.csv,84681,HISTORICAL_REPORT,KEEP_OR_ARCHIVE_REVIEW,MEDIUM,Historical report evidence; exclude from default read scope.
docs/reports/task_379_lifecycle_identity_reconciliation/task_379_decision.csv,docs,.csv,571,HISTORICAL_REPORT,KEEP_OR_ARCHIVE_REVIEW,MEDIUM,Historical report evidence; exclude from default read scope.
docs/reports/task_379_lifecycle_identity_reconciliation/task_379_lifecycle_identity_reconciliation.md,docs,.md,97475,HISTORICAL_REPORT,KEEP_OR_ARCHIVE_REVIEW,MEDIUM,Historical report evidence; exclude from default read scope.
docs/reports/task_380_identity_review_protocol/identity_review_protocol_candidates.csv,docs,.csv,144898,HISTORICAL_REPORT,KEEP_OR_ARCHIVE_REVIEW,MEDIUM,Historical report evidence; exclude from default read scope.
docs/reports/task_380_identity_review_protocol/manual_review_required_queue.csv,docs,.csv,32744,HISTORICAL_REPORT,KEEP_OR_ARCHIVE_REVIEW,MEDIUM,Historical report evidence; exclude from default read scope.
docs/reports/task_380_identity_review_protocol/namespace_fix_required_queue.csv,docs,.csv,7804,HISTORICAL_REPORT,KEEP_OR_ARCHIVE_REVIEW,MEDIUM,Historical report evidence; exclude from default read scope.
docs/reports/task_380_identity_review_protocol/rejected_recovery_candidates.csv,docs,.csv,107322,HISTORICAL_REPORT,KEEP_OR_ARCHIVE_REVIEW,MEDIUM,Historical report evidence; exclude from default read scope.
docs/reports/task_380_identity_review_protocol/reviewed_recovery_layer.csv,docs,.csv,1486,HISTORICAL_REPORT,KEEP_OR_ARCHIVE_REVIEW,MEDIUM,Historical report evidence; exclude from default read scope.
docs/reports/task_380_identity_review_protocol/task_380_decision.csv,docs,.csv,478,HISTORICAL_REPORT,KEEP_OR_ARCHIVE_REVIEW,MEDIUM,Historical report evidence; exclude from default read scope.
docs/reports/task_380_identity_review_protocol/task_380_identity_review_protocol.md,docs,.md,87238,HISTORICAL_REPORT,KEEP_OR_ARCHIVE_REVIEW,MEDIUM,Historical report evidence; exclude from default read scope.
docs/reports/task_380_identity_review_protocol/timestamp_precision_audit.csv,docs,.csv,323,HISTORICAL_REPORT,KEEP_OR_ARCHIVE_REVIEW,MEDIUM,Historical report evidence; exclude from default read scope.
docs/reports/task_380_identity_review_protocol/trade_id_namespace_mismatch_audit.csv,docs,.csv,524,HISTORICAL_REPORT,KEEP_OR_ARCHIVE_REVIEW,MEDIUM,Historical report evidence; exclude from default read scope.
docs/reports/task_381_timestamp_price_namespace_repair/manual_namespace_review_queue.csv,docs,.csv,53201,HISTORICAL_REPORT,KEEP_OR_ARCHIVE_REVIEW,MEDIUM,Historical report evidence; exclude from default read scope.
docs/reports/task_381_timestamp_price_namespace_repair/namespace_repair_decision.csv,docs,.csv,538,HISTORICAL_REPORT,KEEP_OR_ARCHIVE_REVIEW,MEDIUM,Historical report evidence; exclude from default read scope.
docs/reports/task_381_timestamp_price_namespace_repair/namespace_repair_ready_layer.csv,docs,.csv,1921,HISTORICAL_REPORT,KEEP_OR_ARCHIVE_REVIEW,MEDIUM,Historical report evidence; exclude from default read scope.
docs/reports/task_381_timestamp_price_namespace_repair/namespace_repair_rejected.csv,docs,.csv,136486,HISTORICAL_REPORT,KEEP_OR_ARCHIVE_REVIEW,MEDIUM,Historical report evidence; exclude from default read scope.
docs/reports/task_381_timestamp_price_namespace_repair/price_anchor_repair_audit.csv,docs,.csv,245,HISTORICAL_REPORT,KEEP_OR_ARCHIVE_REVIEW,MEDIUM,Historical report evidence; exclude from default read scope.
docs/reports/task_381_timestamp_price_namespace_repair/task_381_timestamp_price_namespace_repair.md,docs,.md,110621,HISTORICAL_REPORT,KEEP_OR_ARCHIVE_REVIEW,MEDIUM,Historical report evidence; exclude from default read scope.
docs/reports/task_381_timestamp_price_namespace_repair/timestamp_price_repair_candidates.csv,docs,.csv,187766,HISTORICAL_REPORT,KEEP_OR_ARCHIVE_REVIEW,MEDIUM,Historical report evidence; exclude from default read scope.
docs/reports/task_381_timestamp_price_namespace_repair/timestamp_repair_audit.csv,docs,.csv,233,HISTORICAL_REPORT,KEEP_OR_ARCHIVE_REVIEW,MEDIUM,Historical report evidence; exclude from default read scope.
docs/reports/task_382_canonical_lifecycle_replay_revalidation/canonical_lifecycle_event_stream.csv,docs,.csv,274,HISTORICAL_REPORT,KEEP_OR_ARCHIVE_REVIEW,MEDIUM,Historical report evidence; exclude from default read scope.
docs/reports/task_382_canonical_lifecycle_replay_revalidation/canonical_lifecycle_replay_panel.csv,docs,.csv,445,HISTORICAL_REPORT,KEEP_OR_ARCHIVE_REVIEW,MEDIUM,Historical report evidence; exclude from default read scope.
docs/reports/task_382_canonical_lifecycle_replay_revalidation/canonical_persistence_bucket_audit.csv,docs,.csv,156,HISTORICAL_REPORT,KEEP_OR_ARCHIVE_REVIEW,MEDIUM,Historical report evidence; exclude from default read scope.
docs/reports/task_382_canonical_lifecycle_replay_revalidation/canonical_persistence_revalidation_panel.csv,docs,.csv,445,HISTORICAL_REPORT,KEEP_OR_ARCHIVE_REVIEW,MEDIUM,Historical report evidence; exclude from default read scope.
docs/reports/task_382_canonical_lifecycle_replay_revalidation/canonical_revalidation_readiness_audit.csv,docs,.csv,202,HISTORICAL_REPORT,KEEP_OR_ARCHIVE_REVIEW,MEDIUM,Historical report evidence; exclude from default read scope.
docs/reports/task_382_canonical_lifecycle_replay_revalidation/task_382_canonical_lifecycle_replay_revalidation.md,docs,.md,1840,HISTORICAL_REPORT,KEEP_OR_ARCHIVE_REVIEW,MEDIUM,Historical report evidence; exclude from default read scope.
docs/reports/task_382_canonical_lifecycle_replay_revalidation/task_382_decision.csv,docs,.csv,499,HISTORICAL_REPORT,KEEP_OR_ARCHIVE_REVIEW,MEDIUM,Historical report evidence; exclude from default read scope.
docs/reports/task_383_canonical_lifecycle_capture_expansion/canonical_capture_event_stream.csv,docs,.csv,274,HISTORICAL_REPORT,KEEP_OR_ARCHIVE_REVIEW,MEDIUM,Historical report evidence; exclude from default read scope.
docs/reports/task_383_canonical_lifecycle_capture_expansion/canonical_capture_lifecycle_panel.csv,docs,.csv,445,HISTORICAL_REPORT,KEEP_OR_ARCHIVE_REVIEW,MEDIUM,Historical report evidence; exclude from default read scope.
docs/reports/task_383_canonical_lifecycle_capture_expansion/canonical_capture_readiness_audit.csv,docs,.csv,330,HISTORICAL_REPORT,KEEP_OR_ARCHIVE_REVIEW,MEDIUM,Historical report evidence; exclude from default read scope.
docs/reports/task_383_canonical_lifecycle_capture_expansion/task376_canonical_capture_mapping_audit.csv,docs,.csv,261,HISTORICAL_REPORT,KEEP_OR_ARCHIVE_REVIEW,MEDIUM,Historical report evidence; exclude from default read scope.
docs/reports/task_383_canonical_lifecycle_capture_expansion/task_383_canonical_lifecycle_capture_expansion.md,docs,.md,2175,HISTORICAL_REPORT,KEEP_OR_ARCHIVE_REVIEW,MEDIUM,Historical report evidence; exclude from default read scope.
docs/reports/task_383_canonical_lifecycle_capture_expansion/task_383_decision.csv,docs,.csv,449,HISTORICAL_REPORT,KEEP_OR_ARCHIVE_REVIEW,MEDIUM,Historical report evidence; exclude from default read scope.
docs/reports/task_384_actual_canonical_backtest/canonical_source_events.csv,docs,.csv,57852,HISTORICAL_REPORT,KEEP_OR_ARCHIVE_REVIEW,MEDIUM,Historical report evidence; exclude from default read scope.
docs/reports/task_384_actual_canonical_backtest/offline_backtest_trades.json,docs,.json,305517,HISTORICAL_REPORT,KEEP_OR_ARCHIVE_REVIEW,MEDIUM,Historical report evidence; exclude from default read scope.
docs/reports/task_384_actual_canonical_backtest/task376_explicit_lifecycle_mapping_actual.csv,docs,.csv,26915,HISTORICAL_REPORT,KEEP_OR_ARCHIVE_REVIEW,MEDIUM,Historical report evidence; exclude from default read scope.
docs/reports/task_384_actual_canonical_backtest/task_382_replay/canonical_lifecycle_event_stream.csv,docs,.csv,274,HISTORICAL_REPORT,KEEP_OR_ARCHIVE_REVIEW,MEDIUM,Historical report evidence; exclude from default read scope.
docs/reports/task_384_actual_canonical_backtest/task_382_replay/canonical_lifecycle_replay_panel.csv,docs,.csv,445,HISTORICAL_REPORT,KEEP_OR_ARCHIVE_REVIEW,MEDIUM,Historical report evidence; exclude from default read scope.
docs/reports/task_384_actual_canonical_backtest/task_382_replay/canonical_persistence_bucket_audit.csv,docs,.csv,156,HISTORICAL_REPORT,KEEP_OR_ARCHIVE_REVIEW,MEDIUM,Historical report evidence; exclude from default read scope.
docs/reports/task_384_actual_canonical_backtest/task_382_replay/canonical_persistence_revalidation_panel.csv,docs,.csv,445,HISTORICAL_REPORT,KEEP_OR_ARCHIVE_REVIEW,MEDIUM,Historical report evidence; exclude from default read scope.
docs/reports/task_384_actual_canonical_backtest/task_382_replay/canonical_revalidation_readiness_audit.csv,docs,.csv,202,HISTORICAL_REPORT,KEEP_OR_ARCHIVE_REVIEW,MEDIUM,Historical report evidence; exclude from default read scope.
docs/reports/task_384_actual_canonical_backtest/task_382_replay/task_382_canonical_lifecycle_replay_revalidation.md,docs,.md,1840,HISTORICAL_REPORT,KEEP_OR_ARCHIVE_REVIEW,MEDIUM,Historical report evidence; exclude from default read scope.
docs/reports/task_384_actual_canonical_backtest/task_382_replay/task_382_decision.csv,docs,.csv,499,HISTORICAL_REPORT,KEEP_OR_ARCHIVE_REVIEW,MEDIUM,Historical report evidence; exclude from default read scope.
docs/reports/task_384_actual_canonical_backtest/task_383_capture/canonical_capture_event_stream.csv,docs,.csv,274,HISTORICAL_REPORT,KEEP_OR_ARCHIVE_REVIEW,MEDIUM,Historical report evidence; exclude from default read scope.
docs/reports/task_384_actual_canonical_backtest/task_383_capture/canonical_capture_lifecycle_panel.csv,docs,.csv,445,HISTORICAL_REPORT,KEEP_OR_ARCHIVE_REVIEW,MEDIUM,Historical report evidence; exclude from default read scope.
docs/reports/task_384_actual_canonical_backtest/task_383_capture/canonical_capture_readiness_audit.csv,docs,.csv,334,HISTORICAL_REPORT,KEEP_OR_ARCHIVE_REVIEW,MEDIUM,Historical report evidence; exclude from default read scope.
docs/reports/task_384_actual_canonical_backtest/task_383_capture/task376_canonical_capture_mapping_audit.csv,docs,.csv,283,HISTORICAL_REPORT,KEEP_OR_ARCHIVE_REVIEW,MEDIUM,Historical report evidence; exclude from default read scope.
docs/reports/task_384_actual_canonical_backtest/task_383_capture/task_383_canonical_lifecycle_capture_expansion.md,docs,.md,2205,HISTORICAL_REPORT,KEEP_OR_ARCHIVE_REVIEW,MEDIUM,Historical report evidence; exclude from default read scope.
docs/reports/task_384_actual_canonical_backtest/task_383_capture/task_383_decision.csv,docs,.csv,453,HISTORICAL_REPORT,KEEP_OR_ARCHIVE_REVIEW,MEDIUM,Historical report evidence; exclude from default read scope.
docs/reports/task_384_actual_canonical_backtest/task_384_accumulation/canonical_accumulation_event_audit.csv,docs,.csv,37704,HISTORICAL_REPORT,KEEP_OR_ARCHIVE_REVIEW,MEDIUM,Historical report evidence; exclude from default read scope.
docs/reports/task_384_actual_canonical_backtest/task_384_accumulation/canonical_accumulation_event_stream.csv,docs,.csv,160233,HISTORICAL_REPORT,KEEP_OR_ARCHIVE_REVIEW,MEDIUM,Historical report evidence; exclude from default read scope.
docs/reports/task_384_actual_canonical_backtest/task_384_accumulation/canonical_accumulation_lifecycle_panel.csv,docs,.csv,38477,HISTORICAL_REPORT,KEEP_OR_ARCHIVE_REVIEW,MEDIUM,Historical report evidence; exclude from default read scope.
docs/reports/task_384_actual_canonical_backtest/task_384_accumulation/canonical_accumulation_source_events.csv,docs,.csv,57739,HISTORICAL_REPORT,KEEP_OR_ARCHIVE_REVIEW,MEDIUM,Historical report evidence; exclude from default read scope.
docs/reports/task_384_actual_canonical_backtest/task_384_accumulation/canonical_accumulation_success_audit.csv,docs,.csv,474,HISTORICAL_REPORT,KEEP_OR_ARCHIVE_REVIEW,MEDIUM,Historical report evidence; exclude from default read scope.
docs/reports/task_384_actual_canonical_backtest/task_384_accumulation/task376_canonical_capture_mapping_audit.csv,docs,.csv,283,HISTORICAL_REPORT,KEEP_OR_ARCHIVE_REVIEW,MEDIUM,Historical report evidence; exclude from default read scope.
docs/reports/task_384_actual_canonical_backtest/task_384_accumulation/task_384_canonical_lifecycle_stream_accumulation.md,docs,.md,56839,HISTORICAL_REPORT,KEEP_OR_ARCHIVE_REVIEW,MEDIUM,Historical report evidence; exclude from default read scope.
docs/reports/task_384_actual_canonical_backtest/task_384_accumulation/task_384_decision.csv,docs,.csv,516,HISTORICAL_REPORT,KEEP_OR_ARCHIVE_REVIEW,MEDIUM,Historical report evidence; exclude from default read scope.
docs/reports/task_384_canonical_lifecycle_stream_accumulation/canonical_accumulation_event_audit.csv,docs,.csv,220,HISTORICAL_REPORT,KEEP_OR_ARCHIVE_REVIEW,MEDIUM,Historical report evidence; exclude from default read scope.
docs/reports/task_384_canonical_lifecycle_stream_accumulation/canonical_accumulation_event_stream.csv,docs,.csv,274,HISTORICAL_REPORT,KEEP_OR_ARCHIVE_REVIEW,MEDIUM,Historical report evidence; exclude from default read scope.
docs/reports/task_384_canonical_lifecycle_stream_accumulation/canonical_accumulation_lifecycle_panel.csv,docs,.csv,445,HISTORICAL_REPORT,KEEP_OR_ARCHIVE_REVIEW,MEDIUM,Historical report evidence; exclude from default read scope.
docs/reports/task_384_canonical_lifecycle_stream_accumulation/canonical_accumulation_source_events.csv,docs,.csv,128,HISTORICAL_REPORT,KEEP_OR_ARCHIVE_REVIEW,MEDIUM,Historical report evidence; exclude from default read scope.
docs/reports/task_384_canonical_lifecycle_stream_accumulation/canonical_accumulation_success_audit.csv,docs,.csv,462,HISTORICAL_REPORT,KEEP_OR_ARCHIVE_REVIEW,MEDIUM,Historical report evidence; exclude from default read scope.
docs/reports/task_384_canonical_lifecycle_stream_accumulation/task376_canonical_capture_mapping_audit.csv,docs,.csv,261,HISTORICAL_REPORT,KEEP_OR_ARCHIVE_REVIEW,MEDIUM,Historical report evidence; exclude from default read scope.
docs/reports/task_384_canonical_lifecycle_stream_accumulation/task_384_canonical_lifecycle_stream_accumulation.md,docs,.md,2705,HISTORICAL_REPORT,KEEP_OR_ARCHIVE_REVIEW,MEDIUM,Historical report evidence; exclude from default read scope.
docs/reports/task_384_canonical_lifecycle_stream_accumulation/task_384_decision.csv,docs,.csv,510,HISTORICAL_REPORT,KEEP_OR_ARCHIVE_REVIEW,MEDIUM,Historical report evidence; exclude from default read scope.
docs/reports/task_384_engine_integrated_canonical/offline_backtest_trades.json,docs,.json,320957,HISTORICAL_REPORT,KEEP_OR_ARCHIVE_REVIEW,MEDIUM,Historical report evidence; exclude from default read scope.
docs/reports/task_384_engine_integrated_canonical/task376_explicit_lifecycle_mapping_engine_integrated.csv,docs,.csv,29456,HISTORICAL_REPORT,KEEP_OR_ARCHIVE_REVIEW,MEDIUM,Historical report evidence; exclude from default read scope.
docs/reports/task_384_engine_integrated_canonical/task_382_replay/canonical_lifecycle_event_stream.csv,docs,.csv,173138,HISTORICAL_REPORT,KEEP_OR_ARCHIVE_REVIEW,MEDIUM,Historical report evidence; exclude from default read scope.
docs/reports/task_384_engine_integrated_canonical/task_382_replay/canonical_lifecycle_replay_panel.csv,docs,.csv,40186,HISTORICAL_REPORT,KEEP_OR_ARCHIVE_REVIEW,MEDIUM,Historical report evidence; exclude from default read scope.
docs/reports/task_384_engine_integrated_canonical/task_382_replay/canonical_persistence_bucket_audit.csv,docs,.csv,227,HISTORICAL_REPORT,KEEP_OR_ARCHIVE_REVIEW,MEDIUM,Historical report evidence; exclude from default read scope.
docs/reports/task_384_engine_integrated_canonical/task_382_replay/canonical_persistence_revalidation_panel.csv,docs,.csv,55028,HISTORICAL_REPORT,KEEP_OR_ARCHIVE_REVIEW,MEDIUM,Historical report evidence; exclude from default read scope.
docs/reports/task_384_engine_integrated_canonical/task_382_replay/canonical_revalidation_readiness_audit.csv,docs,.csv,213,HISTORICAL_REPORT,KEEP_OR_ARCHIVE_REVIEW,MEDIUM,Historical report evidence; exclude from default read scope.
docs/reports/task_384_engine_integrated_canonical/task_382_replay/task_382_canonical_lifecycle_replay_revalidation.md,docs,.md,42720,HISTORICAL_REPORT,KEEP_OR_ARCHIVE_REVIEW,MEDIUM,Historical report evidence; exclude from default read scope.
docs/reports/task_384_engine_integrated_canonical/task_382_replay/task_382_decision.csv,docs,.csv,524,HISTORICAL_REPORT,KEEP_OR_ARCHIVE_REVIEW,MEDIUM,Historical report evidence; exclude from default read scope.
docs/reports/task_384_engine_integrated_canonical/task_383_capture/canonical_capture_event_stream.csv,docs,.csv,173138,HISTORICAL_REPORT,KEEP_OR_ARCHIVE_REVIEW,MEDIUM,Historical report evidence; exclude from default read scope.
docs/reports/task_384_engine_integrated_canonical/task_383_capture/canonical_capture_lifecycle_panel.csv,docs,.csv,40186,HISTORICAL_REPORT,KEEP_OR_ARCHIVE_REVIEW,MEDIUM,Historical report evidence; exclude from default read scope.
docs/reports/task_384_engine_integrated_canonical/task_383_capture/canonical_capture_readiness_audit.csv,docs,.csv,347,HISTORICAL_REPORT,KEEP_OR_ARCHIVE_REVIEW,MEDIUM,Historical report evidence; exclude from default read scope.
docs/reports/task_384_engine_integrated_canonical/task_383_capture/task376_canonical_capture_mapping_audit.csv,docs,.csv,283,HISTORICAL_REPORT,KEEP_OR_ARCHIVE_REVIEW,MEDIUM,Historical report evidence; exclude from default read scope.
docs/reports/task_384_engine_integrated_canonical/task_383_capture/task_383_canonical_lifecycle_capture_expansion.md,docs,.md,32640,HISTORICAL_REPORT,KEEP_OR_ARCHIVE_REVIEW,MEDIUM,Historical report evidence; exclude from default read scope.
docs/reports/task_384_engine_integrated_canonical/task_383_capture/task_383_decision.csv,docs,.csv,465,HISTORICAL_REPORT,KEEP_OR_ARCHIVE_REVIEW,MEDIUM,Historical report evidence; exclude from default read scope.
docs/reports/task_384_engine_integrated_canonical/task_384_accumulation/canonical_accumulation_event_audit.csv,docs,.csv,220,HISTORICAL_REPORT,KEEP_OR_ARCHIVE_REVIEW,MEDIUM,Historical report evidence; exclude from default read scope.
docs/reports/task_384_engine_integrated_canonical/task_384_accumulation/canonical_accumulation_event_stream.csv,docs,.csv,173138,HISTORICAL_REPORT,KEEP_OR_ARCHIVE_REVIEW,MEDIUM,Historical report evidence; exclude from default read scope.
docs/reports/task_384_engine_integrated_canonical/task_384_accumulation/canonical_accumulation_lifecycle_panel.csv,docs,.csv,40186,HISTORICAL_REPORT,KEEP_OR_ARCHIVE_REVIEW,MEDIUM,Historical report evidence; exclude from default read scope.
docs/reports/task_384_engine_integrated_canonical/task_384_accumulation/canonical_accumulation_source_events.csv,docs,.csv,128,HISTORICAL_REPORT,KEEP_OR_ARCHIVE_REVIEW,MEDIUM,Historical report evidence; exclude from default read scope.
docs/reports/task_384_engine_integrated_canonical/task_384_accumulation/canonical_accumulation_success_audit.csv,docs,.csv,472,HISTORICAL_REPORT,KEEP_OR_ARCHIVE_REVIEW,MEDIUM,Historical report evidence; exclude from default read scope.
docs/reports/task_384_engine_integrated_canonical/task_384_accumulation/task376_canonical_capture_mapping_audit.csv,docs,.csv,283,HISTORICAL_REPORT,KEEP_OR_ARCHIVE_REVIEW,MEDIUM,Historical report evidence; exclude from default read scope.
docs/reports/task_384_engine_integrated_canonical/task_384_accumulation/task_384_canonical_lifecycle_stream_accumulation.md,docs,.md,46544,HISTORICAL_REPORT,KEEP_OR_ARCHIVE_REVIEW,MEDIUM,Historical report evidence; exclude from default read scope.
docs/reports/task_384_engine_integrated_canonical/task_384_accumulation/task_384_decision.csv,docs,.csv,516,HISTORICAL_REPORT,KEEP_OR_ARCHIVE_REVIEW,MEDIUM,Historical report evidence; exclude from default read scope.
docs/reports/task_384_offline_canonical_smoke/task376_explicit_lifecycle_mapping_smoke.csv,docs,.csv,295,HISTORICAL_REPORT,KEEP_OR_ARCHIVE_REVIEW,MEDIUM,Historical report evidence; exclude from default read scope.
docs/reports/task_384_offline_canonical_smoke/task_382_replay/canonical_lifecycle_event_stream.csv,docs,.csv,2364,HISTORICAL_REPORT,KEEP_OR_ARCHIVE_REVIEW,MEDIUM,Historical report evidence; exclude from default read scope.
docs/reports/task_384_offline_canonical_smoke/task_382_replay/canonical_lifecycle_replay_panel.csv,docs,.csv,753,HISTORICAL_REPORT,KEEP_OR_ARCHIVE_REVIEW,MEDIUM,Historical report evidence; exclude from default read scope.
docs/reports/task_384_offline_canonical_smoke/task_382_replay/canonical_persistence_bucket_audit.csv,docs,.csv,242,HISTORICAL_REPORT,KEEP_OR_ARCHIVE_REVIEW,MEDIUM,Historical report evidence; exclude from default read scope.
docs/reports/task_384_offline_canonical_smoke/task_382_replay/canonical_persistence_revalidation_panel.csv,docs,.csv,929,HISTORICAL_REPORT,KEEP_OR_ARCHIVE_REVIEW,MEDIUM,Historical report evidence; exclude from default read scope.
docs/reports/task_384_offline_canonical_smoke/task_382_replay/canonical_revalidation_readiness_audit.csv,docs,.csv,209,HISTORICAL_REPORT,KEEP_OR_ARCHIVE_REVIEW,MEDIUM,Historical report evidence; exclude from default read scope.
docs/reports/task_384_offline_canonical_smoke/task_382_replay/task_382_canonical_lifecycle_replay_revalidation.md,docs,.md,7245,HISTORICAL_REPORT,KEEP_OR_ARCHIVE_REVIEW,MEDIUM,Historical report evidence; exclude from default read scope.
docs/reports/task_384_offline_canonical_smoke/task_382_replay/task_382_decision.csv,docs,.csv,514,HISTORICAL_REPORT,KEEP_OR_ARCHIVE_REVIEW,MEDIUM,Historical report evidence; exclude from default read scope.
docs/reports/task_384_offline_canonical_smoke/task_383_capture/canonical_capture_event_stream.csv,docs,.csv,2364,HISTORICAL_REPORT,KEEP_OR_ARCHIVE_REVIEW,MEDIUM,Historical report evidence; exclude from default read scope.
docs/reports/task_384_offline_canonical_smoke/task_383_capture/canonical_capture_lifecycle_panel.csv,docs,.csv,753,HISTORICAL_REPORT,KEEP_OR_ARCHIVE_REVIEW,MEDIUM,Historical report evidence; exclude from default read scope.
docs/reports/task_384_offline_canonical_smoke/task_383_capture/canonical_capture_readiness_audit.csv,docs,.csv,337,HISTORICAL_REPORT,KEEP_OR_ARCHIVE_REVIEW,MEDIUM,Historical report evidence; exclude from default read scope.
docs/reports/task_384_offline_canonical_smoke/task_383_capture/task376_canonical_capture_mapping_audit.csv,docs,.csv,275,HISTORICAL_REPORT,KEEP_OR_ARCHIVE_REVIEW,MEDIUM,Historical report evidence; exclude from default read scope.
docs/reports/task_384_offline_canonical_smoke/task_383_capture/task_383_canonical_lifecycle_capture_expansion.md,docs,.md,6031,HISTORICAL_REPORT,KEEP_OR_ARCHIVE_REVIEW,MEDIUM,Historical report evidence; exclude from default read scope.
docs/reports/task_384_offline_canonical_smoke/task_383_capture/task_383_decision.csv,docs,.csv,455,HISTORICAL_REPORT,KEEP_OR_ARCHIVE_REVIEW,MEDIUM,Historical report evidence; exclude from default read scope.
docs/reports/task_384_offline_canonical_smoke/task_384_accumulation/canonical_accumulation_event_audit.csv,docs,.csv,220,HISTORICAL_REPORT,KEEP_OR_ARCHIVE_REVIEW,MEDIUM,Historical report evidence; exclude from default read scope.
docs/reports/task_384_offline_canonical_smoke/task_384_accumulation/canonical_accumulation_event_stream.csv,docs,.csv,2364,HISTORICAL_REPORT,KEEP_OR_ARCHIVE_REVIEW,MEDIUM,Historical report evidence; exclude from default read scope.
docs/reports/task_384_offline_canonical_smoke/task_384_accumulation/canonical_accumulation_lifecycle_panel.csv,docs,.csv,753,HISTORICAL_REPORT,KEEP_OR_ARCHIVE_REVIEW,MEDIUM,Historical report evidence; exclude from default read scope.
docs/reports/task_384_offline_canonical_smoke/task_384_accumulation/canonical_accumulation_source_events.csv,docs,.csv,128,HISTORICAL_REPORT,KEEP_OR_ARCHIVE_REVIEW,MEDIUM,Historical report evidence; exclude from default read scope.
docs/reports/task_384_offline_canonical_smoke/task_384_accumulation/canonical_accumulation_success_audit.csv,docs,.csv,462,HISTORICAL_REPORT,KEEP_OR_ARCHIVE_REVIEW,MEDIUM,Historical report evidence; exclude from default read scope.
docs/reports/task_384_offline_canonical_smoke/task_384_accumulation/task376_canonical_capture_mapping_audit.csv,docs,.csv,275,HISTORICAL_REPORT,KEEP_OR_ARCHIVE_REVIEW,MEDIUM,Historical report evidence; exclude from default read scope.
docs/reports/task_384_offline_canonical_smoke/task_384_accumulation/task_384_canonical_lifecycle_stream_accumulation.md,docs,.md,6478,HISTORICAL_REPORT,KEEP_OR_ARCHIVE_REVIEW,MEDIUM,Historical report evidence; exclude from default read scope.
docs/reports/task_384_offline_canonical_smoke/task_384_accumulation/task_384_decision.csv,docs,.csv,478,HISTORICAL_REPORT,KEEP_OR_ARCHIVE_REVIEW,MEDIUM,Historical report evidence; exclude from default read scope.
docs/reports/task_385_canonical_continuation_engine/canonical_continuation_engine_audit.csv,docs,.csv,283,HISTORICAL_REPORT,KEEP_OR_ARCHIVE_REVIEW,MEDIUM,Historical report evidence; exclude from default read scope.
docs/reports/task_385_canonical_continuation_engine/canonical_continuation_event_log.csv,docs,.csv,130534,HISTORICAL_REPORT,KEEP_OR_ARCHIVE_REVIEW,MEDIUM,Historical report evidence; exclude from default read scope.
docs/reports/task_385_canonical_continuation_engine/canonical_continuation_lifecycle_summary.csv,docs,.csv,47358,HISTORICAL_REPORT,KEEP_OR_ARCHIVE_REVIEW,MEDIUM,Historical report evidence; exclude from default read scope.
docs/reports/task_385_canonical_continuation_engine/task382_explicit_lifecycle_mapping.csv,docs,.csv,59650,HISTORICAL_REPORT,KEEP_OR_ARCHIVE_REVIEW,MEDIUM,Historical report evidence; exclude from default read scope.
docs/reports/task_385_canonical_continuation_engine/task_382_replay/canonical_lifecycle_event_stream.csv,docs,.csv,539129,HISTORICAL_REPORT,KEEP_OR_ARCHIVE_REVIEW,MEDIUM,Historical report evidence; exclude from default read scope.
docs/reports/task_385_canonical_continuation_engine/task_382_replay/canonical_lifecycle_replay_panel.csv,docs,.csv,64838,HISTORICAL_REPORT,KEEP_OR_ARCHIVE_REVIEW,MEDIUM,Historical report evidence; exclude from default read scope.
docs/reports/task_385_canonical_continuation_engine/task_382_replay/canonical_persistence_bucket_audit.csv,docs,.csv,270,HISTORICAL_REPORT,KEEP_OR_ARCHIVE_REVIEW,MEDIUM,Historical report evidence; exclude from default read scope.
docs/reports/task_385_canonical_continuation_engine/task_382_replay/canonical_persistence_revalidation_panel.csv,docs,.csv,103540,HISTORICAL_REPORT,KEEP_OR_ARCHIVE_REVIEW,MEDIUM,Historical report evidence; exclude from default read scope.
docs/reports/task_385_canonical_continuation_engine/task_382_replay/canonical_revalidation_readiness_audit.csv,docs,.csv,213,HISTORICAL_REPORT,KEEP_OR_ARCHIVE_REVIEW,MEDIUM,Historical report evidence; exclude from default read scope.
docs/reports/task_385_canonical_continuation_engine/task_382_replay/task_382_canonical_lifecycle_replay_revalidation.md,docs,.md,42439,HISTORICAL_REPORT,KEEP_OR_ARCHIVE_REVIEW,MEDIUM,Historical report evidence; exclude from default read scope.
docs/reports/task_385_canonical_continuation_engine/task_382_replay/task_382_decision.csv,docs,.csv,525,HISTORICAL_REPORT,KEEP_OR_ARCHIVE_REVIEW,MEDIUM,Historical report evidence; exclude from default read scope.
docs/reports/task_385_canonical_continuation_engine/task_383_capture/canonical_capture_event_stream.csv,docs,.csv,539129,HISTORICAL_REPORT,KEEP_OR_ARCHIVE_REVIEW,MEDIUM,Historical report evidence; exclude from default read scope.
docs/reports/task_385_canonical_continuation_engine/task_383_capture/canonical_capture_lifecycle_panel.csv,docs,.csv,64838,HISTORICAL_REPORT,KEEP_OR_ARCHIVE_REVIEW,MEDIUM,Historical report evidence; exclude from default read scope.
docs/reports/task_385_canonical_continuation_engine/task_383_capture/canonical_capture_readiness_audit.csv,docs,.csv,350,HISTORICAL_REPORT,KEEP_OR_ARCHIVE_REVIEW,MEDIUM,Historical report evidence; exclude from default read scope.
docs/reports/task_385_canonical_continuation_engine/task_383_capture/task376_canonical_capture_mapping_audit.csv,docs,.csv,283,HISTORICAL_REPORT,KEEP_OR_ARCHIVE_REVIEW,MEDIUM,Historical report evidence; exclude from default read scope.
docs/reports/task_385_canonical_continuation_engine/task_383_capture/task_383_canonical_lifecycle_capture_expansion.md,docs,.md,31552,HISTORICAL_REPORT,KEEP_OR_ARCHIVE_REVIEW,MEDIUM,Historical report evidence; exclude from default read scope.
docs/reports/task_385_canonical_continuation_engine/task_383_capture/task_383_decision.csv,docs,.csv,466,HISTORICAL_REPORT,KEEP_OR_ARCHIVE_REVIEW,MEDIUM,Historical report evidence; exclude from default read scope.
docs/reports/task_385_canonical_continuation_engine/task_384_accumulation/canonical_accumulation_event_audit.csv,docs,.csv,220,HISTORICAL_REPORT,KEEP_OR_ARCHIVE_REVIEW,MEDIUM,Historical report evidence; exclude from default read scope.
docs/reports/task_385_canonical_continuation_engine/task_384_accumulation/canonical_accumulation_event_stream.csv,docs,.csv,539129,HISTORICAL_REPORT,KEEP_OR_ARCHIVE_REVIEW,MEDIUM,Historical report evidence; exclude from default read scope.
docs/reports/task_385_canonical_continuation_engine/task_384_accumulation/canonical_accumulation_lifecycle_panel.csv,docs,.csv,64838,HISTORICAL_REPORT,KEEP_OR_ARCHIVE_REVIEW,MEDIUM,Historical report evidence; exclude from default read scope.
docs/reports/task_385_canonical_continuation_engine/task_384_accumulation/canonical_accumulation_source_events.csv,docs,.csv,128,HISTORICAL_REPORT,KEEP_OR_ARCHIVE_REVIEW,MEDIUM,Historical report evidence; exclude from default read scope.
docs/reports/task_385_canonical_continuation_engine/task_384_accumulation/canonical_accumulation_success_audit.csv,docs,.csv,479,HISTORICAL_REPORT,KEEP_OR_ARCHIVE_REVIEW,MEDIUM,Historical report evidence; exclude from default read scope.
docs/reports/task_385_canonical_continuation_engine/task_384_accumulation/task376_canonical_capture_mapping_audit.csv,docs,.csv,283,HISTORICAL_REPORT,KEEP_OR_ARCHIVE_REVIEW,MEDIUM,Historical report evidence; exclude from default read scope.
docs/reports/task_385_canonical_continuation_engine/task_384_accumulation/task_384_canonical_lifecycle_stream_accumulation.md,docs,.md,44904,HISTORICAL_REPORT,KEEP_OR_ARCHIVE_REVIEW,MEDIUM,Historical report evidence; exclude from default read scope.
docs/reports/task_385_canonical_continuation_engine/task_384_accumulation/task_384_decision.csv,docs,.csv,485,HISTORICAL_REPORT,KEEP_OR_ARCHIVE_REVIEW,MEDIUM,Historical report evidence; exclude from default read scope.
docs/reports/task_385_canonical_continuation_engine/task_385_canonical_continuation_engine.md,docs,.md,1180,HISTORICAL_REPORT,KEEP_OR_ARCHIVE_REVIEW,MEDIUM,Historical report evidence; exclude from default read scope.
docs/reports/task_385_canonical_continuation_engine/task_385_decision.csv,docs,.csv,416,HISTORICAL_REPORT,KEEP_OR_ARCHIVE_REVIEW,MEDIUM,Historical report evidence; exclude from default read scope.
docs/reports/task_386_canonical_continuation_quality/canonical_bucket_quality_audit.csv,docs,.csv,391,HISTORICAL_REPORT,KEEP_OR_ARCHIVE_REVIEW,MEDIUM,Historical report evidence; exclude from default read scope.
docs/reports/task_386_canonical_continuation_quality/canonical_lifecycle_quality_panel.csv,docs,.csv,99204,HISTORICAL_REPORT,KEEP_OR_ARCHIVE_REVIEW,MEDIUM,Historical report evidence; exclude from default read scope.
docs/reports/task_386_canonical_continuation_quality/canonical_path_quality_audit.csv,docs,.csv,1004,HISTORICAL_REPORT,KEEP_OR_ARCHIVE_REVIEW,MEDIUM,Historical report evidence; exclude from default read scope.
docs/reports/task_386_canonical_continuation_quality/canonical_quality_boundary_audit.csv,docs,.csv,219,HISTORICAL_REPORT,KEEP_OR_ARCHIVE_REVIEW,MEDIUM,Historical report evidence; exclude from default read scope.
docs/reports/task_386_canonical_continuation_quality/canonical_transition_quality_audit.csv,docs,.csv,784,HISTORICAL_REPORT,KEEP_OR_ARCHIVE_REVIEW,MEDIUM,Historical report evidence; exclude from default read scope.
docs/reports/task_386_canonical_continuation_quality/task_386_canonical_continuation_quality.md,docs,.md,18967,HISTORICAL_REPORT,KEEP_OR_ARCHIVE_REVIEW,MEDIUM,Historical report evidence; exclude from default read scope.
docs/reports/task_386_canonical_continuation_quality/task_386_decision.csv,docs,.csv,460,HISTORICAL_REPORT,KEEP_OR_ARCHIVE_REVIEW,MEDIUM,Historical report evidence; exclude from default read scope.
docs/reports/task_387_canonical_continuation_oos_overlay/canonical_oos_bucket_overlay_audit.csv,docs,.csv,565,HISTORICAL_REPORT,KEEP_OR_ARCHIVE_REVIEW,MEDIUM,Historical report evidence; exclude from default read scope.
docs/reports/task_387_canonical_continuation_oos_overlay/canonical_oos_path_quality_audit.csv,docs,.csv,1579,HISTORICAL_REPORT,KEEP_OR_ARCHIVE_REVIEW,MEDIUM,Historical report evidence; exclude from default read scope.
docs/reports/task_387_canonical_continuation_oos_overlay/canonical_oos_quality_panel.csv,docs,.csv,110855,HISTORICAL_REPORT,KEEP_OR_ARCHIVE_REVIEW,MEDIUM,Historical report evidence; exclude from default read scope.
docs/reports/task_387_canonical_continuation_oos_overlay/canonical_oos_sample_adequacy_audit.csv,docs,.csv,180,HISTORICAL_REPORT,KEEP_OR_ARCHIVE_REVIEW,MEDIUM,Historical report evidence; exclude from default read scope.
docs/reports/task_387_canonical_continuation_oos_overlay/canonical_oos_transition_quality_audit.csv,docs,.csv,1499,HISTORICAL_REPORT,KEEP_OR_ARCHIVE_REVIEW,MEDIUM,Historical report evidence; exclude from default read scope.
docs/reports/task_387_canonical_continuation_oos_overlay/canonical_sequence_anomaly_audit.csv,docs,.csv,83,HISTORICAL_REPORT,KEEP_OR_ARCHIVE_REVIEW,MEDIUM,Historical report evidence; exclude from default read scope.
docs/reports/task_387_canonical_continuation_oos_overlay/task_387_canonical_continuation_oos_overlay.md,docs,.md,22391,HISTORICAL_REPORT,KEEP_OR_ARCHIVE_REVIEW,MEDIUM,Historical report evidence; exclude from default read scope.
docs/reports/task_387_canonical_continuation_oos_overlay/task_387_decision.csv,docs,.csv,478,HISTORICAL_REPORT,KEEP_OR_ARCHIVE_REVIEW,MEDIUM,Historical report evidence; exclude from default read scope.
docs/reports/task_388_intraday_canonical_continuation_engine/intraday_canonical_event_log.csv,docs,.csv,54875,HISTORICAL_REPORT,KEEP_OR_ARCHIVE_REVIEW,MEDIUM,Historical report evidence; exclude from default read scope.
docs/reports/task_388_intraday_canonical_continuation_engine/intraday_canonical_lifecycle_summary.csv,docs,.csv,28553,HISTORICAL_REPORT,KEEP_OR_ARCHIVE_REVIEW,MEDIUM,Historical report evidence; exclude from default read scope.
docs/reports/task_388_intraday_canonical_continuation_engine/intraday_data_availability_audit.csv,docs,.csv,514,HISTORICAL_REPORT,KEEP_OR_ARCHIVE_REVIEW,MEDIUM,Historical report evidence; exclude from default read scope.
docs/reports/task_388_intraday_canonical_continuation_engine/intraday_event_ordering_audit.csv,docs,.csv,90,HISTORICAL_REPORT,KEEP_OR_ARCHIVE_REVIEW,MEDIUM,Historical report evidence; exclude from default read scope.
docs/reports/task_388_intraday_canonical_continuation_engine/task_388_decision.csv,docs,.csv,414,HISTORICAL_REPORT,KEEP_OR_ARCHIVE_REVIEW,MEDIUM,Historical report evidence; exclude from default read scope.
docs/reports/task_388_intraday_canonical_continuation_engine/task_388_intraday_canonical_continuation_engine.md,docs,.md,1137,HISTORICAL_REPORT,KEEP_OR_ARCHIVE_REVIEW,MEDIUM,Historical report evidence; exclude from default read scope.
docs/reports/task_388_theme_10x7_intraday_canonical_continuation/intraday_canonical_event_log.csv,docs,.csv,315248,HISTORICAL_REPORT,KEEP_OR_ARCHIVE_REVIEW,MEDIUM,Historical report evidence; exclude from default read scope.
docs/reports/task_388_theme_10x7_intraday_canonical_continuation/intraday_canonical_lifecycle_summary.csv,docs,.csv,150987,HISTORICAL_REPORT,KEEP_OR_ARCHIVE_REVIEW,MEDIUM,Historical report evidence; exclude from default read scope.
docs/reports/task_388_theme_10x7_intraday_canonical_continuation/intraday_data_availability_audit.csv,docs,.csv,2692,HISTORICAL_REPORT,KEEP_OR_ARCHIVE_REVIEW,MEDIUM,Historical report evidence; exclude from default read scope.
docs/reports/task_388_theme_10x7_intraday_canonical_continuation/intraday_event_ordering_audit.csv,docs,.csv,90,HISTORICAL_REPORT,KEEP_OR_ARCHIVE_REVIEW,MEDIUM,Historical report evidence; exclude from default read scope.
docs/reports/task_388_theme_10x7_intraday_canonical_continuation/task_388_decision.csv,docs,.csv,421,HISTORICAL_REPORT,KEEP_OR_ARCHIVE_REVIEW,MEDIUM,Historical report evidence; exclude from default read scope.
docs/reports/task_388_theme_10x7_intraday_canonical_continuation/task_388_intraday_canonical_continuation_engine.md,docs,.md,3380,HISTORICAL_REPORT,KEEP_OR_ARCHIVE_REVIEW,MEDIUM,Historical report evidence; exclude from default read scope.
docs/reports/task_388_theme_10x7_intraday_canonical_continuation_long_history/intraday_canonical_event_log.csv,docs,.csv,3414694,HISTORICAL_REPORT,KEEP_OR_ARCHIVE_REVIEW,MEDIUM,Historical report evidence; exclude from default read scope.
docs/reports/task_388_theme_10x7_intraday_canonical_continuation_long_history/intraday_canonical_lifecycle_summary.csv,docs,.csv,1757557,HISTORICAL_REPORT,KEEP_OR_ARCHIVE_REVIEW,MEDIUM,Historical report evidence; exclude from default read scope.
docs/reports/task_388_theme_10x7_intraday_canonical_continuation_long_history/intraday_data_availability_audit.csv,docs,.csv,2692,HISTORICAL_REPORT,KEEP_OR_ARCHIVE_REVIEW,MEDIUM,Historical report evidence; exclude from default read scope.
docs/reports/task_388_theme_10x7_intraday_canonical_continuation_long_history/intraday_event_ordering_audit.csv,docs,.csv,90,HISTORICAL_REPORT,KEEP_OR_ARCHIVE_REVIEW,MEDIUM,Historical report evidence; exclude from default read scope.
docs/reports/task_388_theme_10x7_intraday_canonical_continuation_long_history/task_388_decision.csv,docs,.csv,429,HISTORICAL_REPORT,KEEP_OR_ARCHIVE_REVIEW,MEDIUM,Historical report evidence; exclude from default read scope.
docs/reports/task_388_theme_10x7_intraday_canonical_continuation_long_history/task_388_intraday_canonical_continuation_engine.md,docs,.md,3388,HISTORICAL_REPORT,KEEP_OR_ARCHIVE_REVIEW,MEDIUM,Historical report evidence; exclude from default read scope.
docs/reports/task_389_alpaca_intraday_ohlcv_export/alpaca_intraday_export_audit.csv,docs,.csv,2183,HISTORICAL_REPORT,KEEP_OR_ARCHIVE_REVIEW,MEDIUM,Historical report evidence; exclude from default read scope.
docs/reports/task_389_alpaca_intraday_ohlcv_export/task_389_alpaca_intraday_ohlcv_export.md,docs,.md,2525,HISTORICAL_REPORT,KEEP_OR_ARCHIVE_REVIEW,MEDIUM,Historical report evidence; exclude from default read scope.
docs/reports/task_389_alpaca_intraday_ohlcv_export/task_389_decision.csv,docs,.csv,246,HISTORICAL_REPORT,KEEP_OR_ARCHIVE_REVIEW,MEDIUM,Historical report evidence; exclude from default read scope.
docs/reports/task_389_theme_10x7_intraday_export/alpaca_intraday_export_audit.csv,docs,.csv,6433,HISTORICAL_REPORT,KEEP_OR_ARCHIVE_REVIEW,MEDIUM,Historical report evidence; exclude from default read scope.
docs/reports/task_389_theme_10x7_intraday_export/task_389_alpaca_intraday_ohlcv_export.md,docs,.md,6843,HISTORICAL_REPORT,KEEP_OR_ARCHIVE_REVIEW,MEDIUM,Historical report evidence; exclude from default read scope.
docs/reports/task_389_theme_10x7_intraday_export/task_389_decision.csv,docs,.csv,267,HISTORICAL_REPORT,KEEP_OR_ARCHIVE_REVIEW,MEDIUM,Historical report evidence; exclude from default read scope.
docs/reports/task_389_theme_10x7_intraday_export_long_history/alpaca_intraday_export_audit.csv,docs,.csv,6503,HISTORICAL_REPORT,KEEP_OR_ARCHIVE_REVIEW,MEDIUM,Historical report evidence; exclude from default read scope.
docs/reports/task_389_theme_10x7_intraday_export_long_history/task_389_alpaca_intraday_ohlcv_export.md,docs,.md,6914,HISTORICAL_REPORT,KEEP_OR_ARCHIVE_REVIEW,MEDIUM,Historical report evidence; exclude from default read scope.
docs/reports/task_389_theme_10x7_intraday_export_long_history/task_389_decision.csv,docs,.csv,268,HISTORICAL_REPORT,KEEP_OR_ARCHIVE_REVIEW,MEDIUM,Historical report evidence; exclude from default read scope.
docs/reports/task_389_theme_10x7_intraday_export_long_history_final_batch/alpaca_intraday_export_audit.csv,docs,.csv,1088,HISTORICAL_REPORT,KEEP_OR_ARCHIVE_REVIEW,MEDIUM,Historical report evidence; exclude from default read scope.
docs/reports/task_389_theme_10x7_intraday_export_long_history_final_batch/task_389_alpaca_intraday_ohlcv_export.md,docs,.md,1440,HISTORICAL_REPORT,KEEP_OR_ARCHIVE_REVIEW,MEDIUM,Historical report evidence; exclude from default read scope.
docs/reports/task_389_theme_10x7_intraday_export_long_history_final_batch/task_389_decision.csv,docs,.csv,268,HISTORICAL_REPORT,KEEP_OR_ARCHIVE_REVIEW,MEDIUM,Historical report evidence; exclude from default read scope.
docs/reports/task_389_theme_10x7_intraday_export_long_history_remaining/alpaca_intraday_export_audit.csv,docs,.csv,3935,HISTORICAL_REPORT,KEEP_OR_ARCHIVE_REVIEW,MEDIUM,Historical report evidence; exclude from default read scope.
docs/reports/task_389_theme_10x7_intraday_export_long_history_remaining/task_389_alpaca_intraday_ohlcv_export.md,docs,.md,4318,HISTORICAL_REPORT,KEEP_OR_ARCHIVE_REVIEW,MEDIUM,Historical report evidence; exclude from default read scope.
docs/reports/task_389_theme_10x7_intraday_export_long_history_remaining/task_389_decision.csv,docs,.csv,268,HISTORICAL_REPORT,KEEP_OR_ARCHIVE_REVIEW,MEDIUM,Historical report evidence; exclude from default read scope.
docs/reports/task_390_theme_canonical_continuation_quality/add_scale_reinforcement_quality.csv,docs,.csv,517,HISTORICAL_REPORT,KEEP_OR_ARCHIVE_REVIEW,MEDIUM,Historical report evidence; exclude from default read scope.
docs/reports/task_390_theme_canonical_continuation_quality/lifecycle_path_quality.csv,docs,.csv,1182,HISTORICAL_REPORT,KEEP_OR_ARCHIVE_REVIEW,MEDIUM,Historical report evidence; exclude from default read scope.
docs/reports/task_390_theme_canonical_continuation_quality/reduce_weakening_quality.csv,docs,.csv,416,HISTORICAL_REPORT,KEEP_OR_ARCHIVE_REVIEW,MEDIUM,Historical report evidence; exclude from default read scope.
docs/reports/task_390_theme_canonical_continuation_quality/task_390_decision.csv,docs,.csv,409,HISTORICAL_REPORT,KEEP_OR_ARCHIVE_REVIEW,MEDIUM,Historical report evidence; exclude from default read scope.
docs/reports/task_390_theme_canonical_continuation_quality/task_390_theme_canonical_continuation_quality.md,docs,.md,3230,HISTORICAL_REPORT,KEEP_OR_ARCHIVE_REVIEW,MEDIUM,Historical report evidence; exclude from default read scope.
docs/reports/task_390_theme_canonical_continuation_quality/theme_continuation_quality.csv,docs,.csv,1727,HISTORICAL_REPORT,KEEP_OR_ARCHIVE_REVIEW,MEDIUM,Historical report evidence; exclude from default read scope.
docs/reports/task_390_theme_canonical_continuation_quality/theme_state_transition_quality.csv,docs,.csv,10395,HISTORICAL_REPORT,KEEP_OR_ARCHIVE_REVIEW,MEDIUM,Historical report evidence; exclude from default read scope.
docs/reports/task_391_intraday_canonical_oos_validation/robustness_summary.csv,docs,.csv,701,HISTORICAL_REPORT,KEEP_OR_ARCHIVE_REVIEW,MEDIUM,Historical report evidence; exclude from default read scope.
docs/reports/task_391_intraday_canonical_oos_validation/split_lifecycle_panel.csv,docs,.csv,2977275,HISTORICAL_REPORT,KEEP_OR_ARCHIVE_REVIEW,MEDIUM,Historical report evidence; exclude from default read scope.
docs/reports/task_391_intraday_canonical_oos_validation/split_path_quality.csv,docs,.csv,3552,HISTORICAL_REPORT,KEEP_OR_ARCHIVE_REVIEW,MEDIUM,Historical report evidence; exclude from default read scope.
docs/reports/task_391_intraday_canonical_oos_validation/split_reduce_weakening_quality.csv,docs,.csv,1054,HISTORICAL_REPORT,KEEP_OR_ARCHIVE_REVIEW,MEDIUM,Historical report evidence; exclude from default read scope.
docs/reports/task_391_intraday_canonical_oos_validation/split_reinforcement_quality.csv,docs,.csv,1365,HISTORICAL_REPORT,KEEP_OR_ARCHIVE_REVIEW,MEDIUM,Historical report evidence; exclude from default read scope.
docs/reports/task_391_intraday_canonical_oos_validation/split_theme_quality.csv,docs,.csv,5220,HISTORICAL_REPORT,KEEP_OR_ARCHIVE_REVIEW,MEDIUM,Historical report evidence; exclude from default read scope.
docs/reports/task_391_intraday_canonical_oos_validation/task_391_decision.csv,docs,.csv,424,HISTORICAL_REPORT,KEEP_OR_ARCHIVE_REVIEW,MEDIUM,Historical report evidence; exclude from default read scope.
docs/reports/task_391_intraday_canonical_oos_validation/task_391_intraday_canonical_oos_validation.md,docs,.md,2638,HISTORICAL_REPORT,KEEP_OR_ARCHIVE_REVIEW,MEDIUM,Historical report evidence; exclude from default read scope.
docs/reports/task_392_macro_vol_theme_regime_overlay/daily_regime_panel.csv,docs,.csv,621601,HISTORICAL_REPORT,KEEP_OR_ARCHIVE_REVIEW,MEDIUM,Historical report evidence; exclude from default read scope.
docs/reports/task_392_macro_vol_theme_regime_overlay/daily_trade_pnl_winrate.csv,docs,.csv,34112,HISTORICAL_REPORT,KEEP_OR_ARCHIVE_REVIEW,MEDIUM,Historical report evidence; exclude from default read scope.
docs/reports/task_392_macro_vol_theme_regime_overlay/lifecycle_regime_panel.csv,docs,.csv,5113689,HISTORICAL_REPORT,KEEP_OR_ARCHIVE_REVIEW,MEDIUM,Historical report evidence; exclude from default read scope.
docs/reports/task_392_macro_vol_theme_regime_overlay/monthly_trade_pnl_winrate.csv,docs,.csv,1907,HISTORICAL_REPORT,KEEP_OR_ARCHIVE_REVIEW,MEDIUM,Historical report evidence; exclude from default read scope.
docs/reports/task_392_macro_vol_theme_regime_overlay/regime_reduce_weakening_quality.csv,docs,.csv,5342,HISTORICAL_REPORT,KEEP_OR_ARCHIVE_REVIEW,MEDIUM,Historical report evidence; exclude from default read scope.
docs/reports/task_392_macro_vol_theme_regime_overlay/regime_reinforcement_quality.csv,docs,.csv,7167,HISTORICAL_REPORT,KEEP_OR_ARCHIVE_REVIEW,MEDIUM,Historical report evidence; exclude from default read scope.
docs/reports/task_392_macro_vol_theme_regime_overlay/split_trade_pnl_winrate.csv,docs,.csv,554,HISTORICAL_REPORT,KEEP_OR_ARCHIVE_REVIEW,MEDIUM,Historical report evidence; exclude from default read scope.
docs/reports/task_392_macro_vol_theme_regime_overlay/symbol_trade_pnl_winrate.csv,docs,.csv,10859,HISTORICAL_REPORT,KEEP_OR_ARCHIVE_REVIEW,MEDIUM,Historical report evidence; exclude from default read scope.
docs/reports/task_392_macro_vol_theme_regime_overlay/task_392_decision.csv,docs,.csv,560,HISTORICAL_REPORT,KEEP_OR_ARCHIVE_REVIEW,MEDIUM,Historical report evidence; exclude from default read scope.
docs/reports/task_392_macro_vol_theme_regime_overlay/task_392_macro_vol_theme_regime_overlay.md,docs,.md,13281,HISTORICAL_REPORT,KEEP_OR_ARCHIVE_REVIEW,MEDIUM,Historical report evidence; exclude from default read scope.
docs/reports/task_392_macro_vol_theme_regime_overlay/theme_regime_quality.csv,docs,.csv,16806,HISTORICAL_REPORT,KEEP_OR_ARCHIVE_REVIEW,MEDIUM,Historical report evidence; exclude from default read scope.
docs/reports/task_392_macro_vol_theme_regime_overlay/theme_trade_pnl_winrate.csv,docs,.csv,1619,HISTORICAL_REPORT,KEEP_OR_ARCHIVE_REVIEW,MEDIUM,Historical report evidence; exclude from default read scope.
docs/reports/task_392_macro_vol_theme_regime_overlay/transition_regime_quality.csv,docs,.csv,10950,HISTORICAL_REPORT,KEEP_OR_ARCHIVE_REVIEW,MEDIUM,Historical report evidence; exclude from default read scope.
docs/reports/task_393_regime_gated_canonical_continuation_validation/gate_monthly_quality.csv,docs,.csv,21078,HISTORICAL_REPORT,KEEP_OR_ARCHIVE_REVIEW,MEDIUM,Historical report evidence; exclude from default read scope.
docs/reports/task_393_regime_gated_canonical_continuation_validation/gate_reduce_quality.csv,docs,.csv,9730,HISTORICAL_REPORT,KEEP_OR_ARCHIVE_REVIEW,MEDIUM,Historical report evidence; exclude from default read scope.
docs/reports/task_393_regime_gated_canonical_continuation_validation/gate_reinforcement_quality.csv,docs,.csv,12612,HISTORICAL_REPORT,KEEP_OR_ARCHIVE_REVIEW,MEDIUM,Historical report evidence; exclude from default read scope.
docs/reports/task_393_regime_gated_canonical_continuation_validation/gate_split_quality.csv,docs,.csv,5193,HISTORICAL_REPORT,KEEP_OR_ARCHIVE_REVIEW,MEDIUM,Historical report evidence; exclude from default read scope.
docs/reports/task_393_regime_gated_canonical_continuation_validation/regime_gate_validation_audit.csv,docs,.csv,1415,HISTORICAL_REPORT,KEEP_OR_ARCHIVE_REVIEW,MEDIUM,Historical report evidence; exclude from default read scope.
docs/reports/task_393_regime_gated_canonical_continuation_validation/regime_gated_lifecycle_panel.csv,docs,.csv,5428950,HISTORICAL_REPORT,KEEP_OR_ARCHIVE_REVIEW,MEDIUM,Historical report evidence; exclude from default read scope.
docs/reports/task_393_regime_gated_canonical_continuation_validation/task_393_decision.csv,docs,.csv,650,HISTORICAL_REPORT,KEEP_OR_ARCHIVE_REVIEW,MEDIUM,Historical report evidence; exclude from default read scope.
docs/reports/task_393_regime_gated_canonical_continuation_validation/task_393_regime_gated_canonical_continuation_validation.md,docs,.md,7668,HISTORICAL_REPORT,KEEP_OR_ARCHIVE_REVIEW,MEDIUM,Historical report evidence; exclude from default read scope.
docs/reports/task_394_regime_aware_canonical_continuation_policy/policy_lifecycle_simulation_panel.csv.migrated.txt,docs,.txt,436,HISTORICAL_REPORT,KEEP_OR_ARCHIVE_REVIEW,MEDIUM,Historical report evidence; exclude from default read scope.
docs/reports/task_394_regime_aware_canonical_continuation_policy/policy_monthly_quality.csv,docs,.csv,17975,HISTORICAL_REPORT,KEEP_OR_ARCHIVE_REVIEW,MEDIUM,Historical report evidence; exclude from default read scope.
docs/reports/task_394_regime_aware_canonical_continuation_policy/policy_split_quality.csv,docs,.csv,5195,HISTORICAL_REPORT,KEEP_OR_ARCHIVE_REVIEW,MEDIUM,Historical report evidence; exclude from default read scope.
docs/reports/task_394_regime_aware_canonical_continuation_policy/policy_transition_audit.csv,docs,.csv,10706,HISTORICAL_REPORT,KEEP_OR_ARCHIVE_REVIEW,MEDIUM,Historical report evidence; exclude from default read scope.
docs/reports/task_394_regime_aware_canonical_continuation_policy/policy_validation_audit.csv,docs,.csv,1846,HISTORICAL_REPORT,KEEP_OR_ARCHIVE_REVIEW,MEDIUM,Historical report evidence; exclude from default read scope.
docs/reports/task_394_regime_aware_canonical_continuation_policy/policy_weak_regime_audit.csv,docs,.csv,1839,HISTORICAL_REPORT,KEEP_OR_ARCHIVE_REVIEW,MEDIUM,Historical report evidence; exclude from default read scope.
docs/reports/task_394_regime_aware_canonical_continuation_policy/regime_policy_rulebook.csv,docs,.csv,481,HISTORICAL_REPORT,KEEP_OR_ARCHIVE_REVIEW,MEDIUM,Historical report evidence; exclude from default read scope.
docs/reports/task_394_regime_aware_canonical_continuation_policy/task_394_decision.csv,docs,.csv,604,HISTORICAL_REPORT,KEEP_OR_ARCHIVE_REVIEW,MEDIUM,Historical report evidence; exclude from default read scope.
docs/reports/task_394_regime_aware_canonical_continuation_policy/task_394_regime_aware_canonical_continuation_policy.md,docs,.md,8601,HISTORICAL_REPORT,KEEP_OR_ARCHIVE_REVIEW,MEDIUM,Historical report evidence; exclude from default read scope.
docs/reports/task_395_forward_live_regime_detectability/detectability_alignment_audit.csv,docs,.csv,355,HISTORICAL_REPORT,KEEP_OR_ARCHIVE_REVIEW,MEDIUM,Historical report evidence; exclude from default read scope.
docs/reports/task_395_forward_live_regime_detectability/forward_live_gate_split_quality.csv,docs,.csv,2374,HISTORICAL_REPORT,KEEP_OR_ARCHIVE_REVIEW,MEDIUM,Historical report evidence; exclude from default read scope.
docs/reports/task_395_forward_live_regime_detectability/forward_live_gate_validation_audit.csv,docs,.csv,685,HISTORICAL_REPORT,KEEP_OR_ARCHIVE_REVIEW,MEDIUM,Historical report evidence; exclude from default read scope.
docs/reports/task_395_forward_live_regime_detectability/forward_live_leakage_audit.csv,docs,.csv,252,HISTORICAL_REPORT,KEEP_OR_ARCHIVE_REVIEW,MEDIUM,Historical report evidence; exclude from default read scope.
docs/reports/task_395_forward_live_regime_detectability/forward_live_lifecycle_regime_panel.csv,docs,.csv,7497362,HISTORICAL_REPORT,KEEP_OR_ARCHIVE_REVIEW,MEDIUM,Historical report evidence; exclude from default read scope.
docs/reports/task_395_forward_live_regime_detectability/forward_live_timestamp_regime_panel.csv.migrated.txt,docs,.txt,422,HISTORICAL_REPORT,KEEP_OR_ARCHIVE_REVIEW,MEDIUM,Historical report evidence; exclude from default read scope.
docs/reports/task_395_forward_live_regime_detectability/task_395_decision.csv,docs,.csv,790,HISTORICAL_REPORT,KEEP_OR_ARCHIVE_REVIEW,MEDIUM,Historical report evidence; exclude from default read scope.
docs/reports/task_395_forward_live_regime_detectability/task_395_forward_live_regime_detectability.md,docs,.md,2520,HISTORICAL_REPORT,KEEP_OR_ARCHIVE_REVIEW,MEDIUM,Historical report evidence; exclude from default read scope.
docs/reports/task_396_forward_live_cost_constrained_validation/capital_exposure_audit.csv,docs,.csv,538,HISTORICAL_REPORT,KEEP_OR_ARCHIVE_REVIEW,MEDIUM,Historical report evidence; exclude from default read scope.
docs/reports/task_396_forward_live_cost_constrained_validation/cost_constrained_lifecycle_panel.csv,docs,.csv,36374321,LARGE_REPORT_ARTIFACT,ARCHIVE_REVIEW,HIGH,Large report artifact; requires dependency-aware migration.
docs/reports/task_396_forward_live_cost_constrained_validation/cost_constrained_policy_quality.csv,docs,.csv,1352,HISTORICAL_REPORT,KEEP_OR_ARCHIVE_REVIEW,MEDIUM,Historical report evidence; exclude from default read scope.
docs/reports/task_396_forward_live_cost_constrained_validation/cost_constrained_split_quality.csv,docs,.csv,4114,HISTORICAL_REPORT,KEEP_OR_ARCHIVE_REVIEW,MEDIUM,Historical report evidence; exclude from default read scope.
docs/reports/task_396_forward_live_cost_constrained_validation/cost_constrained_transition_quality.csv,docs,.csv,9178,HISTORICAL_REPORT,KEEP_OR_ARCHIVE_REVIEW,MEDIUM,Historical report evidence; exclude from default read scope.
docs/reports/task_396_forward_live_cost_constrained_validation/cost_model_assumptions.csv,docs,.csv,360,HISTORICAL_REPORT,KEEP_OR_ARCHIVE_REVIEW,MEDIUM,Historical report evidence; exclude from default read scope.
docs/reports/task_396_forward_live_cost_constrained_validation/forward_live_degradation_audit.csv,docs,.csv,653,HISTORICAL_REPORT,KEEP_OR_ARCHIVE_REVIEW,MEDIUM,Historical report evidence; exclude from default read scope.
docs/reports/task_396_forward_live_cost_constrained_validation/task_396_decision.csv,docs,.csv,812,HISTORICAL_REPORT,KEEP_OR_ARCHIVE_REVIEW,MEDIUM,Historical report evidence; exclude from default read scope.
docs/reports/task_396_forward_live_cost_constrained_validation/task_396_forward_live_cost_constrained_validation.md,docs,.md,6967,HISTORICAL_REPORT,KEEP_OR_ARCHIVE_REVIEW,MEDIUM,Historical report evidence; exclude from default read scope.
docs/reports/task_397_forward_live_strict_false_positive_decomposition/false_positive_feature_bins.csv,docs,.csv,54034,HISTORICAL_REPORT,KEEP_OR_ARCHIVE_REVIEW,MEDIUM,Historical report evidence; exclude from default read scope.
docs/reports/task_397_forward_live_strict_false_positive_decomposition/false_positive_filter_candidate_audit.csv,docs,.csv,745,HISTORICAL_REPORT,KEEP_OR_ARCHIVE_REVIEW,MEDIUM,Historical report evidence; exclude from default read scope.
docs/reports/task_397_forward_live_strict_false_positive_decomposition/false_positive_group_summary.csv,docs,.csv,2030,HISTORICAL_REPORT,KEEP_OR_ARCHIVE_REVIEW,MEDIUM,Historical report evidence; exclude from default read scope.
docs/reports/task_397_forward_live_strict_false_positive_decomposition/false_positive_lifecycle_panel.csv,docs,.csv,1974238,HISTORICAL_REPORT,KEEP_OR_ARCHIVE_REVIEW,MEDIUM,Historical report evidence; exclude from default read scope.
docs/reports/task_397_forward_live_strict_false_positive_decomposition/false_positive_symbol_theme_audit.csv,docs,.csv,98043,HISTORICAL_REPORT,KEEP_OR_ARCHIVE_REVIEW,MEDIUM,Historical report evidence; exclude from default read scope.
docs/reports/task_397_forward_live_strict_false_positive_decomposition/false_positive_time_audit.csv,docs,.csv,48752,HISTORICAL_REPORT,KEEP_OR_ARCHIVE_REVIEW,MEDIUM,Historical report evidence; exclude from default read scope.
docs/reports/task_397_forward_live_strict_false_positive_decomposition/task_397_decision.csv,docs,.csv,534,HISTORICAL_REPORT,KEEP_OR_ARCHIVE_REVIEW,MEDIUM,Historical report evidence; exclude from default read scope.
docs/reports/task_397_forward_live_strict_false_positive_decomposition/task_397_forward_live_strict_false_positive_decomposition.md,docs,.md,3457,HISTORICAL_REPORT,KEEP_OR_ARCHIVE_REVIEW,MEDIUM,Historical report evidence; exclude from default read scope.
docs/reports/task_398_portfolio_path_equity_curve_simulation/portfolio_drawdown_audit.csv,docs,.csv,130,HISTORICAL_REPORT,KEEP_OR_ARCHIVE_REVIEW,MEDIUM,Historical report evidence; exclude from default read scope.
docs/reports/task_398_portfolio_path_equity_curve_simulation/portfolio_equity_curve.csv,docs,.csv,122822,HISTORICAL_REPORT,KEEP_OR_ARCHIVE_REVIEW,MEDIUM,Historical report evidence; exclude from default read scope.
docs/reports/task_398_portfolio_path_equity_curve_simulation/portfolio_exposure_timeline.csv,docs,.csv,62993,HISTORICAL_REPORT,KEEP_OR_ARCHIVE_REVIEW,MEDIUM,Historical report evidence; exclude from default read scope.
docs/reports/task_398_portfolio_path_equity_curve_simulation/portfolio_monthly_summary.csv,docs,.csv,1712,HISTORICAL_REPORT,KEEP_OR_ARCHIVE_REVIEW,MEDIUM,Historical report evidence; exclude from default read scope.
docs/reports/task_398_portfolio_path_equity_curve_simulation/portfolio_trade_ledger.csv,docs,.csv,2043582,HISTORICAL_REPORT,KEEP_OR_ARCHIVE_REVIEW,MEDIUM,Historical report evidence; exclude from default read scope.
docs/reports/task_398_portfolio_path_equity_curve_simulation/task_398_decision.csv,docs,.csv,367,HISTORICAL_REPORT,KEEP_OR_ARCHIVE_REVIEW,MEDIUM,Historical report evidence; exclude from default read scope.
docs/reports/task_398_portfolio_path_equity_curve_simulation/task_398_portfolio_path_equity_curve_simulation.md,docs,.md,2323,HISTORICAL_REPORT,KEEP_OR_ARCHIVE_REVIEW,MEDIUM,Historical report evidence; exclude from default read scope.
docs/reports/task_399_intraday_universe_history_expansion/canonical_rerun/intraday_canonical_event_log.csv.migrated.txt,docs,.txt,444,HISTORICAL_REPORT,KEEP_OR_ARCHIVE_REVIEW,MEDIUM,Historical report evidence; exclude from default read scope.
docs/reports/task_399_intraday_universe_history_expansion/canonical_rerun/intraday_canonical_lifecycle_summary.csv.migrated.txt,docs,.txt,460,HISTORICAL_REPORT,KEEP_OR_ARCHIVE_REVIEW,MEDIUM,Historical report evidence; exclude from default read scope.
docs/reports/task_399_intraday_universe_history_expansion/canonical_rerun/intraday_data_availability_audit.csv,docs,.csv,5521,HISTORICAL_REPORT,KEEP_OR_ARCHIVE_REVIEW,MEDIUM,Historical report evidence; exclude from default read scope.
docs/reports/task_399_intraday_universe_history_expansion/canonical_rerun/intraday_event_ordering_audit.csv,docs,.csv,90,HISTORICAL_REPORT,KEEP_OR_ARCHIVE_REVIEW,MEDIUM,Historical report evidence; exclude from default read scope.
docs/reports/task_399_intraday_universe_history_expansion/canonical_rerun/task_388_decision.csv,docs,.csv,461,HISTORICAL_REPORT,KEEP_OR_ARCHIVE_REVIEW,MEDIUM,Historical report evidence; exclude from default read scope.
docs/reports/task_399_intraday_universe_history_expansion/canonical_rerun/task_388_intraday_canonical_continuation_engine.md,docs,.md,6324,HISTORICAL_REPORT,KEEP_OR_ARCHIVE_REVIEW,MEDIUM,Historical report evidence; exclude from default read scope.
docs/reports/task_399_intraday_universe_history_expansion/canonical_rerun_decision.csv,docs,.csv,461,HISTORICAL_REPORT,KEEP_OR_ARCHIVE_REVIEW,MEDIUM,Historical report evidence; exclude from default read scope.
docs/reports/task_399_intraday_universe_history_expansion/expanded_theme_universe_10x15.csv,docs,.csv,6781,HISTORICAL_REPORT,KEEP_OR_ARCHIVE_REVIEW,MEDIUM,Historical report evidence; exclude from default read scope.
docs/reports/task_399_intraday_universe_history_expansion/intraday_download_audit.csv,docs,.csv,7859,HISTORICAL_REPORT,KEEP_OR_ARCHIVE_REVIEW,MEDIUM,Historical report evidence; exclude from default read scope.
docs/reports/task_399_intraday_universe_history_expansion/task_391_expanded/robustness_summary.csv,docs,.csv,672,HISTORICAL_REPORT,KEEP_OR_ARCHIVE_REVIEW,MEDIUM,Historical report evidence; exclude from default read scope.
docs/reports/task_399_intraday_universe_history_expansion/task_391_expanded/split_lifecycle_panel.csv.migrated.txt,docs,.txt,434,HISTORICAL_REPORT,KEEP_OR_ARCHIVE_REVIEW,MEDIUM,Historical report evidence; exclude from default read scope.
docs/reports/task_399_intraday_universe_history_expansion/task_391_expanded/split_path_quality.csv,docs,.csv,3586,HISTORICAL_REPORT,KEEP_OR_ARCHIVE_REVIEW,MEDIUM,Historical report evidence; exclude from default read scope.
docs/reports/task_399_intraday_universe_history_expansion/task_391_expanded/split_reduce_weakening_quality.csv,docs,.csv,1056,HISTORICAL_REPORT,KEEP_OR_ARCHIVE_REVIEW,MEDIUM,Historical report evidence; exclude from default read scope.
docs/reports/task_399_intraday_universe_history_expansion/task_391_expanded/split_reinforcement_quality.csv,docs,.csv,1364,HISTORICAL_REPORT,KEEP_OR_ARCHIVE_REVIEW,MEDIUM,Historical report evidence; exclude from default read scope.
docs/reports/task_399_intraday_universe_history_expansion/task_391_expanded/split_theme_quality.csv,docs,.csv,5450,HISTORICAL_REPORT,KEEP_OR_ARCHIVE_REVIEW,MEDIUM,Historical report evidence; exclude from default read scope.
docs/reports/task_399_intraday_universe_history_expansion/task_391_expanded/task_391_decision.csv,docs,.csv,428,HISTORICAL_REPORT,KEEP_OR_ARCHIVE_REVIEW,MEDIUM,Historical report evidence; exclude from default read scope.
docs/reports/task_399_intraday_universe_history_expansion/task_391_expanded/task_391_intraday_canonical_oos_validation.md,docs,.md,2612,HISTORICAL_REPORT,KEEP_OR_ARCHIVE_REVIEW,MEDIUM,Historical report evidence; exclude from default read scope.
docs/reports/task_399_intraday_universe_history_expansion/task_392_expanded/daily_regime_panel.csv,docs,.csv,1625320,HISTORICAL_REPORT,KEEP_OR_ARCHIVE_REVIEW,MEDIUM,Historical report evidence; exclude from default read scope.
docs/reports/task_399_intraday_universe_history_expansion/task_392_expanded/lifecycle_regime_panel.csv.migrated.txt,docs,.txt,436,HISTORICAL_REPORT,KEEP_OR_ARCHIVE_REVIEW,MEDIUM,Historical report evidence; exclude from default read scope.
docs/reports/task_399_intraday_universe_history_expansion/task_392_expanded/regime_reduce_weakening_quality.csv,docs,.csv,5379,HISTORICAL_REPORT,KEEP_OR_ARCHIVE_REVIEW,MEDIUM,Historical report evidence; exclude from default read scope.
docs/reports/task_399_intraday_universe_history_expansion/task_392_expanded/regime_reinforcement_quality.csv,docs,.csv,7254,HISTORICAL_REPORT,KEEP_OR_ARCHIVE_REVIEW,MEDIUM,Historical report evidence; exclude from default read scope.
docs/reports/task_399_intraday_universe_history_expansion/task_392_expanded/task_392_decision.csv,docs,.csv,562,HISTORICAL_REPORT,KEEP_OR_ARCHIVE_REVIEW,MEDIUM,Historical report evidence; exclude from default read scope.
docs/reports/task_399_intraday_universe_history_expansion/task_392_expanded/task_392_macro_vol_theme_regime_overlay.md,docs,.md,13407,HISTORICAL_REPORT,KEEP_OR_ARCHIVE_REVIEW,MEDIUM,Historical report evidence; exclude from default read scope.
docs/reports/task_399_intraday_universe_history_expansion/task_392_expanded/theme_regime_quality.csv,docs,.csv,17335,HISTORICAL_REPORT,KEEP_OR_ARCHIVE_REVIEW,MEDIUM,Historical report evidence; exclude from default read scope.
docs/reports/task_399_intraday_universe_history_expansion/task_392_expanded/transition_regime_quality.csv,docs,.csv,11428,HISTORICAL_REPORT,KEEP_OR_ARCHIVE_REVIEW,MEDIUM,Historical report evidence; exclude from default read scope.
docs/reports/task_399_intraday_universe_history_expansion/task_395_expanded/detectability_alignment_audit.csv,docs,.csv,360,HISTORICAL_REPORT,KEEP_OR_ARCHIVE_REVIEW,MEDIUM,Historical report evidence; exclude from default read scope.
docs/reports/task_399_intraday_universe_history_expansion/task_395_expanded/forward_live_gate_split_quality.csv,docs,.csv,2404,HISTORICAL_REPORT,KEEP_OR_ARCHIVE_REVIEW,MEDIUM,Historical report evidence; exclude from default read scope.
docs/reports/task_399_intraday_universe_history_expansion/task_395_expanded/forward_live_gate_validation_audit.csv,docs,.csv,696,HISTORICAL_REPORT,KEEP_OR_ARCHIVE_REVIEW,MEDIUM,Historical report evidence; exclude from default read scope.
docs/reports/task_399_intraday_universe_history_expansion/task_395_expanded/forward_live_leakage_audit.csv,docs,.csv,252,HISTORICAL_REPORT,KEEP_OR_ARCHIVE_REVIEW,MEDIUM,Historical report evidence; exclude from default read scope.
docs/reports/task_399_intraday_universe_history_expansion/task_395_expanded/forward_live_lifecycle_regime_panel.csv.migrated.txt,docs,.txt,462,HISTORICAL_REPORT,KEEP_OR_ARCHIVE_REVIEW,MEDIUM,Historical report evidence; exclude from default read scope.
docs/reports/task_399_intraday_universe_history_expansion/task_395_expanded/forward_live_timestamp_regime_panel.csv.migrated.txt,docs,.txt,462,HISTORICAL_REPORT,KEEP_OR_ARCHIVE_REVIEW,MEDIUM,Historical report evidence; exclude from default read scope.
docs/reports/task_399_intraday_universe_history_expansion/task_395_expanded/task_395_decision.csv,docs,.csv,798,HISTORICAL_REPORT,KEEP_OR_ARCHIVE_REVIEW,MEDIUM,Historical report evidence; exclude from default read scope.
docs/reports/task_399_intraday_universe_history_expansion/task_395_expanded/task_395_forward_live_regime_detectability.md,docs,.md,2544,HISTORICAL_REPORT,KEEP_OR_ARCHIVE_REVIEW,MEDIUM,Historical report evidence; exclude from default read scope.
docs/reports/task_399_intraday_universe_history_expansion/task_396_expanded/capital_exposure_audit.csv,docs,.csv,546,HISTORICAL_REPORT,KEEP_OR_ARCHIVE_REVIEW,MEDIUM,Historical report evidence; exclude from default read scope.
docs/reports/task_399_intraday_universe_history_expansion/task_396_expanded/cost_constrained_lifecycle_panel.csv.migrated.txt,docs,.txt,456,HISTORICAL_REPORT,KEEP_OR_ARCHIVE_REVIEW,MEDIUM,Historical report evidence; exclude from default read scope.
docs/reports/task_399_intraday_universe_history_expansion/task_396_expanded/cost_constrained_policy_quality.csv,docs,.csv,1339,HISTORICAL_REPORT,KEEP_OR_ARCHIVE_REVIEW,MEDIUM,Historical report evidence; exclude from default read scope.
docs/reports/task_399_intraday_universe_history_expansion/task_396_expanded/cost_constrained_split_quality.csv,docs,.csv,4158,HISTORICAL_REPORT,KEEP_OR_ARCHIVE_REVIEW,MEDIUM,Historical report evidence; exclude from default read scope.
docs/reports/task_399_intraday_universe_history_expansion/task_396_expanded/cost_constrained_transition_quality.csv,docs,.csv,9244,HISTORICAL_REPORT,KEEP_OR_ARCHIVE_REVIEW,MEDIUM,Historical report evidence; exclude from default read scope.
docs/reports/task_399_intraday_universe_history_expansion/task_396_expanded/cost_model_assumptions.csv,docs,.csv,360,HISTORICAL_REPORT,KEEP_OR_ARCHIVE_REVIEW,MEDIUM,Historical report evidence; exclude from default read scope.
docs/reports/task_399_intraday_universe_history_expansion/task_396_expanded/forward_live_degradation_audit.csv,docs,.csv,682,HISTORICAL_REPORT,KEEP_OR_ARCHIVE_REVIEW,MEDIUM,Historical report evidence; exclude from default read scope.
docs/reports/task_399_intraday_universe_history_expansion/task_396_expanded/task_396_decision.csv,docs,.csv,813,HISTORICAL_REPORT,KEEP_OR_ARCHIVE_REVIEW,MEDIUM,Historical report evidence; exclude from default read scope.
docs/reports/task_399_intraday_universe_history_expansion/task_396_expanded/task_396_forward_live_cost_constrained_validation.md,docs,.md,7049,HISTORICAL_REPORT,KEEP_OR_ARCHIVE_REVIEW,MEDIUM,Historical report evidence; exclude from default read scope.
docs/reports/task_399_intraday_universe_history_expansion/task_397_expanded/false_positive_feature_bins.csv,docs,.csv,56402,HISTORICAL_REPORT,KEEP_OR_ARCHIVE_REVIEW,MEDIUM,Historical report evidence; exclude from default read scope.
docs/reports/task_399_intraday_universe_history_expansion/task_397_expanded/false_positive_filter_candidate_audit.csv,docs,.csv,750,HISTORICAL_REPORT,KEEP_OR_ARCHIVE_REVIEW,MEDIUM,Historical report evidence; exclude from default read scope.
docs/reports/task_399_intraday_universe_history_expansion/task_397_expanded/false_positive_group_summary.csv,docs,.csv,2068,HISTORICAL_REPORT,KEEP_OR_ARCHIVE_REVIEW,MEDIUM,Historical report evidence; exclude from default read scope.
docs/reports/task_399_intraday_universe_history_expansion/task_397_expanded/false_positive_lifecycle_panel.csv,docs,.csv,15792388,LARGE_REPORT_ARTIFACT,ARCHIVE_REVIEW,HIGH,Large report artifact; requires dependency-aware migration.
docs/reports/task_399_intraday_universe_history_expansion/task_397_expanded/false_positive_symbol_theme_audit.csv,docs,.csv,259816,HISTORICAL_REPORT,KEEP_OR_ARCHIVE_REVIEW,MEDIUM,Historical report evidence; exclude from default read scope.
docs/reports/task_399_intraday_universe_history_expansion/task_397_expanded/false_positive_time_audit.csv,docs,.csv,116776,HISTORICAL_REPORT,KEEP_OR_ARCHIVE_REVIEW,MEDIUM,Historical report evidence; exclude from default read scope.
docs/reports/task_399_intraday_universe_history_expansion/task_397_expanded/task_397_decision.csv,docs,.csv,539,HISTORICAL_REPORT,KEEP_OR_ARCHIVE_REVIEW,MEDIUM,Historical report evidence; exclude from default read scope.
docs/reports/task_399_intraday_universe_history_expansion/task_397_expanded/task_397_forward_live_strict_false_positive_decomposition.md,docs,.md,3505,HISTORICAL_REPORT,KEEP_OR_ARCHIVE_REVIEW,MEDIUM,Historical report evidence; exclude from default read scope.
docs/reports/task_399_intraday_universe_history_expansion/task_398_expanded/portfolio_drawdown_audit.csv,docs,.csv,131,HISTORICAL_REPORT,KEEP_OR_ARCHIVE_REVIEW,MEDIUM,Historical report evidence; exclude from default read scope.
docs/reports/task_399_intraday_universe_history_expansion/task_398_expanded/portfolio_equity_curve.csv,docs,.csv,761997,HISTORICAL_REPORT,KEEP_OR_ARCHIVE_REVIEW,MEDIUM,Historical report evidence; exclude from default read scope.
docs/reports/task_399_intraday_universe_history_expansion/task_398_expanded/portfolio_exposure_timeline.csv,docs,.csv,402993,HISTORICAL_REPORT,KEEP_OR_ARCHIVE_REVIEW,MEDIUM,Historical report evidence; exclude from default read scope.
docs/reports/task_399_intraday_universe_history_expansion/task_398_expanded/portfolio_monthly_summary.csv,docs,.csv,3360,HISTORICAL_REPORT,KEEP_OR_ARCHIVE_REVIEW,MEDIUM,Historical report evidence; exclude from default read scope.
docs/reports/task_399_intraday_universe_history_expansion/task_398_expanded/portfolio_trade_ledger.csv.migrated.txt,docs,.txt,436,HISTORICAL_REPORT,KEEP_OR_ARCHIVE_REVIEW,MEDIUM,Historical report evidence; exclude from default read scope.
docs/reports/task_399_intraday_universe_history_expansion/task_398_expanded/task_398_decision.csv,docs,.csv,369,HISTORICAL_REPORT,KEEP_OR_ARCHIVE_REVIEW,MEDIUM,Historical report evidence; exclude from default read scope.
docs/reports/task_399_intraday_universe_history_expansion/task_398_expanded/task_398_portfolio_path_equity_curve_simulation.md,docs,.md,3990,HISTORICAL_REPORT,KEEP_OR_ARCHIVE_REVIEW,MEDIUM,Historical report evidence; exclude from default read scope.
docs/reports/task_399_intraday_universe_history_expansion/task_399_decision.csv,docs,.csv,289,HISTORICAL_REPORT,KEEP_OR_ARCHIVE_REVIEW,MEDIUM,Historical report evidence; exclude from default read scope.
docs/reports/task_399_intraday_universe_history_expansion/task_399_intraday_universe_history_expansion.md,docs,.md,8377,HISTORICAL_REPORT,KEEP_OR_ARCHIVE_REVIEW,MEDIUM,Historical report evidence; exclude from default read scope.
docs/reports/task_400/task_400_10x_framework.json,docs,.json,910,HISTORICAL_REPORT,KEEP_OR_ARCHIVE_REVIEW,MEDIUM,Historical report evidence; exclude from default read scope.
docs/reports/task_400/task_400_10x_framework.md,docs,.md,737,HISTORICAL_REPORT,KEEP_OR_ARCHIVE_REVIEW,MEDIUM,Historical report evidence; exclude from default read scope.
docs/reports/task_400/task_400_10x_framework_with_leveraged.json,docs,.json,906,HISTORICAL_REPORT,KEEP_OR_ARCHIVE_REVIEW,MEDIUM,Historical report evidence; exclude from default read scope.
docs/reports/task_400/task_400_10x_framework_with_leveraged.md,docs,.md,734,HISTORICAL_REPORT,KEEP_OR_ARCHIVE_REVIEW,MEDIUM,Historical report evidence; exclude from default read scope.
docs/reports/task_400_forward_live_entry_quality_filter_discovery/entry_feature_univariate_audit.csv,docs,.csv,86031,HISTORICAL_REPORT,KEEP_OR_ARCHIVE_REVIEW,MEDIUM,Historical report evidence; exclude from default read scope.
docs/reports/task_400_forward_live_entry_quality_filter_discovery/entry_filter_candidate_audit.csv,docs,.csv,2323,HISTORICAL_REPORT,KEEP_OR_ARCHIVE_REVIEW,MEDIUM,Historical report evidence; exclude from default read scope.
docs/reports/task_400_forward_live_entry_quality_filter_discovery/entry_filter_portfolio_diagnostic.csv,docs,.csv,914,HISTORICAL_REPORT,KEEP_OR_ARCHIVE_REVIEW,MEDIUM,Historical report evidence; exclude from default read scope.
docs/reports/task_400_forward_live_entry_quality_filter_discovery/entry_filter_split_quality.csv,docs,.csv,5013,HISTORICAL_REPORT,KEEP_OR_ARCHIVE_REVIEW,MEDIUM,Historical report evidence; exclude from default read scope.
docs/reports/task_400_forward_live_entry_quality_filter_discovery/entry_quality_feature_panel.csv,docs,.csv,7814472,HISTORICAL_REPORT,KEEP_OR_ARCHIVE_REVIEW,MEDIUM,Historical report evidence; exclude from default read scope.
docs/reports/task_400_forward_live_entry_quality_filter_discovery/entry_quality_label_summary.csv,docs,.csv,308,HISTORICAL_REPORT,KEEP_OR_ARCHIVE_REVIEW,MEDIUM,Historical report evidence; exclude from default read scope.
docs/reports/task_400_forward_live_entry_quality_filter_discovery/entry_quality_leakage_audit.csv,docs,.csv,1393,HISTORICAL_REPORT,KEEP_OR_ARCHIVE_REVIEW,MEDIUM,Historical report evidence; exclude from default read scope.
docs/reports/task_400_forward_live_entry_quality_filter_discovery/task_400_decision.csv,docs,.csv,669,HISTORICAL_REPORT,KEEP_OR_ARCHIVE_REVIEW,MEDIUM,Historical report evidence; exclude from default read scope.
docs/reports/task_400_forward_live_entry_quality_filter_discovery/task_400_forward_live_entry_quality_filter_discovery.md,docs,.md,4888,HISTORICAL_REPORT,KEEP_OR_ARCHIVE_REVIEW,MEDIUM,Historical report evidence; exclude from default read scope.
docs/reports/task_401_forward_live_canonical_multifactor_decision_layer/decision_ordering_invariant_audit.csv,docs,.csv,66,HISTORICAL_REPORT,KEEP_OR_ARCHIVE_REVIEW,MEDIUM,Historical report evidence; exclude from default read scope.
docs/reports/task_401_forward_live_canonical_multifactor_decision_layer/multifactor_accepted_lifecycle_event_log.csv,docs,.csv,29153946,LARGE_REPORT_ARTIFACT,ARCHIVE_REVIEW,HIGH,Large report artifact; requires dependency-aware migration.
docs/reports/task_401_forward_live_canonical_multifactor_decision_layer/multifactor_bucket_quality_offline_label_audit.csv,docs,.csv,223,HISTORICAL_REPORT,KEEP_OR_ARCHIVE_REVIEW,MEDIUM,Historical report evidence; exclude from default read scope.
docs/reports/task_401_forward_live_canonical_multifactor_decision_layer/multifactor_continuation_decision_log.csv.pointer.md,docs,.md,684,HISTORICAL_REPORT,KEEP_OR_ARCHIVE_REVIEW,MEDIUM,Historical report evidence; exclude from default read scope.
docs/reports/task_401_forward_live_canonical_multifactor_decision_layer/multifactor_decision_snapshot_log.csv.pointer.md,docs,.md,672,HISTORICAL_REPORT,KEEP_OR_ARCHIVE_REVIEW,MEDIUM,Historical report evidence; exclude from default read scope.
docs/reports/task_401_forward_live_canonical_multifactor_decision_layer/multifactor_entry_candidate_log.csv.pointer.md,docs,.md,666,HISTORICAL_REPORT,KEEP_OR_ARCHIVE_REVIEW,MEDIUM,Historical report evidence; exclude from default read scope.
docs/reports/task_401_forward_live_canonical_multifactor_decision_layer/multifactor_filter_component_audit.csv,docs,.csv,4693,HISTORICAL_REPORT,KEEP_OR_ARCHIVE_REVIEW,MEDIUM,Historical report evidence; exclude from default read scope.
docs/reports/task_401_forward_live_canonical_multifactor_decision_layer/multifactor_leakage_audit.csv,docs,.csv,534,HISTORICAL_REPORT,KEEP_OR_ARCHIVE_REVIEW,MEDIUM,Historical report evidence; exclude from default read scope.
docs/reports/task_401_forward_live_canonical_multifactor_decision_layer/multifactor_policy_comparison_audit.csv,docs,.csv,386,HISTORICAL_REPORT,KEEP_OR_ARCHIVE_REVIEW,MEDIUM,Historical report evidence; exclude from default read scope.
docs/reports/task_401_forward_live_canonical_multifactor_decision_layer/multifactor_rejected_candidate_audit.csv,docs,.csv,174809,HISTORICAL_REPORT,KEEP_OR_ARCHIVE_REVIEW,MEDIUM,Historical report evidence; exclude from default read scope.
docs/reports/task_401_forward_live_canonical_multifactor_decision_layer/source_discipline_audit.csv,docs,.csv,369,HISTORICAL_REPORT,KEEP_OR_ARCHIVE_REVIEW,MEDIUM,Historical report evidence; exclude from default read scope.
docs/reports/task_401_forward_live_canonical_multifactor_decision_layer/task_401_decision.csv,docs,.csv,629,HISTORICAL_REPORT,KEEP_OR_ARCHIVE_REVIEW,MEDIUM,Historical report evidence; exclude from default read scope.
docs/reports/task_401_forward_live_canonical_multifactor_decision_layer/task_401_forward_live_canonical_multifactor_decision_layer.md,docs,.md,2454,HISTORICAL_REPORT,KEEP_OR_ARCHIVE_REVIEW,MEDIUM,Historical report evidence; exclude from default read scope.
docs/reports/task_402_multifactor_continuation_state_discovery/archetype_assignment_panel.csv.migrated.txt,docs,.txt,418,HISTORICAL_REPORT,KEEP_OR_ARCHIVE_REVIEW,MEDIUM,Historical report evidence; exclude from default read scope.
docs/reports/task_402_multifactor_continuation_state_discovery/archetype_component_matrix.csv,docs,.csv,7156,HISTORICAL_REPORT,KEEP_OR_ARCHIVE_REVIEW,MEDIUM,Historical report evidence; exclude from default read scope.
docs/reports/task_402_multifactor_continuation_state_discovery/archetype_false_positive_audit.csv,docs,.csv,19573,HISTORICAL_REPORT,KEEP_OR_ARCHIVE_REVIEW,MEDIUM,Historical report evidence; exclude from default read scope.
docs/reports/task_402_multifactor_continuation_state_discovery/archetype_leakage_audit.csv,docs,.csv,682,HISTORICAL_REPORT,KEEP_OR_ARCHIVE_REVIEW,MEDIUM,Historical report evidence; exclude from default read scope.
docs/reports/task_402_multifactor_continuation_state_discovery/archetype_oos_stability_audit.csv,docs,.csv,7502,HISTORICAL_REPORT,KEEP_OR_ARCHIVE_REVIEW,MEDIUM,Historical report evidence; exclude from default read scope.
docs/reports/task_402_multifactor_continuation_state_discovery/archetype_quality_summary.csv,docs,.csv,7049,HISTORICAL_REPORT,KEEP_OR_ARCHIVE_REVIEW,MEDIUM,Historical report evidence; exclude from default read scope.
docs/reports/task_402_multifactor_continuation_state_discovery/archetype_split_quality.csv,docs,.csv,19710,HISTORICAL_REPORT,KEEP_OR_ARCHIVE_REVIEW,MEDIUM,Historical report evidence; exclude from default read scope.
docs/reports/task_402_multifactor_continuation_state_discovery/task_402_decision.csv,docs,.csv,668,HISTORICAL_REPORT,KEEP_OR_ARCHIVE_REVIEW,MEDIUM,Historical report evidence; exclude from default read scope.
docs/reports/task_402_multifactor_continuation_state_discovery/task_402_multifactor_continuation_state_discovery.md,docs,.md,9128,HISTORICAL_REPORT,KEEP_OR_ARCHIVE_REVIEW,MEDIUM,Historical report evidence; exclude from default read scope.
docs/reports/task_402r_decision_labelability_audit/decision_labelability_audit.csv,docs,.csv,324,HISTORICAL_REPORT,KEEP_OR_ARCHIVE_REVIEW,MEDIUM,Historical report evidence; exclude from default read scope.
docs/reports/task_402r_decision_labelability_audit/population_consistency_audit.csv,docs,.csv,388,HISTORICAL_REPORT,KEEP_OR_ARCHIVE_REVIEW,MEDIUM,Historical report evidence; exclude from default read scope.
docs/reports/task_402r_decision_labelability_audit/task_402r_decision.csv,docs,.csv,501,HISTORICAL_REPORT,KEEP_OR_ARCHIVE_REVIEW,MEDIUM,Historical report evidence; exclude from default read scope.
docs/reports/task_402r_decision_labelability_audit/task_402r_decision_labelability_audit.md,docs,.md,1445,HISTORICAL_REPORT,KEEP_OR_ARCHIVE_REVIEW,MEDIUM,Historical report evidence; exclude from default read scope.
docs/reports/task_402r_decision_labelability_audit/unlabeled_candidate_audit.csv.migrated.txt,docs,.txt,392,HISTORICAL_REPORT,KEEP_OR_ARCHIVE_REVIEW,MEDIUM,Historical report evidence; exclude from default read scope.
docs/reports/task_403_multi_archetype_continuation_portfolio_discovery/archetype_candidate_pool.csv,docs,.csv,12794,HISTORICAL_REPORT,KEEP_OR_ARCHIVE_REVIEW,MEDIUM,Historical report evidence; exclude from default read scope.
docs/reports/task_403_multi_archetype_continuation_portfolio_discovery/archetype_set_concentration_audit.csv,docs,.csv,601,HISTORICAL_REPORT,KEEP_OR_ARCHIVE_REVIEW,MEDIUM,Historical report evidence; exclude from default read scope.
docs/reports/task_403_multi_archetype_continuation_portfolio_discovery/archetype_set_definitions.csv,docs,.csv,14153,HISTORICAL_REPORT,KEEP_OR_ARCHIVE_REVIEW,MEDIUM,Historical report evidence; exclude from default read scope.
docs/reports/task_403_multi_archetype_continuation_portfolio_discovery/archetype_set_false_positive_audit.csv,docs,.csv,1777,HISTORICAL_REPORT,KEEP_OR_ARCHIVE_REVIEW,MEDIUM,Historical report evidence; exclude from default read scope.
docs/reports/task_403_multi_archetype_continuation_portfolio_discovery/archetype_set_leakage_audit.csv,docs,.csv,294,HISTORICAL_REPORT,KEEP_OR_ARCHIVE_REVIEW,MEDIUM,Historical report evidence; exclude from default read scope.
docs/reports/task_403_multi_archetype_continuation_portfolio_discovery/archetype_set_monthly_quality.csv,docs,.csv,24525,HISTORICAL_REPORT,KEEP_OR_ARCHIVE_REVIEW,MEDIUM,Historical report evidence; exclude from default read scope.
docs/reports/task_403_multi_archetype_continuation_portfolio_discovery/archetype_set_quality.csv,docs,.csv,920,HISTORICAL_REPORT,KEEP_OR_ARCHIVE_REVIEW,MEDIUM,Historical report evidence; exclude from default read scope.
docs/reports/task_403_multi_archetype_continuation_portfolio_discovery/archetype_set_split_quality.csv,docs,.csv,2705,HISTORICAL_REPORT,KEEP_OR_ARCHIVE_REVIEW,MEDIUM,Historical report evidence; exclude from default read scope.
docs/reports/task_403_multi_archetype_continuation_portfolio_discovery/task_403_decision.csv,docs,.csv,789,HISTORICAL_REPORT,KEEP_OR_ARCHIVE_REVIEW,MEDIUM,Historical report evidence; exclude from default read scope.
docs/reports/task_403_multi_archetype_continuation_portfolio_discovery/task_403_multi_archetype_continuation_portfolio_discovery.md,docs,.md,2649,HISTORICAL_REPORT,KEEP_OR_ARCHIVE_REVIEW,MEDIUM,Historical report evidence; exclude from default read scope.
docs/reports/task_404_task401_exact_label_generation/task401_exact_lifecycle_labels.csv,docs,.csv,18410672,LARGE_REPORT_ARTIFACT,ARCHIVE_REVIEW,HIGH,Large report artifact; requires dependency-aware migration.
docs/reports/task_404_task401_exact_label_generation/task401_label_coverage_audit.csv,docs,.csv,350,HISTORICAL_REPORT,KEEP_OR_ARCHIVE_REVIEW,MEDIUM,Historical report evidence; exclude from default read scope.
docs/reports/task_404_task401_exact_label_generation/task401_label_quality_summary.csv,docs,.csv,322,HISTORICAL_REPORT,KEEP_OR_ARCHIVE_REVIEW,MEDIUM,Historical report evidence; exclude from default read scope.
docs/reports/task_404_task401_exact_label_generation/task_404_decision.csv,docs,.csv,524,HISTORICAL_REPORT,KEEP_OR_ARCHIVE_REVIEW,MEDIUM,Historical report evidence; exclude from default read scope.
docs/reports/task_404_task401_exact_label_generation/task_404_task401_exact_label_generation.md,docs,.md,1411,HISTORICAL_REPORT,KEEP_OR_ARCHIVE_REVIEW,MEDIUM,Historical report evidence; exclude from default read scope.
docs/reports/task_405_refined_archetype_portfolio_rebuild/refined_archetype_assignment_panel.csv.migrated.txt,docs,.txt,424,HISTORICAL_REPORT,KEEP_OR_ARCHIVE_REVIEW,MEDIUM,Historical report evidence; exclude from default read scope.
docs/reports/task_405_refined_archetype_portfolio_rebuild/refined_archetype_leakage_audit.csv,docs,.csv,331,HISTORICAL_REPORT,KEEP_OR_ARCHIVE_REVIEW,MEDIUM,Historical report evidence; exclude from default read scope.
docs/reports/task_405_refined_archetype_portfolio_rebuild/refined_archetype_quality_summary.csv,docs,.csv,18161,HISTORICAL_REPORT,KEEP_OR_ARCHIVE_REVIEW,MEDIUM,Historical report evidence; exclude from default read scope.
docs/reports/task_405_refined_archetype_portfolio_rebuild/refined_archetype_set_concentration_audit.csv,docs,.csv,622,HISTORICAL_REPORT,KEEP_OR_ARCHIVE_REVIEW,MEDIUM,Historical report evidence; exclude from default read scope.
docs/reports/task_405_refined_archetype_portfolio_rebuild/refined_archetype_set_definitions.csv,docs,.csv,15887,HISTORICAL_REPORT,KEEP_OR_ARCHIVE_REVIEW,MEDIUM,Historical report evidence; exclude from default read scope.
docs/reports/task_405_refined_archetype_portfolio_rebuild/refined_archetype_set_false_positive_audit.csv,docs,.csv,2347,HISTORICAL_REPORT,KEEP_OR_ARCHIVE_REVIEW,MEDIUM,Historical report evidence; exclude from default read scope.
docs/reports/task_405_refined_archetype_portfolio_rebuild/refined_archetype_set_oos_stability_audit.csv,docs,.csv,1022,HISTORICAL_REPORT,KEEP_OR_ARCHIVE_REVIEW,MEDIUM,Historical report evidence; exclude from default read scope.
docs/reports/task_405_refined_archetype_portfolio_rebuild/refined_archetype_set_quality.csv,docs,.csv,1593,HISTORICAL_REPORT,KEEP_OR_ARCHIVE_REVIEW,MEDIUM,Historical report evidence; exclude from default read scope.
docs/reports/task_405_refined_archetype_portfolio_rebuild/task_405_decision.csv,docs,.csv,643,HISTORICAL_REPORT,KEEP_OR_ARCHIVE_REVIEW,MEDIUM,Historical report evidence; exclude from default read scope.
docs/reports/task_405_refined_archetype_portfolio_rebuild/task_405_refined_archetype_portfolio_rebuild.md,docs,.md,4906,HISTORICAL_REPORT,KEEP_OR_ARCHIVE_REVIEW,MEDIUM,Historical report evidence; exclude from default read scope.
docs/reports/task_406_deterministic_decision_rebuild/decision_factor_lineage_audit.csv.pointer.md,docs,.md,622,HISTORICAL_REPORT,KEEP_OR_ARCHIVE_REVIEW,MEDIUM,Historical report evidence; exclude from default read scope.
docs/reports/task_406_deterministic_decision_rebuild/decision_source_discipline_audit.csv,docs,.csv,1759,HISTORICAL_REPORT,KEEP_OR_ARCHIVE_REVIEW,MEDIUM,Historical report evidence; exclude from default read scope.
docs/reports/task_406_deterministic_decision_rebuild/enriched_decision_snapshot_log.csv.pointer.md,docs,.md,625,HISTORICAL_REPORT,KEEP_OR_ARCHIVE_REVIEW,MEDIUM,Historical report evidence; exclude from default read scope.
docs/reports/task_406_deterministic_decision_rebuild/enriched_entry_candidate_log.csv.pointer.md,docs,.md,619,HISTORICAL_REPORT,KEEP_OR_ARCHIVE_REVIEW,MEDIUM,Historical report evidence; exclude from default read scope.
docs/reports/task_406_deterministic_decision_rebuild/raw_decision_rebuild_comparison.csv,docs,.csv,246,HISTORICAL_REPORT,KEEP_OR_ARCHIVE_REVIEW,MEDIUM,Historical report evidence; exclude from default read scope.
docs/reports/task_406_deterministic_decision_rebuild/task_406_deterministic_decision_rebuild.md,docs,.md,907,HISTORICAL_REPORT,KEEP_OR_ARCHIVE_REVIEW,MEDIUM,Historical report evidence; exclude from default read scope.
docs/reports/task_406_deterministic_decision_rebuild/task_406b_decision.csv,docs,.csv,482,HISTORICAL_REPORT,KEEP_OR_ARCHIVE_REVIEW,MEDIUM,Historical report evidence; exclude from default read scope.
docs/reports/task_406_professional_multicombination_test/professional_combo_assignment_panel.csv.migrated.txt,docs,.txt,424,HISTORICAL_REPORT,KEEP_OR_ARCHIVE_REVIEW,MEDIUM,Historical report evidence; exclude from default read scope.
docs/reports/task_406_professional_multicombination_test/professional_combo_concentration_audit.csv,docs,.csv,2032,HISTORICAL_REPORT,KEEP_OR_ARCHIVE_REVIEW,MEDIUM,Historical report evidence; exclude from default read scope.
docs/reports/task_406_professional_multicombination_test/professional_combo_false_positive_audit.csv,docs,.csv,10773,HISTORICAL_REPORT,KEEP_OR_ARCHIVE_REVIEW,MEDIUM,Historical report evidence; exclude from default read scope.
docs/reports/task_406_professional_multicombination_test/professional_combo_label_coverage_audit.csv,docs,.csv,1733,HISTORICAL_REPORT,KEEP_OR_ARCHIVE_REVIEW,MEDIUM,Historical report evidence; exclude from default read scope.
docs/reports/task_406_professional_multicombination_test/professional_combo_leakage_audit.csv,docs,.csv,445,HISTORICAL_REPORT,KEEP_OR_ARCHIVE_REVIEW,MEDIUM,Historical report evidence; exclude from default read scope.
docs/reports/task_406_professional_multicombination_test/professional_combo_monthly_quality.csv,docs,.csv,74789,HISTORICAL_REPORT,KEEP_OR_ARCHIVE_REVIEW,MEDIUM,Historical report evidence; exclude from default read scope.
docs/reports/task_406_professional_multicombination_test/professional_combo_quality.csv,docs,.csv,3657,HISTORICAL_REPORT,KEEP_OR_ARCHIVE_REVIEW,MEDIUM,Historical report evidence; exclude from default read scope.
docs/reports/task_406_professional_multicombination_test/professional_combo_rulebook.csv,docs,.csv,6415,HISTORICAL_REPORT,KEEP_OR_ARCHIVE_REVIEW,MEDIUM,Historical report evidence; exclude from default read scope.
docs/reports/task_406_professional_multicombination_test/professional_combo_split_quality.csv,docs,.csv,10507,HISTORICAL_REPORT,KEEP_OR_ARCHIVE_REVIEW,MEDIUM,Historical report evidence; exclude from default read scope.
docs/reports/task_406_professional_multicombination_test/task_406_professional_multicombination_test.md,docs,.md,4800,HISTORICAL_REPORT,KEEP_OR_ARCHIVE_REVIEW,MEDIUM,Historical report evidence; exclude from default read scope.
docs/reports/task_406_professional_multicombination_test/task_406c_decision.csv,docs,.csv,518,HISTORICAL_REPORT,KEEP_OR_ARCHIVE_REVIEW,MEDIUM,Historical report evidence; exclude from default read scope.
docs/reports/task_406_raw_factor_source_audit/raw_bar_provenance_panel.csv.migrated.txt,docs,.txt,380,HISTORICAL_REPORT,KEEP_OR_ARCHIVE_REVIEW,MEDIUM,Historical report evidence; exclude from default read scope.
docs/reports/task_406_raw_factor_source_audit/raw_collection_gap_audit.csv,docs,.csv,905,HISTORICAL_REPORT,KEEP_OR_ARCHIVE_REVIEW,MEDIUM,Historical report evidence; exclude from default read scope.
docs/reports/task_406_raw_factor_source_audit/raw_factor_source_audit.csv,docs,.csv,1612,HISTORICAL_REPORT,KEEP_OR_ARCHIVE_REVIEW,MEDIUM,Historical report evidence; exclude from default read scope.
docs/reports/task_406_raw_factor_source_audit/raw_session_eligibility_audit.csv,docs,.csv,3947,HISTORICAL_REPORT,KEEP_OR_ARCHIVE_REVIEW,MEDIUM,Historical report evidence; exclude from default read scope.
docs/reports/task_406_raw_factor_source_audit/task_406_raw_factor_source_audit.md,docs,.md,812,HISTORICAL_REPORT,KEEP_OR_ARCHIVE_REVIEW,MEDIUM,Historical report evidence; exclude from default read scope.
docs/reports/task_406_raw_factor_source_audit/task_406a_decision.csv,docs,.csv,384,HISTORICAL_REPORT,KEEP_OR_ARCHIVE_REVIEW,MEDIUM,Historical report evidence; exclude from default read scope.
docs/reports/task_407_raw_native_vectorized_rebuild/entry_reduce_failure_decomposition.csv,docs,.csv,2152,HISTORICAL_REPORT,KEEP_OR_ARCHIVE_REVIEW,MEDIUM,Historical report evidence; exclude from default read scope.
docs/reports/task_407_raw_native_vectorized_rebuild/raw_native_combo_quality.csv,docs,.csv,77669,HISTORICAL_REPORT,KEEP_OR_ARCHIVE_REVIEW,MEDIUM,Historical report evidence; exclude from default read scope.
docs/reports/task_407_raw_native_vectorized_rebuild/raw_native_decision_snapshot_log.csv.pointer.md,docs,.md,629,HISTORICAL_REPORT,KEEP_OR_ARCHIVE_REVIEW,MEDIUM,Historical report evidence; exclude from default read scope.
docs/reports/task_407_raw_native_vectorized_rebuild/raw_native_entry_candidate_log.csv.migrated.txt,docs,.txt,404,HISTORICAL_REPORT,KEEP_OR_ARCHIVE_REVIEW,MEDIUM,Historical report evidence; exclude from default read scope.
docs/reports/task_407_raw_native_vectorized_rebuild/raw_native_label_quality_summary.csv,docs,.csv,320,HISTORICAL_REPORT,KEEP_OR_ARCHIVE_REVIEW,MEDIUM,Historical report evidence; exclude from default read scope.
docs/reports/task_407_raw_native_vectorized_rebuild/raw_native_lifecycle_event_log.csv.migrated.txt,docs,.txt,404,HISTORICAL_REPORT,KEEP_OR_ARCHIVE_REVIEW,MEDIUM,Historical report evidence; exclude from default read scope.
docs/reports/task_407_raw_native_vectorized_rebuild/raw_native_lifecycle_labels.csv.migrated.txt,docs,.txt,398,HISTORICAL_REPORT,KEEP_OR_ARCHIVE_REVIEW,MEDIUM,Historical report evidence; exclude from default read scope.
docs/reports/task_407_raw_native_vectorized_rebuild/task_407_decision.csv,docs,.csv,580,HISTORICAL_REPORT,KEEP_OR_ARCHIVE_REVIEW,MEDIUM,Historical report evidence; exclude from default read scope.
docs/reports/task_407_raw_native_vectorized_rebuild/task_407_raw_native_vectorized_rebuild.md,docs,.md,3572,HISTORICAL_REPORT,KEEP_OR_ARCHIVE_REVIEW,MEDIUM,Historical report evidence; exclude from default read scope.
docs/reports/task_410/task_410_always_in_leveraged.json,docs,.json,663,HISTORICAL_REPORT,KEEP_OR_ARCHIVE_REVIEW,MEDIUM,Historical report evidence; exclude from default read scope.
docs/reports/task_410/task_410_always_in_leveraged.md,docs,.md,619,HISTORICAL_REPORT,KEEP_OR_ARCHIVE_REVIEW,MEDIUM,Historical report evidence; exclude from default read scope.
docs/reports/task_480_symbol_structure_continuation_diagnostics/entry_reduce_vs_add_scale_explanation.csv,docs,.csv,1868,HISTORICAL_REPORT,KEEP_OR_ARCHIVE_REVIEW,MEDIUM,Historical report evidence; exclude from default read scope.
docs/reports/task_480_symbol_structure_continuation_diagnostics/good_bad_configuration_audit.csv,docs,.csv,42435,HISTORICAL_REPORT,KEEP_OR_ARCHIVE_REVIEW,MEDIUM,Historical report evidence; exclude from default read scope.
docs/reports/task_480_symbol_structure_continuation_diagnostics/label_definition_stability_audit.csv,docs,.csv,794,HISTORICAL_REPORT,KEEP_OR_ARCHIVE_REVIEW,MEDIUM,Historical report evidence; exclude from default read scope.
docs/reports/task_480_symbol_structure_continuation_diagnostics/label_sensitivity_audit.csv,docs,.csv,653,HISTORICAL_REPORT,KEEP_OR_ARCHIVE_REVIEW,MEDIUM,Historical report evidence; exclude from default read scope.
docs/reports/task_480_symbol_structure_continuation_diagnostics/missing_microstructure_factor_audit.csv,docs,.csv,569,HISTORICAL_REPORT,KEEP_OR_ARCHIVE_REVIEW,MEDIUM,Historical report evidence; exclude from default read scope.
docs/reports/task_480_symbol_structure_continuation_diagnostics/symbol_structure_backtest_summary.csv,docs,.csv,607,HISTORICAL_REPORT,KEEP_OR_ARCHIVE_REVIEW,MEDIUM,Historical report evidence; exclude from default read scope.
docs/reports/task_480_symbol_structure_continuation_diagnostics/symbol_structure_factor_dictionary.csv,docs,.csv,1520,HISTORICAL_REPORT,KEEP_OR_ARCHIVE_REVIEW,MEDIUM,Historical report evidence; exclude from default read scope.
docs/reports/task_480_symbol_structure_continuation_diagnostics/symbol_structure_factor_group_quality.csv,docs,.csv,6185,HISTORICAL_REPORT,KEEP_OR_ARCHIVE_REVIEW,MEDIUM,Historical report evidence; exclude from default read scope.
docs/reports/task_480_symbol_structure_continuation_diagnostics/symbol_structure_interaction_quality.csv,docs,.csv,139178,HISTORICAL_REPORT,KEEP_OR_ARCHIVE_REVIEW,MEDIUM,Historical report evidence; exclude from default read scope.
docs/reports/task_480_symbol_structure_continuation_diagnostics/symbol_structure_label_panel.csv.migrated.txt,docs,.txt,424,HISTORICAL_REPORT,KEEP_OR_ARCHIVE_REVIEW,MEDIUM,Historical report evidence; exclude from default read scope.
docs/reports/task_480_symbol_structure_continuation_diagnostics/symbol_structure_leakage_audit.csv,docs,.csv,384,HISTORICAL_REPORT,KEEP_OR_ARCHIVE_REVIEW,MEDIUM,Historical report evidence; exclude from default read scope.
docs/reports/task_480_symbol_structure_continuation_diagnostics/symbol_structure_snapshot_log.csv.pointer.md,docs,.md,643,HISTORICAL_REPORT,KEEP_OR_ARCHIVE_REVIEW,MEDIUM,Historical report evidence; exclude from default read scope.
docs/reports/task_480_symbol_structure_continuation_diagnostics/task_480_decision.csv,docs,.csv,951,HISTORICAL_REPORT,KEEP_OR_ARCHIVE_REVIEW,MEDIUM,Historical report evidence; exclude from default read scope.
docs/reports/task_480_symbol_structure_continuation_diagnostics/task_480_symbol_structure_continuation_diagnostics.md,docs,.md,19110,HISTORICAL_REPORT,KEEP_OR_ARCHIVE_REVIEW,MEDIUM,Historical report evidence; exclude from default read scope.
docs/reports/task_481_symbol_structure_robustness_and_failure_decomposition/add_only_relabel_sensitivity_audit.csv,docs,.csv,361,HISTORICAL_REPORT,KEEP_OR_ARCHIVE_REVIEW,MEDIUM,Historical report evidence; exclude from default read scope.
docs/reports/task_481_symbol_structure_robustness_and_failure_decomposition/add_only_weak_decomposition.csv,docs,.csv,262,HISTORICAL_REPORT,KEEP_OR_ARCHIVE_REVIEW,MEDIUM,Historical report evidence; exclude from default read scope.
docs/reports/task_481_symbol_structure_robustness_and_failure_decomposition/add_only_weak_structure_quality.csv,docs,.csv,3207,HISTORICAL_REPORT,KEEP_OR_ARCHIVE_REVIEW,MEDIUM,Historical report evidence; exclude from default read scope.
docs/reports/task_481_symbol_structure_robustness_and_failure_decomposition/entry_reduce_failure_avoidable_vs_unavoidable.csv,docs,.csv,215,HISTORICAL_REPORT,KEEP_OR_ARCHIVE_REVIEW,MEDIUM,Historical report evidence; exclude from default read scope.
docs/reports/task_481_symbol_structure_robustness_and_failure_decomposition/entry_reduce_failure_high_risk_structure.csv,docs,.csv,2970,HISTORICAL_REPORT,KEEP_OR_ARCHIVE_REVIEW,MEDIUM,Historical report evidence; exclude from default read scope.
docs/reports/task_481_symbol_structure_robustness_and_failure_decomposition/entry_reduce_failure_root_cause_audit.csv,docs,.csv,5535,HISTORICAL_REPORT,KEEP_OR_ARCHIVE_REVIEW,MEDIUM,Historical report evidence; exclude from default read scope.
docs/reports/task_481_symbol_structure_robustness_and_failure_decomposition/good_vs_bad_overextension_examples.csv,docs,.csv,16642,HISTORICAL_REPORT,KEEP_OR_ARCHIVE_REVIEW,MEDIUM,Historical report evidence; exclude from default read scope.
docs/reports/task_481_symbol_structure_robustness_and_failure_decomposition/overextension_quality_audit.csv,docs,.csv,28635,HISTORICAL_REPORT,KEEP_OR_ARCHIVE_REVIEW,MEDIUM,Historical report evidence; exclude from default read scope.
docs/reports/task_481_symbol_structure_robustness_and_failure_decomposition/policy_candidate_backtest_diagnostic.csv,docs,.csv,814,HISTORICAL_REPORT,KEEP_OR_ARCHIVE_REVIEW,MEDIUM,Historical report evidence; exclude from default read scope.
docs/reports/task_481_symbol_structure_robustness_and_failure_decomposition/symbol_structure_policy_candidate_rulebook.csv,docs,.csv,641,HISTORICAL_REPORT,KEEP_OR_ARCHIVE_REVIEW,MEDIUM,Historical report evidence; exclude from default read scope.
docs/reports/task_481_symbol_structure_robustness_and_failure_decomposition/task_481_decision.csv,docs,.csv,809,HISTORICAL_REPORT,KEEP_OR_ARCHIVE_REVIEW,MEDIUM,Historical report evidence; exclude from default read scope.
docs/reports/task_481_symbol_structure_robustness_and_failure_decomposition/task_481_leakage_audit.csv,docs,.csv,371,HISTORICAL_REPORT,KEEP_OR_ARCHIVE_REVIEW,MEDIUM,Historical report evidence; exclude from default read scope.
docs/reports/task_481_symbol_structure_robustness_and_failure_decomposition/task_481_symbol_structure_robustness_and_failure_decomposition.md,docs,.md,2804,HISTORICAL_REPORT,KEEP_OR_ARCHIVE_REVIEW,MEDIUM,Historical report evidence; exclude from default read scope.
docs/reports/task_481_symbol_structure_robustness_and_failure_decomposition/top_config_monthly_stability.csv,docs,.csv,67146,HISTORICAL_REPORT,KEEP_OR_ARCHIVE_REVIEW,MEDIUM,Historical report evidence; exclude from default read scope.
docs/reports/task_481_symbol_structure_robustness_and_failure_decomposition/top_config_split_quality.csv,docs,.csv,11111,HISTORICAL_REPORT,KEEP_OR_ARCHIVE_REVIEW,MEDIUM,Historical report evidence; exclude from default read scope.
docs/reports/task_481_symbol_structure_robustness_and_failure_decomposition/top_config_symbol_concentration.csv,docs,.csv,227640,HISTORICAL_REPORT,KEEP_OR_ARCHIVE_REVIEW,MEDIUM,Historical report evidence; exclude from default read scope.
docs/reports/task_481_symbol_structure_robustness_and_failure_decomposition/top_config_theme_concentration.csv,docs,.csv,47498,HISTORICAL_REPORT,KEEP_OR_ARCHIVE_REVIEW,MEDIUM,Historical report evidence; exclude from default read scope.
docs/reports/task_481_symbol_structure_robustness_and_failure_decomposition/top_config_underpowered_audit.csv,docs,.csv,4571,HISTORICAL_REPORT,KEEP_OR_ARCHIVE_REVIEW,MEDIUM,Historical report evidence; exclude from default read scope.
docs/reports/task_481_symbol_structure_robustness_and_failure_decomposition/volume_climax_continuation_audit.csv,docs,.csv,12776,HISTORICAL_REPORT,KEEP_OR_ARCHIVE_REVIEW,MEDIUM,Historical report evidence; exclude from default read scope.
docs/reports/task_482_continuous_market_theme_regime_engine/daily_market_regime_component_scores.csv,docs,.csv,267495,HISTORICAL_REPORT,KEEP_OR_ARCHIVE_REVIEW,MEDIUM,Historical report evidence; exclude from default read scope.
docs/reports/task_482_continuous_market_theme_regime_engine/daily_market_regime_state_panel.csv,docs,.csv,303867,HISTORICAL_REPORT,KEEP_OR_ARCHIVE_REVIEW,MEDIUM,Historical report evidence; exclude from default read scope.
docs/reports/task_482_continuous_market_theme_regime_engine/daily_regime_source_ohlcv_panel.csv.migrated.txt,docs,.txt,422,HISTORICAL_REPORT,KEEP_OR_ARCHIVE_REVIEW,MEDIUM,Historical report evidence; exclude from default read scope.
docs/reports/task_482_continuous_market_theme_regime_engine/daily_theme_regime_component_scores.csv,docs,.csv,2817678,HISTORICAL_REPORT,KEEP_OR_ARCHIVE_REVIEW,MEDIUM,Historical report evidence; exclude from default read scope.
docs/reports/task_482_continuous_market_theme_regime_engine/daily_theme_regime_state_panel.csv,docs,.csv,3158586,HISTORICAL_REPORT,KEEP_OR_ARCHIVE_REVIEW,MEDIUM,Historical report evidence; exclude from default read scope.
docs/reports/task_482_continuous_market_theme_regime_engine/market_regime_quarterly_quality.csv,docs,.csv,8829,HISTORICAL_REPORT,KEEP_OR_ARCHIVE_REVIEW,MEDIUM,Historical report evidence; exclude from default read scope.
docs/reports/task_482_continuous_market_theme_regime_engine/market_regime_quarterly_quality_primary_theme.csv,docs,.csv,8911,HISTORICAL_REPORT,KEEP_OR_ARCHIVE_REVIEW,MEDIUM,Historical report evidence; exclude from default read scope.
docs/reports/task_482_continuous_market_theme_regime_engine/market_theme_regime_oos_quality.csv,docs,.csv,21827,HISTORICAL_REPORT,KEEP_OR_ARCHIVE_REVIEW,MEDIUM,Historical report evidence; exclude from default read scope.
docs/reports/task_482_continuous_market_theme_regime_engine/regime_intraday_continuation_join_audit.csv,docs,.csv,259,HISTORICAL_REPORT,KEEP_OR_ARCHIVE_REVIEW,MEDIUM,Historical report evidence; exclude from default read scope.
docs/reports/task_482_continuous_market_theme_regime_engine/regime_quarterly_quality.csv,docs,.csv,45594,HISTORICAL_REPORT,KEEP_OR_ARCHIVE_REVIEW,MEDIUM,Historical report evidence; exclude from default read scope.
docs/reports/task_482_continuous_market_theme_regime_engine/regime_quarterly_quality_primary_theme.csv,docs,.csv,45109,HISTORICAL_REPORT,KEEP_OR_ARCHIVE_REVIEW,MEDIUM,Historical report evidence; exclude from default read scope.
docs/reports/task_482_continuous_market_theme_regime_engine/regime_symbol_quality.csv,docs,.csv,568523,HISTORICAL_REPORT,KEEP_OR_ARCHIVE_REVIEW,MEDIUM,Historical report evidence; exclude from default read scope.
docs/reports/task_482_continuous_market_theme_regime_engine/regime_symbol_quality_primary_theme.csv,docs,.csv,563741,HISTORICAL_REPORT,KEEP_OR_ARCHIVE_REVIEW,MEDIUM,Historical report evidence; exclude from default read scope.
docs/reports/task_482_continuous_market_theme_regime_engine/regime_theme_quarterly_quality.csv,docs,.csv,193559,HISTORICAL_REPORT,KEEP_OR_ARCHIVE_REVIEW,MEDIUM,Historical report evidence; exclude from default read scope.
docs/reports/task_482_continuous_market_theme_regime_engine/regime_theme_quarterly_quality_primary_theme.csv,docs,.csv,193185,HISTORICAL_REPORT,KEEP_OR_ARCHIVE_REVIEW,MEDIUM,Historical report evidence; exclude from default read scope.
docs/reports/task_482_continuous_market_theme_regime_engine/regime_transition_audit.csv,docs,.csv,53468,HISTORICAL_REPORT,KEEP_OR_ARCHIVE_REVIEW,MEDIUM,Historical report evidence; exclude from default read scope.
docs/reports/task_482_continuous_market_theme_regime_engine/regime_weight_sensitivity_audit.csv,docs,.csv,428,HISTORICAL_REPORT,KEEP_OR_ARCHIVE_REVIEW,MEDIUM,Historical report evidence; exclude from default read scope.
docs/reports/task_482_continuous_market_theme_regime_engine/regime_whipsaw_dwell_audit.csv,docs,.csv,52275,HISTORICAL_REPORT,KEEP_OR_ARCHIVE_REVIEW,MEDIUM,Historical report evidence; exclude from default read scope.
docs/reports/task_482_continuous_market_theme_regime_engine/task_482_continuous_market_theme_regime_engine.md,docs,.md,7254,HISTORICAL_REPORT,KEEP_OR_ARCHIVE_REVIEW,MEDIUM,Historical report evidence; exclude from default read scope.
docs/reports/task_482_continuous_market_theme_regime_engine/task_482_decision.csv,docs,.csv,632,HISTORICAL_REPORT,KEEP_OR_ARCHIVE_REVIEW,MEDIUM,Historical report evidence; exclude from default read scope.
docs/reports/task_482_continuous_market_theme_regime_engine/theme_regime_quality.csv,docs,.csv,11263,HISTORICAL_REPORT,KEEP_OR_ARCHIVE_REVIEW,MEDIUM,Historical report evidence; exclude from default read scope.
docs/reports/task_482_continuous_market_theme_regime_engine/theme_regime_quality_primary_theme.csv,docs,.csv,11187,HISTORICAL_REPORT,KEEP_OR_ARCHIVE_REVIEW,MEDIUM,Historical report evidence; exclude from default read scope.
docs/reports/task_483_firm_grade_market_theme_regime_upgrade/_task482_v1_reference/daily_market_regime_component_scores.csv,docs,.csv,9389,HISTORICAL_REPORT,KEEP_OR_ARCHIVE_REVIEW,MEDIUM,Historical report evidence; exclude from default read scope.
docs/reports/task_483_firm_grade_market_theme_regime_upgrade/_task482_v1_reference/daily_market_regime_state_panel.csv,docs,.csv,11303,HISTORICAL_REPORT,KEEP_OR_ARCHIVE_REVIEW,MEDIUM,Historical report evidence; exclude from default read scope.
docs/reports/task_483_firm_grade_market_theme_regime_upgrade/_task482_v1_reference/daily_regime_source_ohlcv_panel.csv,docs,.csv,61938,HISTORICAL_REPORT,KEEP_OR_ARCHIVE_REVIEW,MEDIUM,Historical report evidence; exclude from default read scope.
docs/reports/task_483_firm_grade_market_theme_regime_upgrade/_task482_v1_reference/daily_theme_regime_component_scores.csv,docs,.csv,18516,HISTORICAL_REPORT,KEEP_OR_ARCHIVE_REVIEW,MEDIUM,Historical report evidence; exclude from default read scope.
docs/reports/task_483_firm_grade_market_theme_regime_upgrade/_task482_v1_reference/daily_theme_regime_state_panel.csv,docs,.csv,22050,HISTORICAL_REPORT,KEEP_OR_ARCHIVE_REVIEW,MEDIUM,Historical report evidence; exclude from default read scope.
docs/reports/task_483_firm_grade_market_theme_regime_upgrade/_task482_v1_reference/market_theme_regime_oos_quality.csv,docs,.csv,5,HISTORICAL_REPORT,KEEP_OR_ARCHIVE_REVIEW,MEDIUM,Historical report evidence; exclude from default read scope.
docs/reports/task_483_firm_grade_market_theme_regime_upgrade/_task482_v1_reference/regime_intraday_continuation_join_audit.csv,docs,.csv,236,HISTORICAL_REPORT,KEEP_OR_ARCHIVE_REVIEW,MEDIUM,Historical report evidence; exclude from default read scope.
docs/reports/task_483_firm_grade_market_theme_regime_upgrade/_task482_v1_reference/regime_transition_audit.csv,docs,.csv,503,HISTORICAL_REPORT,KEEP_OR_ARCHIVE_REVIEW,MEDIUM,Historical report evidence; exclude from default read scope.
docs/reports/task_483_firm_grade_market_theme_regime_upgrade/_task482_v1_reference/regime_weight_sensitivity_audit.csv,docs,.csv,428,HISTORICAL_REPORT,KEEP_OR_ARCHIVE_REVIEW,MEDIUM,Historical report evidence; exclude from default read scope.
docs/reports/task_483_firm_grade_market_theme_regime_upgrade/_task482_v1_reference/regime_whipsaw_dwell_audit.csv,docs,.csv,567,HISTORICAL_REPORT,KEEP_OR_ARCHIVE_REVIEW,MEDIUM,Historical report evidence; exclude from default read scope.
docs/reports/task_483_firm_grade_market_theme_regime_upgrade/_task482_v1_reference/task_482_continuous_market_theme_regime_engine.md,docs,.md,1538,HISTORICAL_REPORT,KEEP_OR_ARCHIVE_REVIEW,MEDIUM,Historical report evidence; exclude from default read scope.
docs/reports/task_483_firm_grade_market_theme_regime_upgrade/_task482_v1_reference/task_482_decision.csv,docs,.csv,580,HISTORICAL_REPORT,KEEP_OR_ARCHIVE_REVIEW,MEDIUM,Historical report evidence; exclude from default read scope.
docs/reports/task_483_firm_grade_market_theme_regime_upgrade/daily_regime_source_ohlcv_panel.csv.migrated.txt,docs,.txt,424,HISTORICAL_REPORT,KEEP_OR_ARCHIVE_REVIEW,MEDIUM,Historical report evidence; exclude from default read scope.
docs/reports/task_483_firm_grade_market_theme_regime_upgrade/firm_market_regime_state_panel.csv,docs,.csv,328750,HISTORICAL_REPORT,KEEP_OR_ARCHIVE_REVIEW,MEDIUM,Historical report evidence; exclude from default read scope.
docs/reports/task_483_firm_grade_market_theme_regime_upgrade/firm_regime_quality.csv,docs,.csv,20785,HISTORICAL_REPORT,KEEP_OR_ARCHIVE_REVIEW,MEDIUM,Historical report evidence; exclude from default read scope.
docs/reports/task_483_firm_grade_market_theme_regime_upgrade/firm_regime_quarterly_quality.csv,docs,.csv,6623,HISTORICAL_REPORT,KEEP_OR_ARCHIVE_REVIEW,MEDIUM,Historical report evidence; exclude from default read scope.
docs/reports/task_483_firm_grade_market_theme_regime_upgrade/firm_regime_transition_audit.csv,docs,.csv,39088,HISTORICAL_REPORT,KEEP_OR_ARCHIVE_REVIEW,MEDIUM,Historical report evidence; exclude from default read scope.
docs/reports/task_483_firm_grade_market_theme_regime_upgrade/firm_regime_upgrade_decision.csv,docs,.csv,717,HISTORICAL_REPORT,KEEP_OR_ARCHIVE_REVIEW,MEDIUM,Historical report evidence; exclude from default read scope.
docs/reports/task_483_firm_grade_market_theme_regime_upgrade/firm_regime_v1_comparison.csv,docs,.csv,185,HISTORICAL_REPORT,KEEP_OR_ARCHIVE_REVIEW,MEDIUM,Historical report evidence; exclude from default read scope.
docs/reports/task_483_firm_grade_market_theme_regime_upgrade/firm_regime_whipsaw_dwell_audit.csv,docs,.csv,37676,HISTORICAL_REPORT,KEEP_OR_ARCHIVE_REVIEW,MEDIUM,Historical report evidence; exclude from default read scope.
docs/reports/task_483_firm_grade_market_theme_regime_upgrade/firm_symbol_regime_quality.csv,docs,.csv,476580,HISTORICAL_REPORT,KEEP_OR_ARCHIVE_REVIEW,MEDIUM,Historical report evidence; exclude from default read scope.
docs/reports/task_483_firm_grade_market_theme_regime_upgrade/firm_theme_quarterly_quality.csv,docs,.csv,138710,HISTORICAL_REPORT,KEEP_OR_ARCHIVE_REVIEW,MEDIUM,Historical report evidence; exclude from default read scope.
docs/reports/task_483_firm_grade_market_theme_regime_upgrade/firm_theme_regime_state_panel.csv,docs,.csv,3769102,HISTORICAL_REPORT,KEEP_OR_ARCHIVE_REVIEW,MEDIUM,Historical report evidence; exclude from default read scope.
docs/reports/task_483_firm_grade_market_theme_regime_upgrade/task_483_firm_grade_market_theme_regime_upgrade.md,docs,.md,14609,HISTORICAL_REPORT,KEEP_OR_ARCHIVE_REVIEW,MEDIUM,Historical report evidence; exclude from default read scope.
docs/reports/task_484_continuation_payoff_regime_engine/benchmark_source_audit.csv,docs,.csv,1076,HISTORICAL_REPORT,KEEP_OR_ARCHIVE_REVIEW,MEDIUM,Historical report evidence; exclude from default read scope.
docs/reports/task_484_continuation_payoff_regime_engine/daily_regime_source_ohlcv_panel.csv.migrated.txt,docs,.txt,414,HISTORICAL_REPORT,KEEP_OR_ARCHIVE_REVIEW,MEDIUM,Historical report evidence; exclude from default read scope.
docs/reports/task_484_continuation_payoff_regime_engine/payoff_market_regime_state_panel.csv,docs,.csv,448650,HISTORICAL_REPORT,KEEP_OR_ARCHIVE_REVIEW,MEDIUM,Historical report evidence; exclude from default read scope.
docs/reports/task_484_continuation_payoff_regime_engine/payoff_regime_failure_audit.csv,docs,.csv,15202,HISTORICAL_REPORT,KEEP_OR_ARCHIVE_REVIEW,MEDIUM,Historical report evidence; exclude from default read scope.
docs/reports/task_484_continuation_payoff_regime_engine/payoff_regime_leakage_audit.csv,docs,.csv,319,HISTORICAL_REPORT,KEEP_OR_ARCHIVE_REVIEW,MEDIUM,Historical report evidence; exclude from default read scope.
docs/reports/task_484_continuation_payoff_regime_engine/payoff_regime_lifecycle_panel.csv.migrated.txt,docs,.txt,410,HISTORICAL_REPORT,KEEP_OR_ARCHIVE_REVIEW,MEDIUM,Historical report evidence; exclude from default read scope.
docs/reports/task_484_continuation_payoff_regime_engine/payoff_regime_quality.csv,docs,.csv,26188,HISTORICAL_REPORT,KEEP_OR_ARCHIVE_REVIEW,MEDIUM,Historical report evidence; exclude from default read scope.
docs/reports/task_484_continuation_payoff_regime_engine/payoff_regime_quarterly_quality.csv,docs,.csv,6464,HISTORICAL_REPORT,KEEP_OR_ARCHIVE_REVIEW,MEDIUM,Historical report evidence; exclude from default read scope.
docs/reports/task_484_continuation_payoff_regime_engine/payoff_theme_quarterly_quality.csv,docs,.csv,128893,HISTORICAL_REPORT,KEEP_OR_ARCHIVE_REVIEW,MEDIUM,Historical report evidence; exclude from default read scope.
docs/reports/task_484_continuation_payoff_regime_engine/payoff_theme_regime_state_panel.csv,docs,.csv,4187206,HISTORICAL_REPORT,KEEP_OR_ARCHIVE_REVIEW,MEDIUM,Historical report evidence; exclude from default read scope.
docs/reports/task_484_continuation_payoff_regime_engine/task_484_continuation_payoff_regime_engine.md,docs,.md,15197,HISTORICAL_REPORT,KEEP_OR_ARCHIVE_REVIEW,MEDIUM,Historical report evidence; exclude from default read scope.
docs/reports/task_484_continuation_payoff_regime_engine/task_484_decision.csv,docs,.csv,697,HISTORICAL_REPORT,KEEP_OR_ARCHIVE_REVIEW,MEDIUM,Historical report evidence; exclude from default read scope.
docs/reports/task_485_benchmark_etf_intraday_collection/alpaca_intraday_export_audit.csv,docs,.csv,1090,HISTORICAL_REPORT,KEEP_OR_ARCHIVE_REVIEW,MEDIUM,Historical report evidence; exclude from default read scope.
docs/reports/task_485_benchmark_etf_intraday_collection/benchmark_collection_source_discipline_audit.csv,docs,.csv,1636,HISTORICAL_REPORT,KEEP_OR_ARCHIVE_REVIEW,MEDIUM,Historical report evidence; exclude from default read scope.
docs/reports/task_485_benchmark_etf_intraday_collection/task_389_alpaca_intraday_ohlcv_export.md,docs,.md,1442,HISTORICAL_REPORT,KEEP_OR_ARCHIVE_REVIEW,MEDIUM,Historical report evidence; exclude from default read scope.
docs/reports/task_485_benchmark_etf_intraday_collection/task_389_decision.csv,docs,.csv,268,HISTORICAL_REPORT,KEEP_OR_ARCHIVE_REVIEW,MEDIUM,Historical report evidence; exclude from default read scope.
docs/reports/task_486_regime_v1_v2_v3_firm_grade_comparison/recent_oos_combo_quality_comparison.csv,docs,.csv,7999,HISTORICAL_REPORT,KEEP_OR_ARCHIVE_REVIEW,MEDIUM,Historical report evidence; exclude from default read scope.
docs/reports/task_486_regime_v1_v2_v3_firm_grade_comparison/regime_state_quality_comparison.csv,docs,.csv,22651,HISTORICAL_REPORT,KEEP_OR_ARCHIVE_REVIEW,MEDIUM,Historical report evidence; exclude from default read scope.
docs/reports/task_486_regime_v1_v2_v3_firm_grade_comparison/regime_version_summary.csv,docs,.csv,572,HISTORICAL_REPORT,KEEP_OR_ARCHIVE_REVIEW,MEDIUM,Historical report evidence; exclude from default read scope.
docs/reports/task_486_regime_v1_v2_v3_firm_grade_comparison/task_486_regime_v1_v2_v3_firm_grade_comparison.md,docs,.md,10111,HISTORICAL_REPORT,KEEP_OR_ARCHIVE_REVIEW,MEDIUM,Historical report evidence; exclude from default read scope.
docs/reports/task_486_regime_v1_v2_v3_firm_grade_comparison/top_combo_by_version.csv,docs,.csv,3995,HISTORICAL_REPORT,KEEP_OR_ARCHIVE_REVIEW,MEDIUM,Historical report evidence; exclude from default read scope.
docs/reports/task_486_regime_v1_v2_v3_firm_grade_comparison/worst_combo_by_version.csv,docs,.csv,4049,HISTORICAL_REPORT,KEEP_OR_ARCHIVE_REVIEW,MEDIUM,Historical report evidence; exclude from default read scope.
docs/reports/task_487_regime_phase_target_validation/refined_market_phase_panel.csv,docs,.csv,460176,HISTORICAL_REPORT,KEEP_OR_ARCHIVE_REVIEW,MEDIUM,Historical report evidence; exclude from default read scope.
docs/reports/task_487_regime_phase_target_validation/refined_theme_phase_panel.csv,docs,.csv,4307944,HISTORICAL_REPORT,KEEP_OR_ARCHIVE_REVIEW,MEDIUM,Historical report evidence; exclude from default read scope.
docs/reports/task_487_regime_phase_target_validation/regime_phase_combo_quality.csv,docs,.csv,8758,HISTORICAL_REPORT,KEEP_OR_ARCHIVE_REVIEW,MEDIUM,Historical report evidence; exclude from default read scope.
docs/reports/task_487_regime_phase_target_validation/regime_phase_failure_audit.csv,docs,.csv,1895,HISTORICAL_REPORT,KEEP_OR_ARCHIVE_REVIEW,MEDIUM,Historical report evidence; exclude from default read scope.
docs/reports/task_487_regime_phase_target_validation/regime_phase_leakage_audit.csv,docs,.csv,260,HISTORICAL_REPORT,KEEP_OR_ARCHIVE_REVIEW,MEDIUM,Historical report evidence; exclude from default read scope.
docs/reports/task_487_regime_phase_target_validation/regime_phase_lifecycle_panel.csv.pointer.md,docs,.md,619,HISTORICAL_REPORT,KEEP_OR_ARCHIVE_REVIEW,MEDIUM,Historical report evidence; exclude from default read scope.
docs/reports/task_487_regime_phase_target_validation/regime_phase_portfolio_quality.csv,docs,.csv,1038,HISTORICAL_REPORT,KEEP_OR_ARCHIVE_REVIEW,MEDIUM,Historical report evidence; exclude from default read scope.
docs/reports/task_487_regime_phase_target_validation/regime_phase_portfolio_rulebook.csv,docs,.csv,1035,HISTORICAL_REPORT,KEEP_OR_ARCHIVE_REVIEW,MEDIUM,Historical report evidence; exclude from default read scope.
docs/reports/task_487_regime_phase_target_validation/regime_phase_split_quality.csv,docs,.csv,2794,HISTORICAL_REPORT,KEEP_OR_ARCHIVE_REVIEW,MEDIUM,Historical report evidence; exclude from default read scope.
docs/reports/task_487_regime_phase_target_validation/task_487_decision.csv,docs,.csv,603,HISTORICAL_REPORT,KEEP_OR_ARCHIVE_REVIEW,MEDIUM,Historical report evidence; exclude from default read scope.
docs/reports/task_487_regime_phase_target_validation/task_487_regime_only_phase_target_validation.md,docs,.md,8840,HISTORICAL_REPORT,KEEP_OR_ARCHIVE_REVIEW,MEDIUM,Historical report evidence; exclude from default read scope.
docs/reports/task_488_regime_only_target_recovery/regime_only_candidate_search.csv,docs,.csv,7515959,HISTORICAL_REPORT,KEEP_OR_ARCHIVE_REVIEW,MEDIUM,Historical report evidence; exclude from default read scope.
docs/reports/task_488_regime_only_target_recovery/target_recovered_candidate_summary.csv,docs,.csv,1117,HISTORICAL_REPORT,KEEP_OR_ARCHIVE_REVIEW,MEDIUM,Historical report evidence; exclude from default read scope.
docs/reports/task_488_regime_only_target_recovery/target_recovered_leakage_audit.csv,docs,.csv,243,HISTORICAL_REPORT,KEEP_OR_ARCHIVE_REVIEW,MEDIUM,Historical report evidence; exclude from default read scope.
docs/reports/task_488_regime_only_target_recovery/target_recovered_quarterly_quality.csv,docs,.csv,820,HISTORICAL_REPORT,KEEP_OR_ARCHIVE_REVIEW,MEDIUM,Historical report evidence; exclude from default read scope.
docs/reports/task_488_regime_only_target_recovery/target_recovered_split_quality.csv,docs,.csv,449,HISTORICAL_REPORT,KEEP_OR_ARCHIVE_REVIEW,MEDIUM,Historical report evidence; exclude from default read scope.
docs/reports/task_488_regime_only_target_recovery/target_recovered_theme_quality.csv,docs,.csv,1228,HISTORICAL_REPORT,KEEP_OR_ARCHIVE_REVIEW,MEDIUM,Historical report evidence; exclude from default read scope.
docs/reports/task_488_regime_only_target_recovery/task_488_decision.csv,docs,.csv,807,HISTORICAL_REPORT,KEEP_OR_ARCHIVE_REVIEW,MEDIUM,Historical report evidence; exclude from default read scope.
docs/reports/task_488_regime_only_target_recovery/task_488_regime_only_target_recovery.md,docs,.md,4777,HISTORICAL_REPORT,KEEP_OR_ARCHIVE_REVIEW,MEDIUM,Historical report evidence; exclude from default read scope.
docs/reports/task_489_broad_market_daily_collection/alpaca_intraday_export_audit.csv,docs,.csv,51383,HISTORICAL_REPORT,KEEP_OR_ARCHIVE_REVIEW,MEDIUM,Historical report evidence; exclude from default read scope.
docs/reports/task_489_broad_market_daily_collection/task_389_alpaca_intraday_ohlcv_export.md,docs,.md,52237,HISTORICAL_REPORT,KEEP_OR_ARCHIVE_REVIEW,MEDIUM,Historical report evidence; exclude from default read scope.
docs/reports/task_489_broad_market_daily_collection/task_389_decision.csv,docs,.csv,281,HISTORICAL_REPORT,KEEP_OR_ARCHIVE_REVIEW,MEDIUM,Historical report evidence; exclude from default read scope.
docs/reports/task_489_broad_market_data_collection/alpaca_active_snapshot_liquidity_rank.csv,docs,.csv,346225,HISTORICAL_REPORT,KEEP_OR_ARCHIVE_REVIEW,MEDIUM,Historical report evidence; exclude from default read scope.
docs/reports/task_489_broad_market_data_collection/broad_market_state_cache.csv,docs,.csv,446562,HISTORICAL_REPORT,KEEP_OR_ARCHIVE_REVIEW,MEDIUM,Historical report evidence; exclude from default read scope.
docs/reports/task_489_broad_market_data_collection/top500_liquid_symbols_for_daily_breadth.csv,docs,.csv,2662,HISTORICAL_REPORT,KEEP_OR_ARCHIVE_REVIEW,MEDIUM,Historical report evidence; exclude from default read scope.
docs/reports/task_489_broad_regime_cell_portfolio/broad_market_source_audit.csv,docs,.csv,208,HISTORICAL_REPORT,KEEP_OR_ARCHIVE_REVIEW,MEDIUM,Historical report evidence; exclude from default read scope.
docs/reports/task_489_broad_regime_cell_portfolio/broad_market_state_panel.csv,docs,.csv,432666,HISTORICAL_REPORT,KEEP_OR_ARCHIVE_REVIEW,MEDIUM,Historical report evidence; exclude from default read scope.
docs/reports/task_489_broad_regime_cell_portfolio/regime_cell_candidate_pool.csv,docs,.csv,1574840,HISTORICAL_REPORT,KEEP_OR_ARCHIVE_REVIEW,MEDIUM,Historical report evidence; exclude from default read scope.
docs/reports/task_489_broad_regime_cell_portfolio/regime_cell_leakage_audit.csv,docs,.csv,357,HISTORICAL_REPORT,KEEP_OR_ARCHIVE_REVIEW,MEDIUM,Historical report evidence; exclude from default read scope.
docs/reports/task_489_broad_regime_cell_portfolio/selected_regime_cell_portfolio.csv,docs,.csv,2990,HISTORICAL_REPORT,KEEP_OR_ARCHIVE_REVIEW,MEDIUM,Historical report evidence; exclude from default read scope.
docs/reports/task_489_broad_regime_cell_portfolio/selected_regime_cell_portfolio_quality.csv,docs,.csv,214,HISTORICAL_REPORT,KEEP_OR_ARCHIVE_REVIEW,MEDIUM,Historical report evidence; exclude from default read scope.
docs/reports/task_489_broad_regime_cell_portfolio/selected_regime_cell_quarterly_quality.csv,docs,.csv,1172,HISTORICAL_REPORT,KEEP_OR_ARCHIVE_REVIEW,MEDIUM,Historical report evidence; exclude from default read scope.
docs/reports/task_489_broad_regime_cell_portfolio/selected_regime_cell_split_quality.csv,docs,.csv,452,HISTORICAL_REPORT,KEEP_OR_ARCHIVE_REVIEW,MEDIUM,Historical report evidence; exclude from default read scope.
docs/reports/task_489_broad_regime_cell_portfolio/selected_regime_cell_theme_quality.csv,docs,.csv,1293,HISTORICAL_REPORT,KEEP_OR_ARCHIVE_REVIEW,MEDIUM,Historical report evidence; exclude from default read scope.
docs/reports/task_489_broad_regime_cell_portfolio/task_489_broad_regime_cell_portfolio.md,docs,.md,4602,HISTORICAL_REPORT,KEEP_OR_ARCHIVE_REVIEW,MEDIUM,Historical report evidence; exclude from default read scope.
docs/reports/task_489_broad_regime_cell_portfolio/task_489_decision.csv,docs,.csv,525,HISTORICAL_REPORT,KEEP_OR_ARCHIVE_REVIEW,MEDIUM,Historical report evidence; exclude from default read scope.
docs/reports/task_490r_firm_grade_intraday_continuation_validation/firm_grade_intraday_archetype_rulebook.csv,docs,.csv,30954,HISTORICAL_REPORT,KEEP_OR_ARCHIVE_REVIEW,MEDIUM,Historical report evidence; exclude from default read scope.
docs/reports/task_490r_firm_grade_intraday_continuation_validation/firm_grade_intraday_assignment_panel.csv,docs,.csv,296790,HISTORICAL_REPORT,KEEP_OR_ARCHIVE_REVIEW,MEDIUM,Historical report evidence; exclude from default read scope.
docs/reports/task_490r_firm_grade_intraday_continuation_validation/firm_grade_intraday_cost_stress_quality.csv,docs,.csv,435,HISTORICAL_REPORT,KEEP_OR_ARCHIVE_REVIEW,MEDIUM,Historical report evidence; exclude from default read scope.
docs/reports/task_490r_firm_grade_intraday_continuation_validation/firm_grade_intraday_failure_decomposition.csv,docs,.csv,617,HISTORICAL_REPORT,KEEP_OR_ARCHIVE_REVIEW,MEDIUM,Historical report evidence; exclude from default read scope.
docs/reports/task_490r_firm_grade_intraday_continuation_validation/firm_grade_intraday_leakage_audit.csv,docs,.csv,477,HISTORICAL_REPORT,KEEP_OR_ARCHIVE_REVIEW,MEDIUM,Historical report evidence; exclude from default read scope.
docs/reports/task_490r_firm_grade_intraday_continuation_validation/firm_grade_intraday_portfolio_quality.csv,docs,.csv,214,HISTORICAL_REPORT,KEEP_OR_ARCHIVE_REVIEW,MEDIUM,Historical report evidence; exclude from default read scope.
docs/reports/task_490r_firm_grade_intraday_continuation_validation/firm_grade_intraday_split_quality.csv,docs,.csv,368,HISTORICAL_REPORT,KEEP_OR_ARCHIVE_REVIEW,MEDIUM,Historical report evidence; exclude from default read scope.
docs/reports/task_490r_firm_grade_intraday_continuation_validation/task489_regime_gated_lifecycle_panel.csv,docs,.csv,2862966,HISTORICAL_REPORT,KEEP_OR_ARCHIVE_REVIEW,MEDIUM,Historical report evidence; exclude from default read scope.
docs/reports/task_490r_firm_grade_intraday_continuation_validation/task_490r_firm_grade_intraday_continuation_validation.md,docs,.md,33531,HISTORICAL_REPORT,KEEP_OR_ARCHIVE_REVIEW,MEDIUM,Historical report evidence; exclude from default read scope.
docs/reports/task_490r_firm_grade_intraday_continuation_validation/task_decision.csv,docs,.csv,827,HISTORICAL_REPORT,KEEP_OR_ARCHIVE_REVIEW,MEDIUM,Historical report evidence; exclude from default read scope.
docs/reports/task_491_intraday_continuation_grid_development/grid_development_decision.csv,docs,.csv,737,HISTORICAL_REPORT,KEEP_OR_ARCHIVE_REVIEW,MEDIUM,Historical report evidence; exclude from default read scope.
docs/reports/task_491_intraday_continuation_grid_development/grid_leakage_audit.csv,docs,.csv,477,HISTORICAL_REPORT,KEEP_OR_ARCHIVE_REVIEW,MEDIUM,Historical report evidence; exclude from default read scope.
docs/reports/task_491_intraday_continuation_grid_development/grid_portfolio_candidate_pool.csv,docs,.csv,3210612,HISTORICAL_REPORT,KEEP_OR_ARCHIVE_REVIEW,MEDIUM,Historical report evidence; exclude from default read scope.
docs/reports/task_491_intraday_continuation_grid_development/selected_grid_archetype_rulebook.csv,docs,.csv,99129,HISTORICAL_REPORT,KEEP_OR_ARCHIVE_REVIEW,MEDIUM,Historical report evidence; exclude from default read scope.
docs/reports/task_491_intraday_continuation_grid_development/selected_grid_assignment_panel.csv,docs,.csv,848628,HISTORICAL_REPORT,KEEP_OR_ARCHIVE_REVIEW,MEDIUM,Historical report evidence; exclude from default read scope.
docs/reports/task_491_intraday_continuation_grid_development/selected_grid_cost_stress_quality.csv,docs,.csv,319,HISTORICAL_REPORT,KEEP_OR_ARCHIVE_REVIEW,MEDIUM,Historical report evidence; exclude from default read scope.
docs/reports/task_491_intraday_continuation_grid_development/selected_grid_failure_decomposition.csv,docs,.csv,700,HISTORICAL_REPORT,KEEP_OR_ARCHIVE_REVIEW,MEDIUM,Historical report evidence; exclude from default read scope.
docs/reports/task_491_intraday_continuation_grid_development/selected_grid_portfolio_quality.csv,docs,.csv,162,HISTORICAL_REPORT,KEEP_OR_ARCHIVE_REVIEW,MEDIUM,Historical report evidence; exclude from default read scope.
docs/reports/task_491_intraday_continuation_grid_development/selected_grid_split_quality.csv,docs,.csv,457,HISTORICAL_REPORT,KEEP_OR_ARCHIVE_REVIEW,MEDIUM,Historical report evidence; exclude from default read scope.
docs/reports/task_491_intraday_continuation_grid_development/task_491_intraday_continuation_grid_development.md,docs,.md,5656,HISTORICAL_REPORT,KEEP_OR_ARCHIVE_REVIEW,MEDIUM,Historical report evidence; exclude from default read scope.
docs/reports/task_492_microstructure_source_collection/microstructure_collection_gap_audit.csv,docs,.csv,182,HISTORICAL_REPORT,KEEP_OR_ARCHIVE_REVIEW,MEDIUM,Historical report evidence; exclude from default read scope.
docs/reports/task_492_microstructure_source_collection/microstructure_entry_feature_panel.csv,docs,.csv,304604,HISTORICAL_REPORT,KEEP_OR_ARCHIVE_REVIEW,MEDIUM,Historical report evidence; exclude from default read scope.
docs/reports/task_492_microstructure_source_collection/microstructure_source_availability_audit.csv,docs,.csv,462,HISTORICAL_REPORT,KEEP_OR_ARCHIVE_REVIEW,MEDIUM,Historical report evidence; exclude from default read scope.
docs/reports/task_492_microstructure_source_collection/raw_quote_entry_window_panel.csv,docs,.csv,32668095,LARGE_REPORT_ARTIFACT,ARCHIVE_REVIEW,HIGH,Large report artifact; requires dependency-aware migration.
docs/reports/task_492_microstructure_source_collection/task_492_decision.csv,docs,.csv,467,HISTORICAL_REPORT,KEEP_OR_ARCHIVE_REVIEW,MEDIUM,Historical report evidence; exclude from default read scope.
docs/reports/task_492_microstructure_source_collection/task_492_microstructure_source_collection.md,docs,.md,1217,HISTORICAL_REPORT,KEEP_OR_ARCHIVE_REVIEW,MEDIUM,Historical report evidence; exclude from default read scope.
docs/reports/task_493_microstructure_enhanced_continuation_grid/microstructure_enriched_lifecycle_panel.csv,docs,.csv,2944889,HISTORICAL_REPORT,KEEP_OR_ARCHIVE_REVIEW,MEDIUM,Historical report evidence; exclude from default read scope.
docs/reports/task_493_microstructure_enhanced_continuation_grid/microstructure_grid_candidate_pool.csv,docs,.csv,1418175,HISTORICAL_REPORT,KEEP_OR_ARCHIVE_REVIEW,MEDIUM,Historical report evidence; exclude from default read scope.
docs/reports/task_493_microstructure_enhanced_continuation_grid/microstructure_grid_leakage_audit.csv,docs,.csv,664,HISTORICAL_REPORT,KEEP_OR_ARCHIVE_REVIEW,MEDIUM,Historical report evidence; exclude from default read scope.
docs/reports/task_493_microstructure_enhanced_continuation_grid/selected_microstructure_assignment_panel.csv,docs,.csv,349323,HISTORICAL_REPORT,KEEP_OR_ARCHIVE_REVIEW,MEDIUM,Historical report evidence; exclude from default read scope.
docs/reports/task_493_microstructure_enhanced_continuation_grid/selected_microstructure_cost_stress_quality.csv,docs,.csv,304,HISTORICAL_REPORT,KEEP_OR_ARCHIVE_REVIEW,MEDIUM,Historical report evidence; exclude from default read scope.
docs/reports/task_493_microstructure_enhanced_continuation_grid/selected_microstructure_failure_decomposition.csv,docs,.csv,560,HISTORICAL_REPORT,KEEP_OR_ARCHIVE_REVIEW,MEDIUM,Historical report evidence; exclude from default read scope.
docs/reports/task_493_microstructure_enhanced_continuation_grid/selected_microstructure_portfolio_quality.csv,docs,.csv,156,HISTORICAL_REPORT,KEEP_OR_ARCHIVE_REVIEW,MEDIUM,Historical report evidence; exclude from default read scope.
docs/reports/task_493_microstructure_enhanced_continuation_grid/selected_microstructure_rulebook.csv,docs,.csv,38738,HISTORICAL_REPORT,KEEP_OR_ARCHIVE_REVIEW,MEDIUM,Historical report evidence; exclude from default read scope.
docs/reports/task_493_microstructure_enhanced_continuation_grid/selected_microstructure_split_quality.csv,docs,.csv,309,HISTORICAL_REPORT,KEEP_OR_ARCHIVE_REVIEW,MEDIUM,Historical report evidence; exclude from default read scope.
docs/reports/task_493_microstructure_enhanced_continuation_grid/task_493_decision.csv,docs,.csv,743,HISTORICAL_REPORT,KEEP_OR_ARCHIVE_REVIEW,MEDIUM,Historical report evidence; exclude from default read scope.
docs/reports/task_493_microstructure_enhanced_continuation_grid/task_493_microstructure_enhanced_continuation_grid.md,docs,.md,2016,HISTORICAL_REPORT,KEEP_OR_ARCHIVE_REVIEW,MEDIUM,Historical report evidence; exclude from default read scope.
docs/reports/task_494_microstructure_goal_synthesis/task491_vs_task493_goal_comparison.csv,docs,.csv,454,HISTORICAL_REPORT,KEEP_OR_ARCHIVE_REVIEW,MEDIUM,Historical report evidence; exclude from default read scope.
docs/reports/task_494_microstructure_goal_synthesis/task494_microstructure_goal_synthesis.md,docs,.md,2662,HISTORICAL_REPORT,KEEP_OR_ARCHIVE_REVIEW,MEDIUM,Historical report evidence; exclude from default read scope.
docs/reports/task_495_microstructure_live_source_readiness/alpaca_stream_archive_contract.csv,docs,.csv,391,HISTORICAL_REPORT,KEEP_OR_ARCHIVE_REVIEW,MEDIUM,Historical report evidence; exclude from default read scope.
docs/reports/task_495_microstructure_live_source_readiness/microstructure_live_source_contract.csv,docs,.csv,981,HISTORICAL_REPORT,KEEP_OR_ARCHIVE_REVIEW,MEDIUM,Historical report evidence; exclude from default read scope.
docs/reports/task_495_microstructure_live_source_readiness/task_495_decision.csv,docs,.csv,483,HISTORICAL_REPORT,KEEP_OR_ARCHIVE_REVIEW,MEDIUM,Historical report evidence; exclude from default read scope.
docs/reports/task_495_microstructure_live_source_readiness/task_495_microstructure_live_source_readiness.md,docs,.md,2302,HISTORICAL_REPORT,KEEP_OR_ARCHIVE_REVIEW,MEDIUM,Historical report evidence; exclude from default read scope.
docs/reports/task_496_multi_day_regime_v4/multi_day_regime_v4_panel.csv,docs,.csv,3161438,HISTORICAL_REPORT,KEEP_OR_ARCHIVE_REVIEW,MEDIUM,Historical report evidence; exclude from default read scope.
docs/reports/task_496_multi_day_regime_v4/regime_v4_split_quality.csv,docs,.csv,1715,HISTORICAL_REPORT,KEEP_OR_ARCHIVE_REVIEW,MEDIUM,Historical report evidence; exclude from default read scope.
docs/reports/task_496_multi_day_regime_v4/regime_v4_transition_audit.csv,docs,.csv,138,HISTORICAL_REPORT,KEEP_OR_ARCHIVE_REVIEW,MEDIUM,Historical report evidence; exclude from default read scope.
docs/reports/task_496_multi_day_regime_v4/task_496_decision.csv,docs,.csv,241,HISTORICAL_REPORT,KEEP_OR_ARCHIVE_REVIEW,MEDIUM,Historical report evidence; exclude from default read scope.
docs/reports/task_496_multi_day_regime_v4/task_496_multi_day_regime_v4.md,docs,.md,1022,HISTORICAL_REPORT,KEEP_OR_ARCHIVE_REVIEW,MEDIUM,Historical report evidence; exclude from default read scope.
docs/reports/task_496_multi_day_regime_v4/theme_regime_v4_panel.csv,docs,.csv,5244,HISTORICAL_REPORT,KEEP_OR_ARCHIVE_REVIEW,MEDIUM,Historical report evidence; exclude from default read scope.
docs/reports/task_497_intraday_continuation_structure/intraday_continuation_state_panel.csv,docs,.csv,3446615,HISTORICAL_REPORT,KEEP_OR_ARCHIVE_REVIEW,MEDIUM,Historical report evidence; exclude from default read scope.
docs/reports/task_497_intraday_continuation_structure/intraday_state_leakage_audit.csv,docs,.csv,241,HISTORICAL_REPORT,KEEP_OR_ARCHIVE_REVIEW,MEDIUM,Historical report evidence; exclude from default read scope.
docs/reports/task_497_intraday_continuation_structure/intraday_state_quality.csv,docs,.csv,1246,HISTORICAL_REPORT,KEEP_OR_ARCHIVE_REVIEW,MEDIUM,Historical report evidence; exclude from default read scope.
docs/reports/task_497_intraday_continuation_structure/intraday_state_split_quality.csv,docs,.csv,1066,HISTORICAL_REPORT,KEEP_OR_ARCHIVE_REVIEW,MEDIUM,Historical report evidence; exclude from default read scope.
docs/reports/task_497_intraday_continuation_structure/task_497_decision.csv,docs,.csv,192,HISTORICAL_REPORT,KEEP_OR_ARCHIVE_REVIEW,MEDIUM,Historical report evidence; exclude from default read scope.
docs/reports/task_497_intraday_continuation_structure/task_497_intraday_continuation_structure.md,docs,.md,982,HISTORICAL_REPORT,KEEP_OR_ARCHIVE_REVIEW,MEDIUM,Historical report evidence; exclude from default read scope.
docs/reports/task_498_entry_reduce_failure_decomposition/entry_reduce_failure_by_regime_theme_state.csv,docs,.csv,1298,HISTORICAL_REPORT,KEEP_OR_ARCHIVE_REVIEW,MEDIUM,Historical report evidence; exclude from default read scope.
docs/reports/task_498_entry_reduce_failure_decomposition/entry_reduce_failure_decomposition.csv,docs,.csv,491,HISTORICAL_REPORT,KEEP_OR_ARCHIVE_REVIEW,MEDIUM,Historical report evidence; exclude from default read scope.
docs/reports/task_498_entry_reduce_failure_decomposition/good_vs_bad_continuation_contrast.csv,docs,.csv,384,HISTORICAL_REPORT,KEEP_OR_ARCHIVE_REVIEW,MEDIUM,Historical report evidence; exclude from default read scope.
docs/reports/task_498_entry_reduce_failure_decomposition/task_498_decision.csv,docs,.csv,214,HISTORICAL_REPORT,KEEP_OR_ARCHIVE_REVIEW,MEDIUM,Historical report evidence; exclude from default read scope.
docs/reports/task_498_entry_reduce_failure_decomposition/task_498_entry_reduce_failure_decomposition.md,docs,.md,1042,HISTORICAL_REPORT,KEEP_OR_ARCHIVE_REVIEW,MEDIUM,Historical report evidence; exclude from default read scope.
docs/reports/task_499_regime_intraday_continuation_grid/regime_intraday_continuation_grid_candidate_pool.csv,docs,.csv,789,HISTORICAL_REPORT,KEEP_OR_ARCHIVE_REVIEW,MEDIUM,Historical report evidence; exclude from default read scope.
docs/reports/task_499_regime_intraday_continuation_grid/selected_goal_portfolio_assignment_panel.csv,docs,.csv,1336371,HISTORICAL_REPORT,KEEP_OR_ARCHIVE_REVIEW,MEDIUM,Historical report evidence; exclude from default read scope.
docs/reports/task_499_regime_intraday_continuation_grid/selected_goal_portfolio_failure_decomposition.csv,docs,.csv,872,HISTORICAL_REPORT,KEEP_OR_ARCHIVE_REVIEW,MEDIUM,Historical report evidence; exclude from default read scope.
docs/reports/task_499_regime_intraday_continuation_grid/selected_goal_portfolio_holding_period_quality.csv,docs,.csv,152,HISTORICAL_REPORT,KEEP_OR_ARCHIVE_REVIEW,MEDIUM,Historical report evidence; exclude from default read scope.
docs/reports/task_499_regime_intraday_continuation_grid/selected_goal_portfolio_quality.csv,docs,.csv,294,HISTORICAL_REPORT,KEEP_OR_ARCHIVE_REVIEW,MEDIUM,Historical report evidence; exclude from default read scope.
docs/reports/task_499_regime_intraday_continuation_grid/selected_goal_portfolio_quarterly_quality.csv,docs,.csv,1412,HISTORICAL_REPORT,KEEP_OR_ARCHIVE_REVIEW,MEDIUM,Historical report evidence; exclude from default read scope.
docs/reports/task_499_regime_intraday_continuation_grid/selected_goal_portfolio_split_quality.csv,docs,.csv,615,HISTORICAL_REPORT,KEEP_OR_ARCHIVE_REVIEW,MEDIUM,Historical report evidence; exclude from default read scope.
docs/reports/task_499_regime_intraday_continuation_grid/task_499_decision.csv,docs,.csv,427,HISTORICAL_REPORT,KEEP_OR_ARCHIVE_REVIEW,MEDIUM,Historical report evidence; exclude from default read scope.
docs/reports/task_499_regime_intraday_continuation_grid/task_499_regime_intraday_continuation_grid.md,docs,.md,1256,HISTORICAL_REPORT,KEEP_OR_ARCHIVE_REVIEW,MEDIUM,Historical report evidence; exclude from default read scope.
docs/reports/task_500/task_500_regime_switch_v1.json,docs,.json,587188,HISTORICAL_REPORT,KEEP_OR_ARCHIVE_REVIEW,MEDIUM,Historical report evidence; exclude from default read scope.
docs/reports/task_500/task_500_regime_switch_v1.md,docs,.md,783,HISTORICAL_REPORT,KEEP_OR_ARCHIVE_REVIEW,MEDIUM,Historical report evidence; exclude from default read scope.
docs/reports/task_500_goal_loop_synthesis/goal_loop_next_iteration_plan.csv,docs,.csv,318,HISTORICAL_REPORT,KEEP_OR_ARCHIVE_REVIEW,MEDIUM,Historical report evidence; exclude from default read scope.
docs/reports/task_500_goal_loop_synthesis/task_500_decision.csv,docs,.csv,251,HISTORICAL_REPORT,KEEP_OR_ARCHIVE_REVIEW,MEDIUM,Historical report evidence; exclude from default read scope.
docs/reports/task_500_goal_loop_synthesis/task_500_goal_loop_synthesis.md,docs,.md,1020,HISTORICAL_REPORT,KEEP_OR_ARCHIVE_REVIEW,MEDIUM,Historical report evidence; exclude from default read scope.
docs/reports/task_501_multiday_continuation_policy_rebuild/multiday_policy_candidate_pool.csv,docs,.csv,11697,HISTORICAL_REPORT,KEEP_OR_ARCHIVE_REVIEW,MEDIUM,Historical report evidence; exclude from default read scope.
docs/reports/task_501_multiday_continuation_policy_rebuild/multiday_source_coverage_audit.csv,docs,.csv,8844,HISTORICAL_REPORT,KEEP_OR_ARCHIVE_REVIEW,MEDIUM,Historical report evidence; exclude from default read scope.
docs/reports/task_501_multiday_continuation_policy_rebuild/selected_multiday_failure_decomposition.csv,docs,.csv,1583,HISTORICAL_REPORT,KEEP_OR_ARCHIVE_REVIEW,MEDIUM,Historical report evidence; exclude from default read scope.
docs/reports/task_501_multiday_continuation_policy_rebuild/selected_multiday_holding_quality.csv,docs,.csv,134,HISTORICAL_REPORT,KEEP_OR_ARCHIVE_REVIEW,MEDIUM,Historical report evidence; exclude from default read scope.
docs/reports/task_501_multiday_continuation_policy_rebuild/selected_multiday_lifecycle_panel.csv,docs,.csv,2362826,HISTORICAL_REPORT,KEEP_OR_ARCHIVE_REVIEW,MEDIUM,Historical report evidence; exclude from default read scope.
docs/reports/task_501_multiday_continuation_policy_rebuild/selected_multiday_quality.csv,docs,.csv,278,HISTORICAL_REPORT,KEEP_OR_ARCHIVE_REVIEW,MEDIUM,Historical report evidence; exclude from default read scope.
docs/reports/task_501_multiday_continuation_policy_rebuild/selected_multiday_quarterly_quality.csv,docs,.csv,1381,HISTORICAL_REPORT,KEEP_OR_ARCHIVE_REVIEW,MEDIUM,Historical report evidence; exclude from default read scope.
docs/reports/task_501_multiday_continuation_policy_rebuild/selected_multiday_split_quality.csv,docs,.csv,523,HISTORICAL_REPORT,KEEP_OR_ARCHIVE_REVIEW,MEDIUM,Historical report evidence; exclude from default read scope.
docs/reports/task_501_multiday_continuation_policy_rebuild/task_501_decision.csv,docs,.csv,420,HISTORICAL_REPORT,KEEP_OR_ARCHIVE_REVIEW,MEDIUM,Historical report evidence; exclude from default read scope.
docs/reports/task_501_multiday_continuation_policy_rebuild/task_501_multiday_continuation_policy_rebuild.md,docs,.md,956,HISTORICAL_REPORT,KEEP_OR_ARCHIVE_REVIEW,MEDIUM,Historical report evidence; exclude from default read scope.
docs/reports/task_502_goal_feasibility_audit/cell_feasibility_frontier.csv,docs,.csv,9644,HISTORICAL_REPORT,KEEP_OR_ARCHIVE_REVIEW,MEDIUM,Historical report evidence; exclude from default read scope.
docs/reports/task_502_goal_feasibility_audit/policy_feasibility_frontier.csv,docs,.csv,854,HISTORICAL_REPORT,KEEP_OR_ARCHIVE_REVIEW,MEDIUM,Historical report evidence; exclude from default read scope.
docs/reports/task_502_goal_feasibility_audit/task_502_decision.csv,docs,.csv,400,HISTORICAL_REPORT,KEEP_OR_ARCHIVE_REVIEW,MEDIUM,Historical report evidence; exclude from default read scope.
docs/reports/task_502_goal_feasibility_audit/task_502_goal_feasibility_audit.md,docs,.md,841,HISTORICAL_REPORT,KEEP_OR_ARCHIVE_REVIEW,MEDIUM,Historical report evidence; exclude from default read scope.
docs/reports/task_503_multiday_entry_population_rebuild/entry_population_state_quality.csv,docs,.csv,367,HISTORICAL_REPORT,KEEP_OR_ARCHIVE_REVIEW,MEDIUM,Historical report evidence; exclude from default read scope.
docs/reports/task_503_multiday_entry_population_rebuild/entry_source_coverage_audit.csv,docs,.csv,4040,HISTORICAL_REPORT,KEEP_OR_ARCHIVE_REVIEW,MEDIUM,Historical report evidence; exclude from default read scope.
docs/reports/task_503_multiday_entry_population_rebuild/multiday_entry_candidate_panel.csv,docs,.csv,4218164,HISTORICAL_REPORT,KEEP_OR_ARCHIVE_REVIEW,MEDIUM,Historical report evidence; exclude from default read scope.
docs/reports/task_503_multiday_entry_population_rebuild/multiday_policy_candidate_pool.csv,docs,.csv,9754,HISTORICAL_REPORT,KEEP_OR_ARCHIVE_REVIEW,MEDIUM,Historical report evidence; exclude from default read scope.
docs/reports/task_503_multiday_entry_population_rebuild/selected_multiday_failure_decomposition.csv,docs,.csv,1457,HISTORICAL_REPORT,KEEP_OR_ARCHIVE_REVIEW,MEDIUM,Historical report evidence; exclude from default read scope.
docs/reports/task_503_multiday_entry_population_rebuild/selected_multiday_holding_quality.csv,docs,.csv,124,HISTORICAL_REPORT,KEEP_OR_ARCHIVE_REVIEW,MEDIUM,Historical report evidence; exclude from default read scope.
docs/reports/task_503_multiday_entry_population_rebuild/selected_multiday_lifecycle_panel.csv,docs,.csv,5495495,HISTORICAL_REPORT,KEEP_OR_ARCHIVE_REVIEW,MEDIUM,Historical report evidence; exclude from default read scope.
docs/reports/task_503_multiday_entry_population_rebuild/selected_multiday_quality.csv,docs,.csv,265,HISTORICAL_REPORT,KEEP_OR_ARCHIVE_REVIEW,MEDIUM,Historical report evidence; exclude from default read scope.
docs/reports/task_503_multiday_entry_population_rebuild/selected_multiday_split_quality.csv,docs,.csv,569,HISTORICAL_REPORT,KEEP_OR_ARCHIVE_REVIEW,MEDIUM,Historical report evidence; exclude from default read scope.
docs/reports/task_503_multiday_entry_population_rebuild/task_503_decision.csv,docs,.csv,470,HISTORICAL_REPORT,KEEP_OR_ARCHIVE_REVIEW,MEDIUM,Historical report evidence; exclude from default read scope.
docs/reports/task_503_multiday_entry_population_rebuild/task_503_multiday_entry_population_rebuild.md,docs,.md,900,HISTORICAL_REPORT,KEEP_OR_ARCHIVE_REVIEW,MEDIUM,Historical report evidence; exclude from default read scope.
docs/reports/task_504_multiday_entry_cell_portfolio/multiday_entry_cell_candidate_pool.csv,docs,.csv,16198,HISTORICAL_REPORT,KEEP_OR_ARCHIVE_REVIEW,MEDIUM,Historical report evidence; exclude from default read scope.
docs/reports/task_504_multiday_entry_cell_portfolio/selected_multiday_entry_cell_holding_quality.csv,docs,.csv,118,HISTORICAL_REPORT,KEEP_OR_ARCHIVE_REVIEW,MEDIUM,Historical report evidence; exclude from default read scope.
docs/reports/task_504_multiday_entry_cell_portfolio/selected_multiday_entry_cell_panel.csv,docs,.csv,375948,HISTORICAL_REPORT,KEEP_OR_ARCHIVE_REVIEW,MEDIUM,Historical report evidence; exclude from default read scope.
docs/reports/task_504_multiday_entry_cell_portfolio/selected_multiday_entry_cell_quality.csv,docs,.csv,275,HISTORICAL_REPORT,KEEP_OR_ARCHIVE_REVIEW,MEDIUM,Historical report evidence; exclude from default read scope.
docs/reports/task_504_multiday_entry_cell_portfolio/selected_multiday_entry_cell_quarterly_quality.csv,docs,.csv,1300,HISTORICAL_REPORT,KEEP_OR_ARCHIVE_REVIEW,MEDIUM,Historical report evidence; exclude from default read scope.
docs/reports/task_504_multiday_entry_cell_portfolio/selected_multiday_entry_cell_rulebook.csv,docs,.csv,1836,HISTORICAL_REPORT,KEEP_OR_ARCHIVE_REVIEW,MEDIUM,Historical report evidence; exclude from default read scope.
docs/reports/task_504_multiday_entry_cell_portfolio/selected_multiday_entry_cell_split_quality.csv,docs,.csv,569,HISTORICAL_REPORT,KEEP_OR_ARCHIVE_REVIEW,MEDIUM,Historical report evidence; exclude from default read scope.
docs/reports/task_504_multiday_entry_cell_portfolio/selected_multiday_entry_cell_theme_quality.csv,docs,.csv,681,HISTORICAL_REPORT,KEEP_OR_ARCHIVE_REVIEW,MEDIUM,Historical report evidence; exclude from default read scope.
docs/reports/task_504_multiday_entry_cell_portfolio/task_504_decision.csv,docs,.csv,424,HISTORICAL_REPORT,KEEP_OR_ARCHIVE_REVIEW,MEDIUM,Historical report evidence; exclude from default read scope.
docs/reports/task_504_multiday_entry_cell_portfolio/task_504_multiday_entry_cell_portfolio.md,docs,.md,788,HISTORICAL_REPORT,KEEP_OR_ARCHIVE_REVIEW,MEDIUM,Historical report evidence; exclude from default read scope.
docs/reports/task_505_two_year_pnl_grid/selected_two_year_pnl_concentration_audit.csv,docs,.csv,130,HISTORICAL_REPORT,KEEP_OR_ARCHIVE_REVIEW,MEDIUM,Historical report evidence; exclude from default read scope.
docs/reports/task_505_two_year_pnl_grid/selected_two_year_pnl_equity_curve.csv,docs,.csv,19200,HISTORICAL_REPORT,KEEP_OR_ARCHIVE_REVIEW,MEDIUM,Historical report evidence; exclude from default read scope.
docs/reports/task_505_two_year_pnl_grid/selected_two_year_pnl_quarterly_quality.csv,docs,.csv,1003,HISTORICAL_REPORT,KEEP_OR_ARCHIVE_REVIEW,MEDIUM,Historical report evidence; exclude from default read scope.
docs/reports/task_505_two_year_pnl_grid/selected_two_year_pnl_strategy_panel.csv,docs,.csv,112802,HISTORICAL_REPORT,KEEP_OR_ARCHIVE_REVIEW,MEDIUM,Historical report evidence; exclude from default read scope.
docs/reports/task_505_two_year_pnl_grid/selected_two_year_pnl_strategy_quality.csv,docs,.csv,404,HISTORICAL_REPORT,KEEP_OR_ARCHIVE_REVIEW,MEDIUM,Historical report evidence; exclude from default read scope.
docs/reports/task_505_two_year_pnl_grid/selected_two_year_pnl_strategy_rulebook.csv,docs,.csv,1974,HISTORICAL_REPORT,KEEP_OR_ARCHIVE_REVIEW,MEDIUM,Historical report evidence; exclude from default read scope.
docs/reports/task_505_two_year_pnl_grid/selected_two_year_pnl_theme_quality.csv,docs,.csv,642,HISTORICAL_REPORT,KEEP_OR_ARCHIVE_REVIEW,MEDIUM,Historical report evidence; exclude from default read scope.
docs/reports/task_505_two_year_pnl_grid/task_505_decision.csv,docs,.csv,590,HISTORICAL_REPORT,KEEP_OR_ARCHIVE_REVIEW,MEDIUM,Historical report evidence; exclude from default read scope.
docs/reports/task_505_two_year_pnl_grid/task_505_two_year_pnl_grid.md,docs,.md,1182,HISTORICAL_REPORT,KEEP_OR_ARCHIVE_REVIEW,MEDIUM,Historical report evidence; exclude from default read scope.
docs/reports/task_505_two_year_pnl_grid/two_year_pnl_grid_candidate_pool.csv,docs,.csv,360968,HISTORICAL_REPORT,KEEP_OR_ARCHIVE_REVIEW,MEDIUM,Historical report evidence; exclude from default read scope.
docs/reports/task_506_analyst_team_source_audit/analyst_layer_contract.csv,docs,.csv,514,HISTORICAL_REPORT,KEEP_OR_ARCHIVE_REVIEW,MEDIUM,Historical report evidence; exclude from default read scope.
docs/reports/task_506_analyst_team_source_audit/analyst_team_source_audit.csv,docs,.csv,700,HISTORICAL_REPORT,KEEP_OR_ARCHIVE_REVIEW,MEDIUM,Historical report evidence; exclude from default read scope.
docs/reports/task_506_analyst_team_source_audit/task_506_analyst_team_source_audit.md,docs,.md,614,HISTORICAL_REPORT,KEEP_OR_ARCHIVE_REVIEW,MEDIUM,Historical report evidence; exclude from default read scope.
docs/reports/task_506_analyst_team_source_audit/task_506_decision.csv,docs,.csv,205,HISTORICAL_REPORT,KEEP_OR_ARCHIVE_REVIEW,MEDIUM,Historical report evidence; exclude from default read scope.
docs/reports/task_507_analyst_harmonized_trading_logic/analyst_harmonized_assignment_panel.csv,docs,.csv,119404,HISTORICAL_REPORT,KEEP_OR_ARCHIVE_REVIEW,MEDIUM,Historical report evidence; exclude from default read scope.
docs/reports/task_507_analyst_harmonized_trading_logic/analyst_harmonized_source_blocker_audit.csv,docs,.csv,613,HISTORICAL_REPORT,KEEP_OR_ARCHIVE_REVIEW,MEDIUM,Historical report evidence; exclude from default read scope.
docs/reports/task_507_analyst_harmonized_trading_logic/analyst_harmonized_split_quality.csv,docs,.csv,541,HISTORICAL_REPORT,KEEP_OR_ARCHIVE_REVIEW,MEDIUM,Historical report evidence; exclude from default read scope.
docs/reports/task_507_analyst_harmonized_trading_logic/analyst_harmonized_strategy_quality.csv,docs,.csv,336,HISTORICAL_REPORT,KEEP_OR_ARCHIVE_REVIEW,MEDIUM,Historical report evidence; exclude from default read scope.
docs/reports/task_507_analyst_harmonized_trading_logic/task_507_analyst_harmonized_trading_logic.md,docs,.md,631,HISTORICAL_REPORT,KEEP_OR_ARCHIVE_REVIEW,MEDIUM,Historical report evidence; exclude from default read scope.
docs/reports/task_507_analyst_harmonized_trading_logic/task_507_decision.csv,docs,.csv,428,HISTORICAL_REPORT,KEEP_OR_ARCHIVE_REVIEW,MEDIUM,Historical report evidence; exclude from default read scope.
docs/reports/task_508_cost_stress_validation/cost_stress_equity_curve.csv,docs,.csv,113475,HISTORICAL_REPORT,KEEP_OR_ARCHIVE_REVIEW,MEDIUM,Historical report evidence; exclude from default read scope.
docs/reports/task_508_cost_stress_validation/cost_stress_quality.csv,docs,.csv,1183,HISTORICAL_REPORT,KEEP_OR_ARCHIVE_REVIEW,MEDIUM,Historical report evidence; exclude from default read scope.
docs/reports/task_508_cost_stress_validation/task_508_cost_stress_validation.md,docs,.md,377,HISTORICAL_REPORT,KEEP_OR_ARCHIVE_REVIEW,MEDIUM,Historical report evidence; exclude from default read scope.
docs/reports/task_508_cost_stress_validation/task_508_decision.csv,docs,.csv,254,HISTORICAL_REPORT,KEEP_OR_ARCHIVE_REVIEW,MEDIUM,Historical report evidence; exclude from default read scope.
docs/reports/task_509_walk_forward_oos_validation/task_509_decision.csv,docs,.csv,302,HISTORICAL_REPORT,KEEP_OR_ARCHIVE_REVIEW,MEDIUM,Historical report evidence; exclude from default read scope.
docs/reports/task_509_walk_forward_oos_validation/task_509_walk_forward_oos_validation.md,docs,.md,375,HISTORICAL_REPORT,KEEP_OR_ARCHIVE_REVIEW,MEDIUM,Historical report evidence; exclude from default read scope.
docs/reports/task_509_walk_forward_oos_validation/walk_forward_oos_assignment_panel.csv,docs,.csv,98089,HISTORICAL_REPORT,KEEP_OR_ARCHIVE_REVIEW,MEDIUM,Historical report evidence; exclude from default read scope.
docs/reports/task_509_walk_forward_oos_validation/walk_forward_oos_quality.csv,docs,.csv,1726,HISTORICAL_REPORT,KEEP_OR_ARCHIVE_REVIEW,MEDIUM,Historical report evidence; exclude from default read scope.
docs/reports/task_510/task_510_max_return_regime.json,docs,.json,957398,HISTORICAL_REPORT,KEEP_OR_ARCHIVE_REVIEW,MEDIUM,Historical report evidence; exclude from default read scope.
docs/reports/task_510/task_510_max_return_regime.md,docs,.md,1000,HISTORICAL_REPORT,KEEP_OR_ARCHIVE_REVIEW,MEDIUM,Historical report evidence; exclude from default read scope.
docs/reports/task_510_entry_reduce_failure_decomposition/entry_reduce_failure_by_state.csv,docs,.csv,1978,HISTORICAL_REPORT,KEEP_OR_ARCHIVE_REVIEW,MEDIUM,Historical report evidence; exclude from default read scope.
docs/reports/task_510_entry_reduce_failure_decomposition/entry_reduce_failure_decomposition.csv,docs,.csv,3905,HISTORICAL_REPORT,KEEP_OR_ARCHIVE_REVIEW,MEDIUM,Historical report evidence; exclude from default read scope.
docs/reports/task_510_entry_reduce_failure_decomposition/entry_reduce_severe_loss_summary.csv,docs,.csv,570,HISTORICAL_REPORT,KEEP_OR_ARCHIVE_REVIEW,MEDIUM,Historical report evidence; exclude from default read scope.
docs/reports/task_510_entry_reduce_failure_decomposition/task_510_decision.csv,docs,.csv,295,HISTORICAL_REPORT,KEEP_OR_ARCHIVE_REVIEW,MEDIUM,Historical report evidence; exclude from default read scope.
docs/reports/task_510_entry_reduce_failure_decomposition/task_510_entry_reduce_failure_decomposition.md,docs,.md,374,HISTORICAL_REPORT,KEEP_OR_ARCHIVE_REVIEW,MEDIUM,Historical report evidence; exclude from default read scope.
docs/reports/task_511/task_511_regime_rebuild.json,docs,.json,2097080,HISTORICAL_REPORT,KEEP_OR_ARCHIVE_REVIEW,MEDIUM,Historical report evidence; exclude from default read scope.
docs/reports/task_511/task_511_regime_rebuild.md,docs,.md,1358,HISTORICAL_REPORT,KEEP_OR_ARCHIVE_REVIEW,MEDIUM,Historical report evidence; exclude from default read scope.
docs/reports/task_511_live_source_feature_revalidation/live_source_feature_readiness_audit.csv,docs,.csv,538,HISTORICAL_REPORT,KEEP_OR_ARCHIVE_REVIEW,MEDIUM,Historical report evidence; exclude from default read scope.
docs/reports/task_511_live_source_feature_revalidation/task_511_decision.csv,docs,.csv,217,HISTORICAL_REPORT,KEEP_OR_ARCHIVE_REVIEW,MEDIUM,Historical report evidence; exclude from default read scope.
docs/reports/task_511_live_source_feature_revalidation/task_511_live_source_feature_revalidation.md,docs,.md,427,HISTORICAL_REPORT,KEEP_OR_ARCHIVE_REVIEW,MEDIUM,Historical report evidence; exclude from default read scope.
docs/reports/task_512/task_512_benchmark_gate.json,docs,.json,1622,HISTORICAL_REPORT,KEEP_OR_ARCHIVE_REVIEW,MEDIUM,Historical report evidence; exclude from default read scope.
docs/reports/task_512/task_512_benchmark_gate.md,docs,.md,782,HISTORICAL_REPORT,KEEP_OR_ARCHIVE_REVIEW,MEDIUM,Historical report evidence; exclude from default read scope.
docs/reports/task_512_backtest_correctness_overfit_audit/backtest_correctness_audit.csv,docs,.csv,363,HISTORICAL_REPORT,KEEP_OR_ARCHIVE_REVIEW,MEDIUM,Historical report evidence; exclude from default read scope.
docs/reports/task_512_backtest_correctness_overfit_audit/overfit_risk_audit.csv,docs,.csv,378,HISTORICAL_REPORT,KEEP_OR_ARCHIVE_REVIEW,MEDIUM,Historical report evidence; exclude from default read scope.
docs/reports/task_512_backtest_correctness_overfit_audit/permutation_sanity_audit.csv,docs,.csv,4324,HISTORICAL_REPORT,KEEP_OR_ARCHIVE_REVIEW,MEDIUM,Historical report evidence; exclude from default read scope.
docs/reports/task_512_backtest_correctness_overfit_audit/quarter_collapse_audit.csv,docs,.csv,1029,HISTORICAL_REPORT,KEEP_OR_ARCHIVE_REVIEW,MEDIUM,Historical report evidence; exclude from default read scope.
docs/reports/task_512_backtest_correctness_overfit_audit/task_512_backtest_correctness_overfit_audit.md,docs,.md,626,HISTORICAL_REPORT,KEEP_OR_ARCHIVE_REVIEW,MEDIUM,Historical report evidence; exclude from default read scope.
docs/reports/task_512_backtest_correctness_overfit_audit/task_512_decision.csv,docs,.csv,197,HISTORICAL_REPORT,KEEP_OR_ARCHIVE_REVIEW,MEDIUM,Historical report evidence; exclude from default read scope.
docs/reports/task_512_backtest_correctness_overfit_audit/top_n_strategy_stability.csv,docs,.csv,7388,HISTORICAL_REPORT,KEEP_OR_ARCHIVE_REVIEW,MEDIUM,Historical report evidence; exclude from default read scope.
docs/reports/task_513_deterministic_event_replay_engine/canonical_lifecycle_replay_panel.csv,docs,.csv,60925,HISTORICAL_REPORT,KEEP_OR_ARCHIVE_REVIEW,MEDIUM,Historical report evidence; exclude from default read scope.
docs/reports/task_513_deterministic_event_replay_engine/decision_snapshot_log.csv,docs,.csv,30814,HISTORICAL_REPORT,KEEP_OR_ARCHIVE_REVIEW,MEDIUM,Historical report evidence; exclude from default read scope.
docs/reports/task_513_deterministic_event_replay_engine/deterministic_event_replay_log.csv,docs,.csv,152411,HISTORICAL_REPORT,KEEP_OR_ARCHIVE_REVIEW,MEDIUM,Historical report evidence; exclude from default read scope.
docs/reports/task_513_deterministic_event_replay_engine/order_fill_simulation_log.csv,docs,.csv,60966,HISTORICAL_REPORT,KEEP_OR_ARCHIVE_REVIEW,MEDIUM,Historical report evidence; exclude from default read scope.
docs/reports/task_513_deterministic_event_replay_engine/replay_determinism_audit.csv,docs,.csv,290,HISTORICAL_REPORT,KEEP_OR_ARCHIVE_REVIEW,MEDIUM,Historical report evidence; exclude from default read scope.
docs/reports/task_513_deterministic_event_replay_engine/task_513_decision.csv,docs,.csv,191,HISTORICAL_REPORT,KEEP_OR_ARCHIVE_REVIEW,MEDIUM,Historical report evidence; exclude from default read scope.
docs/reports/task_513_deterministic_event_replay_engine/task_513_deterministic_event_replay_engine.md,docs,.md,644,HISTORICAL_REPORT,KEEP_OR_ARCHIVE_REVIEW,MEDIUM,Historical report evidence; exclude from default read scope.
docs/reports/task_514_live_source_data_contract/live_source_contract.csv,docs,.csv,626,HISTORICAL_REPORT,KEEP_OR_ARCHIVE_REVIEW,MEDIUM,Historical report evidence; exclude from default read scope.
docs/reports/task_514_live_source_data_contract/missing_source_blocker_audit.csv,docs,.csv,542,HISTORICAL_REPORT,KEEP_OR_ARCHIVE_REVIEW,MEDIUM,Historical report evidence; exclude from default read scope.
docs/reports/task_514_live_source_data_contract/source_availability_audit.csv,docs,.csv,626,HISTORICAL_REPORT,KEEP_OR_ARCHIVE_REVIEW,MEDIUM,Historical report evidence; exclude from default read scope.
docs/reports/task_514_live_source_data_contract/task_514_decision.csv,docs,.csv,229,HISTORICAL_REPORT,KEEP_OR_ARCHIVE_REVIEW,MEDIUM,Historical report evidence; exclude from default read scope.
docs/reports/task_514_live_source_data_contract/task_514_live_source_data_contract.md,docs,.md,637,HISTORICAL_REPORT,KEEP_OR_ARCHIVE_REVIEW,MEDIUM,Historical report evidence; exclude from default read scope.
docs/reports/task_515_portfolio_execution_realism/capacity_and_turnover_audit.csv,docs,.csv,423,HISTORICAL_REPORT,KEEP_OR_ARCHIVE_REVIEW,MEDIUM,Historical report evidence; exclude from default read scope.
docs/reports/task_515_portfolio_execution_realism/capital_path_with_execution_cost.csv,docs,.csv,217866,HISTORICAL_REPORT,KEEP_OR_ARCHIVE_REVIEW,MEDIUM,Historical report evidence; exclude from default read scope.
docs/reports/task_515_portfolio_execution_realism/execution_realism_scenario_quality.csv,docs,.csv,2596,HISTORICAL_REPORT,KEEP_OR_ARCHIVE_REVIEW,MEDIUM,Historical report evidence; exclude from default read scope.
docs/reports/task_515_portfolio_execution_realism/task_515_decision.csv,docs,.csv,245,HISTORICAL_REPORT,KEEP_OR_ARCHIVE_REVIEW,MEDIUM,Historical report evidence; exclude from default read scope.
docs/reports/task_515_portfolio_execution_realism/task_515_portfolio_execution_realism.md,docs,.md,651,HISTORICAL_REPORT,KEEP_OR_ARCHIVE_REVIEW,MEDIUM,Historical report evidence; exclude from default read scope.
docs/reports/task_516_vectorized_discovery_layer/candidate_to_replay_queue.csv,docs,.csv,3291,HISTORICAL_REPORT,KEEP_OR_ARCHIVE_REVIEW,MEDIUM,Historical report evidence; exclude from default read scope.
docs/reports/task_516_vectorized_discovery_layer/task_516_decision.csv,docs,.csv,168,HISTORICAL_REPORT,KEEP_OR_ARCHIVE_REVIEW,MEDIUM,Historical report evidence; exclude from default read scope.
docs/reports/task_516_vectorized_discovery_layer/task_516_vectorized_discovery_layer.md,docs,.md,628,HISTORICAL_REPORT,KEEP_OR_ARCHIVE_REVIEW,MEDIUM,Historical report evidence; exclude from default read scope.
docs/reports/task_516_vectorized_discovery_layer/top_n_candidate_sets.csv,docs,.csv,9376,HISTORICAL_REPORT,KEEP_OR_ARCHIVE_REVIEW,MEDIUM,Historical report evidence; exclude from default read scope.
docs/reports/task_516_vectorized_discovery_layer/vectorized_grid_candidate_pool.csv,docs,.csv,360968,HISTORICAL_REPORT,KEEP_OR_ARCHIVE_REVIEW,MEDIUM,Historical report evidence; exclude from default read scope.
docs/reports/task_517_raw_native_deterministic_replay/raw_intraday_replay_source_audit.csv,docs,.csv,16511,HISTORICAL_REPORT,KEEP_OR_ARCHIVE_REVIEW,MEDIUM,Historical report evidence; exclude from default read scope.
docs/reports/task_517_raw_native_deterministic_replay/raw_native_decision_snapshot_log.csv,docs,.csv,25941,HISTORICAL_REPORT,KEEP_OR_ARCHIVE_REVIEW,MEDIUM,Historical report evidence; exclude from default read scope.
docs/reports/task_517_raw_native_deterministic_replay/raw_native_event_replay_log.csv,docs,.csv,153592,HISTORICAL_REPORT,KEEP_OR_ARCHIVE_REVIEW,MEDIUM,Historical report evidence; exclude from default read scope.
docs/reports/task_517_raw_native_deterministic_replay/raw_native_lifecycle_replay_panel.csv,docs,.csv,51150,HISTORICAL_REPORT,KEEP_OR_ARCHIVE_REVIEW,MEDIUM,Historical report evidence; exclude from default read scope.
docs/reports/task_517_raw_native_deterministic_replay/raw_native_replay_determinism_audit.csv,docs,.csv,279,HISTORICAL_REPORT,KEEP_OR_ARCHIVE_REVIEW,MEDIUM,Historical report evidence; exclude from default read scope.
docs/reports/task_517_raw_native_deterministic_replay/task_517_decision.csv,docs,.csv,217,HISTORICAL_REPORT,KEEP_OR_ARCHIVE_REVIEW,MEDIUM,Historical report evidence; exclude from default read scope.
docs/reports/task_517_raw_native_deterministic_replay/task_517_raw_native_deterministic_replay.md,docs,.md,618,HISTORICAL_REPORT,KEEP_OR_ARCHIVE_REVIEW,MEDIUM,Historical report evidence; exclude from default read scope.
docs/reports/task_518_firm_grade_overfit_statistics/bootstrap_confidence_audit.csv,docs,.csv,5062,HISTORICAL_REPORT,KEEP_OR_ARCHIVE_REVIEW,MEDIUM,Historical report evidence; exclude from default read scope.
docs/reports/task_518_firm_grade_overfit_statistics/task_518_decision.csv,docs,.csv,211,HISTORICAL_REPORT,KEEP_OR_ARCHIVE_REVIEW,MEDIUM,Historical report evidence; exclude from default read scope.
docs/reports/task_518_firm_grade_overfit_statistics/task_518_firm_grade_overfit_statistics.md,docs,.md,587,HISTORICAL_REPORT,KEEP_OR_ARCHIVE_REVIEW,MEDIUM,Historical report evidence; exclude from default read scope.
docs/reports/task_518_firm_grade_overfit_statistics/topn_family_stability_audit.csv,docs,.csv,1098,HISTORICAL_REPORT,KEEP_OR_ARCHIVE_REVIEW,MEDIUM,Historical report evidence; exclude from default read scope.
docs/reports/task_518_firm_grade_overfit_statistics/walk_forward_topn_fold_quality.csv,docs,.csv,8966,HISTORICAL_REPORT,KEEP_OR_ARCHIVE_REVIEW,MEDIUM,Historical report evidence; exclude from default read scope.
docs/reports/task_519_broker_truth_execution_readiness/broker_truth_execution_readiness_audit.csv,docs,.csv,457,HISTORICAL_REPORT,KEEP_OR_ARCHIVE_REVIEW,MEDIUM,Historical report evidence; exclude from default read scope.
docs/reports/task_519_broker_truth_execution_readiness/execution_component_contract.csv,docs,.csv,457,HISTORICAL_REPORT,KEEP_OR_ARCHIVE_REVIEW,MEDIUM,Historical report evidence; exclude from default read scope.
docs/reports/task_519_broker_truth_execution_readiness/task_519_broker_truth_execution_readiness.md,docs,.md,602,HISTORICAL_REPORT,KEEP_OR_ARCHIVE_REVIEW,MEDIUM,Historical report evidence; exclude from default read scope.
docs/reports/task_519_broker_truth_execution_readiness/task_519_decision.csv,docs,.csv,188,HISTORICAL_REPORT,KEEP_OR_ARCHIVE_REVIEW,MEDIUM,Historical report evidence; exclude from default read scope.
docs/reports/task_520_live_source_acquisition_loop/collector_readiness_audit.csv,docs,.csv,492,HISTORICAL_REPORT,KEEP_OR_ARCHIVE_REVIEW,MEDIUM,Historical report evidence; exclude from default read scope.
docs/reports/task_520_live_source_acquisition_loop/live_source_acquisition_plan.csv,docs,.csv,492,HISTORICAL_REPORT,KEEP_OR_ARCHIVE_REVIEW,MEDIUM,Historical report evidence; exclude from default read scope.
docs/reports/task_520_live_source_acquisition_loop/task_520_decision.csv,docs,.csv,205,HISTORICAL_REPORT,KEEP_OR_ARCHIVE_REVIEW,MEDIUM,Historical report evidence; exclude from default read scope.
docs/reports/task_520_live_source_acquisition_loop/task_520_live_source_acquisition_loop.md,docs,.md,617,HISTORICAL_REPORT,KEEP_OR_ARCHIVE_REVIEW,MEDIUM,Historical report evidence; exclude from default read scope.
docs/reports/task_521_replay_queued_discovery_grid/queued_candidate_assignment_panel.csv,docs,.csv,2504887,HISTORICAL_REPORT,KEEP_OR_ARCHIVE_REVIEW,MEDIUM,Historical report evidence; exclude from default read scope.
docs/reports/task_521_replay_queued_discovery_grid/queued_candidate_replay_quality.csv,docs,.csv,6034,HISTORICAL_REPORT,KEEP_OR_ARCHIVE_REVIEW,MEDIUM,Historical report evidence; exclude from default read scope.
docs/reports/task_521_replay_queued_discovery_grid/task_521_decision.csv,docs,.csv,253,HISTORICAL_REPORT,KEEP_OR_ARCHIVE_REVIEW,MEDIUM,Historical report evidence; exclude from default read scope.
docs/reports/task_521_replay_queued_discovery_grid/task_521_replay_queued_discovery_grid.md,docs,.md,596,HISTORICAL_REPORT,KEEP_OR_ARCHIVE_REVIEW,MEDIUM,Historical report evidence; exclude from default read scope.
docs/reports/task_522_firm_grade_promotion_gate/firm_grade_promotion_decision.csv,docs,.csv,271,HISTORICAL_REPORT,KEEP_OR_ARCHIVE_REVIEW,MEDIUM,Historical report evidence; exclude from default read scope.
docs/reports/task_522_firm_grade_promotion_gate/firm_grade_promotion_gate.csv,docs,.csv,194,HISTORICAL_REPORT,KEEP_OR_ARCHIVE_REVIEW,MEDIUM,Historical report evidence; exclude from default read scope.
docs/reports/task_522_firm_grade_promotion_gate/task_522_decision.csv,docs,.csv,271,HISTORICAL_REPORT,KEEP_OR_ARCHIVE_REVIEW,MEDIUM,Historical report evidence; exclude from default read scope.
docs/reports/task_522_firm_grade_promotion_gate/task_522_firm_grade_promotion_gate.md,docs,.md,591,HISTORICAL_REPORT,KEEP_OR_ARCHIVE_REVIEW,MEDIUM,Historical report evidence; exclude from default read scope.
docs/reports/task_523_receive_timestamp_replay/decision_snapshot_receive_ts_audit.csv,docs,.csv,28485,HISTORICAL_REPORT,KEEP_OR_ARCHIVE_REVIEW,MEDIUM,Historical report evidence; exclude from default read scope.
docs/reports/task_523_receive_timestamp_replay/event_clock_consistency_audit.csv,docs,.csv,109,HISTORICAL_REPORT,KEEP_OR_ARCHIVE_REVIEW,MEDIUM,Historical report evidence; exclude from default read scope.
docs/reports/task_523_receive_timestamp_replay/receive_timestamp_replay_source_audit.csv,docs,.csv,172,HISTORICAL_REPORT,KEEP_OR_ARCHIVE_REVIEW,MEDIUM,Historical report evidence; exclude from default read scope.
docs/reports/task_523_receive_timestamp_replay/task_523_decision.csv,docs,.csv,233,HISTORICAL_REPORT,KEEP_OR_ARCHIVE_REVIEW,MEDIUM,Historical report evidence; exclude from default read scope.
docs/reports/task_523_receive_timestamp_replay/task_523_receive_timestamp_replay.md,docs,.md,541,HISTORICAL_REPORT,KEEP_OR_ARCHIVE_REVIEW,MEDIUM,Historical report evidence; exclude from default read scope.
docs/reports/task_524_entry_reduce_suppression_oos/entry_reduce_suppression_candidate_pool.csv,docs,.csv,761,HISTORICAL_REPORT,KEEP_OR_ARCHIVE_REVIEW,MEDIUM,Historical report evidence; exclude from default read scope.
docs/reports/task_524_entry_reduce_suppression_oos/entry_reduce_suppression_selected_rules.csv,docs,.csv,111,HISTORICAL_REPORT,KEEP_OR_ARCHIVE_REVIEW,MEDIUM,Historical report evidence; exclude from default read scope.
docs/reports/task_524_entry_reduce_suppression_oos/entry_reduce_suppression_walk_forward_quality.csv,docs,.csv,8164,HISTORICAL_REPORT,KEEP_OR_ARCHIVE_REVIEW,MEDIUM,Historical report evidence; exclude from default read scope.
docs/reports/task_524_entry_reduce_suppression_oos/task_524_decision.csv,docs,.csv,187,HISTORICAL_REPORT,KEEP_OR_ARCHIVE_REVIEW,MEDIUM,Historical report evidence; exclude from default read scope.
docs/reports/task_524_entry_reduce_suppression_oos/task_524_entry_reduce_suppression_oos.md,docs,.md,535,HISTORICAL_REPORT,KEEP_OR_ARCHIVE_REVIEW,MEDIUM,Historical report evidence; exclude from default read scope.
docs/reports/task_525_broker_order_fill_archive_contract/broker_order_fill_archive_contract.csv,docs,.csv,230,HISTORICAL_REPORT,KEEP_OR_ARCHIVE_REVIEW,MEDIUM,Historical report evidence; exclude from default read scope.
docs/reports/task_525_broker_order_fill_archive_contract/broker_truth_gap_audit.csv,docs,.csv,113,HISTORICAL_REPORT,KEEP_OR_ARCHIVE_REVIEW,MEDIUM,Historical report evidence; exclude from default read scope.
docs/reports/task_525_broker_order_fill_archive_contract/order_fill_lineage_contract.csv,docs,.csv,121,HISTORICAL_REPORT,KEEP_OR_ARCHIVE_REVIEW,MEDIUM,Historical report evidence; exclude from default read scope.
docs/reports/task_525_broker_order_fill_archive_contract/task_525_broker_order_fill_archive_contract.md,docs,.md,539,HISTORICAL_REPORT,KEEP_OR_ARCHIVE_REVIEW,MEDIUM,Historical report evidence; exclude from default read scope.
docs/reports/task_525_broker_order_fill_archive_contract/task_525_decision.csv,docs,.csv,181,HISTORICAL_REPORT,KEEP_OR_ARCHIVE_REVIEW,MEDIUM,Historical report evidence; exclude from default read scope.
docs/reports/task_526_depth_scope_decision/depth_scope_decision_matrix.csv,docs,.csv,212,HISTORICAL_REPORT,KEEP_OR_ARCHIVE_REVIEW,MEDIUM,Historical report evidence; exclude from default read scope.
docs/reports/task_526_depth_scope_decision/full_depth_provider_blocker_audit.csv,docs,.csv,88,HISTORICAL_REPORT,KEEP_OR_ARCHIVE_REVIEW,MEDIUM,Historical report evidence; exclude from default read scope.
docs/reports/task_526_depth_scope_decision/nbbo_only_allowed_feature_contract.csv,docs,.csv,110,HISTORICAL_REPORT,KEEP_OR_ARCHIVE_REVIEW,MEDIUM,Historical report evidence; exclude from default read scope.
docs/reports/task_526_depth_scope_decision/task_526_decision.csv,docs,.csv,217,HISTORICAL_REPORT,KEEP_OR_ARCHIVE_REVIEW,MEDIUM,Historical report evidence; exclude from default read scope.
docs/reports/task_526_depth_scope_decision/task_526_depth_scope_decision.md,docs,.md,528,HISTORICAL_REPORT,KEEP_OR_ARCHIVE_REVIEW,MEDIUM,Historical report evidence; exclude from default read scope.
docs/reports/task_527_replay_queue_promotion_rerun/replay_queue_post_suppression_quality.csv,docs,.csv,7538,HISTORICAL_REPORT,KEEP_OR_ARCHIVE_REVIEW,MEDIUM,Historical report evidence; exclude from default read scope.
docs/reports/task_527_replay_queue_promotion_rerun/replay_queue_promotion_candidates.csv,docs,.csv,319,HISTORICAL_REPORT,KEEP_OR_ARCHIVE_REVIEW,MEDIUM,Historical report evidence; exclude from default read scope.
docs/reports/task_527_replay_queue_promotion_rerun/replay_queue_reject_reasons.csv,docs,.csv,7538,HISTORICAL_REPORT,KEEP_OR_ARCHIVE_REVIEW,MEDIUM,Historical report evidence; exclude from default read scope.
docs/reports/task_527_replay_queue_promotion_rerun/task_527_decision.csv,docs,.csv,160,HISTORICAL_REPORT,KEEP_OR_ARCHIVE_REVIEW,MEDIUM,Historical report evidence; exclude from default read scope.
docs/reports/task_527_replay_queue_promotion_rerun/task_527_replay_queue_promotion_rerun.md,docs,.md,533,HISTORICAL_REPORT,KEEP_OR_ARCHIVE_REVIEW,MEDIUM,Historical report evidence; exclude from default read scope.
docs/reports/task_528_firm_grade_gate_v2/firm_grade_gate_v2.csv,docs,.csv,327,HISTORICAL_REPORT,KEEP_OR_ARCHIVE_REVIEW,MEDIUM,Historical report evidence; exclude from default read scope.
docs/reports/task_528_firm_grade_gate_v2/next_action_queue.csv,docs,.csv,272,HISTORICAL_REPORT,KEEP_OR_ARCHIVE_REVIEW,MEDIUM,Historical report evidence; exclude from default read scope.
docs/reports/task_528_firm_grade_gate_v2/promotion_decision_v2.csv,docs,.csv,178,HISTORICAL_REPORT,KEEP_OR_ARCHIVE_REVIEW,MEDIUM,Historical report evidence; exclude from default read scope.
docs/reports/task_528_firm_grade_gate_v2/task_528_decision.csv,docs,.csv,178,HISTORICAL_REPORT,KEEP_OR_ARCHIVE_REVIEW,MEDIUM,Historical report evidence; exclude from default read scope.
docs/reports/task_528_firm_grade_gate_v2/task_528_firm_grade_gate_v2.md,docs,.md,510,HISTORICAL_REPORT,KEEP_OR_ARCHIVE_REVIEW,MEDIUM,Historical report evidence; exclude from default read scope.
docs/reports/task_529_trend_persistence_entry_safe_refinement/entry_safe_feature_audit.csv,docs,.csv,367782,HISTORICAL_REPORT,KEEP_OR_ARCHIVE_REVIEW,MEDIUM,Historical report evidence; exclude from default read scope.
docs/reports/task_529_trend_persistence_entry_safe_refinement/task_529_decision.csv,docs,.csv,326,HISTORICAL_REPORT,KEEP_OR_ARCHIVE_REVIEW,MEDIUM,Historical report evidence; exclude from default read scope.
docs/reports/task_529_trend_persistence_entry_safe_refinement/task_529_trend_persistence_entry_safe_refinement.md,docs,.md,1297,HISTORICAL_REPORT,KEEP_OR_ARCHIVE_REVIEW,MEDIUM,Historical report evidence; exclude from default read scope.
docs/reports/task_529_trend_persistence_entry_safe_refinement/trend_persistence_refined_candidate_pool.csv,docs,.csv,1035,HISTORICAL_REPORT,KEEP_OR_ARCHIVE_REVIEW,MEDIUM,Historical report evidence; exclude from default read scope.
docs/reports/task_529_trend_persistence_entry_safe_refinement/trend_persistence_refined_selected_rule.csv,docs,.csv,288,HISTORICAL_REPORT,KEEP_OR_ARCHIVE_REVIEW,MEDIUM,Historical report evidence; exclude from default read scope.
docs/reports/task_529_trend_persistence_entry_safe_refinement/trend_persistence_refined_walk_forward_quality.csv,docs,.csv,8296,HISTORICAL_REPORT,KEEP_OR_ARCHIVE_REVIEW,MEDIUM,Historical report evidence; exclude from default read scope.
docs/reports/task_530_paper_shadow_candidate_rerun/paper_shadow_candidate_quality.csv,docs,.csv,408,HISTORICAL_REPORT,KEEP_OR_ARCHIVE_REVIEW,MEDIUM,Historical report evidence; exclude from default read scope.
docs/reports/task_530_paper_shadow_candidate_rerun/paper_shadow_candidate_reject_reasons.csv,docs,.csv,2,HISTORICAL_REPORT,KEEP_OR_ARCHIVE_REVIEW,MEDIUM,Historical report evidence; exclude from default read scope.
docs/reports/task_530_paper_shadow_candidate_rerun/task_530_decision.csv,docs,.csv,222,HISTORICAL_REPORT,KEEP_OR_ARCHIVE_REVIEW,MEDIUM,Historical report evidence; exclude from default read scope.
docs/reports/task_530_paper_shadow_candidate_rerun/task_530_paper_shadow_candidate_rerun.md,docs,.md,1229,HISTORICAL_REPORT,KEEP_OR_ARCHIVE_REVIEW,MEDIUM,Historical report evidence; exclude from default read scope.
docs/reports/task_531_paper_shadow_order_fill_archive/historical_vs_live_shadow_source_audit.csv,docs,.csv,284,HISTORICAL_REPORT,KEEP_OR_ARCHIVE_REVIEW,MEDIUM,Historical report evidence; exclude from default read scope.
docs/reports/task_531_paper_shadow_order_fill_archive/paper_shadow_assignment_panel.csv,docs,.csv,82497,HISTORICAL_REPORT,KEEP_OR_ARCHIVE_REVIEW,MEDIUM,Historical report evidence; exclude from default read scope.
docs/reports/task_531_paper_shadow_order_fill_archive/paper_shadow_decision_snapshot_log.csv,docs,.csv,19948,HISTORICAL_REPORT,KEEP_OR_ARCHIVE_REVIEW,MEDIUM,Historical report evidence; exclude from default read scope.
docs/reports/task_531_paper_shadow_order_fill_archive/paper_shadow_fill_archive.csv,docs,.csv,20489,HISTORICAL_REPORT,KEEP_OR_ARCHIVE_REVIEW,MEDIUM,Historical report evidence; exclude from default read scope.
docs/reports/task_531_paper_shadow_order_fill_archive/paper_shadow_lifecycle_lineage.csv,docs,.csv,12367,HISTORICAL_REPORT,KEEP_OR_ARCHIVE_REVIEW,MEDIUM,Historical report evidence; exclude from default read scope.
docs/reports/task_531_paper_shadow_order_fill_archive/paper_shadow_order_archive.csv,docs,.csv,20955,HISTORICAL_REPORT,KEEP_OR_ARCHIVE_REVIEW,MEDIUM,Historical report evidence; exclude from default read scope.
docs/reports/task_531_paper_shadow_order_fill_archive/paper_shadow_order_fill_contract_audit.csv,docs,.csv,297,HISTORICAL_REPORT,KEEP_OR_ARCHIVE_REVIEW,MEDIUM,Historical report evidence; exclude from default read scope.
docs/reports/task_531_paper_shadow_order_fill_archive/paper_shadow_receive_ts_audit.csv,docs,.csv,186,HISTORICAL_REPORT,KEEP_OR_ARCHIVE_REVIEW,MEDIUM,Historical report evidence; exclude from default read scope.
docs/reports/task_531_paper_shadow_order_fill_archive/task_531_decision.csv,docs,.csv,438,HISTORICAL_REPORT,KEEP_OR_ARCHIVE_REVIEW,MEDIUM,Historical report evidence; exclude from default read scope.
docs/reports/task_531_paper_shadow_order_fill_archive/task_531_paper_shadow_order_fill_archive.md,docs,.md,1180,HISTORICAL_REPORT,KEEP_OR_ARCHIVE_REVIEW,MEDIUM,Historical report evidence; exclude from default read scope.
docs/reports/task_532_external_quant_context_map/external_quant_context_map.csv,docs,.csv,987,HISTORICAL_REPORT,KEEP_OR_ARCHIVE_REVIEW,MEDIUM,Historical report evidence; exclude from default read scope.
docs/reports/task_532_external_quant_context_map/quant_context_adoption_priority.csv,docs,.csv,987,HISTORICAL_REPORT,KEEP_OR_ARCHIVE_REVIEW,MEDIUM,Historical report evidence; exclude from default read scope.
docs/reports/task_532_external_quant_context_map/quant_context_missing_capability_matrix.csv,docs,.csv,353,HISTORICAL_REPORT,KEEP_OR_ARCHIVE_REVIEW,MEDIUM,Historical report evidence; exclude from default read scope.
docs/reports/task_532_external_quant_context_map/task_532_decision.csv,docs,.csv,182,HISTORICAL_REPORT,KEEP_OR_ARCHIVE_REVIEW,MEDIUM,Historical report evidence; exclude from default read scope.
docs/reports/task_532_external_quant_context_map/task_532_external_quant_context_map.md,docs,.md,791,HISTORICAL_REPORT,KEEP_OR_ARCHIVE_REVIEW,MEDIUM,Historical report evidence; exclude from default read scope.
docs/reports/task_533_factor_premium_validation_design/factor_premium_leakage_audit.csv,docs,.csv,127,HISTORICAL_REPORT,KEEP_OR_ARCHIVE_REVIEW,MEDIUM,Historical report evidence; exclude from default read scope.
docs/reports/task_533_factor_premium_validation_design/factor_premium_missing_data_audit.csv,docs,.csv,153,HISTORICAL_REPORT,KEEP_OR_ARCHIVE_REVIEW,MEDIUM,Historical report evidence; exclude from default read scope.
docs/reports/task_533_factor_premium_validation_design/factor_premium_validation_contract.csv,docs,.csv,276,HISTORICAL_REPORT,KEEP_OR_ARCHIVE_REVIEW,MEDIUM,Historical report evidence; exclude from default read scope.
docs/reports/task_533_factor_premium_validation_design/math_quant_application_status.csv,docs,.csv,565,HISTORICAL_REPORT,KEEP_OR_ARCHIVE_REVIEW,MEDIUM,Historical report evidence; exclude from default read scope.
docs/reports/task_533_factor_premium_validation_design/task_533_decision.csv,docs,.csv,240,HISTORICAL_REPORT,KEEP_OR_ARCHIVE_REVIEW,MEDIUM,Historical report evidence; exclude from default read scope.
docs/reports/task_533_factor_premium_validation_design/task_533_factor_premium_validation_design.md,docs,.md,746,HISTORICAL_REPORT,KEEP_OR_ARCHIVE_REVIEW,MEDIUM,Historical report evidence; exclude from default read scope.
docs/reports/task_534_statistical_validation_upgrade/fold_stability_audit.csv,docs,.csv,8277,HISTORICAL_REPORT,KEEP_OR_ARCHIVE_REVIEW,MEDIUM,Historical report evidence; exclude from default read scope.
docs/reports/task_534_statistical_validation_upgrade/multiple_testing_correction_audit.csv,docs,.csv,161,HISTORICAL_REPORT,KEEP_OR_ARCHIVE_REVIEW,MEDIUM,Historical report evidence; exclude from default read scope.
docs/reports/task_534_statistical_validation_upgrade/statistical_validity_audit.csv,docs,.csv,713,HISTORICAL_REPORT,KEEP_OR_ARCHIVE_REVIEW,MEDIUM,Historical report evidence; exclude from default read scope.
docs/reports/task_534_statistical_validation_upgrade/task_534_decision.csv,docs,.csv,201,HISTORICAL_REPORT,KEEP_OR_ARCHIVE_REVIEW,MEDIUM,Historical report evidence; exclude from default read scope.
docs/reports/task_534_statistical_validation_upgrade/task_534_statistical_validation_upgrade.md,docs,.md,753,HISTORICAL_REPORT,KEEP_OR_ARCHIVE_REVIEW,MEDIUM,Historical report evidence; exclude from default read scope.
docs/reports/task_535_frontend_research_cockpit_v1/research_cockpit_blocker_board.csv,docs,.csv,242,HISTORICAL_REPORT,KEEP_OR_ARCHIVE_REVIEW,MEDIUM,Historical report evidence; exclude from default read scope.
docs/reports/task_535_frontend_research_cockpit_v1/research_task_catalog.csv,docs,.csv,27071,HISTORICAL_REPORT,KEEP_OR_ARCHIVE_REVIEW,MEDIUM,Historical report evidence; exclude from default read scope.
docs/reports/task_535_frontend_research_cockpit_v1/task_535_decision.csv,docs,.csv,158,HISTORICAL_REPORT,KEEP_OR_ARCHIVE_REVIEW,MEDIUM,Historical report evidence; exclude from default read scope.
docs/reports/task_535_frontend_research_cockpit_v1/task_535_frontend_research_cockpit_v1.md,docs,.md,684,HISTORICAL_REPORT,KEEP_OR_ARCHIVE_REVIEW,MEDIUM,Historical report evidence; exclude from default read scope.
docs/reports/task_536_frontend_api_boundary/frontend_catalog_api_contract.csv,docs,.csv,299,HISTORICAL_REPORT,KEEP_OR_ARCHIVE_REVIEW,MEDIUM,Historical report evidence; exclude from default read scope.
docs/reports/task_536_frontend_api_boundary/task_536_decision.csv,docs,.csv,173,HISTORICAL_REPORT,KEEP_OR_ARCHIVE_REVIEW,MEDIUM,Historical report evidence; exclude from default read scope.
docs/reports/task_536_frontend_api_boundary/task_536_frontend_api_boundary.md,docs,.md,632,HISTORICAL_REPORT,KEEP_OR_ARCHIVE_REVIEW,MEDIUM,Historical report evidence; exclude from default read scope.
docs/reports/task_537_factor_premium_validation/factor_premium_leakage_audit.csv,docs,.csv,168,HISTORICAL_REPORT,KEEP_OR_ARCHIVE_REVIEW,MEDIUM,Historical report evidence; exclude from default read scope.
docs/reports/task_537_factor_premium_validation/factor_source_availability_audit.csv,docs,.csv,379,HISTORICAL_REPORT,KEEP_OR_ARCHIVE_REVIEW,MEDIUM,Historical report evidence; exclude from default read scope.
docs/reports/task_537_factor_premium_validation/fama_french_risk_adjustment_summary.csv,docs,.csv,555,HISTORICAL_REPORT,KEEP_OR_ARCHIVE_REVIEW,MEDIUM,Historical report evidence; exclude from default read scope.
docs/reports/task_537_factor_premium_validation/fama_french_source_audit.csv,docs,.csv,411,HISTORICAL_REPORT,KEEP_OR_ARCHIVE_REVIEW,MEDIUM,Historical report evidence; exclude from default read scope.
docs/reports/task_537_factor_premium_validation/fama_macbeth_entry_safe_panel.csv,docs,.csv,8510,HISTORICAL_REPORT,KEEP_OR_ARCHIVE_REVIEW,MEDIUM,Historical report evidence; exclude from default read scope.
docs/reports/task_537_factor_premium_validation/fama_macbeth_entry_safe_result.csv,docs,.csv,1662,HISTORICAL_REPORT,KEEP_OR_ARCHIVE_REVIEW,MEDIUM,Historical report evidence; exclude from default read scope.
docs/reports/task_537_factor_premium_validation/task_537_decision.csv,docs,.csv,330,HISTORICAL_REPORT,KEEP_OR_ARCHIVE_REVIEW,MEDIUM,Historical report evidence; exclude from default read scope.
docs/reports/task_537_factor_premium_validation/task_537_factor_premium_validation.md,docs,.md,1252,HISTORICAL_REPORT,KEEP_OR_ARCHIVE_REVIEW,MEDIUM,Historical report evidence; exclude from default read scope.
docs/reports/task_537_factor_premium_validation/trade_fama_french_factor_panel.csv,docs,.csv,19836,HISTORICAL_REPORT,KEEP_OR_ARCHIVE_REVIEW,MEDIUM,Historical report evidence; exclude from default read scope.
docs/reports/task_538_fundamental_factor_source_audit/fundamental_cik_coverage_audit.csv,docs,.csv,2720,HISTORICAL_REPORT,KEEP_OR_ARCHIVE_REVIEW,MEDIUM,Historical report evidence; exclude from default read scope.
docs/reports/task_538_fundamental_factor_source_audit/fundamental_concept_availability_audit.csv,docs,.csv,6773,HISTORICAL_REPORT,KEEP_OR_ARCHIVE_REVIEW,MEDIUM,Historical report evidence; exclude from default read scope.
docs/reports/task_538_fundamental_factor_source_audit/fundamental_factor_readiness_audit.csv,docs,.csv,464,HISTORICAL_REPORT,KEEP_OR_ARCHIVE_REVIEW,MEDIUM,Historical report evidence; exclude from default read scope.
docs/reports/task_538_fundamental_factor_source_audit/fundamental_source_matrix.csv,docs,.csv,458,HISTORICAL_REPORT,KEEP_OR_ARCHIVE_REVIEW,MEDIUM,Historical report evidence; exclude from default read scope.
docs/reports/task_538_fundamental_factor_source_audit/fundamental_target_symbol_universe.csv,docs,.csv,386,HISTORICAL_REPORT,KEEP_OR_ARCHIVE_REVIEW,MEDIUM,Historical report evidence; exclude from default read scope.
docs/reports/task_538_fundamental_factor_source_audit/sec_companyfacts_download_audit.csv,docs,.csv,3878,HISTORICAL_REPORT,KEEP_OR_ARCHIVE_REVIEW,MEDIUM,Historical report evidence; exclude from default read scope.
docs/reports/task_538_fundamental_factor_source_audit/sec_ticker_cik_source_audit.csv,docs,.csv,205,HISTORICAL_REPORT,KEEP_OR_ARCHIVE_REVIEW,MEDIUM,Historical report evidence; exclude from default read scope.
docs/reports/task_538_fundamental_factor_source_audit/task_538_decision.csv,docs,.csv,292,HISTORICAL_REPORT,KEEP_OR_ARCHIVE_REVIEW,MEDIUM,Historical report evidence; exclude from default read scope.
docs/reports/task_538_fundamental_factor_source_audit/task_538_fundamental_factor_source_audit.md,docs,.md,1194,HISTORICAL_REPORT,KEEP_OR_ARCHIVE_REVIEW,MEDIUM,Historical report evidence; exclude from default read scope.
docs/reports/task_539_market_cap_shares_source/daily_price_source_panel.csv,docs,.csv,1736980,HISTORICAL_REPORT,KEEP_OR_ARCHIVE_REVIEW,MEDIUM,Historical report evidence; exclude from default read scope.
docs/reports/task_539_market_cap_shares_source/market_cap_factor_readiness_audit.csv,docs,.csv,241,HISTORICAL_REPORT,KEEP_OR_ARCHIVE_REVIEW,MEDIUM,Historical report evidence; exclude from default read scope.
docs/reports/task_539_market_cap_shares_source/market_cap_panel.csv,docs,.csv,6037758,HISTORICAL_REPORT,KEEP_OR_ARCHIVE_REVIEW,MEDIUM,Historical report evidence; exclude from default read scope.
docs/reports/task_539_market_cap_shares_source/shares_outstanding_panel.csv,docs,.csv,211151,HISTORICAL_REPORT,KEEP_OR_ARCHIVE_REVIEW,MEDIUM,Historical report evidence; exclude from default read scope.
docs/reports/task_539_market_cap_shares_source/shares_outstanding_source_audit.csv,docs,.csv,343,HISTORICAL_REPORT,KEEP_OR_ARCHIVE_REVIEW,MEDIUM,Historical report evidence; exclude from default read scope.
docs/reports/task_539_market_cap_shares_source/task505_market_cap_join_audit.csv,docs,.csv,16392,HISTORICAL_REPORT,KEEP_OR_ARCHIVE_REVIEW,MEDIUM,Historical report evidence; exclude from default read scope.
docs/reports/task_539_market_cap_shares_source/task_539_decision.csv,docs,.csv,304,HISTORICAL_REPORT,KEEP_OR_ARCHIVE_REVIEW,MEDIUM,Historical report evidence; exclude from default read scope.
docs/reports/task_539_market_cap_shares_source/task_539_market_cap_shares_source.md,docs,.md,1025,HISTORICAL_REPORT,KEEP_OR_ARCHIVE_REVIEW,MEDIUM,Historical report evidence; exclude from default read scope.
docs/reports/task_540_market_cap_coverage_gap/expanded_market_cap_panel.csv,docs,.csv,7487220,HISTORICAL_REPORT,KEEP_OR_ARCHIVE_REVIEW,MEDIUM,Historical report evidence; exclude from default read scope.
docs/reports/task_540_market_cap_coverage_gap/expanded_shares_outstanding_panel.csv,docs,.csv,572221,HISTORICAL_REPORT,KEEP_OR_ARCHIVE_REVIEW,MEDIUM,Historical report evidence; exclude from default read scope.
docs/reports/task_540_market_cap_coverage_gap/market_cap_coverage_gap_after.csv,docs,.csv,437,HISTORICAL_REPORT,KEEP_OR_ARCHIVE_REVIEW,MEDIUM,Historical report evidence; exclude from default read scope.
docs/reports/task_540_market_cap_coverage_gap/market_cap_coverage_gap_before.csv,docs,.csv,16368,HISTORICAL_REPORT,KEEP_OR_ARCHIVE_REVIEW,MEDIUM,Historical report evidence; exclude from default read scope.
docs/reports/task_540_market_cap_coverage_gap/market_cap_factor_readiness_after_expansion.csv,docs,.csv,196,HISTORICAL_REPORT,KEEP_OR_ARCHIVE_REVIEW,MEDIUM,Historical report evidence; exclude from default read scope.
docs/reports/task_540_market_cap_coverage_gap/task505_market_cap_expanded_join_audit.csv,docs,.csv,18964,HISTORICAL_REPORT,KEEP_OR_ARCHIVE_REVIEW,MEDIUM,Historical report evidence; exclude from default read scope.
docs/reports/task_540_market_cap_coverage_gap/task_540_decision.csv,docs,.csv,315,HISTORICAL_REPORT,KEEP_OR_ARCHIVE_REVIEW,MEDIUM,Historical report evidence; exclude from default read scope.
docs/reports/task_540_market_cap_coverage_gap/task_540_market_cap_coverage_gap.md,docs,.md,987,HISTORICAL_REPORT,KEEP_OR_ARCHIVE_REVIEW,MEDIUM,Historical report evidence; exclude from default read scope.
docs/reports/task_541_size_bm_fama_macbeth/book_equity_panel.csv,docs,.csv,351048,HISTORICAL_REPORT,KEEP_OR_ARCHIVE_REVIEW,MEDIUM,Historical report evidence; exclude from default read scope.
docs/reports/task_541_size_bm_fama_macbeth/book_equity_source_audit.csv,docs,.csv,360,HISTORICAL_REPORT,KEEP_OR_ARCHIVE_REVIEW,MEDIUM,Historical report evidence; exclude from default read scope.
docs/reports/task_541_size_bm_fama_macbeth/fama_macbeth_with_size_bm_coef_panel.csv,docs,.csv,9524,HISTORICAL_REPORT,KEEP_OR_ARCHIVE_REVIEW,MEDIUM,Historical report evidence; exclude from default read scope.
docs/reports/task_541_size_bm_fama_macbeth/fama_macbeth_with_size_bm_result.csv,docs,.csv,1844,HISTORICAL_REPORT,KEEP_OR_ARCHIVE_REVIEW,MEDIUM,Historical report evidence; exclude from default read scope.
docs/reports/task_541_size_bm_fama_macbeth/size_bm_factor_coverage_audit.csv,docs,.csv,373,HISTORICAL_REPORT,KEEP_OR_ARCHIVE_REVIEW,MEDIUM,Historical report evidence; exclude from default read scope.
docs/reports/task_541_size_bm_fama_macbeth/size_bm_factor_panel.csv,docs,.csv,2799299,HISTORICAL_REPORT,KEEP_OR_ARCHIVE_REVIEW,MEDIUM,Historical report evidence; exclude from default read scope.
docs/reports/task_541_size_bm_fama_macbeth/size_bm_leakage_audit.csv,docs,.csv,246,HISTORICAL_REPORT,KEEP_OR_ARCHIVE_REVIEW,MEDIUM,Historical report evidence; exclude from default read scope.
docs/reports/task_541_size_bm_fama_macbeth/task_541_decision.csv,docs,.csv,404,HISTORICAL_REPORT,KEEP_OR_ARCHIVE_REVIEW,MEDIUM,Historical report evidence; exclude from default read scope.
docs/reports/task_541_size_bm_fama_macbeth/task_541_size_bm_fama_macbeth.md,docs,.md,1453,HISTORICAL_REPORT,KEEP_OR_ARCHIVE_REVIEW,MEDIUM,Historical report evidence; exclude from default read scope.
docs/reports/task_542_factor_adjusted_continuation_attribution/candidate_factor_adjusted_quality.csv,docs,.csv,858,HISTORICAL_REPORT,KEEP_OR_ARCHIVE_REVIEW,MEDIUM,Historical report evidence; exclude from default read scope.
docs/reports/task_542_factor_adjusted_continuation_attribution/candidate_factor_adjusted_split_quality.csv,docs,.csv,1043,HISTORICAL_REPORT,KEEP_OR_ARCHIVE_REVIEW,MEDIUM,Historical report evidence; exclude from default read scope.
docs/reports/task_542_factor_adjusted_continuation_attribution/candidate_factor_exposure_audit.csv,docs,.csv,648,HISTORICAL_REPORT,KEEP_OR_ARCHIVE_REVIEW,MEDIUM,Historical report evidence; exclude from default read scope.
docs/reports/task_542_factor_adjusted_continuation_attribution/factor_adjusted_candidate_panel.csv,docs,.csv,285525,HISTORICAL_REPORT,KEEP_OR_ARCHIVE_REVIEW,MEDIUM,Historical report evidence; exclude from default read scope.
docs/reports/task_542_factor_adjusted_continuation_attribution/factor_adjustment_leakage_audit.csv,docs,.csv,243,HISTORICAL_REPORT,KEEP_OR_ARCHIVE_REVIEW,MEDIUM,Historical report evidence; exclude from default read scope.
docs/reports/task_542_factor_adjusted_continuation_attribution/factor_model_summary.csv,docs,.csv,798,HISTORICAL_REPORT,KEEP_OR_ARCHIVE_REVIEW,MEDIUM,Historical report evidence; exclude from default read scope.
docs/reports/task_542_factor_adjusted_continuation_attribution/task_542_decision.csv,docs,.csv,340,HISTORICAL_REPORT,KEEP_OR_ARCHIVE_REVIEW,MEDIUM,Historical report evidence; exclude from default read scope.
docs/reports/task_542_factor_adjusted_continuation_attribution/task_542_factor_adjusted_continuation_attribution.md,docs,.md,1535,HISTORICAL_REPORT,KEEP_OR_ARCHIVE_REVIEW,MEDIUM,Historical report evidence; exclude from default read scope.
docs/reports/task_543_factor_adjusted_walk_forward_validation/factor_adjusted_quarterly_quality.csv,docs,.csv,3715,HISTORICAL_REPORT,KEEP_OR_ARCHIVE_REVIEW,MEDIUM,Historical report evidence; exclude from default read scope.
docs/reports/task_543_factor_adjusted_walk_forward_validation/factor_adjusted_underpowered_audit.csv,docs,.csv,2196,HISTORICAL_REPORT,KEEP_OR_ARCHIVE_REVIEW,MEDIUM,Historical report evidence; exclude from default read scope.
docs/reports/task_543_factor_adjusted_walk_forward_validation/factor_adjusted_walk_forward_leakage_audit.csv,docs,.csv,160,HISTORICAL_REPORT,KEEP_OR_ARCHIVE_REVIEW,MEDIUM,Historical report evidence; exclude from default read scope.
docs/reports/task_543_factor_adjusted_walk_forward_validation/factor_adjusted_walk_forward_split_quality.csv,docs,.csv,1635,HISTORICAL_REPORT,KEEP_OR_ARCHIVE_REVIEW,MEDIUM,Historical report evidence; exclude from default read scope.
docs/reports/task_543_factor_adjusted_walk_forward_validation/factor_adjusted_walk_forward_stability.csv,docs,.csv,602,HISTORICAL_REPORT,KEEP_OR_ARCHIVE_REVIEW,MEDIUM,Historical report evidence; exclude from default read scope.
docs/reports/task_543_factor_adjusted_walk_forward_validation/task_543_decision.csv,docs,.csv,288,HISTORICAL_REPORT,KEEP_OR_ARCHIVE_REVIEW,MEDIUM,Historical report evidence; exclude from default read scope.
docs/reports/task_543_factor_adjusted_walk_forward_validation/task_543_factor_adjusted_walk_forward_validation.md,docs,.md,1451,HISTORICAL_REPORT,KEEP_OR_ARCHIVE_REVIEW,MEDIUM,Historical report evidence; exclude from default read scope.
docs/reports/task_544_factor_adjusted_sample_expansion_quarter_failure/factor_adjusted_expansion_candidate_pool.csv,docs,.csv,25405687,LARGE_REPORT_ARTIFACT,ARCHIVE_REVIEW,HIGH,Large report artifact; requires dependency-aware migration.
docs/reports/task_544_factor_adjusted_sample_expansion_quarter_failure/factor_adjusted_expansion_quality.csv,docs,.csv,1145,HISTORICAL_REPORT,KEEP_OR_ARCHIVE_REVIEW,MEDIUM,Historical report evidence; exclude from default read scope.
docs/reports/task_544_factor_adjusted_sample_expansion_quarter_failure/factor_adjusted_expansion_split_quality.csv,docs,.csv,2143,HISTORICAL_REPORT,KEEP_OR_ARCHIVE_REVIEW,MEDIUM,Historical report evidence; exclude from default read scope.
docs/reports/task_544_factor_adjusted_sample_expansion_quarter_failure/good_bad_quarter_failure_contrast.csv,docs,.csv,533,HISTORICAL_REPORT,KEEP_OR_ARCHIVE_REVIEW,MEDIUM,Historical report evidence; exclude from default read scope.
docs/reports/task_544_factor_adjusted_sample_expansion_quarter_failure/quarter_failure_decomposition_2025q1_q3.csv,docs,.csv,1856,HISTORICAL_REPORT,KEEP_OR_ARCHIVE_REVIEW,MEDIUM,Historical report evidence; exclude from default read scope.
docs/reports/task_544_factor_adjusted_sample_expansion_quarter_failure/sample_expansion_leakage_audit.csv,docs,.csv,180,HISTORICAL_REPORT,KEEP_OR_ARCHIVE_REVIEW,MEDIUM,Historical report evidence; exclude from default read scope.
docs/reports/task_544_factor_adjusted_sample_expansion_quarter_failure/task_544_decision.csv,docs,.csv,324,HISTORICAL_REPORT,KEEP_OR_ARCHIVE_REVIEW,MEDIUM,Historical report evidence; exclude from default read scope.
docs/reports/task_544_factor_adjusted_sample_expansion_quarter_failure/task_544_factor_adjusted_sample_expansion_quarter_failure.md,docs,.md,1997,HISTORICAL_REPORT,KEEP_OR_ARCHIVE_REVIEW,MEDIUM,Historical report evidence; exclude from default read scope.
docs/reports/task_545_factor_adjusted_failure_state_suppression/failure_state_audit.csv,docs,.csv,528,HISTORICAL_REPORT,KEEP_OR_ARCHIVE_REVIEW,MEDIUM,Historical report evidence; exclude from default read scope.
docs/reports/task_545_factor_adjusted_failure_state_suppression/failure_state_suppression_candidate_panel.csv,docs,.csv,28915911,LARGE_REPORT_ARTIFACT,ARCHIVE_REVIEW,HIGH,Large report artifact; requires dependency-aware migration.
docs/reports/task_545_factor_adjusted_failure_state_suppression/failure_state_suppression_leakage_audit.csv,docs,.csv,230,HISTORICAL_REPORT,KEEP_OR_ARCHIVE_REVIEW,MEDIUM,Historical report evidence; exclude from default read scope.
docs/reports/task_545_factor_adjusted_failure_state_suppression/failure_state_suppression_quality.csv,docs,.csv,1169,HISTORICAL_REPORT,KEEP_OR_ARCHIVE_REVIEW,MEDIUM,Historical report evidence; exclude from default read scope.
docs/reports/task_545_factor_adjusted_failure_state_suppression/failure_state_suppression_split_quality.csv,docs,.csv,2213,HISTORICAL_REPORT,KEEP_OR_ARCHIVE_REVIEW,MEDIUM,Historical report evidence; exclude from default read scope.
docs/reports/task_545_factor_adjusted_failure_state_suppression/task_545_decision.csv,docs,.csv,283,HISTORICAL_REPORT,KEEP_OR_ARCHIVE_REVIEW,MEDIUM,Historical report evidence; exclude from default read scope.
docs/reports/task_545_factor_adjusted_failure_state_suppression/task_545_factor_adjusted_failure_state_suppression.md,docs,.md,1191,HISTORICAL_REPORT,KEEP_OR_ARCHIVE_REVIEW,MEDIUM,Historical report evidence; exclude from default read scope.
docs/reports/task_546_microstructure_live_capture_layer/decision_snapshot_contract.csv,docs,.csv,395,HISTORICAL_REPORT,KEEP_OR_ARCHIVE_REVIEW,MEDIUM,Historical report evidence; exclude from default read scope.
docs/reports/task_546_microstructure_live_capture_layer/decision_to_lifecycle_lineage_audit.csv,docs,.csv,167,HISTORICAL_REPORT,KEEP_OR_ARCHIVE_REVIEW,MEDIUM,Historical report evidence; exclude from default read scope.
docs/reports/task_546_microstructure_live_capture_layer/event_clock_consistency_contract.csv,docs,.csv,401,HISTORICAL_REPORT,KEEP_OR_ARCHIVE_REVIEW,MEDIUM,Historical report evidence; exclude from default read scope.
docs/reports/task_546_microstructure_live_capture_layer/microstructure_capture_readiness_gate.csv,docs,.csv,241,HISTORICAL_REPORT,KEEP_OR_ARCHIVE_REVIEW,MEDIUM,Historical report evidence; exclude from default read scope.
docs/reports/task_546_microstructure_live_capture_layer/microstructure_capture_schema.csv,docs,.csv,2274,HISTORICAL_REPORT,KEEP_OR_ARCHIVE_REVIEW,MEDIUM,Historical report evidence; exclude from default read scope.
docs/reports/task_546_microstructure_live_capture_layer/microstructure_failure_separation_hypothesis.csv,docs,.csv,401,HISTORICAL_REPORT,KEEP_OR_ARCHIVE_REVIEW,MEDIUM,Historical report evidence; exclude from default read scope.
docs/reports/task_546_microstructure_live_capture_layer/microstructure_feature_contract.csv,docs,.csv,681,HISTORICAL_REPORT,KEEP_OR_ARCHIVE_REVIEW,MEDIUM,Historical report evidence; exclude from default read scope.
docs/reports/task_546_microstructure_live_capture_layer/microstructure_live_source_contract.csv,docs,.csv,762,HISTORICAL_REPORT,KEEP_OR_ARCHIVE_REVIEW,MEDIUM,Historical report evidence; exclude from default read scope.
docs/reports/task_546_microstructure_live_capture_layer/microstructure_source_availability_audit.csv,docs,.csv,1356,HISTORICAL_REPORT,KEEP_OR_ARCHIVE_REVIEW,MEDIUM,Historical report evidence; exclude from default read scope.
docs/reports/task_546_microstructure_live_capture_layer/missing_microstructure_source_blocker_audit.csv,docs,.csv,793,HISTORICAL_REPORT,KEEP_OR_ARCHIVE_REVIEW,MEDIUM,Historical report evidence; exclude from default read scope.
docs/reports/task_546_microstructure_live_capture_layer/order_fill_microstructure_archive_contract.csv,docs,.csv,336,HISTORICAL_REPORT,KEEP_OR_ARCHIVE_REVIEW,MEDIUM,Historical report evidence; exclude from default read scope.
docs/reports/task_546_microstructure_live_capture_layer/paper_shadow_microstructure_order_lineage.csv,docs,.csv,14595,HISTORICAL_REPORT,KEEP_OR_ARCHIVE_REVIEW,MEDIUM,Historical report evidence; exclude from default read scope.
docs/reports/task_546_microstructure_live_capture_layer/task_546_microstructure_live_capture_plan.md,docs,.md,1051,HISTORICAL_REPORT,KEEP_OR_ARCHIVE_REVIEW,MEDIUM,Historical report evidence; exclude from default read scope.
docs/reports/task_546_microstructure_live_capture_layer/task_546_next_action_queue.csv,docs,.csv,488,HISTORICAL_REPORT,KEEP_OR_ARCHIVE_REVIEW,MEDIUM,Historical report evidence; exclude from default read scope.
docs/reports/task_546_microstructure_live_capture_layer/task_546a_decision.csv,docs,.csv,193,HISTORICAL_REPORT,KEEP_OR_ARCHIVE_REVIEW,MEDIUM,Historical report evidence; exclude from default read scope.
docs/reports/task_546_microstructure_live_capture_layer/task_546b_decision.csv,docs,.csv,201,HISTORICAL_REPORT,KEEP_OR_ARCHIVE_REVIEW,MEDIUM,Historical report evidence; exclude from default read scope.
docs/reports/task_546_microstructure_live_capture_layer/task_546c_decision.csv,docs,.csv,187,HISTORICAL_REPORT,KEEP_OR_ARCHIVE_REVIEW,MEDIUM,Historical report evidence; exclude from default read scope.
docs/reports/task_546_microstructure_live_capture_layer/task_546d_decision.csv,docs,.csv,191,HISTORICAL_REPORT,KEEP_OR_ARCHIVE_REVIEW,MEDIUM,Historical report evidence; exclude from default read scope.
docs/reports/task_546_microstructure_live_capture_layer/task_546e_decision.csv,docs,.csv,155,HISTORICAL_REPORT,KEEP_OR_ARCHIVE_REVIEW,MEDIUM,Historical report evidence; exclude from default read scope.
docs/reports/task_547_paper_shadow_microstructure_capture_run/decision_microstructure_snapshot_log.csv,docs,.csv,16333,HISTORICAL_REPORT,KEEP_OR_ARCHIVE_REVIEW,MEDIUM,Historical report evidence; exclude from default read scope.
docs/reports/task_547_paper_shadow_microstructure_capture_run/latest_microstructure_state_cache.csv,docs,.csv,426,HISTORICAL_REPORT,KEEP_OR_ARCHIVE_REVIEW,MEDIUM,Historical report evidence; exclude from default read scope.
docs/reports/task_547_paper_shadow_microstructure_capture_run/microstructure_feature_lineage_log.csv,docs,.csv,36519,HISTORICAL_REPORT,KEEP_OR_ARCHIVE_REVIEW,MEDIUM,Historical report evidence; exclude from default read scope.
docs/reports/task_547_paper_shadow_microstructure_capture_run/paper_shadow_microstructure_order_lineage.csv,docs,.csv,14844,HISTORICAL_REPORT,KEEP_OR_ARCHIVE_REVIEW,MEDIUM,Historical report evidence; exclude from default read scope.
docs/reports/task_547_paper_shadow_microstructure_capture_run/pre_action_snapshot_timing_audit.csv,docs,.csv,168,HISTORICAL_REPORT,KEEP_OR_ARCHIVE_REVIEW,MEDIUM,Historical report evidence; exclude from default read scope.
docs/reports/task_547_paper_shadow_microstructure_capture_run/raw_stream_capture_source_audit.csv,docs,.csv,404,HISTORICAL_REPORT,KEEP_OR_ARCHIVE_REVIEW,MEDIUM,Historical report evidence; exclude from default read scope.
docs/reports/task_547_paper_shadow_microstructure_capture_run/task_547_decision.csv,docs,.csv,393,HISTORICAL_REPORT,KEEP_OR_ARCHIVE_REVIEW,MEDIUM,Historical report evidence; exclude from default read scope.
docs/reports/task_547_paper_shadow_microstructure_capture_run/task_547_paper_shadow_microstructure_capture_run.md,docs,.md,1112,HISTORICAL_REPORT,KEEP_OR_ARCHIVE_REVIEW,MEDIUM,Historical report evidence; exclude from default read scope.
docs/reports/task_548_market_theme_regime_feature_expansion/market_regime_feature_source_audit.csv,docs,.csv,397,HISTORICAL_REPORT,KEEP_OR_ARCHIVE_REVIEW,MEDIUM,Historical report evidence; exclude from default read scope.
docs/reports/task_548_market_theme_regime_feature_expansion/market_regime_v5_panel_sample.csv,docs,.csv,381226,HISTORICAL_REPORT,KEEP_OR_ARCHIVE_REVIEW,MEDIUM,Historical report evidence; exclude from default read scope.
docs/reports/task_548_market_theme_regime_feature_expansion/regime_transition_lag_audit.csv,docs,.csv,708,HISTORICAL_REPORT,KEEP_OR_ARCHIVE_REVIEW,MEDIUM,Historical report evidence; exclude from default read scope.
docs/reports/task_548_market_theme_regime_feature_expansion/regime_v4_split_quality.csv,docs,.csv,708,HISTORICAL_REPORT,KEEP_OR_ARCHIVE_REVIEW,MEDIUM,Historical report evidence; exclude from default read scope.
docs/reports/task_548_market_theme_regime_feature_expansion/task_548_decision.csv,docs,.csv,195,HISTORICAL_REPORT,KEEP_OR_ARCHIVE_REVIEW,MEDIUM,Historical report evidence; exclude from default read scope.
docs/reports/task_548_market_theme_regime_feature_expansion/task_548_market_theme_regime_feature_expansion.md,docs,.md,528,HISTORICAL_REPORT,KEEP_OR_ARCHIVE_REVIEW,MEDIUM,Historical report evidence; exclude from default read scope.
docs/reports/task_549_theme_universe_leadership_contract/task_549_decision.csv,docs,.csv,197,HISTORICAL_REPORT,KEEP_OR_ARCHIVE_REVIEW,MEDIUM,Historical report evidence; exclude from default read scope.
docs/reports/task_549_theme_universe_leadership_contract/task_549_theme_universe_leadership_contract.md,docs,.md,543,HISTORICAL_REPORT,KEEP_OR_ARCHIVE_REVIEW,MEDIUM,Historical report evidence; exclude from default read scope.
docs/reports/task_549_theme_universe_leadership_contract/theme_rotation_audit.csv,docs,.csv,18460,HISTORICAL_REPORT,KEEP_OR_ARCHIVE_REVIEW,MEDIUM,Historical report evidence; exclude from default read scope.
docs/reports/task_549_theme_universe_leadership_contract/theme_universe_contract_audit.csv,docs,.csv,1603,HISTORICAL_REPORT,KEEP_OR_ARCHIVE_REVIEW,MEDIUM,Historical report evidence; exclude from default read scope.
docs/reports/task_550_anchored_vwap_band_walk_continuation/anchored_vwap_factor_audit.csv,docs,.csv,268,HISTORICAL_REPORT,KEEP_OR_ARCHIVE_REVIEW,MEDIUM,Historical report evidence; exclude from default read scope.
docs/reports/task_550_anchored_vwap_band_walk_continuation/band_walk_continuation_quality.csv,docs,.csv,949,HISTORICAL_REPORT,KEEP_OR_ARCHIVE_REVIEW,MEDIUM,Historical report evidence; exclude from default read scope.
docs/reports/task_550_anchored_vwap_band_walk_continuation/entry_reduce_separation_v2.csv,docs,.csv,15324,HISTORICAL_REPORT,KEEP_OR_ARCHIVE_REVIEW,MEDIUM,Historical report evidence; exclude from default read scope.
docs/reports/task_550_anchored_vwap_band_walk_continuation/task_550_anchored_vwap_band_walk_continuation.md,docs,.md,499,HISTORICAL_REPORT,KEEP_OR_ARCHIVE_REVIEW,MEDIUM,Historical report evidence; exclude from default read scope.
docs/reports/task_550_anchored_vwap_band_walk_continuation/task_550_decision.csv,docs,.csv,198,HISTORICAL_REPORT,KEEP_OR_ARCHIVE_REVIEW,MEDIUM,Historical report evidence; exclude from default read scope.
docs/reports/task_551_microstructure_source_capture_upgrade/full_depth_provider_blocker.csv,docs,.csv,155,HISTORICAL_REPORT,KEEP_OR_ARCHIVE_REVIEW,MEDIUM,Historical report evidence; exclude from default read scope.
docs/reports/task_551_microstructure_source_capture_upgrade/microstructure_source_contract_v2.csv,docs,.csv,497,HISTORICAL_REPORT,KEEP_OR_ARCHIVE_REVIEW,MEDIUM,Historical report evidence; exclude from default read scope.
docs/reports/task_551_microstructure_source_capture_upgrade/nbbo_capture_schema.csv,docs,.csv,170,HISTORICAL_REPORT,KEEP_OR_ARCHIVE_REVIEW,MEDIUM,Historical report evidence; exclude from default read scope.
docs/reports/task_551_microstructure_source_capture_upgrade/status_luld_source_blocker.csv,docs,.csv,198,HISTORICAL_REPORT,KEEP_OR_ARCHIVE_REVIEW,MEDIUM,Historical report evidence; exclude from default read scope.
docs/reports/task_551_microstructure_source_capture_upgrade/task_551_decision.csv,docs,.csv,208,HISTORICAL_REPORT,KEEP_OR_ARCHIVE_REVIEW,MEDIUM,Historical report evidence; exclude from default read scope.
docs/reports/task_551_microstructure_source_capture_upgrade/task_551_microstructure_source_capture_upgrade.md,docs,.md,473,HISTORICAL_REPORT,KEEP_OR_ARCHIVE_REVIEW,MEDIUM,Historical report evidence; exclude from default read scope.
docs/reports/task_552_broker_truth_fill_execution_archive/broker_order_fill_archive_contract.csv,docs,.csv,284,HISTORICAL_REPORT,KEEP_OR_ARCHIVE_REVIEW,MEDIUM,Historical report evidence; exclude from default read scope.
docs/reports/task_552_broker_truth_fill_execution_archive/decision_order_fill_lineage_audit.csv,docs,.csv,136,HISTORICAL_REPORT,KEEP_OR_ARCHIVE_REVIEW,MEDIUM,Historical report evidence; exclude from default read scope.
docs/reports/task_552_broker_truth_fill_execution_archive/execution_truth_gap_audit.csv,docs,.csv,148,HISTORICAL_REPORT,KEEP_OR_ARCHIVE_REVIEW,MEDIUM,Historical report evidence; exclude from default read scope.
docs/reports/task_552_broker_truth_fill_execution_archive/task_552_broker_truth_fill_execution_archive.md,docs,.md,473,HISTORICAL_REPORT,KEEP_OR_ARCHIVE_REVIEW,MEDIUM,Historical report evidence; exclude from default read scope.
docs/reports/task_552_broker_truth_fill_execution_archive/task_552_decision.csv,docs,.csv,213,HISTORICAL_REPORT,KEEP_OR_ARCHIVE_REVIEW,MEDIUM,Historical report evidence; exclude from default read scope.
docs/reports/task_553_portfolio_realism_simulator/cost_stress_portfolio_quality.csv,docs,.csv,305,HISTORICAL_REPORT,KEEP_OR_ARCHIVE_REVIEW,MEDIUM,Historical report evidence; exclude from default read scope.
docs/reports/task_553_portfolio_realism_simulator/portfolio_risk_quality.csv,docs,.csv,226,HISTORICAL_REPORT,KEEP_OR_ARCHIVE_REVIEW,MEDIUM,Historical report evidence; exclude from default read scope.
docs/reports/task_553_portfolio_realism_simulator/symbol_concentration_audit.csv,docs,.csv,302,HISTORICAL_REPORT,KEEP_OR_ARCHIVE_REVIEW,MEDIUM,Historical report evidence; exclude from default read scope.
docs/reports/task_553_portfolio_realism_simulator/task_553_decision.csv,docs,.csv,165,HISTORICAL_REPORT,KEEP_OR_ARCHIVE_REVIEW,MEDIUM,Historical report evidence; exclude from default read scope.
docs/reports/task_553_portfolio_realism_simulator/task_553_portfolio_realism_simulator.md,docs,.md,473,HISTORICAL_REPORT,KEEP_OR_ARCHIVE_REVIEW,MEDIUM,Historical report evidence; exclude from default read scope.
docs/reports/task_554_artifact_schema_metadata_governance/artifact_manifest_v2_sample.csv,docs,.csv,326,HISTORICAL_REPORT,KEEP_OR_ARCHIVE_REVIEW,MEDIUM,Historical report evidence; exclude from default read scope.
docs/reports/task_554_artifact_schema_metadata_governance/artifact_schema_validation_audit.csv,docs,.csv,143,HISTORICAL_REPORT,KEEP_OR_ARCHIVE_REVIEW,MEDIUM,Historical report evidence; exclude from default read scope.
docs/reports/task_554_artifact_schema_metadata_governance/task_554_artifact_schema_metadata_governance.md,docs,.md,473,HISTORICAL_REPORT,KEEP_OR_ARCHIVE_REVIEW,MEDIUM,Historical report evidence; exclude from default read scope.
docs/reports/task_554_artifact_schema_metadata_governance/task_554_decision.csv,docs,.csv,151,HISTORICAL_REPORT,KEEP_OR_ARCHIVE_REVIEW,MEDIUM,Historical report evidence; exclude from default read scope.
docs/reports/task_555_frontend_regime_evidence_visualization/frontend_visual_evidence_contract.md,docs,.md,391,HISTORICAL_REPORT,KEEP_OR_ARCHIVE_REVIEW,MEDIUM,Historical report evidence; exclude from default read scope.
docs/reports/task_555_frontend_regime_evidence_visualization/frontend_visual_evidence_feature_plan.csv,docs,.csv,502,HISTORICAL_REPORT,KEEP_OR_ARCHIVE_REVIEW,MEDIUM,Historical report evidence; exclude from default read scope.
docs/reports/task_555_frontend_regime_evidence_visualization/task_555_decision.csv,docs,.csv,177,HISTORICAL_REPORT,KEEP_OR_ARCHIVE_REVIEW,MEDIUM,Historical report evidence; exclude from default read scope.
docs/reports/task_555_frontend_regime_evidence_visualization/task_555_frontend_regime_evidence_visualization.md,docs,.md,476,HISTORICAL_REPORT,KEEP_OR_ARCHIVE_REVIEW,MEDIUM,Historical report evidence; exclude from default read scope.
docs/reports/task_556_vwap_bandwalk_portfolio_revalidation/task_556_decision.csv,docs,.csv,362,HISTORICAL_REPORT,KEEP_OR_ARCHIVE_REVIEW,MEDIUM,Historical report evidence; exclude from default read scope.
docs/reports/task_556_vwap_bandwalk_portfolio_revalidation/task_556_vwap_bandwalk_portfolio_revalidation.md,docs,.md,1527,HISTORICAL_REPORT,KEEP_OR_ARCHIVE_REVIEW,MEDIUM,Historical report evidence; exclude from default read scope.
docs/reports/task_556_vwap_bandwalk_portfolio_revalidation/vwap_bandwalk_candidate_set_quality.csv,docs,.csv,11292,HISTORICAL_REPORT,KEEP_OR_ARCHIVE_REVIEW,MEDIUM,Historical report evidence; exclude from default read scope.
docs/reports/task_556_vwap_bandwalk_portfolio_revalidation/vwap_bandwalk_concentration_audit.csv,docs,.csv,90136,HISTORICAL_REPORT,KEEP_OR_ARCHIVE_REVIEW,MEDIUM,Historical report evidence; exclude from default read scope.
docs/reports/task_556_vwap_bandwalk_portfolio_revalidation/vwap_bandwalk_entry_reduce_audit.csv,docs,.csv,12828,HISTORICAL_REPORT,KEEP_OR_ARCHIVE_REVIEW,MEDIUM,Historical report evidence; exclude from default read scope.
docs/reports/task_556_vwap_bandwalk_portfolio_revalidation/vwap_bandwalk_leakage_audit.csv,docs,.csv,842,HISTORICAL_REPORT,KEEP_OR_ARCHIVE_REVIEW,MEDIUM,Historical report evidence; exclude from default read scope.
docs/reports/task_556_vwap_bandwalk_portfolio_revalidation/vwap_bandwalk_portfolio_quality.csv,docs,.csv,10072,HISTORICAL_REPORT,KEEP_OR_ARCHIVE_REVIEW,MEDIUM,Historical report evidence; exclude from default read scope.
docs/reports/task_556_vwap_bandwalk_portfolio_revalidation/vwap_bandwalk_quarterly_quality.csv,docs,.csv,85232,HISTORICAL_REPORT,KEEP_OR_ARCHIVE_REVIEW,MEDIUM,Historical report evidence; exclude from default read scope.
docs/reports/task_556_vwap_bandwalk_portfolio_revalidation/vwap_bandwalk_split_quality.csv,docs,.csv,29630,HISTORICAL_REPORT,KEEP_OR_ARCHIVE_REVIEW,MEDIUM,Historical report evidence; exclude from default read scope.
docs/reports/task_557_vwap_acceptance_ontology_rebuild/task_557_decision.csv,docs,.csv,191,HISTORICAL_REPORT,KEEP_OR_ARCHIVE_REVIEW,MEDIUM,Historical report evidence; exclude from default read scope.
docs/reports/task_557_vwap_acceptance_ontology_rebuild/task_557_vwap_acceptance_ontology_rebuild.md,docs,.md,782,HISTORICAL_REPORT,KEEP_OR_ARCHIVE_REVIEW,MEDIUM,Historical report evidence; exclude from default read scope.
docs/reports/task_557_vwap_acceptance_ontology_rebuild/vwap_acceptance_ontology_leakage_audit.csv,docs,.csv,224,HISTORICAL_REPORT,KEEP_OR_ARCHIVE_REVIEW,MEDIUM,Historical report evidence; exclude from default read scope.
docs/reports/task_557_vwap_acceptance_ontology_rebuild/vwap_acceptance_ontology_quality.csv,docs,.csv,1378,HISTORICAL_REPORT,KEEP_OR_ARCHIVE_REVIEW,MEDIUM,Historical report evidence; exclude from default read scope.
docs/reports/task_557_vwap_acceptance_ontology_rebuild/vwap_acceptance_ontology_split_quality.csv,docs,.csv,3925,HISTORICAL_REPORT,KEEP_OR_ARCHIVE_REVIEW,MEDIUM,Historical report evidence; exclude from default read scope.
docs/reports/task_558_pullback_acceptance_true_failure_test/pullback_acceptance_context_quality.csv,docs,.csv,1753,HISTORICAL_REPORT,KEEP_OR_ARCHIVE_REVIEW,MEDIUM,Historical report evidence; exclude from default read scope.
docs/reports/task_558_pullback_acceptance_true_failure_test/pullback_acceptance_split_quality.csv,docs,.csv,1537,HISTORICAL_REPORT,KEEP_OR_ARCHIVE_REVIEW,MEDIUM,Historical report evidence; exclude from default read scope.
docs/reports/task_558_pullback_acceptance_true_failure_test/pullback_acceptance_true_failure_panel.csv,docs,.csv,29903667,LARGE_REPORT_ARTIFACT,ARCHIVE_REVIEW,HIGH,Large report artifact; requires dependency-aware migration.
docs/reports/task_558_pullback_acceptance_true_failure_test/pullback_acceptance_true_failure_quality.csv,docs,.csv,984,HISTORICAL_REPORT,KEEP_OR_ARCHIVE_REVIEW,MEDIUM,Historical report evidence; exclude from default read scope.
docs/reports/task_558_pullback_acceptance_true_failure_test/task_558_decision.csv,docs,.csv,195,HISTORICAL_REPORT,KEEP_OR_ARCHIVE_REVIEW,MEDIUM,Historical report evidence; exclude from default read scope.
docs/reports/task_558_pullback_acceptance_true_failure_test/task_558_pullback_acceptance_true_failure_test.md,docs,.md,755,HISTORICAL_REPORT,KEEP_OR_ARCHIVE_REVIEW,MEDIUM,Historical report evidence; exclude from default read scope.
docs/reports/task_559_context_gate_reattach/context_gate_v3_quality.csv,docs,.csv,631,HISTORICAL_REPORT,KEEP_OR_ARCHIVE_REVIEW,MEDIUM,Historical report evidence; exclude from default read scope.
docs/reports/task_559_context_gate_reattach/context_gate_v3_quarterly_quality.csv,docs,.csv,5140,HISTORICAL_REPORT,KEEP_OR_ARCHIVE_REVIEW,MEDIUM,Historical report evidence; exclude from default read scope.
docs/reports/task_559_context_gate_reattach/context_gate_v3_split_quality.csv,docs,.csv,1699,HISTORICAL_REPORT,KEEP_OR_ARCHIVE_REVIEW,MEDIUM,Historical report evidence; exclude from default read scope.
docs/reports/task_559_context_gate_reattach/task_559_context_gate_reattach.md,docs,.md,710,HISTORICAL_REPORT,KEEP_OR_ARCHIVE_REVIEW,MEDIUM,Historical report evidence; exclude from default read scope.
docs/reports/task_559_context_gate_reattach/task_559_decision.csv,docs,.csv,213,HISTORICAL_REPORT,KEEP_OR_ARCHIVE_REVIEW,MEDIUM,Historical report evidence; exclude from default read scope.
docs/reports/task_560_microstructure_confirmation_requirement/microstructure_confirmation_feature_contract.csv,docs,.csv,857,HISTORICAL_REPORT,KEEP_OR_ARCHIVE_REVIEW,MEDIUM,Historical report evidence; exclude from default read scope.
docs/reports/task_560_microstructure_confirmation_requirement/microstructure_confirmation_hypothesis.csv,docs,.csv,395,HISTORICAL_REPORT,KEEP_OR_ARCHIVE_REVIEW,MEDIUM,Historical report evidence; exclude from default read scope.
docs/reports/task_560_microstructure_confirmation_requirement/microstructure_confirmation_readiness_gate.csv,docs,.csv,172,HISTORICAL_REPORT,KEEP_OR_ARCHIVE_REVIEW,MEDIUM,Historical report evidence; exclude from default read scope.
docs/reports/task_560_microstructure_confirmation_requirement/task_560_decision.csv,docs,.csv,169,HISTORICAL_REPORT,KEEP_OR_ARCHIVE_REVIEW,MEDIUM,Historical report evidence; exclude from default read scope.
docs/reports/task_560_microstructure_confirmation_requirement/task_560_microstructure_confirmation_requirement.md,docs,.md,712,HISTORICAL_REPORT,KEEP_OR_ARCHIVE_REVIEW,MEDIUM,Historical report evidence; exclude from default read scope.
docs/reports/task_561_regime_theme_gate_failure_decomposition/context_gate_failure_decomposition.csv,docs,.csv,466,HISTORICAL_REPORT,KEEP_OR_ARCHIVE_REVIEW,MEDIUM,Historical report evidence; exclude from default read scope.
docs/reports/task_561_regime_theme_gate_failure_decomposition/context_gate_quality.csv,docs,.csv,564,HISTORICAL_REPORT,KEEP_OR_ARCHIVE_REVIEW,MEDIUM,Historical report evidence; exclude from default read scope.
docs/reports/task_561_regime_theme_gate_failure_decomposition/context_gate_quarterly_quality.csv,docs,.csv,4579,HISTORICAL_REPORT,KEEP_OR_ARCHIVE_REVIEW,MEDIUM,Historical report evidence; exclude from default read scope.
docs/reports/task_561_regime_theme_gate_failure_decomposition/context_gate_split_quality.csv,docs,.csv,1531,HISTORICAL_REPORT,KEEP_OR_ARCHIVE_REVIEW,MEDIUM,Historical report evidence; exclude from default read scope.
docs/reports/task_561_regime_theme_gate_failure_decomposition/context_gate_state_matrix.csv,docs,.csv,4694,HISTORICAL_REPORT,KEEP_OR_ARCHIVE_REVIEW,MEDIUM,Historical report evidence; exclude from default read scope.
docs/reports/task_561_regime_theme_gate_failure_decomposition/task_561_decision.csv,docs,.csv,259,HISTORICAL_REPORT,KEEP_OR_ARCHIVE_REVIEW,MEDIUM,Historical report evidence; exclude from default read scope.
docs/reports/task_561_regime_theme_gate_failure_decomposition/task_561_regime_theme_gate_failure_decomposition.md,docs,.md,708,HISTORICAL_REPORT,KEEP_OR_ARCHIVE_REVIEW,MEDIUM,Historical report evidence; exclude from default read scope.
docs/reports/task_562_vwap_acceptance_oos_stability_test/task_562_decision.csv,docs,.csv,179,HISTORICAL_REPORT,KEEP_OR_ARCHIVE_REVIEW,MEDIUM,Historical report evidence; exclude from default read scope.
docs/reports/task_562_vwap_acceptance_oos_stability_test/task_562_vwap_acceptance_oos_stability_test.md,docs,.md,693,HISTORICAL_REPORT,KEEP_OR_ARCHIVE_REVIEW,MEDIUM,Historical report evidence; exclude from default read scope.
docs/reports/task_562_vwap_acceptance_oos_stability_test/vwap_acceptance_oos_stability_audit.csv,docs,.csv,1076,HISTORICAL_REPORT,KEEP_OR_ARCHIVE_REVIEW,MEDIUM,Historical report evidence; exclude from default read scope.
docs/reports/task_562_vwap_acceptance_oos_stability_test/vwap_acceptance_quarterly_quality.csv,docs,.csv,10058,HISTORICAL_REPORT,KEEP_OR_ARCHIVE_REVIEW,MEDIUM,Historical report evidence; exclude from default read scope.
docs/reports/task_562_vwap_acceptance_oos_stability_test/vwap_acceptance_split_quality.csv,docs,.csv,3471,HISTORICAL_REPORT,KEEP_OR_ARCHIVE_REVIEW,MEDIUM,Historical report evidence; exclude from default read scope.
docs/reports/task_562_vwap_acceptance_oos_stability_test/vwap_acceptance_state_quality.csv,docs,.csv,1205,HISTORICAL_REPORT,KEEP_OR_ARCHIVE_REVIEW,MEDIUM,Historical report evidence; exclude from default read scope.
docs/reports/task_562_vwap_acceptance_oos_stability_test/vwap_acceptance_symbol_quality.csv,docs,.csv,39818,HISTORICAL_REPORT,KEEP_OR_ARCHIVE_REVIEW,MEDIUM,Historical report evidence; exclude from default read scope.
docs/reports/task_562_vwap_acceptance_oos_stability_test/vwap_acceptance_theme_quality.csv,docs,.csv,11157,HISTORICAL_REPORT,KEEP_OR_ARCHIVE_REVIEW,MEDIUM,Historical report evidence; exclude from default read scope.
docs/reports/task_563_paper_shadow_microstructure_capture_activation/paper_shadow_capture_activation_plan.csv,docs,.csv,458,HISTORICAL_REPORT,KEEP_OR_ARCHIVE_REVIEW,MEDIUM,Historical report evidence; exclude from default read scope.
docs/reports/task_563_paper_shadow_microstructure_capture_activation/paper_shadow_capture_run_audit.csv,docs,.csv,250,HISTORICAL_REPORT,KEEP_OR_ARCHIVE_REVIEW,MEDIUM,Historical report evidence; exclude from default read scope.
docs/reports/task_563_paper_shadow_microstructure_capture_activation/paper_shadow_capture_schema_audit.csv,docs,.csv,310,HISTORICAL_REPORT,KEEP_OR_ARCHIVE_REVIEW,MEDIUM,Historical report evidence; exclude from default read scope.
docs/reports/task_563_paper_shadow_microstructure_capture_activation/task_563_decision.csv,docs,.csv,191,HISTORICAL_REPORT,KEEP_OR_ARCHIVE_REVIEW,MEDIUM,Historical report evidence; exclude from default read scope.
docs/reports/task_563_paper_shadow_microstructure_capture_activation/task_563_paper_shadow_microstructure_capture_activation.md,docs,.md,709,HISTORICAL_REPORT,KEEP_OR_ARCHIVE_REVIEW,MEDIUM,Historical report evidence; exclude from default read scope.
docs/reports/task_564_event_driven_replay_promotion_gate/event_driven_replay_next_action_queue.csv,docs,.csv,283,HISTORICAL_REPORT,KEEP_OR_ARCHIVE_REVIEW,MEDIUM,Historical report evidence; exclude from default read scope.
docs/reports/task_564_event_driven_replay_promotion_gate/event_driven_replay_promotion_gate.csv,docs,.csv,378,HISTORICAL_REPORT,KEEP_OR_ARCHIVE_REVIEW,MEDIUM,Historical report evidence; exclude from default read scope.
docs/reports/task_564_event_driven_replay_promotion_gate/task_564_decision.csv,docs,.csv,191,HISTORICAL_REPORT,KEEP_OR_ARCHIVE_REVIEW,MEDIUM,Historical report evidence; exclude from default read scope.
docs/reports/task_564_event_driven_replay_promotion_gate/task_564_event_driven_replay_promotion_gate.md,docs,.md,680,HISTORICAL_REPORT,KEEP_OR_ARCHIVE_REVIEW,MEDIUM,Historical report evidence; exclude from default read scope.
docs/reports/task_565_regime_vwap_microstructure_retest/regime_vwap_microstructure_grid_design.csv,docs,.csv,292,HISTORICAL_REPORT,KEEP_OR_ARCHIVE_REVIEW,MEDIUM,Historical report evidence; exclude from default read scope.
docs/reports/task_565_regime_vwap_microstructure_retest/regime_vwap_microstructure_retest_plan.csv,docs,.csv,182,HISTORICAL_REPORT,KEEP_OR_ARCHIVE_REVIEW,MEDIUM,Historical report evidence; exclude from default read scope.
docs/reports/task_565_regime_vwap_microstructure_retest/task_565_decision.csv,docs,.csv,188,HISTORICAL_REPORT,KEEP_OR_ARCHIVE_REVIEW,MEDIUM,Historical report evidence; exclude from default read scope.
docs/reports/task_565_regime_vwap_microstructure_retest/task_565_regime_vwap_microstructure_retest.md,docs,.md,632,HISTORICAL_REPORT,KEEP_OR_ARCHIVE_REVIEW,MEDIUM,Historical report evidence; exclude from default read scope.
docs/reports/task_566_hypothesis_validation_gate_refactor/firm_grade_hypothesis_contract.csv,docs,.csv,705,HISTORICAL_REPORT,KEEP_OR_ARCHIVE_REVIEW,MEDIUM,Historical report evidence; exclude from default read scope.
docs/reports/task_566_hypothesis_validation_gate_refactor/firm_grade_validation_gate_contract.csv,docs,.csv,350,HISTORICAL_REPORT,KEEP_OR_ARCHIVE_REVIEW,MEDIUM,Historical report evidence; exclude from default read scope.
docs/reports/task_566_hypothesis_validation_gate_refactor/overfit_guardrail_matrix.csv,docs,.csv,398,HISTORICAL_REPORT,KEEP_OR_ARCHIVE_REVIEW,MEDIUM,Historical report evidence; exclude from default read scope.
docs/reports/task_566_hypothesis_validation_gate_refactor/task_566_decision.csv,docs,.csv,176,HISTORICAL_REPORT,KEEP_OR_ARCHIVE_REVIEW,MEDIUM,Historical report evidence; exclude from default read scope.
docs/reports/task_566_hypothesis_validation_gate_refactor/task_566_hypothesis_validation_gate_refactor.md,docs,.md,816,HISTORICAL_REPORT,KEEP_OR_ARCHIVE_REVIEW,MEDIUM,Historical report evidence; exclude from default read scope.
docs/reports/task_566_hypothesis_validation_gate_refactor/team_perfect_goal_contract.csv,docs,.csv,1097,HISTORICAL_REPORT,KEEP_OR_ARCHIVE_REVIEW,MEDIUM,Historical report evidence; exclude from default read scope.
docs/reports/task_567_capital_flow_regime_v6/capital_flow_regime_v6_quality.csv,docs,.csv,747,HISTORICAL_REPORT,KEEP_OR_ARCHIVE_REVIEW,MEDIUM,Historical report evidence; exclude from default read scope.
docs/reports/task_567_capital_flow_regime_v6/capital_flow_regime_v6_source_audit.csv,docs,.csv,303,HISTORICAL_REPORT,KEEP_OR_ARCHIVE_REVIEW,MEDIUM,Historical report evidence; exclude from default read scope.
docs/reports/task_567_capital_flow_regime_v6/capital_flow_regime_v6_split_quality.csv,docs,.csv,1712,HISTORICAL_REPORT,KEEP_OR_ARCHIVE_REVIEW,MEDIUM,Historical report evidence; exclude from default read scope.
docs/reports/task_567_capital_flow_regime_v6/capital_flow_regime_v6_theme_quality.csv,docs,.csv,6150,HISTORICAL_REPORT,KEEP_OR_ARCHIVE_REVIEW,MEDIUM,Historical report evidence; exclude from default read scope.
docs/reports/task_567_capital_flow_regime_v6/task_567_capital_flow_regime_v6.md,docs,.md,729,HISTORICAL_REPORT,KEEP_OR_ARCHIVE_REVIEW,MEDIUM,Historical report evidence; exclude from default read scope.
docs/reports/task_567_capital_flow_regime_v6/task_567_decision.csv,docs,.csv,195,HISTORICAL_REPORT,KEEP_OR_ARCHIVE_REVIEW,MEDIUM,Historical report evidence; exclude from default read scope.
docs/reports/task_568_vwap_pullback_sleeve_robustness/task_568_decision.csv,docs,.csv,174,HISTORICAL_REPORT,KEEP_OR_ARCHIVE_REVIEW,MEDIUM,Historical report evidence; exclude from default read scope.
docs/reports/task_568_vwap_pullback_sleeve_robustness/task_568_vwap_pullback_sleeve_robustness.md,docs,.md,698,HISTORICAL_REPORT,KEEP_OR_ARCHIVE_REVIEW,MEDIUM,Historical report evidence; exclude from default read scope.
docs/reports/task_568_vwap_pullback_sleeve_robustness/vwap_pullback_sleeve_concentration_audit.csv,docs,.csv,1578,HISTORICAL_REPORT,KEEP_OR_ARCHIVE_REVIEW,MEDIUM,Historical report evidence; exclude from default read scope.
docs/reports/task_568_vwap_pullback_sleeve_robustness/vwap_pullback_sleeve_quality.csv,docs,.csv,550,HISTORICAL_REPORT,KEEP_OR_ARCHIVE_REVIEW,MEDIUM,Historical report evidence; exclude from default read scope.
docs/reports/task_568_vwap_pullback_sleeve_robustness/vwap_pullback_sleeve_quarterly_quality.csv,docs,.csv,4328,HISTORICAL_REPORT,KEEP_OR_ARCHIVE_REVIEW,MEDIUM,Historical report evidence; exclude from default read scope.
docs/reports/task_568_vwap_pullback_sleeve_robustness/vwap_pullback_sleeve_robustness_audit.csv,docs,.csv,447,HISTORICAL_REPORT,KEEP_OR_ARCHIVE_REVIEW,MEDIUM,Historical report evidence; exclude from default read scope.
docs/reports/task_568_vwap_pullback_sleeve_robustness/vwap_pullback_sleeve_split_quality.csv,docs,.csv,1490,HISTORICAL_REPORT,KEEP_OR_ARCHIVE_REVIEW,MEDIUM,Historical report evidence; exclude from default read scope.
docs/reports/task_568_vwap_pullback_sleeve_robustness/vwap_pullback_sleeve_symbol_quality.csv,docs,.csv,18749,HISTORICAL_REPORT,KEEP_OR_ARCHIVE_REVIEW,MEDIUM,Historical report evidence; exclude from default read scope.
docs/reports/task_568_vwap_pullback_sleeve_robustness/vwap_pullback_sleeve_theme_quality.csv,docs,.csv,4723,HISTORICAL_REPORT,KEEP_OR_ARCHIVE_REVIEW,MEDIUM,Historical report evidence; exclude from default read scope.
docs/reports/task_569_paper_shadow_microstructure_capture_run/paper_shadow_market_hours_activation_checklist.csv,docs,.csv,387,HISTORICAL_REPORT,KEEP_OR_ARCHIVE_REVIEW,MEDIUM,Historical report evidence; exclude from default read scope.
docs/reports/task_569_paper_shadow_microstructure_capture_run/paper_shadow_microstructure_capture_run_audit.csv,docs,.csv,185,HISTORICAL_REPORT,KEEP_OR_ARCHIVE_REVIEW,MEDIUM,Historical report evidence; exclude from default read scope.
docs/reports/task_569_paper_shadow_microstructure_capture_run/paper_shadow_missing_source_audit.csv,docs,.csv,89,HISTORICAL_REPORT,KEEP_OR_ARCHIVE_REVIEW,MEDIUM,Historical report evidence; exclude from default read scope.
docs/reports/task_569_paper_shadow_microstructure_capture_run/task_569_decision.csv,docs,.csv,200,HISTORICAL_REPORT,KEEP_OR_ARCHIVE_REVIEW,MEDIUM,Historical report evidence; exclude from default read scope.
docs/reports/task_569_paper_shadow_microstructure_capture_run/task_569_paper_shadow_microstructure_capture_run.md,docs,.md,731,HISTORICAL_REPORT,KEEP_OR_ARCHIVE_REVIEW,MEDIUM,Historical report evidence; exclude from default read scope.
docs/reports/task_570_event_driven_replay_promotion/event_driven_replay_next_action_queue_v2.csv,docs,.csv,473,HISTORICAL_REPORT,KEEP_OR_ARCHIVE_REVIEW,MEDIUM,Historical report evidence; exclude from default read scope.
docs/reports/task_570_event_driven_replay_promotion/event_driven_replay_promotion_gate_v2.csv,docs,.csv,350,HISTORICAL_REPORT,KEEP_OR_ARCHIVE_REVIEW,MEDIUM,Historical report evidence; exclude from default read scope.
docs/reports/task_570_event_driven_replay_promotion/task_570_decision.csv,docs,.csv,158,HISTORICAL_REPORT,KEEP_OR_ARCHIVE_REVIEW,MEDIUM,Historical report evidence; exclude from default read scope.
docs/reports/task_570_event_driven_replay_promotion/task_570_event_driven_replay_promotion.md,docs,.md,710,HISTORICAL_REPORT,KEEP_OR_ARCHIVE_REVIEW,MEDIUM,Historical report evidence; exclude from default read scope.
docs/reports/task_571_alpaca_sip_microstructure_capture_activation/alpaca_capture_command_contract.csv,docs,.csv,948,HISTORICAL_REPORT,KEEP_OR_ARCHIVE_REVIEW,MEDIUM,Historical report evidence; exclude from default read scope.
docs/reports/task_571_alpaca_sip_microstructure_capture_activation/alpaca_capture_readiness_gate.csv,docs,.csv,355,HISTORICAL_REPORT,KEEP_OR_ARCHIVE_REVIEW,MEDIUM,Historical report evidence; exclude from default read scope.
docs/reports/task_571_alpaca_sip_microstructure_capture_activation/alpaca_credential_env_audit.csv,docs,.csv,140,HISTORICAL_REPORT,KEEP_OR_ARCHIVE_REVIEW,MEDIUM,Historical report evidence; exclude from default read scope.
docs/reports/task_571_alpaca_sip_microstructure_capture_activation/alpaca_feed_scope_audit.csv,docs,.csv,239,HISTORICAL_REPORT,KEEP_OR_ARCHIVE_REVIEW,MEDIUM,Historical report evidence; exclude from default read scope.
docs/reports/task_571_alpaca_sip_microstructure_capture_activation/alpaca_stream_archive_audit.csv,docs,.csv,439,HISTORICAL_REPORT,KEEP_OR_ARCHIVE_REVIEW,MEDIUM,Historical report evidence; exclude from default read scope.
docs/reports/task_571_alpaca_sip_microstructure_capture_activation/alpaca_stream_client_audit.csv,docs,.csv,197,HISTORICAL_REPORT,KEEP_OR_ARCHIVE_REVIEW,MEDIUM,Historical report evidence; exclude from default read scope.
docs/reports/task_571_alpaca_sip_microstructure_capture_activation/latest_microstructure_state_preview.csv,docs,.csv,426,HISTORICAL_REPORT,KEEP_OR_ARCHIVE_REVIEW,MEDIUM,Historical report evidence; exclude from default read scope.
docs/reports/task_571_alpaca_sip_microstructure_capture_activation/task_571_alpaca_sip_microstructure_capture_activation.md,docs,.md,1182,HISTORICAL_REPORT,KEEP_OR_ARCHIVE_REVIEW,MEDIUM,Historical report evidence; exclude from default read scope.
docs/reports/task_571_alpaca_sip_microstructure_capture_activation/task_571_decision.csv,docs,.csv,376,HISTORICAL_REPORT,KEEP_OR_ARCHIVE_REVIEW,MEDIUM,Historical report evidence; exclude from default read scope.
docs/reports/task_572_historical_quote_trade_source_acquisition/historical_microstructure_download_command_contract.csv,docs,.csv,3361,HISTORICAL_REPORT,KEEP_OR_ARCHIVE_REVIEW,MEDIUM,Historical report evidence; exclude from default read scope.
docs/reports/task_572_historical_quote_trade_source_acquisition/historical_microstructure_raw_file_audit.csv,docs,.csv,28767,HISTORICAL_REPORT,KEEP_OR_ARCHIVE_REVIEW,MEDIUM,Historical report evidence; exclude from default read scope.
docs/reports/task_572_historical_quote_trade_source_acquisition/historical_microstructure_source_contract.csv,docs,.csv,473,HISTORICAL_REPORT,KEEP_OR_ARCHIVE_REVIEW,MEDIUM,Historical report evidence; exclude from default read scope.
docs/reports/task_572_historical_quote_trade_source_acquisition/task_572_decision.csv,docs,.csv,320,HISTORICAL_REPORT,KEEP_OR_ARCHIVE_REVIEW,MEDIUM,Historical report evidence; exclude from default read scope.
docs/reports/task_572_historical_quote_trade_source_acquisition/task_572_historical_quote_trade_source_acquisition.md,docs,.md,1029,HISTORICAL_REPORT,KEEP_OR_ARCHIVE_REVIEW,MEDIUM,Historical report evidence; exclude from default read scope.
docs/reports/task_573_historical_nbbo_feature_rebuild/historical_nbbo_feature_coverage_audit.csv,docs,.csv,231,HISTORICAL_REPORT,KEEP_OR_ARCHIVE_REVIEW,MEDIUM,Historical report evidence; exclude from default read scope.
docs/reports/task_573_historical_nbbo_feature_rebuild/historical_nbbo_feature_lineage_audit.csv,docs,.csv,407,HISTORICAL_REPORT,KEEP_OR_ARCHIVE_REVIEW,MEDIUM,Historical report evidence; exclude from default read scope.
docs/reports/task_573_historical_nbbo_feature_rebuild/task_573_decision.csv,docs,.csv,252,HISTORICAL_REPORT,KEEP_OR_ARCHIVE_REVIEW,MEDIUM,Historical report evidence; exclude from default read scope.
docs/reports/task_573_historical_nbbo_feature_rebuild/task_573_historical_nbbo_feature_rebuild.md,docs,.md,870,HISTORICAL_REPORT,KEEP_OR_ARCHIVE_REVIEW,MEDIUM,Historical report evidence; exclude from default read scope.
docs/reports/task_574_historical_microstructure_failure_separation/historical_microstructure_bucket_quality.csv,docs,.csv,4236,HISTORICAL_REPORT,KEEP_OR_ARCHIVE_REVIEW,MEDIUM,Historical report evidence; exclude from default read scope.
docs/reports/task_574_historical_microstructure_failure_separation/historical_microstructure_failure_separation_audit.csv,docs,.csv,2039,HISTORICAL_REPORT,KEEP_OR_ARCHIVE_REVIEW,MEDIUM,Historical report evidence; exclude from default read scope.
docs/reports/task_574_historical_microstructure_failure_separation/task_574_decision.csv,docs,.csv,248,HISTORICAL_REPORT,KEEP_OR_ARCHIVE_REVIEW,MEDIUM,Historical report evidence; exclude from default read scope.
docs/reports/task_574_historical_microstructure_failure_separation/task_574_historical_microstructure_failure_separation.md,docs,.md,894,HISTORICAL_REPORT,KEEP_OR_ARCHIVE_REVIEW,MEDIUM,Historical report evidence; exclude from default read scope.
docs/reports/task_575_microstructure_download_integration_gate/historical_microstructure_integration_gate.csv,docs,.csv,397,HISTORICAL_REPORT,KEEP_OR_ARCHIVE_REVIEW,MEDIUM,Historical report evidence; exclude from default read scope.
docs/reports/task_575_microstructure_download_integration_gate/task_575_decision.csv,docs,.csv,286,HISTORICAL_REPORT,KEEP_OR_ARCHIVE_REVIEW,MEDIUM,Historical report evidence; exclude from default read scope.
docs/reports/task_575_microstructure_download_integration_gate/task_575_microstructure_download_integration_gate.md,docs,.md,851,HISTORICAL_REPORT,KEEP_OR_ARCHIVE_REVIEW,MEDIUM,Historical report evidence; exclude from default read scope.
docs/reports/task_576_microstructure_aware_continuation_backtest/task576_candidate_set_quality.csv,docs,.csv,856,HISTORICAL_REPORT,KEEP_OR_ARCHIVE_REVIEW,MEDIUM,Historical report evidence; exclude from default read scope.
docs/reports/task_576_microstructure_aware_continuation_backtest/task576_candidate_set_quarter_quality.csv,docs,.csv,6611,HISTORICAL_REPORT,KEEP_OR_ARCHIVE_REVIEW,MEDIUM,Historical report evidence; exclude from default read scope.
docs/reports/task_576_microstructure_aware_continuation_backtest/task576_candidate_set_split_quality.csv,docs,.csv,2506,HISTORICAL_REPORT,KEEP_OR_ARCHIVE_REVIEW,MEDIUM,Historical report evidence; exclude from default read scope.
docs/reports/task_576_microstructure_aware_continuation_backtest/task576_leakage_audit.csv,docs,.csv,236,HISTORICAL_REPORT,KEEP_OR_ARCHIVE_REVIEW,MEDIUM,Historical report evidence; exclude from default read scope.
docs/reports/task_576_microstructure_aware_continuation_backtest/task576_microstructure_state_quality.csv,docs,.csv,5789,HISTORICAL_REPORT,KEEP_OR_ARCHIVE_REVIEW,MEDIUM,Historical report evidence; exclude from default read scope.
docs/reports/task_576_microstructure_aware_continuation_backtest/task_576_decision.csv,docs,.csv,454,HISTORICAL_REPORT,KEEP_OR_ARCHIVE_REVIEW,MEDIUM,Historical report evidence; exclude from default read scope.
docs/reports/task_576_microstructure_aware_continuation_backtest/task_576_microstructure_aware_continuation_backtest.md,docs,.md,1314,HISTORICAL_REPORT,KEEP_OR_ARCHIVE_REVIEW,MEDIUM,Historical report evidence; exclude from default read scope.
docs/reports/task_577_historical_nbbo_trajectory_factor_rebuild/nbbo_trajectory_coverage_audit.csv,docs,.csv,197,HISTORICAL_REPORT,KEEP_OR_ARCHIVE_REVIEW,MEDIUM,Historical report evidence; exclude from default read scope.
docs/reports/task_577_historical_nbbo_trajectory_factor_rebuild/nbbo_trajectory_source_audit.csv,docs,.csv,1862,HISTORICAL_REPORT,KEEP_OR_ARCHIVE_REVIEW,MEDIUM,Historical report evidence; exclude from default read scope.
docs/reports/task_577_historical_nbbo_trajectory_factor_rebuild/task_577_decision.csv,docs,.csv,279,HISTORICAL_REPORT,KEEP_OR_ARCHIVE_REVIEW,MEDIUM,Historical report evidence; exclude from default read scope.
docs/reports/task_577_historical_nbbo_trajectory_factor_rebuild/task_577_historical_nbbo_trajectory_factor_rebuild.md,docs,.md,846,HISTORICAL_REPORT,KEEP_OR_ARCHIVE_REVIEW,MEDIUM,Historical report evidence; exclude from default read scope.
docs/reports/task_578_regime_vwap_nbbo_trajectory_backtest/nbbo_trajectory_candidate_set_quality.csv,docs,.csv,745,HISTORICAL_REPORT,KEEP_OR_ARCHIVE_REVIEW,MEDIUM,Historical report evidence; exclude from default read scope.
docs/reports/task_578_regime_vwap_nbbo_trajectory_backtest/nbbo_trajectory_quarter_quality.csv,docs,.csv,6232,HISTORICAL_REPORT,KEEP_OR_ARCHIVE_REVIEW,MEDIUM,Historical report evidence; exclude from default read scope.
docs/reports/task_578_regime_vwap_nbbo_trajectory_backtest/nbbo_trajectory_split_quality.csv,docs,.csv,2173,HISTORICAL_REPORT,KEEP_OR_ARCHIVE_REVIEW,MEDIUM,Historical report evidence; exclude from default read scope.
docs/reports/task_578_regime_vwap_nbbo_trajectory_backtest/nbbo_trajectory_state_quality.csv,docs,.csv,3545,HISTORICAL_REPORT,KEEP_OR_ARCHIVE_REVIEW,MEDIUM,Historical report evidence; exclude from default read scope.
docs/reports/task_578_regime_vwap_nbbo_trajectory_backtest/task_578_decision.csv,docs,.csv,417,HISTORICAL_REPORT,KEEP_OR_ARCHIVE_REVIEW,MEDIUM,Historical report evidence; exclude from default read scope.
docs/reports/task_578_regime_vwap_nbbo_trajectory_backtest/task_578_regime_vwap_nbbo_trajectory_backtest.md,docs,.md,977,HISTORICAL_REPORT,KEEP_OR_ARCHIVE_REVIEW,MEDIUM,Historical report evidence; exclude from default read scope.
docs/reports/task_579_live_paper_capture_readiness_upgrade/live_paper_capture_readiness_checklist.csv,docs,.csv,291,HISTORICAL_REPORT,KEEP_OR_ARCHIVE_REVIEW,MEDIUM,Historical report evidence; exclude from default read scope.
docs/reports/task_579_live_paper_capture_readiness_upgrade/live_paper_snapshot_contract.csv,docs,.csv,309,HISTORICAL_REPORT,KEEP_OR_ARCHIVE_REVIEW,MEDIUM,Historical report evidence; exclude from default read scope.
docs/reports/task_579_live_paper_capture_readiness_upgrade/task_579_decision.csv,docs,.csv,225,HISTORICAL_REPORT,KEEP_OR_ARCHIVE_REVIEW,MEDIUM,Historical report evidence; exclude from default read scope.
docs/reports/task_579_live_paper_capture_readiness_upgrade/task_579_live_paper_capture_readiness_upgrade.md,docs,.md,709,HISTORICAL_REPORT,KEEP_OR_ARCHIVE_REVIEW,MEDIUM,Historical report evidence; exclude from default read scope.
docs/reports/task_580_nbbo_trajectory_firm_grade_gate/nbbo_trajectory_firm_grade_gate.csv,docs,.csv,305,HISTORICAL_REPORT,KEEP_OR_ARCHIVE_REVIEW,MEDIUM,Historical report evidence; exclude from default read scope.
docs/reports/task_580_nbbo_trajectory_firm_grade_gate/task_580_decision.csv,docs,.csv,311,HISTORICAL_REPORT,KEEP_OR_ARCHIVE_REVIEW,MEDIUM,Historical report evidence; exclude from default read scope.
docs/reports/task_580_nbbo_trajectory_firm_grade_gate/task_580_nbbo_trajectory_firm_grade_gate.md,docs,.md,808,HISTORICAL_REPORT,KEEP_OR_ARCHIVE_REVIEW,MEDIUM,Historical report evidence; exclude from default read scope.
docs/reports/task_581_quote_pressure_price_response_refinement/quote_pressure_price_response_candidate_quality.csv,docs,.csv,897,HISTORICAL_REPORT,KEEP_OR_ARCHIVE_REVIEW,MEDIUM,Historical report evidence; exclude from default read scope.
docs/reports/task_581_quote_pressure_price_response_refinement/quote_pressure_price_response_leakage_audit.csv,docs,.csv,257,HISTORICAL_REPORT,KEEP_OR_ARCHIVE_REVIEW,MEDIUM,Historical report evidence; exclude from default read scope.
docs/reports/task_581_quote_pressure_price_response_refinement/quote_pressure_price_response_quarter_quality.csv,docs,.csv,4105,HISTORICAL_REPORT,KEEP_OR_ARCHIVE_REVIEW,MEDIUM,Historical report evidence; exclude from default read scope.
docs/reports/task_581_quote_pressure_price_response_refinement/quote_pressure_price_response_source_audit.csv,docs,.csv,2527,HISTORICAL_REPORT,KEEP_OR_ARCHIVE_REVIEW,MEDIUM,Historical report evidence; exclude from default read scope.
docs/reports/task_581_quote_pressure_price_response_refinement/quote_pressure_price_response_split_quality.csv,docs,.csv,1711,HISTORICAL_REPORT,KEEP_OR_ARCHIVE_REVIEW,MEDIUM,Historical report evidence; exclude from default read scope.
docs/reports/task_581_quote_pressure_price_response_refinement/quote_pressure_price_response_state_quality.csv,docs,.csv,1092,HISTORICAL_REPORT,KEEP_OR_ARCHIVE_REVIEW,MEDIUM,Historical report evidence; exclude from default read scope.
docs/reports/task_581_quote_pressure_price_response_refinement/task_581_decision.csv,docs,.csv,569,HISTORICAL_REPORT,KEEP_OR_ARCHIVE_REVIEW,MEDIUM,Historical report evidence; exclude from default read scope.
docs/reports/task_581_quote_pressure_price_response_refinement/task_581_quote_pressure_price_response_refinement.md,docs,.md,1504,HISTORICAL_REPORT,KEEP_OR_ARCHIVE_REVIEW,MEDIUM,Historical report evidence; exclude from default read scope.
docs/reports/task_582_kis_paper_trading_bridge/kis_paper_connection_audit.csv,docs,.csv,210,HISTORICAL_REPORT,KEEP_OR_ARCHIVE_REVIEW,MEDIUM,Historical report evidence; exclude from default read scope.
docs/reports/task_582_kis_paper_trading_bridge/kis_paper_environment_audit.csv,docs,.csv,170,HISTORICAL_REPORT,KEEP_OR_ARCHIVE_REVIEW,MEDIUM,Historical report evidence; exclude from default read scope.
docs/reports/task_582_kis_paper_trading_bridge/paper_continuation_event_recent.csv,docs,.csv,62,HISTORICAL_REPORT,KEEP_OR_ARCHIVE_REVIEW,MEDIUM,Historical report evidence; exclude from default read scope.
docs/reports/task_582_kis_paper_trading_bridge/paper_fill_lineage_recent.csv,docs,.csv,67,HISTORICAL_REPORT,KEEP_OR_ARCHIVE_REVIEW,MEDIUM,Historical report evidence; exclude from default read scope.
docs/reports/task_582_kis_paper_trading_bridge/paper_order_lineage_recent.csv,docs,.csv,50,HISTORICAL_REPORT,KEEP_OR_ARCHIVE_REVIEW,MEDIUM,Historical report evidence; exclude from default read scope.
docs/reports/task_582_kis_paper_trading_bridge/paper_slack_notification_audit.csv,docs,.csv,154,HISTORICAL_REPORT,KEEP_OR_ARCHIVE_REVIEW,MEDIUM,Historical report evidence; exclude from default read scope.
docs/reports/task_582_kis_paper_trading_bridge/paper_trading_db_recent_counts.csv,docs,.csv,87,HISTORICAL_REPORT,KEEP_OR_ARCHIVE_REVIEW,MEDIUM,Historical report evidence; exclude from default read scope.
docs/reports/task_582_kis_paper_trading_bridge/paper_trading_run_log.csv,docs,.csv,698,HISTORICAL_REPORT,KEEP_OR_ARCHIVE_REVIEW,MEDIUM,Historical report evidence; exclude from default read scope.
docs/reports/task_582_kis_paper_trading_bridge/task_582_decision.csv,docs,.csv,302,HISTORICAL_REPORT,KEEP_OR_ARCHIVE_REVIEW,MEDIUM,Historical report evidence; exclude from default read scope.
docs/reports/task_582_kis_paper_trading_bridge/task_582_kis_paper_trading_bridge.md,docs,.md,1041,HISTORICAL_REPORT,KEEP_OR_ARCHIVE_REVIEW,MEDIUM,Historical report evidence; exclude from default read scope.
docs/reports/task_583_live_signal_refresh_repair/indicator_snapshot_freshness_audit.csv,docs,.csv,464,HISTORICAL_REPORT,KEEP_OR_ARCHIVE_REVIEW,MEDIUM,Historical report evidence; exclude from default read scope.
docs/reports/task_583_live_signal_refresh_repair/live_signal_refresh_audit.csv,docs,.csv,676,HISTORICAL_REPORT,KEEP_OR_ARCHIVE_REVIEW,MEDIUM,Historical report evidence; exclude from default read scope.
docs/reports/task_583_live_signal_refresh_repair/runtime_candidate_audit.csv,docs,.csv,20758,HISTORICAL_REPORT,KEEP_OR_ARCHIVE_REVIEW,MEDIUM,Historical report evidence; exclude from default read scope.
docs/reports/task_583_live_signal_refresh_repair/runtime_source_inventory_audit.csv,docs,.csv,8653,HISTORICAL_REPORT,KEEP_OR_ARCHIVE_REVIEW,MEDIUM,Historical report evidence; exclude from default read scope.
docs/reports/task_583_live_signal_refresh_repair/runtime_stale_source_closure_scoreboard.csv,docs,.csv,176,HISTORICAL_REPORT,KEEP_OR_ARCHIVE_REVIEW,MEDIUM,Historical report evidence; exclude from default read scope.
docs/reports/task_583_live_signal_refresh_repair/task_089_runtime_refresh.json,docs,.json,10463,HISTORICAL_REPORT,KEEP_OR_ARCHIVE_REVIEW,MEDIUM,Historical report evidence; exclude from default read scope.
docs/reports/task_583_live_signal_refresh_repair/task_089_runtime_refresh.md,docs,.md,2913,HISTORICAL_REPORT,KEEP_OR_ARCHIVE_REVIEW,MEDIUM,Historical report evidence; exclude from default read scope.
docs/reports/task_583_live_signal_refresh_repair/task_583_decision.csv,docs,.csv,476,HISTORICAL_REPORT,KEEP_OR_ARCHIVE_REVIEW,MEDIUM,Historical report evidence; exclude from default read scope.
docs/reports/task_583_live_signal_refresh_repair/task_583_live_signal_refresh_repair.md,docs,.md,1387,HISTORICAL_REPORT,KEEP_OR_ARCHIVE_REVIEW,MEDIUM,Historical report evidence; exclude from default read scope.
docs/reports/task_584_runtime_strategy_decision_gate/runtime_candidate_selection_audit.csv,docs,.csv,724,HISTORICAL_REPORT,KEEP_OR_ARCHIVE_REVIEW,MEDIUM,Historical report evidence; exclude from default read scope.
docs/reports/task_584_runtime_strategy_decision_gate/runtime_no_trade_decomposition_audit.csv,docs,.csv,26249,HISTORICAL_REPORT,KEEP_OR_ARCHIVE_REVIEW,MEDIUM,Historical report evidence; exclude from default read scope.
docs/reports/task_584_runtime_strategy_decision_gate/runtime_no_trade_reason_audit.csv,docs,.csv,813,HISTORICAL_REPORT,KEEP_OR_ARCHIVE_REVIEW,MEDIUM,Historical report evidence; exclude from default read scope.
docs/reports/task_584_runtime_strategy_decision_gate/runtime_strategy_decision_log.csv,docs,.csv,724,HISTORICAL_REPORT,KEEP_OR_ARCHIVE_REVIEW,MEDIUM,Historical report evidence; exclude from default read scope.
docs/reports/task_584_runtime_strategy_decision_gate/task_584_decision.csv,docs,.csv,662,HISTORICAL_REPORT,KEEP_OR_ARCHIVE_REVIEW,MEDIUM,Historical report evidence; exclude from default read scope.
docs/reports/task_584_runtime_strategy_decision_gate/task_584_runtime_strategy_decision_gate.md,docs,.md,1089,HISTORICAL_REPORT,KEEP_OR_ARCHIVE_REVIEW,MEDIUM,Historical report evidence; exclude from default read scope.
docs/reports/task_585_kis_paper_order_execution/paper_active_order_status_refresh.csv,docs,.csv,460,HISTORICAL_REPORT,KEEP_OR_ARCHIVE_REVIEW,MEDIUM,Historical report evidence; exclude from default read scope.
docs/reports/task_585_kis_paper_order_execution/paper_lifecycle_event_log.csv,docs,.csv,30475,HISTORICAL_REPORT,KEEP_OR_ARCHIVE_REVIEW,MEDIUM,Historical report evidence; exclude from default read scope.
docs/reports/task_585_kis_paper_order_execution/paper_order_execution_log.csv,docs,.csv,404,HISTORICAL_REPORT,KEEP_OR_ARCHIVE_REVIEW,MEDIUM,Historical report evidence; exclude from default read scope.
docs/reports/task_585_kis_paper_order_execution/paper_order_failure_audit.csv,docs,.csv,404,HISTORICAL_REPORT,KEEP_OR_ARCHIVE_REVIEW,MEDIUM,Historical report evidence; exclude from default read scope.
docs/reports/task_585_kis_paper_order_execution/paper_order_fill_lineage.csv,docs,.csv,18501,HISTORICAL_REPORT,KEEP_OR_ARCHIVE_REVIEW,MEDIUM,Historical report evidence; exclude from default read scope.
docs/reports/task_585_kis_paper_order_execution/task_585_decision.csv,docs,.csv,212,HISTORICAL_REPORT,KEEP_OR_ARCHIVE_REVIEW,MEDIUM,Historical report evidence; exclude from default read scope.
docs/reports/task_585_kis_paper_order_execution/task_585_kis_paper_order_execution.md,docs,.md,1022,HISTORICAL_REPORT,KEEP_OR_ARCHIVE_REVIEW,MEDIUM,Historical report evidence; exclude from default read scope.
docs/reports/task_586_frontend_paper_ops_integration/frontend_catalog_build_audit.csv,docs,.csv,255,HISTORICAL_REPORT,KEEP_OR_ARCHIVE_REVIEW,MEDIUM,Historical report evidence; exclude from default read scope.
docs/reports/task_586_frontend_paper_ops_integration/frontend_paper_ops_contract_v2.csv,docs,.csv,318,HISTORICAL_REPORT,KEEP_OR_ARCHIVE_REVIEW,MEDIUM,Historical report evidence; exclude from default read scope.
docs/reports/task_586_frontend_paper_ops_integration/frontend_paper_ops_contract_v2.md,docs,.md,348,HISTORICAL_REPORT,KEEP_OR_ARCHIVE_REVIEW,MEDIUM,Historical report evidence; exclude from default read scope.
docs/reports/task_586_frontend_paper_ops_integration/task_586_decision.csv,docs,.csv,344,HISTORICAL_REPORT,KEEP_OR_ARCHIVE_REVIEW,MEDIUM,Historical report evidence; exclude from default read scope.
docs/reports/task_586_frontend_paper_ops_integration/task_586_frontend_paper_ops_integration.md,docs,.md,774,HISTORICAL_REPORT,KEEP_OR_ARCHIVE_REVIEW,MEDIUM,Historical report evidence; exclude from default read scope.
docs/reports/task_587_slack_trading_report_integration/slack_message_payload_sample.csv,docs,.csv,244,HISTORICAL_REPORT,KEEP_OR_ARCHIVE_REVIEW,MEDIUM,Historical report evidence; exclude from default read scope.
docs/reports/task_587_slack_trading_report_integration/slack_trading_notification_audit.csv,docs,.csv,198,HISTORICAL_REPORT,KEEP_OR_ARCHIVE_REVIEW,MEDIUM,Historical report evidence; exclude from default read scope.
docs/reports/task_587_slack_trading_report_integration/task_587_decision.csv,docs,.csv,188,HISTORICAL_REPORT,KEEP_OR_ARCHIVE_REVIEW,MEDIUM,Historical report evidence; exclude from default read scope.
docs/reports/task_587_slack_trading_report_integration/task_587_slack_trading_report_integration.md,docs,.md,965,HISTORICAL_REPORT,KEEP_OR_ARCHIVE_REVIEW,MEDIUM,Historical report evidence; exclude from default read scope.
docs/reports/task_588_kis_paper_market_hours_runtime_loop/nasdaq_paper_supervisor_status-DESKTOP-TFM86SG.csv,docs,.csv,272729,HISTORICAL_REPORT,KEEP_OR_ARCHIVE_REVIEW,MEDIUM,Historical report evidence; exclude from default read scope.
docs/reports/task_588_kis_paper_market_hours_runtime_loop/nasdaq_paper_supervisor_status.csv,docs,.csv,282050,HISTORICAL_REPORT,KEEP_OR_ARCHIVE_REVIEW,MEDIUM,Historical report evidence; exclude from default read scope.
docs/reports/task_588_kis_paper_market_hours_runtime_loop/paper_runtime_loop_latest_status.csv,docs,.csv,618,HISTORICAL_REPORT,KEEP_OR_ARCHIVE_REVIEW,MEDIUM,Historical report evidence; exclude from default read scope.
docs/reports/task_588_kis_paper_market_hours_runtime_loop/paper_runtime_loop_log-DESKTOP-TFM86SG.csv,docs,.csv,618,HISTORICAL_REPORT,KEEP_OR_ARCHIVE_REVIEW,MEDIUM,Historical report evidence; exclude from default read scope.
docs/reports/task_588_kis_paper_market_hours_runtime_loop/paper_runtime_loop_log.csv,docs,.csv,618,HISTORICAL_REPORT,KEEP_OR_ARCHIVE_REVIEW,MEDIUM,Historical report evidence; exclude from default read scope.
docs/reports/task_588_kis_paper_market_hours_runtime_loop/runtime_loop_background_stderr.log,docs,.log,0,HISTORICAL_REPORT,KEEP_OR_ARCHIVE_REVIEW,MEDIUM,Historical report evidence; exclude from default read scope.
docs/reports/task_588_kis_paper_market_hours_runtime_loop/runtime_loop_background_stdout.log,docs,.log,0,HISTORICAL_REPORT,KEEP_OR_ARCHIVE_REVIEW,MEDIUM,Historical report evidence; exclude from default read scope.
docs/reports/task_588_kis_paper_market_hours_runtime_loop/task_588_decision.csv,docs,.csv,358,HISTORICAL_REPORT,KEEP_OR_ARCHIVE_REVIEW,MEDIUM,Historical report evidence; exclude from default read scope.
docs/reports/task_588_kis_paper_market_hours_runtime_loop/task_588_kis_paper_market_hours_runtime_loop.md,docs,.md,1028,HISTORICAL_REPORT,KEEP_OR_ARCHIVE_REVIEW,MEDIUM,Historical report evidence; exclude from default read scope.
docs/reports/task_589_nasdaq_paper_ops_hardening/goal_operating_contract.csv,docs,.csv,2187,HISTORICAL_REPORT,KEEP_OR_ARCHIVE_REVIEW,MEDIUM,Historical report evidence; exclude from default read scope.
docs/reports/task_589_nasdaq_paper_ops_hardening/paper_eod_decision_evidence.csv,docs,.csv,32713,HISTORICAL_REPORT,KEEP_OR_ARCHIVE_REVIEW,MEDIUM,Historical report evidence; exclude from default read scope.
docs/reports/task_589_nasdaq_paper_ops_hardening/paper_eod_fill_price_repair_audit.csv,docs,.csv,805,HISTORICAL_REPORT,KEEP_OR_ARCHIVE_REVIEW,MEDIUM,Historical report evidence; exclude from default read scope.
docs/reports/task_589_nasdaq_paper_ops_hardening/paper_eod_filled_decision_evidence.csv,docs,.csv,6453,HISTORICAL_REPORT,KEEP_OR_ARCHIVE_REVIEW,MEDIUM,Historical report evidence; exclude from default read scope.
docs/reports/task_589_nasdaq_paper_ops_hardening/paper_eod_filled_trade_history.csv,docs,.csv,5862,HISTORICAL_REPORT,KEEP_OR_ARCHIVE_REVIEW,MEDIUM,Historical report evidence; exclude from default read scope.
docs/reports/task_589_nasdaq_paper_ops_hardening/paper_eod_indicator_snapshot_evidence.csv,docs,.csv,16548,HISTORICAL_REPORT,KEEP_OR_ARCHIVE_REVIEW,MEDIUM,Historical report evidence; exclude from default read scope.
docs/reports/task_589_nasdaq_paper_ops_hardening/paper_eod_infographic_2026-05-20.html,docs,.html,8773,HISTORICAL_REPORT,KEEP_OR_ARCHIVE_REVIEW,MEDIUM,Historical report evidence; exclude from default read scope.
docs/reports/task_589_nasdaq_paper_ops_hardening/paper_eod_infographic_2026-05-21.html,docs,.html,8746,HISTORICAL_REPORT,KEEP_OR_ARCHIVE_REVIEW,MEDIUM,Historical report evidence; exclude from default read scope.
docs/reports/task_589_nasdaq_paper_ops_hardening/paper_eod_infographic_2026-05-22.html,docs,.html,8527,HISTORICAL_REPORT,KEEP_OR_ARCHIVE_REVIEW,MEDIUM,Historical report evidence; exclude from default read scope.
docs/reports/task_589_nasdaq_paper_ops_hardening/paper_eod_infographic_2026-05-27.html,docs,.html,8525,HISTORICAL_REPORT,KEEP_OR_ARCHIVE_REVIEW,MEDIUM,Historical report evidence; exclude from default read scope.
docs/reports/task_589_nasdaq_paper_ops_hardening/paper_eod_infographic_2026-05-28.html,docs,.html,8563,HISTORICAL_REPORT,KEEP_OR_ARCHIVE_REVIEW,MEDIUM,Historical report evidence; exclude from default read scope.
docs/reports/task_589_nasdaq_paper_ops_hardening/paper_eod_infographic_2026-06-01.html,docs,.html,8525,HISTORICAL_REPORT,KEEP_OR_ARCHIVE_REVIEW,MEDIUM,Historical report evidence; exclude from default read scope.
docs/reports/task_589_nasdaq_paper_ops_hardening/paper_eod_infographic_2026-06-02.html,docs,.html,8648,HISTORICAL_REPORT,KEEP_OR_ARCHIVE_REVIEW,MEDIUM,Historical report evidence; exclude from default read scope.
docs/reports/task_589_nasdaq_paper_ops_hardening/paper_eod_lifecycle_events.csv,docs,.csv,4115,HISTORICAL_REPORT,KEEP_OR_ARCHIVE_REVIEW,MEDIUM,Historical report evidence; exclude from default read scope.
docs/reports/task_589_nasdaq_paper_ops_hardening/paper_eod_open_position_proxy.csv,docs,.csv,3910,HISTORICAL_REPORT,KEEP_OR_ARCHIVE_REVIEW,MEDIUM,Historical report evidence; exclude from default read scope.
docs/reports/task_589_nasdaq_paper_ops_hardening/paper_eod_realized_pnl.csv,docs,.csv,5,HISTORICAL_REPORT,KEEP_OR_ARCHIVE_REVIEW,MEDIUM,Historical report evidence; exclude from default read scope.
docs/reports/task_589_nasdaq_paper_ops_hardening/paper_eod_slack_audit.csv,docs,.csv,970,HISTORICAL_REPORT,KEEP_OR_ARCHIVE_REVIEW,MEDIUM,Historical report evidence; exclude from default read scope.
docs/reports/task_589_nasdaq_paper_ops_hardening/paper_eod_summary.csv,docs,.csv,1840,HISTORICAL_REPORT,KEEP_OR_ARCHIVE_REVIEW,MEDIUM,Historical report evidence; exclude from default read scope.
docs/reports/task_589_nasdaq_paper_ops_hardening/paper_eod_trade_detail.csv,docs,.csv,11396,HISTORICAL_REPORT,KEEP_OR_ARCHIVE_REVIEW,MEDIUM,Historical report evidence; exclude from default read scope.
docs/reports/task_589_nasdaq_paper_ops_hardening/paper_eod_trading_team_feedback.csv,docs,.csv,1577,HISTORICAL_REPORT,KEEP_OR_ARCHIVE_REVIEW,MEDIUM,Historical report evidence; exclude from default read scope.
docs/reports/task_589_nasdaq_paper_ops_hardening/paper_eod_trading_team_feedback_2026-05-20.md,docs,.md,2026,HISTORICAL_REPORT,KEEP_OR_ARCHIVE_REVIEW,MEDIUM,Historical report evidence; exclude from default read scope.
docs/reports/task_589_nasdaq_paper_ops_hardening/paper_eod_trading_team_feedback_2026-05-21.md,docs,.md,2030,HISTORICAL_REPORT,KEEP_OR_ARCHIVE_REVIEW,MEDIUM,Historical report evidence; exclude from default read scope.
docs/reports/task_589_nasdaq_paper_ops_hardening/paper_eod_trading_team_feedback_2026-05-22.md,docs,.md,2030,HISTORICAL_REPORT,KEEP_OR_ARCHIVE_REVIEW,MEDIUM,Historical report evidence; exclude from default read scope.
docs/reports/task_589_nasdaq_paper_ops_hardening/paper_eod_trading_team_feedback_2026-05-27.md,docs,.md,2029,HISTORICAL_REPORT,KEEP_OR_ARCHIVE_REVIEW,MEDIUM,Historical report evidence; exclude from default read scope.
docs/reports/task_589_nasdaq_paper_ops_hardening/paper_eod_trading_team_feedback_2026-05-28.md,docs,.md,2030,HISTORICAL_REPORT,KEEP_OR_ARCHIVE_REVIEW,MEDIUM,Historical report evidence; exclude from default read scope.
docs/reports/task_589_nasdaq_paper_ops_hardening/paper_eod_trading_team_feedback_2026-06-01.md,docs,.md,2030,HISTORICAL_REPORT,KEEP_OR_ARCHIVE_REVIEW,MEDIUM,Historical report evidence; exclude from default read scope.
docs/reports/task_589_nasdaq_paper_ops_hardening/paper_eod_trading_team_feedback_2026-06-02.md,docs,.md,2028,HISTORICAL_REPORT,KEEP_OR_ARCHIVE_REVIEW,MEDIUM,Historical report evidence; exclude from default read scope.
docs/reports/task_589_nasdaq_paper_ops_hardening/supervisor_failure_alert_audit.csv,docs,.csv,202,HISTORICAL_REPORT,KEEP_OR_ARCHIVE_REVIEW,MEDIUM,Historical report evidence; exclude from default read scope.
docs/reports/task_589_nasdaq_paper_ops_hardening/task_589_nasdaq_paper_ops_hardening.md,docs,.md,1598,HISTORICAL_REPORT,KEEP_OR_ARCHIVE_REVIEW,MEDIUM,Historical report evidence; exclude from default read scope.
docs/reports/task_590_runtime_market_data_source_unification/runtime_market_data_contract.csv,docs,.csv,1260,HISTORICAL_REPORT,KEEP_OR_ARCHIVE_REVIEW,MEDIUM,Historical report evidence; exclude from default read scope.
docs/reports/task_590_runtime_market_data_source_unification/task_590_decision.csv,docs,.csv,376,HISTORICAL_REPORT,KEEP_OR_ARCHIVE_REVIEW,MEDIUM,Historical report evidence; exclude from default read scope.
docs/reports/task_590_runtime_market_data_source_unification/task_590_runtime_market_data_source_unification.md,docs,.md,5657,HISTORICAL_REPORT,KEEP_OR_ARCHIVE_REVIEW,MEDIUM,Historical report evidence; exclude from default read scope.
docs/reports/task_591_institutional_production_hardening_wave1/task_591_decision.csv,docs,.csv,320,HISTORICAL_REPORT,KEEP_OR_ARCHIVE_REVIEW,MEDIUM,Historical report evidence; exclude from default read scope.
docs/reports/task_591_institutional_production_hardening_wave1/task_591_institutional_production_hardening_wave1.md,docs,.md,2055,HISTORICAL_REPORT,KEEP_OR_ARCHIVE_REVIEW,MEDIUM,Historical report evidence; exclude from default read scope.
docs/reports/task_592_hibernate_first_workstation_ops/task_592_decision.csv,docs,.csv,399,HISTORICAL_REPORT,KEEP_OR_ARCHIVE_REVIEW,MEDIUM,Historical report evidence; exclude from default read scope.
docs/reports/task_592_hibernate_first_workstation_ops/task_592_hibernate_first_workstation_ops.md,docs,.md,1928,HISTORICAL_REPORT,KEEP_OR_ARCHIVE_REVIEW,MEDIUM,Historical report evidence; exclude from default read scope.
docs/reports/task_593_mobile_remote_ops/task_593_decision.csv,docs,.csv,406,HISTORICAL_REPORT,KEEP_OR_ARCHIVE_REVIEW,MEDIUM,Historical report evidence; exclude from default read scope.
docs/reports/task_593_mobile_remote_ops/task_593_mobile_remote_ops.md,docs,.md,1973,HISTORICAL_REPORT,KEEP_OR_ARCHIVE_REVIEW,MEDIUM,Historical report evidence; exclude from default read scope.
docs/reports/task_594_investment_app_frontend_overhaul/mobile-home-430x932.png,docs,.png,30970,HISTORICAL_REPORT,KEEP_OR_ARCHIVE_REVIEW,MEDIUM,Historical report evidence; exclude from default read scope.
docs/reports/task_594_investment_app_frontend_overhaul/mobile-home-holding-430x932.png,docs,.png,32344,HISTORICAL_REPORT,KEEP_OR_ARCHIVE_REVIEW,MEDIUM,Historical report evidence; exclude from default read scope.
docs/reports/task_594_investment_app_frontend_overhaul/mobile-ops-430x932.png,docs,.png,20675,HISTORICAL_REPORT,KEEP_OR_ARCHIVE_REVIEW,MEDIUM,Historical report evidence; exclude from default read scope.
docs/reports/task_594_investment_app_frontend_overhaul/mobile-trades-430x932.png,docs,.png,33820,HISTORICAL_REPORT,KEEP_OR_ARCHIVE_REVIEW,MEDIUM,Historical report evidence; exclude from default read scope.
docs/reports/task_594_investment_app_frontend_overhaul/mobile-trades-symbol-charts-430x932-v2.png,docs,.png,2551,HISTORICAL_REPORT,KEEP_OR_ARCHIVE_REVIEW,MEDIUM,Historical report evidence; exclude from default read scope.
docs/reports/task_594_investment_app_frontend_overhaul/mobile-trades-symbol-charts-430x932.png,docs,.png,44313,HISTORICAL_REPORT,KEEP_OR_ARCHIVE_REVIEW,MEDIUM,Historical report evidence; exclude from default read scope.
docs/reports/task_594_investment_app_frontend_overhaul/mobile-trades-symbol-charts-browser.png,docs,.png,50658,HISTORICAL_REPORT,KEEP_OR_ARCHIVE_REVIEW,MEDIUM,Historical report evidence; exclude from default read scope.
docs/reports/task_594_investment_app_frontend_overhaul/task_594_decision.csv,docs,.csv,295,HISTORICAL_REPORT,KEEP_OR_ARCHIVE_REVIEW,MEDIUM,Historical report evidence; exclude from default read scope.
docs/reports/task_594_investment_app_frontend_overhaul/task_594_investment_app_frontend_overhaul.md,docs,.md,3441,HISTORICAL_REPORT,KEEP_OR_ARCHIVE_REVIEW,MEDIUM,Historical report evidence; exclude from default read scope.
docs/reports/task_595_feedback_integrated_development_plan/active_lane_triage.csv,docs,.csv,1250,HISTORICAL_REPORT,KEEP_OR_ARCHIVE_REVIEW,MEDIUM,Historical report evidence; exclude from default read scope.
docs/reports/task_595_feedback_integrated_development_plan/blocked_source_scoreboard.csv,docs,.csv,1414,HISTORICAL_REPORT,KEEP_OR_ARCHIVE_REVIEW,MEDIUM,Historical report evidence; exclude from default read scope.
docs/reports/task_595_feedback_integrated_development_plan/freshness_gate.csv,docs,.csv,943,HISTORICAL_REPORT,KEEP_OR_ARCHIVE_REVIEW,MEDIUM,Historical report evidence; exclude from default read scope.
docs/reports/task_595_feedback_integrated_development_plan/promotion_scorecard.csv,docs,.csv,3028,HISTORICAL_REPORT,KEEP_OR_ARCHIVE_REVIEW,MEDIUM,Historical report evidence; exclude from default read scope.
docs/reports/task_595_feedback_integrated_development_plan/subagent_packets.md,docs,.md,6590,HISTORICAL_REPORT,KEEP_OR_ARCHIVE_REVIEW,MEDIUM,Historical report evidence; exclude from default read scope.
docs/reports/task_595_feedback_integrated_development_plan/task_595_decision.csv,docs,.csv,583,HISTORICAL_REPORT,KEEP_OR_ARCHIVE_REVIEW,MEDIUM,Historical report evidence; exclude from default read scope.
docs/reports/task_595_feedback_integrated_development_plan/task_595_feedback_integrated_development_plan.md,docs,.md,8477,HISTORICAL_REPORT,KEEP_OR_ARCHIVE_REVIEW,MEDIUM,Historical report evidence; exclude from default read scope.
docs/reports/task_595_feedback_integrated_development_plan/team_execution_board.csv,docs,.csv,3404,HISTORICAL_REPORT,KEEP_OR_ARCHIVE_REVIEW,MEDIUM,Historical report evidence; exclude from default read scope.
docs/reports/task_595_feedback_integrated_development_plan/validation_results.csv,docs,.csv,266,HISTORICAL_REPORT,KEEP_OR_ARCHIVE_REVIEW,MEDIUM,Historical report evidence; exclude from default read scope.
docs/reports/task_596_daily_feedback_complete_application/frontend_account_holdings_redesign_cdp.png,docs,.png,34657,HISTORICAL_REPORT,KEEP_OR_ARCHIVE_REVIEW,MEDIUM,Historical report evidence; exclude from default read scope.
docs/reports/task_596_daily_feedback_complete_application/frontend_account_sync_2026-06-02.png,docs,.png,50207,HISTORICAL_REPORT,KEEP_OR_ARCHIVE_REVIEW,MEDIUM,Historical report evidence; exclude from default read scope.
docs/reports/task_596_daily_feedback_complete_application/frontend_after_ui_fix.png,docs,.png,32311,HISTORICAL_REPORT,KEEP_OR_ARCHIVE_REVIEW,MEDIUM,Historical report evidence; exclude from default read scope.
docs/reports/task_596_daily_feedback_complete_application/frontend_after_ui_fix_dom.html,docs,.html,14778,HISTORICAL_REPORT,KEEP_OR_ARCHIVE_REVIEW,MEDIUM,Historical report evidence; exclude from default read scope.
docs/reports/task_596_daily_feedback_complete_application/frontend_after_ui_fix_mobile_cdp.png,docs,.png,32798,HISTORICAL_REPORT,KEEP_OR_ARCHIVE_REVIEW,MEDIUM,Historical report evidence; exclude from default read scope.
docs/reports/task_596_daily_feedback_complete_application/frontend_after_ui_fix_v2.png,docs,.png,31638,HISTORICAL_REPORT,KEEP_OR_ARCHIVE_REVIEW,MEDIUM,Historical report evidence; exclude from default read scope.
docs/reports/task_596_daily_feedback_complete_application/frontend_after_ui_fix_v2_dom.html,docs,.html,14778,HISTORICAL_REPORT,KEEP_OR_ARCHIVE_REVIEW,MEDIUM,Historical report evidence; exclude from default read scope.
docs/reports/task_596_daily_feedback_complete_application/frontend_after_ui_fix_v3.png,docs,.png,31301,HISTORICAL_REPORT,KEEP_OR_ARCHIVE_REVIEW,MEDIUM,Historical report evidence; exclude from default read scope.
docs/reports/task_596_daily_feedback_complete_application/frontend_after_ui_fix_v3_dom.html,docs,.html,14778,HISTORICAL_REPORT,KEEP_OR_ARCHIVE_REVIEW,MEDIUM,Historical report evidence; exclude from default read scope.
docs/reports/task_596_daily_feedback_complete_application/frontend_after_ui_fix_v4.png,docs,.png,30605,HISTORICAL_REPORT,KEEP_OR_ARCHIVE_REVIEW,MEDIUM,Historical report evidence; exclude from default read scope.
docs/reports/task_596_daily_feedback_complete_application/frontend_after_ui_fix_v5.png,docs,.png,30605,HISTORICAL_REPORT,KEEP_OR_ARCHIVE_REVIEW,MEDIUM,Historical report evidence; exclude from default read scope.
docs/reports/task_596_daily_feedback_complete_application/frontend_after_ui_fix_v6.png,docs,.png,30605,HISTORICAL_REPORT,KEEP_OR_ARCHIVE_REVIEW,MEDIUM,Historical report evidence; exclude from default read scope.
docs/reports/task_596_daily_feedback_complete_application/frontend_before_ui_fix.png,docs,.png,6441,HISTORICAL_REPORT,KEEP_OR_ARCHIVE_REVIEW,MEDIUM,Historical report evidence; exclude from default read scope.
docs/reports/task_596_daily_feedback_complete_application/frontend_filled_trade_detail_cdp.png,docs,.png,34206,HISTORICAL_REPORT,KEEP_OR_ARCHIVE_REVIEW,MEDIUM,Historical report evidence; exclude from default read scope.
docs/reports/task_596_daily_feedback_complete_application/frontend_final_trade_detail_2026-06-02.png,docs,.png,118665,HISTORICAL_REPORT,KEEP_OR_ARCHIVE_REVIEW,MEDIUM,Historical report evidence; exclude from default read scope.
docs/reports/task_596_daily_feedback_complete_application/frontend_final_verified_2026-06-02.png,docs,.png,124121,HISTORICAL_REPORT,KEEP_OR_ARCHIVE_REVIEW,MEDIUM,Historical report evidence; exclude from default read scope.
docs/reports/task_596_daily_feedback_complete_application/frontend_headless_dom.html,docs,.html,14372,HISTORICAL_REPORT,KEEP_OR_ARCHIVE_REVIEW,MEDIUM,Historical report evidence; exclude from default read scope.
docs/reports/task_596_daily_feedback_complete_application/frontend_holding_path_chart_2026-06-02.png,docs,.png,50207,HISTORICAL_REPORT,KEEP_OR_ARCHIVE_REVIEW,MEDIUM,Historical report evidence; exclude from default read scope.
docs/reports/task_596_daily_feedback_complete_application/frontend_holding_path_chart_verified_2026-06-02.png,docs,.png,68677,HISTORICAL_REPORT,KEEP_OR_ARCHIVE_REVIEW,MEDIUM,Historical report evidence; exclude from default read scope.
docs/reports/task_596_daily_feedback_complete_application/frontend_paper_ops_no_account_card_2026-06-02.png,docs,.png,48715,HISTORICAL_REPORT,KEEP_OR_ARCHIVE_REVIEW,MEDIUM,Historical report evidence; exclude from default read scope.
docs/reports/task_596_daily_feedback_complete_application/frontend_paper_trade_detail_backtest_style_2026-06-02.png,docs,.png,76716,HISTORICAL_REPORT,KEEP_OR_ARCHIVE_REVIEW,MEDIUM,Historical report evidence; exclude from default read scope.
docs/reports/task_596_daily_feedback_complete_application/frontend_paper_trade_detail_final_korean_view_model_2026-06-02.png,docs,.png,76838,HISTORICAL_REPORT,KEEP_OR_ARCHIVE_REVIEW,MEDIUM,Historical report evidence; exclude from default read scope.
docs/reports/task_596_daily_feedback_complete_application/frontend_paper_trade_detail_view_model_final_2026-06-02.png,docs,.png,76838,HISTORICAL_REPORT,KEEP_OR_ARCHIVE_REVIEW,MEDIUM,Historical report evidence; exclude from default read scope.
docs/reports/task_596_daily_feedback_complete_application/frontend_paper_trade_dom_2026-06-03.html,docs,.html,3,HISTORICAL_REPORT,KEEP_OR_ARCHIVE_REVIEW,MEDIUM,Historical report evidence; exclude from default read scope.
docs/reports/task_596_daily_feedback_complete_application/frontend_paper_trade_github_refactor_2026-06-03.png,docs,.png,11809,HISTORICAL_REPORT,KEEP_OR_ARCHIVE_REVIEW,MEDIUM,Historical report evidence; exclude from default read scope.
docs/reports/task_596_daily_feedback_complete_application/frontend_paper_trade_github_refactor_final2_2026-06-03.png,docs,.png,129424,HISTORICAL_REPORT,KEEP_OR_ARCHIVE_REVIEW,MEDIUM,Historical report evidence; exclude from default read scope.
docs/reports/task_596_daily_feedback_complete_application/frontend_paper_trade_github_refactor_final_2026-06-03.png,docs,.png,128351,HISTORICAL_REPORT,KEEP_OR_ARCHIVE_REVIEW,MEDIUM,Historical report evidence; exclude from default read scope.
docs/reports/task_596_daily_feedback_complete_application/frontend_paper_trade_github_refactor_loaded_2026-06-03.png,docs,.png,128148,HISTORICAL_REPORT,KEEP_OR_ARCHIVE_REVIEW,MEDIUM,Historical report evidence; exclude from default read scope.
docs/reports/task_596_daily_feedback_complete_application/frontend_trade_explanation_2026-06-02.png,docs,.png,51141,HISTORICAL_REPORT,KEEP_OR_ARCHIVE_REVIEW,MEDIUM,Historical report evidence; exclude from default read scope.
docs/reports/task_596_daily_feedback_complete_application/frontend_trade_explanation_final_2026-06-02.png,docs,.png,118665,HISTORICAL_REPORT,KEEP_OR_ARCHIVE_REVIEW,MEDIUM,Historical report evidence; exclude from default read scope.
docs/reports/task_596_daily_feedback_complete_application/frontend_trade_explanation_section_2026-06-02.png,docs,.png,118665,HISTORICAL_REPORT,KEEP_OR_ARCHIVE_REVIEW,MEDIUM,Historical report evidence; exclude from default read scope.
docs/reports/task_596_daily_feedback_complete_application/frontend_ui_redesign_cdp_layout.json,docs,.json,4476,HISTORICAL_REPORT,KEEP_OR_ARCHIVE_REVIEW,MEDIUM,Historical report evidence; exclude from default read scope.
docs/reports/task_596_daily_feedback_complete_application/frontend_visibility_audit.csv,docs,.csv,419,HISTORICAL_REPORT,KEEP_OR_ARCHIVE_REVIEW,MEDIUM,Historical report evidence; exclude from default read scope.
docs/reports/task_596_daily_feedback_complete_application/promotion_scorecard.csv,docs,.csv,1984,HISTORICAL_REPORT,KEEP_OR_ARCHIVE_REVIEW,MEDIUM,Historical report evidence; exclude from default read scope.
docs/reports/task_596_daily_feedback_complete_application/task_596_daily_feedback_complete_application.md,docs,.md,3198,HISTORICAL_REPORT,KEEP_OR_ARCHIVE_REVIEW,MEDIUM,Historical report evidence; exclude from default read scope.
docs/reports/task_596_daily_feedback_complete_application/task_596_decision.csv,docs,.csv,561,HISTORICAL_REPORT,KEEP_OR_ARCHIVE_REVIEW,MEDIUM,Historical report evidence; exclude from default read scope.
docs/reports/task_596_daily_feedback_complete_application/team_execution_board.csv,docs,.csv,1978,HISTORICAL_REPORT,KEEP_OR_ARCHIVE_REVIEW,MEDIUM,Historical report evidence; exclude from default read scope.
docs/reports/task_596_daily_feedback_complete_application/universe_coverage_audit.csv,docs,.csv,378,HISTORICAL_REPORT,KEEP_OR_ARCHIVE_REVIEW,MEDIUM,Historical report evidence; exclude from default read scope.
docs/reports/task_596_daily_feedback_complete_application/validation_results.csv,docs,.csv,1739,HISTORICAL_REPORT,KEEP_OR_ARCHIVE_REVIEW,MEDIUM,Historical report evidence; exclude from default read scope.
docs/reports/task_597_frontend_backend_paper_ops_triage/owner_remediation_plan.csv,docs,.csv,3428,HISTORICAL_REPORT,KEEP_OR_ARCHIVE_REVIEW,MEDIUM,Historical report evidence; exclude from default read scope.
docs/reports/task_597_frontend_backend_paper_ops_triage/promotion_scorecard_refresh.csv,docs,.csv,1984,HISTORICAL_REPORT,KEEP_OR_ARCHIVE_REVIEW,MEDIUM,Historical report evidence; exclude from default read scope.
docs/reports/task_597_frontend_backend_paper_ops_triage/task_597_decision.csv,docs,.csv,753,HISTORICAL_REPORT,KEEP_OR_ARCHIVE_REVIEW,MEDIUM,Historical report evidence; exclude from default read scope.
docs/reports/task_597_frontend_backend_paper_ops_triage/task_597_frontend_backend_paper_ops_triage.md,docs,.md,5784,HISTORICAL_REPORT,KEEP_OR_ARCHIVE_REVIEW,MEDIUM,Historical report evidence; exclude from default read scope.
docs/reports/task_598_paper_week_feedback_operating_plan/durable_development_plan.csv,docs,.csv,3914,HISTORICAL_REPORT,KEEP_OR_ARCHIVE_REVIEW,MEDIUM,Historical report evidence; exclude from default read scope.
docs/reports/task_598_paper_week_feedback_operating_plan/evidence_snapshot.csv,docs,.csv,1690,HISTORICAL_REPORT,KEEP_OR_ARCHIVE_REVIEW,MEDIUM,Historical report evidence; exclude from default read scope.
docs/reports/task_598_paper_week_feedback_operating_plan/goal_operating_contract.csv,docs,.csv,1963,HISTORICAL_REPORT,KEEP_OR_ARCHIVE_REVIEW,MEDIUM,Historical report evidence; exclude from default read scope.
docs/reports/task_598_paper_week_feedback_operating_plan/operating_cadence_and_gates.csv,docs,.csv,2284,HISTORICAL_REPORT,KEEP_OR_ARCHIVE_REVIEW,MEDIUM,Historical report evidence; exclude from default read scope.
docs/reports/task_598_paper_week_feedback_operating_plan/task_598_decision.csv,docs,.csv,582,HISTORICAL_REPORT,KEEP_OR_ARCHIVE_REVIEW,MEDIUM,Historical report evidence; exclude from default read scope.
docs/reports/task_598_paper_week_feedback_operating_plan/task_598_paper_week_feedback_operating_plan.md,docs,.md,8391,HISTORICAL_REPORT,KEEP_OR_ARCHIVE_REVIEW,MEDIUM,Historical report evidence; exclude from default read scope.
docs/reports/task_598_paper_week_feedback_operating_plan/team_diagnostic_scorecard.csv,docs,.csv,2933,HISTORICAL_REPORT,KEEP_OR_ARCHIVE_REVIEW,MEDIUM,Historical report evidence; exclude from default read scope.
docs/reports/task_599_strategy_acceptance_program/program_acceptance_gates.csv,docs,.csv,691,HISTORICAL_REPORT,KEEP_OR_ARCHIVE_REVIEW,MEDIUM,Historical report evidence; exclude from default read scope.
docs/reports/task_599_strategy_acceptance_program/task_599_decision.csv,docs,.csv,325,HISTORICAL_REPORT,KEEP_OR_ARCHIVE_REVIEW,MEDIUM,Historical report evidence; exclude from default read scope.
docs/reports/task_599_strategy_acceptance_program/task_599_strategy_acceptance_program.md,docs,.md,5553,HISTORICAL_REPORT,KEEP_OR_ARCHIVE_REVIEW,MEDIUM,Historical report evidence; exclude from default read scope.
docs/reports/task_599_strategy_acceptance_program/team_execution_program.csv,docs,.csv,3973,HISTORICAL_REPORT,KEEP_OR_ARCHIVE_REVIEW,MEDIUM,Historical report evidence; exclude from default read scope.
docs/reports/task_600_0_position_lifecycle_contract/task_600_0_decision.csv,docs,.csv,269,HISTORICAL_REPORT,KEEP_OR_ARCHIVE_REVIEW,MEDIUM,Historical report evidence; exclude from default read scope.
docs/reports/task_600_1_position_lifecycle_implementation/hard_stop_exit_candidates.csv,docs,.csv,5340,HISTORICAL_REPORT,KEEP_OR_ARCHIVE_REVIEW,MEDIUM,Historical report evidence; exclude from default read scope.
docs/reports/task_600_1_position_lifecycle_implementation/lifecycle_test_report.md,docs,.md,1251,HISTORICAL_REPORT,KEEP_OR_ARCHIVE_REVIEW,MEDIUM,Historical report evidence; exclude from default read scope.
docs/reports/task_600_1_position_lifecycle_implementation/lifecycle_validation.csv,docs,.csv,459,HISTORICAL_REPORT,KEEP_OR_ARCHIVE_REVIEW,MEDIUM,Historical report evidence; exclude from default read scope.
docs/reports/task_600_1_position_lifecycle_implementation/position_lifecycle.csv,docs,.csv,5953,HISTORICAL_REPORT,KEEP_OR_ARCHIVE_REVIEW,MEDIUM,Historical report evidence; exclude from default read scope.
docs/reports/task_600_1_position_lifecycle_implementation/task_600_1_decision.csv,docs,.csv,344,HISTORICAL_REPORT,KEEP_OR_ARCHIVE_REVIEW,MEDIUM,Historical report evidence; exclude from default read scope.
docs/reports/task_600_1_position_lifecycle_implementation/unresolved_exit_fills.csv,docs,.csv,5,HISTORICAL_REPORT,KEEP_OR_ARCHIVE_REVIEW,MEDIUM,Historical report evidence; exclude from default read scope.
docs/reports/task_600_2_exit_generator_program/exit_distribution.csv,docs,.csv,65,HISTORICAL_REPORT,KEEP_OR_ARCHIVE_REVIEW,MEDIUM,Historical report evidence; exclude from default read scope.
docs/reports/task_600_2_exit_generator_program/exit_distribution_report.md,docs,.md,639,HISTORICAL_REPORT,KEEP_OR_ARCHIVE_REVIEW,MEDIUM,Historical report evidence; exclude from default read scope.
docs/reports/task_600_2_exit_generator_program/exit_generator_position_lifecycle.csv,docs,.csv,13563,HISTORICAL_REPORT,KEEP_OR_ARCHIVE_REVIEW,MEDIUM,Historical report evidence; exclude from default read scope.
docs/reports/task_600_2_exit_generator_program/generated_sell_fills.csv,docs,.csv,7215,HISTORICAL_REPORT,KEEP_OR_ARCHIVE_REVIEW,MEDIUM,Historical report evidence; exclude from default read scope.
docs/reports/task_600_2_exit_generator_program/lifecycle_test_matrix.csv,docs,.csv,95,HISTORICAL_REPORT,KEEP_OR_ARCHIVE_REVIEW,MEDIUM,Historical report evidence; exclude from default read scope.
docs/reports/task_600_2_exit_generator_program/lifecycle_test_matrix.md,docs,.md,612,HISTORICAL_REPORT,KEEP_OR_ARCHIVE_REVIEW,MEDIUM,Historical report evidence; exclude from default read scope.
docs/reports/task_600_2_exit_generator_program/residual_open_positions.csv,docs,.csv,108,HISTORICAL_REPORT,KEEP_OR_ARCHIVE_REVIEW,MEDIUM,Historical report evidence; exclude from default read scope.
docs/reports/task_600_2_exit_generator_program/task_600_2_decision.csv,docs,.csv,335,HISTORICAL_REPORT,KEEP_OR_ARCHIVE_REVIEW,MEDIUM,Historical report evidence; exclude from default read scope.
docs/reports/task_600_3_runtime_exit_engine/exit_distribution.csv,docs,.csv,87,HISTORICAL_REPORT,KEEP_OR_ARCHIVE_REVIEW,MEDIUM,Historical report evidence; exclude from default read scope.
docs/reports/task_600_3_runtime_exit_engine/exit_distribution_report.md,docs,.md,637,HISTORICAL_REPORT,KEEP_OR_ARCHIVE_REVIEW,MEDIUM,Historical report evidence; exclude from default read scope.
docs/reports/task_600_3_runtime_exit_engine/realized_trade_report.md,docs,.md,2770,HISTORICAL_REPORT,KEEP_OR_ARCHIVE_REVIEW,MEDIUM,Historical report evidence; exclude from default read scope.
docs/reports/task_600_3_runtime_exit_engine/runtime_exit_report.md,docs,.md,809,HISTORICAL_REPORT,KEEP_OR_ARCHIVE_REVIEW,MEDIUM,Historical report evidence; exclude from default read scope.
docs/reports/task_600_3_runtime_exit_engine/runtime_exit_residuals.csv,docs,.csv,211,HISTORICAL_REPORT,KEEP_OR_ARCHIVE_REVIEW,MEDIUM,Historical report evidence; exclude from default read scope.
docs/reports/task_600_3_runtime_exit_engine/runtime_exit_skipped.csv,docs,.csv,5,HISTORICAL_REPORT,KEEP_OR_ARCHIVE_REVIEW,MEDIUM,Historical report evidence; exclude from default read scope.
docs/reports/task_600_3_runtime_exit_engine/runtime_sell_fills.csv,docs,.csv,9954,HISTORICAL_REPORT,KEEP_OR_ARCHIVE_REVIEW,MEDIUM,Historical report evidence; exclude from default read scope.
docs/reports/task_600_3_runtime_exit_engine/task_600_3_decision.csv,docs,.csv,412,HISTORICAL_REPORT,KEEP_OR_ARCHIVE_REVIEW,MEDIUM,Historical report evidence; exclude from default read scope.
docs/reports/task_600_4_broker_truth_exit_lifecycle/broker_truth_exit_mapping.csv,docs,.csv,6305,HISTORICAL_REPORT,KEEP_OR_ARCHIVE_REVIEW,MEDIUM,Historical report evidence; exclude from default read scope.
docs/reports/task_600_4_broker_truth_exit_lifecycle/broker_truth_exit_report.md,docs,.md,3008,HISTORICAL_REPORT,KEEP_OR_ARCHIVE_REVIEW,MEDIUM,Historical report evidence; exclude from default read scope.
docs/reports/task_600_4_broker_truth_exit_lifecycle/broker_truth_exit_sources.csv,docs,.csv,201,HISTORICAL_REPORT,KEEP_OR_ARCHIVE_REVIEW,MEDIUM,Historical report evidence; exclude from default read scope.
docs/reports/task_600_4_broker_truth_exit_lifecycle/broker_truth_exit_summary.csv,docs,.csv,573,HISTORICAL_REPORT,KEEP_OR_ARCHIVE_REVIEW,MEDIUM,Historical report evidence; exclude from default read scope.
docs/reports/task_600_4_broker_truth_exit_lifecycle/task_600_4_decision.csv,docs,.csv,526,HISTORICAL_REPORT,KEEP_OR_ARCHIVE_REVIEW,MEDIUM,Historical report evidence; exclude from default read scope.
docs/reports/task_600_5_stop_tp_validation/stop_tp_validation.md,docs,.md,3448,HISTORICAL_REPORT,KEEP_OR_ARCHIVE_REVIEW,MEDIUM,Historical report evidence; exclude from default read scope.
docs/reports/task_600_5_stop_tp_validation/stop_tp_validation_detail.csv,docs,.csv,10548,HISTORICAL_REPORT,KEEP_OR_ARCHIVE_REVIEW,MEDIUM,Historical report evidence; exclude from default read scope.
docs/reports/task_600_5_stop_tp_validation/stop_tp_validation_summary.csv,docs,.csv,684,HISTORICAL_REPORT,KEEP_OR_ARCHIVE_REVIEW,MEDIUM,Historical report evidence; exclude from default read scope.
docs/reports/task_600_5_stop_tp_validation/task_600_5_decision.csv,docs,.csv,684,HISTORICAL_REPORT,KEEP_OR_ARCHIVE_REVIEW,MEDIUM,Historical report evidence; exclude from default read scope.
docs/reports/task_600_602_2_acceptance_blocker_forensics/task_600_602_2_final_report.md,docs,.md,1538,HISTORICAL_REPORT,KEEP_OR_ARCHIVE_REVIEW,MEDIUM,Historical report evidence; exclude from default read scope.
docs/reports/task_601_0_candidate_funnel_contract/task_601_0_decision.csv,docs,.csv,288,HISTORICAL_REPORT,KEEP_OR_ARCHIVE_REVIEW,MEDIUM,Historical report evidence; exclude from default read scope.
docs/reports/task_601_1_candidate_funnel_implementation/candidate_funnel_audit.md,docs,.md,1323,HISTORICAL_REPORT,KEEP_OR_ARCHIVE_REVIEW,MEDIUM,Historical report evidence; exclude from default read scope.
docs/reports/task_601_1_candidate_funnel_implementation/candidate_funnel_events.csv,docs,.csv,802657,HISTORICAL_REPORT,KEEP_OR_ARCHIVE_REVIEW,MEDIUM,Historical report evidence; exclude from default read scope.
docs/reports/task_601_1_candidate_funnel_implementation/candidate_funnel_metrics.csv,docs,.csv,489,HISTORICAL_REPORT,KEEP_OR_ARCHIVE_REVIEW,MEDIUM,Historical report evidence; exclude from default read scope.
docs/reports/task_601_1_candidate_funnel_implementation/task_601_1_decision.csv,docs,.csv,345,HISTORICAL_REPORT,KEEP_OR_ARCHIVE_REVIEW,MEDIUM,Historical report evidence; exclude from default read scope.
docs/reports/task_601_2_concentration_forensics/concentration_metrics.csv,docs,.csv,190,HISTORICAL_REPORT,KEEP_OR_ARCHIVE_REVIEW,MEDIUM,Historical report evidence; exclude from default read scope.
docs/reports/task_601_2_concentration_forensics/concentration_rootcause.csv,docs,.csv,988,HISTORICAL_REPORT,KEEP_OR_ARCHIVE_REVIEW,MEDIUM,Historical report evidence; exclude from default read scope.
docs/reports/task_601_2_concentration_forensics/concentration_rootcause.md,docs,.md,1116,HISTORICAL_REPORT,KEEP_OR_ARCHIVE_REVIEW,MEDIUM,Historical report evidence; exclude from default read scope.
docs/reports/task_601_2_concentration_forensics/symbol_stage_counts.csv,docs,.csv,179,HISTORICAL_REPORT,KEEP_OR_ARCHIVE_REVIEW,MEDIUM,Historical report evidence; exclude from default read scope.
docs/reports/task_601_2_concentration_forensics/task_601_2_decision.csv,docs,.csv,367,HISTORICAL_REPORT,KEEP_OR_ARCHIVE_REVIEW,MEDIUM,Historical report evidence; exclude from default read scope.
docs/reports/task_601_2_concentration_forensics/top_symbol_report.md,docs,.md,781,HISTORICAL_REPORT,KEEP_OR_ARCHIVE_REVIEW,MEDIUM,Historical report evidence; exclude from default read scope.
docs/reports/task_601_3_portfolio_selection_layer/portfolio_selection_audit.md,docs,.md,2856,HISTORICAL_REPORT,KEEP_OR_ARCHIVE_REVIEW,MEDIUM,Historical report evidence; exclude from default read scope.
docs/reports/task_601_3_portfolio_selection_layer/portfolio_selection_decisions.csv,docs,.csv,682685,HISTORICAL_REPORT,KEEP_OR_ARCHIVE_REVIEW,MEDIUM,Historical report evidence; exclude from default read scope.
docs/reports/task_601_3_portfolio_selection_layer/portfolio_selection_metrics.csv,docs,.csv,585,HISTORICAL_REPORT,KEEP_OR_ARCHIVE_REVIEW,MEDIUM,Historical report evidence; exclude from default read scope.
docs/reports/task_601_3_portfolio_selection_layer/selected_portfolio_candidates.csv,docs,.csv,10123,HISTORICAL_REPORT,KEEP_OR_ARCHIVE_REVIEW,MEDIUM,Historical report evidence; exclude from default read scope.
docs/reports/task_601_3_portfolio_selection_layer/task_601_3_decision.csv,docs,.csv,438,HISTORICAL_REPORT,KEEP_OR_ARCHIVE_REVIEW,MEDIUM,Historical report evidence; exclude from default read scope.
docs/reports/task_601_4_concentration_stability/concentration_before_after_metrics.csv,docs,.csv,270,HISTORICAL_REPORT,KEEP_OR_ARCHIVE_REVIEW,MEDIUM,Historical report evidence; exclude from default read scope.
docs/reports/task_601_4_concentration_stability/concentration_recent_window_metrics.csv,docs,.csv,339,HISTORICAL_REPORT,KEEP_OR_ARCHIVE_REVIEW,MEDIUM,Historical report evidence; exclude from default read scope.
docs/reports/task_601_4_concentration_stability/concentration_session_metrics.csv,docs,.csv,414,HISTORICAL_REPORT,KEEP_OR_ARCHIVE_REVIEW,MEDIUM,Historical report evidence; exclude from default read scope.
docs/reports/task_601_4_concentration_stability/concentration_stability_report.md,docs,.md,2796,HISTORICAL_REPORT,KEEP_OR_ARCHIVE_REVIEW,MEDIUM,Historical report evidence; exclude from default read scope.
docs/reports/task_601_4_concentration_stability/task_601_4_decision.csv,docs,.csv,594,HISTORICAL_REPORT,KEEP_OR_ARCHIVE_REVIEW,MEDIUM,Historical report evidence; exclude from default read scope.
docs/reports/task_602_0_replay_acceptance_contract/task_602_0_decision.csv,docs,.csv,259,HISTORICAL_REPORT,KEEP_OR_ARCHIVE_REVIEW,MEDIUM,Historical report evidence; exclude from default read scope.
docs/reports/task_602_1_replay_acceptance_implementation/paper_replay_acceptance_report.md,docs,.md,1248,HISTORICAL_REPORT,KEEP_OR_ARCHIVE_REVIEW,MEDIUM,Historical report evidence; exclude from default read scope.
docs/reports/task_602_1_replay_acceptance_implementation/replay_diff.csv,docs,.csv,862,HISTORICAL_REPORT,KEEP_OR_ARCHIVE_REVIEW,MEDIUM,Historical report evidence; exclude from default read scope.
docs/reports/task_602_1_replay_acceptance_implementation/replay_validation.csv,docs,.csv,210,HISTORICAL_REPORT,KEEP_OR_ARCHIVE_REVIEW,MEDIUM,Historical report evidence; exclude from default read scope.
docs/reports/task_602_1_replay_acceptance_implementation/replay_validation.md,docs,.md,396,HISTORICAL_REPORT,KEEP_OR_ARCHIVE_REVIEW,MEDIUM,Historical report evidence; exclude from default read scope.
docs/reports/task_602_1_replay_acceptance_implementation/task_602_1_decision.csv,docs,.csv,274,HISTORICAL_REPORT,KEEP_OR_ARCHIVE_REVIEW,MEDIUM,Historical report evidence; exclude from default read scope.
docs/reports/task_602_2_position_replay_root_cause/position_replay_diff.csv,docs,.csv,3474,HISTORICAL_REPORT,KEEP_OR_ARCHIVE_REVIEW,MEDIUM,Historical report evidence; exclude from default read scope.
docs/reports/task_602_2_position_replay_root_cause/position_replay_failure_report.md,docs,.md,1230,HISTORICAL_REPORT,KEEP_OR_ARCHIVE_REVIEW,MEDIUM,Historical report evidence; exclude from default read scope.
docs/reports/task_602_2_position_replay_root_cause/position_replay_rootcause_summary.csv,docs,.csv,718,HISTORICAL_REPORT,KEEP_OR_ARCHIVE_REVIEW,MEDIUM,Historical report evidence; exclude from default read scope.
docs/reports/task_602_2_position_replay_root_cause/task_602_2_decision.csv,docs,.csv,337,HISTORICAL_REPORT,KEEP_OR_ARCHIVE_REVIEW,MEDIUM,Historical report evidence; exclude from default read scope.
docs/reports/task_602_3_position_reconstruction_engine/position_replay_acceptance_report.md,docs,.md,1050,HISTORICAL_REPORT,KEEP_OR_ARCHIVE_REVIEW,MEDIUM,Historical report evidence; exclude from default read scope.
docs/reports/task_602_3_position_reconstruction_engine/position_replay_diff.csv,docs,.csv,590,HISTORICAL_REPORT,KEEP_OR_ARCHIVE_REVIEW,MEDIUM,Historical report evidence; exclude from default read scope.
docs/reports/task_602_3_position_reconstruction_engine/position_replay_validation.csv,docs,.csv,224,HISTORICAL_REPORT,KEEP_OR_ARCHIVE_REVIEW,MEDIUM,Historical report evidence; exclude from default read scope.
docs/reports/task_602_3_position_reconstruction_engine/reconstructed_positions.csv,docs,.csv,6433,HISTORICAL_REPORT,KEEP_OR_ARCHIVE_REVIEW,MEDIUM,Historical report evidence; exclude from default read scope.
docs/reports/task_602_3_position_reconstruction_engine/task_602_3_decision.csv,docs,.csv,420,HISTORICAL_REPORT,KEEP_OR_ARCHIVE_REVIEW,MEDIUM,Historical report evidence; exclude from default read scope.
docs/reports/task_602_4_order_replay_recovery/order_replay_acceptance_report.md,docs,.md,2582,HISTORICAL_REPORT,KEEP_OR_ARCHIVE_REVIEW,MEDIUM,Historical report evidence; exclude from default read scope.
docs/reports/task_602_4_order_replay_recovery/order_replay_diff.csv,docs,.csv,666,HISTORICAL_REPORT,KEEP_OR_ARCHIVE_REVIEW,MEDIUM,Historical report evidence; exclude from default read scope.
docs/reports/task_602_4_order_replay_recovery/order_replay_gap_report.md,docs,.md,3356,HISTORICAL_REPORT,KEEP_OR_ARCHIVE_REVIEW,MEDIUM,Historical report evidence; exclude from default read scope.
docs/reports/task_602_4_order_replay_recovery/order_replay_validation.csv,docs,.csv,222,HISTORICAL_REPORT,KEEP_OR_ARCHIVE_REVIEW,MEDIUM,Historical report evidence; exclude from default read scope.
docs/reports/task_602_4_order_replay_recovery/reconstructed_orders.csv,docs,.csv,12998,HISTORICAL_REPORT,KEEP_OR_ARCHIVE_REVIEW,MEDIUM,Historical report evidence; exclude from default read scope.
docs/reports/task_602_4_order_replay_recovery/task_602_4_decision.csv,docs,.csv,487,HISTORICAL_REPORT,KEEP_OR_ARCHIVE_REVIEW,MEDIUM,Historical report evidence; exclude from default read scope.
docs/reports/task_603_1_registry_backed_readiness_consumption/readiness_registry_consumption_audit.csv,docs,.csv,416,HISTORICAL_REPORT,KEEP_OR_ARCHIVE_REVIEW,MEDIUM,Historical report evidence; exclude from default read scope.
docs/reports/task_603_1_registry_backed_readiness_consumption/readiness_registry_payload.json,docs,.json,8167,HISTORICAL_REPORT,KEEP_OR_ARCHIVE_REVIEW,MEDIUM,Historical report evidence; exclude from default read scope.
docs/reports/task_603_1_registry_backed_readiness_consumption/task_603_1_decision.csv,docs,.csv,315,HISTORICAL_REPORT,KEEP_OR_ARCHIVE_REVIEW,MEDIUM,Historical report evidence; exclude from default read scope.
docs/reports/task_603_1_registry_backed_readiness_consumption/task_603_1_registry_backed_readiness_consumption.md,docs,.md,1207,HISTORICAL_REPORT,KEEP_OR_ARCHIVE_REVIEW,MEDIUM,Historical report evidence; exclude from default read scope.
docs/reports/task_603_6_acceptance_promotion_program/program_a_broker_truth/broker_fill_coverage_report.md,docs,.md,1021,HISTORICAL_REPORT,KEEP_OR_ARCHIVE_REVIEW,MEDIUM,Historical report evidence; exclude from default read scope.
docs/reports/task_603_6_acceptance_promotion_program/program_a_broker_truth/broker_trade_lineage.csv,docs,.csv,6577,HISTORICAL_REPORT,KEEP_OR_ARCHIVE_REVIEW,MEDIUM,Historical report evidence; exclude from default read scope.
docs/reports/task_603_6_acceptance_promotion_program/program_a_broker_truth/broker_trade_lineage_diagnostics.csv,docs,.csv,9235,HISTORICAL_REPORT,KEEP_OR_ARCHIVE_REVIEW,MEDIUM,Historical report evidence; exclude from default read scope.
docs/reports/task_603_6_acceptance_promotion_program/program_a_broker_truth/broker_trade_lineage_report.md,docs,.md,1214,HISTORICAL_REPORT,KEEP_OR_ARCHIVE_REVIEW,MEDIUM,Historical report evidence; exclude from default read scope.
docs/reports/task_603_6_acceptance_promotion_program/program_a_broker_truth/broker_trade_lineage_summary.csv,docs,.csv,480,HISTORICAL_REPORT,KEEP_OR_ARCHIVE_REVIEW,MEDIUM,Historical report evidence; exclude from default read scope.
docs/reports/task_603_6_acceptance_promotion_program/program_a_broker_truth/broker_trade_lineage_validation.csv,docs,.csv,563,HISTORICAL_REPORT,KEEP_OR_ARCHIVE_REVIEW,MEDIUM,Historical report evidence; exclude from default read scope.
docs/reports/task_603_6_acceptance_promotion_program/program_a_broker_truth/broker_truth_sell_sources.csv,docs,.csv,187,HISTORICAL_REPORT,KEEP_OR_ARCHIVE_REVIEW,MEDIUM,Historical report evidence; exclude from default read scope.
docs/reports/task_603_6_acceptance_promotion_program/program_b_entry_risk/entry_risk_snapshot_report.md,docs,.md,1909,HISTORICAL_REPORT,KEEP_OR_ARCHIVE_REVIEW,MEDIUM,Historical report evidence; exclude from default read scope.
docs/reports/task_603_6_acceptance_promotion_program/program_b_entry_risk/stop_tp_coverage_report.md,docs,.md,1718,HISTORICAL_REPORT,KEEP_OR_ARCHIVE_REVIEW,MEDIUM,Historical report evidence; exclude from default read scope.
docs/reports/task_603_6_acceptance_promotion_program/program_c_replay_completeness/replay_completeness_report.md,docs,.md,1483,HISTORICAL_REPORT,KEEP_OR_ARCHIVE_REVIEW,MEDIUM,Historical report evidence; exclude from default read scope.
docs/reports/task_603_6_acceptance_promotion_program/program_c_replay_completeness/replay_completeness_validation.csv,docs,.csv,801,HISTORICAL_REPORT,KEEP_OR_ARCHIVE_REVIEW,MEDIUM,Historical report evidence; exclude from default read scope.
docs/reports/task_603_6_acceptance_promotion_program/program_c_replay_completeness/replay_gap_breakdown.csv,docs,.csv,716,HISTORICAL_REPORT,KEEP_OR_ARCHIVE_REVIEW,MEDIUM,Historical report evidence; exclude from default read scope.
docs/reports/task_603_6_acceptance_promotion_program/program_c_replay_completeness/replay_gap_breakdown.md,docs,.md,1041,HISTORICAL_REPORT,KEEP_OR_ARCHIVE_REVIEW,MEDIUM,Historical report evidence; exclude from default read scope.
docs/reports/task_603_6_acceptance_promotion_program/program_c_replay_completeness/task_603_6_decision.csv,docs,.csv,599,HISTORICAL_REPORT,KEEP_OR_ARCHIVE_REVIEW,MEDIUM,Historical report evidence; exclude from default read scope.
docs/reports/task_603_6_acceptance_promotion_program/program_e_acceptance_gate/acceptance_gate_blockers.csv,docs,.csv,112,HISTORICAL_REPORT,KEEP_OR_ARCHIVE_REVIEW,MEDIUM,Historical report evidence; exclude from default read scope.
docs/reports/task_603_6_acceptance_promotion_program/program_e_acceptance_gate/acceptance_gate_report.md,docs,.md,1338,HISTORICAL_REPORT,KEEP_OR_ARCHIVE_REVIEW,MEDIUM,Historical report evidence; exclude from default read scope.
docs/reports/task_603_6_acceptance_promotion_program/program_e_acceptance_gate/acceptance_gate_validation.csv,docs,.csv,381,HISTORICAL_REPORT,KEEP_OR_ARCHIVE_REVIEW,MEDIUM,Historical report evidence; exclude from default read scope.
docs/reports/task_603_6_acceptance_promotion_program/program_e_acceptance_gate/task_603_6_decision.csv,docs,.csv,286,HISTORICAL_REPORT,KEEP_OR_ARCHIVE_REVIEW,MEDIUM,Historical report evidence; exclude from default read scope.
docs/reports/task_603_registry_consumption_audit/task_603_decision.csv,docs,.csv,247,HISTORICAL_REPORT,KEEP_OR_ARCHIVE_REVIEW,MEDIUM,Historical report evidence; exclude from default read scope.
docs/reports/task_603_registry_consumption_audit/task_603_findings.csv,docs,.csv,1550,HISTORICAL_REPORT,KEEP_OR_ARCHIVE_REVIEW,MEDIUM,Historical report evidence; exclude from default read scope.
docs/reports/task_603_registry_consumption_audit/task_603_registry_consumption_audit.md,docs,.md,5092,HISTORICAL_REPORT,KEEP_OR_ARCHIVE_REVIEW,MEDIUM,Historical report evidence; exclude from default read scope.
docs/reports/task_604_three_day_feedback_remediation_plan/blocker_dependency_chain.csv,docs,.csv,2468,HISTORICAL_REPORT,KEEP_OR_ARCHIVE_REVIEW,MEDIUM,Historical report evidence; exclude from default read scope.
docs/reports/task_604_three_day_feedback_remediation_plan/daily_closeout_checklist.csv,docs,.csv,1348,HISTORICAL_REPORT,KEEP_OR_ARCHIVE_REVIEW,MEDIUM,Historical report evidence; exclude from default read scope.
docs/reports/task_604_three_day_feedback_remediation_plan/task_604_decision.csv,docs,.csv,298,HISTORICAL_REPORT,KEEP_OR_ARCHIVE_REVIEW,MEDIUM,Historical report evidence; exclude from default read scope.
docs/reports/task_604_three_day_feedback_remediation_plan/task_604_three_day_feedback_remediation_plan.md,docs,.md,6376,HISTORICAL_REPORT,KEEP_OR_ARCHIVE_REVIEW,MEDIUM,Historical report evidence; exclude from default read scope.
docs/reports/task_604_three_day_feedback_remediation_plan/team_remediation_board.csv,docs,.csv,4787,HISTORICAL_REPORT,KEEP_OR_ARCHIVE_REVIEW,MEDIUM,Historical report evidence; exclude from default read scope.
docs/reports/task_obsidian_vault_application/task_obsidian_vault_application.md,docs,.md,3162,HISTORICAL_REPORT,KEEP_OR_ARCHIVE_REVIEW,MEDIUM,Historical report evidence; exclude from default read scope.
docs/reports/task_result_reporting_framework.md,docs,.md,4602,HISTORICAL_REPORT,KEEP_OR_ARCHIVE_REVIEW,MEDIUM,Historical report evidence; exclude from default read scope.
graphify-out/GRAPH_REPORT.md,graphify-out,.md,35600,STALE_DISCOVERY_OUTPUT,ARCHIVE_REVIEW,MEDIUM,Stale Graphify output; archive or regenerate after reference plan.
graphify-out/graph.html,graphify-out,.html,2442710,STALE_DISCOVERY_OUTPUT,ARCHIVE_REVIEW,MEDIUM,Stale Graphify output; archive or regenerate after reference plan.
graphify-out/graph.json,graphify-out,.json,3558823,STALE_DISCOVERY_OUTPUT,ARCHIVE_REVIEW,MEDIUM,Stale Graphify output; archive or regenerate after reference plan.
graphify-out/graph_labeled.html,graphify-out,.html,2442710,STALE_DISCOVERY_OUTPUT,ARCHIVE_REVIEW,MEDIUM,Stale Graphify output; archive or regenerate after reference plan.
